location_tag,raw_material
a_keis,wild_game
a_taw_bun_kut_en,fish
aa_kw,fur
aabenraa,legumes
aaboukingon,legumes
aachen,tin
aahkawiraahkata,wild_game
aahkawirahkata,wild_game
aakhoe,ivory
aaku,maize
aalborg,livestock
aalst,legumes
aankwaahsakwa,maize
aarau,legumes
aarhus,legumes
aashbikkaashee,lumber
aashbiliihkupe,lumber
aashise,wild_game
aays,fruit
aba_al_qur,livestock
abacoa,cotton
abadan,wheat
abadeh,legumes
abadeh_tashk,livestock
abaga,fish
abagaita,legumes
abaiang_atoll,salt
abakasnk,lumber
abala,livestock
abalak,livestock
abalessa,sand
aban,lumber
abare_i,fiber_crops
abarkuh,cotton
abashiri,millet
abau,wild_game
abbeville,salt
abdanan,horses
abdas,clay
abdulino,wheat
abe,goods_gold
abemama_atoll,fish
abengourou,saffron
aberdeen,horses
aberfeldy,livestock
aberystwyth,silver
abesehir,livestock
abha,wheat
abhar,fruit
abihka,medicaments
abil,wheat
abimatinu,lumber
abingdon,wool
abisko,stone
abitau,fur
abiward,legumes
abiy_addi,wheat
abiz,fruit
abo,wheat
abomey,saffron
abong,wild_game
aborlan,stone
abrahamtelke,saltpeter
abu,goods_gold
abu_dhabi,pearls
abu_hamed,sand
abu_kemal,livestock
abu_qasr,fruit
abu_rakah,livestock
abun,fruit
aburra,maize
abuta,salt
abutua,salt
abyy,fur
acambaro,lumber
acanti,fish
acaponeta,dyes
acarau,fiber_crops
acari,salt
acasaguastlan,maize
acatic,beeswax
acayucan,fiber_crops
accomac,fish
accra,fish
acerenza,beeswax
achacachi,potato
achachiwa,silver
achaivayam,ivory
achaka,wild_game
acham,wild_game
achan,millet
achava,ivory
achen,fish
achikamii,wild_game
achim,millet
achit_nuur,silver
acholi,livestock
achomawi,copper
aco,livestock
aconca_hue,potato
aconchi,lumber
aconquija,maize
acoroazes,wild_game
acqui,fruit
acre,sugar
acroas,lumber
acteon,fruit
acuera,lumber
ad_dawasir,camels
ad_dilam,camels
ad_disah,livestock
ad_dughmiyah,wheat
adachi,rice
adachi_kanto,beeswax
adakli,iron
adalaga,wool
adan,sugar
adana,olives
adanki,millet
adare,salt
addu_atoll,fish
adena,lumber
adeqiu,livestock
aderbissinat,livestock
adham,wheat
adigrat,iron
adilabad,fruit
adirondacks,fiber_crops
adixoodagoorahareesh,maize
adjud,beeswax
adlur,clay
ado_ekiti,legumes
adoni,clay
adony,livestock
adra,sugar
adrada,beeswax
adranos,stone
adrar,fruit
adraskan,beeswax
adshusheer,wild_game
aduma,lumber
adwa,legumes
adyukh,stone
adyumba,lumber
adzera,beeswax
aekyom,lumber
aerzhai,livestock
afade,millet
afanasyevo,wild_game
afif,fruit
afikpo,livestock
afmadow,millet
afrera,salt
afrin,lumber
afsin,horses
afso,horses
aga,livestock
agadem,alum
agadez,livestock
agadir,wheat
agaes,legumes
agai_ticutta,fur
agaidika,lumber
agar,stone
agaro,coffee
agartala,sugar
agatsuma,wild_game
agawa,lumber
agawa_superior,fish
agawam,clay
agayakan,wild_game
agbonle,iron
agde,wine
agdez,wool
agen,horses
agh_qala,fiber_crops
agham_kot,cotton
aghkand,wheat
aghmat,iron
agikuyu,stone
agnam_civol,millet
agno,medicaments
agob,fish
agoo,iron
agordat,millet
agori,rice
agouasaque,legumes
agra,silk
agramunt,wheat
agreda,iron
agror,iron
agsu,legumes
aguacadiba,beeswax
aguacana,wild_game
aguacay,fruit
aguanish,fur
aguasabon,medicaments
aguere,dyes
aguiar,tin
aguilar_de_campoo,stone
agula,wheat
agulhas,fruit
aguyaq,fish
aguz,wheat
agvituk,fish
agw_aneq,fur
agwarmin,fiber_crops
aha_macav,wild_game
ahar,cotton
ahaus,livestock
ahe,lumber
ahel,fruit
aheri,wild_game
aheyya_fagg,lumber
ahkwesasne,fruit
ahkwesasne_ny,maize
ahlat,silk
ahmad_khan,wool
ahmednagar,cotton
ahna_wate,lumber
ahobalam,dyes
ahome,maize
ahouenro,fiber_crops
ahrweiler,wild_game
ahsenisiipi,legumes
ahtopol,iron
ahuacatlan,maize
ahuilizapan,beeswax
ahurei,legumes
ahuya_yari,fish
ahvaz,sugar
ahwar,incense
ahwendoe,fish
ai_ais,fish
aichi,rice
aignay,lumber
aigun,millet
aikana,legumes
aikhal,wild_game
aikou,rice
ailinglaplap_atoll,fruit
aillik,fur
ailuk_atoll,fish
aim_maia,copper
aim_mocoylek,wild_game
aimangala,legumes
aimchan,goods_gold
aimi,fish
aimore,fish
ain_farah,millet
ain_galaka,sand
ain_madhi,millet
ain_salah,sand
ain_sefra,millet
ainsa,lumber
ainu_nik,lumber
air_hitam,fish
airag_nuur,clay
aire,wine
ais,fish
ait_benhaddou,wool
ait_daoud,olives
aita,lumber
aitbulat,livestock
aitutaki_atoll,lumber
aiud,mercury
aivitok,fish
aiwanj,livestock
aix_en_provence,salt
aixe,lumber
aizkraukle,fiber_crops
ajaccio,wool
ajanas,stone
ajara,pepper
ajase,lumber
ajawewesitagun,lumber
ajayameru,wild_game
ajdabiya,fruit
ajehuac_yana,lumber
ajie,lumber
ajim,fruit
ajmer,copper
aju,beeswax
ajuchitlan,stone
aka,iron
akamba,wild_game
akan_loc,livestock
akana,tin
akaray,lumber
akaroa,fish
akashi,fish
akbarpur,silk
akcasehir,fish
akdagmadeni,iron
akei,fruit
akhalkalaki,livestock
akhaltsikhe,wheat
akhisar,wine
akhmim,cotton
akhsikath,iron
akhsisek,millet
akhtar,salt
aki,fish
aki_shikoku,beeswax
akilasiewakik,fish
akilonda,wild_game
akimel_oodham,maize
akimiski,fish
akinka_nup,lumber
akinkumasnuqit,lumber
akishma,stone
akisq_nuk,stone
akita,silver
akita_kumamoto,fiber_crops
akjoujt,copper
akkajaur,lumber
akkala,livestock
akkesene,livestock
akkeshi,fish
akkol,livestock
akkus,wild_game
aklan,lumber
aklaviq,fur
aklera,cotton
aknuq_uk,lumber
akokpaq,fur
akola,fruit
akonolinga,lumber
akora,wild_game
akou,salt
akre,fruit
akropong,fish
aksaray,alum
aksay,horses
aksay_pointic,livestock
aksehir,clay
aksu,cotton
aksumbe,wild_game
aktas_kystagy,livestock
akto,livestock
akure,cotton
akureyri,lumber
akuugun,fish
akwaala,fish
akwatia,gems
akwe,legumes
akwen,fiber_crops
akyab,lumber
akyazi,silk
al_abala,copper
al_abwa,legumes
al_aflaj,livestock
al_ahmar,iron
al_ahsa,rice
al_ais,stone
al_ajfar,wheat
al_amlah,wheat
al_amwah,wheat
al_anbar,wheat
al_arah,fish
al_ayn,wheat
al_ayn_khaybar,livestock
al_aythamah,fruit
al_azlam,fish
al_bab,wheat
al_bad,fruit
al_baharah,wheat
al_bayda,fruit
al_bayda_yemen,legumes
al_bidda,fruit
al_bijadiyah,livestock
al_bleiteh,wheat
al_burud,wheat
al_dhaid,fish
al_farah_ula,legumes
al_fuqarah,fruit
al_furaish,livestock
al_ghat,fruit
al_ghazalah,fruit
al_ghrabah,camels
al_ghulayfiqah,fish
al_haddar,fruit
al_hadhah,wheat
al_hajr,livestock
al_hamad,camels
al_haqu,fruit
al_harjah,camels
al_harrah,livestock
al_hawra,fruit
al_hegrieah,wheat
al_hinakiyah,livestock
al_hirda,fish
al_hisu,livestock
al_hufayr,fruit
al_hufayrah,fruit
al_hunayy,livestock
al_husayniyah,wheat
al_huwaila,pearls
al_huwayyit,fruit
al_jar,wheat
al_jawf,fruit
al_jeblien,sand
al_jubayl,fish
al_juhfah,fish
al_jumum,legumes
al_kadwa,cotton
al_kamil_wal_wafi,fruit
al_khaburah,wheat
al_khadra,fish
al_khadra_ALG,olives
al_khanbarah,wheat
al_kharabah,fruit
al_khosuf,fruit
al_khuimat,lumber
al_khums,fruit
al_khuraybah,livestock
al_kuwayra,fish
al_labbah,livestock
al_laghfiyyah,fruit
al_lith,clay
al_luhayyah,fish
al_madar,fiber_crops
al_maddah,livestock
al_mafalis,wheat
al_maghib,fruit
al_mahani,legumes
al_mahjal,camels
al_majazah,fruit
al_majmaah,livestock
al_mamtir,fiber_crops
al_mandab,pearls
al_manjur,wheat
al_maramiyah,wheat
al_mardamah,camels
al_marwa,wheat
al_mashqar,wheat
al_maslum,livestock
al_matamma,livestock
al_mazamma,cotton
al_mima,rice
al_mithnab,livestock
al_muazzam,camels
al_mukalla,incense
al_mukha,coffee
al_mundassah,fruit
al_muthainiyah,fruit
al_muwaylih,fruit
al_qaiyah,fruit
al_qara,fruit
al_qatif,pearls
al_qatr,rice
al_qunfudhah,fruit
al_quway,camels
al_quwayrah,wool
al_rusayrisi,livestock
al_shihr,incense
al_shuqayq,sugar
al_sinn,clay
al_sirrayn,fish
al_suman,fruit
al_thamad,livestock
al_thulayma,fruit
al_tib,wheat
al_tiz,fish
al_udayb,livestock
al_udayd,clay
al_udhaim,wool
al_ukhaydir,fruit
al_ula,fruit
al_uqayr,fish
al_uyayna,livestock
al_wajh,fish
al_waqbi,livestock
al_yamamah,fruit
alagadyan,wild_game
alaiye,marble
alakol,fur
alakurti,wild_game
alamamas,sand
alamance,stone
alamarvdasht,livestock
alamganj,silk
alapaha,maize
alapahoochee,legumes
alapayevsk,fur
alarcon,livestock
alasehir,silk
alashakhan,horses
alat,millet
alatyr,wheat
alausi,maize
alaverdi,wool
alawa,copper
alays,millet
alazapa,wild_game
alba,beeswax
alba_de_aliste,beeswax
alba_de_tormes,wheat
alba_iulia,salt
albacete,fruit
albarracin,iron
albenga,lumber
albi,lead
albo,wild_game
albreda,fish
albuquerque,livestock
alcacer_do_sal,salt
alcala_de_henares,livestock
alcanices,livestock
alcaniz,alum
alcantara,legumes
alcaraz,legumes
alcazar_de_san_juan,saltpeter
alchan,fur
alcobaca,olives
alcoy,lumber
aldan,goods_gold
alencon,wool
aleppo,cotton
aleria,fish
ales,wool
aleshtar,wheat
alessandria,wheat
alexandria,salt
alexandrov_gay,livestock
alexandrovskaya_sloboda,lumber
alexandrovskoye,livestock
alexeyevka,wheat
alexeyevskaya,livestock
alfambra,saffron
alfeld,lead
alfenas,clay
alferovskaya,fur
alfta,lumber
algeciras,fish
alghero,wheat
algiers,dyes
alhambra_location,livestock
ali_sabieh,fruit
aliabad_katul,lumber
alicante,fruit
aligurdaz,iron
alii,wild_game
alikovo,fur
alinchak,fur
alirajpur,millet
alishang,stone
aliskerovo,fur
alkalawa,rice
alkhan_kala,livestock
alkmaar,fish
allagash,fur
allakaket,fur
allegheny,coal
allegre,wool
allingsas,millet
allpas,tin
alluyes,fiber_crops
almaden,mercury
almalik_chach,iron
almaliq,wheat
almanzora,marble
almaty,wheat
almazan,livestock
almenara,beeswax
almenevo,wild_game
almeria,fiber_crops
almetyevsk,wheat
almodovar_del_campo,wool
almonaster_la_real,copper
almora,wild_game
almudevar,wheat
almunecar,fish
alnwick,wool
alpo_wa,wild_game
alpowna,lumber
alpu,legumes
alsfeld,livestock
alsigontekw,wild_game
alstahaug,fish
alta,wild_game
altafjord,wild_game
altaikha,wild_game
altamaha,clay
altamura,olives
altan_gadas,fiber_crops
altayn_ovor_gobi,wild_game
altayskoye,fur
altdorf,livestock
altena,iron
altenburg,fiber_crops
altenkirchen,lead
altinekin,horses
altintas,wild_game
altit,wool
altun_ha,fruit
altun_kupri,wool
altyntobe,wheat
altyshevo,lumber
alubera,fish
aluksne,fur
alula,incense
alura,lumber
aluri,wild_game
aluutashe,wild_game
alvalade,livestock
alvastra,millet
alvdal,lumber
alvito,beeswax
alvsby,wild_game
alwar,wild_game
alxa,livestock
aly_kyuyel,wild_game
alyanbulag,millet
alymdya,wild_game
alysardakh,wild_game
alytus,lumber
am_dam,wild_game
am_djemena,livestock
amabe,tin
amadiya,wool
amadjuak,fish
amaga,marble
amahami,legumes
amaigbo,saffron
amaimon,livestock
amakusa,fish
amal,wild_game
amalik,fish
amalyk,goods_gold
amami_ooshima,pearls
amangu,wild_game
amaravati,lumber
amarbayas_galang,livestock
amarendrapura,salt
amargosa,wild_game
amarkantak,elephants
amasipukwek,fish
amasra,fruit
amassing,cloves
amasya,horses
amaticoztitlan,mercury
amaxacotlan,chili
amaye,lumber
amazar,goods_gold
ambaca,wheat
ambae,fruit
ambagarh,wild_game
ambalanjakomby,lumber
ambam,wild_game
ambarchik,ivory
ambat,wheat
ambatomanoina,iron
ambatondrazaka,rice
amber_loc,copper
amberd,livestock
amberg,iron
ambikapur,iron
ambilobe,sugar
amblu_kai,lumber
ambohidray,rice
amboim,copper
amboise,fruit
ambolosy,lumber
ambositra,stone
ambovontany,livestock
ambraw,fruit
ambriz,fish
ambrizete,lumber
ambrym,fruit
ambuila,livestock
amchok,stone
amdoukal,camels
ameca,maize
amedichi,wild_game
amergo,cotton
amersfoort,fruit
amesbury,wool
ameskour,stone
amet,silver
amga,fur
amguema,wild_game
amgun,fur
ami,cotton
amiens,dyes
amintonck,fish
amiq,fish
amis,millet
amisk,lumber
amisk_sakahikan,wild_game
amisk_sipi,lumber
amiskwaciwiy,fiber_crops
amkoe,salt
amli,lumber
amman,legumes
ammonoosuc,wild_game
ammoscongon,lumber
amnye_machen,wild_game
amol,silk
amol_turkmenabad,cotton
amollan,gems
amoltepec,copper
amomegosode,lumber
amonokoa,fiber_crops
amora_gadal,sugar
amorgos,silk
amoskeag,lumber
amot,lumber
amoyeli_gunahita,wild_game
amoyescheck,lumber
ampotaka,clay
amqui,wild_game
amrabad,legumes
amravati,livestock
amreli,alum
amsterdam,livestock
amstetten,fruit
amtogor,wild_game
amud,camels
amulaca,ivory
amundava,beeswax
amurang,goods_gold
amyint,fruit
an_nabhaniyah,livestock
an_nakhil,legumes
an_nasifah,fruit
an_nibaj,livestock
an_nil,horses
an_nuhaytiyyah,livestock
an_nuqrah,goods_gold
anaa,fur
anabar,fish
anace,salt
anaco,lumber
anacopia,livestock
anacostia,tobacco
anadyr_river,wild_game
anadyr_trail,wild_game
anagance,fur
anagni,livestock
anah,fruit
anais,wild_game
anajas,lumber
anak,fish
anaklia,fiber_crops
anakovik,ivory
anambas_islands,fish
anambe,lumber
anamur,lumber
anana,salt
ananatuba,fish
ananiv,wool
anantapur,fiber_crops
anar,legumes
anarak,livestock
anardara,stone
anasagunticook,fur
anavarza,saffron
anavik,wool
anaya,fish
anbang,lumber
anbian,livestock
anchau,rice
anchun,wheat
ancona,fish
ancuase,sugar
ancud,legumes
andaki,cotton
andar,clay
andarab,wheat
andarai,goods_gold
andastoerrhonon,lumber
andasy_merine,livestock
andawaohie,legumes
andaymarca,cotton
ande,legumes
andechs,millet
andegerebenha,fiber_crops
anderson,coal
andevoranto,saffron
andijan,cotton
andika,wild_game
andimeshk,cotton
anding,millet
anding_mashan,lumber
anding_suzhou,stone
andkhoy,wheat
andolo,millet
andomsky_pogost,fish
andong,livestock
andong_huaian,wheat
andorra_la_vella,livestock
andranoboka,rice
andranomavo,livestock
andranosoa,fruit
andravida,wine
andreapol,lumber
andria,marble
andritsaina,fruit
andros,iron
androscoggin,fur
andryushkino,fur
andujar,clay
anecho,fish
anegada,cotton
anegandi,stone
aneityum,salt
anelo,fiber_crops
anew,fruit
anfa,wheat
anfu_jian,stone
anfu_li,rice
angadippuram,fruit
angamacutiro,lumber
angastaco,goods_gold
angelokastron,fish
angermunde,lumber
angers,legumes
anggamudi,fish
angkor,rice
angkor_borei,fruit
angkor_knong,incense
anglesey,stone
angoche,fish
angoram,fruit
angouleme,beeswax
angoya,lumber
angra,fish
angualasto,goods_gold
angul,rice
anguthimri,fish
angwa,millet
anhandui,wild_game
anhayca,fish
anhialo,salt
anhua,tea
anhua_anhua,lumber
anhua_huanjiang,lumber
ani,wheat
ani_south,fish
aniakchak,fish
anigiduwagi,wild_game
anilco,legumes
anipitapiskow,lumber
aniyutsi,fur
anji,tea
anju_nurgan,sand
anjuj_river,wild_game
anka,ivory
ankara,wool
ankavandra,livestock
ankazobe,wild_game
anklam,livestock
ankober,beeswax
ankoro,wild_game
anlong,wheat
anlu,rice
ann,rice
anna_russia,livestock
annaba,iron
annaburg,legumes
annan,livestock
annecy,livestock
anning,salt
anoixi,fiber_crops
anomansah,fish
anping,wheat
anqiu,pepper
anren,tea
anren_raozhou,rice
ansai,legumes
ansbach,wool
anseba,livestock
anso,fiber_crops
ansongo,rice
ansu,livestock
antabamba,lead
antalaha,fruit
antalo,legumes
antalya,wine
antananarivo,lumber
antequera,horses
antetikala,fish
anticosti,fish
antietam,fur
antigonish,lumber
antinir_pilquinan,copper
antioch,silk
antofagasta,salt
antofalla,iron
antsiroamandidy,livestock
antsohihy,fruit
antwerp,livestock
anula,fish
anumagallu,wild_game
anundsjo,lumber
anunsu,goods_gold
anupgarh,sand
anuradhapura,beeswax
anxi,tea
anxi_dingzhou,legumes
anxiang,rice
anyang,marble
anyi,rice
anyksciai,fur
anyuan,stone
anyuan_dingnan,tea
anyuan_lianzhou,fish
anyue,fruit
anyuysk,wild_game
anzhou,livestock
anzourou,livestock
aoe,livestock
aonin,wild_game
aopuni_atoll,lumber
aosta,livestock
aoudaghost,sand
aouint_yghomane,camels
aoukale,fiber_crops
aousserd,sand
aowa,legumes
apafalaya,legumes
apahtoksipisskan,wild_game
apalachee,lumber
apan,maize
apapelgino,ivory
apaqtukowatek,lumber
aparri,fish
apataki_atoll,pearls
apatzingan,copper
apeldoorn,wild_game
apetowun,fur
api_api,fish
apiacas,medicaments
apiai,wild_game
apiaka,wild_game
apica,clay
apinji,livestock
apispaha,lumber
apolda,legumes
apollonia,fish
apoquitaua,lumber
apotaka_hacha,legumes
appamatuck,maize
appingedam,fish
appleby,clay
appomattox,maize
apt,fruit
apucarana,lumber
apui,elephants
apuka,ivory
apure,beeswax
apurlec,wool
apyawa,legumes
apytere,fish
aq_am,lumber
aqaba,fish
aqanqmi,lumber
aqca,cotton
aqda,wild_game
aqiq_banu_uqayi,wheat
aqmecit,horses
aqmecit_prybuzhzhya,wine
aquidauana,clay
aquila,saffron
aquileia,salt
aqush,livestock
aqyam_nup,lumber
ar_rabadha,wheat
ar_rabb,livestock
ar_rass,livestock
ar_rawdah,wheat
ar_rayn,fruit
ar_rayyan,wool
ar_rukai,fruit
ar_ruwailiyyah,wheat
araban,wool
arabi,livestock
arac,clay
aracena,lumber
arachan,maize
aracuai,wild_game
arad,wine
araes,wild_game
aragua,clay
araguaia,gems
araguari,fish
araicuahita,salt
arak,legumes
arakaiu,lumber
aranama,clay
aranda_de_duero,stone
arandai,legumes
arangastakh,wild_game
araouane,sand
arapgir,wool
arapuey,stone
araquara,fiber_crops
arar,fruit
ararayu_aba,fish
arari,legumes
araripocone,legumes
araritaguaba,lumber
arasibo,copper
araska,wool
aratika_atoll,fruit
aratu,beeswax
arauca,wild_game
araut,livestock
araya,chili
arbaji,wheat
arboga,lumber
arbroath,wool
archar,livestock
arches,clay
archit,iron
arcos_de_la_frontera,wine
arcot,livestock
ardabil,livestock
ardagh,horses
ardahan,fruit
ardakan,fruit
ardatov,wheat
ardestan,fruit
ardra,fish
ardtornish,salt
arechuna,dyes
areia,copper
arequipa,fiber_crops
arerius,wild_game
ares_del_maestre,olives
aresh,wheat
arevalo,lumber
arezzo,wine
argada,wild_game
argamakli_sarai,fruit
argas,fur
argaxtaax,fur
argenta,fiber_crops
argentan,horses
arges,stone
arghestan,cotton
argi,wild_game
argos,iron
arguin,fish
argun,fur
arguvan,livestock
argyrokastro,olives
ariano,livestock
ariari,beeswax
aribinda,ivory
arica,salt
ariguani,stone
arikun,lumber
arilje,fruit
ariste,fruit
aritpa,lumber
ariza,wheat
arjeplog,wild_game
arka,wild_game
arkaba_tura,sand
arkadak,livestock
arkat,horses
arkhan,livestock
arkhangelsk,fish
arkhangelskoye,wheat
arkhangelskoye_vologda,fur
arkhara,fur
arkhyz,wool
arkvaz,lumber
arlal,livestock
arles,salt
arlon,iron
armagh,fruit
armavir,livestock
armizonskoye,fur
arnay,lumber
arnedo,livestock
arnhem,wool
arno_atoll,fruit
arnsberg,fiber_crops
arnstadt,dyes
aro,lumber
aroas,fruit
aroche,lead
arochukwu,livestock
arock,wild_game
arona,marble
aroostook,fur
arop,fish
aror,wheat
arque,tin
arques,iron
arrah,saltpeter
arraias,goods_gold
arran,fish
arras,wheat
arrayda,alum
arroio,fish
arroyo,livestock
ars,beeswax
arshgul,olives
arslanbob,legumes
arsubaniket,wheat
arsuk,stone
arsuz,cotton
arta,fruit
artah,livestock
artanuji,stone
artashavan,legumes
arthabaska,wild_game
arti,fur
artush,cotton
artyk,goods_gold
artyk_ata,livestock
arua,lumber
arua_amazon,fish
aruamu,fish
arubeira,livestock
aruja,lumber
arun,lumber
aruni,potato
aruppukkottai,fiber_crops
arusha,wild_game
arut,lumber
arutua_atoll,fish
arvidsjaur,lumber
aryaru,fruit
arykbalyk,livestock
arylakh,lumber
arzamas,lumber
arzew,salt
arzgir,horses
arzu,wild_game
as_salafiyah,fruit
as_salif,salt
as_sib,clay
as_sulaymi,livestock
as_suwaydirah,wheat
as_suwayriqiyah,legumes
asa,legumes
asadabad,livestock
asadabad_kunar,livestock
asahan,clay
asahkaiowaipu,lumber
asaita,livestock
asaka,iron
asakuchi,fish
asakura,clay
asanas,legumes
asbo,horses
aschach,wool
aschaffenburg,copper
aschendorf,wool
ascolipiceno,wool
asele,lumber
aseptiketiheylhets,lumber
asfan,fish
asfi,fish
ash_shamli,livestock
ash_shaqiqah,fruit
ash_shibahah,fruit
ash_shuara,wheat
ash_shuaybah,livestock
ash_shuaybah_hail,fruit
ashalaho,wild_game
ashaninka,lumber
ashaval,silk
ashby,fur
ashca,salt
ashca_caycu,legumes
ashchyozek,fish
ashevo,fiber_crops
asheweig,wild_game
asheyi,fur
ashida,copper
ashigara,tea
ashikaga_loc,cotton
ashikita,sand
ashkamesh,beeswax
ashmunayn,fruit
ashmyany,wild_game
ashoro,livestock
ashraf,sugar
asht,legumes
ashtabula,maize
ashuanipi,fur
ashuapmushuan,wild_game
asifabad,dyes
asika,lumber
asila_arabia,livestock
asilah,olives
asingasta,wild_game
asiniike,lumber
asiniwaciy,fur
asir,dyes
asir_ALG,livestock
asirgarh,cotton
askataliank,lumber
askino,fur
askiz,lumber
askot,wild_game
aslan_horod,fish
aslanapa,livestock
aslanduz,wool
asmara,copper
asmat,livestock
asni,legumes
aso,legumes
asola,beeswax
asoqasqoq,wild_game
aspa,copper
aspara,legumes
aspas,livestock
aspet,lumber
aspotogan,lumber
assa,fruit
assab,beeswax
assabet,wild_game
assan,lumber
assapasca,wild_game
assawoman,fiber_crops
assen,horses
assens,wheat
assereniet,maize
assinie,pearls
assisi,fruit
assode,livestock
assonet,stone
assorodus,legumes
assosa,goods_gold
assunpink,legumes
astara,rice
astarabad,fruit
asti,wine
astore,livestock
astorga,wheat
astrakhan,wool
astrina,fiber_crops
astros,fish
asuf,fruit
asurini,beeswax
asvieja,livestock
aswan,iron
asyut,wheat
at_tarfawi,salt
ata_mindanao,stone
atacames,lumber
atach,lumber
atahachi,fruit
atajal,wild_game
atakpame,lumber
atalanti,iron
atanagunypacam,salt
atanari,fiber_crops
atanuul,stone
atar,sand
atargan,wild_game
atarque,maize
atash,maize
atbara,livestock
atbasar,copper
atchafalaya,fish
atepec,wild_game
atfalati,medicaments
atfih,fiber_crops
ath,millet
athabasca,wild_game
athani,dyes
athenry,fiber_crops
athens,marble
athlone,fruit
athmallik,sugar
athy,wheat
atibaia,lumber
atico,beeswax
atikaki,lumber
atikokiwam,fur
atikonak,lumber
atikuan,fish
atikum,wild_game
atikwa,fur
atinggola,lumber
atishchevo,fur
atitlan,stone
atitlan_guatemala,mercury
atiya,rice
atka,fur
atkarsk,livestock
atnatuu,fur
atocpan,livestock
atoj_wasin,livestock
atpazari,lumber
atrakwaye,lumber
atrat,lumber
atri,salt
atsugewi,fur
atsuta,millet
attaock,fruit
attaqua,livestock
attawapiskat,fur
attendorn,fur
attequa,lumber
attikamagen,fur
attock,cotton
atuel,wild_game
atzaccan,sand
atzhaksy,camels
aubusson,millet
auccapana,wool
auch,legumes
augsburg,fiber_crops
aukwatowa,copper
aulatsivik,fish
auleta,livestock
aullagas,stone
aulnay,silver
aumale,salt
aundh,legumes
auneau,wine
aunona,lumber
aupouri,fish
aupuhkirakanewe,fur
auqajikuna,wild_game
aur_atoll,fish
aurich,legumes
aurillac,livestock
aurland,millet
ausa,millet
austria_baden,clay
autlan,stone
autun,livestock
auwe,fruit
auxerre,wheat
auxonne,legumes
auyo,rice
ava_canoeiro,legumes
avaes,maize
avaj,livestock
avallon,wine
aveh,camels
avellino,wine
avesta,iron
avga,livestock
avignon,saffron
avila,fiber_crops
aviles,fish
avis,wheat
avlayakan,fish
avlonya,fiber_crops
avnagar,livestock
avraga,horses
avranches,salt
awa,fish
awa_brazil,wild_game
awa_shikoku,rice
awabakal,coal
awad_bing,fish
awadh,sugar
awaji,incense
awajun,medicaments
awaran,silk
aware,livestock
awastara,fish
awaswas,sand
awatixa,legumes
awaxaawi_ishiibisha,goods_gold
awbare,beeswax
awbeh,salt
awen,wild_game
awjila,livestock
awka,ivory
awka_etiti,fiber_crops
awlil,salt
awngthim,fish
awrtable,livestock
awyi,fruit
awyu,lumber
axawiri,potato
axim,sand
axochiapan,incense
axocopan,legumes
axum,wheat
aya,fish
ayadaldapa,maize
ayagoz,livestock
ayahciyiniw_sakahikan,lumber
ayahuacas,chili
ayamaco,fruit
ayamonte,fish
ayan,ivory
ayas,cotton
ayasuluk,silk
ayaviri,cotton
ayay,fish
ayays,fruit
aybas,livestock
aydhab,fish
aydincik,wine
ayerou,millet
ayish,lumber
aylesbury,wool
ayllu_yacuchiri,lumber
ayn_tamr,livestock
ayni,wild_game
ayntab,dyes
aynuna,goods_gold
ayo,livestock
ayo_ayo,marble
ayodhya,rice
ayopaya,copper
ayora,wheat
ayr,lumber
aytos,wine
ayvacik,fish
ayvu_pora,maize
az_zilfi,fruit
az_zubayir,fruit
azab,stone
azadvar,camels
azai,rice
azamgarh,dyes
azcapotzalco,maize
azeevo,lumber
azeffoun,fish
azemmour,cotton
azghand,sugar
azia,clay
azilal,lumber
azile,clay
aznakayevo,lumber
azok,clay
azougui,sand
azraq,livestock
azrou,dyes
aztatlan,pearls
azua,fish
azuaga,livestock
azumi,cotton
azzan,wheat
baak,amber
baalbek,fruit
baashalapache,wild_game
baawitigong,fur
bab_kot,wool
baba,cocoa
baba_ata,legumes
babadag,horses
babahuyu,beeswax
babana,livestock
babar,fruit
babayevo,fur
babichas,goods_gold
babicora,lumber
babimost,livestock
babonoyaba,wild_game
baborigame,livestock
babruysk,lumber
babuyan,lumber
babuyan_islands,fish
babuza,millet
bac_thai_nguyen,livestock
bacalhieu,lumber
bacau,livestock
baciravan,cotton
backnang,fruit
bacs,wool
bacuma,fruit
bad_ischl,legumes
bad_rock,lumber
bada,livestock
bada_yaqub,livestock
badabedi,wheat
badajoz,wool
badam,wild_game
badamgarh,iron
badami,pepper
badau,tin
baden,wine
baden_im_aargau,clay
badenoch,lumber
bades,dyes
badhu,fish
badi,pearls
badimala,fiber_crops
badimaya,livestock
badiraguato,lumber
badis,olives
badjidi,wild_game
badong,rice
badozhsky,lumber
badr_hunayn,fruit
badra,millet
badreh,livestock
badrinath,wool
badtjala,millet
badulla,medicaments
baekcheon,fish
baena,olives
baependi,wild_game
baeza,lumber
bafan,rice
bafata,clay
bafoulabe,millet
bafoussam,legumes
bafq,fruit
bafra,wheat
baft,wool
bag_ngula,wild_game
bagadya,fur
bagagem,beeswax
bagalkot,fruit
bagaluhan,fish
bagamoyo,cotton
bagansiapipi,fish
baganuur,wool
bagayevskaya,wool
bagdarin,fur
bage,wheat
bagh,livestock
bagh_iran,fiber_crops
bagh_malek,wheat
baghai,wool
baghdad,cotton
baghin,fruit
baghlan,wool
baghran,tin
bago_negros,fruit
bagram,silver
bagu,millet
bagua,lumber
bahadamer,alum
bahal,wild_game
baham,fruit
bahama,cotton
bahariyya,iron
bahcesaray,fur
bahir_dar,beeswax
bahla,legumes
bahr_salamat,livestock
bahraich,legumes
bahramchah,marble
bahreman,salt
baht,fiber_crops
bai,millet
bai_xinjiang,wool
baia_crisului,goods_gold
baia_de_aries,beeswax
baia_mare,goods_gold
baibalyk,legumes
baicang,marble
baideng,livestock
baidoa,livestock
baidrag,goods_gold
baie_verte,fish
baihekou,fur
baijnath,livestock
bailongdui,wild_game
bailundo,livestock
baima,tea
baima_daming,legumes
baimachen,livestock
baimaguan,wild_game
baini,rice
baining,beeswax
bairab,wild_game
baise,lumber
baishan,rice
baishui,cotton
baita,stone
baitan,millet
baiting,sand
baiyungu,millet
baja_hungary,fiber_crops
bajaur,wool
bajaura,wool
bajdah,fruit
bajestan,fruit
bajhang,wild_game
bajo_flores,copper
bajone,copper
bajrajinaparamitapura,cotton
bajura,stone
bajwara,cotton
bakairi,fiber_crops
bakanas,horses
bakanh,legumes
bakas,fiber_crops
bakel,legumes
bakele_kongo,ivory
bakgalagadi,wild_game
bakgatla,ivory
bakhalal,wild_game
bakhanay,fish
bakhapcha,wild_game
bakharz,livestock
bakhmach,fiber_crops
bakhmut,salt
bakhtinsky,copper
bakka,rice
bakongo,fiber_crops
bakota,millet
baku,sand
bakulabe,wild_game
bakusaya,legumes
baky,wild_game
bal_cattinon,lumber
bala,fur
balabak,rice
balad,millet
balad_ruz,cotton
balagachchy,fur
balaganakh,fur
balagannakh,fur
balagansk,wild_game
balaghat,iron
balaguer,wheat
balakan,lumber
balakovo,horses
balambangan,alum
balanda,livestock
balanggarra,fruit
balangir,fiber_crops
balanipa,millet
balasagun,wild_game
balashov,livestock
balasore,iron
balassagyarmat,medicaments
balat,salt
balbalan,goods_gold
balcheta,fish
baldan_bereeven,livestock
bale,livestock
baleh,mercury
baleknagiq,fur
baler,lumber
balga,amber
balgatai,wild_game
balhaf,fish
balho,wild_game
balibo,beeswax
balige,lumber
baligram,gems
baliisshe_aashe,maize
balikesir,cotton
balikley,fiber_crops
baling,clay
balingen,fur
baliseyh,dyes
balj,lumber
balkh,incense
balkonda,iron
balla_arat,coal
balladonia,lumber
ballaghaderreen,clay
ballalapura,dyes
ballardong,clay
ballarpur,elephants
balle,livestock
ballenstedt,medicaments
ballia,legumes
ballou,rice
ballsh,wheat
ballycastle,livestock
ballymena,beeswax
ballymore,livestock
balotipone,wild_game
balrampur,millet
balta,wild_game
baltas,fur
balti,horses
baluba,clay
balui,stone
balya,clay
balykchy,clay
balyktyg,fur
balyktykol,horses
balzimachi,fish
bam,fruit
bam_esfarayen,fruit
bama,lumber
bamako,rice
bamangwato,millet
bamba,rice
bambara_maounde,ivory
bamberg,stone
bamgweolo,lumber
bampton,tin
bampur,livestock
bamu,fish
bamyan,iron
ban_don,lumber
ban_khon,legumes
ban_luang_cheng,legumes
ban_pa_la_ta,tin
ban_phone,alum
bana,stone
banader,wild_game
banamba,millet
banan,fish
banana_islands,lumber
banaro,lumber
banaz,lumber
banbishan,livestock
banbury,wool
banda,clay
banda_ahenkro,millet
banda_island,cloves
bandafassi,millet
bandar_aceh,incense
bandar_charak,sugar
bandar_deylam,salt
bandar_deyr,cotton
bandar_e_anzali,fish
bandar_e_jask,sugar
bandar_khamir,fish
bandar_lengeh,pearls
bandar_rig,fruit
bandarbeyla,fish
bandhugara,elephants
bandire,lumber
bandirma,alum
bandogarh,rice
banff,lumber
banfora,wool
bang_keng,lumber
bangalore,sugar
bangarang,fruit
bangban,legumes
banggai,fish
banggarla,clay
bangkalan,lumber
bangkalan_borneo,lumber
bangui,lumber
bani,goods_gold
bani_cuba,cotton
bani_saad,wheat
bani_walid,livestock
baniachang,silk
banihal,wild_game
banikoara,cotton
banique,wild_game
baniyas,fish
banjabi,fruit
banjar,millet
bankapura,pepper
bankim,sand
bankura,clay
bankutu,lumber
bankuy,horses
banlung,gems
bannajbur,sugar
bannoni,fruit
bannoye,horses
bannu,cotton
banon,lumber
banpu,salt
banqiao,wild_game
bansi,fruit
banska_bystrica,copper
bansko,wool
banswara,wild_game
bantayan,fish
banteay_chhmar,millet
banten,pepper
banua_lawas,beeswax
banyo,legumes
banzart_khairkhan,wild_game
bao_lac,lumber
baoan,millet
baoan_baoan,millet
baoan_dongguan,rice
baochang,livestock
baochang_nanxiong,lumber
baode,fruit
baodi,clay
baodian,lumber
baofeng,livestock
baoji,wheat
baojing,tea
baokang,fiber_crops
baoning,pepper
baoning_maozhou,lumber
baopapas,wild_game
baoro,lumber
baoruco,stone
baotong,lumber
baoying,salt
bapaume,wheat
bapunu,fish
baqa,livestock
baqqa,wheat
baqubah,wool
bar_cg,olives
bar_le_duc,millet
bar_sur_aube,wheat
bar_sur_seine,legumes
bara_buru,beeswax
bara_iraq,wool
baraba_baraba,livestock
barabhum,medicaments
baracoa,cocoa
baradha,livestock
baragram,dyes
barah,millet
barahrah,wheat
barajagua,fish
baraka,fish
baram,legumes
baramulla,silk
baran,silk
baraqish,fruit
barara,wheat
barasuru,wild_game
barawa,livestock
barayy,wild_game
barbacadle,fish
barbacena,fiber_crops
barbakaabad,fruit
barbastro,wine
barca,wheat
barcarrota,livestock
barcelona,fish
barcelonnette,livestock
barcelos,fish
barchkend,livestock
barchuk,horses
barco_de_valdeorras,iron
barda,wheat
bardak,fur
bardejov,fiber_crops
bardera,millet
bardhaman,coal
bardi,lumber
bardi_australia,sand
bardodalen,stone
bardok,fiber_crops
bardsir,fiber_crops
bareilly,elephants
barem,legumes
bares,lumber
bargaal,fish
bargarh,gems
bargiri,wool
barguna,fish
bari,fish
baria,lumber
barinas,maize
baripada,elephants
bariq,livestock
baris,sugar
barito,lumber
barjols,olives
barkdiz,fruit
barking,wheat
barkinji,livestock
barkul,horses
barlad,livestock
barletta,olives
barmaur,livestock
barna,clay
barnaul,wild_game
barnstaple,silver
baroda,rice
barom,wheat
baronsk,livestock
barotse_kongo,livestock
barotse_mabunda,lumber
barpeta,livestock
barqaid,legumes
barquisimeto,maize
barretos,lumber
barru,lumber
bars_khot,millet
barsalogho,livestock
barskoon,tin
barten,fur
bartin,fish
baru,millet
baruga,fish
barulo,lumber
barun_xiabaer,wild_game
barundji,copper
barunggam,fiber_crops
barus,medicaments
barutadura,gems
baruun_tar_nuur,livestock
barvinkove,clay
baryang,livestock
barylas,lumber
barysaw,fur
barza,fiber_crops
basai,sugar
basand,legumes
basarwa,wild_game
basavana_bagewadi,clay
basavapattana,livestock
basawunena,wild_game
basel,wheat
basey,fish
bashagard,livestock
bashqurtaran,livestock
basht,beeswax
bashtanka,legumes
bashukulumbwe,ivory
basim,sugar
basingstoke,wool
basithah,camels
baskale,stone
baskamyr,copper
baskatong,fur
basna,cotton
basra,sugar
basra_al_hamra,olives
bassa,sand
bassano,livestock
bassein,fiber_crops
bastak,livestock
bastam,livestock
bastar,legumes
basti,millet
bastia,fish
bastogne,lumber
basud,beeswax
bata,lumber
batagai,fur
batala,sugar
batamay,fur
batan,pearls
batanabo,fiber_crops
batanes,fish
batang,rice
batang_tabir,lumber
batang_tebo,lumber
batang_tembesi,lumber
bataung,livestock
batchawana,fur
batchingou,wheat
bateke_kongo,lumber
batete,lumber
batey,lumber
bath,lead
bathahalak,livestock
bathinda,millet
batlagundu,fruit
battambang,fish
battara,millet
batu,fish
batubenge,lumber
batuco,medicaments
batumi,fish
batyr,fur
batyrevo,lumber
bauchi,stone
baud,elephants
baudo,goods_gold
bauge,fruit
baume,wool
baurang,stone
baure,cocoa
bauru,lumber
bauska,wheat
bautzen,stone
bauzi,lumber
bavanat,wild_game
bavaria_regen,wild_game
bavaro,fish
baviko,lumber
bavly,beeswax
bawean,fruit
bawika,lumber
bawku,livestock
baxian,clay
bay,legumes
bayali,wild_game
bayambang,wild_game
bayamo,fish
bayan,livestock
bayan_har,horses
bayan_susu,medicaments
bayan_tumen,fiber_crops
bayan_ula,wool
bayana,dyes
bayanaul,livestock
bayanday,fish
bayangol,wild_game
bayankhot,millet
bayannur,millet
bayannurhong,livestock
bayantsagaan,livestock
bayaquitiri,copper
bayat,livestock
bayazit,horses
bayburt,clay
baydibek_ata,livestock
bayei,salt
bayeux,salt
bayhan,wheat
baykalovo,wild_game
baykit,lumber
baynoa,chili
bayombe,lumber
bayonne,fish
bayono,wild_game
bayramic,wild_game
bayramlu,beeswax
bayreuth,goods_gold
baytak,camels
bayul,livestock
bayyu,wild_game
baza,saffron
bazarny_syzgan,wheat
bazas,wine
bazer_sakhra,legumes
bazhai,wild_game
bazhai_duyun,fur
bazin,millet
bazman,medicaments
bealanana,copper
beami,wild_game
beanka,fruit
beatton,wild_game
beaugency,wheat
beaujeu,wine
beaumont_au_maine,wool
beaune,wine
beaupreau,fruit
beauvais,wheat
beauvoir,sand
beaver,fur
beaverhead,stone
becaguimec,fiber_crops
bechar,fruit
bechyne,livestock
bedale,horses
beden,wild_game
bedford,legumes
bedia,livestock
bednur,sugar
beer_dun,fish
beersheba,wool
beeskow,fish
beesowuunenno,wild_game
befandriana,lumber
begho,goods_gold
begoml,lumber
behabad,wild_game
behali,wild_game
behbahan,wool
beichlingen,millet
beihai,wheat
beiliu,clay
beilngries,wool
beirut,wine
beishe,livestock
beisheng,copper
beius,iron
beja,wheat
beja_TUN,wheat
bejaad,wheat
bejaia,alum
bejar,lumber
bekarlar,wine
bekes,clay
beket_ata,livestock
beki,wild_game
bela,wheat
belabo,elephants
belaga,lumber
belalcazar,alum
belang,beeswax
belau,lumber
belaya_glina,horses
belaya_kalitva,fish
belaya_soroka,clay
belayan,lumber
belchite,silk
belcoo,livestock
beledweyne,millet
belekes,wild_game
belen_ana,wheat
beleuli,camels
belfast,livestock
belfort,wine
belgaum,pepper
belgorod,fiber_crops
belgrad,dyes
belik,wheat
belin,livestock
beljamen,fiber_crops
belkhandi,dyes
bellac,wool
bellari,iron
belle_isle,lumber
belleme,beeswax
belley,livestock
bellinzona,iron
belluno,silver
belmonte,livestock
beloe,millet
belogorye,fur
beloozero,clay
belorechensk,livestock
beloretsk,lumber
belozerye,fur
belur,incense
bely,wheat
belya,lumber
belye_kresty,fur
belyov,wild_game
belz,millet
belzig,sand
bemanevika,saffron
bembe_buyu,wild_game
bembe_kongo,wool
bemetara,livestock
bemidji,fur
benabarre,iron
benauges,wine
benavente,legumes
bendi,lumber
benesov,goods_gold
benevento,wheat
benewah,fiber_crops
benfeld,livestock
beng_mealea,rice
bengalon,fish
benghazi,olives
bengkalis,fruit
bengkulu,cloves
bengmara,beeswax
bengoala,stone
bengy,beeswax
beni_sabih,dyes
beni_suef,legumes
benin,iron
bensheim,marble
bent,fruit
bentheim,marble
beohari,elephants
beqa_lagoon,fruit
bera,tin
berat,wool
berato,fish
berbak,sand
berbela,lumber
berber,fruit
berbera,pearls
berbice,fish
berceto,lumber
berchtesgaden,legumes
berdiansk,salt
berdigestyakh,lumber
berdsk,lumber
berdychiv,legumes
berdyuzhye,lumber
beregovo,wheat
berelekh,wild_game
bereschany,beeswax
berestyn,horses
berezhnovka,horses
berezhnyany,livestock
bereznehuvate,horses
bereznik,lumber
berezovets,wild_game
berezovka,fur
berg,lumber
berga,livestock
bergama,salt
bergamo,wheat
bergen,fish
bergen_zoom,fish
bergerac,wine
bergheim,alum
berlanga,horses
berleburg,stone
berlin,fiber_crops
bermuda,fish
bern,wheat
bernay,wheat
bernburg,livestock
bernovo,millet
beroun,iron
berriane,wool
bersenbruck,legumes
bershad,lumber
bershty,livestock
bertoua,lumber
beruas,fruit
berune,rice
berwick,fish
beryozovka,wild_game
beryozovo,lumber
beryozovskoye,fish
besalampy,rice
besalu,lumber
besancon,livestock
beshbalik,livestock
besima,wild_game
besni,lumber
besteiros,lumber
bestyakh,fur
betanzos,lumber
beteta,livestock
bethune,coal
betroka,lumber
betsiamites,wild_game
bettiah,cotton
beya,fur
beyarjomand,beeswax
beyla,iron
beylagan,fiber_crops
beypazari,horses
beysehir,wool
beyza,fruit
bezhanitsy,beeswax
beziers,fruit
bezopasnoye,wool
bhadohi,wheat
bhadrachalam,elephants
bhadrak,sugar
bhagalpur,elephants
bhakkar,livestock
bhalki,medicaments
bhanpura,iron
bhanvad,iron
bharatpur,cotton
bhatkal,fish
bhatnir,cotton
bhatta,wheat
bhavani,livestock
bhera,cotton
bhilsa,cotton
bhilwara,lead
bhimber,lumber
bhind,dyes
bhojpur,cotton
bhongir,iron
bhopal,millet
bhuban,elephants
bhurwara,lumber
bi_pi,tin
bia_mbya,medicaments
biak,fruit
biala_podlaska,wool
biala_rawska,millet
bialobork,fur
bialogard,wheat
bian_marind,lumber
bibbulman,coal
biberach,cotton
bibirevo,clay
bida,sand
bidai,fiber_crops
bidanku,lumber
bidar,silk
bideford,wool
bidjara,fiber_crops
bidungu,lumber
bidwell,fruit
bidzhan,fur
biecz,fiber_crops
bielefeld,livestock
biella,wool
bielsk_podlaski,horses
bielska_sloboda,wool
bielsko,lumber
bienne,wild_game
bife,fish
biga,sand
bigadic,clay
bigambul,stone
bigan,lumber
biger,livestock
bigo_bya_mugenyi,beeswax
bih,livestock
bihac,silver
bihar,wine
bihar_sharif,silk
bihariganj,millet
bii,fur
bijagarh,stone
bijapur,millet
bijar,horses
bijni,livestock
bijnot,wild_game
bikini_atoll,fruit
bikinka,lumber
bikoro,wild_game
bikrampur,cotton
bila,lumber
bila_tserkva,legumes
bilah,lumber
bilanga,fiber_crops
bilasuvar,livestock
bilbao,iron
bilbeis,cotton
bilecik,iron
bilghah,fruit
bilgram,cotton
bilinara,livestock
billingham,wild_game
bilma,salt
bilo,stone
bilokorovychi,iron
bilovodsk,livestock
biloxi,clay
bilyar,wheat
bima,fish
bimbia,fish
bimbilla,millet
binalatongan,legumes
binalbagan,fish
binandere,fruit
binangonan,lumber
binawangan,goods_gold
binayakpur,cotton
binchuan,fruit
bindal,millet
binder,rice
bindjali,fruit
bingin,lumber
bingol,livestock
binh_lam,lumber
binh_nguyen,livestock
binmatshua,goods_gold
bintang,fish
biobio,fruit
bir,lumber
bir_al_qurr,fruit
bir_amur,millet
bir_el_alter,millet
bir_fajr,livestock
bir_ibn_hermas,livestock
bira,wheat
birali,fish
biram,rice
birampur,wheat
birao,wild_game
birch_creek,wild_game
birches,fur
birecik,wheat
birgi,olives
biria,fiber_crops
biripi,sand
biriri,cotton
birjand,fruit
birkala,wild_game
birkenfeld,legumes
birma,beeswax
birmingham,wool
birndal,stone
birni_ader,livestock
birni_lalle,wool
birni_nkonni,livestock
birnin_gwari,wheat
birnin_kebbi,wheat
birnin_kudu,fiber_crops
birnin_zamfara,millet
birpara,ivory
biru,livestock
birugarh,lumber
biryusa,iron
birzai,lumber
bisa,lumber
bischofshofen,livestock
bisert,copper
bishan,rice
bishnupur,gems
bishreit,beeswax
biskra,fiber_crops
bislig,goods_gold
bisotun,wool
bissagos,fish
bissam_cuttack,clay
bissau,pearls
bistrita,silver
biswan,clay
bitburg,fur
bitche,wild_game
bitki,millet
bitlis,wool
bitola,wheat
bitov,millet
bitterfeld,wool
bitterroot,medicaments
bitti,lumber
bitur,lumber
biu,ivory
bivona,cotton
biyang,legumes
biysk,fur
bizerte,fish
bizhbulyak,wheat
bjelovar,clay
bjni,iron
bjorneborg,livestock
bkwejanong,salt
bla,livestock
blackburn,coal
blackwater,fur
blagodarnoye,livestock
blain,livestock
bland,lumber
blankenburg,lumber
bled,iron
bledsoe,wild_game
blois,iron
blonduos,fish
bludenz,silver
bo_hai_khau,pearls
boa_ogoi,silver
boa_vista,salt
boai,legumes
boala,ivory
boalemo,fish
boali,wild_game
boanawari,lumber
boandik,fiber_crops
boas,chili
bobai,sugar
bobaka,lumber
bobangi,wild_game
bobbili,livestock
bobbio,wool
bobole,wild_game
bobolice,lumber
bobr,livestock
bocaiuva,wild_game
bocaiuva_do_sul,wild_game
bocheikovo,livestock
bochuan,legumes
bochum,millet
bocto,beeswax
bodaybo,fur
bodbe,wheat
bodebyn,lumber
bodmin,fish
bodo,marble
bodonch,livestock
bodonitsa,livestock
bodou_sailay,livestock
bodrog,livestock
bodrum,lumber
boduna,millet
boe,wild_game
boeny,rice
bogatoye,livestock
bogatye_saby,fur
bogazliyan,wool
bogd,livestock
bogesund,livestock
bogiston,wild_game
bogoroditsk,wheat
bogorodskoye,fiber_crops
bogorodskoye_pereyaslavl,fur
bogra,cotton
boguchany,lumber
boguchar,wool
bogue_chitto,legumes
bohai,legumes
bohan,legumes
bohio,tobacco
bohorodchany,lumber
bohuslav,legumes
boi,fiber_crops
boiaca,iron
boiken,legumes
bojador,fish
bojamba,wild_game
bojano,olives
bojaya,legumes
bojnord,wool
boke,rice
bokey,salt
bokoni,copper
bokoro,millet
bokovskaya,livestock
bol_shaya_martynovka,livestock
bol_shoy_uran,livestock
bola,legumes
boldyzh,livestock
bole,medicaments
bolekhiv,salt
boleslawiec,clay
bolgan_ana,wheat
bolghar,horses
boli,millet
bolikham,elephants
bolinao,salt
bolkhov,lumber
bolkhuny,wool
bolling,salt
bolo,livestock
bolodek,wild_game
bologna,silk
bologoye,fur
bolotnye,fur
bolshaya_gribanovka,horses
bolshaya_laptyuga,lumber
bolshaya_yakshanga,lumber
bolshevo,millet
bolshie_krugovichi,clay
bolshoy_balyk,lumber
bolshoy_cheremshan,wheat
bolshoy_gashun,livestock
bolshoy_ik,stone
bolshoy_uluy,lumber
bolshoy_yugan,lumber
bolshoye_boldino,lumber
bolshoye_murashkino,lumber
bolshoye_selo,wild_game
bolu,wheat
boluo,lumber
boluohe,millet
bolvadin,fiber_crops
bolzano,iron
boma,lumber
bombay,pepper
bombwi,lumber
bomdila,lumber
bomokandi,lumber
bomoping,wild_game
bonaigarh,rice
bonanza,fur
bondari,livestock
bondelswarts,livestock
bondo,lumber
bondoukou,goods_gold
bone,millet
bong_son,lumber
bonga,coffee
bongao,fish
bonghwa,goods_gold
bongju,medicaments
bongor,wheat
bonifacio,fish
bonn,millet
bonndorf,wild_game
bonny,fish
bono_manso,goods_gold
boojwiikwedong,lumber
bookabie,millet
bool,fish
boon_wurrung,millet
boontsagaan,livestock
boorj,fiber_crops
boowe,wild_game
bopolu,lumber
bor,ivory
bor_tur,saltpeter
bor_volgo,fur
borac,medicaments
borazjan,salt
borborud,stone
bordeaux,wine
bordj_bou_arreridj,livestock
bordowa,clay
bore,livestock
borenta,livestock
borg,fish
borgarnes,stone
borgloon,millet
borgund,wild_game
borisogleb,fiber_crops
borisoglebsk,livestock
bormio,livestock
bornuur,goods_gold
borobudur,lumber
boromo,millet
borongan,lumber
boronuk,goods_gold
boror,lumber
bororos,legumes
borovichi,lumber
borovsk,millet
borsod,livestock
bortala,wool
boruca,fish
borujen,wheat
borujerd,wheat
borulakh,fish
boruma,lumber
borun,fruit
boruy,wool
boryeong,fish
boryspil,wheat
bosa,wine
bosa_colombia,maize
bosaso,tin
boseong,tea
boseongbu,lumber
boshruyeh,livestock
bosobolo,lumber
bosra,cotton
bossa,beeswax
bost,fruit
bosten,wool
boston,salt
bosutswe,goods_gold
bosworth,wool
botkul,salt
botolan,lumber
botou,livestock
botucatu,wild_game
bou_hajla,horses
bou_saada,millet
bouake,ivory
bouar,livestock
boubon,clay
bouillon,lumber
bouira,iron
boulaouane,beeswax
boulogne_sur_mer,livestock
boumalne_dades,stone
bouna,goods_gold
boundiali,millet
bourbon,livestock
bourem,livestock
bourg_en_bresse,legumes
bourganeuf,livestock
bourges,wheat
boussac,millet
bousso,millet
boussouma,livestock
boutti,livestock
bovino,legumes
boxing,fish
boya,amber
boyabat,lumber
boyauli,wheat
boye,wheat
boyena_qara,livestock
boynak,wool
bozan,wool
bozhenitsa,wool
bozhou,lumber
bozok,wool
bozok_astana,iron
brac,marble
bracciano,iron
braga,lumber
braganca,livestock
bragernes,millet
brahestad,fish
brahin,wild_game
brahmapur,fiber_crops
braiakalung,lumber
braila,clay
braine,wheat
brak,fruit
bramas,beeswax
bramhapuri,lumber
brandenburg,millet
brandenburg_prussia,livestock
branicevo,horses
branko,livestock
branna,wild_game
brashk,wheat
braslaw,fur
brasov,legumes
brass,lumber
brataulung,lumber
bratislava,beeswax
bratsk,lumber
bratslav,medicaments
brattahlid,wool
braunau,wheat
brecknock,iron
breda,sand
bredasdorp,fish
bree,legumes
bregenz,wool
bregne,livestock
bremen,wool
bremervorde,millet
breno,iron
brescia,marble
brest,fiber_crops
brest_litowsk,millet
breteuil,legumes
brezina,cotton
bria,fruit
briancon,coal
bridger,wild_game
bridlington,fiber_crops
brie_comte_robert,wine
brienne,fruit
brig,millet
brignoles,fruit
brihuega,legumes
brilon,lead
brin_navolok,lumber
brindisi,fruit
brioude,stone
bristol,fiber_crops
briviesca,stone
brixen,fur
brno,wine
broach,cotton
brodnica,livestock
brody,livestock
brody_tver,wool
brokhovo,wild_game
bronnitsa,fish
bronnitsy,wool
brosse,millet
brotas,lumber
broyes,legumes
brozas,livestock
brskovo,silver
bruchsal,medicaments
bruck_leitha,wine
bruckenau,livestock
bruges,dyes
bruneck,wild_game
brunswick,salt
brussels,clay
brvenik,lead
bryanka,wild_game
bryansk,livestock
bryante,lumber
bryukhovetskaya,millet
brzeg,fruit
brzeznica,millet
buale,cotton
buali,lumber
buandig,fish
buantan,fish
buassa,lumber
buaxaxxaashe,wild_game
buayan,lumber
buchach,lumber
buchan,fish
bucharest,wheat
buchen,wine
buchu,lumber
buckeburg,wool
buckingham,wheat
buda,wine
budaun,rice
buddahatchie,maize
buddu,fish
budejovice,wheat
budimlja,wool
budingen,wheat
budjanga,livestock
buenaventura,wild_game
buga,iron
buganda,livestock
bugara,stone
bugat,livestock
bugulma,livestock
bugur,wheat
buguruslan,wheat
buha,wild_game
buhoodle,wild_game
builoo,fiber_crops
builth,livestock
buinovichi,livestock
buir_nuur,horses
buitrago_de_lozoya,stone
buiunda,fur
bujang,horses
buk,wool
buka,fish
bukachacha,wild_game
bukan,medicaments
bukawa,fish
bukcheong,iron
bukelon,livestock
bukhara,fruit
buki,fish
bukino,wild_game
bukiyip,livestock
bukov,wool
buksunda,lead
bul_bukhta,fur
bula,fish
bula_kongo,wheat
bulakan,fish
bulamu,wild_game
bulava,fish
bulbancha,legumes
buleda,wild_game
bulgan,livestock
bulik,lumber
buljigu,wild_game
buluan,livestock
buluguda,legumes
bulun,wild_game
buluranriding,fish
bumbe,ivory
bumbuli,lumber
bumbuzi,lumber
bumi_ayu,millet
bumthang,livestock
bunce_island,fish
bundi,iron
bundjalung,millet
bungabali,cloves
bungi,fish
bungku,iron
bungu,livestock
bungu_kongo,lumber
bunji,wool
bunol,alum
bunratty,millet
bunuba,gems
bunut,lumber
buor_yuryakh,wild_game
buotama,fish
bur_nepa,wild_game
bura,clay
burao,copper
burara,millet
buraydah,fruit
burayevo,fur
burchmullo,goods_gold
burdekin,legumes
burdur,wool
burebasaga,lumber
bureen,lumber
buren,wheat
buren_khem,lumber
burg,clay
burga,legumes
burgas,fish
burgdorf,millet
burgdorf_emmental,livestock
burghausen,livestock
burglengenfeld,fur
burgo_de_osma,stone
burgos,wheat
burhanpur,cotton
buri,salt
buriari,salt
burica,legumes
buriram,wild_game
buriti,legumes
burkand_ya,wild_game
burkhaia,wild_game
burqin,horses
burra_burra,wild_game
burraq,fruit
burrishoole,salt
burrum,wild_game
bursa,silk
bursol,salt
burugardi,fiber_crops
burunda,lumber
burunge,livestock
buruwai,fish
bury,wheat
buryeong,goods_gold
buryn,millet
busal,cotton
busayrah,legumes
buse,wild_game
busiyn,fiber_crops
busk,horses
buskegau,fur
busko_zdroj,stone
busoga,stone
bussa,rice
busuanga,fish
buta_ranquil,iron
butalin,lumber
butaritari_atoll,fish
buteha,wild_game
butha_buthe,copper
buthelezi,fish
butrint,wool
butuan,fiber_crops
butung,pearls
buturlinovka,livestock
butyrskoe,fur
butzow,livestock
buur_hakaba,cotton
buur_heybe,clay
buwat,wheat
buxar,cotton
buy,lumber
buzanga,livestock
buzau,wine
buzet,fruit
buzhskyi,wild_game
buzikkala,clay
buzuluk,wheat
bwambe,fish
byadi,fur
byanye,lumber
byas_kyuyol,lumber
bydgoszcz,wheat
byerazino,wool
bygdea,fish
bykhaw,fur
bykovo,livestock
byrakan,fur
byske,fish
bysyttakh,fur
bytom,silver
bytow,lumber
byuteydyakh,goods_gold
bzhedygu_kal,legumes
bzou,sugar
caba_wakpa,goods_gold
cabadbaran,rice
cabias,wild_game
cabimas,maize
cabinda_kongo,fruit
cabo_corso,fish
cabo_formoso,fish
cabo_verde,wild_game
cacalotito,sand
cacapava,fiber_crops
cacapon,fur
cacaxtles,cotton
cacequi,wild_game
caceres,wheat
cachamay,cotton
cacheu,fish
cachopostales,beeswax
caconda,livestock
cadegomo,fish
cadereyta,goods_gold
cadiz,salt
caen,stone
caerphilly,coal
caete,wild_game
caete_brasil,lumber
caftacha,maize
cagliari,salt
caguan,medicaments
caguatl,salt
cahama,livestock
cahay,dyes
cahe,wild_game
cahenda,ivory
cahiague,legumes
cahokia,maize
cahors,stone
cahuachi,clay
cahul,wool
caiapo,legumes
caico,beeswax
cairiani,cocoa
cairo,wheat
cairo_montenotte,wheat
cais,lumber
caisaboscai,lumber
caka,salt
cakovec,wheat
calabar,lumber
calafat,fish
calahorra,wheat
calais,wheat
calamarca,wool
calamari,salt
calang,fish
calatanazor,livestock
calatayud,lead
calatrava,fruit
calau,wild_game
calbe,millet
calcasieu,lumber
calfuleufu,livestock
calicua,coal
calicuas,lumber
calkini,fruit
callamaco,cotton
callapa,lead
calli,lumber
caloosahatchee,clay
caloto,marble
calpista,cotton
caltagirone,clay
caltanisetta,livestock
calumbo,livestock
calvas,maize
calvi,olives
calw,copper
caly,medicaments
cam_hoa,silver
camacota,legumes
camaguey,beeswax
camana,cotton
camanducaia,wild_game
camapua,gems
camarag,millet
camataqui,potato
cambrai,wheat
cambridge,beeswax
camel_duahi,wild_game
camerino,wool
cameroons,fish
caminigas,salt
camp_po_thit,fish
campagna,wheat
campanha,lumber
campin,fish
campinas,wild_game
campo_mourao,lumber
campulung_moldovenesc,iron
campulung_muscel,clay
camusu_aike,fish
can,lumber
canadaigua,legumes
canajoharie,legumes
canakkale,legumes
cananeia,fish
canasoga,iron
canastra,wild_game
canatlan,wild_game
candia,cotton
candir,wool
candir_cil,beeswax
canela_apanyekra,wild_game
canela_ramkokamekra,wild_game
canete,livestock
cangas,livestock
cangochamba,potato
cangucu,fish
cangwu,wild_game
cangxi,rice
canhewincasta,wild_game
cania,mercury
caniapiscau,fur
caniche,cotton
caninde,wild_game
canindeyu,lumber
caniqaq,fur
cankiri,beeswax
canoochee,medicaments
canossa,lumber
canso,fish
cantagalo,fruit
cantamarca,silver
cantavieja,fiber_crops
canterbury,salt
cantilan,rice
cantona,medicaments
cantung,fish
cantwell,wild_game
canuba_wakpa,maize
caoni,wild_game
caopacho,wild_game
capachequi,fruit
capao_bonito,lumber
caparo,livestock
capatarida,fish
cape_mount,medicaments
cape_race,fish
cape_spear,fish
capimitchigama,lumber
capino,fruit
capoque,fish
capotigamau,wild_game
captina,coal
caqueza,gems
car_nicobar,fish
caracal,wheat
caracas,cocoa
caracuaro,beeswax
caraga,fruit
caraja,wild_game
caran,chili
carangas,wool
caransebes,marble
carapachay,legumes
caraquet,lumber
carasova,wild_game
caratinga,fiber_crops
caratunk,lumber
caravaca,gems
caravelas,fish
caraveli,maize
carbery,copper
carcassonne,marble
cardiff,wheat
cardigan,livestock
cardona,salt
carei,livestock
careta,fish
carhaix,beeswax
caribaro,maize
cariboo,wild_game
carijo,fish
carinena,wine
carlisle,clay
carlow,livestock
carmacks,fur
carmagnola,wheat
carmarthen,beeswax
carmona,clay
carnarvon,copper
caroni,iron
carora,stone
carpio,legumes
carrickbeg,livestock
carrickfergus,fruit
carrickmacross,medicaments
carrion_de_los_condes,wool
cartagena,wheat
carteret_atoll,fruit
caru,lumber
carucairi,fish
casale,wine
casalmaggiore,wheat
casamance,rice
cascapedia,fish
casco,lumber
caserta,fiber_crops
cashel,wool
casiguran,fruit
casiste,fruit
caslav,copper
caspe,olives
casqui,maize
cassano,wheat
cassel,wheat
castelfranco,clay
castellane,wine
castellaun,fiber_crops
castellon_ampurias,fish
castellon_de_la_plana,salt
castelnau_de_medoc,salt
castelnaudary,dyes
castelo_branco,olives
castelsardo,fish
castlebar,clay
castleconnell,livestock
castlereagh,fiber_crops
castres,wheat
castrocalbon,wheat
castrojeriz,wheat
castropol,copper
castrovillari,lumber
cat_tien,wild_game
cataguas,lumber
cataguases,legumes
catahoula,clay
catak,livestock
catalca,fish
catalte,medicaments
catan_lil,wild_game
catania,silk
catanzaro,silk
cataraqui,fish
catarman,fish
catatumbo,silver
catawba,wild_game
catchacoma,fur
cateel,fruit
catios,silver
catoctin,lumber
cattaraugus,fruit
catucto,lumber
cauitaome,wild_game
cauouatstacau,lumber
caupolican,medicaments
cauquen,clay
caurakawin,potato
cauroma,goods_gold
causapscal,wild_game
caux,cotton
cavalese,lumber
cavan,horses
cawachagamite,wild_game
cawassiemica,fur
caxa,cotton
caxanga,fish
caxitlan,chili
caxud,lumber
cayacoa,maize
cayaguayo,cotton
cayapo,wild_game
cayas,lead
caycos,salt
cayenne,fish
cayguani,salt
cayubaba,wild_game
cayuvava,lumber
cazombo,wild_game
cazorla,fruit
ccantumarcani,silver
ce_eiinox,stone
ce_vaq,fish
ceduna,wild_game
ceeldheer,livestock
ceepee,fiber_crops
cefalu,lumber
cegani,wheat
ceheng,rice
ceibal,fruit
celano,wool
celje,wheat
celle,wool
celtik,livestock
cemar,wild_game
cemisgezek,beeswax
cempaga,goods_gold
cempoala,fish
cemuhi,fruit
ceneda,wool
cengtai,livestock
cenrana,copper
central_dahalo,livestock
central_meetto,lumber
central_sabaneque,tobacco
cenxi,stone
cephalonia,livestock
cercy,coal
cerkes,livestock
cermik,livestock
cernauti,wild_game
cernavoda,beeswax
cerocahui,beeswax
cerskey,wild_game
cervera,beeswax
cerwecerna,maize
cesena,wine
cesis,millet
cesme,fish
cess,fish
cestos,saffron
cetatea_alba,fish
cetatea_balta,wild_game
cetatea_tetina,legumes
cetateni,lumber
ceuta,fish
ceva,lumber
chabanais,lumber
chabcha,livestock
chacayacu,potato
chacchoben,fish
chach,legumes
chachersk,iron
chactemal,cocoa
chadileuvu,salt
chadobets,wild_game
chagai,salt
chagannur,millet
chagda,fur
chaghankhot,millet
chagu,legumes
chaguate,lumber
chahar,beeswax
chai,fruit
chai_nat,silk
chaibasa,iron
chain_chaitun,fish
chainouqua,beeswax
chainpur,stone
chaira,lumber
chaisri,lumber
chaiturgarh,legumes
chaiya,lumber
chaiyaphum,wild_game
chak,copper
chakadee_wakpa,wild_game
chakan,horses
chakan_putum,chili
chakan_yucatan,fish
chakanbakan,maize
chakangrao,lumber
chakaria,beeswax
chake,copper
chakma,lumber
chakola,lumber
chakota,marble
chakwal,wheat
chala,livestock
chala_at,fish
chalahume,legumes
chalancon,wool
chalandritsa,beeswax
chalbukhan,fur
chalchuapa,cocoa
chalco,silver
chalin,fish
chaling,livestock
chalkyitsik,fur
challwanqa,salt
chalninsky_pochinok,lumber
chalon_sur_saone,wine
chalons_champagne,wine
chalten,clay
chalus,rice
cham,lumber
chama,gems
chama_venezuela,clay
chaman,horses
chamba,lumber
chamba_india,wool
chambargonda,beeswax
chambery,wine
chambeta,wild_game
chambon,livestock
chamcha,fur
chamchamal,legumes
chamcook,fish
chamdo,salt
chamo,lumber
champaner,millet
champasak,rice
champavati,wool
chamuhongo,wild_game
chamzinka,wheat
chan_bo,fish
chan_chan,beeswax
chana,maize
chanaral,fish
chancay,wool
chanchacc,fiber_crops
chanderi,cotton
chandor,lumber
chandpur,wild_game
chandpur_garhi,iron
chandpur_uttar_pradesh,cotton
chandrabad,rice
chandrakona,cotton
chandrapur,lumber
chandravati,livestock
chandrawip,lumber
chandwar,sugar
changan,lumber
changchun,legumes
changge,livestock
changguo,fish
changhua,legumes
changle,livestock
changle_fujian,fish
changle_xunzhou,cotton
changli,fish
changlin,rice
changning,lead
changning_anyuan,livestock
changning_changning,legumes
changping,livestock
changqing,wheat
changsha,clay
changshan,livestock
changshe,livestock
changshi,alum
changshou_changshou,lumber
changshou_pingjiang,tea
changshu,cotton
changtai,livestock
changtan,lumber
changting,beeswax
changxing,tea
changyang,cotton
changyi,legumes
changyuan,wheat
chania,wine
channan_pir,sand
chanshayapi,wild_game
chao,maize
chao_de_couce,livestock
chaocheng,legumes
chaoxian,stone
chaoyang,rice
chapaleufu,wild_game
chapallan,legumes
chapeco,wild_game
chara,fur
charagua,elephants
charaideo,beeswax
charang,lumber
charasa,wild_game
charchan,cotton
charef,salt
chariguriqua,fruit
charikar,tin
chariton,lead
charka,stone
charkamak,wool
charklik,millet
charolles,clay
charonda,fur
charouine,camels
charquis,legumes
charroux,millet
charrua,sand
chartres,fruit
charumani,goods_gold
charyn,beeswax
chastoozerye,fur
chastye,fur
chatahoochee,clay
chatanugi,sand
chatata,wild_game
chateau_chinon,iron
chateau_du_loir,fiber_crops
chateau_gontier,fiber_crops
chateau_porcien,livestock
chateau_thierry,dyes
chateaubriant,iron
chateaudun,millet
chateaulin,fish
chateauneuf_de_randon,iron
chateauroux,iron
chatelaudren,wheat
chatellerault,millet
chatillon_sur_indre,wheat
chatillon_sur_seine,salt
chatillonaos,iron
chatot,cotton
chatra,medicaments
chattarawa,stone
chatuza,fruit
chatyun,stone
chaucalana,clay
chauchu_trail1,wild_game
chauchu_trail2,wild_game
chauchu_trail3,wild_game
chaudandi,elephants
chaughera,cotton
chaul,sugar
chaumont,wheat
chaumont_vexin,wheat
chaun,wild_game
chauragarh,iron
chavand,iron
chaves,wool
chavin,maize
chavusy,livestock
chawasha,lumber
chawchila,fruit
chay,lumber
chaydakh,wild_game
chayopin,lumber
chayrama,fruit
chayygda,lumber
cheb,tin
chebarkul,iron
chebba,sugar
chebogue,fish
cheboksary,lumber
cheboygan,fur
checagou,sand
chedzurgwe,livestock
cheffia,legumes
chegem,livestock
chehalis,fish
chehl_dokhtaran,fruit
cheke_holo,lumber
chekmagush,lumber
chekurovka,fur
chelan,lumber
chelm,livestock
chelmno,fiber_crops
chelmsford,wheat
chelmuzhi,clay
cheltenham,fruit
chelva,beeswax
chelyaba,iron
chemal,wild_game
chembar,wheat
chemnitz,wool
chena,goods_gold
chengbu,lumber
chengcheng,livestock
chengdu,rice
chengfu,wheat
chenggong,sand
chenggu,livestock
chengji,lumber
chengmai,rice
chengshan,fish
chengwu,livestock
chengxiang,wild_game
chengzhou,fur
chenini,wool
chennur,beeswax
chenoka,sand
chenqing,lumber
chenxi,wild_game
chenyang,livestock
cheonan,legumes
cheongju,goods_gold
cheongsong,iron
chepes,wild_game
cheplak,millet
chepo,lumber
chepoussa,clay
chequamegon,wild_game
cherbourg,sand
cherchell,sugar
chercher,livestock
cherdakly,horses
cherdyn,salt
cheremkhovo,fur
cherepoves,wild_game
cheresig,wool
cherfe,fish
cheringoma,millet
cheriumche,tin
cherkasy,lumber
cherkekh,salt
cherlak,fur
chernaya,lumber
chernihiv,wheat
chernyanka,legumes
chernyany,fiber_crops
chernyye_zemli,livestock
cheroenhaka,medicaments
cherohenaka_nc,tobacco
chertanla,livestock
chertkovo,livestock
cherven,millet
chervyen,millet
chesapeake,sand
cheslattat_en,wild_game
chesnokovka,lumber
chester,salt
chesterfield,lead
chestowee,iron
chet_irgiz,beeswax
cheticamp,lumber
chetilla,iron
chewalla,cotton
chewaucan,fur
chezdi_osorheiu,livestock
chhaparagarh,alum
chhatarpur,cotton
chhaya,millet
chhmuoh_thmei,fiber_crops
chi_la,fruit
chiaha,legumes
chiametlan,chili
chiang_dao,lumber
chiang_khan,fish
chiang_khong,dyes
chiang_mai,livestock
chiang_rai,livestock
chiang_saen,millet
chianouske,legumes
chiautla,livestock
chiavenna,lumber
chiba,fish
chibango,fruit
chibemba,wild_game
chibougamau,fur
chibuene,fruit
chibvumani,ivory
chibwe,lumber
chicagon,fur
chical_co,wild_game
chicamacomico,lumber
chicaquicha,salt
chicchoc,lumber
chichaoua,cotton
chichawatni,wild_game
chichen_itza,dyes
chichester,stone
chichibu,goods_gold
chichitames,fiber_crops
chicksawhe,legumes
chicobi,wild_game
chicora,clay
chicoutimi,fur
chidkhu,fish
chieri,wheat
chieti,wheat
chignecto,lumber
chignik,fish
chigoubiche,wild_game
chiisagata,rice
chijin,livestock
chikaskia,lumber
chikchar,wool
chikhan_agui,wild_game
chikowa,livestock
chikwanda,fruit
chilapa,copper
chilas,millet
chilca,fish
chilchi,wild_game
chilga,millet
chilia,wool
chilkootg_trail,wild_game
chillan,lumber
chillupar,rice
chiloango,lumber
chiluane,fruit
chilwe,lumber
chimalapan,cocoa
chimay,iron
chimgi_tura,fur
chimu,potato
chimuande,beeswax
chinabajul,marble
chinaitih,mercury
chinali,legumes
chinantlan,cocoa
chinchaga,fur
chinchay,salt
chinchilla,wine
chinchon,wheat
chinda,cocoa
chindre,fish
chine,salt
chingetti,sand
chinggil,horses
chinili,wild_game
chiniot,cotton
chinipas,chili
chinipi,fiber_crops
chinon,silk
chinook,fish
chinquetana,stone
chinunga,lumber
chioata,lumber
chioggia,salt
chios,medicaments
chipagwe,iron
chipangura,livestock
chipata,beeswax
chiping,wheat
chipion,salt
chipisipi,wild_game
chipoudy,fish
chippenham,livestock
chiprac,salt
chipukuswi,livestock
chiquia,maize
chiquimula,lumber
chira,clay
chiramba,goods_gold
chiras,livestock
chiripa,lumber
chiriqui,lumber
chirki,fur
chiroqchi,legumes
chirovoye,fur
chirowe,lumber
chiru,fish
chiryapchi,fur
chisasibi,fur
chishamnee,lumber
chishmy,lumber
chishti_sarif,iron
chishtian,wheat
chisinau,stone
chisobibra,medicaments
chisos,coal
chistamikap,wild_game
chisvingo,cotton
chiswell,lead
chit,wild_game
chitagaes,lumber
chitambo,lumber
chitanda,cotton
chitapur,pepper
chitek,clay
chitimbe,lumber
chitina,copper
chitkan,fur
chitolah,fiber_crops
chitomborwizi,lead
chitope,fish
chitose,wheat
chitradurga,millet
chitrakuta,legumes
chitral,wheat
chittagong,fish
chittaloosa,cotton
chittoor,incense
chittor,millet
chiusi,mercury
chiveve,medicaments
chivilco,fruit
chivitkino,wild_game
chiyone,fur
chlaande,wild_game
chlef,millet
choapan,lumber
choate,sand
choccalpata,potato
chochama,lumber
chochenyo,mercury
choco,chili
choconta,copper
choctawhatchee,sand
chodrak,livestock
chodrak_kham,lumber
chodziez,iron
choele_choel,livestock
chogyal_khar,wild_game
choigan,lumber
choiseul,livestock
chojna,fish
chol,lumber
cholle_cholle,legumes
cholohollay,lead
cholok_kaiyn,wild_game
cholollan,maize
choluteca,cotton
chom_khao_maneerat,legumes
choma,clay
chomuruvuti,goods_gold
chon_naryn,iron
chona_trail,wild_game
chondon,fur
chongan,tea
chongde,tea
chongming,salt
chongoene,rice
chongren,livestock
chongshan,fiber_crops
chongxin,millet
chongyang,tea
chongyi,fur
chono,tin
chootawatchee,maize
chopim,lumber
choquerecuay,stone
chor,wool
chornobyl,wild_game
chornukhy,wool
chorten_nyima,livestock
chortolisy,fiber_crops
chortoryisk,wool
chorumani,ivory
chosan,gems
choszczno,wild_game
chowanoke,legumes
choyrin_datsan,wool
chrudim,millet
chrzanow,lead
chuainisin,fish
chuanzhou,livestock
chuapa,beeswax
chuathbaluk,fur
chucalissa,clay
chuchures,fruit
chucuito,fish
chucutitlan,dyes
chudniv,livestock
chudovo,lumber
chuhuiv,millet
chukhloma,millet
chullac,potato
chuluutyn,horses
chumbivilcas,salt
chumdo,wild_game
chumikan,wild_game
chumnungwa,livestock
chumphon,lumber
chumuch,maize
chunan,lumber
chunar,stone
chundzha,millet
chungju,lumber
chungu,lumber
chunhua,livestock
chunju,rice
chunoyar,lumber
chunsua,marble
chupanga,lumber
chupilta,salt
chuqiu,legumes
chuqiyapu,goods_gold
chuqlluqucha,goods_gold
chur,millet
churajon,chili
churapcha,wild_game
churkampa,wool
churu,cotton
churumekua,incense
chuuk,fruit
chuva,wild_game
chuvan1,wild_game
chuvan2,wild_game
chuvan3,fur
chuwalee,stone
chuwi,legumes
chuy,fish
chuya,lumber
chuzboy,millet
chyhyryn,livestock
chyliga,wild_game
chymnaii,wild_game
chyormoz,fur
chyorny_yar,wool
ciaike,fish
cianjur,lumber
cibadak,horses
cibagalaax,goods_gold
cibal,lumber
cibao,lumber
cibuaya,sugar
ciechanow,millet
cieza,fiber_crops
ciguayo,amber
cihuatlan,fruit
cikakw_sipi,wild_game
cili,rice
cimanuk,fiber_crops
cincu,livestock
cine,dyes
circle,fur
cirebon,clay
cirencester,livestock
cittacastello,dyes
cittaducale,wool
ciudad_real,wheat
ciudad_rodrigo,wheat
ciudadela_de_menorca,fish
cividale,wine
civitavecchia,alum
ciwat,legumes
cixi,clay
cizre,olives
ckara_ama,copper
clackmannan,livestock
clermont,wheat
clermont_en_argonne,wild_game
clermont_en_beauvaisis,horses
cles,fur
clifden,horses
clogher,fiber_crops
clonmel,livestock
cloppenburg,livestock
cluj,salt
clusone,iron
co_dang,fish
coacoachou,lumber
coahuayana,fish
coaticook,fur
coatlan,fiber_crops
coatlicamac,medicaments
coatzacoalco,fish
coba,chili
cobequid,fish
cobeta,livestock
cobija,fish
coblenz,lumber
coburg,alum
cocalico,tobacco
cocamas,medicaments
cocanarup,millet
cochem,wine
cochimi,fish
cochinoca,tin
cochoqua,fruit
cockermouth,lead
coco,wild_game
cocollan,maize
cocomacan,livestock
cocorna,iron
cocoyome,iron
coctu,fruit
coevorden,livestock
cofaqui,legumes
cofitachequi,pearls
cognac,wine
cognashene,fur
cohansey,lumber
cohari,cotton
coimbatore,iron
coimbra,medicaments
coinan,livestock
coiracoentanon,legumes
coixtlahuacan,maize
cojutepeque,fiber_crops
cokuurdaax,fur
colchester,fish
coleraine,millet
colha,cotton
colhue_huapi,legumes
coligua,fiber_crops
coliman,maize
colipilli,gems
collique,medicaments
collo,fish
colmar,copper
colmenar,lumber
cologne,wheat
colombayma,fiber_crops
colquechaca,silver
colville,fur
comacchio,salt
comana,livestock
comana_cil,stone
comayagua,lumber
combahee,lumber
comcaac,maize
comitlan,beeswax
como,livestock
comogre,beeswax
conceicao,lumber
condom,livestock
condorcet,lumber
conecuh,legumes
conegliano,livestock
conemaugh,stone
coneto,cotton
conewago,iron
congaree,lumber
conghua,sugar
congona,potato
conkouati,lumber
connatachequa,clay
conococheague,fur
conotton,fur
consha,cotton
constanta,livestock
constantia_bul,wine
constantina,silver
constantine_ALG,horses
constantinople,silk
consuegra,livestock
contornasa,copper
conwy,pearls
coonawarra,wild_game
coos,lumber
coosa,maize
coosaw,cotton
coospacam,tobacco
cootamundra,goods_gold
cootcla,wild_game
copa,horses
copane,salt
copuz,wild_game
corabia,beeswax
corani,fish
corbeil,silk
corbie,wool
cordoba,wool
coree,fish
coremas,legumes
corfu,fruit
coria,horses
coria_del_rio,beeswax
corinth,stone
cork,millet
corleone,wine
corlu,fiber_crops
corneto,fiber_crops
coro,beeswax
corodehuachi,iron
coropo,lumber
corpen_aike,legumes
corte,wool
cortenuova,livestock
cortona,wine
corum,legumes
corumba,legumes
coruna,fish
corycus,wheat
cosamaloapan,fruit
cosenza,silk
cosihuiriachi,tin
cosrou,medicaments
costa,fish
coste,pearls
cotapampa,maize
cotnari,wool
cotrone,cotton
cottbus,livestock
cotui,iron
coucy,wheat
coutances,fruit
coutins,fish
covasna,alum
coventry,wheat
covilha,wool
cowal,lumber
cowasuck,lumber
coweta,lumber
coyaima,copper
coyame,wild_game
coyle,wild_game
cozha,wild_game
cozia,lumber
crailsheim,millet
craiova,fiber_crops
crasna,lumber
crato,horses
cremona,wheat
crepy,fur
crescent_spur,lumber
crikvenica,fish
cristuru_secuiesc,fiber_crops
crixas,silver
croatan,fish
crook,goods_gold
cruz_alta,medicaments
csanad,medicaments
csantangelo,livestock
csurgo,wheat
cuama,sugar
cuanales,iron
cuangar,livestock
cuango,lumber
cuareim,fruit
cuauhcapolca,cotton
cuauhchinanco,stone
cuauhcuetzpaltepec,cocoa
cuauhnahuac,maize
cuauhtemallan,gems
cuauhteopan,goods_gold
cuauhtitlan,cotton
cuauhtochco,cocoa
cuauhtolco,sand
cuautla,copper
cubanacan,maize
cubao,clay
cubara,iron
cubiga,lumber
cubuk,legumes
cuchi,wild_game
cucurpe,wild_game
cudalbi,livestock
cuddapah,iron
cueiba,cocoa
cuellar,wool
cuenca,salt
cuencame,sand
cuetlaxtlan,maize
cuhea,stone
cui_yui_ticutta,goods_gold
cuicatlan,lumber
cuijk,livestock
cuilo,lumber
cuima,ivory
cuito,wild_game
cuitzeo,maize
cukataw,horses
culhuacan,maize
culiacan,legumes
cullahill,fiber_crops
cumana,fish
cumanacoa,fiber_crops
cumanagoto,fish
cumaribo,wild_game
cumbum,elephants
cumra,livestock
cumumba,fiber_crops
cundi,lumber
cuneo,wheat
cunhambebe,salt
cuoim,lumber
cupar,wheat
cupilco,fish
cura,livestock
curacaute,fish
curahuara,wild_game
curiche,pearls
curitiba,lumber
curitibanos,lumber
curruhuinca,wool
currumil,stone
curu_leufvu,fish
curuai,beeswax
curuguaty,maize
curumanao,legumes
curumu,fish
cururu,lead
curvelo,fiber_crops
cushamen,wild_game
cussate,medicaments
cuthuhogwa,stone
cuttaway,maize
cuttawba,legumes
cutzalan,sand
cutzamala,fruit
cuvenai,lumber
cuxtaque,livestock
cuyahoga,tobacco
cuyo,legumes
cuyuxquihui,lumber
cuzalapa,maize
czaplinek,lumber
czarnkow,wool
czchow,wool
czersk,lumber
czestochowa,iron
czlopa,livestock
czluchow,horses
da_giang,tea
daan,copper
daasanach,clay
daba_akanda,lumber
dabaca,livestock
daban,fish
dabarqi,livestock
dabhol,pepper
dabiq,cotton
daboka,lumber
daboya,livestock
dabuchyn,clay
dacheng,wheat
dacice,iron
dadandang,lumber
dadi_dadi,legumes
dadri,tin
dadu,pepper
daet,cotton
dafang,wild_game
daga,livestock
daga_papua,fish
dagana,rice
dagandely,wild_game
dagett,wild_game
dagon,fish
dagu,salt
dagu_shunyuan,legumes
daguan,wild_game
daguda,fish
daguwanalahi,fiber_crops
dagze,livestock
daha,stone
dahlak,pearls
dahra_sasykkol,horses
dahrur,millet
dai_man,legumes
daik,fish
daima,millet
daingean,livestock
dainggatti,millet
daizhou,beeswax
dajal,livestock
dak_lak,lumber
dakadjalan,iron
dakahla,rice
dakawa,lumber
dakhkat,iron
dakhla,fish
dakkar,coffee
dakky,wild_game
daklha_gampo,livestock
dala,fish
dalaborg,livestock
dalai_nuur,clay
dalaiketun,wheat
dalay,copper
dalgan,wild_game
dalinghe,rice
dalingkot,rice
dallol,salt
dalneye_konstantinovo,lumber
dalniye_zelentsy,wild_game
daloa,livestock
damala,fish
daman,fish
damanhur,wheat
damaqua,fish
damar,fruit
damara,gems
damascus,olives
damasonqua,fruit
damaturu,livestock
damavand,beeswax
damba,clay
dambai,millet
dambi_angonga,lumber
dambwe,lumber
damghan,cotton
damietta,fish
damoh,wheat
damrey_trom,elephants
damzhung,livestock
dan_sai,lumber
dancheng,livestock
dancheon,silver
dandong,marble
danduka,cotton
dandybay,horses
dang,millet
dangbon,fruit
dangcheng,stone
danggali,livestock
dangila,coffee
dangshan,legumes
dangtu,wheat
dangyang,rice
danilov,fur
danilovka,livestock
daning,livestock
daning_kuizhou,stone
daning_pingquan,millet
daniski,millet
danleng,livestock
danli,maize
dannenberg,sand
dantewada,rice
dantu,rice
danubyu,rice
danyang,iron
danyang_korea,beeswax
daoba,stone
daolong,lumber
daoukro,saffron
dapiguemlec,lumber
dapitan,fruit
daquq,beeswax
dar_es_salaam,fruit
dara,fruit
darab,cotton
daraban,wool
daratan,fish
darbhanga,dyes
dardeling,fish
darende,fruit
darganata,cotton
dargaz,livestock
darghat,wheat
dargol,millet
dargyeling,clay
darkylakh,fur
darlag,wool
darlington,coal
darmstadt,lead
darney,medicaments
daroca,wool
daroot_korgon,wool
darrehshahr,wheat
dartang,wild_game
dartsedo,stone
darumbal,millet
darwar,incense
darz,wool
darzanji,wild_game
dashahai,fruit
dashev,wine
dasmenda,horses
dasong,wheat
dassa_zoume,rice
dastgerdan,camels
dasu,wool
date_loc,legumes
datia,cotton
datian,livestock
datian_shizhou,tea
datong_datong,wheat
datong_xining,livestock
datooga,livestock
datta,fish
daugavpils,millet
daulatabad,cotton
daule,wool
daun,lead
daura,millet
dausa,marble
daventry,wheat
davlekanovo,lumber
davos,livestock
davyd_haradok,fruit
daw_sud,sand
dawande,fiber_crops
dawbah,camels
dawhee,wild_game
dawlat_abad,wool
dawu,livestock
dax,beeswax
daxing,wheat
daxue,lumber
daxunhyuu,wild_game
daya,rice
daya_kathyn,legumes
dayao,salt
dayaoshan,livestock
daye,iron
dayi,livestock
dayong,livestock
dayr_aqul,sugar
dayu,wild_game
dazhasi,stone
dazhu,rice
dazu,livestock
deadose,fruit
dean,rice
deatnu,fish
debagarh,cotton
debar,wild_game
debarq,fruit
debarwa,wheat
debdou,olives
debica,wild_game
debila,clay
debin,lumber
debra_berhan,wheat
debra_warq,millet
debrc,beeswax
debre_bizen,livestock
debre_libanos,wheat
debre_tabor,millet
debrecen,beeswax
debyosy,lumber
dechang,silk
decin,millet
ded_khulsun,livestock
dedesi,livestock
deer_lodge,wild_game
degehabur,stone
deh_kord,fiber_crops
deh_kundi,copper
dehagh,wool
dehaj,livestock
dehdasht,sand
dehdez,livestock
dehgolan,livestock
dehistan,livestock
dehloran,wool
dehram,cotton
dehshir,marble
dehskan_ziibi,fiber_crops
dehtal,wool
dehua,clay
dehua_jiujiang,cotton
deir_ez_zor,wheat
deir_qamar,silk
dej,salt
dejiang,livestock
dekemhare,livestock
del_khad,goods_gold
delaram,wool
delemont,lumber
delger_moron,wool
delhi,wheat
deli,fish
delijan,wheat
deliktash,livestock
delinde,fish
deline,lumber
delitzsch,beeswax
delmenhorst,legumes
deloraine,gems
deloy_chet,fur
deloy_ges,wild_game
deltana,fur
delyankir,silver
demak,rice
demba,legumes
dembimbosaage,wild_game
demensk,wild_game
demerara,fruit
demetrias,fish
demidov,wool
demirci,beeswax
demmin,legumes
demnate,wool
demon,millet
demotica,horses
demyanovo,livestock
den_terek,millet
denali,wild_game
denbigh,clay
dengfeng,livestock
denia,fiber_crops
denkanikottai,livestock
denov,stone
densatil,copper
deo,cotton
deodar,millet
deogarh,legumes
deoghar,cotton
deokju,lumber
deori,fiber_crops
deou,livestock
deoule,sand
dep,lumber
deping,legumes
deqing,livestock
dera_bugti,wild_game
dera_ghazi_khan,livestock
dera_ismail_khan,livestock
deraheib,goods_gold
derawar,sand
derbeke,fur
derbent,wheat
derby,wheat
deren,fish
dererri,fish
dergachi,livestock
dergaon,tea
derge,goods_gold
derna,livestock
derry,horses
des_nedhe,fish
deskenetlata,wild_game
desnyanskyi_horodok,beeswax
deti,sand
detmold,salt
deungju,goods_gold
deva,wool
devadurga,fiber_crops
devakottai,clay
devanagara,beeswax
devanahalli,fruit
devarakonda,lumber
develi,wool
deventer,wheat
devgarh,elephants
devkot,sugar
devol,wine
devprayag,stone
devrekani,livestock
dexing,silver
deyang,rice
deychopan,goods_gold
deyhuk,fruit
dezadeash_trail,stone
dezful,cotton
dgheyaytnu,fish
dha_sohis,sand
dhadar,beeswax
dhading,marble
dhafar,wool
dhahran,fruit
dhalam,livestock
dhamar,livestock
dhamtari,rice
dhansiri,fruit
dhar,medicaments
dharampur,fiber_crops
dharangaon,millet
dharapuram,livestock
dharmapuri,cotton
dharmasraya,cloves
dharmavaram,millet
dharug,lumber
dhat_al_hajj,wheat
dhat_irq,iron
dhenkanal,salt
dhi_ain,fruit
dhipaesyin,elephants
dhlo_dhlo,stone
dholka,dyes
dholpur,dyes
dhone,livestock
dhrangadhra,cotton
dhubri,elephants
dhufar,incense
dhurma,livestock
di_dinh,lumber
dia,fruit
diaboudior,rice
diakha,wheat
diakhao,millet
diamou,millet
dianbai,medicaments
diangounte_camara,livestock
dianjiang,livestock
diaomen,lumber
diara,legumes
diawara,goods_gold
dibabawon,lumber
dibang,lumber
dibrugarh,lumber
dibue,lumber
didao,millet
didthul,lumber
die,livestock
diebougou,clay
dien_ban,pepper
dien_chau,lumber
dieng,fruit
diepholz,stone
dieribakoro,lumber
diez,marble
difunda,lumber
digavapi,fish
digenegh,fur
digne,alum
dijkot,wheat
dijon,saffron
dikhu,wild_game
dikimdya,iron
dikwa,rice
dillenburg,wool
dilling,livestock
dillingen,fur
dilzhee,fiber_crops
dima,beeswax
dimapur,lumber
dimishk,livestock
dina,salt
dinant,marble
dinar,marble
dindigul,millet
dinek_keskin,saffron
dinetah,stone
dingan,lumber
dingbian,millet
dingbian_shunning,lumber
dingcheng,wheat
dinghai,fish
dinghu,millet
dingi,livestock
dingle,wool
dingliao,horses
dingnan,lumber
dingnan_anshun,fruit
dingqiang,millet
dingri,livestock
dingrong,millet
dingtao,livestock
dingwall,wild_game
dingxi,livestock
dingxiang,livestock
dingxing,wheat
dingyuan,rice
dingyuan_chuxiong,legumes
dingyuan_fengyang,cotton
dingyuan_lingzhou,millet
dinkelsbuhl,legumes
dinkot,salt
dioila,rice
dioumara,wool
diourbel,sand
dipalpur,wheat
dipayal,livestock
diphu,elephants
dippa,wild_game
dir,fur
dire_dawa,fruit
diria,fish
diriyah,wheat
dirkou,alum
disentis,lumber
dishmok,lumber
dithakong,tin
dithakwaneng,wild_game
ditidaht,fish
diu,sugar
divandarreh,wheat
divrigi,iron
diyarbekir,livestock
dizhai,rice
dja_dja_wurrung,millet
djabuganjdji,lumber
djabwurung,fiber_crops
djado,sand
djalendi,fiber_crops
djanet,fruit
djappuminyou,lumber
djedaa,livestock
djee,lumber
djelfa,alum
djemah,lumber
djenne,cotton
djeoromitxi,lumber
djibo,livestock
djilor,millet
djiralay,fruit
djirbalgan,sugar
djonga,copper
djougou,medicaments
djundu,lumber
dluk,olives
dmanisi,iron
dmitriyev,livestock
dmitrov,wheat
doba,beeswax
dobele,fiber_crops
doberan,fish
dobkuri,lumber
doboj,legumes
dobrolak,livestock
dobrush,legumes
dobryanka,wild_game
dobrzyn,wheat
dobyaz,lumber
doeg,stone
doetinchem,fiber_crops
dogai,wild_game
dogo,cotton
dogonbadan,wheat
doh_kromum,livestock
dokshytsy,clay
dol,livestock
dolakha,wild_game
dolchinyo,fur
dole,legumes
dolkabaya,wild_game
dolo,livestock
doloodyn_gobi,wool
dolpo,wild_game
dolyna,fur
domakha,livestock
domanic,lumber
domazlice,fur
domboshaba,millet
domfront,iron
domodossola,goods_gold
dompu,horses
doncaster,iron
dondo,millet
dondykar,lumber
donegal,fish
donets_kharkiv,legumes
dong_lakhon,fiber_crops
dong_si_maha_phot,fiber_crops
dongan,lumber
dongan_shuntian,wheat
dongan_yongzhou,livestock
dongartal,elephants
dongchuan,lumber
donge,medicaments
donggala,lumber
donggo,medicaments
dongguan,incense
dongguang,livestock
dongju,amber
donglan,rice
dongliangting,millet
dongliu,fish
dongming,rice
dongnae,fish
dongning,legumes
dongola,fruit
dongondoutchi,livestock
dongping,tea
dongsheng,millet
dongxiang,livestock
dongxiang_dazhou,livestock
dongyang,rice
donjek,wild_game
donkov,livestock
donwun,lumber
donzy,medicaments
doolboong,livestock
doora,livestock
dorchester,clay
dordrecht,salt
dorey,livestock
dori,livestock
dormaa,livestock
dornoch,wild_game
dorogobuzh,wheat
doroh,copper
dorohoi,fruit
dorsotung,wild_game
dortmund,coal
dorud,tin
dospat,lumber
dosso,wild_game
douai,wheat
doubare,legumes
douentza,iron
doukang,lumber
dourbali,wild_game
dourtenga,livestock
doustioni,wild_game
douz,beeswax
dover,fish
dovolnoye,lumber
dowlatabad,saffron
dowlatabad_esfandaqeh,livestock
downpatrick,fish
dowraq,rice
dowzdab,livestock
doyahinee,lumber
dragasani,millet
draguignan,wheat
drahichyn,wheat
drahushiv,wild_game
drama,millet
drangtse,wild_game
drastar,fruit
drawsko,legumes
drayab,wild_game
drehu,fish
dresden,wine
dreux,wheat
drichu,wild_game
drigung,livestock
drijeva,fiber_crops
droge,horses
drogheda,wheat
drohiczyn,wheat
drohobych,salt
drokov,stone
dromahair,livestock
drutsk,lumber
drysvyaty,fiber_crops
dsun,horses
duanshi,legumes
duanxi,fruit
duau,fish
duba,fiber_crops
dubai,pearls
dubawnt,wild_game
dubbi,wheat
dubica,legumes
dublin,wheat
dubna,fiber_crops
dubno,wheat
dubok,legumes
dubovskoye,horses
dubrajpur,cotton
dubronjo,fur
dubrovna,livestock
dubrovnik,salt
dubrovytsia,amber
duchang,rice
ducheng,wild_game
duderstadt,livestock
dudhakunda,wool
dudinka,fish
dufanat,beeswax
duhok,livestock
duitama,alum
dukagjini,fiber_crops
dukhovnitskoye,livestock
dukhovshchina,wool
duki,wool
dukin,mercury
dulab,lumber
dulan,horses
dulgalaax_trail,wild_game
dulgalakh,lumber
duling,beeswax
dulis_ma,lumber
dullu,wild_game
dulmen,fiber_crops
dumai,millet
dumat_al_jandal,camels
dumba_katola,wild_game
dumbarton,wool
dumbi,lumber
dumbo,lumber
dumfries,fiber_crops
dumka,wheat
dunamase,livestock
dunaysir,wool
dunbar,millet
dundaga,amber
dundalk,sand
dundee,fruit
dunfermline,fiber_crops
dunga_bunga,fruit
dungannon,livestock
dungarpur,marble
dungarvan,wool
dungene,salt
dungkar,livestock
dungkar_amdo,horses
dungu,fruit
dungun,lumber
dunhallow,horses
dunkirk,sand
dunla,wheat
dunluce,livestock
duns,wool
dunstable,wool
duolundu,wild_game
duoshui,wild_game
dupnitsa,lumber
dura,lumber
durango,millet
durbe,fiber_crops
duren,dyes
durg,rice
durgarazpatnam,pepper
durgyeling,lumber
durham,wool
durjaya,elephants
durlach,wheat
durness,clay
durres,salt
dursunbey,millet
durun,fruit
dushan,gems
dusheti,livestock
dushikou,livestock
dusmareb,livestock
dusseldorf,horses
dutse,stone
dutsi,rice
duwamish,fish
duyang,fur
duyun,tea
dvarasamudra,silk
dve_viski,wild_game
dwarahat,wool
dwarawala,wild_game
dwarka,fish
dyagaryn,wild_game
dymer,wool
dyrashnichikha,fur
dyrnes,fish
dyryn_ebe,fur
dyunkun,fur
dzagyal,wild_game
dzaigil,livestock
dzamtang,wool
dzata,copper
dzerzhinskoye,fur
dzhuk,lumber
dzhul,wool
dzhulat,lumber
dzhulsub,legumes
dzibanche,wild_game
dzibilnocac,fiber_crops
dzierzgon,fiber_crops
dzil_nchaa_sian,silver
dzil_taadn,lumber
dzilam,maize
dzingcho,lumber
dzisna,fiber_crops
dzithinahnde,wild_game
dzogang,livestock
dzogon,wool
dzongkar,wheat
dzyatlava,millet
e_ometaeso,wild_game
e_omita_i,wild_game
eagle,goods_gold
eampepaigosode,fiber_crops
east_aasax,livestock
east_cubanacan,maize
east_falkland,fish
east_gogo,millet
east_hanos,wild_game
east_hehe,millet
east_kimbu,lumber
east_konongo,millet
east_lomwe,stone
east_makhuwa,lumber
east_ngindo,legumes
east_ongamo,salt
east_palawa,fish
east_sabaneque,tobacco
east_shangana,ivory
east_sundarban,lumber
east_wembere,livestock
east_yao,wild_game
ebeex,fur
ebejico,copper
ebelyakh,wild_game
eben_ezer,lumber
ebersberg,wild_game
ebibeyin,lumber
ebolowa,lumber
ebstorf,wool
ebya,wild_game
echemmaia,fruit
echi,rice
echimamish,lumber
echiy,tin
ecija,wheat
eckernforde,lumber
ed_daein,livestock
ed_damer,millet
ed_debba,livestock
edappaly,dyes
edaula,fur
edd,fish
ede,dyes
edea,lumber
edessa,copper
edfu,livestock
edinburgh,millet
edirne,dyes
ediziza_trail,wild_game
edremit,iron
educhanka,fur
edzna,stone
eexiwa,wild_game
efate,lumber
egabeni,lumber
egegik,wild_game
eger,clay
eggenfelden,legumes
eggers_o,stone
egil,fur
egilsstadir,lumber
egin,livestock
egirdir,wool
egito,sand
eglat_faisal,fish
egremont,wool
ehdacho,fish
ehwae,tobacco
eianamogola,lumber
eichstatt,medicaments
eid,fish
eidfjord,stone
eidsvoll,livestock
eiland,salt
eimastukwek,fish
einarsfjord,fish
einbeck,wool
eindhoven,legumes
eiowane,lumber
eisenach,stone
eisenberg,stone
eisiskes,fur
eisleben,copper
ejea_de_los_caballeros,wheat
ekab,salt
ekenas,fish
eket,legumes
ekholm,legumes
ekityki,mercury
eko,fish
ekonda,lumber
ekwan,fish
ekwentondie,legumes
el_abiodh_sidi_cheikh,wool
el_agheila,millet
el_alamein,fruit
el_arish,camels
el_ayum,tin
el_bahnasa,cotton
el_balyana,fruit
el_bayadh,fruit
el_burullus,fish
el_buur,stone
el_buwit,sugar
el_darad,fish
el_dhere,wild_game
el_eleila,cotton
el_escorial,stone
el_fahs,wheat
el_gadarif,ivory
el_golea,wheat
el_guerrara,fruit
el_hamurre,livestock
el_jem,salt
el_jundi,stone
el_kala,clay
el_kantara,wool
el_kef,iron
el_kseur,wheat
el_ksour,millet
el_mahalla,cotton
el_manaqil,wheat
el_metemma,fruit
el_milia,fish
el_obeid,horses
el_qasr,alum
el_qoseir,tin
el_sheikh,fish
el_tor,stone
elassona,fiber_crops
elbasan,iron
elbistan,livestock
elblag,amber
elche,sand
elcui,wild_game
eldikan,fur
eleuthera,fruit
elgin,millet
elgyai,fur
elgygytgyn,wild_game
elhdaqox_t_in,fur
elhovo,horses
elimaki,wild_game
elista,livestock
elizondo,lumber
elk,lumber
elkhorn,lumber
elki,maize
ellur,iron
ellwangen,medicaments
elmali,wool
elounda,fish
elsfleth,fish
elsiktuk,fish
elton,horses
elvas,wheat
elverum,lumber
ely,wheat
em_dinaneni,salt
emasulia,legumes
emba,livestock
emden,salt
emei,saltpeter
emet,stone
emin,wool
eminabad,legumes
emirdag,wool
emthanjeni,wild_game
emuer,millet
emyakhsin,lumber
ena,lumber
enare,fur
enashimo,lumber
enawene,wild_game
enchukamao,lumber
endirey,wild_game
eneabba,wild_game
enenlhet,lumber
enewetak_atoll,lumber
enez,salt
engeruka,lumber
enggano,fish
enghien,stone
enguzud,stone
enhe_hada,lumber
enhua,livestock
enice,salt
enijo,fish
enisala,fiber_crops
enjebara,medicaments
enken,fish
enkoping,millet
enlhet,lumber
enmyl_yn,fish
ennis,fiber_crops
enniskillen,livestock
eno,lumber
enontakis,lumber
enoo,fish
enookwasaneenah,sand
enoree,wild_game
enping,livestock
enselxcin,wild_game
ensisheim,wheat
entraigues,horses
enugu,livestock
enxet,fruit
enzhou,livestock
eora,wild_game
epe,saffron
epernay,fruit
epi,fish
epinal,wild_game
epixyu,lumber
epwikek,wild_game
eqlid,fruit
er_rich,livestock
erachimo,wild_game
eramosa,tobacco
erbach,livestock
erbach_swabia,clay
erbil,cotton
ercis,livestock
erdao,millet
erding,fruit
eregli,coal
eregli_kar,iron
erenkhot,livestock
eretreia,salt
erfurt,fiber_crops
ergani,iron
erie,maize
erigavo,beeswax
erikub_atoll,fish
eringiin,lumber
ermenek,stone
ermioni,livestock
ernan,wool
erode,incense
erongaricuaro,lumber
eroo,iron
erris,fish
erromango,fruit
eruh,legumes
ervykynnot,wild_game
erzin,beeswax
erzincan,livestock
erzurum,wool
esashi,goods_gold
esashi_hokkaido,fish
escatawppa,clay
eschenbach,lumber
eschwege,salt
escoria,fruit
escurial,wool
eseejja,medicaments
eseka,wild_game
esekatik,fish
esfarayen,livestock
esgueira,salt
esk_el,fur
eskalapia,lumber
eskil,clay
eskimanetigon,fur
eskippakaithiki,lumber
esna,sugar
eso,stone
espakeh,sand
espe,wheat
espiel,olives
espopolames,wild_game
esquatak,fruit
esquegua,lumber
ess,fur
essen,coal
essequibo,fish
essipit,lumber
estatoe,stone
este,wheat
estella,wheat
esteriktyaax,wild_game
estok_gna,legumes
estremoz,marble
eswawpuddenah,clay
esztergom,marble
etain,millet
etampes,legumes
etawah,sugar
etchemin,sand
ethapetha,medicaments
etharita,legumes
ethekwini,millet
etiwan,clay
etnemitane,fiber_crops
etoho,lumber
etomami,medicaments
etorofu,fish
etrek,livestock
etzanoa,maize
etzatlan,livestock
etzikom,wild_game
eufaula,cotton
eumseong,rice
eura,iron
eutin,wool
evenksk,fish
evian,livestock
evinayong,beeswax
evora,wheat
evreux,wheat
evuevi,fiber_crops
evur,fiber_crops
ewina,goods_gold
ewksikni,lumber
ewu,livestock
ewyas,lumber
exeter,fish
exuma,wild_game
eyapaysis,lumber
eynegol,wild_game
eyvan,wool
eyvanekey,rice
ezerenai,lumber
ezorongondo,fish
faaite_atoll,lumber
fabriano,fiber_crops
fachi,salt
fadak,fruit
fadisheh,wheat
faenza,clay
fagaras,lumber
fahambahy,saffron
fahraj_narmashir,fruit
fahrej,wool
faiyum,fiber_crops
fakarava_atoll,pearls
fakenham,millet
falaba,medicaments
falaise,wheat
falam,beeswax
falenki,lumber
falkoping,legumes
fallingbostel,legumes
falster,fish
falun,copper
famagusta,wheat
fana,fish
fanado,goods_gold
fanakat,livestock
fanchang,fish
fancheng,rice
fandene,millet
fangcheng,livestock
fangling,lumber
fangshan,marble
fangshan_lishi,stone
fanxian,rice
fanyang,wheat
faqus,fiber_crops
farah,rice
farakala,lumber
faramana,fiber_crops
faran,copper
faras,livestock
farasan,fish
farashband,cotton
faraveh,legumes
fardawsa,millet
farfan,salt
farhadgerd,wheat
faridkot,cotton
farim,livestock
farim_iran,stone
fariman,wool
farkhor,legumes
farnebo,lumber
faro,salt
farsala,fruit
farumad,wool
fas_papua,fish
fasa,wheat
fashoda,millet
fastiv,fiber_crops
fatehabad,wheat
fatezh,wool
fathabad,horses
faucigny,alum
fayd,fruit
fayzabad,gems
fazughli,goods_gold
fecamp,fish
fehervar,wheat
feicheng,livestock
feihu,wool
feira,iron
feixian,wheat
feldbach,wheat
feldkirch,lumber
feldkirchen,millet
felegyhaza,livestock
feltre,lumber
felvint,lumber
fem_mapu,fish
fengcheng,lumber
fengcheng_fengcheng,rice
fengchuan,lumber
fengdu,fish
fengfu,wheat
fenghua,fish
fengjie,fruit
fengle,rice
fengqiu,clay
fengrun,goods_gold
fengxi,gems
fengxian,rice
fengxiang,livestock
fengxin,lumber
fengzhou,millet
fenning,livestock
fenoarivo,livestock
fenoarivo_east,fruit
fenouillet,silk
fenxi,clay
fenyi,legumes
fereydunshahr,livestock
fergana,silver
feriana,legumes
fermo,wheat
fermoselle,wool
fermoy,beeswax
fernando_po,fish
ferns,fish
ferrara,wheat
ferrette,fruit
ferrol,fish
feurs,fiber_crops
fez,dyes
fiambalao,goods_gold
fianarantsoa,rice
ficarolo,fruit
fifinda,fruit
figeac,horses
figueira,fish
figuig,fruit
fimi,lumber
fin,cotton
finalborgo,wool
fingal,fish
finike,olives
finisterre,fish
fiorenzuola,wine
fipa,lumber
firabr,fruit
firozkoh,lead
firozpur,wheat
firuzabad,wool
firuzabad_bahraich,fruit
firuzkuh,wool
firuzkuh_afghanistan,wool
fischhausen,fish
fish_lake,wild_game
fishguard,wool
fisque_menuco,wild_game
flaming_gorge,wild_game
flekkefjord,fish
flensburg,livestock
flesberg,lumber
flint,lead
flix,olives
floda,lumber
florac,silk
florence,silk
florina,millet
foca,alum
focsani,wine
fofa,millet
foggia,wheat
fogo,fish
foix,iron
fomena,goods_gold
fomin_gorodok,legumes
fominichi,lumber
fontenay,sand
foping,lumber
forcados,fish
forcalquier,beeswax
forchheim,wheat
ford_liard,wild_game
forfar,wool
formiga,medicaments
forssa,fish
fort_dauphin,beeswax
fort_simpson,fur
fosdinovo,marble
foshnya,livestock
fosna,fish
fougeres,sand
foum_zguid,camels
foumban,lumber
fraga,wheat
francavilla,cotton
frankenberg,legumes
frankfurt,wheat
frassinoro,wool
frauenfeld,livestock
freiberg,silver
freiburg,silver
freienwalde,livestock
freising,wheat
freistadt,horses
frejus,wine
fremont,medicaments
french_ales,silk
fresco,fish
fresnes,lumber
freyburg,livestock
fribourg,legumes
friedberg,beeswax
friedberg_hesse,salt
friesach,marble
friesoythe,millet
frombork,fish
froso,wild_game
frutigen,wool
frydlant,iron
fryksdal,wild_game
fryvaldov,silver
fuan,tea
fucheng,lumber
fucheng_hejian,cotton
fuchi,pepper
fuchuan,wild_game
fuchuan_ningxia,coal
fuenteovejuna,wool
fuentiduena,wool
fufeng,wheat
fugeshi,fish
fugou,livestock
fugu,millet
fuji,legumes
fukushima,medicaments
fulaga_atoll,lumber
fulda,stone
fuliang,wild_game
fulni_o,wild_game
fuman,wheat
fumin,lumber
funafuti_atoll,lumber
funai,legumes
funchal,sugar
fundeku,lumber
funil,wild_game
funing,wheat
funing_huaian,salt
funtua,lumber
funza,stone
fuping,lumber
fuping_xian,stone
fuqiang,pepper
fuqing,cotton
furstenberg,beeswax
furstenfeld,millet
furubetsu,fish
furubira,fish
fushan,coal
fushan_jiaozhou,fish
fushan_muping,wheat
fushi,livestock
fushu,wheat
fushui,livestock
fushun,salt
fushun_liaoyang,coal
futakata,fish
futi,wheat
futian,rice
futoro,fish
futra_lhewfu,wild_game
fuwa,sugar
fuwa_mino,rice
fuxin,amber
fuyang,iron
fuyang_hangzhou,wheat
fuzhou,livestock
fuzhou_guangnan,lumber
fuzhou_liaoyang,horses
fuzhou_sichuan,pepper
fuzhou_songpan,stone
fuzhou_yanan,clay
fwai,fish
gaaigosode,legumes
gaamiskwaabikaang,lumber
gabes,wheat
gabin,wheat
gabra,livestock
gabun,ivory
gacgatagyn,ivory
gacko,stone
gadag,medicaments
gadchiroli,lumber
gadegara,lumber
gadubanud,lumber
gadwal,millet
gaeju,livestock
gaeryeong,pepper
gaeta,wheat
gafsa,fruit
gagi,wine
gagraun,dyes
gahato,wild_game
gaia,wheat
gaiman,fruit
gainou,stone
gairloch,livestock
gaiseni,legumes
gaizhou,salt
gakona,wild_game
galaagu,goods_gold
galati,wheat
galbyn_gobi,copper
galeana,beeswax
galibal,coal
galich,salt
galinhas,gems
galisteo,livestock
galkayo,fruit
galle,fish
gallipoli,salt
gallipoliita,olives
galo,wild_game
galway,millet
galyax,fish
gambaga,wool
gambaru,rice
gambela,livestock
gamberre,fish
gambia,fish
gambo,legumes
game_ti,fur
gameleira,fiber_crops
gamka,wild_game
gamo,coffee
gamou,rice
gampola,pepper
gamrun,fruit
gan,wild_game
gan_gan,wild_game
gana,beeswax
gana_damate,lumber
gananggalinda,millet
gananoque,fish
ganaraska,legumes
ganatchio,fruit
ganda,lumber
gandamak,legumes
gandava,wool
ganden_delingshar,livestock
ganderbal,wool
gandersheim,millet
gandia,sugar
gandikota,millet
gandzasar,silver
gane,lumber
ganen,medicaments
gangadvara,lumber
gangela,wild_game
ganggalida,gems
ganggye,beeswax
gangtok,livestock
gangulu,fiber_crops
gani_koe,wild_game
ganja,goods_gold
ganjam,salt
ganlygala,livestock
gannata_giyorgis,stone
ganneious,fish
ganquan,legumes
ganserndorf,wheat
ganxian,clay
ganyu,marble
ganyushkino,wool
ganze,wool
ganzhou,goods_gold
gao,rice
gaoan,legumes
gaocheng,livestock
gaocheng_suizhou,livestock
gaomi,wheat
gaoming,fish
gaoping,fruit
gaoqiao,stone
gaotai,millet
gaotang,livestock
gaoui,clay
gaoyang,lumber
gaoyang_baoding,livestock
gaoyao,fiber_crops
gaoyou,wheat
gaoyuan,millet
gaoyuan_jinan,wheat
gap,wool
gapsan,rice
gapyeong,lumber
garabito,fruit
garacad,fish
garadoume,livestock
garafraxa,tobacco
garalo,rice
garandoili,rice
garbahare,livestock
gardelegen,fur
gardez,legumes
gardman,iron
gardr,ivory
garengaze,wool
gargando,livestock
garha,marble
garhwa,elephants
gari,lumber
garibams,fish
gariep,wild_game
garingbal,coal
garmisch,alum
garmsir,beeswax
garoowe,livestock
garoumale,livestock
garreh,livestock
gartok,livestock
garu,livestock
garun_gabas,rice
garwolin,wool
gashowu,fur
gashun,wild_game
gaspe,fish
gattaran,lumber
gaua,fruit
gaur,wheat
gavrilovskoye,wild_game
gawakomitigweia,fiber_crops
gawilgarh,cotton
gaxun_gobi,livestock
gaya,lumber
gaya_n,iron
gayardilt,wild_game
gayiri,wild_game
gayny,lumber
gayo_lues,cloves
gayon,silver
gaza,fish
gazanjyk,livestock
gazrin_chuluu,livestock
gazzllatin,gems
gbabiri,fruit
gbepleu,rice
gdansk,dyes
gdov,fiber_crops
geawegal,coal
gebergeyel,livestock
gechak,wheat
gecheng,wheat
gedi,fish
gediz,alum
geelong,fruit
geertruidenberg,horses
gefle,fish
gegen,lumber
gegong,livestock
gegou,wheat
gelanggi,beeswax
geldern,millet
geledi,livestock
gellivaara,lumber
gembu,iron
gemer,fruit
gemerek,wool
gemona,livestock
genc,clay
gendebelo,stone
generostee,clay
geneseo,maize
geneve,silk
gengdang,lumber
gengma,wild_game
genoa,silk
geochang,legumes
geoje,fish
georgievskoye,legumes
gera,medicaments
gerace,lead
gerdauen,fiber_crops
gerede,iron
geregia,millet
gereshk,wheat
gergal,dyes
gerger,lumber
gergeri,tin
gerik,medicaments
gerit,lumber
germersheim,fruit
germi,legumes
gerze,fruit
gerze_tibet,livestock
geshitsa,livestock
gestenthorpe,salt
geumseong,lumber
gex,fur
geynyan,legumes
geziyandun,sand
ghadames,fruit
ghampur,livestock
ghansor,elephants
ghardaia,saffron
ghari,fruit
ghariyan,dyes
gharm,livestock
ghasipura,sugar
ghassasa,iron
ghat,livestock
ghatgaon,livestock
ghatsila,saltpeter
ghazipur,elephants
ghazni,fruit
ghent,wool
gheorgheni,medicaments
ghobeyra,wool
ghormach,wheat
ghorveh,wheat
ghotki,cotton
ghumayqah,fruit
giannitsa,wheat
gibraltar,fish
gichthanne,maize
gidhaur,fruit
gidi_tika,wild_game
giedraiciai,legumes
gien,wheat
giessen,wheat
gifhorn,fruit
gigen,fish
giiwas,lumber
gilan_gharb,wild_game
gildeskal,fish
gilgel_beles,wool
gilgit,livestock
gilju,lumber
gillberg,lumber
gilyuy,lumber
gimbi,millet
gimje,rice
gimpil_darjaalan,livestock
ginebig,fur
gingee,cotton
ginoogaming,fur
ginzo_de_limia,wheat
gioro,silver
giraiwurung,livestock
giresun,olives
girgenti,salt
girin_ula,cotton
girona,wheat
gisors,wheat
gitxsanimaax,fur
giurgiu,wool
giwitatigweiasibi,maize
giya,sugar
giza,sugar
gizhiga,ivory
gjakova,wine
gladsax,amber
gladzor,livestock
glamoc,wool
glarus,fur
glasgow,wool
glauchau,millet
glavacioc,lumber
glaz,wheat
glendalough,lead
glexwe,fish
glogow,wheat
glommadal,lumber
glossop,lead
gloucester,iron
glubczyce,livestock
glubocica,fiber_crops
glukharinyi,copper
glushkovo,fiber_crops
gmaap,wild_game
gmunden,salt
gniew,beeswax
gniezno,millet
gnowoo,livestock
goa,pepper
goalpara,lumber
goana_para,fish
goaso,millet
goat_creek,lumber
goba,fiber_crops
gobindpur,lumber
gochacalla,chili
godagari,elephants
gode,millet
godthab,stone
goeju,lumber
gogai,livestock
gogodala,fruit
gogol,livestock
gohayo,fish
goianas,fruit
goito,livestock
gojijin,fur
goju,fish
gokabat,fish
gokak,legumes
gokju,rice
gokseong,silver
goksholm,medicaments
goksun,wool
golashkerd,goods_gold
golconda,gems
goleniow,lumber
golere,rice
golhisar,stone
golino,fiber_crops
golmin_salggiyan,medicaments
golo_muiassa,lumber
golpayegan,wool
goly_karamysh,sand
gombe,rice
gomel,lumber
gomene,sand
gomsi,legumes
gomu,fish
gonabad,silk
gonaqua,lumber
gonc,goods_gold
gonda,silk
gondal,horses
gonder,cotton
gondokoro,wild_game
gonen,wheat
gonga_chode,wool
gongan,clay
gonganbao,livestock
gongcheng,fur
gongjiang_jurchen,medicaments
gongju,pepper
gongkar,wheat
gongshan,livestock
gongxian,fiber_crops
goniadz,livestock
gonjo,wool
gonkri,wild_game
gonogochi,copper
gonpatsi,medicaments
good_hope,wild_game
goodpaster,wild_game
gooniyandi,fiber_crops
goppingen,stone
gora,wool
gorachouqua,fish
goraghat,silk
gorakhpur,fiber_crops
gorbatovo,lumber
gordes,fiber_crops
gore,goods_gold
gorele,lumber
goreng,fish
gorgan,cotton
gori,iron
gori_gori,legumes
goringhaikona,fruit
goringhaiqua,fish
goris,wool
gorizia,clay
gorkha,wild_game
gorkovskoye,lumber
gorlitz,lumber
gorlos,livestock
gorodechnya,millet
gorodets,lumber
gorodets_luga,millet
gorodetsk,wild_game
gorodishche,livestock
gorodishna,lumber
goroditse_megra,millet
gorodok,wheat
gorodovikovsk,clay
gorokhovets,wild_game
gorongoza,millet
gorontalo,millet
goronyo,rice
goroti_kumrenhtx,wild_game
gorouol,fiber_crops
goroz,livestock
gorrones,copper
gorzow,wool
gosaoie,fish
goseong,coal
goslar,silver
gossi,ivory
gostynin,clay
gotera,legumes
gotha,lumber
gotheye,rice
gottingen,fiber_crops
goudel,rice
goudooumaria,millet
goulfey,rice
goumbou,livestock
goundam,rice
goundi,livestock
goupingguan,wild_game
gourdon,wine
goure,millet
gouriqua,fish
gouritsmond,sand
gourma_rharous,livestock
gouveia,maize
gowa,fish
gowtano,fiber_crops
goychay,wine
goynuk,marble
grabow,livestock
grabowiec,millet
grachevka,livestock
gradac,livestock
gradina,beeswax
gradiski_brod,lumber
grafenau,lumber
granada,clay
granadilla,stone
grancey,livestock
grand_bassam,fish
grand_lahou,saffron
grand_manan,fish
grandpre,horses
grange,iron
granite,lumber
grant,wild_game
grant_creek,wild_game
grantham,livestock
grass_creek,lumber
grasse,medicaments
gratesk,wild_game
gratia,wool
gravia,dyes
gray,clay
grayling,fur
graz,wool
great_zimbabwe,livestock
gremi,silk
grenland,lumber
grenoble,tin
gresi,wild_game
gresik,fish
grevena,alum
grevesmuhlen,sand
gribingui,lumber
griekwastad,wild_game
griesbach,fruit
grigoropolisskaya,livestock
grimma,wheat
grimmen,sand
grimsby,sand
grindsted,sand
grobina,fish
grodek,fiber_crops
grodkow,lead
grodno,lumber
grodzisk_wielkopolski,iron
grojec,wheat
gromatukha,fur
groningen,clay
gronnedal,fish
grosseto,wheat
grudziadz,millet
grundsunda,lumber
gruyere,livestock
gruzino,medicaments
gryazovets,stone
gryfia_gora,sand
gryfow,wild_game
grythyttan,iron
guacata,lumber
guacayakima,cotton
guachichil,silver
guachoyo,legumes
guadalajara,livestock
guadalupe,livestock
guadix,saffron
guadual,lumber
guaduas,cocoa
guahaba,cotton
guahan,fruit
guaiana,gems
guaimaro,fish
guaimas,cotton
guaitaca,lumber
guaitaka,salt
guaja,legumes
guajajara,lumber
guajara,wild_game
guajobos,wild_game
guajoquilla,wild_game
gualamba,lumber
gualas,salt
gualeguas,maize
gualeguay,cotton
guama,chili
guamanmayo,clay
guamonial,fish
guamontey,maize
guamuhaya,fish
guan,livestock
guana,beeswax
guanabo,fish
guanacevi,lead
guanahani,salt
guanamacabibes,tobacco
guanambi,beeswax
guanare,chili
guanay,fruit
guancavilca,fish
guancheng,clay
guancheng_zhengzhou,wheat
guanchenis,livestock
guandacol,copper
guanfu,fish
guangan,wool
guangchang,pepper
guangde,beeswax
guanghai,sand
guanghua,rice
guangji,clay
guangling,livestock
guangnan,horses
guangning,beeswax
guangning_zhaoqing,gems
guangping,wheat
guangshan,livestock
guangsuoling,livestock
guangxi,clay
guangze,wild_game
guangzhou,rice
guangzong,livestock
guaniguanico,chili
guanima,fish
guanimar,cocoa
guanipa,maize
guantanamo,copper
guantao,wheat
guanyang,stone
guanzhou,rice
guaquili,medicaments
guaquire,cotton
guaraca,maize
guarapiri,fish
guarapuava,beeswax
guarasugwa,beeswax
guarasugwe,legumes
guaratingueta,lumber
guarayo,fiber_crops
guarda,wool
guarico,fiber_crops
guarinoes,lumber
guarisamey,lumber
guaritico,lumber
guarungube,fish
guarzo,coal
guastalla,horses
guatacuba,goods_gold
guato,beeswax
guaviare,lumber
guaxaban,silver
guaxenicos,beeswax
guaxule,maize
guayacundo,livestock
guayana,fish
guayangareo,lumber
guayaquil,clay
guaycura,fish
guaygata,chili
guaynabo,fish
guaynia,salt
guayupes,medicaments
guazacapan,maize
guazapayogliglas,sand
guazhou,livestock
guazoco,fruit
guba,goods_gold
gubakha,copper
gubbi_gubbi,fish
gubbio,wool
guben,clay
gubio,rice
gucheng,rice
gucheng_jingzhou,legumes
gucheng_xi,clay
gucheng_zhending,horses
guchung,livestock
guchuntikka,wild_game
gudamalani,salt
gudur,fiber_crops
gueiquesales,maize
guelengdeng,rice
guelma,millet
gueme_sangan,stone
guenoa,cotton
guentota,wild_game
guerande,salt
guercif,stone
guereda,wild_game
gueret,livestock
guettara,clay
gugera,sugar
gugu_badhun,coal
guhlkahende,lumber
gui,wild_game
guiaquitas,silver
guichi,marble
guichita,lumber
guide,millet
guidimouni,livestock
guidong,lumber
guihua,beeswax
guiigu_yudxi,beeswax
guildford,beeswax
guiling,rice
guimaraes,livestock
guiping,tea
guiratinga,legumes
guire,livestock
guise,wheat
guishan,cotton
guishun,wild_game
guixi_guangxin,goods_gold
guixin,clay
guiyang_chenzhou,lumber
guiyang_hengyang,rice
guizhou_guizhou,dyes
guizhou_xunzhou,tea
gujou,lumber
gujrat,legumes
gulang,horses
gulbarga,iron
gulbene,lumber
gulcha,livestock
guliang,livestock
gulidjan,fish
gulin,livestock
gulistan,wool
gulja,wheat
gulmi,livestock
gulshara,sand
gulvau,wild_game
gulya,fur
guma,rice
gumbaynggirr,wild_game
gumbinnen,wild_game
gumel,millet
gummersbach,stone
gumus,silver
gumushane,silver
guna,cotton
gunaaxoo,fish
gunbalang,fish
gunditjmara,lumber
gungabula,wild_game
gunindiri,wild_game
gunma,legumes
gunnaur,rice
gunnedah,coal
gunt,fur
guntur,elephants
gunung_sahilan,wild_game
gunung_sugih,lumber
gunupur,fruit
gunwinggu,wild_game
gunza_anbamba,salt
gunzburg,legumes
guochuan,lumber
guohuo,fish
guolimu,wool
guozhou,iron
gura_galbenei,horses
guramal,millet
gurbillup,fish
gureng_gureng,fish
gurgaon,horses
gurghiu,stone
gurgueia,legumes
gurindji,fiber_crops
guringai,legumes
gurkyang,stone
gurramkonda,beeswax
gurun,lumber
gurupatuba,medicaments
gurupi,lumber
gusau,rice
gushan,livestock
gushi,livestock
gustrow,millet
gutian,legumes
gutti,gems
guugu_yimidhirr,fish
guvrel,ivory
guwa,livestock
guwahati,ivory
guwan,pepper
guwandhaang,copper
guwevkabaya,maize
guwinmal,coal
guzelhisar,wheat
guzhang,livestock
guzhen,wheat
guzhou,lumber
guzor,wheat
gwa,pearls
gwaay_haanas,fish
gwadar,sand
gwalior,iron
gwangju,legumes
gwaram,millet
gwatar,fruit
gwenaska,wild_game
gwiju,horses
gyama,wheat
gyamda,wild_game
gyanema,wild_game
gyantse,wheat
gydo,fruit
gyeongju,iron
gyeongseong,rice
gynaikokastro,wine
gyor,medicaments
gytgomkyvamm,goods_gold
ha_va_nguon,incense
haapai,fruit
habana,fruit
habban,livestock
habiyah,fruit
hacarigua,lumber
hacaritamas,wild_game
hachberg,wine
hacibektas,salt
hackensack,copper
hadamar,wild_game
haderslev,horses
hadiach,millet
hadibu,sugar
hadishahr,legumes
haditha,sugar
hadiya,wheat
hadjer_haddid,livestock
hadong,tea
haeju,fish
haenam,rice
haerhhana,livestock
hafar_al_batin,livestock
hafik,livestock
haga,rice
hagenow,clay
hagios_pavlos,sugar
haguenau,wheat
hagwilget,lumber
hahahae,dyes
hahatououadeba,fur
hahawakpa,clay
haifeng,beeswax
haihaer,livestock
haikang,pearls
hail,wheat
hailang,wheat
hailar,horses
hailing,rice
hailun,fur
haimen,salt
haining,salt
haiom,stone
haisla,fur
haiyan,salt
haiyang,tin
haiyuwel,wool
haizhou_liaoyang,wheat
hajar,fruit
hajduszoboszlo,wool
hajiabad,wild_game
hajipur,fruit
hajjah,livestock
hajjiabad,iron
hajjiabad_zarrindasht,salt
hajner,wheat
hajnowka,fur
hajo,lumber
hakata,beeswax
hakha,tea
hakkari,lumber
hala,cotton
halaban,camels
halas,legumes
halberstadt,horses
halchidoma,maize
halden,lumber
haldensleben,wool
haleri,silk
halesi,wild_game
hali,wheat
haliti,wild_game
hall,salt
halle_an_der_saale,salt
hallein,salt
hallingdal,lumber
halmstad,wheat
halona_idiwana,stone
halshany,medicaments
halych,wheat
hama,wheat
hamadan,saffron
hamar,legumes
hamaroy,fish
hambantota,fruit
hambatus,copper
hambukushu,lumber
hamburg,wheat
hamcumqua,livestock
hamdallaye,millet
hamelin,horses
hamenk,wool
hamheung,rice
hamhmam,fish
hami,fruit
hamidiyeh,silk
hamm,salt
hammamet,fish
hammerdal,wild_game
hammerfest,fish
hammershus,fish
hamrange,fish
hamtai,iron
han,fiber_crops
hanabana,fish
hanagal,fruit
hanasaki,fish
hanau,lumber
hanawa,beeswax
hancheng,iron
hanchuan,rice
handan,wheat
handbord,fish
handia,millet
hangu,wool
hangu_romania,fiber_crops
hanguang,beeswax
hangzhou,silk
haniguayagua,fruit
hanimmei,millet
hanle,livestock
hanol,livestock
hanover,fiber_crops
hansan,pearls
hanshan,livestock
hansi,millet
hantam,wild_game
hanyang,fish
hanyin,lumber
hanyuan,fur
hanzawa,wheat
haomen,millet
haorangi_atoll,pearls
hapcheon,goods_gold
hapsal,wheat
hapur,fruit
haql,wheat
harad_al_ahsa,camels
harad_asir,wheat
haradok,fur
harahey,lumber
harandzuvan,wild_game
haranka,sand
harar,coffee
harardhere,fish
harat,legumes
harburg,wool
harbuzynka,clay
harcourt,sand
harderwijk,fiber_crops
hardoi,sugar
haresabad,livestock
hargan,tin
hargaya,legumes
hargeisa,legumes
harib,livestock
harishpur,fish
harlau,livestock
harlech,livestock
harlingen,fish
harmancik,wild_game
harnosand,fish
harput,livestock
harran,millet
harrand,wild_game
harricana,wild_game
harris,wool
harro_walabu,goods_gold
harrow,wheat
harsova,sand
harunabad,lumber
has,copper
hasakah,millet
hasankale,beeswax
hasankeyf,cotton
hasar,wild_game
hashatjin,legumes
hashtrud,wool
haskaont,maize
haskovo,cotton
hassan_karnataka,livestock
hasselt,livestock
hassfurt,livestock
hastings,iron
hata,lumber
hatam,fish
hatchie,fruit
hateg,lumber
hatera,salt
haterk,lead
hatteras,salt
hattfjelldal,wild_game
hatthigiripura,elephants
hatun_kanar,livestock
hatun_killaka,potato
hatun_xauxa,maize
hatunllacta,copper
hatunqulla,potato
hatunsaray,wine
haugalandet,fish
haungtharaw,lumber
hauraki,stone
havaii,medicaments
havasu,wild_game
havasubaaja,wild_game
havelberg,livestock
haveri,cotton
havero,lumber
hawaastatkiicu,wild_game
hawoben,wild_game
hawraman,fur
haya,coffee
hayami,alum
haylan,fruit
haymana,wheat
haynay,lumber
hayq,stone
hayrabolu,fur
hays,pearls
hazarasp,clay
hazaribagh,lumber
hazelton,wild_game
hazro,clay
he_sapa,silver
headdhetanwan,coal
hebin,wild_game
hebron,fiber_crops
heby,lumber
hechi,wild_game
hede,stone
hedemora,horses
hedesunda,beeswax
hedingham,wool
hedmarksvidda,horses
hedong,legumes
heeyoteyoo,stone
hefei,rice
hehe,wheat
hehvaitaneo,wild_game
heide,fish
heidelberg,fruit
heidenheim,lumber
heilbronn,wine
heiligenhafen,salt
heiltsuk,fish
heinjoki,lumber
heinola,fur
heinsberg,lumber
heishui,livestock
heizhang,lumber
hejian,wheat
hejiang,legumes
hejin,wheat
hekikai,fish
helfenstein,millet
hellin,olives
helmond,beeswax
helmstedt,millet
helong,lumber
helsingborg,wheat
helsinge,livestock
helsingor,wheat
hemang,livestock
hemtine,medicaments
hendijan,fish
henei,medicaments
hengshan,rice
hengshui,livestock
hengyang,tin
heni,livestock
henley,wool
hennebont,wheat
heoryeong,salt
hepa,wild_game
heping,wild_game
hepu,pearls
heqing,lumber
hequ,clay
hequ_wuding,legumes
herat,iron
hereford,lumber
heretaunga,legumes
hereti,wool
heris,wool
herjolfsnes,fish
hermagor,lumber
herment,lumber
herrera,livestock
hersfeld,fur
hertford,wheat
hertogenbosch,fiber_crops
herzberg,copper
herzfelde,legumes
hesdin,lumber
heshui,livestock
heshun,lumber
hessequa,fish
hetu_ala,horses
heungyang,fish
heves,fish
heviksnipahis,wild_game
hewanorra,cotton
hexham,coal
heyang,livestock
heyang_xian,rice
heyuan,rice
hezhong,lumber
hezhou,tin
hezhou_he,rice
hiambouli,clay
hicayagua,cocoa
hidaka,fish
hienatiemi,lumber
hienuki,livestock
hieraniony,lumber
higashikanbara,rice
higashikubiki,salt
higashimatsuura,medicaments
higashimuro,fish
higashiokitama,rice
higashisonogi,fish
higashiusuki,fish
hijli,cotton
hikami,legumes
hiki,horses
hildburghausen,wool
hildesheim,legumes
hill_nomlaki,lumber
hillah,rice
hilo,lumber
himba,livestock
himologan,sand
himuris,chili
hinai,rice
hinglaj,fruit
hingoog,fish
hinis,livestock
hino,rice
hinono_ei,wild_game
hinsepu,lumber
hinthada,rice
hinyaa,fish
hinyankaga,wild_game
hipalan,fish
hiraka_aomori,lumber
hirmata,millet
hiroo,fish
hirson,livestock
hisar,millet
hishikari,rice
hisiometaneo,wild_game
hissar,legumes
hisse_yoyi_yoe,wild_game
histahayo,wild_game
hit,legumes
hita,medicaments
hitchauta,maize
hitchiti,maize
hitu,cloves
hiva_oa,fish
hiw,sugar
hiwasee,maize
hiyama,fruit
hiyama_hokkaido,wild_game
hizan,fruit
hjo,fiber_crops
hjorring,sand
hkamti,lumber
hlahlandlela,tin
hlohovec,wheat
hlucin,livestock
hlukhiv,wild_game
hlusk,fiber_crops
hlybokaye,lumber
hlynne,clay
hmawbi,millet
hnahnu,beeswax
ho_bay,fiber_crops
hoa,wild_game
hoachanas,marble
hoan_chau,beeswax
hoboksar,livestock
hoborg,wool
hobyo,sand
hocabail,medicaments
hochelaga,fiber_crops
hochob,maize
hocking,fur
hodod,wool
hodonin,legumes
hoengcheon,millet
hoengeiqua,lumber
hoeyang,gems
hof,wool
hofgeismar,lumber
hogdal,wild_game
hogehege,lumber
hogohega,legumes
hoh_xil,clay
hohenberg,stone
hoi,beeswax
hoifa,horses
hoilkut,fiber_crops
hokah,legumes
holar,livestock
holeylan,fiber_crops
holic,lumber
hollabrunn,livestock
hollola,fish
holmur,stone
holstebro_lundenes,wool
holtalen,stone
holzminden,sand
hom,stone
homalco,fur
hombori,livestock
hometwoli,iron
hominka,fish
homs,iron
honaz,salt
hondosaka,goods_gold
hong_chau,fruit
hongcheon,livestock
hongju,goods_gold
hongsa,lumber
hongshui,millet
hongtong,wheat
hongxian,livestock
hongyuan,livestock
honih_hiyo_he,wild_game
honnavara,pepper
hont,silver
hoorn,salt
hopatcong,iron
horb,fruit
horicon,stone
horki,lumber
hormuz,pearls
horn,fur
hornborg,sand
horodnia,lumber
horodok,wool
horodyshche,livestock
horoshino,wheat
horsh_aiken,fish
horstmar,stone
horta,fish
hosap,livestock
hoshangabad,horses
hoskitaga,wild_game
hoskote,pepper
hostoticpac,livestock
hostotipaquillo,gems
hot,lumber
hot_springs,lumber
hotalich,wine
hotin,livestock
hotoanaohe,wild_game
hottah_ti,fur
houguan,lumber
houma,lumber
houmi,copper
hounde,livestock
houtunqua,beeswax
hoveyzeh,cotton
hovtva,saltpeter
hoxter,wheat
hoya,wheat
hoyerswerda,millet
hoyu_ao_he,clay
hpa_an,rice
hradec_kralove,wild_game
hradiste,wool
hryshyne,horses
hsenwi,lead
hsipaw,horses
htamanthi,lumber
htigyaing,elephants
htilin,livestock
huacareta,chili
huacatambo,sand
huacheng,livestock
huachi,livestock
huacrachuco,silver
huafeng,lumber
huaian,millet
huaihua,lumber
huaiji,lumber
huailai,lumber
huaining,clay
huairen,clay
huairou,legumes
huaiyuan,wheat
huaiyuan_mizhi,wool
huaiyuan_rongzhou,lumber
huajuapan,gems
huajuco,wild_game
hualahuises,livestock
huallumarca,copper
huaman_karpa,maize
huamanpata,copper
huambo,livestock
huambos,stone
huamelula,fish
huamual,livestock
huanacache,wild_game
huancachaca,fiber_crops
huancapampa,silver
huandacareo,clay
huangan,legumes
huangcaoba,wheat
huanggang,wheat
huanglong,rice
huangmei,rice
huangpi,rice
huangping,livestock
huangxian,beeswax
huangyan,fruit
huantajaya,silver
huanzhou,livestock
huanzhou_qingyang,millet
huarco,beeswax
huari,cotton
huarmey,fish
huarochiri,potato
huarong,fiber_crops
huasco,fish
huatabampo,cotton
huating,legumes
huating_pingliang,livestock
huaxcama,livestock
huaxtepec,maize
huaxtla,gems
huayacocotla,dyes
huayin,rice
huaying,legumes
huayuan,clay
huayuantou,lumber
huazhou,wheat
hubek,cotton
hubli,millet
hucha_hudan,fur
hudaida,fruit
hudiksvall,fish
hudur,iron
hue_hue_ri_gi_ta,goods_gold
huedin,wool
huehuetan,salt
huelva,salt
huesca,wool
huescar,wool
huete,wild_game
huexotzinco,gems
huguan,wild_game
huhuhla,beeswax
huian,sand
huichang,rice
huicheon,stone
huichuan,cotton
huichuan_dechang,clay
huifacheng,wild_game
huihe,millet
huilai,rice
huili,legumes
huiqi,iron
huista,beeswax
huitong,clay
huitzquilic,dyes
huixian,medicaments
huizhou,wild_game
huizhou_gongchang,millet
huju,fur
hukawng,amber
hukou,fish
hulagan,medicaments
hulan,wheat
hulawen,wheat
hulbuk,horses
huliaipole,legumes
hulin,legumes
hull,fish
hulst,salt
hulu_baram,lumber
hulu_barito,wild_game
hulu_jelai,fruit
hulu_kahayan,beeswax
hulu_kapuas,goods_gold
hulu_kinabatangan,legumes
hulu_labuk,beeswax
hulu_lamandau,lumber
hulu_limbang,lumber
hulu_mahakam,copper
hulu_melawai,stone
hulu_mendawai,lumber
hulu_mentaya,lumber
hulu_mesuji,lumber
hulu_musi,copper
hulu_padas,medicaments
hulu_paser,lumber
hulu_pawan,livestock
hulu_sambas,lumber
hulu_segama,fish
hulu_sembakung,stone
hulu_seruyan,lumber
hulu_telen,medicaments
hulun,millet
hum,livestock
humadea,clay
humar,wild_game
humati,lumber
humbe,wheat
humbokado,silver
humcumqua,wild_game
humenne,fur
huncun,lumber
hunedoara,iron
hunfeld,beeswax
hungry_horse,wild_game
hunguy,wild_game
huntingdon,wool
hunucma,salt
hunyuan,livestock
huolin,fish
huolu,wheat
huoqiu,wine
huoshan,horses
huoyi,wheat
huozhu,horses
hupenuu,stone
huraydah,wheat
huriel,wool
hurle,fiber_crops
hurunui,lumber
husavik,stone
husaynabad,rice
huseyinabad,clay
husi,millet
husinec,lumber
husum,millet
hutayb,stone
huth,legumes
hutton,lumber
huupalikooche,wild_game
huwwarin,horses
huxian,medicaments
huysiyn,livestock
hvalsey,ivory
hvamstangi,livestock
hvittis,lumber
hvlan,millet
hvolsvollur,wool
hwaju,fish
hwalbay,wild_game
hwangju,iron
hwasun,millet
hymahi,wild_game
hythe,livestock
hytop,lumber
ia,lumber
iagodnoie,fur
iagorlic,clay
iaguarauna,salt
ialophaybo,copper
iaremappo,fruit
iasi,wine
iate,legumes
ibaje,wild_game
ibalong,fish
ibaraki,rice
ibb,lumber
ibequa,livestock
ibi,tin
ibicui,fiber_crops
ibirapuita,legumes
ibiza,salt
ibo,fruit
ibotirama,legumes
ibra,wheat
ibrahimabad,cotton
ibri,fruit
ibusuki,fish
ica,maize
icabaqua,wild_game
icafui,clay
icalo,clay
ichagarh,lumber
icheda,wild_game
icheon,clay
ichera,wild_game
ichihara,fish
ichirouganaim,fish
ichishi,livestock
ichisi,clay
ichitki,salt
ichnia,livestock
ichon,lumber
ichugan,clay
ichukanai,salt
ichuna,wild_game
ichuveem,goods_gold
ickari_kitsu,maize
idah,legumes
idanha,beeswax
idar,copper
idensalmi,fur
ider,wild_game
idjil,salt
idkabue,wild_game
idlib,wheat
idodomya,livestock
idre,lumber
idrinskoye,wild_game
idy_sakhalin,lumber
ife,iron
iferouane,stone
ifni,fish
ifrane,legumes
iga,rice
igan,fish
igaracu,fish
igbo_ukwu,copper
igboho,beeswax
igdir,cotton
igiliz,horses
igiugig,fish
igli,fruit
iglunga,fish
igmu,wild_game
igra,lumber
iguamuco,wild_game
iguanacaera,fiber_crops
iguape,salt
iguazu,wild_game
igumbi_andele,fish
igushiq,fish
ihara,tea
ihkowom_iyo_he,wild_game
ihosy,fruit
iichiilikaaashaashe,wild_game
iiq,fish
iisaxpuatahcheeaashe,wild_game
iishi,legumes
ij_iran,wool
ijathibe_wapta,wild_game
ijebu_ode,cotton
ijnapuigosode,wild_game
ika_nepa,fur
ikab_ya,wild_game
ikala,wild_game
ikalamavony,lumber
ikalis,lumber
ikan,livestock
ikaria,fish
ikaruga,rice
ikeda,rice
ikere,millet
ikh_narttin_chuluu,wild_game
iki_burul,horses
iki_iki,saltpeter
ikjan,wool
ikkatuluk,fish
ikkeri,silk
ikom,legumes
ikongo,wild_game
ikongo_boa,legumes
ikorundu,pearls
ikosi,salt
ikoyi,millet
ikpeng,fiber_crops
ikryanoye,fish
iksa,fur
ikuiapa,goods_gold
ilalumaala,fish
ilam,sand
ilambazar,sugar
ilan_hala,livestock
ilanbalyk,wheat
ilansky,fur
ilanz,wool
ilasi,fiber_crops
ilchamu,livestock
ilek,camels
iles_de_los,lumber
ilesa,dyes
ileza,fur
ilgin,legumes
iliamna,wild_game
ilibalyk,livestock
ilic,sand
ilimo,coffee
ilimpeya,fish
ilirnej,wild_game
ilirska_bistrica,wool
illapa,goods_gold
illecillewaet,lumber
illereichen,livestock
illescas,wheat
illichpur,cotton
illora,stone
ilog,cotton
ilok,wine
ilomantsi,fur
ilorin,iron
ilovlya,livestock
ilovna,livestock
ilucan,clay
ilya,legumes
ilyino,lumber
ilyinsko_podomskoye,wild_game
ilyinskoye_khovanskoye,livestock
ilza,wheat
imaapik,wild_game
imadate,rice
imakia,livestock
imangaq,fish
imanka,fur
imbaguarbak,chili
imbangala,cotton
imbau,fruit
imbros,fish
imilen,lumber
imizu,fish
immenstadt,wild_game
imola,fiber_crops
impakwe,livestock
imphal,horses
imsdalen,lumber
imsil,legumes
imst,lead
in_amenas,livestock
in_gall,salt
inagua,fish
inaka,horses
inalumaala,fish
inapiremapu,legumes
inarigda,fish
inbatskoye,fish
incahuasi,potato
incarraqay,silver
incawasi,alum
incheh_borun,wheat
inde,wild_game
inderapura,fish
indersdorf,wool
indigiir,ivory
indore,medicaments
indrapura,fish
indrapura_khmer,cotton
inebolu,fish
ineseno,fish
ineu,wine
inga,silver
ingadi,iron
ingapirca,wool
ingapu,lumber
ingariko,medicaments
ingatambo,maize
ingedei,lumber
ingenika,fur
ingnyeong,legumes
ingolstadt,lumber
ingombe_ilede,ivory
ingonish,fish
ingul,livestock
inhambane,fish
inhandui,wild_game
iniesta,beeswax
iningai,clay
inishowen,fish
initao,millet
injangyang,lumber
inje,stone
inju,fish
inka_llaqta,lumber
innsbruck,salt
innurmin,ivory
inonu,livestock
inotonniicaah,wild_game
inowroclaw,salt
inqua,livestock
insaombi,wild_game
insar,horses
insterburg,beeswax
insuyu,dyes
intapushe,lead
interlaken,stone
inutsualak,lumber
inuviq,fish
inverary,lumber
inverness,millet
inverurie,wool
iny_karaja,beeswax
inyanga,goods_gold
inyanshashawatpa,wild_game
inzia,medicaments
ioannina,gems
iowa,wild_game
iparuka,legumes
ipatovo,livestock
ipholhhelhlhup,lumber
ipire,wild_game
ipojuca,wild_game
ipswich,horses
ipueira,wild_game
iqaluit,fish
irafshan,wild_game
irakinda,wild_game
iranmranhre,wild_game
irantxe,gems
iraqw,ivory
irarutu,livestock
irawo,livestock
irbid,olives
irbit,wild_game
irece,fiber_crops
irek,legumes
irelyakh,wild_game
iresim,clay
irgiz,wool
iriirakiicuhat,legumes
irij,cotton
iriomote,fish
irkineieva,fur
irkutsk,fur
irkutsk_kazachinskoye,lumber
irodo,fish
irondequoit,salt
irong_irong,fish
irritila,sand
irtysh,lumber
irvine,livestock
isabela_island,fish
isaccea,millet
isafjordur,fish
isakhel,wool
isatabu,lumber
isawa,rice
isbijab,livestock
ischigualasto,fiber_crops
iscuande,fruit
isenga,wild_game
isenhagen,livestock
isernia,stone
isfahan,silk
isfara,millet
ishak,fiber_crops
ishanapura,fruit
ishbukun,lumber
ishigaki,fish
ishikari,wild_game
ishimbay,lumber
ishkashim,silver
ishkoman,fur
ishkul,wild_game
ishma,cotton
ishpeming,medicaments
ishpiialawaache,wild_game
ishtaboli,fiber_crops
ishtixon,livestock
isili,beeswax
isinguro,fruit
isiro,medicaments
iskanwaya,livestock
iskenderun,fruit
iskilip,fur
iskwao,wild_game
islamgarh,cotton
islamkot,sand
islay,fiber_crops
isluga,marble
ismail,salt
isoya,fur
isparta,cotton
ispir,iron
issoudun,fruit
istakhr,iron
istalif,wheat
istanoz,clay
isumi,rice
iswa,lumber
ita_atiaia,fruit
ita_cuara,lumber
ita_kua_y,fish
itaba,legumes
itabaiana,wild_game
itaberaba,wild_game
itabira,wild_game
itaboa,lumber
itaboca,clay
itacolomi,goods_gold
itaitu,goods_gold
itajai,lumber
itajuba,medicaments
itajui,legumes
itakangapyra,legumes
italwa,lumber
itamarandiba,lumber
itanagar,livestock
itanhomi,lumber
itaparica,fish
itapecuru,wild_game
itapemirim,fish
itaperuna,lumber
itapetininga,lumber
itapeva,beeswax
itapicuru,wild_game
itapiracaba,wild_game
itapirapua,goods_gold
itapocu,lumber
itaporanga,lumber
itapua,lumber
itaraholata,legumes
itarap,wild_game
itarare,lumber
itaratim,lumber
itatsky,lumber
itaueira,wild_game
itekiatonhniarikon,iron
ithriya,livestock
itihumma,lumber
itis,livestock
itkanaahtuusu,wild_game
itomamo,fur
itonama,wild_game
itscheabine,wild_game
itu,medicaments
itu_jilin,wheat
ituzaingo,maize
itya_mahadu,fruit
itzalku,cotton
itzamkanac,cotton
itzcalpan,cocoa
itzcuintlan,cotton
itzocan,goods_gold
iultin,wild_game
ivalo,fish
ivangorod,fur
ivanovo,fur
ivanpah,wild_game
ivanteyevka,livestock
ivashka,fish
ivdel,fur
iveagh,tin
iviatim,wild_game
ivituut,lead
ivohibe,rice
ivrea,wheat
ivuna,millet
iwafune,goods_gold
iwai,rice
iwaki,lumber
iwal,fish
iwanai,legumes
iwase,legumes
iwate,iron
iwo,livestock
iwol,fiber_crops
iwur,copper
ixcatlan,silver
ixesi,wild_game
ixmiquilpan,maize
ixtacamaxtitlan,gems
ixtachichimecapan,livestock
ixtapan,pearls
ixtlahuaca,lumber
ixtlahuacan,maize
ixtlan,maize
ixtutz,medicaments
iyawakagapi,wild_game
iyeesnime,lumber
iyengra,wild_game
iyesyak,lumber
iyo,pearls
izberdey,livestock
izboishchi,legumes
izborsk,livestock
izdeshkovo,fruit
izeh,lumber
izhevsk,lumber
izhma,lumber
iziaslav,fruit
izium,livestock
izki,stone
izmit,fish
iznik,clay
izori,legumes
iztachacalapan,beeswax
izumi,sand
izumi_satsuma,legumes
izumo,copper
izyaslavl,fruit
j_hradec,stone
jabar,wool
jabar_goemba,rice
jabbul,salt
jabhua,wild_game
jabirrjabirr,millet
jabiyan,legumes
jableh,wheat
jaboticabal,lumber
jaburrara,wild_game
jaca,wool
jacarei,lumber
jachal,livestock
jachymov,lumber
jacu,legumes
jacui,beeswax
jadliaura,millet
jadu,millet
jae_aaya,wild_game
jaen,olives
jaeren,beeswax
jaeryeong,rice
jaffa,fruit
jaffna,pearls
jagadevipalayam,medicaments
jagaraga,lumber
jagatipur,wool
jagdalpur,fiber_crops
jagga_kalemba,fish
jaggas,wild_game
jagin_zir,fruit
jagodina,fruit
jagua,fruit
jaguarao,legumes
jaguarari,wild_game
jahreh,wool
jahrom,fruit
jahunda,iron
jaiba,legumes
jailolo,fish
jaintiapur,fruit
jaisalmer,marble
jaitmatang,legumes
jajarm,wool
jajce,millet
jajjaldeypur,lumber
jajnagar,salt
jakelbalak,wild_game
jalalabad,wheat
jalalabad_fergana,fur
jalalpur_pirwala,cotton
jalan_buani_buali,fish
jalandhar,sugar
jaleq,clay
jalesar,medicaments
jalesar_doab,dyes
jaligny,wool
jalna,millet
jalor,camels
jalpaiguri,lumber
jalpan,stone
jaltenango,tobacco
jaltepec,lumber
jaluit_atoll,medicaments
jama,livestock
jama_TUN,olives
jambi,cloves
jaminjung,clay
jammu,wild_game
jamsa,lumber
janakkala,medicaments
janakpur,lumber
janakpur_nepal,lumber
janauba,wild_game
jand,sand
jang_tana,wild_game
jangheung,medicaments
jangipur,sugar
jangjin,silver
jangyeon,copper
janjira,fish
jannaba,pearls
jannah,fish
jannat_shahr,wheat
janow_lubelski,legumes
jansath,wheat
japallan,maize
jarabacoa,lumber
jaragua,fiber_crops
jaraicejo,livestock
jaranwala,livestock
jarawah_abu_al_aysh,wheat
jardwajali,fiber_crops
jargalan,livestock
jariekhi,stone
jaroujiji,fish
jarrah_karri,wild_game
jarrakan,wild_game
jarrarah,livestock
jaru,stone
jashpur_nagar,lead
jaskis,medicaments
jaslo,iron
jaszbereny,wild_game
jataizinho,wild_game
jath,cotton
jativa,marble
jaund,rice
jaunpur,elephants
jauregui,fruit
jaurua,lead
jautok,fish
javad,livestock
javaes,fiber_crops
javanrud,livestock
jawan,millet
jawand,wool
jawhar,lumber
jawor,copper
jawoyn,livestock
jayankondam,amber
jaynagar,fish
jayrud,beeswax
jazan,pearls
jean_marie_river,wild_game
jebba,livestock
jecheon,alum
jeddah,salt
jefferson,wild_game
jeguakava,wild_game
jekabpils,fur
jelai,fish
jeldesa,stone
jelgava,millet
jembayan,livestock
jeminay,livestock
jenipaboacu,fish
jeongeup,pepper
jeongju_jeongju,rice
jeongseon,silver
jeonju,cotton
jepara,fish
jequitinhonha,wild_game
jerada,livestock
jerantut,elephants
jerez_de_la_frontera,horses
jerez_de_los_caballeros,wool
jerichow,lumber
jerramungup,livestock
jerrinja,fish
jersey,fruit
jerubatuba,clay
jerusalem,olives
jessore,sugar
jetarktetqal,fish
jeungsan,salt
jever,sand
jeziarysca,livestock
jhal,wild_game
jhang,livestock
jhanjharpur,rice
jhansi,cotton
jhao,wild_game
jhatpat,cotton
jhenaidah,pepper
jhunjhunu,livestock
jiachuan,wild_game
jiading,wheat
jiaha,cotton
jiajiang,medicaments
jiajin,fish
jianan,livestock
jianchang,rice
jianchang_sichuan,rice
jianchuan,wild_game
jiande,stone
jiangan,pepper
jiangchuan,livestock
jiangdu,fish
jianghua,rice
jiangjin,fish
jiangle,fur
jiangling,goods_gold
jiangning,stone
jiangshan,fur
jiangshan_laiyang,pepper
jiangxia,silk
jiangxian,livestock
jiangyin,rice
jiangyou,fur
jianli,fish
jianning,iron
jianping,tea
jianshi,tea
jianshui,legumes
jianyang,fur
jianzhou,clay
jianzhou_daizhou,livestock
jiaocheng,livestock
jiaohe,wheat
jiaohua,cotton
jiaoshui,marble
jiaoxi,salt
jiaxian,livestock
jiaxiang,beeswax
jiaxing,silk
jiayu,clay
jiazhou,fish
jibat,lumber
jicayan,cotton
jicin,horses
jiexiu,wheat
jieyang,lumber
jiezhou,medicaments
jigansk,lumber
jiguani,lumber
jihlava,silver
jijel,gems
jijial,millet
jijkwtuk,lumber
jilib,fruit
jilibulake,wild_game
jiliu,fur
jilkaat,copper
jimo,fruit
jinan,pepper
jinchang,livestock
jincheng,goods_gold
jincheng_zezhou,iron
jind,livestock
jindo,rice
jing,livestock
jingan,legumes
jingan_shenzhou,wheat
jingbian,horses
jingchuan,millet
jingde,wild_game
jinghai,legumes
jinghai_tongzhou,salt
jingili,sand
jingle,stone
jingling,rice
jinglong,millet
jingning,wheat
jingshan,livestock
jingxian,fiber_crops
jingxing,silver
jingyan,salt
jingyang,cotton
jingyu,wild_game
jingzhao,clay
jingzhou_dorbod,millet
jinhua,livestock
jinigudera,fiber_crops
jining,stone
jinjam,tea
jinji,legumes
jinjiang,pearls
jinju,silk
jinkang,sugar
jinkou,rice
jinshajiang,livestock
jinta,livestock
jintan,medicaments
jintang,rice
jinxi,silver
jinxian,iron
jinxiang,wheat
jinxiangping,livestock
jinyuan,livestock
jinyun,lumber
jinzhou_dalian,salt
jinzhou_liaoyang,wheat
jinzhu,livestock
jinzhuping,livestock
jiparana,legumes
jipyeong,rice
jiribatuba,sand
jiroft,dyes
jishan,wheat
jishi,millet
jishi_anze,medicaments
jishui,clay
jita,fish
jixi,medicaments
jixi_huizhou,lumber
jixian,wheat
jiyang,wheat
jiyin,horses
jiyuan,legumes
jizhou,wheat
jizzakh,copper
joal,fish
joara,fruit
jocome,gems
jodar,beeswax
joensuu,fur
johor_lama,fish
joigny,livestock
joinville,wheat
jokkmokk,lumber
jolom_konob,stone
joluo,fish
jomda,copper
jonang,livestock
jondaq,fruit
jonga_pansa,lumber
jongkong,fish
jonkoping,livestock
jonzac,clay
jootsuuk,wild_game
joroinen,wild_game
jororo,lumber
jorquera,wine
jos,tin
jose_calcado,beeswax
josse,lumber
josselin,iron
joutou,clay
jowhar,sugar
juancheng,wheat
juban,iron
jubara,livestock
jubbah,camels
jubururu,lumber
jucas,gems
juchatengo,wild_game
juckasjarvi,iron
jucuru,fish
judenburg,silver
juegang,beeswax
juffure,clay
juhoansi,livestock
juiz_fora,wild_game
jujin,lumber
jujuy,dyes
jukun,wild_game
julah,pearls
julau,cloves
julau_kutai,lumber
julfa,wool
julfar,alum
julime,wild_game
julu,clay
jumento,fruit
jumgal,livestock
jumilla,wine
jumla,wild_game
junagarh,iron
jundiai,lumber
jungaa,lumber
jungal,sand
junghwa,rice
juni_aiken,wool
juniata,fur
junk_river,rice
junnar,incense
juntura,lumber
juque,salt
jurbarkas,wild_game
jurchi,fiber_crops
juris,lumber
jurm,livestock
jurong,wheat
jurrah,wheat
juru_hoton,fiber_crops
juterbog,millet
juuka,lumber
juxeri,lumber
juxian,legumes
juxtlahuaca,dyes
juye,cotton
juyom,livestock
jyekundo,horses
jyotipur,fruit
jyskyjarvi,iron
jyvaskyla,fur
k_alii_xkalaan,fur
k_enakatnu,wild_game
k_omoks,fish
ka_aub,wild_game
ka_u,fish
kaa,livestock
kaabu,fruit
kaaguy_jehasapa,wild_game
kaan_peech,legumes
kaapiuara,wild_game
kaapor,fish
kaarendy,fiber_crops
kaaysara,salt
kaba,rice
kabacan,rice
kabachischi,lumber
kabafa,gems
kabakama,livestock
kabakty,fish
kabambare,lumber
kabango,wild_game
kabara,livestock
kabara_atoll,fruit
kabebe,amber
kabeka,chili
kabikabi,goods_gold
kabinakagami,fur
kabinda,lumber
kabishi,chili
kabixi,lumber
kabsoru,livestock
kabul,fruit
kabunda,lumber
kabuta,fish
kabyrga,horses
kachemak,coal
kachi,dyes
kachug,fur
kadey,beeswax
kadinbola,stone
kadinga,wheat
kadiri,cotton
kaditshwene,fruit
kadiweu,wild_game
kadjerong,millet
kadkan,wool
kadom,livestock
kadu,wild_game
kadugli,millet
kadur,millet
kadykchan,fur
kadyy,lumber
kaedi,rice
kaesong,millet
kaeti,wild_game
kaf,wheat
kafaila,medicaments
kafartab,legumes
kaffa,wine
kafia_kinji,copper
kafima,wheat
kafimbi,lumber
kafr_saqr,legumes
kafsanji,clay
kafuta,lumber
kaga,fish
kagawask,lumber
kagaye,rice
kaghasuq,wild_game
kagianagami,lumber
kagiwigwan,fur
kagizman,livestock
kagoma,wheat
kagoshima,salt
kagyrgyn,wild_game
kahak,wool
kahan,wool
kahari,lumber
kaharlyk,amber
kahayan,goods_gold
kahayan_hilir,sand
kahiltna,fur
kahinga,lumber
kahlur,lumber
kahmard,stone
kahntah_trail,wild_game
kahnuj,fruit
kahochella,fur
kahone,millet
kahpota,lumber
kahshe,fur
kahta,livestock
kahurangi,fish
kahwenoke,legumes
kai_kara,lumber
kai_karoo,livestock
kai_theli_ke_hot_inne,fur
kaiabi,lumber
kaiama,fruit
kaiapoi,fruit
kaibab,wild_game
kaicheng,cotton
kaicheng_guyuan,wheat
kaifeng,saltpeter
kaifu,fish
kaiguang,livestock
kaihua,lumber
kaikoura,fish
kailali,lumber
kailashahar,wild_game
kaili,legumes
kailu,horses
kaimana,fish
kaimbe,wild_game
kaina,fish
kainan,wild_game
kaingang,maize
kainsky_pas,lumber
kainta,lumber
kaiowa,fiber_crops
kaip_ata,livestock
kaiparowit,legumes
kaipeshimushich,wild_game
kaipokok,wild_game
kairouan,wheat
kaiserslautern,wild_game
kaisou,rice
kaitangata,wild_game
kaithal,cotton
kaitotikwia,wild_game
kaiurskuta,wild_game
kaiwa,medicaments
kaiyuan_jurchen,horses
kaiyuan_warka,fur
kaizhou,wild_game
kajabi,fruit
kajana,fish
kajang,lumber
kajenje,wheat
kajkwakratxi,legumes
kajran,lead
kajyub,wild_game
kak,horses
kaka,iron
kakabeka,copper
kakagi,fur
kakaling,fiber_crops
kakarakala,millet
kakataibo,lumber
kakenje,ivory
kakibonga,fur
kakisa,wild_game
kakoba,lumber
kakol_kiej,cocoa
kakouna,fish
kal_gatana,wild_game
kala,lumber
kalaa_of_ait_abbas,olives
kalaako,fiber_crops
kalaamaya,livestock
kalaat_sraghna,clay
kalabaca,lumber
kalabsha,wool
kalach,wool
kalagan,lumber
kalahandinagara,rice
kalahasti,fruit
kalala,wild_game
kalala_kazemba,wild_game
kalalaw,lumber
kalam,millet
kalam_hill,rice
kalam_swat,fruit
kalamansig,rice
kalamata,olives
kalamazoo,fur
kalambo,wild_game
kalameh,livestock
kalanaur,rice
kalanga,cotton
kalapang,fish
kalapuya,stone
kalassa,wild_game
kalat,wheat
kalat_nader,livestock
kalatay,lead
kalavryta,wool
kalay,wool
kale,legumes
kaleap,millet
kalecik,wine
kalengue,copper
kaleybar,wheat
kalfou,livestock
kalfucura,wool
kali,ivory
kaliakra,fish
kalianda,fish
kalilayan,fish
kalina,lumber
kalinganagara,lumber
kalingapattanam,salt
kalininskaya,wool
kalinjar,stone
kalinkavichy,fruit
kalispel,lumber
kalisusu,lumber
kalisz,millet
kalkadoon,livestock
kallakurichi,incense
kallamuckee,lumber
kallawaya,beeswax
kalluru,cotton
kalmanka,wild_game
kalmar,stone
kalmat,wild_game
kalmius,wheat
kalmyk,livestock
kalnivka,clay
kalo,fish
kalocsa,fruit
kalomo,lumber
kalotmul,stone
kalpi,dyes
kalsi,wool
kalskaq,wild_game
kaltag,fur
kaltysyany,lumber
kaluba,lumber
kaluga,lumber
kalumpang,stone
kalundborg,medicaments
kalyan,rice
kalyani,iron
kalyazin,wild_game
kamabai,lumber
kamach,cocoa
kamahuya,fish
kamakura,fish
kamalia,legumes
kamaniskeg,lumber
kamashikamach,wild_game
kamassekuakamat,wild_game
kamassekutinat,wild_game
kamatapur,cotton
kambam,medicaments
kambeba,wild_game
kambiwa,fiber_crops
kamchatka_trail1,fur
kamchatka_trail2,wild_game
kamchatsk,ivory
kameda,millet
kamen,lumber
kameng,wool
kamenka,wild_game
kamensk,fur
kamenskaya,horses
kamenskoie,wild_game
kamensky_zavod,iron
kameshi,legumes
kami,silver
kami_shikoku,rice
kamiagata,fish
kamiahpu,wild_game
kamianets_podilskyi,millet
kamien,fish
kamieniec,clay
kamienna_gora,iron
kamihei,beeswax
kamiina,fur
kamiiso,fish
kamikita,rice
kamilaroi,fiber_crops
kamimbe,lumber
kamin,livestock
kaministikowak,fur
kaministiquia,lumber
kamioono,rice
kamisak,fish
kamiskayachuuch,wild_game
kamitsisit,fish
kamitsuma,goods_gold
kamiura,lumber
kamla,wild_game
kammanassie,wild_game
kamniga,lumber
kamo,silver
kamo_izu,beeswax
kamo_mikawa,legumes
kamodika,wild_game
kamor,goods_gold
kamoro,fruit
kamouraska,lumber
kampar,lumber
kampen,wheat
kampeska,clay
kampong_roessei,rice
kampong_saom,lumber
kampong_sraka_trey,lumber
kampung_buloh,lumber
kamsack,maize
kamspikihteek,lumber
kamu_ticutta,wild_game
kamusawawasich,wild_game
kamut,wild_game
kamyaran,wheat
kamyenyets,wild_game
kamysh_burun,livestock
kamyshin,livestock
kamyshla,wheat
kamyshlov,lumber
kamyshnoye,wild_game
kamyskala,beeswax
kanagio,legumes
kanahatino,wild_game
kanamarca,goods_gold
kananaskis,wild_game
kananmituk,lumber
kanaskipenaski,wild_game
kanauj,silk
kanawha,wild_game
kanchanaburi,millet
kanchapur,lumber
kanchipuram,rice
kandahar,fruit
kandakura,fish
kandangwesi,iron
kandas,fish
kandava,millet
kandavu,fruit
kandi,cotton
kandia,livestock
kandiaro,silk
kandiyohi,lumber
kandong,cotton
kandoucho,maize
kandy,pepper
kandysu,fish
kanegaok,fur
kanel,livestock
kanentaweron,tobacco
kanevskaya,fiber_crops
kangamba,lumber
kangasniemi,lumber
kangdaya,lumber
kangean,lumber
kangen,livestock
kangeq,ivory
kangi_asinaq,ivory
kangiqsualujjuaq,fur
kangu,millet
kangule,wild_game
kangundi,elephants
kangzuo,wild_game
kaniatarahontsi,maize
kanibonzon,legumes
kanigiri,livestock
kaniksu,lumber
kaninde,legumes
kanishushteu,lumber
kanisianas,wild_game
kaniv,horses
kaniyang,millet
kanjamba,livestock
kankabatok,fish
kankakee,clay
kankan,livestock
kanker,rice
kanna,clay
kanna_south,wild_game
kannur,pepper
kano,dyes
kanoashi,copper
kanolu,fish
kanpeska,legumes
kanra,rice
kansas,lumber
kansk,iron
kantalahti,pearls
kantha,salt
kanthal,lumber
kanthi,livestock
kantishna,fur
kantit,rice
kanum,fruit
kanyakumari,pearls
kanyengehaga,lumber
kaocheng,wheat
kaonde,livestock
kaotia,legumes
kaouara,livestock
kapan,lumber
kapan_armenia,copper
kapangombo,livestock
kapasia,wheat
kapela,livestock
kapfenberg,lumber
kaphirintiwa,ivory
kapilkot,millet
kapisillit,fish
kapitukamach,wild_game
kapiwary,fish
kaposvar,wild_game
kapova_pesera,lumber
kaprun,wild_game
kaptai,fruit
kapuameut,fur
kapuas,beeswax
kapurthala,wheat
kapuskasing,wild_game
kapuskaypachik,lumber
kapuskaywak,lumber
kapuvar,horses
kapyl,fur
kara,cotton
kara_bazaar,fish
kara_irtysh,livestock
kara_shilka,goods_gold
karabay,horses
karabul,livestock
karabulak,legumes
karachev,wheat
karad,elephants
karaftit,goods_gold
karaga,ivory
karagau,livestock
karagay,fur
karagin,ivory
karahisar_i_sahib,medicaments
karahisar_i_teke,fruit
karai_yo,salt
karaikal,salt
karaj,fruit
karaj_abi_dulaf,fruit
karaja,wild_game
karajarri,fiber_crops
karajia,cotton
karak,wool
karakaralong_islands,fish
karakastek,livestock
karakax,cotton
karakecili,iron
karakilise,legumes
karakol,clay
karakorum,horses
karamergen,fiber_crops
karamoja,copper
karang_brahi,beeswax
karangan,millet
karangpurru,wild_game
karanka,sand
karankawa,fish
karapinar,sand
karapoto,fish
karas,gems
karasahr,wheat
karasay,horses
karasjok,wild_game
karasor,horses
karasu,clay
karasuu,livestock
karatobe,livestock
karatobe_mangyshlak,wild_game
karaturgay,horses
karau,lumber
karauli,livestock
karawala,sand
karbala,fruit
karcag,horses
karcha_kala,wild_game
kardakan,lumber
karditsa,wheat
kare,livestock
karee,wild_game
karendo,maize
kargaly,livestock
kargaly_aktobe,livestock
kargapolye,wild_game
kargasok,lumber
kargat,fur
kargil,wool
kargilik,wool
kargopol,fur
karhumagi,copper
karia,fruit
kariio,fish
karikkode,rice
karima,sand
karipuna,wild_game
kariri,fish
kariwa,rice
kariyan,camels
kariyarra,fish
karkala,sugar
karkar,fish
karkaraly,iron
karkevand,cotton
karksi,clay
karkuj,fiber_crops
karleby,lumber
karlivka,livestock
karlovac,millet
karlstadt,fruit
karluk_peak,fur
karma_densa,wool
karmakshi,wheat
karmana,wild_game
karnak,lead
karnal,wheat
karniki,lumber
karo,beeswax
karokh,copper
karor,cotton
karor_2,wool
karpathos,clay
karpenisi,lumber
karpokhar,wheat
karpus_mahal,silk
karroun,iron
kars,legumes
kars_armenia,iron
karsun,wheat
karta_pintingga,sand
kartaly,livestock
kartauzh,lumber
karu_pana,cocoa
karuk,lumber
karunga,lumber
karur,cotton
karur_punjab,cotton
karuwali,fiber_crops
karvandar,fruit
karvuna,wool
karwar,fish
karymkary,fur
karystos,olives
karytaina,saltpeter
karzin,dyes
kas,fish
kasa,fish
kasai,millet
kasakaupuyau,wild_game
kasan,wheat
kasaragod,pepper
kasba,lumber
kaseg,beeswax
kasekete,lumber
kasembe,lumber
kasenga,lumber
kasesi,wild_game
kaset_sombun,livestock
kasevo,lumber
kasha_tampu,iron
kashagawigamog,fur
kashan,livestock
kashary,livestock
kashatagh,livestock
kashaya,fish
kashechewan,fur
kashgar,wheat
kashigarh,cotton
kashima,silk
kashin,legumes
kashipur,lumber
kashkanteniz,fish
kashkarantsy,wild_game
kashmar,wild_game
kashmore,wheat
kashtruk,wool
kasihta,lumber
kasimov,legumes
kasipur,beeswax
kasivarren,stone
kaskankaham,maize
kaskaskia,maize
kaskinampo,fiber_crops
kaslinsky,coal
kasriskari,fur
kassai,lumber
kassala,livestock
kassali,livestock
kassandreia,gems
kassanje_malemba,wild_game
kassel,clay
kassengue,lumber
kasserine,livestock
kassinga,livestock
kassongo,ivory
kastamonu,copper
kastelholm,fish
kastoria,fur
kastornoye,livestock
kastsyukovichy,fiber_crops
kasukuak,fish
kasumne,maize
kasungu,fish
kasur,cotton
kasuswapaskau,wild_game
kata_kuna,wool
katagata,fiber_crops
katahdin,lumber
kataka,silk
katanga,lumber
katara,sand
katataskatikw,wild_game
kataysky,lumber
kate,legumes
katen,beeswax
katende,wild_game
katepwewi,fiber_crops
kath,livestock
katha,rice
kathmandu,wild_game
kathua,lumber
katiba,lumber
katibas,medicaments
katihar,dyes
katima,lumber
katingan,lumber
katiola,clay
katobe_a_mubebe,livestock
katok,livestock
katol,millet
katori,rice
katou,millet
katou_bicchuu,rice
katrasgarh,lumber
katrawunletuayin,sand
katsina,cotton
katsina_ala,livestock
katsushika,rice
katta,legumes
katugino,fur
katumbele,livestock
katwe,clay
katyn,legumes
katzenelnbogen,beeswax
katzie,lumber
kaua_i,fruit
kauakiekamatsh,medicaments
kaudwane,wild_game
kauehi_atoll,lumber
kauipushkakamat,lumber
kaukou,wild_game
kaukura_atoll,lumber
kaulas,iron
kaulong,fruit
kaunas,wool
kaurna_pangkarra,lumber
kausseskait,wild_game
kaustby,wild_game
kauthara,fish
kautokeino,wild_game
kauwes,wild_game
kavaje,fish
kavala,salt
kavalan,fruit
kavali,salt
kavanga,ivory
kavar,stone
kavaratti_atoll,fish
kavieng,lumber
kavitaha,fruit
kaw,wild_game
kawabe,legumes
kawachi,pepper
kawachikamasu,fur
kawachisakau,fur
kawahib,medicaments
kawaiisu,wild_game
kawakami_hokkaido,wild_game
kawali,stone
kawanuma,wheat
kawardha,wild_game
kawartha,fur
kawatinook,fur
kawawasukutisich,wild_game
kaweinag,fruit
kawenote,fruit
kawich,wild_game
kawinaw,fur
kawishiwi,lumber
kawkaban,iron
kawliya,sugar
kawthaung,lumber
kaxa_marca,silver
kaxarari,medicaments
kaxixo,wild_game
kaya,rice
kaya_paha,maize
kayabe,fish
kayabi,medicaments
kayagar,lumber
kayal,salt
kayalyk,livestock
kayambi,goods_gold
kayan,lumber
kayan_melawai,lumber
kayapo,iron
kayattar,pearls
kayeli,cloves
kayen,marble
kayes,livestock
kayeskikan,lumber
kaymaz,livestock
kaynar,livestock
kaynar_atbai,horses
kaypikupau,wild_game
kayrakty,horses
kayseri,beeswax
kaysun,legumes
kazachinskoye,lumber
kazachye,wild_game
kazaidi,livestock
kazan,livestock
kazari,livestock
kazatlyk,livestock
kazaure,wild_game
kazeh,millet
kazembe,lumber
kazerun,cotton
kazhi,lumber
kazhma,fur
kazimah,livestock
kazimierz,legumes
kazungala,ivory
kazuno,copper
kazym,lumber
kcewite,fish
kcheeminpink,fur
kealedji,clay
keban,stone
kebergene,fur
kebili,fruit
kebkabiya,millet
kechemeche,fish
kechika_trail,wild_game
kecskemet,horses
kedah,rice
kedainiai,wool
kedang,livestock
kedang_pahu,fiber_crops
kedar,tin
kedu,livestock
kedun,wool
keelivtyn,fur
keex,fish
keflavik,ivory
kegaska,fur
kegen,wild_game
kehaukee,wild_game
kehek_aike,fiber_crops
kehsi,lumber
kehu,millet
kekwapskuk,fur
kel_tegey,fish
kelaelkces,salt
kelafo,camels
kelan,wheat
kelantan,rice
kelapur,millet
kelay,lumber
kele,fish
kelheim,clay
kelibia,olives
kelich,lumber
kelif,livestock
kelimyar,wild_game
kelinjau,legumes
kelkit,stone
kelle,livestock
kellollampu,potato
kells,stone
kelt_aiken,stone
kelyuyekyan,wild_game
kem,fish
kema,stone
kemah,livestock
kembhavi,incense
kemijarvi,wild_game
kemoimenahan,maize
kempendyai,fur
kempten,medicaments
kenai,wild_game
kenamu,lumber
kenda,elephants
kendal,iron
kendari,fish
kendawangan,lumber
kenderli_kayasan,wild_game
kengdey,salt
kengkham,lumber
kengtawng,legumes
kengtung,wild_game
kenhionatatie,legumes
keniergyn,fish
kenkeme,fur
kenmure,wool
kennebango,medicaments
kennebec,fur
kennebecasis,fur
kennebunk,salt
kennetook,medicaments
kenogamissi,lumber
kenosha,lumber
kentucky,wild_game
keoma,wild_game
keonjhar,rice
keowee,clay
keperveem,fur
kepimits,wild_game
keraoua,wild_game
kerbatch,wool
kerben,lumber
kerbi,clay
keren,beeswax
keret,pearls
kerewo,clay
kerhiretarhu,sand
keriya,gems
kerki,wild_game
kerma,wheat
kerman,fruit
kermanshah,wheat
kernave,fish
kerouane,livestock
kesan,wine
kesen,silver
kesova_gora,wild_game
kesra,legumes
ket,fur
keta,legumes
keta_tajima,rice
ketagalan,sugar
ketanda,goods_gold
ketik_kala,fish
ketilsfjord,wool
ketmen_tobe,wool
kettering,wild_game
ketu,millet
ketungau,lumber
keutkeut,lumber
keweenaw,copper
keyauwee,lumber
keyikte,fur
keylong,livestock
kezhma,fur
kezlev,salt
khabar,wool
khabr,medicaments
khabushan,livestock
khabzhylakh,fur
khachimcher,fur
khadanzaa,goods_gold
khadat,livestock
khadjibey,sand
khadyzhi,wool
khagaria,sugar
khai_ma,sand
khairabad,silk
khairagarh,iron
khairpur,cotton
khaiylmysh,livestock
khajuraho,cotton
khakhaly,legumes
khakhsyk,copper
khalafabad,livestock
khalangsha,beeswax
khalfut,fish
khaliajuri,wild_game
khalifatabad,ivory
khalino,wild_game
khalis,wheat
khalis_medina,lead
khalkh,horses
khalkhal,livestock
khalzan_shireg,livestock
kham_bahar,livestock
kham_muang,legumes
khamakar,fur
khambat,cotton
khameneh,wool
khamgar,livestock
khami,livestock
khamir,fruit
khamkeut,lumber
khammamet,cotton
khampa,fur
khamra,wild_game
khamyab,cotton
khan_khentii,lumber
khana,wild_game
khanapur,clay
khanaqin,millet
khanaser,millet
khanashin,wool
khanda,fur
khandwa,sugar
khandyga,fur
khangal,livestock
khani,wild_game
khaniadhana,wild_game
khannya,wild_game
khantau,wheat
khantayskoye,copper
khaplu,livestock
khaqmar,livestock
khar_balgas,millet
khar_bukhyn,millet
khara_khoto,millet
kharak,wild_game
kharakhoen,wild_game
kharan,livestock
kharbalakh,lumber
kharga,alum
khargerd,silk
khargytyr,fur
khari_karoo,livestock
khariar,wild_game
kharibta,fruit
kharkhul,millet
kharom_vosh,fur
kharooan,wild_game
kharpunath,wool
kharsawan,incense
kharturan,camels
kharuukh,livestock
kharyyalakh,wild_game
khash,wild_game
khash_sistan,legumes
khaspur,ivory
khatanbulag,livestock
khatas,fish
khategaon,millet
khatgal,iron
khati,lumber
khatun,stone
khatunabad,wine
khatyryk_komo,wild_game
khaugoan,stone
khawr_baraka,livestock
khawr_nubt,gems
khaybar,fruit
khaybar_janoub,fruit
khayrij,fish
khayryuzovo,fish
khaysar,copper
khayyr,wild_game
khed,millet
kheis,wild_game
khelhghubunt_en,lumber
khemchik,livestock
khenifra,iron
kheong,livestock
kherameh,wheat
kherigarh,lumber
kherla,millet
kherlen,lead
khet_theu,lumber
khewra,salt
khiching,fiber_crops
khikhani,iron
khilgo,fur
khilgoson,lumber
khimni,legumes
khimzha,wild_game
khirkhira,millet
khiva,legumes
khiyav,wheat
khlepen,lumber
khmilnyk,horses
khoai_chau,rice
khobootsar,wild_game
khoiniki,fiber_crops
khoja_idat_kala,wheat
kholm,wild_game
kholm_tver,fiber_crops
kholm_zhirkovsky,wheat
kholmogory,lumber
kholmyech,fish
kholongsolokh,wild_game
kholunitsky,iron
khomani,wild_game
khomeyn,wheat
khon_kaen,millet
khon_san,lumber
khondab,cotton
khor_fakkan,salt
khor_virap,gems
khorat,rice
khorbusuonka,fur
khordong,tea
khormoj,fish
khornabuji,legumes
khoro,lumber
khorostkiv,livestock
khorramabad,legumes
khosheutovo,wool
khost,livestock
khotan,gems
khotchino,lumber
khotiml,millet
khotmyzh,wool
khotoshino,wool
khotsimsk,wild_game
khotsy,millet
khovd,millet
khowesen,beeswax
khoy,salt
khuai,beeswax
khuchni,wild_game
khudan,wild_game
khujand,coal
khukagamma,beeswax
khukhan,rice
khukhragarh,lumber
khulays,fish
khulm,camels
khulna,elephants
khumar,wild_game
khunani,stone
khunj,wheat
khunwana,iron
khunzakh,wool
khupati,cotton
khurays,camels
khurbe,lumber
khurda,iron
khurgan,tin
khurgancha,livestock
khusf,livestock
khushab,salt
khust,fur
khute,livestock
khuuchid,livestock
khuzdar,iron
khuzhupai,wild_game
khvastovichi,lumber
khvor,beeswax
khvorostyanka,livestock
khwansar,legumes
khwar,cotton
khwe,fish
khyargas_nuur,wool
khyunglung,livestock
kiamichi,lumber
kiamika,fur
kiawah,fish
kibanga,lumber
kibango,livestock
kibau,fiber_crops
kibengo,iron
kibi,saffron
kibiro,iron
kibrus,wool
kicevo,wool
kichekokotic,fur
kichera,fish
kichiga,fish
kichkas,clay
kichmengsky_gorodok,wild_game
kichwa,lumber
kickatari,fiber_crops
kickatus,legumes
kicpahat,wild_game
kidderminster,lumber
kidutokado,lumber
kidwelly,iron
kiel,livestock
kielce,copper
kiemi,lumber
kien_kuol,fish
kiendela,lumber
kiestinki,fur
kifumaji,lumber
kigluaik,goods_gold
kiheewapiw,fur
kihi,lumber
kiis_gwaay,fish
kija,livestock
kikalla,wild_game
kikamba,livestock
kikassa,lumber
kikinda,clay
kiknur,fur
kikongoluka,wild_game
kikonteku,salt
kikuta,fish
kilbrittain,livestock
kilconnell,livestock
kildare,horses
kilemba,fruit
kilenge,wheat
kileqollo,maize
kilis,wine
kilivila,fish
kilkenny,stone
kilkis,clay
killarney,wool
killelu,sand
killeshandra,livestock
killmallock,fiber_crops
killycolly,livestock
kilmacrennan,salt
kilmes,wool
kilmez,lumber
kiltina,livestock
kiluata,ivory
kilwa_kisiwani,fish
kimaama,fish
kimbundu,wild_game
kimmirut,fish
kimodakiwi,lumber
kimotsuki,beeswax
kimra,stone
kin_ligaai,stone
kinabatangan,fish
kinaksisahtai,wild_game
kinaskan_trail,wild_game
kinbasket,lumber
kinda,lumber
kindunda,lumber
kineepikwameekwa,fur
kineo,wild_game
kinerma,fish
king_hill,fiber_crops
kingany,fish
kinge,livestock
kingmirtok,fish
kingston,legumes
kinguchi,lumber
kinhama,wild_game
kinistino,lumber
kinja,beeswax
kinngait,fish
kinnickinnic,lumber
kinojevis,fur
kinosao_sipi,fur
kinosheo,wild_game
kinosota,lumber
kinozhesipi,lumber
kinsale,wool
kintampo,livestock
kintyre,fish
kinuhsisuht,wild_game
kinusheo,fish
kinyama,lumber
kiokee,wild_game
kioko,livestock
kiosaquay,wild_game
kiowa,wild_game
kipahigan,medicaments
kiponguve,sand
kippawa,wild_game
kiradu,sand
kirando,millet
kirarutah,wild_game
kirchdorf,lumber
kiri_kere,salt
kirikongo,clay
kirillov,medicaments
kirina,rice
kirira,fish
kiriras,lumber
kiriri,legumes
kiritimati,salt
kirkcudbright,wool
kirkenes,fish
kirkjubaejar,fish
kirklareli,lumber
kirkuk,fruit
kirovskiy,fish
kirs,wild_game
kirsanov,horses
kirsehir,lumber
kirzhach,wool
kisakaba,wild_game
kisatchie,fruit
kisenga,beeswax
kisenge,ivory
kish,pearls
kish_shahrisabz,tin
kishi,fruit
kishim,wheat
kishima,rice
kishtwar,livestock
kishwaukee,wild_game
kisi,legumes
kisiju,cotton
kisikkamys,beeswax
kisimani_mafia,fish
kisiskaciwani_sipiy,fruit
kiskiack,iron
kiskissink,lumber
kismayo,millet
kiso,lumber
kisomba,lumber
kissi_loc,iron
kissidougou,saffron
kistapinan,fur
kita,horses
kita_shikoku,legumes
kitaaizu,goods_gold
kitagnaq,ivory
kitahei,fish
kitakamikawa,livestock
kitamogami,horses
kitamorokata,livestock
kitamuro,fish
kitanakagawa,livestock
kitanemuk,wild_game
kitasoo,lumber
kitauonuma,silver
kitchawanc,legumes
kitchesatsiou,wild_game
kitchigumi,iron
kitchissippi,lumber
kitcisakik,lumber
kitete,lumber
kitigan_zibi,lumber
kitou,tea
kits_ixta,wild_game
kitsai,wild_game
kittaning,lumber
kittikas,lumber
kittila,fur
kitui,livestock
kitungula,lumber
kituwa,maize
kitzbuhel,stone
kitzingen,fruit
kivualinagmut,fish
kiwetin_sipi,wild_game
kiwigapawa,medicaments
kiya,lumber
kiyeng_yuryakh,wild_game
kiyikoy,medicaments
kiyiu,maize
kiyl,camels
kiyuska,clay
kiyyangan,rice
kizel,iron
kizhi,fish
kizilca,alum
kizilsu,fur
kjipuktuk,lumber
kla_rome_ko,fish
kladentsi,horses
klagenfurt,beeswax
klahoose,fish
klang,lumber
klatovy,goods_gold
kldekari,fiber_crops
kleisoura,cotton
kleisoura_epirus,medicaments
klendela,wild_game
klepiki,fiber_crops
kletsk,beeswax
kletskaya,livestock
kleve,wheat
klewi,lumber
klichaw,livestock
klikitat,wild_game
klin,wheat
klintsy,wild_game
klipgat,fish
kljuc,wine
klodzko,marble
klondike,fur
kluane,fur
kluczbork,lumber
kluskapewiktuk,fish
klutina,fur
klyuchi,wild_game
kmito,wild_game
knin,fur
knyazhich_gorodok,fish
knyazhichi,lumber
knyazhoye,lumber
ko_kwel,lumber
ko_samui,fish
koa_aga_itoka,lumber
koasati,fruit
koba,fish
koban,lumber
kobda,wool
kobenhavn,wheat
kobirhat,fish
kobra,lumber
kobroor,fruit
kobryn,wheat
kobyai,lumber
kobyle,sand
kocani,legumes
kocevje,wild_game
koch_bihar,lumber
kochi,fruit
kochisar,salt
kochkor,wheat
kociihsasiipi,fur
kodak,legumes
kodiam,fiber_crops
kodungallur,fish
koes,wild_game
kofan,beeswax
kogan,fur
kogluktok,wild_game
koh_ker,sugar
koh_kong,sand
kohala,fruit
kohat,livestock
kohatk,wild_game
kohi_safi,medicaments
kohir,legumes
kohtali,livestock
koi,medicaments
koiali,fruit
koidanova,millet
koilkonda,iron
kojur,fish
kok_usn,beeswax
kokand,wheat
koke_metchesko_laha,wild_game
koki,livestock
koklolodi,copper
koknar,millet
koknese,livestock
koko,rice
koko_bera,millet
kokokachi,fur
kokomini,livestock
kokorou,rice
kokosing,wild_game
kokowarra,wild_game
kokpekty,horses
kokrajhar,fruit
koksala,horses
koksar,wool
koksharov,wild_game
kokshetau,livestock
koktal,wheat
koktuma,fish
kol,saltpeter
kol_kuka,wild_game
kol_papua,fish
kola,salt
kolar,goods_gold
kolasar,marble
kolayat,iron
kolchawwe,potato
kolchugino,lumber
kolding,wheat
koleeu,salt
kolhapur,lumber
koliaganeq,fur
koliskoj,copper
kolla,copper
kollam,pepper
kolmarden,marble
kolno,iron
kolo,iron
kolobrzeg,salt
kologriv,wild_game
kolokani,wheat
koloma,wild_game
kolomak,millet
kolombangara,lumber
kolomna,wool
kolomyia,salt
kolonbelle,livestock
koloshma,livestock
kolosovka,lumber
kolpashevo,lumber
kolpny,wool
kolser,fish
kolumba,lumber
kolyma_river,wild_game
kolyma_trail,wild_game
kolymskoie,wild_game
kom_ombo,fruit
koma_kai,horses
koman,lumber
komango,wild_game
komarom,fish
kombai,beeswax
kombolcha,stone
kombomba,lumber
komering,fiber_crops
komo_kongo,lumber
komotini,alum
komsa,wild_game
komshecheh,wool
kon_klor,lumber
kon_tengiz,wild_game
kon_tum,lumber
kona,legumes
konbudj,millet
konch,wheat
konchalyt,coal
konda,fur
kondagaon,elephants
kondapalli,gems
kondavidu,clay
konde,fish
kondpoga,wild_game
konduga,cotton
kondurcha,livestock
konevets,medicaments
kong,saffron
konga,lumber
kongal_boyal,beeswax
kongal_marawar,millet
kongashuk,fish
konghalla,fish
kongsberg,silver
kongsvinger,legumes
kongwei,lumber
konibodom,livestock
konigsberg,amber
konigshofen,livestock
konildi,horses
konin,legumes
konitsa,lumber
konjic,fruit
konjikala,wheat
konkoure,rice
konkow,wild_game
konkudera,lumber
kono,gems
konrapa,beeswax
konski_vody,wool
konso,livestock
konstantinovka,livestock
konstantinovsk,clay
konstanz,wine
kontagora,lumber
kontcha,livestock
kontrand_ya,fur
konwargaon,elephants
konya,silk
konyovo,fur
koo,stone
kooapudna,fiber_crops
koochiching,lumber
kooinkill,millet
koop_ticutta,goods_gold
koosharem,legumes
koostaaka,fiber_crops
kopolque,livestock
koponovo,fiber_crops
koporye,wild_game
koppal,millet
koppi,wild_game
koppo,lumber
koprivnica,fur
koptam,camels
koptyuga,lumber
kopys,fish
kopyshche,fiber_crops
koraveka,beeswax
korbach,goods_gold
korela,iron
korenevo,livestock
korets,iron
korgan,livestock
korhogo,livestock
kori_bara_karaa_ancas,livestock
korientze,fruit
korit,fruit
korkina_sloboda,lumber
kormend,wool
korneuburg,wine
koro,fiber_crops
koroa,fruit
koroc,wild_game
korocha,wheat
korosten,medicaments
korostyshiv,fur
korpilombo,lumber
korra,cotton
korsholm,fish
korsun,millet
korti,sand
kortkeros,iron
kortriik,fiber_crops
kortuz,wild_game
korusi,medicaments
korutla,fiber_crops
korvala,medicaments
koryazhma,lumber
kos,fish
kosa,millet
kosa_perm,lumber
kosalu,lumber
koscian,millet
koscierzyna,legumes
koshi,silk
koshira,wild_game
koshkar_ata,fish
koshki,wheat
koshkonong,lumber
koshoy_korgon,mercury
kosi,millet
kosice,lead
kosichkoj,livestock
kosiv,fur
koskoak,fur
koskuduk,fish
kosoge,cotton
koson,horses
kosozhichi,lumber
kosrae,fish
kostenets,wool
kostopil,millet
kostroma,wool
koszalin,fish
kot_addu,wild_game
kot_lalu,rice
kot_marot,wild_game
kota,iron
kota_kapur,tin
kota_marudu,millet
kota_pinang,lumber
kota_rentang,fruit
kotabumi,beeswax
kotagad,incense
kotalipara,dyes
kotano_muna,fish
kotawaringin_lama,millet
kotelva,wheat
kothagudem,saltpeter
kotonkoro,livestock
kotor,medicaments
kotosh,potato
kotovo,livestock
kotpad,lumber
kotri,medicaments
kottarakkara,rice
kotte,rice
kotto,wild_game
kouande,stone
kouate,fish
kouchibouguac,fish
koudougou,millet
kougouri,livestock
kouka,clay
koulikoro,rice
koumbi_saleh,copper
koure,legumes
kourim,legumes
kourou,fish
kourouninkoto,cotton
kouroussa,goods_gold
koushi,wheat
koutiala,cotton
kovda,lumber
kovel,wheat
kovernino,fur
kovin,sand
kovran,fish
kowal,wool
koy_aike,fish
koyda,fur
koyeti,wild_game
koygorodok,wild_game
koyoongkawi,wild_game
koyu,lumber
koyukuk,wild_game
koyulhisar,livestock
kozara,fruit
kozelets,clay
kozelj,livestock
kozelsk,lumber
kozhevnikovo,wild_game
kozhikode,pepper
kozle,wheat
kozlov,wool
kozlov_vyazma,stone
kozluk,livestock
kozmin,alum
kozmodemyansk,wild_game
kozuchow,fiber_crops
kozyrevsk,wild_game
kpalime,millet
krabi,beeswax
kraburi,tin
kracheh,rice
kraho,wild_game
krakow,salt
kramuon_sa,fish
kran,livestock
kranj,stone
krasavino,fiber_crops
kraslava,beeswax
krasnaya_gorka,fur
krasnoe,fur
krasnopillia,wheat
krasnoslobodsk,livestock
krasnoufimsk,fur
krasnoyarsk,iron
krasny,wheat
krasny_bor,wild_game
krasny_kut_pontic,horses
krasny_sulin,millet
krasny_yar,fiber_crops
krasnyano,fish
krasnye_baki,fur
krasnystaw,fruit
kratovo,silver
krauatungalung,wild_game
kraziai,beeswax
krebedje,lumber
kremenchuk,horses
kremenets,fiber_crops
kremenskaya,livestock
kreminna,fiber_crops
kremnica,goods_gold
krems,legumes
krenak,medicaments
krenye,legumes
kresttsy,sand
krestyakh,fur
kreuznach,mercury
kreva,lumber
kricatije,wild_game
kriitina,livestock
krishnagiri,legumes
krivoshchekovo,fur
krk,salt
krnov,goods_gold
kromelak,fish
kromy,iron
kronach,lumber
krosno,wool
krosno_odrzanskie,wool
krowathunkkooloong,lumber
krui,fish
kruje,livestock
krumbach,wheat
krumlov,medicaments
krupanj,copper
krupina,wine
krupki,lumber
krupnik,beeswax
krusevac,wine
krutogorovskiy,fish
krychaw,lumber
kryvyi_rih,iron
ksai_yohe,wild_game
ksar_el_boukhari,olives
ksar_el_kaoua,horses
ksar_el_kebir,sugar
ksar_es_souk,iron
ksar_ibn_senane,fruit
ksiaz_wielki,horses
ksituan,medicaments
ktenia,wool
ktsyn,medicaments
ktunwakanmituk,lumber
ku,lumber
kua_luziga,lumber
kuala_kampar,pearls
kuala_lipis,goods_gold
kualuh,millet
kuamut,lumber
kuanda,fur
kuandian,lumber
kuanhe,lumber
kuanhe_xingzhou,goods_gold
kuantan,fish
kuantan_riau,lumber
kuarepoti,lumber
kubachi,fur
kubar,beeswax
kuben_kran_ken,wild_game
kubenskoye,fish
kubu,millet
kubu_rokan,fish
kububu,salt
kubuna,legumes
kuccuntikka,wild_game
kucevo,copper
kucha,wool
kuchaky,lumber
kuchinda,livestock
kuchugunnur,lumber
kuchugur,millet
kuchukskoye,salt
kudat,fish
kuddan,wild_game
kudepyapka,wild_game
kudu_kyuyol,fur
kudymkar,fur
kuelap,alum
kuemgo,livestock
kuenga,fur
kuerchu,livestock
kueshi,clay
kufa,millet
kufstein,wool
kuga,fish
kuhbanan,medicaments
kuhdast,wool
kuhikugu,wild_game
kuhmo,lumber
kuhtsutuuka,wild_game
kuido,wild_game
kuile,livestock
kuilembi,wild_game
kuimbondos,livestock
kuindumba,iron
kuito,livestock
kuitonga,fiber_crops
kuivaniemi,fish
kuje,legumes
kuji,tea
kuji_kanto,goods_gold
kujunung,livestock
kukamonga,fish
kukan,fur
kukatj,legumes
kukerin,livestock
kukiya,legumes
kukra,salt
kuku,wheat
kuku_yalanji,wild_game
kukuro_kalapalo,legumes
kukuta,lumber
kula,wheat
kulada,fruit
kulagin,clay
kulan,livestock
kulanapan,lumber
kulanotpes,wild_game
kular,wild_game
kulawi,lumber
kuldiga,lumber
kulembe,legumes
kulfo,livestock
kulmbach,fiber_crops
kulob,livestock
kulotino,clay
kuloy,salt
kulp,copper
kulpi,lumber
kulu,wild_game
kulu_turkey,beeswax
kulun,rice
kulun_olbut,wild_game
kulykol,legumes
kuma,lumber
kumage,fish
kumage_oosumi,fish
kumai,fish
kumak,camels
kumalu,stone
kumanovo,iron
kumarakapay,goods_gold
kumasi,goods_gold
kumawu,stone
kumayri,fruit
kumba,iron
kume,legumes
kume_houki,legumes
kumeyaay,sand
kumilla,lumber
kumintang,clay
kumkol,wild_game
kumtura,beeswax
kumukh,livestock
kumux,salt
kumylzhenskaya,livestock
kuna,lumber
kunashiri,fish
kundal,fiber_crops
kundar,wheat
kundgol,fiber_crops
kundi,lumber
kundjeymi,millet
kunduz,iron
kundy,goods_gold
kuneni,ivory
kungara,lumber
kungarakany,wild_game
kungsbacka,fish
kungur,fur
kungwini,wild_game
kunisaki,legumes
kunjabangarh,ivory
kunjen,copper
kunlun,wild_game
kunming,livestock
kunovat,clay
kunow,clay
kunozh,lumber
kunshan,wheat
kunto,lumber
kuntokling,livestock
kunyang,lumber
kuogastakh,fish
kuolay,wild_game
kuopio,medicaments
kuot,fish
kuozhou,livestock
kupadokado,wild_game
kupang,fruit
kupiansk,livestock
kupka,fur
kupuri,lumber
kupwara,millet
kur,lumber
kura,wild_game
kurakh,lumber
kuranakh,iron
kurannakh,fur
kurba,fish
kurchum,iron
kure_i_mamure,copper
kureinji,wild_game
kuressaare,wheat
kuretsk,lumber
kuria,cotton
kurihara,lead
kurijan,wool
kuripan,lumber
kurita,rice
kurki,fruit
kurkijoki,marble
kurkino,wool
kurla,rice
kurmysh,stone
kurnai,millet
kurnool,elephants
kurokawa,rice
kurri_kurri,fish
kursk,millet
kurskaya,stone
kursunlu,lumber
kurtamysh,lumber
kurtjar,wild_game
kurty,wild_game
kuruaya,medicaments
kuruko,cotton
kuruman,copper
kuruminaka,lumber
kurunegala,gems
kurung,lumber
kurung_yuryakh,wild_game
kururupu,salt
kus_lecha,wild_game
kusak,livestock
kuse,tea
kushinagar,silk
kushiro,legumes
kushita,lumber
kushka,ivory
kushunkotan,fish
kushva,iron
kusike,beeswax
kusk,wool
kusk_kohneh,livestock
kuska,salt
kuskatan,cotton
kustur,wild_game
kusu,legumes
kusu_mangbetu,lumber
kut_ling,lumber
kuta_watu,pearls
kutahya,alum
kutai_lama,millet
kutaisi,wheat
kutapuskuj,lumber
kutarka,fur
kutema_museya,lumber
kuthant,millet
kutima,wild_game
kutina,millet
kutjala,goods_gold
kutlehar,lumber
kutlovitsa,goods_gold
kutna_hora,silver
kutsipiuti,wild_game
kuttawa,maize
kutu,rice
kutubi,livestock
kuturga,lead
kuugaaluk,fish
kuujjuaq,fish
kuujjuarapik,wild_game
kuukucyn,lumber
kuukuyani,millet
kuukyuyau,lumber
kuungkari,stone
kuusamo,lumber
kuuvik,wild_game
kuuyuk,ivory
kuvshinovo,horses
kuwabara,rice
kuwada,rice
kuwena,wild_game
kuyanlik,livestock
kuyatikka,wild_game
kuydusun,fur
kuytun,horses
kuyu_shazhou,millet
kuyul,wild_game
kuzedika,wild_game
kuzhbal,medicaments
kuzhyb,stone
kuzinde,wild_game
kuzmovka,wild_game
kuznetsk,coal
kuzucan,stone
kvenipnevi,lumber
kvikkjock,fur
kvinnherad,fish
kwa_chavira,wild_game
kwaaru,wild_game
kwachal,fur
kwadacha,wild_game
kwahada,fiber_crops
kwaio,fish
kwajalein_atoll,lumber
kwakanyesha,lumber
kwangali,ivory
kwapa,cotton
kwaraae,lumber
kwararafa,legumes
kwaskwuti,wild_game
kwatsaan,cotton
kwaza,wild_game
kweneng,silver
kwerba,livestock
kwesten,fish
kwetabohigan,wild_game
kwezi,wild_game
kwidzyn,legumes
kwigilingoq,fish
kwila,lumber
kwilu,fish
kwini,millet
kwita_tla,wild_game
kwomtari,lumber
kxau,livestock
ky_son,medicaments
kyainseikgyi,lumber
kyaiyesisahtai,wild_game
kyakhta,fur
kyakhtinskii,iron
kyat_kala,cotton
kyaukkyi,millet
kyaukme,lumber
kyaukse,cotton
kyburg,medicaments
kyiv,wheat
kymi,beeswax
kymi_fi,horses
kyoto,rice
kyparissia,lumber
kyr_uzkand,clay
kyra,fur
kyrenia,lumber
kyrylivka,fish
kyshtovka,lumber
kyshtym,iron
kysmyci,wool
kystatyam,fur
kysyl_syr,lumber
kysyl_yuryuyya,wild_game
kythira,fish
kythnos,fish
kytmanovo,lumber
kytryn,ivory
kyubeme,lumber
kyubyainde,wild_game
kyulekyan,wild_game
kyulyunken,wild_game
kyundyade,fur
kyushe,livestock
kyusyur,fish
kyyindy,maize
kyyrola,horses
kyzylkala,livestock
kyzylkorgan,livestock
kyzylsay,clay
kyzylzhar,lumber
la_mamora,salt
la_mothe_en_bassigny,wheat
la_mure,iron
la_roche,stone
la_roche_sur_foron,millet
la_roche_sur_yon,livestock
la_rochelle,wheat
la_teste_de_buch,wine
la_tour_du_pin,fiber_crops
laaxaayik,fur
laayoune,fruit
lab,livestock
labcah,legumes
labe,livestock
labiau,fish
labolo,fish
labrit,livestock
lacane,wild_game
lackawanna,fur
lackawaxen,lumber
lad_konin,livestock
ladik,horses
ladik_pontus,rice
ladiz,wool
lado,beeswax
laerdal,legumes
lafia,wool
lafkenmapu,fish
lafur,lumber
lages,fruit
laghouat,camels
lagoa_vermelha,maize
lagonegro,wool
lagos,fish
laguardia,wine
laha,fish
lahad_datu,fruit
lahaina,fish
lahasusu,wheat
lahe,coal
lahei,livestock
lahijan,rice
lahj,clay
laholm,fish
lahontan,legumes
lahore,cotton
lahoysk,livestock
lahri,beeswax
lai_chau,fur
lai_hka,iron
lai_lin_pi,wild_game
laian,rice
laian_tianzhou,legumes
laibin,rice
laigle,wool
lail_buil,millet
laila,fruit
lairmairrener,wild_game
laish,wool
laishui,wheat
laiwu,iron
laiyang,tea
lakam_tun,marble
lakhimpur,fruit
lakhiyarvira,millet
lakhpat,salt
lakhsar,livestock
lakhva,fish
lakitan,lumber
lakitusaki,fish
lal_lo,fish
lalan,sugar
lalek_cotaa,maize
lalian,wheat
lalibela,wheat
lalin,lumber
laling,livestock
lalitpur,stone
lalpur,gems
lalsk,lumber
lamakera,fish
lamalama,coal
lamanai,wild_game
lamas,lumber
lamatama,lumber
lamayuru,wheat
lambarene,lumber
lambo,livestock
lame,livestock
lamego,wine
lamitan,fruit
lamjung,wild_game
lamogai,beeswax
lampang,rice
lamphun,legumes
lampung,cloves
lamu,fish
lanagashec,beeswax
lanark,horses
lancaster,livestock
lanciano,salt
landau,wheat
landau_rhineland,millet
landeck,beeswax
landsberg,livestock
landshut,millet
lanezi,fur
lang_giang,rice
lang_son,livestock
langan,fish
langarud,silk
langenes,fish
langensalza,dyes
langning,rice
lango,clay
langqiong,rice
langqu,wild_game
langres,iron
langzhong,livestock
lanka,beeswax
lankaran,lumber
lankou,lumber
lanling,livestock
lanshan,tea
lantian,gems
lantu,lumber
lanxi,rice
lanyang,fish
lanzhou,millet
lanzhou_kelan,livestock
lanzhou_lanzhou,clay
lanzo,livestock
laoling,fruit
laon,wheat
laoting,fruit
lapa,lumber
lapai,legumes
lappo,fur
lapseki,wheat
lar,stone
larache,fish
laran,stone
larantuka,incense
larba,fur
lardeja,lumber
lardil,millet
laredo,lumber
larende,silver
laribandar,cotton
larino,wheat
larissa,horses
larnaca,silk
larrakia,fish
las_khorey,incense
las_navas,lumber
lash_joveyn,fruit
lashio,lumber
lasjerd,fruit
laskarpur,ivory
lasko,sand
lata_georgia,lumber
latakia,lumber
lathi,millet
latje_latje,legumes
latu,millet
latunde,tin
lau,lumber
lauenburg,wool
laufen,millet
laukas,lumber
launceston,tin
laung,medicaments
launggyet,rice
laungshe,medicaments
lausanne,wheat
lauterbach,fruit
lautrec,wine
lavagna,fish
laval,livestock
lavar,livestock
lavaur,dyes
lavenham,wool
lavongai,fish
lavras,legumes
lawdar,camels
lawksawk,lumber
lazdijai,millet
lazkiye,wheat
le_faou,wheat
le_lude,livestock
le_mans,millet
le_puy,gems
leadore,lumber
lean,clay
lean_fuzhou,tea
lebedyn,clay
lebesby,fish
lebonghitam,salt
lebork,fish
lebus,wild_game
lebyazhye,livestock
lecce,saffron
lecco,lumber
lechang,lumber
lectoure,wheat
leczyca,legumes
ledengskoye,salt
ledesma,fur
lee,fish
leeds,iron
leel_watr_ool,fur
leer,fish
leeuwarden,sand
lefini,livestock
lefu,wild_game
lega_kongo,medicaments
legnago,wheat
legnano,wheat
legnica,beeswax
leh,wheat
lehigh,wild_game
lehui,rice
leibnitz,stone
leibo,wild_game
leicester,wheat
leiden,fish
leiningen,wool
leipzig,legumes
leiria,lumber
leitrim,iron
leiyang,fiber_crops
lejweleputswa,goods_gold
leko,lumber
leksand,lumber
lelbunmapu,potato
lelchytsy,amber
lelow,fiber_crops
lelyuveyem,fur
lematang,lumber
lemberan,livestock
lemhi,wild_game
lemin,lumber
lemnos,alum
lemone,lumber
lena_trail1,wild_game
lena_trail2,wild_game
lena_trail3,wild_game
lenape,lumber
lengshuitan,rice
lens,wheat
lensk,wild_game
lentekhi,lumber
leo,livestock
leoben,iron
leon,wheat
leopoldina,lumber
leping,rice
leping_pingding,wool
lepsy,sand
lere,tin
lerma,horses
leshongwane,lumber
leshou,clay
leshukonskoye,wild_game
lesko,iron
lesnaya,fish
lesparre_medoc,fruit
leti,fish
letychiv,lumber
leuchtenberg,wild_game
leukas,sand
leuktron,silk
leuven,millet
levanger,wool
levaya_khetta,wild_game
levoca,silver
levokumskoye,horses
lewe,wool
lewekeomi,legumes
lewes,iron
lewfuko,livestock
lewis,wool
leyva,stone
lezha,fur
lezhi,livestock
lezhnevo,fiber_crops
lezuza,livestock
lhadrak,sand
lhagang,livestock
lhakhang,tin
lhaq_temish,fish
lhari,livestock
lhasa,wheat
lheidlit_en,fur
lho_taklung,wool
lhodrak,livestock
lhoosk_uzt_en,lumber
lhuntsi,lumber
liambye,wild_game
liamuiga,fish
liancheng,lumber
liangcheng,wool
liangdang,lumber
liangmei,lumber
liangquan,wild_game
liangshan,wild_game
liangxian,livestock
liangxian_ruzhou,clay
lianjiang,salt
liannan,legumes
lianping,fur
lianshan,wild_game
lianzhou,livestock
liaocheng,silk
liaoshan,beeswax
liaoyang,legumes
liban,livestock
libo,fur
libolo,livestock
libonta,livestock
libore,rice
libourne,wine
licheng,legumes
licheng_luan,lumber
licheng_yizhou,livestock
lichiresti,horses
lichtenberg,legumes
lichtenberg_veldenz,gems
lichtenfels,lumber
lichuan,fur
lickanantay,salt
lida,fur
lidian,saltpeter
lidkoping,clay
lidzbark,millet
liebenwerda,fruit
liege,saltpeter
lieka,livestock
lieksa,wild_game
lienz,wheat
lierne,wild_game
liezen,salt
lifau,fish
lignieres,millet
ligny,lumber
liguo,fish
lihua,livestock
lihula,fish
liinabaha,lumber
lijin,salt
likiep_atoll,salt
liksiyu,lumber
likusaen,incense
lilienfeld,wool
liling,rice
liljendal,lumber
lille,wheat
lillehammer,millet
limari,clay
limasawa,fish
limassol,sugar
limbazi,fish
limbdi,saltpeter
limbourg,lead
limerick,millet
limeuil,wool
limey,millet
limilngan,wild_game
limin,legumes
limoges,horses
limoux,olives
limushan,lumber
linah,fruit
linan,gems
lincheng,livestock
linchuan,rice
lincoln,wheat
linde,copper
lindesnes,wool
lindi,millet
lindi_kwila,lumber
lindjarvi,medicaments
linfen,saltpeter
lingao,fish
lingbao,goods_gold
lingbi,rice
lingchuan,lumber
lingchuan_zezhou,livestock
linge,lumber
lingen,sand
lingfang,livestock
lingketeng,fish
lingling,rice
lingqiu,tin
lingshan,sugar
lingshanwei,wheat
lingshi,wheat
lingshou,goods_gold
lingshui,lumber
lingtai,legumes
linguere,horses
lingui,marble
lingwu,livestock
lingxian,lumber
lingxian_shanxi,livestock
lingzhou,clay
lingzhou_dezhou,clay
linhai,livestock
linhe,rice
linhuai,wheat
linhuan,legumes
linhuang,millet
linjiang,legumes
linjiang_jurchen,lumber
linjin,fish
linkava,lumber
linkoping,millet
linlithgow,livestock
linqing,livestock
linqu,goods_gold
linshui,pepper
lintong,wheat
linwu,tea
linxi,livestock
linxian,fruit
linxiang,rice
linyanti,wild_game
linyi,silk
linyi_jinan,legumes
linying,livestock
linyou,livestock
linz,fiber_crops
linzhang,livestock
linzhou,lumber
liova,lumber
lipetsk,livestock
lipi,salt
liping,fur
lipnic,wool
lipno,wheat
lipno_nov,iron
lipova,fruit
lippstadt,legumes
lipsk,wheat
liptovsky_mikulas,goods_gold
lipu,lumber
liquan,wheat
liribamba,stone
liroema,wild_game
lisbon,fish
lishan_pingle,livestock
lishan_xinyang,livestock
lishi,livestock
lishui,fur
lishui_yingtian,rice
lisieux,fiber_crops
lisino,wheat
lisle_jourdain,olives
litang,wool
litomerice,wine
litomysl,wheat
liuba,fur
liubar,wild_game
liubech,sand
liubeshiv,legumes
liuboml,fruit
liucheng,livestock
liujiang,wheat
liulin,millet
liupu,lumber
liuyang,rice
liuyuan,lumber
liuzhai,livestock
livadeia,wine
liverpool,sand
livno,livestock
livorno,salt
liw,wild_game
liwa,camels
liwa_lampung,iron
liwen,fish
liyang,rice
liyang_lizhou,rice
liyuan,livestock
lizhou,millet
lizhou_mahu,fur
ljubljana,wheat
ljungby,lumber
llacsapallanca,mercury
llampqui,copper
llanes,fish
llangollen,iron
lleida,fruit
llenllenet_ten,wild_game
llerena,legumes
llica,salt
lliria,clay
lloa,rice
llucena,fruit
llucho,maize
lo_mustang,livestock
loa,copper
loamba,wild_game
loango,livestock
lobito,clay
lobuya,fur
loc_chau,legumes
locarno,livestock
lochaber,alum
loches,wheat
lodenoye_pole,clay
lodeve,legumes
lodi,wheat
lodose,millet
lodz,sand
loei,elephants
loeme,lumber
loengowe,wild_game
lofotr,fish
loga,livestock
logar,iron
loge,ivory
logone_birni,cotton
logrono,wine
lohja,fur
lohr,wild_game
loidoriki,stone
loigan_sibo,legumes
loimola,lumber
loja,legumes
lokan,lumber
lokera,lumber
loket,coal
lokoja,millet
lokono,fiber_crops
lokoro,clay
lolo,lumber
loloda,lumber
lom,wine
lombok,lumber
lomello,rice
lomza,livestock
londa,livestock
london,wheat
longa,livestock
longamo,lumber
longan,lumber
longchang,fish
longchuan,fur
longchuan_xunzhou,rice
longde,livestock
longford,horses
longhui,wild_game
longjing,fur
longli,fruit
longmen,lumber
longmen_chicheng,livestock
longnan,lumber
longping_pingle,tea
longping_zhaozhou,wheat
longqing,beeswax
longquan,clay
longquan_taihe,legumes
longquanping,horses
longshan,livestock
longtang,wool
longueville,wheat
longvek,legumes
longwangmiao,stone
longwy,iron
longxi,medicaments
longxi_gongchang,medicaments
longyan,stone
longyang,fish
longyou,wool
longyou_jiading,wheat
longzhou_fengxiang,livestock
longzhou_longzhou,tea
lop,silk
lopasnya,lumber
lopburi,clay
lope,lumber
lora,maize
lorca,saltpeter
lordegan,medicaments
loree,lumber
lorelai,livestock
lorena,beeswax
lori,copper
loropeni,livestock
los_yebenes,fur
lotoshino,wheat
lotsane,stone
loudi,livestock
loudun,beeswax
loufan,livestock
loughborough,livestock
louhans,wheat
loulan,salt
louth,fish
louviers,wool
lovech,fur
lower_aktanyshbash,fur
lower_angara,fish
lower_gazimur,fur
lower_pinda,wheat
lower_ulz,lead
lowestoft,fiber_crops
lowqah,camels
loyalhanna,fur
loyalsock,lumber
luache,fish
luaha,fish
lualaba,wild_game
lualula,livestock
luan,rice
luanchuan,wool
luanda,fish
luanyang,horses
luanze,ivory
luapula,lumber
lubaczow,legumes
lubai,lumber
lubalo,gems
lubango,livestock
lubartow,fiber_crops
lubawa,millet
lubben,legumes
lubeck,fish
lubefu,wild_game
lubica,alum
lubile,wild_game
lublin,wool
lubliniec,clay
lubny,legumes
lubudi,fruit
lubue,lumber
lucala,stone
lucapa,gems
lucayoneque,fish
lucca,cotton
lucena,olives
lucera,wool
lucerne,fiber_crops
luchani,lumber
luchaze,ivory
lucheng,beeswax
lucheng_luan,livestock
luchin,legumes
luchow,clay
luchuan,livestock
luchuan_mangshi,lumber
luchuan_rongzhou,livestock
luckau,lumber
lucknow,wheat
luda,pearls
ludlow,lead
ludrava,sand
luebo,lumber
lueyang,iron
lufeng,beeswax
lufeng_haifeng,salt
lugano,lumber
lugo,livestock
lugoj,livestock
lugu,lumber
luhansk,wool
luhe,wheat
lujiang,livestock
lujiang_luzhou,alum
lukana,ivory
lukassi,lumber
lukchun,saltpeter
lukenie,lumber
lukh,millet
lukolm,legumes
lukou,livestock
lukoves,lumber
lukow,wild_game
lukoyanov,lumber
lukuga,ivory
lukulunga,wheat
lule,maize
lulea,lumber
luleburgaz,wine
luliang,cotton
luling,rice
lulong,wheat
lumajang,saltpeter
lumbala,wild_game
lumbala_nguimbo,wild_game
lumbi,lumber
lumbini,lumber
lumeje,lumber
lumnanas,lumber
lumphat,gems
lumpur,fish
lunan,lumber
lund,wheat
lundey,fish
luneburg,salt
luneville,fiber_crops
lungkya,wild_game
lungsho,wild_game
luninets,fiber_crops
lunino,beeswax
luocheng,wild_game
luochuan,wild_game
luodian,fish
luoji,pepper
luojiao,livestock
luokong,rice
luonan,fur
luorong,lumber
luoshan,wine
luoshan_qujing,legumes
luotian,pepper
luoxiong,pepper
luoxiu,lumber
luoyang,wheat
luoyang_wenzhou,livestock
luoyuan,fish
luozuoguan,fur
lupungu,ivory
lupya,wild_game
luquan,silk
luquemba,fruit
lusambo_qandu,lumber
lushai,wild_game
lushan,wheat
lushan_yazhou,marble
lushi,medicaments
lusignan,fiber_crops
lusongui,wild_game
lussuna,lumber
lusta,fruit
lutai,sand
lutang,clay
lutava,fiber_crops
luthigh,wild_game
lutoudian,livestock
lutselk_e,fish
lutsk,wheat
luujarvi,fur
luuq,cotton
luwu,iron
luxembourg,iron
luxeuil,sand
luxi,fish
luxian,wheat
luxiang,livestock
luyang,rice
luyi,legumes
luzhang,stone
luzhou,wine
lviv,dyes
lwena,lumber
lyady,wool
lyakhavichy,wool
lyakhovichy,fiber_crops
lyaskovets,cotton
lycksele,lumber
lycoming,wild_game
lyepyel,millet
lymington,salt
lyngngam,fruit
lynn,wool
lyokyochyon,fur
lyon,silk
lypova_dolyna,clay
lyskovo,fur
lysufjord,fish
lysva,copper
lysychansk,horses
lysye_gory,livestock
lyuban,millet
lyubashany,fiber_crops
lyubcha,livestock
lyubichi,clay
lyubim,fur
lyubno,wool
lyubun,wool
lyubytino,beeswax
ma_amtagila,lumber
ma_tehua_llan,wild_game
maan,livestock
maanaagi_iixodagish,fruit
maaqtusiis,fish
maasai,iron
maaselka,medicaments
maastricht,wool
maatawamkeag,lumber
maba_celebes,stone
mabale,wild_game
mabein,lumber
mabian,tea
mabila,maize
mabu,lumber
mabunda,livestock
mabuya,sand
mabveni,lumber
macaca,fruit
macaclita,wild_game
macaregua,gems
macas,medicaments
macassa,legumes
macauba,wild_game
macaya,potato
maccan,fish
macclesfield,livestock
macedo,lumber
macenta,rice
macerata,fiber_crops
macha,lumber
machakh,wild_game
machala,maize
machame,coal
machang,wild_game
machaqa,maize
machecoul,salt
machekha,livestock
macheng,horses
macheng_luanzhou,fish
macherla,livestock
machevna,wild_game
machias,lumber
machichi,fur
machisque,wild_game
machul,rice
machynlleth,lead
macina,rice
mackenzie,wild_game
mackinac,lumber
macomer,wool
macon,wine
macoriges,cotton
macoupin,maize
macuxi,stone
macuze,fish
madaba,millet
madakalapu,fish
madanda,lumber
madaran,silk
madas,wool
madaun,wild_game
madawaska,fur
maddela,rice
madembe,lumber
maden,fish
madgaon,fruit
madhubani,elephants
madi,ivory
madi_madi,millet
madi_yuanling,lumber
madila,wool
madin_bani_sulaym,goods_gold
madinat_alawiyyin,livestock
madinat_far,legumes
madjul,wool
madoi,wild_game
madras,pearls
madrid,iron
madugula,incense
maduna,livestock
madurai,silk
maduranthakam,fish
madwas,legumes
mae_hong_son,amber
mae_sot,gems
maerkang,stone
maevatanana,sugar
maewo,fish
mafra,wild_game
magadan,ivory
magadi,beeswax
magaguadavic,wild_game
magalo,livestock
magan,wild_game
maganasipi,fur
magdalenas,fish
magdeburg,legumes
mage,legumes
maghana,clay
magherafelt,fiber_crops
magnetawan,lumber
magon,clay
magorix,tobacco
maguana,beeswax
maguanes,fiber_crops
maguela,fiber_crops
magueyes,livestock
magway,rice
magyarovar,wheat
mah_hom,wild_game
mahabad,fruit
mahabo,fruit
mahaela,saffron
mahagaon,livestock
mahaguatikka,wild_game
mahaiwe,iron
mahajanga,fish
mahakam,lumber
mahallat,livestock
mahan,camels
mahates,fish
mahatittha,pearls
mahaxay,elephants
mahdia,olives
maheshpur,cotton
maheshwar,millet
mahgas,legumes
mahi_kulan,livestock
mahicannituck,lumber
mahilaka,lumber
mahin,fish
mahitahi,lumber
mahkato,lumber
mahmudabad,legumes
mahnahwoonan,fish
mahneshan,lead
mahoba,wheat
mahock,lead
mahohevahoe,maize
mahoning,iron
mahoning_oh,fruit
mahony,fur
mahpahpahazhhah,wild_game
mahres,olives
mahu,tea
mahur,lumber
mahvelat,livestock
mai_ndombe,fruit
maia,fiber_crops
maia_papua,lumber
maiana_atoll,fruit
maiawali,fiber_crops
maibong,lumber
maicasagi,lumber
maidu,wild_game
mailsi,cotton
maimbung,pearls
main,fiber_crops
maingkwan,amber
maintirano,livestock
mainz,wine
mairete,rice
mairi,fiber_crops
maitomoni_ohe,legumes
maiwa_papua,livestock
maiwand,livestock
maizinaazibi,lumber
majabigwaduce,fish
majanna,millet
majar,livestock
majdal,wheat
majili,lumber
majiri,livestock
majuro_atoll,fish
makabana,livestock
makah,fish
makaka,lumber
makalondi,legumes
makanpur,rice
makar,fish
makarato,livestock
makarikha,lumber
makarska,wool
makary,fish
makatao,millet
makemo_atoll,lumber
makenenga,wild_game
makgadikgadi,salt
makhabn,wild_game
makhtal,legumes
makigotekw,legumes
makira,fruit
makisin,livestock
makna,fish
mako,livestock
makokibatan,wild_game
makonde,millet
makonkalns,wild_game
makoua,lumber
makovskoe,fur
makrana,marble
maksatikha,fur
maksi,stone
maku,livestock
makuda,fish
makuhadokado,wild_game
makulu,wild_game
makunchawu,wild_game
makunda,ivory
makurap,medicaments
makurawe,lumber
makutamazan,millet
makwanpur,stone
mala,lumber
mala_vyska,millet
malabang,clay
malacatos,beeswax
malacca,cloves
malaga,sugar
malagon,wool
malaimbandy,livestock
malak_malak,lumber
malakand,millet
malakula,lumber
malal_hue,salt
malalis,fiber_crops
malandog,copper
malang,beeswax
malangke,sand
malanji,wild_game
malapaz,maize
malapuram,incense
malartic,wild_game
malaryta,livestock
malatya,fruit
malaya_ilesha,lumber
malaya_serdoba,horses
malaya_sosva,lumber
malayer,saffron
malazgirt,wool
malba,livestock
malbork,wheat
malchin,wheat
malchow,fish
maldarede,livestock
male_atoll,lumber
maleagit,wild_game
malegoondeet,silver
maleisiai,legumes
malekan,wheat
malemba,fish
malemiut,fish
malgara,beeswax
malha,wild_game
malham,fruit
malheur,wild_game
malili,lumber
malinalco,livestock
malindi,salt
malindig,lumber
malinithan,rice
malka,lumber
malkana,fish
malkangiri,livestock
mallacoota,fish
mallee,beeswax
mallersdorf,wool
mallig,rice
malmo,fish
malneta,livestock
malodelskaya,livestock
maloelap_atoll,lumber
malong,millet
malong_qujing,wheat
malongtalang,legumes
maloshuyka,fur
maloya,stone
maloyaroslavets,wild_game
malpa,iron
malpeque,fish
malpura,cotton
malta,cotton
malte,fish
malukkit,lumber
malumba,millet
malung,lumber
malunga,livestock
malye_derbety,medicaments
malye_oserki,fur
malykhan,fur
malykovka,horses
malyn,lumber
malyy_uran,livestock
mamachatpam,wild_game
mamadysh,lumber
mambere,medicaments
mambone,fish
mamboro,fish
mambrui,fish
mamburao,rice
mameiwasipi,wild_game
mamele,wild_game
mamiya_kala,lumber
mammamattawa,lumber
mamterat,ivory
mamterilleq,fur
mamudju,lumber
mamull_mapu,salt
mamusi,lumber
mamyn,iron
manabondro,fruit
manacor,wine
manadeley,fruit
manado,fish
managalang,legumes
manahoro,fruit
manama,pearls
manambato,saffron
manan,livestock
manangoora,millet
manaos,dyes
manapakuaniskau,wild_game
manas,clay
manassas,stone
manatara,legumes
manavgat,lumber
manawatu,fruit
manbij,beeswax
mancha_khiri,legumes
manchac,livestock
manchan,salt
mancheng,livestock
manchester,coal
mandalgarh,millet
mandali,livestock
mandandanji,livestock
mandar_parvat,silk
mandaragirau,millet
mandi,lumber
mandiana,beeswax
mandingring,lumber
mandisobi,livestock
manditsara,lead
mandiyu,fiber_crops
mandjar,fish
mandla,rice
mandleshwar,millet
mandor,salt
mandore,iron
mandsaur,iron
mandu,cotton
mandurah,millet
mane,millet
maneva,sand
manfalut,livestock
manfredonia,salt
mang_viet,saltpeter
mangala,fiber_crops
mangalore,fruit
mangapet,clay
mangarayi,legumes
mangareva,fish
mangarin,lumber
mangazeya,fish
mangbu,legumes
mangge,livestock
mangona,wool
mangrol,millet
mangshi,wild_game
manguenzo,lumber
manhattan,legumes
manhuacu,lumber
manhukdhintanwan,fur
mani,lumber
mani_kikongo,livestock
mani_kinsomba,livestock
manialtepec,fish
maniani,wild_game
maniatique,lumber
manica,lumber
manicouagan,lumber
manigango,wheat
manigotagan,medicaments
manihi_atoll,fruit
manikandapuram,pepper
manikdrug,iron
manikpur,millet
manily,fish
manisa,cotton
manistee,lumber
manistique,lumber
manitoulin,fish
manitowi_sakahikanihk,wild_game
manitowik,fur
manitowoc,lumber
manjimup,goods_gold
manjung,tin
mankera,medicaments
mankessim,livestock
mankhamba,ivory
mankon,lead
mankunda,fiber_crops
manley,fur
manmaw,rice
mann,copper
manna,fish
mano,rice
mano_iyo_he,wild_game
manoharpur,dyes
manoki,gems
manomin,maize
manoninerina,rice
manora,fish
manouane,medicaments
manouanis,lumber
manresa,saltpeter
mansaka,lumber
mansila,livestock
mansilla,fur
mansinha,wild_game
manso,wild_game
mansoura,sugar
mansouria,iron
mansura,wheat
manta,fruit
mantago,lumber
mante,lumber
mantes,wine
mantiqueira,medicaments
mantova,wheat
manturovo,lumber
manturovo_kursk,horses
manuae_atoll,fruit
manuais,wild_game
manubara,legumes
manujan,fruit
manukau,fish
manuri,clay
manus,wild_game
manyakheta,fruit
manyapura,cotton
manyas,olives
manyikeni,millet
manysai,wild_game
manzanares,wheat
manzaya,lumber
manzushir,wild_game
maoming,sugar
maore,fish
mapa,salt
mapela,goods_gold
mapimi,wild_game
maping,rice
mapulana,ivory
mapungubwe,livestock
maputo,millet
maqqara,clay
maqtewey,lumber
maquatua,wild_game
maqueda,wheat
mar,wool
mara,fruit
mara_india,fruit
maracaju,wild_game
maracoa,medicaments
maradah,fruit
maradi,livestock
maragheh,wheat
marajoara,legumes
marakaaya,fish
maralbexi,fruit
marand,livestock
marandet,sand
maranjab,clay
marapa,maize
marapanim,fish
marash,wool
marataiama,legumes
maratine,chili
maravatio,lumber
maraveh,wheat
marawah,fish
marayaarmiut,wild_game
maraza,wool
marbella,fish
marbul,stone
marburg,fruit
mardan,livestock
mardanaqom,fruit
mardankuyik,legumes
mardehek,wool
mardelong,sand
mardin,wheat
mareeg,fruit
margany,stone
marghinan,silk
mariame,lumber
mariana,clay
marib,incense
maribor,wine
marien,fish
marien_cuba,wild_game
marienstern,livestock
mariinsk,fur
marimba,lumber
marimbi,wild_game
marin_balluk,stone
marind,legumes
mariocai,fish
mariua,lumber
marivan,wild_game
marjina_horka,livestock
markahuamachuco,wool
markapur,ivory
markha,livestock
markham,livestock
markhaya_trail,wild_game
markovo,stone
marle,wheat
marlew,livestock
marmainde,legumes
marmande,wheat
marmaris,fruit
maroantsetra,fish
marokau_atoll,lumber
maroua,livestock
marovo,lumber
marovoay,fish
marrakesh,wine
marrat,salt
marrithiyel,millet
marsassoum,millet
marsciano,livestock
marseille,legumes
marsoui,fish
martaban,rice
martapura,iron
marte,wheat
martigny,lead
martinafr,livestock
martos,livestock
martu,iron
martuthunira,millet
martyshkino,millet
maruf,wild_game
marutea,lumber
marv_al_rudh,livestock
marvast,fruit
marwah,legumes
marxa,fur
maryovo,legumes
masa_sud,millet
masacuajulam,cotton
masaks,fish
masalsk,wool
masantu,lumber
masat_ata,livestock
masbate,goods_gold
mascara,wool
masekesa,livestock
maselga,fur
mashdhubah,fruit
mashgalende,wild_game
mashhad,fruit
mashhad_rizeh,fruit
mashiki,horses
mashima,lumber
mashishing,iron
mashita,wheat
mashkai,beeswax
mashkel,livestock
masiko,wild_game
masindrano,beeswax
masinga,lumber
masirah,copper
masjed_soleyman,fruit
maskanah,sugar
maskikogamak,fur
maskotci,lumber
maskwa,wild_game
masolian,fish
masqat,pearls
massa,wine
massa_MOR,salt
massabo,fish
massamar,tin
massangano,cotton
massanutten,lumber
massanza,livestock
massapa,tin
massapequa,fish
massawa,gems
massawomeck,lumber
massenya,ivory
massigui,millet
massinacak,coal
mastakh,fish
mastigon,fur
mastuj,millet
mastung,legumes
masty,livestock
masulipatnam,cotton
masyaf,fruit
mat_chau,lumber
matabichuan,fur
matachewan,fur
matad,livestock
matagalpa,maize
matahun,lumber
matala,lumber
matam,rice
matamba,ivory
matanda_aChiwawa,goods_gold
matandang_nayon,fish
matane,lumber
matano,millet
matanuska,wild_game
matape,fiber_crops
matapeake,fish
matapedia,fish
matapesatakun,fur
matara,wild_game
mataram,rice
matarjawira,clay
matawin,lumber
matemba,livestock
matendere,millet
matengo,iron
matera,olives
mateur,sugar
mathoskabde,fur
mathura,sugar
matiakoali,livestock
matilla_de_canos,livestock
matimba,iron
matipo,lumber
matman,legumes
matmata,millet
matootonha,legumes
matope,livestock
matoueska,lumber
matruh,camels
matsigame,legumes
mattagami,wild_game
mattawa,medicaments
mattawana,fur
mattawasaga,fur
mattawishkwia,wild_game
mattole,fish
matumbo,wild_game
matupi,elephants
maturin,maize
matzikama,clay
mau_jaunpur,sand
maubeuge,fruit
maubin,rice
maues,wild_game
mauganj,sugar
maui,fiber_crops
maukallaqta,cotton
mauleon,livestock
mauleon_poitou,legumes
maulimberdy,livestock
maumee,clay
maung,fish
maungdaw,fish
mauriac,fruit
mauritius,fish
mavinga,lumber
mavliberda,livestock
mawet,lumber
mawhera,lumber
mawkmai,stone
mawlamyine,fruit
mawlen,legumes
mawqaq,wheat
mawza,fruit
maxaas,livestock
maxakali,lumber
maxcanu,fiber_crops
maxia,livestock
maxorata,dyes
may_ushin,medicaments
maya,wild_game
mayaba,goods_gold
mayaca,fish
mayaimi,legumes
mayang,legumes
mayapan,cotton
mayari,chili
maybrat,legumes
maydh,incense
mayen,fruit
mayenne,livestock
mayeye,lumber
mayi_kutuna,fiber_crops
mayi_thakurti,wild_game
mayi_yapi,clay
maykop,clay
mayma,iron
maymaga,fur
maymana,wheat
maynila,fish
maynoa,tobacco
mayo,goods_gold
mayrinax,sugar
mayumba,sand
mayuragiri,millet
mayya,lumber
mayyafariqin,clay
mazagao,lumber
mazaghan,fish
mazar_i_sharif,wool
mazar_tagh,sand
mazara,saltpeter
mazatepec,wild_game
mazatlan,clay
mazatlpilli,sand
mazdaran,copper
mazeikiai,wheat
mazhan,fruit
mazinaw,wild_game
mazouna,fruit
mazyr,wool
mbaba,lumber
mbai_yuru,medicaments
mbaiki,lumber
mbakaou,livestock
mbam,livestock
mbangala,livestock
mbanza_kongo,copper
mbanza_mbata,wheat
mbanza_mpangu,lumber
mbanza_mpemba,lumber
mbanza_nsundi,livestock
mbanza_soyo,fish
mbara,legumes
mbegela,sand
mbegua,maize
mbeiwum,wild_game
mbewe,millet
mbia,chili
mbinga,ivory
mboma_kongo,wild_game
mbombela,millet
mbombona,millet
mbondo,millet
mbosaksawaas,lumber
mboune,livestock
mbridge,lumber
mbunga,millet
mbwela_kabango,wild_game
mbya,lumber
mchinji,wild_game
meaux,medicaments
mebengokre,wild_game
mecatina,fur
mecca,fruit
mechelen,wheat
mechet,wool
mechetnaya,livestock
mechili,camels
mechiso,fur
mechoopda,medicaments
mecumba,cotton
meda,wine
medak,rice
medanapalle,lumber
medawachchiya,rice
medea,clay
medellin,wheat
medenine,olives
medias,wine
medicina,medicaments
medicine_bow,wild_game
medina,fruit
medina_de_rioseco,wheat
medina_del_campo,fruit
medina_sidonia,livestock
medinaceli,wild_game
medininkai,millet
medininkai_vilna,livestock
medjez_el_bab,clay
mednoye,wild_game
medonho,beeswax
medrissa,wool
meductic,medicaments
meduxnekeag,lumber
medveda,lead
medyn,lumber
meelpaeg,wild_game
megantic,fur
megara,olives
megion,fur
megiscane,wild_game
megra,fur
megri,lumber
megrino,fiber_crops
meherrin,fiber_crops
mehin,wild_game
mehkar,livestock
mehsi,wheat
meiganga,wild_game
meinersen,clay
meiningen,medicaments
meiqiu,cotton
meisenheim,lumber
meissen,clay
meixian,wheat
meizhou,pepper
mejnypilgyn,wild_game
mekapisk,wild_game
mekele,stone
mekimbya,wild_game
mekinac,wild_game
mekinock,maize
mekletin,livestock
meknes,olives
mekoryuq,ivory
mekwiskajk,lumber
melahuacan,lumber
melamela,lumber
melara,lumber
melekess,horses
melenki,legumes
melenudo,beeswax
meletovo,medicaments
meleuz,horses
melfi,wine
melgueil,medicaments
meli_lema,mercury
meli_pillan,livestock
melilla,stone
melitopol,clay
melk,fur
mellid,lumber
mellrichstadt,lumber
melnik,silver
melnikovo,lumber
melnya,millet
melnytsya,millet
melpa,stone
melsungen,fruit
melun,wild_game
memba,fish
memel,sand
memesagamesing,fur
memmingen,stone
mempawah,fish
memphremagog,fur
memramcook,fish
menageesenog,fish
menahkwesk,fish
menara,lumber
menas,clay
mendawai,pearls
mende,lead
mendefera,stone
mendetna,fur
mendong,livestock
mendota,fruit
meneeohe,wild_game
menehould,stone
menemen,salt
menen,horses
menesetung,fish
mengban_jihong,wild_game
mengban_weiyuan,fur
mengcheng,livestock
mengding,livestock
mengding_mengzi,rice
mengdong,lumber
mengen,lumber
mengen_papua,fish
menggala,cloves
menghai,cotton
menghua,lumber
mengjin,rice
mengla,lumber
menglei,lumber
mengli,livestock
mengmeng,lumber
mengtong,lumber
mengung,lumber
mengxian,rice
mengyin,legumes
mengzi,tin
menkyule,wild_game
menlu,fur
menominee,lumber
menongue,lumber
menouf,rice
menutinau,fur
menzelinsk,lumber
mepenes,cotton
meppel,legumes
meppen,millet
meraker,wild_game
meramec,iron
merano,livestock
merca,salt
mere_mere,lumber
merelka,lumber
merenga,ivory
mergen,wild_game
mergentheim,livestock
mergui,fish
merida,wheat
merki,livestock
merkine,fur
merseburg,fruit
merta,silver
mertola,copper
meru,millet
merv,silk
merzifon,wheat
merzig,coal
mesabi,iron
mesagami,wild_game
meschede,lumber
meshchersk,millet
meshchovsk,wild_game
meshkan,camels
meshkan_khorasan,wool
meshra_er_req,ivory
mesilinka,fur
meskiana,cotton
meskousing,wild_game
mesocco,fur
mesquite,wild_game
messaad,wool
messalonskee,fur
messina,alum
messoyakha,wild_game
mestre,fish
mesudiye,stone
mesuji,fiber_crops
mesurado,fish
mesyagutovo,wild_game
metabeskega,medicaments
metabetchouane,fur
metapan,maize
meteleu,lumber
methye,fur
metica,livestock
metigoshe,legumes
metkovic,livestock
metlika,clay
metog,rice
metsang,wild_game
metz,millet
metzquititlan,maize
metztitlan,gems
meulaboh,goods_gold
mevouillon,olives
mewuk,fish
mextiacan,wild_game
meyah,fish
meyami,fruit
meybod,wild_game
meymand,fiber_crops
meymeh,stone
mezen,fur
mezhorje,lumber
mezhutka,fiber_crops
mezhybozhe,livestock
mezquital,lumber
mfumu_bekussu,wild_game
mghumbhani,lumber
mglin,wheat
mgosas,lumber
miahuatlan,wild_game
mianchi,wheat
miandoab,sugar
miandrivazo,lumber
miangu,lumber
mianzhou,tea
mianzhu,wine
miass,iron
miastko,wild_game
miatbir,wool
mica_creek,medicaments
micay,beeswax
micewehudehik,fruit
michichi,wild_game
michilingue,wild_game
michipicoten,fur
mictlan,dyes
middelburg,salt
midelt,millet
midongy,iron
midu,cotton
midyat,lumber
mie,fish
miedzyrzecz,legumes
mielnik,livestock
miercurea_cluc,iron
mieres,iron
miesbach,lumber
mihalic,legumes
mihaliccik,clay
mihalt,lumber
mihkwakamiwi_sipiy,lumber
mii,dyes
mikasa,coal
mikasuki,fruit
mike,fish
miketo,wild_game
mikhailovka,medicaments
mikhalkino,fish
mikhaylov,wool
mikhaylovka,livestock
mikhaylovka_pontic,wool
mikhlaf_al_hubishiyah,fruit
miki,rice
mikindani,medicaments
mikiwam,fur
mikkeli,lumber
mikkwa,wild_game
mikshino,legumes
miksiw_sipisis,maize
mikulino,livestock
mikulino_tver,millet
mila,olives
milange,lumber
milano,wheat
milas,olives
mile,rice
mili_atoll,lumber
miliana,fiber_crops
milicz,fish
milk_creek,wild_game
milkovo,lumber
millapel,legumes
millau,alum
millcayac,wild_game
millcca,iron
millerovo,millet
millewa,goods_gold
millinocket,lumber
millioke,salt
milos,alum
miltenberg,wheat
milwat,wild_game
milyutinskaya,livestock
mima,tea
mimbara,fiber_crops
mimizan,salt
minab,sugar
minamiabashiri,lumber
minamiaizu,lumber
minamikamikawa,stone
minamimatsuura,lumber
minamimogami,lumber
minamimorokata,fish
minamimuro,lumber
minaminakagawa,lumber
minamiuonuma,lumber
minang,lumber
minatare,wild_game
minbya,beeswax
minden,beeswax
mindon,fiber_crops
mindouli,lead
mindu,maize
minduso,livestock
mineami,fruit
minehead,beeswax
minenga,lumber
mingan,fish
minggang,wheat
minghe,lead
mingin,rice
mingin_australia,wild_game
mingsha,millet
mingshan,tea
mingshui,wheat
mingtong,dyes
minguannan,clay
mingxi,wild_game
mingyi,livestock
mingying,tea
minichinas,fruit
minii_yohe,wild_game
minisink,fur
minisose,fiber_crops
miniss,lumber
ministik,fish
minizuahe,fiber_crops
minkaniciciw,fur
minna,cotton
minnetonka,lumber
minnewaukan,fiber_crops
minnewawa,lumber
mino,lumber
minochi,rice
minokamo,silk
minong,fur
minqing,sugar
minsin,lumber
minsk,lumber
minto,fur
minudasht,lumber
minungo,lumber
minusinsk,lumber
minxian,sugar
minya,wheat
minzhou,medicaments
miongo,lumber
miopacoas,sand
miory,lumber
miquelon,fish
mir_garh_qila,sand
mir_loc,alum
miraj,legumes
mirama,iron
miramichi,fish
miran,sand
miranda_de_ebro,livestock
miranda_de_i_douro,wool
mirande,wheat
mirandela,lumber
mirandola,wheat
miranha,lumber
mirat,cotton
mirbat,incense
mirecourt,livestock
mirepoix,fruit
miritiba,beeswax
mirixubaash,legumes
mirning,wild_game
mirochowo,clay
mirriah,clay
miryang,silver
misasa,rice
misask,wild_game
misekumaw,lumber
misgar,wool
misha_shipu,fur
mishan,clay
mishikamau,fur
mishkwagokag,lumber
misi_zaaga_igan,wild_game
misima,fish
misinichikw,wild_game
miskah,wheat
miskolc,stone
miskwaagamiiwi,lumber
misool,fish
mispec,fish
misratah,salt
missicabi,wild_game
missinaibi,fur
missinihe,tobacco
missinipi,fur
mississagi,fur
mississinewa,wild_game
missoula,wild_game
mistahi,wild_game
mistahi_sakahikan,lumber
mistaiyohe,wild_game
mistango,fur
mistanipi,wild_game
mistassibi,wild_game
mistassiniish,fur
mistecapiu,lumber
mistelbach,fruit
mistimakan,fish
mistinatuakamau,fur
mistinatwayasu,wild_game
mistissini,fur
mistretta,fruit
mistutikumak,lumber
mitchigamea,fiber_crops
mithankot,cotton
mithri,legumes
mitic,maize
mitilene,dyes
mitimiri,millet
mitis,fish
mitoyo,salt
mitrovica,silver
mitse_adazi,lumber
mitsiadazi,wild_game
mitsogo_kongo,lumber
mittaywanquam,lumber
mittersill,gems
mityakinskaya,livestock
miwa,fish
mixian,legumes
mixquiahuala,livestock
mixtlan,cocoa
miyagi,pearls
miyakojima,rice
miyaneh,cotton
miyazaki,legumes
miyoshi,legumes
miyoshi_shikoku,legumes
miyun,lumber
mizantla,cocoa
mizda,camels
mizhi,salt
mizque,potato
mkwaja,fish
mlada_boleslav,wool
mlungo,lumber
mnihaha,clay
mnisaton,maize
mnitanka,wild_game
mo_o_ti,silver
mo_ohta_vo_honaaeva,stone
moadokado,wild_game
moana_kassongo,fruit
moana_mpafu,wild_game
moana_muafi,wild_game
moana_mussumba,lumber
moanunts,wild_game
moapa,wild_game
mobaye,medicaments
mobile,clay
moca,goods_gold
mocama,clay
mocana,salt
moce_atoll,pearls
mocoa,gems
mocozo,fish
modasa,millet
modena,wine
modica,silk
modigliana,fruit
modipe,wild_game
modokni,lumber
modon,fish
modos,fish
moehe_yoe,wild_game
moena_kalengo,lumber
moffat,wild_game
mogadishu,ivory
mogador,fish
mogas,salt
moghwachi,lumber
mogi_das_cruzes,wild_game
mogi_mirim,lumber
mogilev,fur
mogilno,livestock
mogot,wild_game
mohacs,fish
mohan,lumber
mohe,lumber
mohetan,coal
mohko,lumber
mohyliv_podilskyi,livestock
moi,livestock
moi_urusta,fur
moingwena,fiber_crops
moira,copper
moissala,lumber
moito,fiber_crops
moiynty,beeswax
mojacar,alum
mojenga,ivory
mokaie,fish
mokelumne,lumber
mokhcha,livestock
mokowan,fiber_crops
mokrous,horses
mokshan,wheat
moksobo,salt
mokwa,wheat
molangur,fruit
molchanovo,lumber
molde,fish
molevon,wine
molina_de_aragon,lumber
molins,iron
mollyhuajeck,fish
molodo,fish
molodoi_tud,livestock
mologa,fur
moloka_i,legumes
molomo,wild_game
moloskovitsa,beeswax
molsemtekw,fish
molumbo,lumber
molundu,wheat
molvo,lumber
molyvos,salt
moma,fruit
moma_katwoi,lumber
moma_moamba,lumber
mombasa,cotton
mombote,wild_game
mompoj,livestock
mon,livestock
monadnock,wild_game
monaghan,livestock
monahassanugh,wild_game
monashee,fur
monastir,beeswax
monastyrshchina,beeswax
monasukapanough,stone
monbetsu,fur
monchengladbach,livestock
moncorvo,iron
mondo,sand
mondonedo,wheat
mondongachate,iron
mondoro,livestock
mondovi,livestock
monecato,wild_game
monemvasia,iron
monesterio,legumes
moneta,lumber
moneton,fur
monfort_lamaury,wheat
monfort_sur_meu,beeswax
monforte_de_lemos,wine
mong_hpayak,lumber
mong_hsat,lumber
mong_yai,clay
mong_yang,horses
mong_yawng,legumes
monghsu,fur
monghyr,legumes
mongkawng,gems
mongkung,tin
monglong,lumber
mongmit,gems
mongnai,rice
mongnawng,lumber
mongo,ivory
mongoffa,wheat
mongomo,wild_game
mongpai,lumber
mongping,millet
mongtung,lead
mongyang,fruit
monhyin,lumber
monmouth,fruit
mono,fish
monocacy,tobacco
monona,legumes
monongahela,coal
monopoli,olives
monqui,salt
mons,coal
monselice,livestock
monsol,lumber
mont_de_marsan,legumes
montaigu,livestock
montaigut,stone
montalban,coal
montalcino,iron
montalegre,beeswax
montanchez,livestock
montargis,fiber_crops
montauban,wine
montauk,fish
montbeliard,livestock
montblanc,alum
montbozon,wool
montbrison,copper
montcenis,sand
montefeltro,wool
monteleone,olives
montemor,olives
montendre,wine
montepeloso,horses
monterado,millet
monterrey,tin
montes_claros,fruit
montflanquin,wool
montgomery,wool
monthey,salt
montiel,wheat
montlaur,livestock
montlucon,clay
montmedy,fur
montmorency,dyes
montmorillon,wool
montpellier,dyes
montreuil,wheat
montreuillon,lumber
montreux,wine
monxoro,sand
monza,wheat
monzes,lumber
monzon,wool
monzon_campos,wool
mooi,clay
moona_mpanda,lumber
moose_river,lumber
moosonee,fur
mootka,fish
mopeia,rice
moqoit,legumes
mora,wild_game
mora_cam,wild_game
mora_de_rubielos,wool
mora_eth,fruit
mora_portugal,horses
morag,fruit
moramanga,rice
morangi,elephants
moratau,fish
mordovo,livestock
morella,wine
morgan,lumber
morgex,lumber
morhange,wheat
mori,livestock
mori_baridag,livestock
mori_celebes,copper
morki,lumber
morkoka,wild_game
morkvash,clay
mormor,millet
mornei,livestock
moro,lumber
moro_sindh,rice
moron,cotton
morondo,ivory
morpeth,wool
morphou,cotton
morrinhos,fiber_crops
mors,legumes
morsha,livestock
mortagne,livestock
mortain,clay
morvi,cotton
mosbach,millet
moschevo,lumber
mosco,maize
moscow,wheat
mosega,beeswax
mosharahat,wool
moshenskoye,wild_game
moshi,wild_game
moshok,livestock
mosiko,wild_game
moskona,fruit
moskwawakwa,maize
mosopeleacipi,lumber
moss,wild_game
most,stone
mostaganem,cotton
mostar,olives
moster,marble
mosul,wheat
motal,iron
motoyoshi,fish
motu_maha,fish
motul,salt
motupalli,iron
motupohue,lumber
motutunga_atoll,fruit
motygino,wild_game
mouchalagane,fur
moudery,millet
mount_athos,livestock
mountain_maidu,fur
moura,olives
mourdiah,wheat
mourionska,lumber
moussoro,livestock
moutiers,salt
mouzon,fur
movima,legumes
mowhemencho,fruit
moxos,fruit
moya,lumber
moyarta,fish
moycarn,livestock
moyenga,wild_game
moyobamba,beeswax
mozambique,fish
mozhaysk,lumber
mozhga,lumber
mozhino,lumber
mpala,fish
mpanda,lumber
mpondo,lumber
mpongwe,lumber
mpota,fish
mpueto,beeswax
mpwapwa,livestock
mrauk_u,rice
mrirah,horses
mrubicha,wild_game
msassa,legumes
msene,beeswax
mser,rice
msila,wool
msinja,sand
msire,lumber
msire_zambia,lumber
msiri,beeswax
msoro,livestock
mstow,millet
mstsislaw,medicaments
msus,livestock
mtanye,millet
mtetengwe,millet
mthethwa,livestock
mti_pa,wild_game
mtoko,millet
mtoli,goods_gold
mtowa,lumber
mtsensk,wheat
mtskheta,wild_game
mu_ngava,fish
muan,legumes
muana,livestock
muang_et,livestock
muang_jam,lumber
muang_kham,lead
muang_khemarat,rice
muang_khuan_kra_buri,lumber
muang_lang,elephants
muang_luang_phukha,wild_game
muang_mang,lumber
muang_na_rang,lumber
muang_nakhon,lumber
muang_ngao,rice
muang_nong_han_luang,clay
muang_phalan,lumber
muang_phin,lumber
muang_phuan,lumber
muang_sam_tai,legumes
muang_sing,medicaments
muang_sua,tea
muang_ta_oi,copper
muang_tam,lumber
muang_thaeng,rice
muang_wang,lumber
muang_xay,livestock
muang_yuam,medicaments
muar,lumber
muara_bahan,lumber
muara_sabak,fiber_crops
muarakaman,beeswax
muata_musembo,wild_game
mubami,lumber
mubarakabad,cotton
mubemde,livestock
mubi,livestock
muborak,livestock
mucajai,medicaments
mucajama,lumber
muchena,wild_game
muchesh,wool
muchuan,lumber
muchuchu,salt
muconda,lumber
mucuri,wild_game
mucusso,livestock
mudan_ula,horses
mudburra,wild_game
mudgal,goods_gold
mudhaykirah,dyes
mudhol,livestock
mudurnu,fruit
muene_kwako,lumber
muene_ndinga,wild_game
muene_puto,lumber
mueng_bang_yom,millet
mueng_fa_daet,livestock
mueng_rat,legumes
mueng_thoen,lumber
mueng_thung_yai,gems
mugamba,lumber
muge,stone
mughan,legumes
mughayra,livestock
mugi,lumber
mugla,marble
mugumba,lumber
muhammad_tur,fruit
muhammerah,legumes
muhaukamau,medicaments
muhayil,fruit
muhekani,lumber
muhldorf,legumes
muhlhausen,wool
muhwaosipi,fruit
muichi,lumber
muinawamek,fish
mukachevo,wild_game
mukah,fish
mukalombo,wild_game
mukariva,cotton
mukas,copper
mukdahan,millet
muko,tea
mukomuko,fiber_crops
muksu,wild_game
muktagacha,fruit
muktsar,legumes
mukur,fish
mukurru_bunkela,livestock
mukutawa,lumber
mula,alum
mulanay,fish
mulhouse,fruit
muli,medicaments
mulian,lumber
mulilimu,lumber
mulkhow,wool
mull,fish
mullaitivu,fish
mullheim,wine
mullingar,livestock
mulmuga,lumber
multan,alum
multnomah,lumber
mulun,wild_game
mulunda,millet
mum,lumber
mumbos,lumber
mumias,goods_gold
munchique,lumber
mundurukania,wild_game
munduruku,fiber_crops
mungra,sugar
mungyeong,coal
munich,horses
munite,fish
munju,sand
munk,livestock
munster,millet
munza,ivory
muong,lumber
muong_cha,lumber
muong_luan,wild_game
muong_te,livestock
mupanipani,millet
muping,livestock
mupung,lead
muqur,marble
mura,medicaments
murau,wheat
muravera,wheat
murayama,fur
murayghan,fruit
murbach,copper
murcheh_khvort,lead
murcia,silk
muret,livestock
murghab,tin
murgo,livestock
muriae,wild_game
murom,wheat
muromtsevo,fur
muromtsevo_murom,wheat
murranbulla,livestock
murri,fish
murrinh_patha,wild_game
murrumgama,millet
murt,fruit
muruam,maize
murwara,rice
murzuk,fruit
murzzuschlag,livestock
mus,lumber
musa,lumber
musa_qala,livestock
musan,iron
musaymir,fruit
muscotnetcong,legumes
muse,millet
mushikitee,wild_game
mushkov_pogost,livestock
mushuau,wild_game
musi,legumes
musi_hilir,millet
musikot,iron
muskegon,lumber
muskerry,lumber
muskiki,wild_game
muskingum,coal
musong,clay
musquedoboit,fish
mussau,fruit
mussende,wild_game
mussimi,fiber_crops
mussombo,lumber
mussul,fruit
mussumba,lumber
mustinka,legumes
musuo,wild_game
mut,cotton
mutota,lumber
mutsisooni_yohe,goods_gold
mutsun,fish
mutum,maize
mutumui,fruit
muumyangan,wild_game
muwayh,fruit
muxihe,stone
muxima,salt
muxima_ayo,livestock
muyove,iron
muyu,livestock
muyua,fruit
muyupampa,legumes
muzahmiyah,fruit
muzhech,livestock
mwamasapa,coal
mwangulla,lumber
mwenezi,wheat
mweru,fish
myadzyel,wild_game
myakit,fur
myanaung,rice
myaungmya,salt
mychesk,wheat
myede,horses
myedu,fiber_crops
myeongcheon,lead
myeongju,fish
myitkyina,gems
myitta,lumber
mykonos,wine
mykytyn_rih,fiber_crops
mymensingh,cotton
myndagai,wild_game
myrhorod,wheat
myshuryn_rih,beeswax
myslenice,coal
mysore,silk
mystras,tin
n_pooh_le,lumber
na_choo_ndek,wild_game
na_isha,lumber
naahmigus,fish
naalbandin,wild_game
naam,livestock
naama,livestock
naas,beeswax
naasioi,fish
nababeep,wild_game
nabagram,beeswax
nabaydacu,lumber
nabek,salt
nabeul,cotton
nabiti,lumber
nablus,livestock
nac_nanuk,fish
nacachau,lumber
nacala,fruit
nacao,legumes
nacaome,fruit
nachirvik,wild_game
nachod,medicaments
naco,cocoa
nacogdoches,lumber
naconiche,medicaments
nacoochee,stone
nadah_dogalnine,medicaments
nadakuh,lumber
nadi,rice
nadia,wheat
nadleh_whuten,lumber
nadleht_en,wild_game
nadol,iron
nadushan,legumes
nadvoitsy,wild_game
nadym,fish
nadzcaan,lumber
naffis,copper
nafka,fish
nafpaktos,clay
nafplio,olives
naga,legumes
naga_bikol,lumber
nagagami,lumber
nagahrada,lead
nagaoka,medicaments
nagapattinam,pearls
nagar,wool
nagara_borneo,lumber
nagaradalaax,fur
nagarando,fruit
nagarkot,lumber
nagarparkar,salt
nagatinong,fur
nagaur,horses
nagavskaya,horses
naggar,livestock
nagh,livestock
naghan,wool
nagina,elephants
nagnes,pearls
nagod,clay
nagold,wild_game
nagor,fish
nagorsk,lumber
naguatex,fiber_crops
nagyboszormeny,wool
nagyecsed,wool
nagykallo,wheat
nagykanizsa,wine
nahan,iron
nahanni,wild_game
nahavand,fruit
nahil,fruit
nahma,fur
nahuelpan,livestock
naiba,fish
naiman,livestock
nain,silver
nainital,wild_game
nainpur,elephants
najama,livestock
najera,livestock
najran,silk
naju,rice
nak_azdlit_en,clay
naka,fish
naka_hyuuga,fish
naka_iwami,rice
naka_shikoku,legumes
nakaigetergehe,lumber
nakajima,rice
nakakamikawa,wild_game
nakaoono,silver
nakara,sand
nakata,dyes
nakatsu,coal
nakchu,horses
nakenk,fish
nakhal,fruit
nakhara,fur
nakhchivan,lead
nakhon_chum,wool
nakhon_sawan,lumber
nakhon_thai,legumes
nakijin,tea
nakipa,clay
naklo,lumber
nako,wool
nakono,lumber
nakop,wild_game
nakpa,saffron
nakshaparvat,livestock
nal,livestock
naldrug,livestock
naledi,lead
naletale,goods_gold
nalgonda,lead
nalimsk,wild_game
nalinggele,wild_game
nalli,rice
nalolo,lumber
nalou,rice
nalut,livestock
nalyachchyya,fur
nalyuchi,beeswax
nam_sach,fiber_crops
nam_thing,legumes
nam_xuang,elephants
nama,fish
namaan,clay
namakan,fur
namakwa,beeswax
namalata,millet
namana,fur
namaqua,tin
namaro,rice
namau,legumes
namballe,tin
nambikuara,goods_gold
nambikwara,lumber
nambu,livestock
namdal,fish
namekata,rice
namew,fur
namewaminikan,lumber
namgyeong,legumes
namhae,fish
namhkan,wild_game
namhsan,tea
namibe,fish
namieta,lumber
namiquipa,silver
namjan,livestock
namling,silver
namo_me,lumber
namrup,elephants
namtso_doring,salt
namu_atoll,fish
namunka,fur
namur,iron
namwon,incense
namy,wild_game
namyslow,livestock
nan,lumber
nana_kahinga,fiber_crops
nana_kandungu,lumber
nanan,horses
nanan_quanzhou,cotton
nanatsoho,lumber
nanboa_angonga,livestock
nanbu,rice
nanchang,fish
nancheng,rice
nanchong,silk
nanchuan,lumber
nancy,wine
nandagiri,millet
nandan,tin
nandan_tengcheng,lumber
nandapur,elephants
nander,cotton
nandeva,legumes
nandgram,iron
nandian,lumber
nandod,rice
nandu,legumes
nandun,wheat
nandurbar,silk
nandyal,iron
nanfeng,legumes
nangana,ivory
nangchen,salt
nangcheon,rice
nanghaer,fur
nangong,livestock
nanhai,clay
nanhui,fish
nanja,millet
nanjanagud,livestock
nanjiang,marble
nankang,lumber
nanlang,lumber
nanle,livestock
nanling,copper
nanliu,gems
nanning,cotton
nannup,legumes
nanpi,wheat
nanping,livestock
nanrantsouak,lumber
nansemond,fish
nansheng,tea
nantes,wine
nantucket,fish
nantwich,salt
nanuque,legumes
nanwacinahaana,wild_game
nanwalek,fur
nanxi,legumes
nanyang,medicaments
nanzatico,legumes
nanzewaspe,coal
nanzhang,legumes
nanzhao,wheat
nanzheng,livestock
naococane,wild_game
naogaon,dyes
naoiri,rice
naomao,livestock
napaktok,wild_game
napanee,fish
napetipi,wild_game
napinaica,gems
napituca,lumber
naples,wine
napo,medicaments
napochi,fiber_crops
nara,rice
naraan_chilaun,horses
naraha,rice
naran,wild_game
narangga,livestock
narat,camels
narbonne,salt
nardin,livestock
narena,iron
narhat,wheat
narhata,wild_game
nari_nari,wild_game
nariele,livestock
nariguala,fiber_crops
narino,salt
narmashir,fruit
narnaul,wool
narni,lumber
narodychi,wild_game
narrandera,fruit
narroging,lumber
narsinghpur,fiber_crops
narsipur,legumes
narva,fish
narwar,stone
naryn,beeswax
nas,fish
nasacauso,lumber
nasaf,wild_game
naser,livestock
naserpur,fruit
nashua,fruit
nashwaak,lumber
nasik,lumber
nasiriyah,millet
naskwotchu,fish
nasoni,beeswax
nastapoka,wild_game
nasu,rice
nat_oot_en,fish
nat_tha_hi,maize
nata,sand
nataeosueti,wild_game
natages,wild_game
natahende,wild_game
natal,goods_gold
natalkai,wild_game
natanz,fruit
natashquan,lumber
natastan,wild_game
natchez,lumber
natigostec,fish
natinixwe,medicaments
natori,rice
natsitok,fur
natuak,wild_game
natuna_islands,fish
nauhtlan,legumes
naumburg,millet
naumkeag,iron
naungyo,rice
naupa_huen,livestock
naupahuasi,legumes
naure,wild_game
naurskaya,stone
nauset,fish
navalucillos,livestock
navan,wheat
navchak,fish
navia_de_suarna,iron
navidakh,beeswax
navisink,salt
navolok,wild_game
navskov,legumes
nawa,millet
nawagarh,cotton
nawah,wool
nawakot,sand
nawu,fiber_crops
naxi,fish
naxos,marble
nayagarh,elephants
nayarit,beeswax
nayband,livestock
nayoro,fur
nazarovo,fur
nazhi,sand
nazilli,cotton
nazimovo,fish
nazkot_en,medicaments
nazok_olya,wheat
nazran,wild_game
nazym,fish
nbengo,millet
ncando,lumber
ncomi,lumber
ndalatando,iron
ndar,salt
ndawe_qoha,lumber
nde_nda_i,wild_game
ndele,lumber
ndembo,lumber
ndiaganiao,legumes
ndom,wild_game
ndombe,livestock
ndorwa,goods_gold
ndrumbea,lumber
nduga,lumber
ndwandwe,fish
ndyuka,fruit
ne_miskua,wild_game
ne_shuta,maize
neath,stone
nebesek,fiber_crops
nebolchi,wild_game
nebraska,maize
nechakot_en,lumber
nechi,chili
necocli,fruit
necoes,lumber
nedong,wool
nedroma,fish
nee_tahi_buhn,fur
neebing,copper
neekeari,fiber_crops
neemannee,lumber
neenowuxoote_i,stone
neesihushaanu,wild_game
nefta,fruit
negar,legumes
negombo,pepper
negoot,wild_game
negroponte,salt
neguac,lumber
nehantuck,stone
nehbandan,wild_game
nehru,fur
nehuen_mulfun,livestock
nei,fish
neihuang,fruit
neijiang,sugar
neiqiu,legumes
neixiang,clay
nekemte,coffee
nekhel,stone
nekloch,livestock
nekokiaw,fish
neksikan,wild_game
nel_kan,fur
nelemney,fur
nelgese,wild_game
nellore,cotton
neluki,wild_game
nema,sand
nemadji,sand
nemag,wild_game
nemaha,maize
nemasca,fur
nembe,fish
nembudziya,cotton
nemby,lumber
nemecky_brod,wild_game
nemegosenda,lumber
nemeri,lumber
nemkuchen,wild_game
nemours,wheat
nemptu,fur
nemuro,fur
nenagh,lead
nenana,fur
nendo,lumber
nengone,fruit
nenlhet,fruit
nentego,maize
nenying,wool
neopatras,wool
neosho,wild_game
neoskweskau,fur
nepahalla,wild_game
nepepimmesipi,wild_game
nepisiguit,fish
nequecheri,lumber
nerac,wheat
nerekhta,livestock
neriungri,coal
nes,fur
nesle,wool
nessoneick,copper
nestaocano,wild_game
netook,wild_game
neubrandenburg,clay
neuburg_an_der_donau,pearls
neuchatel,millet
neufchateau_des_vosges,beeswax
neufchateau_luxembourg,wild_game
neuhaus,sand
neumarkt,clay
neuse,cotton
neuss,fiber_crops
neustadt,legumes
neustadt_am_rubenberge,livestock
neustadt_an_der_haardt,livestock
neva,fish
nevel,wild_game
nevers,livestock
nevesinje,wool
nevrokop,iron
nevsehir,horses
new_calabar,pearls
new_ross,lumber
newark,wild_game
newcastle,coal
newenken,wild_game
newport,iron
newtownards,livestock
neyasar,wool
neyriz,iron
nga_lac,horses
ngabang,goods_gold
ngabo,lumber
ngada,millet
ngadjuri,millet
ngalakan,livestock
ngaliwuru,wild_game
ngalkbun,lumber
ngambe,legumes
ngamotu,fish
ngamring,wool
nganaa_nui_atoll,fruit
ngandatha,livestock
ngandi,wild_game
ngandji,legumes
nganyaywana,fiber_crops
ngaoundaye,legumes
ngaoundere,legumes
ngaous,fruit
ngape,millet
ngaputaw,lumber
ngarbal,gems
ngargad,millet
ngarigo,gems
ngarinman,clay
ngarinyin,iron
ngarla,fish
ngarluma,millet
ngarrindjeri,fish
ngasingu,stone
ngatjumay,fiber_crops
ngato,millet
ngau,fish
ngazargamu,cotton
ngazidja,legumes
nggela,fish
nghe_ann,fish
ngibelai,livestock
ngikwatela,wild_game
ngilukumong,goods_gold
ngimbo_amburi,lumber
ngisir,beeswax
ngisonyoka,livestock
ngiyepakuno,fish
ngoc_ma,lumber
ngokro,rice
ngola,ivory
ngololo,livestock
ngongoa_moelo,lumber
ngonnemoa,wild_game
ngouma,livestock
ngousa,livestock
ngoussa,cotton
nguburinji,clay
nguera,wild_game
nguff,lumber
nguidjilone,wheat
nguigmi,fish
ngumbari,millet
ngume,fruit
ngunawal,fruit
nguri,livestock
ngurraiillam,goods_gold
nguru,millet
nguyi,fish
ngwane,millet
ngwaun,wild_game
nhanta,legumes
nhat_nam,pearls
nheengaiba,sand
nheteroia,fish
nhuwala,wild_game
ni_alniigi,beeswax
ni_haunchi_to,maize
ni_okaska,fiber_crops
niagara,legumes
niagassola,lumber
niah,livestock
nianbo,millet
niani,goods_gold
niantjila,rice
niarada,lumber
nibork,clay
nibuchu,beeswax
nicabau,wild_game
nicalaax,fish
nicastro,iron
nicatous,wild_game
nice,olives
nichabau,fur
nichicun,wild_game
nicobar,fish
nicosia_cyp,wine
nicosiasic,beeswax
nictaux,fish
nidaros,fish
nidda,legumes
nidula,fruit
nidym,fish
niebla,alum
niemcza,stone
niemodlin,livestock
niena,rice
nienburg,clay
nifi,fiber_crops
nigde,wool
nigitai,wild_game
nih_iitkotousi_l,wild_game
nii,fish
niigugis,fish
niihari,pepper
niikappu,millet
niikawa,goods_gold
niineniiniicie,silver
niiohehsane,wild_game
nijmegen,wheat
nikahionhwakowa,legumes
nikhdhintanwan,stone
nikitotegwak,wild_game
nikkaluokta,fur
nikki,millet
nikolo_dor,fiber_crops
nikolsk,wild_game
nikolskoye,wheat
nikolskoye_andoma,wild_game
nikolskoye_kema,medicaments
nikolskoye_pontic,wool
nikolsky,wild_game
nikolsky_pogost,fur
nikoma,fish
nikopol,fiber_crops
niksar,wheat
nikwasi,maize
nilagiri,medicaments
nilakamberu,fruit
nilandhe_atoll,fish
nilapohuana,wild_game
nilka,stone
nima,silver
nimanburu,millet
nimde,fur
nimes,olives
nimnyr,fur
nimvar,wheat
nindi,lumber
ninescah,fiber_crops
ningbian,rice
ningchang,livestock
ningde,legumes
ningdu,livestock
ningfan,livestock
ningguo,fur
ningguta,rice
ninghai,livestock
ninghua,livestock
ninghua_tingzhou,livestock
ningjin,cotton
ningjin_zhaozhou,clay
ningling,rice
ningpu,rice
ningshan,wild_game
ningxia,coal
ningxiang,legumes
ningxiang_shizhou,iron
ningyang,legumes
ningyuan,beeswax
ningyuan_gongchang,millet
ningyuan_jinzhou,fish
ningyuan_wananjun,salt
ningzhou,lumber
ninil,silver
nioac,wild_game
niobrara,wild_game
nioman,wild_game
niono,millet
nioro,livestock
niort,fiber_crops
nipigon,fur
nipissing,fur
nipissis,lumber
nipisso,wild_game
nipissu,wild_game
nir,horses
nirgua,fruit
nirmal,iron
nis,wine
nisa,fruit
nisab,medicaments
nisenan,lumber
nisga_a,lumber
nishapur,gems
nishi,fish
nishikanbara,beeswax
nishikubiki,gems
nishimatsuura,clay
nishimorokata,rice
nishimuro,salt
nishiokitama,legumes
nishisonogi,fish
nishiusuki,copper
nishnabotna,maize
nisiamk,lumber
niskibi,wild_game
nisohone,lumber
nisqually,lumber
nissouri,maize
nistam,lumber
nita,iron
nita_arabia,camels
nitahende,wild_game
nitamibontegw,wild_game
nito,fiber_crops
nitra,fruit
nitta,legumes
niue,lumber
niugtaq,ivory
niuquanzi,sand
niurba,wild_game
niushan,livestock
niuwu,lumber
nivelles,wheat
niwa,silk
nixgu,legumes
nixi,livestock
niya,wool
niyaj,fruit
niyazabad,medicaments
nizhelskoe,fiber_crops
nizhnekolymsk,fur
nizhneudinsk,fur
nizhny_chir,livestock
nizhny_lomov,wheat
nizhny_novgorod,copper
nizhny_tagil,goods_gold
nizhnyaya_salda,fur
nizhnyaya_toyma,lumber
nizhyn,iron
nizwa,fruit
njamara,stone
njambi,legumes
njimi,alum
njoko,lumber
nkambe,livestock
nkankezi,goods_gold
nkata,lumber
nkee_us,wild_game
nkunga,livestock
nlaka_pamux,wild_game
nmejuaqnek,fish
nnewi,lumber
nng,wild_game
nnke,wild_game
noadihang,salt
noanama,goods_gold
noanamaronga,wild_game
nobel,fur
nochemoweniing,fish
nochistlan,wild_game
nochixtlan,lumber
nochpeem,maize
nochu_ci,lumber
nodaway,medicaments
nogamsig,lumber
nogaro,wheat
nogent_sur_seine,legumes
nogolma,wild_game
nogoya,legumes
nograd,fruit
nogui,fish
noguinet,wild_game
nogule,fish
noh_peten,cotton
nohmul,cocoa
nokoni,maize
nokor_reach_seyma,lumber
nola,olives
nomatsigenga,medicaments
nomi,clay
non,legumes
nonacho,lumber
nonantola,wheat
nong_bok,livestock
nong_bua_lamphu,rice
nong_khay,lumber
nonga,iron
nongan,fiber_crops
nongatl,lumber
nonoava,goods_gold
nonot_daxinic,livestock
nonouti_atoll,fish
nontron,wild_game
nonualco,beeswax
nooherooka,fruit
nooksack,lumber
noongar,fish
nopiloa,chili
noptinte,fiber_crops
nora,iron
nora_eth,sugar
nordhausen,legumes
nordhordland,fish
nordmark,beeswax
noris,goods_gold
norman_wells,fur
norosi,legumes
norquinco,fiber_crops
norridgewock,fur
norrkoping,wool
norrtalje,fish
north_andaman,fish
north_buganda,clay
north_dahalo,wild_game
north_hia_ced_oodham,salt
north_hlanganu,livestock
north_jeongju,millet
north_juma,lumber
north_kimbu,lumber
north_letota,wild_game
north_meetto,millet
north_ngindo,lumber
north_pumpu,lumber
north_sakuye,livestock
north_shirima,wild_game
north_wembere,goods_gold
north_yao,lumber
northampton,wool
northway,fur
norton,wool
norwich,fruit
nosbonsing,fur
nosy_bali,sugar
nosy_be,sugar
notameohmeshehse,wild_game
notinito_sipiy,wild_game
notiskuan,fur
noto,olives
noto_jap,silk
noto_ussuri,lumber
notse,livestock
notsuke,livestock
nottaway,wild_game
nottingham,coal
notukeu,wild_game
nouakchott,fish
nouamghar,fish
noul_lamta,wool
nounkonkan,goods_gold
nova_friburgo,lumber
novara,wine
novaya_lyalya,stone
novaya_pokrovka,livestock
novgorod,livestock
novhorod_siverskyi,lumber
novi,stone
novigrad,fruit
novita,goods_gold
novo_alexandrovskoye,livestock
novo_brdo,silver
novo_mesto,wine
novoaidar,clay
novoanninsky,livestock
novogrudok,wild_game
novohrad_volynskyi,wheat
novonikolayevsky,livestock
novopavlovsk,stone
novopskov,livestock
novoselitskoye,horses
novosil,wool
novosyolovo,fur
novy_bykhaw,wild_game
novye_burasy,livestock
nowdezh,wild_game
nowe,wool
nowogard,legumes
nowoszczecin,iron
nowrangapur,livestock
nowy_sacz,iron
nowy_targ,fur
noya,fish
noyon,millet
noyon_uul,beeswax
noyuo,fur
nozza,iron
nsolu,sand
nsukka,lumber
ntenke,wheat
ntiltxitk,lumber
ntshekane,livestock
ntsoana_tsatsi,tin
ntsweng,salt
nuba_sud,fiber_crops
nubzur,livestock
nuchiu,wild_game
nuciiq,fur
nudarcha,fiber_crops
nueltin,lumber
nuka,stone
nukamkiajijk,fish
nukanobu,clay
nuket,livestock
nuku_hiva,fish
nukufetau_atoll,salt
nukunonu_atoll,fruit
nukunu,millet
nukutavake,fish
numaniyyah,livestock
numaykoos,fur
numedal,stone
numee,legumes
nunainguk,fish
nunalla,wild_game
nunapichuq,fur
nunatonowago,lumber
nunggubuyu,legumes
nungu,horses
nunkolo,incense
nunligran,wild_game
nunnanen,lumber
nunu,wild_game
nunura,salt
nunusaku,fish
nuochakha,fur
nuoluo,livestock
nuomin,fur
nuorttijarvi,clay
nuotara,fur
nupeko,fruit
nur,lumber
nurabad,wool
nurchuu,lumber
nuremberg,sand
nurgan,fur
nurlykent,wild_game
nurmes,lumber
nurota,sand
nurpur,rice
nusaybin,beeswax
nushki,iron
nutanke,wild_game
nutari,rice
nutel_gyrgym,ivory
nutepylmyn,fish
nuuriileng,mercury
nuurvik,fish
nuvuqaq,ivory
nuwakot,wild_game
nuweiba,livestock
nuxalc,fish
nuzket,livestock
nuzvid,cotton
nwalungu,ivory
nwamethin,millet
nyachukha,lumber
nyaki_nyaki,fiber_crops
nyakyusa,coffee
nyala,millet
nyalam,wool
nyamal,wild_game
nyamina,rice
nyamwezi,ivory
nyanga,lumber
nyangu,goods_gold
nyangumarda,clay
nyangwe,lumber
nyani,millet
nyanja,fish
nyarinde,copper
nyarong,goods_gold
nyasvizh,legumes
nyaungyan,lumber
nyawaygi,millet
nyazepetrovsk,goods_gold
nyelayu,fish
nyemo,incense
nyena_kapemba,lumber
nyerpicha,ivory
nyikina,fiber_crops
nykoping,fish
nyon,wine
nyong,lumber
nyonoksa,salt
nyrob,salt
nysa,alum
nyssa,wild_game
nystad,fish
nytva,wild_game
nyuele,wild_game
nyuksenitsa,lumber
nyurum_yegan,lumber
nyuu,beeswax
nyuya,wild_game
nyzhnia_duvanka,millet
nyzvar,wheat
nzwani,fish
o_ahu,fish
oacco,ivory
oahaha,fruit
oancea,fiber_crops
oando,livestock
oapan,livestock
ob,fish
oban,clay
obaska,lumber
obdorsk,fur
oberdorf,millet
oberkirch,lumber
oberndorf,livestock
obi,cloves
obidos,clay
obion,legumes
obishikokaang,fur
oblivskaya,livestock
obock,fish
obolensk,wool
oborniki,millet
oboyan,wheat
obruk,wool
obyachevo,lumber
ocana,livestock
ocanga,lumber
occaneechi,lumber
oceko_sipiy,fur
ochechiton,salt
ocheyedan,wild_game
ochi,fruit
ochyor,lumber
ockelbo,lumber
ocmulgee,lumber
ocol,wild_game
oconee,fiber_crops
oconto,lumber
ocosingo,lumber
ocotelolco,cotton
ocotepec,gems
ocro,marble
ocuogun,fur
ocute,clay
oda_boru_ruva,livestock
odaawaa,fur
odam,gems
oddernes,fish
odemira,iron
odense,wheat
odienne,millet
odintsovo,legumes
odoli,legumes
odonga,livestock
odorhei,livestock
odoyev,lumber
oettingen,wheat
oevemanaho,wild_game
ofaie,beeswax
offa,dyes
offenbach,wild_game
offenburg,fruit
offerdal,wild_game
ofoti,fish
ogain,livestock
ogbomosho,lumber
ogeechee,maize
ogiciza_wakpa,maize
ogoja,legumes
ogoki,lumber
ogomoor,livestock
ogonok,fur
ogoowe_kongo,medicaments
ogowe,medicaments
ohatchee,maize
oheyandewa,maize
ohktouna,wild_game
ohkweeo_owingeh,legumes
ohoi_ewur,cloves
ohoopee,cotton
ohrdruf,fur
ohrid,fish
ohringen,wheat
oiampi,lumber
oimiakon,fur
oitylo,olives
oiyin_korken,livestock
okaisipi,fur
okak,fish
okam,fish
okanagan,wild_game
okanja,ivory
okarito,gems
okavango,livestock
okaw,legumes
oke_ila,ivory
okeechobee,sand
okehampton,tin
okeloussa,fiber_crops
okhaldhunga,livestock
okhannoye,fur
okhona,lumber
okhtyrka,horses
oki,fish
okladnikova_sloboda,fish
oklan,wild_game
okobojo,fiber_crops
okoneshnikovo,clay
okotoks,wild_game
oksu,wild_game
oktahutchee,legumes
oktyabr_skii,fish
okwanuchu,lumber
ol_de_trail,wild_game
oladjau,iron
olan,wild_game
olanchito,legumes
oland,livestock
olavsvik,ivory
olawa,wheat
oldenburg,wool
oldenzaal,sand
olekma,fish
oleksandrivka,fiber_crops
olenda,livestock
olenegorsk,fur
olenitsa,fish
olentangy,fur
olenyok,ivory
oleron,salt
oleshia,wool
olesnica,livestock
olesno,lumber
olevsk,clay
olgov,beeswax
olguydakh,wild_game
oli_baraza,wild_game
olimisk,fur
olite,wool
oliveira,lumber
ollalko,wild_game
ollelewa,livestock
ollo,beeswax
olo,fish
olofsborg,fur
olohose,lumber
olomouc,wheat
olonets,sand
olongki,fur
olooko_kuol,wild_game
oloron,lumber
olovo,lead
olsnica,livestock
olsztyn,horses
oltu,gems
olvera,medicaments
oma,fur
oma_sacopo,livestock
omaguacas,maize
omaha,fiber_crops
omalo,wild_game
omatako,iron
ombabika,fur
ombongo,wild_game
ombu,fish
omchak,wild_game
omchikan,goods_gold
omchug,tin
omdurman,livestock
omerkot,wool
ometepec,fish
omkoi,incense
omo,wild_game
omoloon,fur
omoloy,fish
omotik,beeswax
ompompanusooc,lumber
omsk,lumber
omusee,lumber
omuskira,wheat
omuthiya,salt
omutninsk,iron
onabeesh,fur
onandagoa,lumber
onaping,wild_game
onasatis,fiber_crops
onatchiway,fur
onate,stone
ondaimas,lumber
ondaonnentakwi,fish
ondjiva,wild_game
ondo,fiber_crops
ondonga,wheat
one,fish
onekama,sand
oneniote,lumber
onenioteke,wild_game
oneonta,wild_game
oneyotdehaga,lumber
onga,coal
ongamira,salt
ongiin_khiid,wild_game
ongjin,pearls
ongkakaringa,wild_game
ongoulastoga,maize
onguday,iron
onguren,fish
onimgohow,coal
onistagane,lumber
onitsha,amber
onkobagag,wild_game
onnekotan,fish
onnikisisaahtaayi,wild_game
onnyos,fur
onogost,lumber
onojutta,lumber
onon,lead
ononio_he,maize
onontchataronon,lumber
onoto,cotton
onotoa_atoll,fish
onseong,coal
ontajarvi,lumber
ontaretse,wild_game
ontonagon,iron
onushkis,clay
onyuu,fish
oochi,copper
oodweyne,livestock
oohkoi_yohe,wild_game
oohl,fish
ooita,rice
oolenoy,stone
oono_bungo,legumes
oonuma,fur
ooshiyn_gobi,copper
oosumi,fish
ootsu,copper
oozato,rice
opalkova,legumes
oparino,fur
opaskwayak,lumber
opatow,copper
opava,lumber
opawica,lumber
opaye,wild_game
opelousa,fiber_crops
opemisca,fur
opequon,lumber
opimika,wild_game
opinicon,lumber
opishnya,fiber_crops
opiticiwan,fur
opoa,gems
opochka,fur
opocopa,lumber
opoczno,wheat
opole,wheat
oposura,tin
oppdal,wild_game
oppenheim,fruit
oppunda,lumber
opuskowin,wild_game
oqumkikiak,fish
or_aktobe,camels
or_keo,pearls
or_qapi,salt
oradea,wheat
oral,livestock
orambul,fruit
oran,wheat
orange,wine
orasul_de_floci,wool
oravsky_podzamok,tin
orayvi,wild_game
orchha,stone
orchimont,wheat
orcoquisac,wild_game
orda,copper
orda_bazar,horses
ordos,horses
ordu_bazar,salt
orebro,livestock
orekhovna,fiber_crops
oreos,wine
oreshek,lumber
orgelet,livestock
orgiva,silk
orgyot,wild_game
orhei,wine
oriel,millet
orihuela,salt
oril,millet
orinucu,fish
oristan,dyes
oristano,wool
orivesi,lumber
orkdal,fish
orkhon,copper
orkney,fish
orland,fish
orleans,wheat
orlov,fur
orlovka,wild_game
orlow,horses
ormara,sugar
ormenio,wine
ormogang,livestock
ornans,livestock
ornofay,lumber
oro_win,lumber
orocue,wild_game
orog,clay
orokaiva,fish
oromocto,legumes
oronckota,tin
oronia,fruit
oropesa,stone
orosei,marble
orosi,maize
orosu,fish
orotko,salt
orotuk,lumber
orotukan,wild_game
orsa,wild_game
orsha,livestock
orta_kuyu,wheat
orte,marble
orthez,wool
ortrask,wild_game
oruro,wool
orvietano,stone
oryahovo,cotton
os_kino,fish
osa,fur
osaakiiwaki,wild_game
osaka,fish
osanamon,legumes
osatayogliglas,sand
osby,clay
osenny,wild_game
osh,silk
oshawa,legumes
oshika,medicaments
oshogbo,legumes
osian,silver
osijek,wheat
osinsky,fur
osisko,medicaments
oskelaneo,lumber
oskemen,livestock
oskennonton,wild_game
oskoba,fur
oskol,legumes
oslo,wheat
osnabruck,coal
osnavieh,livestock
osovets,wool
osoyoos,medicaments
ossabaw,legumes
ossipee,fur
ossossane,fiber_crops
ostashkov,stone
ostend,fish
oster,coal
osterburg,wheat
osterholz,livestock
ostiglia,clay
ostrechiny,fiber_crops
ostroda,wool
ostrogozhsk,millet
ostroh,wild_game
ostroleka,wild_game
ostrov,copper
ostrov_beringa,fish
ostrovo,livestock
ostrovskoye,millet
ostrow_wielkopolski,iron
ostrzeszow,wool
osukyuze,wild_game
osuna,olives
oswegatchie,lumber
oswego,sand
oswestry,livestock
oswiecim,stone
ot_esh_otchore,fur
ot_kyuyel,fish
otadaonanis,fish
otaez,silver
otakou,wild_game
otapingshewee,fur
otas,lumber
otatitlan,lumber
otavalo,marble
otegu_qulan,livestock
otelnuk,fur
otennienontant,maize
otepoti,wild_game
otjozondjii,fish
otlaquiquixtla,wild_game
otnabog,legumes
otocac,wild_game
otog,beeswax
otomi,tobacco
otonabee,fur
otrar,cotton
otredal,lumber
otrozhny,goods_gold
otse,fish
otsiningo,stone
otta,lumber
ottauquechee,lumber
otuke,medicaments
otun,gems
otuques,wild_game
otzoya,stone
ou,beeswax
ouachita,maize
ouagadougou,horses
ouagama,fur
ouaka,wild_game
ouallam,livestock
ouara,livestock
ouargla,dyes
ouarzazate,fruit
ouasimesca,wild_game
ouasioto,fur
oudenaarde,stone
ouentarionk,maize
ouezzane,wool
ougen,millet
ouham,lumber
ouiatchouaniche,wild_game
ouiauirabugu,fish
oujda,wool
oukwanyama,lumber
ouled_djellal,livestock
oum_hadjer,livestock
ounianga,sand
ouning,tea
ouray,wild_game
ourense,wine
ouricuri,iron
ourique,wheat
outapimiskou,wild_game
outaragasipi,wild_game
outeniqua,beeswax
ouvea_atoll,fruit
ovaherero,gems
ovech,fiber_crops
oviedo,stone
oviken,wild_game
ovimbundu_kongo,stone
ovruch,wool
owambo,wild_game
owanburra,coal
owashtanong,wild_game
owatonna,fruit
oweekeno,fiber_crops
owo,legumes
oxford,medicaments
oxitlan,wild_game
oxtlipan,gems
oyate_shisha,fiber_crops
oyem,lumber
oyestad,wool
oymyakon,wild_game
oyo_ile,cotton
oyotun,fish
oyusut,lumber
oyuuhardaax,wild_game
ozanna,wild_game
ozerevo,lumber
ozieri,livestock
ozinki,horses
ozita,lumber
ozoro,cotton
oztoman,fiber_crops
ozuluama,salt
ozumacin,tobacco
ozurgeti,copper
pa_kiut_lema,lumber
pa_lus_sa,wild_game
paanajarvi,lumber
paarl,fruit
paat,livestock
pabaska,legumes
pabna,wheat
pacaca,cotton
pacaha,lumber
pacahuara,beeswax
pachan,wild_game
pachina,fiber_crops
pachora,wild_game
pachyohcan,fiber_crops
pacitan,legumes
pacolate,iron
padaividu,millet
padang,cloves
padas,fruit
paddar,wool
paderborn,millet
padise,fiber_crops
padova,medicaments
padum,livestock
pag,medicaments
paga,wild_game
pagai,fish
pagan,fish
pagaruyung,lumber
pagashi,lumber
pagatan,fish
paguat,beeswax
pagwachuan,wild_game
pah_rimpi,salt
pahang,goods_gold
pahatsi,lumber
pahdteeahnooch,silver
pahotcha,coal
pahva_nits,legumes
pai_tavytera,lumber
paiaco,wild_game
paici,stone
paide,wild_game
paikend,fiber_crops
paikmal,iron
paikoneka,legumes
pailon,cocoa
paine,iron
pairindi,fruit
paisley,wool
paititi,lumber
paiwan,fish
paiyo_he,wild_game
pajala,wild_game
pajang,livestock
pak_huei_lang,millet
paka,sugar
pakaasnovos,tin
pakala,fiber_crops
pakamik,wild_game
pakana,tobacco
pakanahuili,legumes
pakatnamu,fish
pakembangan,rice
pakhachi,ivory
pakil,sand
pakokku,goods_gold
pakpak,lumber
pakpattan,fruit
pakrac,fruit
pakuali,fish
pakuan,rice
pal_lahara,incense
palada,livestock
palamau,iron
palampet,dyes
palampur,wild_game
palana,ivory
palanga,salt
palani,beeswax
palanpur,silk
palaquechare,lumber
palas_pasemah,fish
palasamudram,wild_game
palatka,fur
palazzolo,fruit
palekh,fur
palembang,livestock
palencia,wheat
palenzuela,legumes
palermo,sugar
palestrina,wine
palghat,pepper
pali,cotton
pali_uttar_pradesh,cotton
paliac,cocoa
palikur,fruit
palisema,fruit
palitana,sugar
pallachacola,fiber_crops
pallakolu,fish
palma,wheat
palma_del_rio,wine
palmas,lumber
palmeira,lumber
palmeira_brasil,medicaments
palmi,lumber
palopo,clay
paltamo,wild_game
palu,wool
palyavaam,fur
palyku,clay
pama,millet
pambala,wild_game
pame,maize
pamiers,wool
pamkala,millet
pamlico,fish
pampa,stone
pampahuaylla,lumber
pamplona,livestock
pamticough,fruit
pamunkey,maize
pamuuyu,copper
panama,maize
panamahkas,lumber
panaon,fruit
panar,sand
panara,medicaments
panaskerti,lumber
panatahuas,fruit
panati,salt
pancevo,livestock
panchagarh,elephants
pandalam,fiber_crops
pandansalas,horses
pandjih,wheat
pandua,rice
pandua_adina,cotton
panduranga,rice
panemune,beeswax
panenetah,maize
panevezys,horses
pangalia,legumes
pangandaran,fish
pangani,rice
pangasugan,lumber
pangguyangan,fish
pangi,livestock
pangkalan_kerinci,millet
pangkalpinang,tin
pangnirtung,ivory
pangu,millet
pangvay,legumes
pangwa,lumber
pangyang,millet
panina_ticutta,wild_game
panipat,sugar
panjakent,wool
panjshir,gems
pankara,wild_game
pankararu,wild_game
pankshin,millet
panna,gems
pannai,medicaments
panqiao,legumes
pantabangan,wild_game
pantagoras,goods_gold
pantepec,chili
pantian,lumber
pantlan,maize
panuco,fish
panugallu,silk
panyabungan,lumber
panyu,fish
panzaleo,goods_gold
paola,salt
papa,wild_game
papamane,goods_gold
papantla,maize
papanton,cotton
papasquiaro,iron
papayeca,fruit
paphos,copper
papigochic,gems
papile,lumber
papora,millet
paposo,livestock
papun,lumber
papyeong,legumes
paqwayranra,stone
para,beeswax
para_gaviao,lumber
paracatu,wild_game
paraguachoa,fish
paraguana,fish
paraiba,salt
paraibuna,lumber
parakana,medicaments
paralkot,wild_game
paramaribo,pearls
paramonga,maize
paramushiru,fish
paranabuku,stone
paranaiba,wild_game
paranaidji,wild_game
parangipettai,dyes
paranoa,copper
parapolsky,wild_game
parapopeba,maize
parchim,lumber
parecis,legumes
paredarerme,fish
pareja,livestock
paren,wild_game
parenda,cotton
parepona,beeswax
parfenyevo,lumber
parga,horses
pari_aike,fish
pariahuanca,wild_game
pariaman,stone
paribari,maize
parigi,fish
paris,wine
parita,chili
parkal,livestock
parkateje,lumber
parkhali,livestock
parlakimidi,elephants
parma,livestock
parnagua,fruit
parnaiba,lumber
parnanguara,fish
parnu,millet
paro,lumber
paroom,fruit
parpagoha,marble
parrusit,fiber_crops
parsberg,stone
parscov,livestock
parthenay,millet
paru,fiber_crops
paruhuya,wild_game
parun,wool
pasai,goods_gold
pasaman,fish
pasapkedjinawong,medicaments
pasca,legumes
pascagoula,fiber_crops
paser,fish
pashas,chili
pashino,lumber
pasho,livestock
pashozero,millet
pasni,fish
paspebiac,lumber
pasrur,livestock
passagassawkeag,lumber
passamaquoddy,sand
passau,fur
passavant,wine
passo_fundo,beeswax
passos,lumber
passu,wild_game
passumpsic,lumber
pasukhdin,medicaments
pasvalys,lumber
patagonia,salt
patan,dyes
patapsco,fiber_crops
patarabueye,wild_game
patawomeck,stone
pataxo,salt
patay,wild_game
patchepawapoka,wild_game
pate,cotton
patea,fruit
patgasa_wakpa,maize
pathankot,wild_game
patharkandi,fruit
pathein,sand
pathri,cotton
pati,fish
patia,goods_gold
patiri,maize
patna,legumes
patna_garjat,rice
patna_us,clay
patoka,clay
patom,fur
patos,fruit
patpatar,fruit
patras,fish
patsaliga,fiber_crops
pattani,fish
patti,wine
pattukkottai,fiber_crops
patuxent,iron
patuxet,fish
patzcuaro,lumber
pau,wool
paucartambo,beeswax
paunacussing,fur
paungde,rice
pauzhetka,fish
pavagada,amber
pavia,wheat
pavlohrad,wool
pavlovo,fur
pavlovskaya,horses
pawcatuck,legumes
pawir,cotton
pawwikamsipi,clay
paxson,fur
paxtang,iron
paya,lead
payacullo,gems
payaku,fish
payette,maize
paykend,livestock
payomkawichum,fish
payubre,maize
payzawat,wheat
pazhaverkadu,dyes
pazin,olives
peam,lumber
pebuenmapu,cotton
pecanha,lumber
pecatonica,lead
pecatonica_wi,lumber
pech,chili
pechenga,wild_game
pechichitane,cotton
pechora,silver
pecs,horses
pecunktuk,wild_game
peddapalli,dyes
pedersore,fish
pedraza,horses
pedroche,livestock
peedee,cotton
peekin,goods_gold
peerapper,fish
peewareewa,legumes
pegalan,lumber
pegas,wild_game
pegnitz,wool
pegu,rice
peixian,coal
peja,fruit
pekalongan,cloves
pekatek,fur
pelaihari,fish
pelalawan,fish
peledui,wild_game
pelisipi,fruit
pelly_faro,fur
pelly_river,wild_game
pelme,wool
pelmo,livestock
pelym,wild_game
pema,wild_game
pemba,rice
pembar,livestock
pembina,maize
pembina_ab,wild_game
pembroke,fish
pemetic,fish
pemigewasset,fur
penaca,clay
penafiel,wine
penatuka,wild_game
pendau,fish
pende,wild_game
pende_kongo,stone
pende_kwila,amber
pendra,horses
penglai,fish
pengshan,wheat
pengshui,lumber
pengxi,clay
pengze,rice
pengzhou,legumes
peniscola,iron
penlamu,maize
penllyn,wool
pennacook,fur
pennadam,cotton
pennagaram,wild_game
pennyrile,fur
penobscot,wild_game
penointikara,lumber
penrith,copper
pensacola,fish
pentlatch,fish
penukonda,cotton
penza,wool
peoria,maize
pequawket,wild_game
perambalur,elephants
peranap,coal
perbatasan,livestock
perbaungan,livestock
pere,lumber
pereiaslav,livestock
perelyub,horses
perembba,wild_game
peremyl,fruit
pereru_tepu,lumber
peresopnytsya,legumes
perevitska,wheat
perevoz,lumber
pereyaslavl,medicaments
perg,wheat
peribonka,wild_game
perigueux,stone
perija,livestock
perlis,lumber
perm,lumber
pernstejn,livestock
peronne,legumes
perperek,fur
perpignan,wine
perquilauquen,lumber
perreux,wool
pertek,medicaments
perth,pearls
perugia,livestock
pervomayskoye,fur
pervouralsk,iron
pesagi,saltpeter
pesaguan,fish
pesaro,wheat
peschanokopskoye,livestock
peschiera,olives
pescia,cotton
peshawar,wheat
peshtigo,fur
pessamit,fur
pest,wheat
pestravka,livestock
pestyaki,lumber
petaigan,wild_game
petawanga,lumber
petawawa,fur
petitcodiac,fish
petitsikapau,wild_game
petrinja,stone
petrovaradin,horses
petrove,coal
petrovsk,livestock
petrovsk_rostov,clay
petrovskoye_pontic,livestock
petursvik,fish
peureulak,lumber
pewjeg,lumber
peyre,lumber
peyrusse,wool
pfaffenhofen,wild_game
pgotapesg,lumber
phakant,gems
phakphok,lumber
phalaborwa,livestock
phalvardhika,wool
phanat,lumber
phander,livestock
phankeska_wakpa,wild_game
phanom_rung,wool
phari,fish
phayao,cotton
phayuhakhiri,cotton
phetchaburi,sugar
phimai,lumber
phnom_penh,legumes
phnom_santuk,millet
phnom_srok,rice
phon_hong,lumber
phon_nha,lumber
phong_tho,lumber
phongsali,millet
phonsavan,lumber
phrae,livestock
phraek,livestock
phsar_dek,rice
phu_wiang,lumber
phuenchapura,lumber
phuktal,livestock
phulbani,beeswax
phulia,cotton
phutthaisong,lumber
phyu,cotton
piacenza,wine
piachi,legumes
piantouguan,millet
piatra_lui_craciun,stone
piaui,wild_game
piaxtla,fiber_crops
piazza,saltpeter
pibor,livestock
picanoc,wild_game
picchu,maize
pichan,beeswax
pichinamei,wild_game
pickawillany,legumes
pictou,fish
piedimonte,alum
piedrahita,stone
pieninka,wild_game
pierruiat,wild_game
pietalava,lumber
pietrykaw,lumber
pieve,lumber
pigou,lumber
piguique,fish
piipaash,maize
pikalyovo,lumber
pikillaqta,gems
pikumche,fiber_crops
pikunwijimapu,maize
pikwakanagan,wild_game
pikwedina,wild_game
pikwedina_sagaomam,fur
pikwitonei,fur
pilak,goods_gold
pilda,millet
piletisipuk,fur
pilibhit,lumber
pillahuinco,fish
pilon,fiber_crops
piltene,clay
pilzno,wool
pimicaskewyashik,maize
pimpu,lumber
pimuu_nga,fish
pina_de_ebro,marble
pinanaca,wild_game
pinar,wheat
pindale,cotton
pindi_bhattian,wild_game
pindi_gheb,cotton
pindiga,livestock
pinega,lumber
pinerolo,livestock
pingba,cotton
pingchuan,lumber
pingdi,millet
pingdian,livestock
pingding,sand
pingdisonglin,millet
pinggu,fruit
pinghe,fruit
pingji,fruit
pingjiang,livestock
pingjin,amber
pingle,livestock
pingli,fur
pingliang,legumes
pinglu,fruit
pingnan,lumber
pingquan,lead
pingshan_huiyang,salt
pingshan_zhending,clay
pingwu,livestock
pingxiang,livestock
pingxiang_pingxiang,lumber
pingyang,fish
pingyang_guiyang,lumber
pingyao,wheat
pingyin,fiber_crops
pingyu,fiber_crops
pingyuan_jinan,legumes
pingyuan_mei,fur
pingyue,livestock
pingzhu,livestock
pinheiro,lumber
pinhel,livestock
pinjarup,legumes
pinle,rice
pinneberg,beeswax
pinoh,wild_game
pinsk,amber
pintahae,wild_game
pinya,fruit
pio_gwut,lumber
piombino,lead
piotrkow_trybunalski,beeswax
pipanaco,salt
pipipa,clay
pipli,dyes
pipmuacan,lumber
piquiri,wild_game
piracicaba,fruit
piran_i_kaliyar,legumes
piranga,lumber
piranshahr,legumes
pirapora,medicaments
piratini,maize
piratinin,wild_game
piratininga,lumber
piray,medicaments
pirca_pirca,marble
piren,maize
piri,lumber
piripucu,legumes
pirloganda,iron
pirmasens,horses
pirna,tin
pirot,wool
pisa,silk
pisaq,copper
piscataquis,wild_game
piscopeek,maize
piscoutagami,fur
pisek,copper
pishagar,clay
piskorowice,iron
pismachi,beeswax
pissis,mercury
pisticoui,fur
pistoia,wool
pitaguari,fish
pitahauerat,wild_game
pitchibourenik,fur
pitea,lumber
piterka,livestock
pitesti,millet
pithapuram,saltpeter
pitic,wild_game
pitigliano,horses
pitkachi,legumes
pitlaxa,lumber
pitlyar,fur
pitsunda,livestock
pitta_pitta,sand
pitten,lumber
pium_i,lumber
piumhi,goods_gold
pivehzhan,fiber_crops
pivn_man_antu,marble
pixian,tea
pixipixi,beeswax
placentia,wild_game
plasencia,iron
plauen,pearls
plavsk,lumber
plenita,cotton
pleszew,clay
pleven,horses
plieran,lead
pljevlja,lead
plock,millet
ploermel,livestock
ploesti,salt
plon,fish
plonsk,livestock
plovdiv,horses
plymouth,tin
plyussa,beeswax
plzen,wheat
po,wheat
pobeda,wild_game
pocasse,maize
pocatalico,coal
pocheon,dyes
pochep,legumes
pochutla,clay
pocologan,lumber
pocorosa,fish
pocosin,lumber
pocotaligo,fiber_crops
poctlan,lumber
pocumtuck,stone
podberezye,millet
podebrady,fish
podgorica,wheat
podkagernoye,fish
podmuran,iron
podor,salt
podosinovets,lumber
poenari,millet
pogamasing,lumber
poganovka,horses
poggibonsi,wine
pogomeg,lumber
pogoreloye,legumes
pogoro,millet
pogostishche,fiber_crops
pohnpei,medicaments
pohogwe,wild_game
pohoko_ikkatee,wild_game
pohrebyshche,millet
poigan,fur
point_of_rocks,wild_game
poitiers,millet
pokegama,fiber_crops
pokhara,wool
pokhran,wild_game
pokiok,legumes
pokot,livestock
pokrovsk,horses
pokrovskoye,wheat
pokrovskoye_yaroslav,medicaments
pokshenga,lumber
pol_dokhtar,beeswax
pola,wine
polatli,stone
polco,medicaments
polevskoy,copper
poli,fruit
poligny,wine
poligus,goods_gold
pollensa,fiber_crops
pologoye_zaymishche,wool
polonnaruva,gems
polonne,fur
polotsk,iron
polovinnoye,fur
poltava,clay
poltsamaa,wheat
poluwat_atoll,fish
polyarny,ivory
polygyros,goods_gold
pomabamba,fruit
pomata,maize
pome,livestock
pomorye,fur
pondicherry,pepper
ponferrada,stone
ponil,lumber
ponkhockie,maize
ponnani,pepper
ponoeohe,wild_game
ponoi,wild_game
pont_audemer,stone
pont_douilly,livestock
ponta_delgada,fish
ponta_grossa,lumber
pontarlier,wheat
ponte_nova,wild_game
ponte_sor,sand
pontedera,wheat
pontefract,wool
pontevedra,salt
pontianak,sugar
pontikokastro,silk
pontoosuck,lumber
poole,stone
poonch,wool
pop_fargana,livestock
popocabaca,fruit
popopis,wild_game
popowa_gora,millet
porahat,wild_game
porangatu,lumber
porazava,livestock
pordenone,lumber
poreevo,legumes
porekry,legumes
porjus,wild_game
porkhov,iron
porog,wild_game
porokotan,beeswax
porsanger,fish
port_loko,millet
portalegre,wool
porte,lumber
portel,wine
portishead,wool
porto,fish
porto_tibirica,fruit
porto_turvo,clay
portsmouth,lumber
portudal,fish
porumamilla,fruit
porvoo,millet
posad,wool
posada,fish
posakanaciwiy,wild_game
poshekhonye,lumber
posio,fish
poskam,wheat
poskatinak,wild_game
poso,livestock
postojna,lumber
potano,lumber
potapoco,salt
potenza,lumber
potes,livestock
poti,lumber
poti_caucasus,fish
potiguara,salt
potiskum,wheat
potsdam,livestock
pottapi,elephants
potyguara,lumber
poughkeepsie,fiber_crops
pouss,rice
pouthi_loeu,salt
povazska_bystrica,stone
pove,livestock
powalu,stone
powassan,lumber
powhatan,lumber
poyang,clay
poyiitahtai,wild_game
poytis,wild_game
pozega,livestock
poznan,wheat
prabumulih,fruit
prachen,wool
prachinburi,lumber
prades,fruit
pragelato,lumber
prague,wheat
praiba_sul,lumber
prainha,lumber
prakkad,pepper
prasat_andet,fish
prasat_don_an,lumber
prasat_don_kau,livestock
prasat_pram_lovet,rice
prasat_thong_lang,rice
prasong,fruit
pratapgarh,stone
prathai_saman,lumber
prato,marble
pravaya_khetta,fish
prayag,cotton
preah_khan_kompong_svay,iron
preah_ko,lumber
preah_vihear,lumber
prenzlau,wool
prerov,wild_game
presnowka,lumber
presov,gems
preston,wool
preveza,beeswax
prey_nokor,dyes
pribor,millet
pribuzh,clay
prieska,wild_game
prievidza,saffron
prijepolje,wheat
prilep,marble
priluky,fur
primkent,horses
prinzus,beeswax
prirechnyi,livestock
pristina,coal
prittlewell,legumes
pritzwalk,legumes
privas,fruit
privolnoye,wool
priyutnoye,livestock
prizren,wheat
proenca_nova,fiber_crops
prokuplje,wheat
promsa,wheat
pronsk,livestock
prosek,wine
prostejov,lumber
proszowice,clay
provins,wheat
prozorovo,millet
prudnik,fiber_crops
prudy,fur
prum,medicaments
pryazha,lumber
pryluky,coal
przasnysz,fur
przedborz,lead
przemysl,fruit
przemysl_moscow,livestock
pskov,fish
pszczyna,coal
ptuj,fruit
pua,salt
puan,legumes
puan_puan,lumber
puari,wild_game
puatane,fur
pubungu,stone
puchacay,salt
pucheng,wool
pucheng_jianning,rice
pucheveyem,wild_game
puck,wheat
puctlan,fruit
pudasjarvi,fur
puddokothai,pepper
puding,cotton
pudoga,lumber
pudtol,lumber
puebla_de_alcocer,livestock
puebla_de_guzman,wheat
puebla_de_montalban,wheat
puebla_de_sanabria,sand
puel_co,wool
puente_arzobispo,livestock
puertollano,stone
pugal,wild_game
puge,legumes
puget_theniers,lumber
puigcerda,stone
pujiang,legumes
pujiang_qiongzhou,livestock
puka_tampu,fish
pukamuru,stone
pukara,clay
pukiupukio,fiber_crops
pukusamkek,fish
pulai,stone
pulasari,legumes
pulawama,silk
pulilan,fiber_crops
pulilu,fish
pulusuk_atoll,fruit
pulzhai,clay
puma,copper
pumanota,lumber
pumaruri,marble
pumbo,wild_game
pumpu,cotton
puna,fish
punakha,lumber
puncune,chili
pune,medicaments
pungcheon,fish
pungo_ndongo,millet
punia,wool
punial,wheat
puning,lumber
puning_rongzhou,legumes
punxsutawney,wild_game
puqi,tea
puquina,fish
pur,fish
purace,silver
purang,wheat
puri,rice
puri_simao,tea
purnia,rice
pursat,marble
puruaran,tobacco
purubora,lumber
puruga,livestock
purwalingga,beeswax
pushang,fruit
pushkino,lumber
pushroot,lumber
pusiga,horses
pusilha,fish
pustosel,clay
pustozersk,fish
putao,lumber
putian,beeswax
putna,wool
putyatino,wool
putyvl,livestock
puur_trail,wild_game
puvina_padangile,legumes
puxian,lumber
puyallup,fish
puyang,wheat
puyin,wheat
puyu,chili
puyu_huapi,fish
pyalitsa,fish
pyay,silk
pyemmairrener,coal
pyeongchang,medicaments
pyeonggang,rice
pyeongju,stone
pyinmana,lumber
pykopcateje,beeswax
pyli,wool
pyras,lumber
pyriatyn,millet
pyrzyce,medicaments
pyshchug,wild_game
pyti,legumes
pyuthan,livestock
pyzdry,wool
q_espiea,lumber
qabala,wool
qadisiyyah,millet
qaen,saffron
qagaan,fish
qagiigun,fish
qahqaheh,fiber_crops
qaisar,livestock
qakh,lead
qal_at_ibn_salama,legumes
qala_fateh,wool
qala_kohistan,beeswax
qala_naw,marble
qala_safid,fiber_crops
qala_zari,wild_game
qaladiza,millet
qalai_khumb,goods_gold
qalancaq,fiber_crops
qalat_bishah,fruit
qalat_ghilji,rice
qaleh_ganj,clay
qalhat,sugar
qalyub,stone
qaminis,wool
qanbalik,wool
qandala,incense
qandhar,cotton
qar_ka_la,cotton
qarahziaoddin,fruit
qarasuvbazar,millet
qardam,livestock
qardho,livestock
qarnin,beeswax
qarr_unaq,fur
qaryat_al_bidh,copper
qaryat_ulya,fruit
qaryatayn,fruit
qasba,sugar
qashliq,fur
qasr_ahnaf,wool
qasr_al_qaba,wheat
qasr_e_qand,legumes
qasr_farafra,livestock
qasr_himam,livestock
qasr_ibrim,clay
qasr_shirin,lumber
qastal,wool
qatrun,sand
qatruyeh,wool
qatya,camels
qawalangin,fish
qaxun,fish
qayyarah,legumes
qazvin,wheat
qelelevu_atoll,fish
qena,legumes
qerri,ivory
qerrulliiq,fish
qeydar,fiber_crops
qianan,goods_gold
qianhua,livestock
qianjiang,wheat
qianjiang_binzhou,clay
qianjiang_shaoqing,fur
qianlong,livestock
qianlong_siming,lumber
qianshan,cotton
qiantun,fish
qianwei,tea
qianyang,wool
qianyang_yuanzhou,rice
qianyou,lumber
qianzhou,cotton
qiaojia,legumes
qiaokou,rice
qiaoxian,medicaments
qichun,rice
qidaban,millet
qidong,wheat
qietai,livestock
qihe,wheat
qijiang,wild_game
qikiqtagruk,wild_game
qikirtajuaq,fish
qila_panjeh,goods_gold
qilian,livestock
qillu_uta,salt
qimen,tea
qinan,legumes
qingaaluk,fur
qingchi,fruit
qingchuan,wild_game
qingdao,livestock
qingfeng,clay
qingfu,fish
qinghe,wheat
qinghe_huaian,wheat
qingjian,fruit
qingjiang,medicaments
qingjiang_liping,lumber
qingliu,livestock
qingliu_chuzhou,medicaments
qingshen,livestock
qingshui,wheat
qingtai,legumes
qingtian,stone
qingxiang,wine
qingyang,rice
qingyang_luan,wheat
qingyuan,rice
qingyuan_baoding,silver
qingyuan_chuzhou,lumber
qingyun,livestock
qingzhou_mongol,millet
qinhe,iron
qinjiang,sugar
qinshui,livestock
qinyuan,livestock
qiongbu,livestock
qiongshan,rice
qiongshui,wild_game
qiongxi,livestock
qiongzhou,wine
qipcarpak,fur
qiqihar,fur
qira,horses
qirq_yer,wool
qishan,wheat
qishn,incense
qishui,rice
qiubei,cotton
qiuxian,legumes
qixia,stone
qixian,livestock
qixian_taiyuan,clay
qixian_tongchuan,rice
qiyang,silk
qizhou,livestock
qlispe,lumber
qobustan,cotton
qocho,wool
qollaxalec,fruit
qom,saffron
qom_caia,fruit
qom_toba,wild_game
qompi,lumber
qonirat,fiber_crops
qorqonaq_yubur,fish
qorveh_darjazin,fruit
qoryooley,fish
qospemk,fish
quan_da_chau,lumber
quanasee,fiber_crops
quandamooka,wild_game
quang_uyen,lumber
quang_yen,fish
quanjiao,cotton
quanning,millet
quauhquechollan,chili
quawshelah,fish
quba,wool
quban,fruit
qubodijon,camels
quchan,fruit
qudayd,pearls
quechula,dyes
quedlinburg,wild_game
queiquin,fish
quelimane,rice
quellon,fish
quemahoning,saltpeter
quemu_quemu,fiber_crops
quepos,pearls
queshan,medicaments
quetico,fur
quetta,rice
quetzalla,maize
qufu,wheat
quge,livestock
quiaghtena,fiber_crops
quiahuixtlan,maize
quiahuiztlan,sand
quibala,wool
quibdo,iron
quicuima,goods_gold
quigate,maize
quigualtam,maize
quijos,livestock
quilca,salt
quillahuaca,potato
quillarumiyoc,maize
quilongues,wild_game
quimper,legumes
quimperle,livestock
quincu,legumes
quines,livestock
quinhagaq,fish
quinnipiac,lumber
quinsigamond,medicaments
quinte,sand
quipana,mercury
quippen_bura,fiber_crops
quiquilhue,salt
quisquisacate,fiber_crops
quitchupah,wild_game
quito,goods_gold
quivira,maize
quixara,wild_game
quizquiz,clay
qujiang,livestock
qujiang_guangan,livestock
qulensya,fish
qumarleb,wild_game
qumbash,rice
qumis,wild_game
qumisha,livestock
qupayapu,salt
qurain,fish
qurayyat_al_milh,fruit
qurliqtuq,copper
qurlutuq,fish
qus,wheat
qusayr,legumes
qushan,fish
qusqu,potato
qusquasrundee,maize
qutayfah,wool
qutb,salt
quuiich,fish
quva,dyes
quwo,wheat
quy_chau,lumber
quy_hoa,wool
quyang,marble
quynh_lam,fish
quyon,fur
quz_rajab,millet
quzhou,wheat
qw_ewt,wild_game
qwaqwa,saltpeter
rabat,salt
rabkob,elephants
rabor,copper
rachakonda,millet
raciborz,wheat
radaa,medicaments
radhanpur,clay
radkan,wheat
radnor,medicaments
radogosch,livestock
radom,clay
radomsko,millet
radovanu,wool
radziejow,millet
raebareli,dyes
rafsanjan,wool
ragh,goods_gold
raghdan,wheat
ragnit,wheat
raguli,fiber_crops
ragunda,stone
rahachow,lumber
rahatgarh,saltpeter
rahayta,salt
rahba,sugar
rahimabad,livestock
rahon,livestock
rahor,livestock
rahsaan_khad,coal
raichur,cotton
raigadh,silk
raigarh,lumber
raighar,iron
raikot,cotton
raipur,cotton
raipur_bengal,fruit
rairangpur,livestock
raisa,wild_game
raisin,cotton
raivke,fish
rajabar,wheat
rajamahendry,pearls
rajanari,livestock
rajapur,pearls
rajgir,elephants
rajim,rice
rajmahal,millet
rajnagar,elephants
rajouri,lumber
rakaia,wild_game
rakau,fiber_crops
rakhiv,amber
rakhyah,fruit
rakitnoye,livestock
rakitnya,fiber_crops
rakiura,fish
rakni,stone
rakovnik,beeswax
rakvere,clay
rala,wild_game
ralung,livestock
rama,lumber
ramagiri,lumber
ramah,camels
ramechhap,iron
ramenki,lumber
rameshk,wool
ramesvaram,fish
ramgad,wild_game
ramgar,horses
ramgiri,rice
ramhormoz,silk
ramkola,lumber
ramnagar,marble
ramnagar_bihar,elephants
ramnicu_sarat,millet
ramnicu_valcea,salt
rampa,livestock
rampart,wild_game
rampur_boalla,clay
rampura,stone
ramree,rice
ramsele,wild_game
ramsheh,fruit
ramsis,fiber_crops
ramu,lumber
ran,horses
rana,wild_game
ranchi,iron
rander,beeswax
randers,horses
randolph,wild_game
ranea,fish
rangamati,tea
rangiroa_atoll,lumber
rangkawe,fish
rangkull_mapu,legumes
rangpur_bengal,millet
rangxian,wheat
ranibas,wild_game
ranikot,iron
rankulche,wild_game
rano,dyes
ranohira,iron
ranpur,millet
rantau_benar,lumber
rantau_panjang,wild_game
ranthambore,stone
ranua,lumber
ranyah,wheat
rao,lumber
rapa_nui,fish
rapayan,stone
raphoe,livestock
rapla,lumber
rappahannock,fish
raqchi,wool
raqqa,fruit
raraka_atoll,fish
raritan,maize
raroia_atoll,fruit
rarotonga_atoll,fish
ras_al_ain,clay
ras_ayn,wine
ras_el_ma,livestock
ras_gharib,copper
ras_hafun,saffron
ras_kebdana,olives
ras_lanuf,wool
ras_mkumbuu,fish
rasanga,fish
raseiniai,millet
rashid,fish
rasht,silk
rasini,lumber
rask,wool
raskam,stone
rasony,millet
rassawek,lumber
rasskazovo,horses
rastyapino,clay
rasyal,lumber
ratchaburi,lumber
rath,saltpeter
ratlam,iron
ratnagiri,fruit
ratnapura,silk
ratnapura_LKA,pepper
ratne,horses
rattanaburi,silk
ratzeburg,livestock
raucha,wild_game
rauma,wild_game
raumo,horses
rauna,wild_game
raunala,fur
rautavaara,fish
ravar,camels
ravenna,salt
ravensburg,fruit
ravno,wheat
rawa,wool
rawa_papua,fruit
rawalakot,wool
rawalpindi,wool
rawanduz,lumber
rawatsar,wild_game
rawdat_al_ard,livestock
rawicz,wheat
raxalaa,livestock
rayachoti,livestock
rayadurga,iron
rayagada,ivory
raybag,incense
rayen,cotton
rayong,lumber
raysut,fish
raz,livestock
razeqan,wheat
razgrad,livestock
raznezhye,fiber_crops
razvika,fur
reading,wheat
recas,clay
rechnoye,wool
rechytsa,wheat
recklinghausen,sand
red_bay,fur
red_rock,wild_game
redhakhol,rice
redon,stone
regensburg,millet
reggiocal,cotton
reggioem,wine
reghin,lumber
rei_bouba,millet
reigate,wheat
reikjavik,fish
reims,wheat
reinosa,fur
rejaf,livestock
rejang,lumber
reka_pur,wild_game
reka_tuba,fur
rekapalle,stone
rekinniki,wild_game
rekohu,fish
rembarnga,livestock
rembo,fish
remontnoye,livestock
remscheid,lumber
rencheng,coal
rende,livestock
rendille,gems
rendova,fish
rendsburg,wild_game
rengat,fish
renhua,tea
renhuai,fur
reni,horses
renk,beeswax
rennes,wheat
renqiu,wheat
renshou,legumes
rentina,wool
renxian,wheat
repola,fur
requena,lumber
reriu,wild_game
resko,lumber
restigouche,fish
retford,wool
rethel,beeswax
rethymno,saffron
reunion,fish
reutte,stone
revny,fiber_crops
rewa,iron
rey,silk
reydarfjordur,fish
reyshahr,medicaments
rezekne,medicaments
rezh,fur
rezoky,cotton
rharhabe,livestock
rheine,lumber
rho,livestock
riano,beeswax
riantana,legumes
ribadavia,clay
ribat_ushturan,wild_game
ribe,fish
ribemont,wheat
riberac,saffron
ribnitz,wild_game
richfield,wild_game
richibucto,lumber
richmond,lead
ried,livestock
riedlingen,wool
rietavas,lumber
rietberg,clay
rieti,dyes
riga,livestock
rigan,livestock
rigyal,cotton
rijal_almaa,fruit
rijeka,lumber
rikbaktsa,lumber
rim,iron
rim_gora,livestock
rima,livestock
rimaq,chili
rimavska_sobota,copper
rimini,wine
rimouski,lumber
rimuka,iron
ringerike,livestock
ringkobing,amber
ringsted,wheat
rinpung,lumber
rinpung_yarlung,livestock
rio_del_rey,lumber
rio_grande,medicaments
rio_nunez,beeswax
rio_pardo,wild_game
rio_pomba,fruit
rio_pongo,fish
rio_preto,lumber
riom,beeswax
ripoll,iron
ripon,beeswax
rippowam,lumber
riseberga,lumber
rishiri,fish
rishton,mercury
ristiina,lumber
ritzebuttel,fish
riva,wool
river_nomlaki,fruit
riverie,wine
rivne,livestock
riwoche,horses
riz,legumes
rize,fiber_crops
rizhao,salt
roanne,wool
roanoke,legumes
rochechouart,clay
rochefort,salt
rochester,fruit
rochlitz,stone
rock_springs,wild_game
rodez,wool
roding,medicaments
rodos,saffron
rodoscuk,wool
rodrigues,fruit
roermond,fruit
rogachevo,fiber_crops
rognedino,wheat
rogozh,millet
roh,lumber
rohan,lead
rohat_kermen,wool
rohatyn,lumber
rohrbach,beeswax
rohri,sugar
rohtak,cotton
rohtas,iron
roi_et,lumber
rokan,beeswax
rokiskis,beeswax
roman,legumes
romang,maize
romanov,fur
romanovsky_khutor,clay
romans,wine
rome,wheat
romen,wheat
romorantin,wine
roncesvalles,iron
ronda,livestock
rong_damrel,fiber_crops
rongchang,silk
rongcheng,rice
rongelap_atoll,lumber
rongerik_atoll,medicaments
rongjing,wild_game
ronglung,wild_game
rongmei,fur
rongmei_naga,wild_game
rongpo,livestock
rongshan,silk
rongshui,beeswax
rongxian,lumber
rongzhou,livestock
ronneby,wheat
roon,legumes
ropsk,fruit
roros,copper
roscommon,millet
roscrea,fiber_crops
rosenheim,fur
roshtkhar,wheat
roshtqala,livestock
roskilde,wheat
roslavl,livestock
rosnay,legumes
ross_river,fur
rossano,livestock
rosso,cotton
rossosh,livestock
rostaq,legumes
rostislavl_ryazansky,wheat
rostock,fiber_crops
rostov,wild_game
rotenburg,lumber
rothenburg,fiber_crops
rothenburg_oberlausitz,fiber_crops
rotokas,fish
rotondo,alum
rottenburg,legumes
rottenmann,wool
rotterdam,clay
roucy,wheat
rouen,legumes
routt,wild_game
rouyuan,lumber
rov,lumber
rovaniemi,wild_game
rovdino,wild_game
rovegno,wool
rovenki,legumes
rovenky,wheat
rovereto,lumber
roviana,fruit
rovigo,livestock
rovinj,fish
rovnoye,livestock
rowta,elephants
roxburgh,beeswax
royan,wheat
royston,wheat
rozan,millet
rozdory,fish
rozhalovo,sand
rozhdestveno,beeswax
rozhyshche,wool
rozkishna,coal
roznava,stone
rtishchevo,livestock
ruanga,iron
rubaga,legumes
ruby,fur
ruby_valley,iron
rudbar,olives
rudbar_sistan,livestock
rudkhaneh,legumes
rudnik,silver
rudnik_poland,wool
rudnya,wild_game
rudnya_pontic,livestock
rudobelka,legumes
rudrapur,cotton
rudrapur_kumaon,fruit
ruga,wild_game
rugao,livestock
rugen,fish
rugombe,cotton
ruguda,fish
ruguru,millet
ruhptare,fruit
ruian,livestock
ruichang,rice
ruicheng,fruit
ruijin,fruit
rukahe,legumes
rukai,fur
rukajarvi,medicaments
rumah,cotton
rumbek,livestock
rumoi,fish
rumu,lumber
rungan,legumes
runyan,salt
rupharupha,medicaments
ruppin,medicaments
rusafa,wheat
ruse,fish
rushan,legumes
rusii_de_vede,legumes
rusokastro,legumes
russky_kameshkir,livestock
rustaq,cotton
rustavi,legumes
rutland,wild_game
rutok,wool
rutul,livestock
ruxi,fish
ruyang,gems
ruydar,wild_game
ruyuan,rice
ruza,wheat
ruzayevka,horses
ryazan,millet
ryazhsk,livestock
rychbach,livestock
ryfylke,millet
rykuul,fish
rylsk,wool
ryn,camels
ryn_poland,iron
rypin,iron
ryrkaypiy,fish
rytkuchi,wild_game
rzeszow,millet
rzhavets,legumes
rzhev,wool
rzheva_pustaya,livestock
s_awdaan,lumber
s_ezzaja,horses
sa_kaeo,lumber
saa,fruit
saadatabad,livestock
saadatshahr,wheat
saaka,millet
saakak_hukaahaanu,wild_game
saalfeld,salt
saalfelden,millet
saamis,wild_game
saanen,lumber
saanich,fish
saanya,fish
saarbrucken,iron
saarburg,fruit
saarde,horses
saarijarvi,wild_game
saarijoki,lumber
saarwerden,clay
saba,salt
sabac,coal
sabalgarh,stone
sabana,medicaments
sabanes,lumber
sabangau,lumber
sabanozu,horses
sabarabucu,goods_gold
sabe,lumber
sabha,wool
sabina,fruit
sable,marble
sabt_bani_bishr,stone
sabu,fish
sabugal,fruit
sabya,fish
sabzevar,fruit
sacchuma,legumes
sachchaa_mukku,fruit
sacheon,copper
sada,sugar
sadah,wheat
sadak,livestock
sadeng,sugar
sadhaura,lumber
sadiya,tea
sadovoye,livestock
sadovoye_kalmykia,horses
saeki,livestock
saelam,fish
safaga,stone
safare,millet
safed,wheat
safkul,lumber
safranbolu,saffron
saga,rice
sagabuyen,livestock
sagadahoc,legumes
sagaing,silk
sagala,fiber_crops
saganaga,wild_game
saganing,lumber
sagar,cotton
sagara,millet
saghand,livestock
saginaw,fur
sagu,millet
sagua,iron
sagzabad,wool
sahadia,livestock
sahagun,wheat
saham,fish
sahar,lumber
saharanpur,wheat
saharsa,wheat
sahoyue,fur
sahpeech,wild_game
sahrazur,wild_game
sahuaripa,wild_game
sahulau,lumber
sai,sand
said_bundas,livestock
saida,horses
saik_uz,fur
saikhandulaan,livestock
sailahai,livestock
sain,legumes
sainapuchi,stone
sainiambu,fiber_crops
saint_anthony,marble
saint_avold,copper
saint_brieuc,clay
saint_claude,beeswax
saint_die,horses
saint_etienne,iron
saint_florentin,wheat
saint_flour,fur
saint_gaudens,lumber
saint_jean_de_maurienne,lead
saint_jean_pied_de_port,livestock
saint_katrine,iron
saint_lizier,wool
saint_malo,legumes
saint_marceilin,fruit
saint_mihiel,clay
saint_omer,copper
saint_paul_anchorite,stone
saint_paul_river,rice
saint_pol,wild_game
saint_pons,wool
saint_quentin,legumes
saintala,fruit
sainte_suzanne,wheat
saintes,wine
saipan,lumber
saipuru,goods_gold
saitama,rice
sakai_echizen,rice
sakai_riau,lumber
sakaka,camels
sakambunje,wild_game
sakao,legumes
sakawyiniw,fur
saki,fiber_crops
sakirabia,wild_game
sakitawahk,wild_game
sakiwasipi,wild_game
sakju,silk
sakkyryr,goods_gold
sakminskoye_vodokhranilishche,livestock
sakti,sugar
saku,rice
sakwatamau,wild_game
sakya,wheat
sala,lumber
salacon,wine
salaga,saffron
salagiri,lumber
salair,wild_game
salamanca,wheat
salamat,millet
salameh,wool
salamiyya,legumes
salaspils,legumes
salavata,sand
salay,livestock
salban,fur
salcha,goods_gold
saldana,legumes
salde,wheat
saldus,wild_game
sale,fish
saleesh,lumber
salehabad,beeswax
salem,iron
salemata,millet
salemi,salt
salerno,medicaments
saleta,wild_game
salgotarjan,wild_game
salianah,lumber
salin,rice
salinas,salt
salins_les_bains,salt
salisbury,wheat
salkhad,lumber
salla,fur
sallanches,stone
sallum,camels
salm,sand
salmas,rice
salmi,tin
salo_ita,wine
salona,stone
salta,legumes
saluda,sand
saluma,livestock
salumbar,fruit
saluzzo,fruit
salvaterra,wine
salvatierra,fiber_crops
salyan,wool
salylyk,wild_game
salzburg,salt
salzwedel,fiber_crops
sam,livestock
samaipata,goods_gold
samakh,legumes
samalqan,stone
samana,fish
samana_india,cotton
samangan,wheat
samani,beeswax
samanoud,wheat
samaqua,fur
samara,livestock
samarahan,fish
samarchyk,fiber_crops
samarginka,fur
samarkand,silk
samarra,cotton
samasingha,cotton
samastipur,rice
samauma,fish
samawa,cotton
samba,lumber
samba_kongo,livestock
sambaliung,salt
sambalpur,iron
sambandete,lumber
sambaqui,fish
sambas,fish
sambhal,legumes
sambhar,salt
sambir,stone
sambo,wild_game
samboangan,fish
samburu,livestock
samcheok,gems
samda,wild_game
samhwa,medicaments
samira,wheat
samiram,legumes
samokov,iron
samorin,fiber_crops
samos,salt
samoylovka,livestock
sampa,millet
sampelga,livestock
sampheak_borak,clay
sampheling,wild_game
sampit,livestock
samprangan,fish
samriddhipuri,beeswax
samsat,wool
samsu,lumber
samsun,olives
samten,clay
samxay,stone
samye,livestock
san,dyes
san_antonio_patrulha,medicaments
san_clemente,horses
san_felices,livestock
san_pedro,fish
san_sebastian,fish
san_tash,wheat
san_vicente_barquera,millet
sana,sand
sana_tx,fruit
sana_yemen,camels
sanaga,fruit
sanana,fruit
sanandaj,legumes
sancerre,wheat
sancha,clay
sanchakou,millet
sanchuan,livestock
sancoins,millet
sandakan,millet
sandan,rice
sandaran,fish
sandare,millet
sandawe,gems
sande,wool
sandikli,legumes
sandnes,wool
sandomierz,horses
sandonnino,wine
sandrakatsy,fish
sandusky,maize
sanekuy,livestock
sanga,cotton
sanga_kongo,livestock
sanga_pumbo,livestock
sangacho,wild_game
sangage,fish
sangamesvara,rice
sangamon,maize
sangar,fish
sangata,fish
sangay,mercury
sangcharak,wool
sangerhausen,horses
sanggau,goods_gold
sangha,lumber
sangiin_dalai,wool
sangju,silk
sangkha,lumber
sangliat_dol,fruit
sangme,wool
sangmelima,medicaments
sangni,livestock
sangqu,livestock
sanguesa,copper
sangvor,wool
sanhe_chaozhou,sugar
sanhe_tongzhou,legumes
sanikiluaq,fish
sanjiaocheng,livestock
sanju,wild_game
sankancete,wild_game
sankaranayinarkoil,cotton
sankina,lumber
sanlorenzo,horses
sanlucar,fish
sanlucar_la_mayor,horses
sanmao,lumber
sanniquellie,saffron
sanok,salt
sanrao,livestock
sansanding,wheat
sansanne_mango,millet
sansepolcro,stone
sansevero,wine
sanshui,fish
sanshui_binzhou,lumber
sant_feliu,wheat
santa_barbara,goods_gold
santa_cruz_flores,fish
santa_cruz_islands,fish
santa_eufemia,tin
santa_luzia,goods_gold
santander,fish
santangelo,clay
santarcangelo,wine
santarem,legumes
santee,tobacco
santeh,wool
santiago,fish
santiago_compostela,lumber
santiago_islands,fish
santo_antao,fish
santo_antonio,clay
santo_antonio_monte,wild_game
santok,lumber
santokhe,livestock
santubong,mercury
sanyao,livestock
sanye,wild_game
sanyuan,wheat
sanyyakhtakh,wild_game
sanzana,fruit
sao_carlos,maize
sao_fidelis,medicaments
sao_joao_rei,wild_game
sao_joaquim,lumber
sao_jose_pinhais,fruit
sao_jose_preto,wild_game
sao_leopoldo,lumber
sao_luis_do_paraitinga,lumber
sao_nicolao,fish
sao_roque,wild_game
sao_sebastiao,fish
sao_sebastiao_paraiso,lumber
sao_tome,fish
sapara,livestock
saparua,fish
sapelo,legumes
saponi,wild_game
sappah,lumber
sapponah,cotton
sapporo,beeswax
sapukaia,fruit
saqqa,lumber
saqra,camels
sar_mashhad,wheat
sar_pol,legumes
sar_sang,gems
sara,fruit
sara_sara,copper
sarab,livestock
sarab_dowreh,livestock
saraburi,millet
sarahan,wild_game
sarai_al_jadid,wool
sarakhs,livestock
sarangani,fruit
sarangarh,rice
sarangpur,medicaments
saransk,wheat
sarapul,lumber
sarare,maize
sarashina,stone
sarata,livestock
saratoga,legumes
saravan,wool
saraveka,lumber
saraya,goods_gold
sarayan,fruit
sarayjuk,fish
sarbaz,stone
sarbisheh,livestock
sarcham,beeswax
sardarshahar,wool
sardasht,livestock
sarduiyeh,silver
sare_dioulde,livestock
sarek,stone
sargadwari,fiber_crops
sargau,horses
sarh,wild_game
sarhad,wild_game
sari,rice
sariang,elephants
saribas,millet
sarikei,cloves
sarikol,wool
sarinena,saffron
sariyahsi,livestock
sarkajpa,potato
sarkikaraagac,lumber
sarkisla,legumes
sarlat,lumber
sarlawuk,wool
sarnen,lumber
sarov,lumber
sarrebourg,lumber
sarreguemines,fiber_crops
sarria,marble
sarsuti,wool
sart,millet
sartang,fur
sartene,lumber
sartigan,wild_game
sartlan,wild_game
saru,wild_game
saruk,wool
sarvaslyk,beeswax
sarvestan,wool
saryadyn,wheat
saryazd,lead
sarybulak,horses
sarykopa,horses
saryozen,livestock
sarzana,wine
sasak,fish
sasaram,silk
sasignan,fish
saskatchewan,lumber
saskylakh,fish
sason,livestock
sasovo,livestock
sassandra,lumber
sassari,salt
sastamala,millet
sastmola,fish
sasykkol,beeswax
satapo,fruit
satara,lumber
satawan_atoll,fruit
satere_mawe,medicaments
satgaon,fruit
sathyagala,millet
satingpura,salt
satoraljaujhely,wine
satsukhdin,fur
satsuma,fish
satyamanagalam,elephants
saucunk,lumber
saudakent,wild_game
saugeen,fish
sauipe,fish
saukiog,copper
saulgau,livestock
saumur,wine
saura,lumber
saurimo,livestock
sausaya,livestock
sauveterre_de_guyenne,livestock
sauvo,millet
sauzas,livestock
savaii,fruit
savalou,livestock
savannakhet,fish
savantvadi,fish
savar,millet
saveh,wool
savery,wild_game
savinka,livestock
savojbolagh,fruit
savona,olives
savonranta,lumber
savoonga,fish
savran,millet
savsat,fur
savukoski,fur
savur,olives
saw,mercury
sawangan,lumber
sawata,goods_gold
sawawaktodo,wild_game
sawokli,lumber
sawran,wheat
saxop_wan_pupako,lumber
say,rice
sayak,fish
sayda,lead
saygatsky,wild_game
sayhat,cotton
sayniabuli,livestock
sayula,tobacco
sayun,fruit
sayylyk,wild_game
sazanbay,horses
sbiba,wheat
sbikha,fruit
scahentowanen,coal
scalea,wine
scanonaenrat,maize
scarborough,alum
scarcies,fish
scatacook,fruit
schaffhausen,lumber
scharding,wool
scheibbs,stone
schenectady,legumes
schesslitz,fruit
schinhandowi,wild_game
schio,lumber
schladming,iron
schleiden,iron
schleiz,lumber
schleusingen,copper
schmalkalden,iron
schongau,wool
schuylkill,lumber
schwabach,millet
schwaz,fur
schweinfurt,millet
schweinitz,stone
schwerin,wheat
schwyz,iron
sciacca,wheat
scioto,fiber_crops
scone,pearls
scqescilni,wild_game
scugog,maize
scw_exmx,lumber
sdok_kok_thom,horses
seacal,legumes
sebakwe,millet
sebech,lumber
sebes,stone
sebinkarahisar,alum
sebit,wild_game
sebuku,sand
sebuyau,fish
sechelt,fish
sechenovo,lumber
sedanka,wild_game
seddori,iron
sededema,wild_game
seeboosis,lumber
seediq,wild_game
seekonk,fish
sefrou,wool
segah,lumber
segbana,cotton
segbwema,saffron
segeberg,horses
segesd,beeswax
segou,clay
segovia,lumber
seguedine,salt
seguela,rice
segur,livestock
segura_de_la_sierra,lumber
segyan_kyuyol,lumber
sehore,cotton
sehwan,dyes
seia,lumber
sejnane,dyes
sekadau,lumber
sekayam,lumber
seke_gabun,fruit
sekili,wild_game
sekkosi,wild_game
selanger,medicaments
selby,horses
selemde,iron
selenge,fiber_crops
selennyakh,wild_game
selephu,livestock
selfoss,horses
selima,fruit
selimbau,lumber
selinti,fish
selkehatchie,fiber_crops
selkirk,fruit
sellinkyla,fish
selo_yartsevo,copper
selpils,fish
semalembue,stone
semarang,sand
semcojarvi,lumber
semdinli,beeswax
semerlanga,beeswax
semidesyatnoye,wool
semikarakorsk,livestock
semiostrov,fish
semlacu_mare,iron
semnan,livestock
sempan,fish
semur_en_auxois,wild_game
semur_en_brionnais,livestock
semyonov,lumber
sena,ivory
senafe,stone
senapelan,legumes
sendamangalam,horses
senderk,iron
seneca,lumber
sengel,wild_game
sengkae,millet
senj,legumes
senja,fish
senlis,millet
sennar,cotton
senonches,millet
sens,fruit
sentachan,gems
sentispac,salt
seogyeong,coal
seohara,millet
seongcheon,cotton
seongju,goods_gold
seongwi,fish
seonju,salt
seonsan,rice
seosan,pearls
sepauk,lumber
sepeh,sand
sepinang,fish
sepon,coal
sepulveda,wheat
seqse_qaqa,cotton
sequatchie,wild_game
sera,rice
serdobinskaya,wheat
serebryanye_prudy,fiber_crops
sergach,wheat
sergelyakh,wild_game
sergiyevsk,legumes
seringapatam,stone
serkar,livestock
sernur,fur
serpa,livestock
serpukhov,lumber
serres,iron
serro,legumes
sershul,livestock
serta,livestock
seru,wheat
seruyan,fish
servia,saffron
serzhik,wool
sesayap,fish
sesheke,wild_game
sessekinika,lumber
seta,silk
setana,millet
sete_lagoas,lumber
setif,copper
setswana,sand
settat,wine
sette,fish
settra_kru,saffron
setubal,fish
seu_durgell,wool
seuhubeogoi,wild_game
sevede,lumber
severin,copper
sevilla,olives
sevsk,lumber
sexqeltqin,lumber
seyat,wild_game
seydisehir,clay
seydisfjordur,stone
seydougou,rice
seyhli,wheat
seyitgazi,wine
seyitler,livestock
seymchan,wild_game
sfantu_gheorghe,millet
sfaqes,fish
sguuxs,medicaments
sha_ia_nde,wild_game
shaazan_khot,livestock
shaazan_tolgoi,livestock
shabalula,wool
shabash,wild_game
shabogamo,fur
shabran,fish
shabwa,salt
shackamaxon,fiber_crops
shad_kirman,stone
shadodkot,wool
shadrinsk,lumber
shaftesbury,wool
shagamu,fish
shagan,livestock
shagiz,livestock
shagou,wheat
shahabad,cotton
shahabad_kerman,fruit
shahabad_uttar_pradesh,sugar
shaharah,fruit
shaharpara,lumber
shahbazpur,elephants
shahdad,livestock
shahe,livestock
shahe_bobai,livestock
shahjadpur,sugar
shahjahanpur,dyes
shahpur,wheat
shahr_e_babak,copper
shahr_meyan,wool
shahr_sabz,wool
shahrakht,camels
shahrestan_sofla,stone
shajwa,legumes
shake_kongo,medicaments
shakhty,coal
shaki,wheat
shakka,livestock
shalakusha,fur
shalatenan,chili
shalskii,fur
shamakhi,silk
shambala,ivory
shambe,ivory
shamiram,wool
shamkir,lead
shamokin,coal
shana,fish
shana_bukanda,wild_game
shandan,sand
shandrin,iron
shanfana,lumber
shangaly,fur
shangcai,horses
shangcheng,wild_game
shangdang,silk
shangdu,livestock
shanggao,silver
shanghai,fish
shanghang,goods_gold
shanghe,clay
shangjin,lumber
shangjing,wheat
shanglin,rice
shangluo,lumber
shangnan,fur
shangrao,goods_gold
shangshui,livestock
shangsi,lumber
shangxi,livestock
shangyou,wild_game
shangyu,fish
shangyuan,silk
shangzhou,tin
shanha,wild_game
shanjir,beeswax
shankargah,rice
shansu,cotton
shantar,fish
shantsa,fiber_crops
shanxian,livestock
shanyang,wild_game
shanyang_huaian,cotton
shanyang_yingzhou,millet
shanyin,millet
shaowu,lumber
shaoxing,wine
shaoyang,lumber
shapoquate,fiber_crops
shaqrud,livestock
shar,horses
shar_yelpuk,lumber
sharanga,lumber
sharda,wool
shardonem,lumber
sharga_uul,wool
shargyn_gobi,livestock
shari,millet
sharjah,livestock
sharka,livestock
sharu,wild_game
sharuna,livestock
shatili,lumber
shatki,lumber
shatsk,fur
shatur,sand
shatyrlysay,livestock
shavgar,livestock
shawanaga,fur
shawanoe,tobacco
shawinigan,wild_game
shawmut,stone
shawnee,coal
shaxi,livestock
shaxian,lumber
shayang,fish
shayar,wheat
shazhou,livestock
shcherbinovka,wool
shchuchya,fur
shchuchye,wild_game
shchuchye_smolensk,sand
shchuchyn,wild_game
shebeon,wild_game
sheberghan,fruit
sheboygan,lumber
shee_t_ika,fish
shehong,wheat
sheikh_hussein,coffee
shelek,legumes
sheleksa,fur
shemkhiya,sand
shemonayevskoye,livestock
shemysheyka,horses
shenandoah,lumber
shenango,medicaments
shendi,livestock
shenga_kurya,fiber_crops
shenge,rice
shengeldy,livestock
shengxian,livestock
shenmu,wheat
shenqiu,wheat
shenshui,wool
shenwu,livestock
shenxian,legumes
shenyang,rice
sheohar,cotton
sheopur,millet
sherbiv,fruit
sherbro_island,beeswax
sherda,sand
shergarh,wild_game
sherwan,wool
sheshatshiu,fur
shestakova,wild_game
shetek,stone
shethanei,fur
shetland,wool
sheulec,legumes
shexian,fur
shexian_cizhou,wild_game
shey,wool
shiawasee,sand
shibam,incense
shibetoro,fish
shibetsu,beeswax
shibogama,lumber
shichaam,lumber
shichah,fiber_crops
shicheng,rice
shicheng_jizhou,livestock
shicheng_ningdu,rice
shida,tea
shidai,silk
shidian,stone
shiewhibak,fiber_crops
shifang,livestock
shigar,livestock
shigatse,wool
shighnan,gems
shigony,fiber_crops
shikama,fish
shikarpur,cotton
shikashin,camels
shili,beeswax
shilik,wheat
shilong,cotton
shilou,fruit
shilovo,livestock
shima,pearls
shimamaki,sand
shimbay,wool
shimen,livestock
shimen_poyang,rice
shimian,tea
shimoagata,fish
shimoga,fiber_crops
shimohei,fur
shimoina,fur
shimokita,fish
shimushiru,fish
shinan,wild_game
shinas,fruit
shincal,marble
shindand,rice
shineha,fish
shingwako,fur
shinobu,stone
shioya,medicaments
shipai,wheat
shipastouk,lumber
shiping,legumes
shipshaw,medicaments
shiqian,fish
shiquan,fur
shiquan_maozhou,stone
shira,rice
shira_qulusun,livestock
shirakawa,rice
shiranuka,lumber
shiraoi,livestock
shiraz,fruit
shire,iron
shirvan,wheat
shirvan_iran,legumes
shish,lumber
shishgarh,elephants
shishou,fish
shisou,iron
shitara,rice
shiveh,iron
shiveluch,wild_game
shiwa,goods_gold
shixi,tea
shixing,rice
shizhao,legumes
shizhou,lumber
shizhu,lead
shizilu,clay
shizong,legumes
shizunai,fur
shkhancheriekhabl,millet
shkoder,wine
sho,livestock
shohopanaiti,wild_game
shoindykol,salt
sholakkorgan,wild_game
sholhapur,millet
shoma,beeswax
shopando,livestock
shoptikol,horses
shoptovo,millet
shoqan,salt
shorabak,copper
shorapani,legumes
shoreham,lumber
shorkot,cotton
shoubak,horses
shouchun,clay
shouguang,salt
shouyang,legumes
shouzhang,cotton
shravanabelagola,millet
shravasti,elephants
shrewsbury,wild_game
shtax_heen,fish
shtip,wool
shua,lumber
shuangliu,tea
shuangshui,lumber
shuangxi,iron
shuangyashan,legumes
shubenacadie,fur
shubi,livestock
shucheng,legumes
shui,legumes
shuicheng,tea
shuihu,rice
shuihui,wild_game
shuiluo,stone
shuitejiang,rice
shuixi,livestock
shukden,lumber
shukjung,livestock
shulan,beeswax
shulu,livestock
shuluun_khoboot_tsagaan,livestock
shuman,livestock
shumen,fur
shumushu,fish
shumyachi,legumes
shunchang,wild_game
shunda,lumber
shunde,silk
shungopavi,wild_game
shunning,copper
shunsheng,millet
shuntaneshnanga,legumes
shunyang,marble
shunyi,wheat
shupaw_kulu,fish
shuqra,sugar
shuruk,livestock
shuryshkar,fish
shusef,fruit
shush,wheat
shusha,wool
shushenskoye,iron
shushtar,rice
shuuchi,tea
shuya,fur
shuya_karelia,fur
shuyang,wine
shuyskoye,lumber
shwegu,clay
shybyndy,livestock
shymkent,millet
shyngyrlau,livestock
shyoltozero,iron
shyrokyne,sand
siah_cheshmeh,fruit
siak,clay
sialkot,cotton
siang,wool
siar,fruit
siatista,beeswax
siauliai,wheat
siba_circassia,millet
sibak,wheat
sibda,wild_game
sibenik,olives
siberia_abalak,fur
siberia_bor,fish
siberia_kuytun,fur
siberia_tenteksor,livestock
siberut,fish
sibiu,iron
sibolga,fish
sibook,wild_game
sibugay,fish
sibumbong,fish
sic,millet
sicangu,wild_game
sicarate,lumber
sicasica,cotton
siccanemos,lumber
sicheng,wild_game
sichon,lumber
sico,salt
sidenreng,millet
sideradougou,medicaments
sidhi,legumes
sidhmukh,medicaments
sidi_bennour,olives
sidi_fredj,fish
sidi_okba,salt
sidon,cotton
siegas,fur
siegburg,clay
siegen,iron
sien,lumber
siena,marble
sienzhou,lumber
sieradz,millet
sierpc,wool
siewierz,lead
sigam,coal
sigdal,lumber
sigheneg,fish
sighet,salt
sighisoara,wool
sighnaq,cotton
sigi,beeswax
sigli,fish
siglufjord,stone
sigmaringen,wild_game
siguanea,fish
siguenza,legumes
siguiri,goods_gold
sigulda,lumber
sihabi,fruit
sihor,cotton
sihui,fruit
siikalatva,fur
siimitalik,wild_game
siirt,clay
sijilmasa,alum
sikar,copper
sikasingo,fiber_crops
sikieye,legumes
sikka,lumber
siklos,clay
siktyakh,fur
silacayoapam,lumber
silae,legumes
silale,fur
silam,lumber
silandro,fur
silat,lumber
silbojock,lumber
siletiteniz,salt
silifke,wheat
siliguri,lumber
silivri,wool
silkari,fish
silkeborg,lumber
silla,dyes
sillanwali,wheat
silli,wine
silou,lumber
silver_lake,fur
silves,fruit
simav,lumber
simbirsk,livestock
sime,tea
simeulue,fruit
simhapura,pepper
similkameen,lumber
siming,lumber
simiti,lumber
simmern,livestock
simmi,millet
simo,fur
simontornya,wheat
simpcw,goods_gold
simraungadh,lumber
simsir,lumber
sinaloa,salt
sinaugoro,fish
sinaw,livestock
sinawin,camels
sincel,fiber_crops
sinclair,wild_game
sindagi,legumes
sindangan,fish
sindangkasih,lumber
sindhuli,wool
sindkedh,wild_game
sine_ngayene,stone
sines,sand
singa,livestock
singarh,beeswax
singgora,lumber
singhapala,alum
singingi,lumber
singkhon,lumber
singkil,fish
singorgarh,elephants
sinipi,lumber
sinj,horses
sinja,livestock
sinjar,wine
sinjik,fish
sinkyone,fish
sinnar,lumber
sinop,dyes
sinqu,stone
sinsheim,wheat
sint_niklaas,fiber_crops
sintang,legumes
sinu,clay
siocon,copper
sioma,lumber
sion,iron
siona,fruit
sionomhudon,iron
sioure,horses
sipiweske,maize
sipri,millet
sipuk,fish
sipura,fruit
sir_bani_yas,pearls
sira,livestock
siraf,pearls
siraha,lumber
siran,clay
siraya,fruit
sirdan,livestock
siret,legumes
sirhind,wheat
siri_do,tin
sirik,fish
siriono,wild_game
sirjan,copper
sirnak,lumber
sirohi,marble
sironj,wheat
sirpur,lumber
sirte,fish
sirudal,medicaments
sis,wheat
sisak,livestock
sisakht,lumber
sisem_ata,clay
sishui,cotton
sisimbles,sand
siskiyou,fur
sissipahaw,lumber
sisteron,wool
sitakunda,sand
sitamarhi,elephants
sitanda,goods_gold
sitapur,lumber
sitavaka,fruit
siteia,olives
sitges,wheat
siton,wild_game
sitpur,wheat
sittaung,clay
sitte,fish
situo,tin
siva,lumber
sivas,silk
siverek,saffron
sivrice,wild_game
sivrihisar,legumes
sivukutaitiarruvik,fish
sivuqaq,fish
siwa,fruit
siwana,livestock
siwi,cotton
sixtymile,fur
siya,fur
siyancuma,livestock
siyara,salt
siyathemba,livestock
siyene,wild_game
siyom,wild_game
sjalevad,lumber
sjenica,livestock
sjundea,lumber
sk_atsin,fur
skaapirox,wild_game
skagen,salt
skagit,fish
skahuukaawiat,wild_game
skalholt,wool
skande,livestock
skaniatares,clay
skara,wool
skardu,wheat
skaun,wild_game
skelleftea,lumber
skene,millet
ski,millet
ski_iyo_he,wild_game
skien,fish
skikda,mercury
skin_tyee,lumber
skinskatteberg,iron
skipton,wool
skitsetsen,fur
skitswish,lumber
sklad,fur
sklallam,fish
skofja_loka,millet
skootamatta,lumber
skopin,livestock
skopje,livestock
skoura,millet
skreen,livestock
skrytaya,fish
skuodas,horses
skuppah,medicaments
skvyra,livestock
skwierzyna,horses
skye,fish
slagelse,medicaments
slana,fur
slanic,millet
slano,lumber
slany,livestock
slatina,livestock
slavkovitchi,lumber
slawharad,millet
slawno,sand
slesvig,clay
sletewsi,lumber
sliammon,lumber
sligo,beeswax
slite,fish
sliven,millet
slobodskoy,fur
slobozia,livestock
slonim,fur
sloten,salt
slovenj_gradec,livestock
sloviansk,horses
slunj,wool
slupsk,amber
slutsk,wool
slyudyanka,fish
sm_algyax,lumber
smai_samkai,horses
smalyavichy,wild_game
smara,sand
smederevo,marble
smerdyn,fur
smila,coal
smolensk,millet
smolenskoye,fur
smolyan,stone
smyrna,saffron
snasa,wild_game
sniatyn,livestock
snk_mip,goods_gold
snohomish,clay
snovsk,millet
snt_t_ulix,lumber
so_so_goiw,gems
so_taeo_o,wild_game
soalara,fruit
soba,stone
soba_gawe,wild_game
sobaipuri,stone
sobat,wild_game
sobolevo,wild_game
soboloox,wild_game
sochaczew,livestock
socksjock,lumber
sodankyla,wild_game
soddo,millet
soderala,wild_game
soderbarke,lumber
soderkoping,fish
sodertalje,clay
soest,livestock
sofala,sugar
sofiivka,wool
soghan,wool
sogndal,fiber_crops
sogra,lumber
sogut,medicaments
sohagpur,legumes
sohra,elephants
sohrevard,legumes
sohrfiruzan,cotton
soikino,fish
soissons,millet
sojas,wheat
sok,wheat
sokal,fur
sokilets,fiber_crops
sokna,livestock
soko_grad,livestock
sokode,millet
sokolka,wheat
sokolo,livestock
sokolow,millet
sokota,clay
sokoto,millet
sokurdakh,wild_game
sol_galichskaya,salt
sol_velikaya,legumes
solatunum,lumber
soldaia,fish
soli,salt
solikamsk,salt
solimandungan,legumes
solingen,livestock
solkhat,horses
solok,goods_gold
solomoydokh,gems
solothurn,wool
solovetsky,salt
solovtsovo,wheat
solt,millet
soltaniyeh,silk
soltau,livestock
soltobe,livestock
soltsy,beeswax
soltsy_kirishi,wild_game
soltyn,fur
solvesborg,wheat
soma,lumber
somaleh,wine
somana,fruit
sombai,lumber
somnath,fish
somogyvar,wine
somuncura,wild_game
son_la,millet
sonaly,horses
sonamiani,fish
sonargaon,rice
soncino,clay
sonda,rice
sonda_karnataka,elephants
sondeled,fish
sondershausen,millet
sondor,beeswax
sonepur,rice
sonepur_bihar,legumes
song_be,lumber
song_khwae,horses
songming,lumber
songo_mnara,legumes
songxi,lead
songyang,iron
songye_kongo,legumes
songzhou,livestock
songzhou_songpan,wool
songzhou_songzhou,livestock
songzi,rice
sonhat,iron
sonisa,fiber_crops
sonod,wild_game
sonqor,livestock
sonso,cocoa
sontang,lumber
sonthofen,lumber
soo,legumes
soombak_e,fish
soonpur,livestock
sopron,wine
sora,beeswax
sorachi,lumber
soras,potato
sordavala,fiber_crops
sorgono,fur
sorgun,livestock
sori,livestock
soria,beeswax
sorin_nuur,wool
sorkam,stone
soroca,lumber
sorocaba,legumes
sorochinskaya,horses
sorokogne,livestock
sorsele,wild_game
sortol,fur
sos,wool
soscumica,wild_game
sosnovy_ostrov,livestock
sosnytsia,fur
sosola,maize
sosso,millet
sosva,lumber
sotachiro,goods_gold
sotk,cotton
sotkamo,fur
sotuta,tobacco
sougb,fish
souk_el_arba,fruit
souma,rice
soumpi,livestock
sousse,olives
south_andaman,fish
south_camaguey,fiber_crops
south_dahalo,livestock
south_hia_ced_oodham,fish
south_hlanganu,millet
south_juma,fiber_crops
south_letota,wool
south_meetto,fiber_crops
south_molala,lumber
south_pumpu,lumber
south_sakuye,goods_gold
south_shirima,wild_game
south_yao,clay
southampton,wild_game
souya,fish
sowunusiske,fur
soyangi_trail,wild_game
soyo,fruit
soyopa,maize
sozak,horses
sozopol,wool
spalding,clay
spas_na_kholmu,fur
spasskoye,fiber_crops
spasskoye_lyskovo,livestock
spaxomin,fiber_crops
speyer,wine
spilimbergo,livestock
spirka,ivory
spirkovo,wild_game
spitak,livestock
spithota,maize
spittal,marble
splatsin,lumber
split,fish
split_rock,lumber
spoleto,fiber_crops
sporades,sand
spremberg,lumber
squamish,fish
squamscott,fish
squliq,fur
sra_luang,rice
srb,lumber
srebrenica,silver
srebrenik,wheat
sredets,legumes
srednekolymsk,wild_game
srednyaya_akhtuba,wool
sreepur,fiber_crops
srem,wheat
sremska_mitrovica,wheat
sretenskoe,wild_game
srey_sarchhor,medicaments
sri_satchanalai,millet
sri_thep,lumber
srigangapatna,fruit
srinagar,pepper
srinagar_garhwal,wild_game
sringeri,silk
sripura,rice
srirangam,fiber_crops
srisailam,lead
sroda_slaska,livestock
sroda_wielkopolska,millet
srok_khleang,rice
st_affrique,beeswax
st_aignan,wheat
st_albans,wheat
st_ambroix,millet
st_andrews,wheat
st_at_imcets,fur
st_calais,fiber_crops
st_francois_mts,stone
st_gallen,millet
st_georgen,lumber
st_gerand,silver
st_helena,fish
st_jean_dangely,wine
st_johann,stone
st_leonard,lumber
st_martin,fiber_crops
st_matthew,fish
st_pierre_de_moutier,livestock
st_pol_de_leon,horses
st_polten,millet
st_sauveur,fish
st_uxwtews,fur
st_veit,stone
st_vith,livestock
stadacona,legumes
stade,fruit
stafford,beeswax
stalac,sand
stanimaka,legumes
stanitsa_kokchetavskaya,livestock
staraya_kulatka,livestock
staraya_ladoga,fish
staraya_mayna,horses
staraya_russa,salt
staraya_ryazan,wool
staraya_zima,lumber
starobin,livestock
starodub_on_the_klyazma,wild_game
starodub_siverskyi,millet
starodub_votsky,fiber_crops
starominskaya,millet
staropolye,wild_game
staroye,wild_game
staroyuryevo,livestock
stary_tekov,fruit
staryi_amanak,legumes
staryya_darohi,lumber
stata_ketux,wild_game
stavanger,livestock
stavelot,wild_game
stavoren,millet
stavropol,wool
stavropol_na_volge,livestock
stefanesti,clay
stefani,wool
steigen,fish
steinburg,legumes
steinfeld,livestock
steinkjer,wild_game
stelty,fur
stendal,fruit
stensele,lumber
stepan,clay
stepanenki,lumber
stepanevka,livestock
sterlibashevo,horses
sterlitamak,fur
sterzing,silver
stettin,wheat
steyr,iron
stezyca,wild_game
stil_qw,fur
stipon,lumber
stirling,wool
stjordal,wool
stlpulmsh,fiber_crops
sto_domingo_silos,livestock
sto_lo,lumber
stockach,wool
stockholm,clay
stockton,wool
stodolichi,amber
stoke,lumber
stolin,lumber
stomio,lumber
stonehaven,millet
stora_tuna,lumber
stordal,wild_game
storen,wild_game
storkyro,wild_game
stormarn,salt
storozhynets,lumber
stowbtsy,lumber
strabane,wheat
stralsund,amber
stramba,medicaments
strangnas,sand
stranraer,livestock
strasbourg,wheat
stratford,livestock
strathearn,wool
straubing,livestock
straupe,fiber_crops
strehaia,horses
strelcha,fruit
strelitz,beeswax
streshyn,livestock
stromstad,stone
strumica,millet
stryi,livestock
stryn,beeswax
strzelce_opolskie,livestock
sts_ailes,lumber
stswecen_c,fur
stung_treng,millet
stuttgart,horses
stxtilusten,lumber
stz_uminus,fish
su_naq,fish
suakin,fish
suamox,potato
suamprabon,lumber
suan,copper
suau,fruit
subansiri,livestock
subaytila,olives
subi_islands,fish
succun,wild_game
suceava,wheat
suchiimma,pearls
suchilapan,wild_game
sucuriu,iron
sudai,legumes
sudislavl,wild_game
sudogda,lumber
sudzha,clay
suena,fish
suez,sand
sufaynah,fruit
sugaur,wheat
sugeneb,salt
sughar,beeswax
sugut,livestock
suhar,fish
suhut,iron
sui,sand
sui_pakistan,livestock
suian,dyes
suichang,lead
suide,wheat
suidong,fur
suikujarvi,wild_game
suining,rice
suining_jing,tea
suining_pizhou,clay
suiping,livestock
suisin,clay
suixi,sugar
suixian,rice
suiyang,livestock
suiyang_guide,wheat
sukadana,fish
sukadana_lampung,clay
suket,lumber
sukhma,tin
sukhnah,fruit
sukhorukova,fur
sukhothai,rice
sukhumi,fish
suki,lumber
sukju,coal
sukkur,cotton
suksun,copper
suktogeja_o_ipa,maize
sulaymaniyah,wheat
sulechow,fiber_crops
suledal,lumber
sulkhari,lumber
sully,wild_game
sulmona,fur
sulomay,fur
sultanonu,wheat
sultanpur,wild_game
sultanpur_uttar_pradesh,legumes
sultanwind,rice
suluk,fur
suluklu,livestock
suluntah,wool
sulusaray,livestock
sulzbach,livestock
suma,wild_game
sumampa,sand
sumba,incense
sumbawa,dyes
sumbis,clay
sumbwa,livestock
sumedang,lumber
sumgut_vosh,fur
sumilao,rice
sumino,lumber
sumperk,stone
sumsky_posad,livestock
sumtiin,wild_game
sumuri,fish
sumy,livestock
suna,wild_game
sunam,cotton
sunapee,medicaments
suncheon,rice
sunda_kelapa,pepper
sundergarh,gems
sungai_jujuhan,millet
sungai_lati,fish
sungai_penuh,silver
sunggari,fur
sungurlu,legumes
suning,livestock
sunju,tea
sunkoshi,stone
sunndal,wild_game
sunnfjord,wild_game
sunnmore,fish
suntar,wild_game
suntou,rice
suojarvi,wild_game
suomussalmi,fur
suonikyla,wild_game
suordakh,wild_game
suoyungu,wild_game
suphanburi,rice
suq,livestock
suq_al_ghinan,fruit
suq_al_shuyukh,livestock
suqian,fish
sur,pearls
sura,potato
surab,legumes
surabaya,rice
surame,rice
suran,livestock
surat,sugar
suratgarh,sand
suraz,livestock
surgut,fur
surigao,fish
suriig,wool
suripa,wild_game
surmali,saffron
surmene,iron
surruque,clay
surubiu,wild_game
suruc,wine
surui_paiter,fruit
susa,marble
susaco,fish
susitna,fur
susoh,iron
susong,fish
susquehannock,fruit
susques,livestock
susunswe,lumber
susurluk,copper
sutara,lumber
sutiapan,cotton
sutkent,livestock
sutnga,wild_game
suttsu,fish
sutuko,medicaments
suturuoxa,fur
suure_jaani,livestock
suwa,silk
suwalki,wheat
suwannaphum,millet
suwayda,sugar
suwon,fish
suxi,livestock
suyunduk,legumes
suzdal,beeswax
suzhou,livestock
suzhou_fengyang,cotton
suzhou_gansu,gems
suzu,salt
suzuka,fish
suzun,wild_game
sveg,lumber
svencionys,beeswax
svendborg,wheat
svietlahorsk,millet
svinort,fish
svir,millet
svir_beloozero,fiber_crops
svislach,wild_game
sviyazhsk,livestock
svoge,fur
svrljig,legumes
svyatoy_nos,livestock
swansea,coal
swarakxen,iron
swartberg,wild_game
swazi,livestock
sweetwater,iron
swellendam,livestock
swidnica,lead
swidwin,fiber_crops
swiecie,alum
swikshak,fish
swinousjcie,amber
swy_e,livestock
sya,horses
syagannaax,wild_game
syanno,lumber
sybaatayy,wild_game
sychyovka,wheat
sycow,livestock
sydybyl,lumber
sylgy_ytar,wild_game
sylhet,medicaments
synya,wild_game
syracuse,sugar
syrgan,wild_game
sysma,wild_game
systyg,lumber
sysy_meyite,lumber
syuldyukar,fur
syun,lumber
syvlyush,wine
szabolcs,fish
szadek,millet
szadzko,millet
szamotuly,beeswax
szarvas,livestock
szatmar,wheat
szczytno,stone
szeged,wool
szolnok,wheat
szombathely,wheat
szprotawa,fiber_crops
szrensk,wild_game
szubin,wheat
szydlowiec,iron
t_aaku,fur
ta_an,wild_game
ta_shwe_htan,legumes
taala,wild_game
taant_a,lumber
taaqtam,sand
taatiilaaq,fur
tabaga,lumber
tabajara,beeswax
tabalah,fruit
tabarida,wool
tabarka,gems
tabas_al_tamr,fruit
tabas_al_unnab,wild_game
tabasokwia,wild_game
tabelbala,fruit
tabiteuea_atoll,fruit
tablat,wool
tabo,livestock
tabon,stone
tabory,fur
tabou,beeswax
tabou_m,rice
tabqah,horses
tabriz,gems
tabuaeran,fish
tabuk_arabia,fruit
tabukan,fish
tabynsky,fur
tacambaro,lumber
tacariju,lumber
tacatacaru,lumber
tacehubana,maize
tachi,wild_game
tachibana,sand
tachira,stone
tachov,lumber
tacna,beeswax
tacshic,lumber
tacuane,millet
tacunga,gems
tada,millet
tadbaba,stone
tadjoura,incense
tadla,livestock
tadlyeoan,mercury
tadmekka,salt
tadmur,iron
tado,livestock
tado_colombia,cocoa
tadoule,fur
tadoussac,fish
taegu,copper
taenga_atoll,fruit
tafedna,millet
tafraout,copper
tafresh,livestock
taft,silver
taga,copper
taganrog,fiber_crops
tagata,goods_gold
tagatay,livestock
tagawa,silver
taghaza,salt
taghit,wool
taghjijt,livestock
tagin,wheat
tagloc,fruit
tagmadert,millet
tagmo_lingkha,wild_game
tagotoka,lumber
tagudin,lumber
tagula,fish
tahamies,marble
tahanea_atoll,pearls
tahe,lumber
tahejoc,fish
tahert,clay
tahiltyn_khotgot,wool
tahiti,pearls
tahkeeosteh,lumber
tahna,stone
tahoua,livestock
tahquamenon,fur
tahuunde,wild_game
taif,wheat
taigong,wild_game
taigu,wheat
taihe,wheat
taihe_dali,marble
taihe_taihe,beeswax
taihu,legumes
taikang,cotton
taining,lumber
taipengruodong,livestock
taiping,mercury
taiping_jiangzhou,wheat
taiping_ningguo,tea
taipingzhuang,millet
taita,iron
taivalkoski,wild_game
taixing,wheat
taizhou,wheat
taizhou_jurchen,horses
taizz,coffee
tajpur,cotton
tak,rice
tak_elam,wild_game
taka,cotton
taka_atoll,fruit
takai,silk
takaichi,rice
takaki,rice
takakusa,pepper
takalak,lumber
takalako,gems
takam,wild_game
takana,chili
takano,rice
takaoka,tea
takaroa_atoll,fish
takashima,rice
takassaba,livestock
takata,wheat
takawng,rice
takbanuao,wild_game
takden,livestock
takedda,copper
takestan,fruit
takhilyn,livestock
takhir,livestock
takht_e_soleyman,goods_gold
takhtoyamsk,fish
taki,pearls
takitudu,fur
takla,fur
taklung,wheat
takopaya,marble
taksimo,wild_game
takspaslama,lumber
taktsang,stone
takua_pa,lumber
takuru_puku,fruit
takutu,lumber
takwata,wild_game
tal_afar,fruit
tala,wild_game
tala_kyuyel,fur
tala_mugongo,lumber
tala_mx,maize
talacogon,rice
talaha,sand
talaikhan_ata,livestock
talak_burma,incense
talaky,fish
talalakh,fur
talampaya,clay
talang,lumber
talang_mamak,lumber
talanga,mercury
talarn,fur
talas,horses
talata_mafara,rice
talavera_de_la_reina,livestock
taleqan,salt
taliabu,fish
talibon,fish
taliepacana,lumber
talikota,horses
talimachusi,saltpeter
talimeco,clay
talisi,cotton
talitsa,lumber
talitsa_yelets,fiber_crops
taliwang,fish
talkhir,iron
tallinn,stone
talman_boorj,fur
talmas_ata,livestock
talmont,salt
talok,cotton
talovka,wild_game
talowski,horses
taluhe,wool
talwandi,cotton
tam_dai,incense
tama,rice
tamacine,saffron
tamaki,legumes
tamalameque,beeswax
tamambo,fish
taman,fish
tamana,legumes
tamaraceite,fish
tamaroa,fiber_crops
tamathli,maize
tamaulipeco,fish
tamazaghrane,dyes
tamazula,lumber
tamba,livestock
tamba_ambriz,ivory
tambaga,millet
tamberias,potato
tambov,livestock
tambura,beeswax
tambusai,lumber
tamdegost,sugar
tamdoult,silver
tamdy,wheat
tame,chili
tamentfoust,fish
tamiang,clay
tamluk,fish
tammisha,medicaments
tamna,horses
tamoio,lumber
tampacal,medicaments
tampo,legumes
tampruns,lumber
tampu_machay,copper
tamrah,camels
tamsabulag,horses
tamsweg,tin
tamtoc,fiber_crops
tamu,elephants
tamura,lumber
tamworth,livestock
tana,fish
tanabi,lumber
tanacross,fur
tanah_putih,lumber
tanahun,wool
tanakteuk,lumber
tanalelti,stone
tanalyk,wool
tanana,fur
tancarville,fish
tanchang,lumber
tanchaycha,chili
tancheng,legumes
tancitaro,lumber
tanda,millet
tandang_sari,clay
tandil,salt
tandur,fiber_crops
tanga,fiber_crops
tangamanga,livestock
tangasootack,lumber
tangcheng,legumes
tangdan,lumber
tangga,fish
tanghe,livestock
tangier,dyes
tangipahoa,wild_game
tangir,wool
tangkhay,lumber
tangkya,livestock
tangxian,silver
tangxing,rice
tangyi,legumes
tangyin,livestock
tanhacu,gems
tanico,legumes
tanimuu,fruit
tanjay,rice
tanjin,fur
tanjung_balai,fish
tanjung_palas,cloves
tanjungpinang,fish
tanjungpura,millet
tanjungpuri,coal
tank,wool
tankular,cotton
tankwa,livestock
tanna,lumber
tanomah,fiber_crops
tansen,wild_game
tansyk,medicaments
tantan,fish
tantaricuy,potato
tanumah,camels
tanwakanwakaghe,lumber
taokas,fish
taolambiby,sugar
taoondewake,fish
taoudenni,salt
taourirt,iron
taovaya,lumber
taowen,fur
taoyuan,clay
taoyuan_huaian,legumes
tapaje,goods_gold
tapajo,lumber
tapaktuan,fish
tapalquen,wool
tapani,fur
tapeba,fish
tapes,wild_game
tapiete,fruit
tapirape,lumber
taplejung,wool
tapo,silver
taposa,cotton
tappahanna,tobacco
tappan,marble
tapqaq,wild_game
tapu_tuitn,lumber
tapuia,wild_game
tapuios,fish
tapuitapera,fish
tapuy,fish
taquara,legumes
taquarucu,legumes
tara,fur
taragui,legumes
tarakan,beeswax
tarakanda,ivory
taramakau,sand
taranagar,livestock
tarankol,horses
taranto,wine
tarapaca,chili
tararua,clay
tarascon,silk
tarasp,fish
tarawa_atoll,lumber
tarazona,olives
tarbeevka,livestock
tarbes,lead
tarczyn,millet
targabatay,wool
targim,clay
targoviste,fruit
targoviste_BUL,clay
targu_bengai,livestock
targu_jiu,iron
targu_lapusnei,fruit
targu_mures,horses
targu_neamt,wild_game
targu_trotus,salt
targul_saratii,lumber
tarhasi,lumber
tarhuna,wool
tariaca,fruit
tarifa,fish
tarija,fiber_crops
tarim,incense
tarinkot,iron
tarki,livestock
tarmatambo,lead
tarna,lumber
tarnogsky_gorodok,wheat
tarnovo,dyes
tarnow,salt
tarntanya,wild_game
tarom,camels
taroudant,cotton
tarragona,wine
tarrana,fruit
tarrega,wheat
tarsus,silk
tartas,clay
tartu,millet
tartus,fiber_crops
tarung,livestock
tarusa,wild_game
tarvagatai,fish
tas_kichu,wheat
tas_yuryakh,wild_game
tases,cotton
taseyevo,wild_game
tashigang,livestock
taskala,livestock
taskayevo,fur
taskopru,livestock
tastil,gems
tasty,livestock
tasuktul,horses
tata,livestock
tata_MOR,fruit
tatahuitalpan,fruit
tatal,goods_gold
tatama,beeswax
tatamagouche,fish
tataouine,livestock
tatarskaya_tesyu,fur
tatartup,wool
tatau,fish
tatev,stone
tathlith,goods_gold
tatinnai,lumber
tatrang,millet
tatsan,wild_game
tatsinskaya,livestock
tattaguine,livestock
tatvan,livestock
tatyshly,lumber
taubate,fruit
tauberbischofsheim,legumes
taubonto,legumes
tauihu,stone
tauisk,fish
taunat,lumber
taung,gems
taunga_tauranga_atoll,fish
taungataki_atoll,salt
taungdwingyi,legumes
taunggyi,legumes
taungoo,legumes
taungup,lumber
taungurung,fruit
taunton,fruit
tauraba,fish
taurage,medicaments
tauramena,maize
tauranga,fish
tavan,livestock
tavan_tolgoi,livestock
tavaputs,lumber
tavas,saffron
tavashay,medicaments
tavastehus,millet
tavayveem,wild_game
tavdinsky_sloboda,wild_game
taveewach,lumber
taveuni,fruit
tavira,tin
taviwac,lumber
tavoy,lumber
tavrenga,lumber
tavsanli,horses
tawahka,fiber_crops
tawakoni,fiber_crops
tawalimni,wild_game
tawande,clay
tawang,wild_game
tawatinaw,lumber
tawau,lumber
tawehash,lumber
taweisha,wild_game
tawokser,fish
tawurgha,fruit
taximaroa,chili
tayabas,pearls
tayaccasa,clay
tayan,lumber
taybah,cotton
tayga,wild_game
tayma,alum
taymylyr,fish
tayoltita,beeswax
taytay,lumber
tayxlama,wild_game
taza,stone
tazewell,lumber
tazin,lumber
tazirbu,wool
taznakht,livestock
tazroute,legumes
tazzarine,copper
tbilisi,wheat
tbilisskaya,wool
tboli,lumber
tboung_khmum,rice
tcha_shka_ozhaye,wild_game
tchafolonguta,fiber_crops
tchakashapug,fur
tchan_sansan,clay
tchankasndata,legumes
tchesha,lumber
tchikunga,lumber
tchitogama,lumber
tchokana,wild_game
tchoukafala,tobacco
tconsiep,saltpeter
tczew,wheat
te_tai_aorere,lumber
te_tairawhiti,fruit
teayotlan,cotton
tebang,livestock
tebessa,wheat
tebourba,olives
tecalco,livestock
tecamachalco,copper
techamutete,wild_game
techiman,legumes
tecka,wool
tecklenburg,fiber_crops
tecoanapa,dyes
tecohtzincalpan,lumber
tecozautla,legumes
tecpan,pearls
tecuci,fruit
tede,cotton
tedei,fiber_crops
tedelles,clay
tedim,lumber
tednest,fruit
tedote,fish
teel,horses
teem,fiber_crops
teewinot,lumber
tefelfelt,wheat
tefeyak,lumber
tegal,rice
tegeget,millet
tegelspit,wild_game
tegen,fur
tegina,rice
tegninateo,stone
teguise,dyes
tegyulte,wild_game
tehcha,millet
tehotihuacan,fish
tehri,cotton
tehua,lead
tehuacan,fiber_crops
tehuantepec,chili
teiehonwahkhkwatha,fiber_crops
teionontatatie,lumber
tejend,wheat
tekabket,fur
tekahionhake,maize
tekeli,fur
tekman,lumber
tekouch,olives
tekro,salt
telantunich,beeswax
telavi,wine
tele_nugar,iron
telemba,wild_game
telen,lumber
telha,goods_gold
teliagarhi,cotton
teligol,fish
tellico,maize
telmen,wool
teloloapan,lumber
teltow,wool
teluk_melano,fish
temagami,lumber
temascaltepec,stone
temasek,incense
tembesha,marble
tembesi,alum
tembue,ivory
temir,wild_game
temir_baba,fish
temirkhan_shura,clay
temirlik,wild_game
temiscamie,lumber
temiscamingue,lumber
temiscouata,wild_game
temnikov,beeswax
tempiopausania,wool
templin,wild_game
temsamane,livestock
tenamaxtlan,gems
tenamitl,amber
tenasserim,lumber
tenawa,wild_game
tencoa,silver
tende,ivory
tendukheda,iron
tendziogala,livestock
tenenkou,rice
tenes,lead
tengapani,rice
tengchen,livestock
tengchong,alum
tengdong,livestock
tenggarong,lumber
tenggulang,horses
tengiz,clay
tengrela,wild_game
tengxian,fiber_crops
teniky,cotton
tenkasi,fruit
tenkeli,wild_game
tenki,fur
tenkodogo,horses
tenochtitlan,maize
tensas,maize
tenteksor,wheat
tenut,fur
teocak,iron
teotenanco,beeswax
teotitlan,livestock
teozacualco,dyes
tepactitlan,chili
tepecan,lumber
tepecoacuilco,maize
tepehuan,gems
tepeticpac,maize
tepexi,dyes
tepeyacac,gems
tepeyahualco,beeswax
tepla,silver
teply_klyuch,fur
teplyk,fur
tepotahal,fish
teqali,iron
tequemapo,lumber
tequesta,fish
tera,livestock
teramo,olives
terbi,fruit
terbuny,millet
terbyas,wild_game
tercan,wool
tere,cotton
terebovlia,legumes
terek,horses
terekli_mekteb,livestock
terekti,clay
terena,wild_game
tereshka,livestock
tereshkovichy,fiber_crops
terme,fish
termez,wheat
termini,wheat
ternate,cloves
ternivka,livestock
ternopil,wheat
terracina,sand
terralba,wheat
terranova_pausania,livestock
terranovasic,cotton
terrassa,clay
terrest,mercury
teruel,wheat
tervenichi,legumes
tes,legumes
tescuntee,maize
tesechoacan,maize
tesenei,millet
teshevka,wool
teshio,fish
tesin,stone
tesinigh,copper
teslin_trail,wild_game
teso,livestock
tesov,fur
tessala,olives
tessawa,wild_game
tessit,livestock
tessuialluk,fur
tetamekanch,maize
tete,clay
tetela,stone
tetela_boa,medicaments
tetellan,chili
tetepisca,wild_game
tethul,wild_game
tetioneshohon,tobacco
tetlin,fur
tetouan,sugar
tetovo,fur
tetrino,fish
tetyushi,livestock
tetzapotitlan,lumber
tetzcoco,legumes
teulinchan,wild_game
teutila,lumber
tevsh_uul,salt
tewaukon,fruit
teweh,lumber
tewo,livestock
texiguat,silver
texistepec,maize
teya,wild_game
teyas,wild_game
teypana,cotton
teyuna,silver
tezerghe,copper
teziutlan,wild_game
tezoatega,fruit
tezpur,elephants
tha_anne,fish
tha_tong,lumber
thaba_bosiu,beeswax
thaba_nchu,wild_game
thada,lumber
thadij,fruit
thadiq,fruit
thagaste,livestock
thagia,fruit
thahnawate,medicaments
thai_binh,rice
thai_nguyen,tea
thakhek,saltpeter
thal_daman,livestock
thala,marble
thalang,tin
thalanyji,wild_game
thalassery,sand
thalisain,livestock
thalner,cotton
thammarat,fish
than_u_ge,maize
thandaunggyi,fruit
thandwe,lumber
thanesar,medicaments
thang_long,rice
thanh_hoa,fish
thanjavur,legumes
thanlyin,fish
thantlang,stone
thaolintoa,fur
tharawal,copper
tharrawaddy,incense
tharrgari,wild_game
thasos,marble
that_nguyen,lumber
that_phanom,legumes
thaton,sand
thatta,rice
thaua,fish
thaungdut,beeswax
thawe,sugar
thayet,rice
thayetchaung,pearls
the_hague,dyes
theakeiki,fur
thebes,silk
thembelihle,wild_game
thembu,beeswax
theodoro,wine
thessaloniki,medicaments
thetford,wool
thien_quan,sugar
thien_truong,fish
thiers,lead
thiesi,wool
thiladhunmathi_atoll,fish
thilane_hot_ine,lumber
thilogne,millet
thimpu,livestock
thingvellir,wool
thionville,lumber
thiruvananthapuram,pepper
thisted,wheat
thiviers,beeswax
thlewiaza,fur
tho,salt
tho_hoang,lumber
thoa,lumber
thoire,livestock
thondi,livestock
thoothukudi,livestock
thouars,wool
thoubal,lumber
thoulakhom,lumber
thrissur,beeswax
thu_vat,millet
thuan_binh,fish
thuan_chau,legumes
thubun,lumber
thula,fruit
thulamela,ivory
thumilki,goods_gold
thun,millet
thung_arra,millet
thung_samrit,livestock
thung_yang,fruit
thurrawal,livestock
thurso,fish
thutade,wild_game
thuy_vi,lumber
tianchang,cotton
tiancheng,livestock
tianping,rice
tiantai,lumber
tianzhou,wild_game
tianzhu,goods_gold
tiaoxian,wheat
tiatiki,wild_game
tibati,lumber
ticamaya,cocoa
tichit,salt
tickanwatic,cotton
ticonderoga,wild_game
tidah,clay
tidee,fur
tidjikja,sand
tidni,wild_game
tidore,cloves
tidsi,sugar
tiebele,millet
tiel,wheat
tieling,silver
tierp,fish
tiete,lumber
tiffech,livestock
tifu,lumber
tighina,wool
tigil,wild_game
tignere,livestock
tignish,lumber
tih_go_tel,wild_game
tijis,olives
tijuco,gems
tikehau_atoll,fruit
tikenliq,sand
tikhvin,lumber
tikigaksuagusik,fur
tikrit,wheat
tiksi,ivory
tila,copper
tilala,cotton
tilcara,wild_game
tilda,cotton
tilichiki,fish
tilijais,wild_game
tillamook,sand
tillantonco,wild_game
tilsit,lumber
tim_samarkand,wheat
timana,iron
timaru,wild_game
timbedra,livestock
timbiqui,chili
timbira,lumber
timbisha,wild_game
timbo,millet
timbu,livestock
timbuktu,livestock
timergara,livestock
timimoun,fruit
timisoara,livestock
timkino,fur
timucua,sand
tinago,millet
tinainu,wild_game
tinapihuaya,maize
tinco,beeswax
tinde,wild_game
tindi,stone
tindirma,rice
tindouf,sand
tineo,lumber
tingkip,wild_game
tinguindin,maize
tingvalla,wild_game
tinjar,lumber
tinmel,wool
tinnaya,wild_game
tinnis,livestock
tinputz,lumber
tintingue,fish
tionaga,fur
tionesta,lumber
tiotoren,tobacco
tiou,lumber
tiout,livestock
tipanuk,wild_game
tipatikka,wild_game
tipinuwak,fur
tippecanoe,fur
tipperary,silver
tipsinah,lumber
tirana,lumber
tirato,fur
tire,mercury
tirekka,livestock
tirgua,cotton
tiri,legumes
tiripetio,livestock
tirkong,legumes
tirschenreuth,fish
tiruccirapalli,incense
tirukoilur,fruit
tirunelveli,rice
tirupati,cotton
tiruppur,fiber_crops
tiruvannamalai,ivory
tis_reka,wild_game
tissamaharama,pepper
tissemsilt,cotton
tissint,legumes
tit,wheat
tit_ary,fur
tit_ebya,wild_game
titaga,lumber
titel,livestock
titimani,sand
titsimin,salt
tittabawassee,fur
tiva,wild_game
tivaouane,millet
tiveden,lumber
tivoli,marble
tiwal,livestock
tiwanaku,clay
tiwi,fish
tixchel,fiber_crops
tixi,wild_game
tixmul,cocoa
tixtla,cotton
tiyuh_tuha,millet
tizatlan,livestock
tizgane,beeswax
tiznit,fruit
tizounine,lead
tizu,wild_game
tjake,legumes
tjimba,ivory
tjungundji,legumes
tjust,fish
tk_emlups,lumber
tkaronto,legumes
tl_azt_en,mercury
tl_esqox,iron
tl_etinqox_t_in,wild_game
tlacalahuastla,salt
tlachco,silver
tlachquiauhco,chili
tlacolula,lumber
tlacopan,chili
tlacotlalpan,fish
tlacuitlapan,stone
tlalpan,beeswax
tlalpujahua,dyes
tlamazolan,maize
tlapacoya,fruit
tlapacoyan,cocoa
tlapan,gems
tlatlasikwala,fish
tlatlauquitepec,maize
tlaxomulco,maize
tlayolan,maize
tlazazalca,beeswax
tlazcozauhtitlan,stone
tlemcen,beeswax
tlokyhan,fish
tmimi,fruit
tmogvi,legumes
to_aheedliinii,medicaments
toa,cotton
toamasina,lumber
toara,goods_gold
toaripi,sand
toau_atoll,fruit
tobog,goods_gold
tobolsk,fur
tobruk,fish
tocaima,maize
tocantis,fiber_crops
tocaste,lumber
tochpan,livestock
tochtepec,cocoa
tocopilla,salt
todgha,goods_gold
todi,clay
toedokado,mercury
toek_khmau,fish
tofte,wild_game
toggenburg,wool
togiaq,ivory
tohickon,fruit
toho,tobacco
tohome,medicaments
tohono_oodham,cotton
tojo,stone
tok,fur
tokachi,fur
tokat,clay
tokchen,salt
tokhomo,wild_game
toki,clay
tokichan,wild_game
tokkuzak,cotton
tokkuztara,legumes
tokma,lumber
tokmak,fiber_crops
tokoro,fish
tokoto,stone
tokrau,livestock
toksovo,fur
toksun,wheat
tokuma,lumber
tokunoshima,clay
toledo,iron
tolekskoe,livestock
tolga,fruit
toli,livestock
toli_toli,lumber
toliara,clay
toling,wool
tollan,gems
tollantzinco,gems
tollin,fur
tollohcan,maize
tolmezzo,copper
tolmin,mercury
tolna,wine
tolomako,stone
tolombon,maize
tolosa,fish
tolz,wild_game
tom,lumber
tomakivka,livestock
tomamae,fish
tomar,fiber_crops
tomarza,lumber
tomata,iron
tomatlan,salt
tombigbee,lumber
tombigby,wild_game
tome,rice
tomelloso,wine
tomina,lumber
tomini,lumber
tommeginne,lumber
tommot,goods_gold
tompo,fur
tomsk,lumber
tomtor,lumber
tonala,maize
tonala_chiapas,cotton
tonala_coatzacoalco,cocoa
tonameca,dyes
tonami,saltpeter
tonbridge,wool
tonder,sand
tondibi,livestock
tondikandia,livestock
tondo,rice
tondzaosha,wild_game
tone,lumber
tonekabon,sugar
tong_talun,pearls
tongan,salt
tongan_lijiang,silk
tongareva,lumber
tongatapu,lumber
tongbai,goods_gold
tongcheng_anqing,livestock
tongcheng_wuchang,tea
tongcheon,rice
tongchuan_dazhou,livestock
tongdao,wild_game
tongdao_rongzhou,lumber
tongdi,livestock
tonggu,fur
tonggu_liping,sand
tongguan_tongchuan,livestock
tongguan_yuanjiang,wild_game
tonghai,wild_game
tongjiang,legumes
tongle,lumber
tongliang,rice
tongliao,wheat
tongling,copper
tonglu,rice
tongren,mercury
tongshan,legumes
tongue,clay
tongulakh,goods_gold
tonguo,lumber
tongwancheng,wild_game
tongwe,iron
tongwe_ambwela,lumber
tongwei,livestock
tongxu,wheat
tongzhou,wheat
toniato,fiber_crops
tonkawa,lumber
tonle_kong,lumber
tonnerre,beeswax
tonsberg,stone
tonshayevo,wild_game
tooele,wild_game
toogee,lumber
toolginburra,fish
toolse,millet
toompahnahwach,salt
tootinaowaziibeeng,fur
topia,fiber_crops
topolinoe,fur
toponisw,maize
topos,fish
toquegua,copper
tora,maize
tora_nju,goods_gold
toraja,lumber
torbat_e_jam,silk
tordesillas,wheat
torgau,millet
torgo,lumber
torhovytsia,legumes
tormosin,millet
tornea,fish
toro,wine
torom,sand
torope,iron
toropets,wild_game
torralba,livestock
torres_novas,lumber
torres_vedras,stone
torshavn,fish
torshofn,fish
tortoli,lumber
tortona,dyes
tortosa,rice
tortuga,fish
tortum,lumber
torun,wool
torzhok,beeswax
torzym,millet
tosa,rice
tosan,incense
toshima,fiber_crops
toshima_kanto,rice
tosora,legumes
tosse,sand
tost_uul,livestock
tosya,wild_game
toszek,livestock
totma,salt
totobiegosode,fruit
totokwan,wild_game
totolapan,livestock
touba,medicaments
toubui,legumes
touggourt,camels
toul,millet
toulnustouc,lumber
toulon,salt
toulouse,dyes
toumodi,livestock
tounouga,fiber_crops
tour_auvergne,livestock
tournai,stone
tournon,sand
tourougoumbe,livestock
tours,wine
tovisq_ol,wild_game
tovusidokado,wild_game
towa_panka,legumes
towarnehiooks,lumber
towing,millet
towosaghy,clay
toyal,legumes
toyoda,tea
toyon_ary,fur
toyota,medicaments
toyoura,fish
tozeur,salt
tozlan,fish
tpig,wool
tracadie,fish
tradun,wool
tragor,wheat
traianopolis,fiber_crops
trakai,wild_game
trakamma,salt
tralee,fish
trancoso,wine
trang,wild_game
trang_an,salt
trangan,pearls
trapani,marble
trapessac,olives
trasigang,livestock
tratalias,tin
traunstein,medicaments
trebinje,wine
trebizond,silk
trebon,fish
treguier,horses
tremembe,fish
trencin,dyes
trengganu,fish
trenquelauquen,legumes
trento,marble
tres_pontas,lumber
tresivio,wheat
treuenbrietzen,legumes
treviglio,livestock
treviso,wheat
trevoux,livestock
trgoviste_SER,iron
trier,wine
trieste,horses
trigu,clay
trikala,wine
trim,wheat
trincomalee,pepper
tripoli,wheat
tripoli_syria,fish
tripolitsa,silk
trivento,horses
trnava,wine
trogstad,lumber
troitsk,lumber
troitsko_pechorsk,lumber
troitskoye_kuroedovo,wool
troitskoye_na_shchigrakh,wheat
trollaborg,fur
tromge,wild_game
troms,fish
trondenes,fish
trongsa,lumber
tronka_chua,lumber
tropu,livestock
troshovo,fur
trotsang,livestock
trowbridge,wild_game
trowulan,clay
troyes,dyes
trubchevsk,legumes
trufany,clay
trujillo,horses
truka,wild_game
truku,gems
truro,copper
trusan,livestock
tryavna,wheat
trysil,lumber
trzebnica,iron
trzemeszno,wool
ts_il_kaz_koh,fur
tsa_tinne,fur
tsachila,fruit
tsagaan,iron
tsagaan_agui,livestock
tsagaan_usun,mercury
tsageri,wine
tsagvli,legumes
tsaidam,wild_game
tsaiduka,sand
tsakhalkho,salt
tsala_ihmec,lumber
tsalagi,lumber
tsalenjikha,fruit
tsana,sand
tsangdram,livestock
tsaparang,wheat
tsarahafatra,beeswax
tsaratanana,lumber
tsaribrod,clay
tsaryovo_gorodishche,wild_game
tsau,fish
tsaukambo,lumber
tsay_iona,fur
tse_binestie,wild_game
tse_bitai,wild_game
tse_khene,fish
tsedzong,livestock
tseichi,wild_game
tsekani,lumber
tsel_tatli_dsha,wild_game
tselgaii,wild_game
tsentral,wild_game
tsepina,fiber_crops
tses_kiya_trail,wild_game
tses_tsembai,wild_game
tsesh_ke_shende,wild_game
tsesi,lead
tsetserleg,livestock
tsezhin_deezahi,goods_gold
tsherlung,goods_gold
tshwa,salt
tsi_del_del,fur
tsiietsenhtha,lumber
tsiigehtchik,wild_game
tsikahiotsisto,fruit
tsikip,cotton
tsila,wild_game
tsilalanarivo,wild_game
tsimanandrafozana,rice
tsimanes,fiber_crops
tsindi,millet
tsipanda,fur
tsiripa,lumber
tsitsiadi,wild_game
tsiveri,rice
tsivilsk,fur
tsiya,gems
tsnungwe,lumber
tso_gon,livestock
tsogt,livestock
tsogwiyuyugi,wild_game
tsoka_ne_nde,wild_game
tsokh,stone
tsonentsiio,saltpeter
tsontaroy_kala,wild_game
tsora,wild_game
tsorub,wild_game
tsou,wild_game
tsoyaha,lumber
tsudaka,legumes
tsuga,copper
tsukama,legumes
tsukuba,rice
tsuno,fish
tsunthang,lumber
tsurphu,iron
tsuru,silk
tsuruga,fish
tsybuliv,horses
tu_dotlizh_ndee,legumes
tu_e_dine_de,sand
tu_nedhe,fur
tu_sis_nde,fiber_crops
tuam,clay
tuapse,livestock
tuasi,fiber_crops
tuba,lumber
tuban_java,rice
tubarao,lumber
tubatulabam,wild_game
tubiba,wild_game
tubicha_mini,maize
tubigarao,rice
tubingen,wheat
tucanca,cotton
tuchitua,wild_game
tucho,lumber
tuchola,wild_game
tuckabutche,maize
tuckahoe,iron
tucssa,chili
tucumcari,wild_game
tucupita,pearls
tudela,wine
tudeshk,livestock
tuf_shur_tia,maize
tufarqan,wheat
tugacho,wild_game
tugaloo,lumber
tugaske,wild_game
tugulym,lumber
tugumlepen,cotton
tugur,fish
tuin,livestock
tujun,livestock
tukri_apu_apu,marble
tukspush,lumber
tuktoyukiuq,fish
tukudika,lumber
tukulan,wild_game
tukums,fur
tukuran,rice
tukuringra,fur
tul_kichan,wild_game
tula,medicaments
tula_ark,fiber_crops
tula_russia,beeswax
tulak,tin
tulamba,lumber
tulazi,fish
tulcea,fish
tulguur,wild_game
tuliemao,wild_game
tulita,wild_game
tullahoma,wild_game
tullamore,wild_game
tulle,sand
tulln,wheat
tulnici,clay
tulor,salt
tulsa,maize
tulshun,wool
tulsipur,elephants
tulu_nama_dun,millet
tulu_walal,millet
tulua,copper
tulumni,wild_game
tulungagung,marble
tuma,lumber
tumaco,sand
tumanskaya,ivory
tumat,wild_game
tumatumari,goods_gold
tumba,lumber
tumba_ikoko,livestock
tumbalala,beeswax
tumbes,fish
tumbuka,fish
tumeremo,goods_gold
tumkur,clay
tummana,iron
tump,livestock
tumpisa,wild_game
tumshukaiko,livestock
tumul,wild_game
tumzhdin,wild_game
tun,saffron
tunanir,cotton
tunanmarca,livestock
tungi,fish
tungkal,fruit
tunguska_trail1,wild_game
tunguska_trail2,wild_game
tunguska_trail3,wild_game
tunguska_trail4,wild_game
tunguska_trail5,wild_game
tunguska_trail6,wild_game
tuni,fish
tunica,maize
tunis,dyes
tunkuo,copper
tunliu,pepper
tununaq,ivory
tunupegosode,fruit
tunxi,silk
tuobuya,wild_game
tuol_ta_mouk,lumber
tuolba,fish
tuolomne,fur
tuorbchany,fur
tuoydakh,fur
tupancireta,wild_game
tupialuviniq,fur
tupik,wild_game
tupinamba,fish
tupinambarana,medicaments
tupiniquim,fish
tupirama,wild_game
tupirvialuit,fish
tupiza,livestock
tupran,millet
tupuchikan,fur
tupulicus,lumber
tura,fiber_crops
turah,silver
turama,wild_game
turas,medicaments
turaythith,fruit
turbah,fruit
turbat,wool
turciansky_svaty_martin,iron
turda,salt
turek,millet
turenne,lumber
turets,livestock
turgay,livestock
turgut,wool
turiisk,fiber_crops
turili,fish
turin,wheat
turinsk,lumber
turka,livestock
turkestan,livestock
turki,livestock
turkmenevo,wheat
turna,copper
turnhout,wool
turnov,gems
turnu_magurele,dyes
turov,wool
turpan,fruit
turrbal,fish
turtas,lumber
turu,fur
turuepano,fruit
turukhansk,lumber
turunku,lumber
turuum,livestock
turyinskiye_rudniki,fur
tus,cotton
tuscarawas,fur
tussahaw,maize
tuszyn,wool
tutak,stone
tutelo,wild_game
tutilcoya,cotton
tutilpinco,legumes
tutonchany,fur
tutong,fish
tutotepec,lumber
tutova,wheat
tutrakan,lumber
tutuala,fruit
tutuila,fish
tututepec,fruit
tututni,fish
tuubaa,horses
tuul,livestock
tuvicha_mini,fish
tuxa,wild_game
tuxpan,cocoa
tuy,stone
tuyandina,fish
tuyen_hoa,millet
tuyen_quang,silk
tuyetah,fur
tuyuk,clay
tuz_khurma,wool
tuzantla,medicaments
tuzapan,silver
tuzara,livestock
tuzdysor,horses
tver,wheat
twana,lumber
twante,rice
tyagacho,fur
tyaia,wild_game
tyanya,goods_gold
tyatseryn,clay
tybee,clay
tyerrernotepanner,fish
tygde,lumber
tykhomel,legumes
tykocin,clay
tynda,fur
tynset,lumber
tyokhtyur,wild_game
tyonek,fish
tyrma,lumber
tyrnavos,olives
tysmenytsia,wool
tyukalinsk,wild_game
tyukhtet,lumber
tyul_gyar,fur
tyulene,ivory
tywhapita,fruit
tza_wan_pupako,legumes
tzaneen,salt
tzapotzingo,maize
tzintzuntzan,dyes
tzitacuaro,gems
tziuhcoac,lumber
tzoite,chili
tzunun_kaab,gems
tzunuun,beeswax
uanaman,lumber
uashat,fur
uashekanau,fur
uataaq,coal
uatuma,lumber
uaua,wild_game
ubangi,ivory
ubari,livestock
ubeda,wheat
uberaba,wild_game
uberlingen,fish
ubiqua,livestock
ubuntu,wild_game
ucaln,clay
uch,wheat
uch_barchik,goods_gold
uchami,fur
uchangidurga,millet
uchee,legumes
uchele,wild_game
uchkuduk,livestock
ucles,livestock
ucluelet,fiber_crops
uco,gems
ucuna,fish
uda_mutsu,fish
udabhanda,livestock
udachny,wild_game
udakh,fruit
udamik,wild_game
udamphur,stone
udasar,wild_game
udayagiri,lumber
udayagiri_kotagad,livestock
uddevalla,sand
ude_baikal,lumber
udgir,cotton
udine,wheat
udomlya,fur
udon_thani,livestock
udskoye,wild_game
udupi,rice
udya,wild_game
uechamitogosode,lumber
ueckermunde,fish
uel_tympychan,lumber
uele,wild_game
uele_ca,wild_game
uelzen,millet
uemba,lumber
ufa,fur
uffenheim,lumber
uftyuga,wild_game
ugashik,fish
ugbo,legumes
ugbodu,livestock
ughoton,lumber
uglich,legumes
ugolney,goods_gold
ugolnye,ivory
ugoyan,lumber
ugrovesk,iron
uguumur,horses
uhtuo,fish
uhun,fur
uian,sand
uiju,rice
uil,livestock
uinkaret,maize
uintah,lumber
uiseong,rice
uist,fish
uivvak,ivory
uivvatok,lumber
ujae_atoll,fish
ujan,copper
ujargarh,lumber
ujiji,millet
ujjain,dyes
ujvyn,fur
uka_town,fish
ukarangma,lumber
ukasikalik,wild_game
ukbara,fruit
ukek,livestock
ukena,legumes
ukhaa_khudag,coal
ukhahlamba,iron
ukhta,wild_game
ukomno_om,fruit
uktus,goods_gold
ukulan,silver
ukunzu,medicaments
ukutal,goods_gold
ukyulyakh,wild_game
ul_kan,wild_game
ul_ya,ivory
ulaagchiin,wool
ulaamgom,millet
ulaan,wool
ulaanbadrakh,livestock
ulakh,fur
ulakhan_an,wild_game
ulakhan_kyuyol,fish
ulakhan_vava,lumber
ulan_hua,horses
ulan_us,wheat
ulanchab,wool
ulapes,wild_game
uldurga,lumber
uleaborg,lumber
ulegir,wild_game
ulenkhe,fish
ulgain,livestock
uliastai,millet
ulibahali,iron
ulithi_atoll,fish
uljin,iron
ulju,iron
ulkatchot_en,fur
ulkayak,wild_game
ulla,wild_game
ullantaytampu,chili
ullapool,fish
ullensvang,fruit
ullum,cotton
ulm,fiber_crops
ulma,lumber
ulnia,lumber
ulu_sysy,wild_game
uluborlu,clay
ulug,stone
ulukulevo,wild_game
ulungur,legumes
ulus,fur
uluu,lumber
ulwas,clay
ulytau,silver
ulziit,wild_game
uman,livestock
umanske,wool
umarkot,livestock
umatilla,fruit
umba,fur
umbagog,lumber
umballa,wild_game
umbindhamu,lumber
umboi,fruit
umbra,maize
umbu,wild_game
umea,wild_game
umgungundlovu,livestock
umhlanga,fruit
umida,lumber
umluj,fish
umm_ad_dawm,livestock
umm_al_ghiran,fruit
umm_al_qulban,fruit
ummatur,lumber
umncumuba,wild_game
umngazi,fruit
umpila,millet
umpqua,stone
umsobomvu,livestock
umuarama,fiber_crops
una_una,fish
unaaha,beeswax
unaizah,salt
unalakleet,fish
unazigmit,ivory
uncompaghre,lumber
unda,fish
undrugonda,fiber_crops
undurkhaan,tin
unezhma,fur
ung,fur
ungaliq,wild_game
unggami,lumber
unggarangi,lumber
ungheni,lumber
ungwana,fish
uni,fur
unica,fur
uniejow,wool
unimax,fish
uninka,lumber
unjegah,wild_game
unju,silk
unkagarit,lumber
unkpatina,wild_game
unnao,elephants
unquachog,fish
untari,fruit
unye,lumber
unzha,wild_game
uolba,lumber
uolbut,lumber
uolya_trail,wild_game
uorga,wild_game
upaon_acu,fish
upar,chili
upardang,livestock
upia,maize
upolu,lumber
upper_angara,fish
upper_gazimur,lumber
upper_nioman,lumber
upper_ob,fish
upper_pinda,fish
upper_sinu,medicaments
upper_ulz,livestock
upper_yukon,fur
uppinangady,elephants
uppsala,wheat
uppvidinge,beeswax
upsukdaskooch,lumber
upuahpukau,wild_game
upyte,fur
uqturpan,iron
uqueten,clay
ura_tyube,beeswax
urach,wine
uracu,stone
urad,wool
urakawa,fish
ural_nema,fur
urambo,iron
uraqai,millet
urasalakh,fur
urasoe,salt
urayrah,fruit
urbino,beeswax
urda,wild_game
uren,wild_game
ures,maize
urewera,lumber
urfa,silk
urga,millet
urgal,wild_game
urgench,fruit
urghtbulaq,livestock
urgun,tin
urgup,clay
uri,livestock
uri_ae_ona,fish
uriparacoxi,lumber
uriutina,lumber
urka,wild_game
urkan,lumber
urla,wine
urmi,wild_game
urmia,rice
urodan,goods_gold
uromi,millet
urov,wild_game
urquhart,millet
urtsun,wool
uru,livestock
uru_eu_wau_wau,tin
uru_pa_in,fiber_crops
urua,lumber
uruaitis,lumber
uruapan,lumber
urubici,fiber_crops
urubu,beeswax
urucu,lumber
urucurituba,lumber
uruguay,fruit
urumqi,livestock
urupampa,goods_gold
uruppu,fish
uryum,wild_game
uryupin,livestock
uryuu,fur
urzedow,iron
urzhum,wild_game
us_kyuyol,fish
usa,fish
usa_reka,wild_game
usak,clay
usalgin,beeswax
usambara,rice
usangi,gems
uschu,lumber
ushachy,lumber
ushguli,stone
ushkan,wheat
ushkau_nipi,wild_game
ushki,ivory
ushmum_tannah,fruit
ushtagan,livestock
ushytsia,wild_game
usingen,stone
usivka,wool
uskudar,lumber
usman,wheat
usolye,salt
uspallata,copper
uspenskoye,livestock
ussel,fur
ust_barguzin,fish
ust_charky,fur
ust_cheptsa,lumber
ust_chulasa,lumber
ust_ishim,lumber
ust_kabyrza,iron
ust_kalmanka,lumber
ust_katav,lumber
ust_kishert,iron
ust_koksa,iron
ust_kuiga,tin
ust_kulom,fur
ust_kuloy,lumber
ust_kut,wild_game
ust_labinsk,livestock
ust_livny,wheat
ust_maia,fur
ust_medveditskaya,beeswax
ust_mil,goods_gold
ust_nera,wild_game
ust_ozernoye,iron
ust_pinega,lumber
ust_sheksna,lumber
ust_stanovykh_ryas,wool
ust_sysola,lumber
ust_tsilma,wild_game
ust_tsimla,fiber_crops
ust_ugla,lumber
ust_vayenga,lumber
ust_vym,lumber
ust_ynykchan,fur
ust_yudoma,wild_game
usti_nad_labem,fur
ustikolina,lumber
ustra,wool
usty,livestock
ustye,fur
ustyuzhna_zheleznopolskaya,lumber
usu_xinjiang,wool
usui,rice
usulutan,maize
usun,lumber
usvyaty,fruit
utajarvi,lumber
utaya,fur
utbulaq,wool
utena,wild_game
uthan_uthatun,maize
utiangue,wild_game
utina,lumber
utkhupampa,fruit
utlandet,fish
utondwe,rice
utrecht,millet
utsehta,fur
utsingi,lumber
utsjoki,wild_game
utsutigway,iron
uttarkashi,wild_game
utugo_kuri_doge,iron
utumaala,fish
utuva,fiber_crops
uukwambi,wild_game
uur,fur
uutaalnganu,lumber
uvarovo,livestock
uvea_atoll,fruit
uvinza,salt
uvira,lumber
uvwie,livestock
uwa,fish
uwharrie,maize
uxarraci,fiber_crops
uxwitza,marble
uyana,fur
uyandi,wild_game
uyandina_trail,wild_game
uyapari,cocoa
uyo_uyo,livestock
uyskoye,goods_gold
uyun_al_jiwa,fruit
uyuni,salt
uza,goods_gold
uzachile,legumes
uzboy,sand
uzea,cotton
uzemchin,horses
uzes,copper
uzhorod,copper
uzhur,fur
uzice,tin
uzkand,lumber
v_enyn,wild_game
vacacai,legumes
vacaria,wild_game
vadstena,horses
vaga,fur
vagay,lumber
vaghua,lumber
vaihingen,legumes
vaka,lumber
vakhs,wheat
valday,livestock
valderrobres,horses
valdres,lumber
valenca,livestock
valence,wheat
valencia,silk
valencia_de_alcantara,wool
valenciennes,wheat
valenii_de_munte,stone
valjala,clay
valjevo,medicaments
valka,lumber
valkall_an,ivory
valkaran,ivory
valkeasaari,wild_game
valkumey,wild_game
valladolid,wine
vallo,wool
vallsjo,wild_game
valmaseda,wool
valmiera,legumes
valparaiso,lumber
valpei,lumber
valuyki,wheat
valverde,horses
vamar,beeswax
vamizi,fish
van,wool
van_ban,lumber
van_don,alum
van_kiep,beeswax
vanak,wool
vanch,copper
vang_vieng,saltpeter
vangash,wild_game
vangunu,fruit
vanikoro,fish
vankarem,ivory
vannes,tin
vanu_aroaroa,fish
vanua_balavu_atoll,lumber
vanua_lava,lumber
vanua_levu,medicaments
vanyume,sand
varallo,lumber
varamin,cotton
varanasi,wheat
varanger,fish
varazdin,wool
varberg,sand
varda,legumes
vardal,livestock
vardanzi,livestock
varde,fish
vardo,fish
varese,fruit
varna,clay
varnavino,wild_game
varnum,lumber
varsan,medicaments
vartashen,livestock
varto,stone
vartofta,livestock
vartsikhe,lumber
vartsila,fish
varzuga,fur
vashka,fur
vashki,stone
vasilsursk,fur
vasilyeva_sloboda,lumber
vaska,fur
vasknarva,millet
vaslui,livestock
vasteras,lumber
vasto,wheat
vastseliina,beeswax
vasvar,iron
vasylivka,livestock
vasyugan,fur
vat_phou,rice
vatnahverfi,stone
vatomandry,fish
vatra_dornei,lumber
vatyrkan,ivory
vaucouleurs,wild_game
vauvau,fruit
vave,fish
vavozh_mozhga,lumber
vavuniya,clay
vawkavysk,beeswax
vaxjo,lumber
vaymuga,fur
vazhiny,wild_game
vechta,wool
veckelax,millet
vedbo,wild_game
vederlax,stone
veekuhane,stone
veesky,wool
veisiejai,legumes
vekshenga,clay
vel_mo,fur
velbuzd,copper
veles,fiber_crops
velez_malaga,sugar
velez_rubio,fruit
veligosti,wool
veliki_preslav,wine
velikiye_luki,lumber
veliky_beckerek,wheat
veliky_porog,millet
veliky_ustyug,fur
velikyi_bereznyi,lumber
velizh,millet
velletri,olives
vellore,fruit
velsk,wild_game
velyka_lepetykha,wheat
velyka_novosilka,millet
velyka_oleksandrivka,clay
velyki_sorochyntsi,livestock
vembar,pepper
vempalle,clay
vemulawada,rice
venafro,olives
vendome,millet
venetie,wild_game
venice,fish
venlo,wool
ventadour,livestock
ventimiglia,olives
ventspils,salt
ventureno,fiber_crops
venyov,wheat
veoneohe,wild_game
veragua,goods_gold
verba,clay
vercelli,rice
verden,fiber_crops
verdun,lumber
verdun_sur_garonne,saffron
vereya,fur
vergato,wool
veria,cotton
verkh_chebula,wild_game
verkhneimbatsk,iron
verkhneyarkeyevo,wild_game
verkhny_mamon,livestock
verkhnyaya,lumber
verkhnyaya_sinyachikha,fur
verkhnyaya_toyma,lumber
verkhnyaya_zolotitsa,fur
verkhoshizhemye,lumber
verkhotomsk,wild_game
verkhoturye,medicaments
verkhovazhye,lumber
verkhovye,medicaments
verkola,lumber
verona,wine
vershinino,fur
vertus,wine
vertyazin,livestock
verzhavsk,millet
ves_yogonskaya,lumber
vesoul,coal
veszprem,stone
vetlanda,beeswax
vetlitsy,fiber_crops
vetluga,lumber
vetza,wheat
veurne,horses
vezhakary,lumber
vezir,livestock
viacha,livestock
viadineti,millet
viana,wine
viana_bolo,fur
viana_do_castelo,wine
vianden,wild_game
viannos,iron
viborg,wheat
vic,lumber
vic_le_comte,lumber
vic_sur_seille,salt
vicela,medicaments
vicenza,wheat
vichuga,livestock
vichy,medicaments
vico,beeswax
vicosa,fish
vidak,lumber
vidin,wheat
vielha,wool
vieng_phouka,millet
vienna,fiber_crops
vienne,wheat
vientiane,millet
vierzon,clay
viitasaari,lumber
vijaya,rice
vijayanagar,cotton
vijayapur,lumber
vijaygarh,stone
vijes,lumber
vik,millet
vikulovo,lumber
vila_real,fur
vila_vicosa,marble
vilaka,fiber_crops
vilamatsa,fish
vileyka,millet
viljandi,medicaments
vilkaviskis,millet
vilkmerge,fiber_crops
villa_di_chiesa,silver
villablino,coal
villach,lead
villadiego,livestock
villafranca_bierzo,silver
villafranca_del_penedes,wine
village_onega,fish
villaines,legumes
villalba,livestock
villalpando,wheat
villandro,stone
villanueva_de_la_serena,olives
villanueva_del_fresno,livestock
villapalacios,legumes
villarcayo,wheat
villarobledo,wine
villars,fruit
villatoro,horses
villaviciosa,wool
villefranche,copper
villemaur,iron
villemur,wine
villena,olives
villingen,wool
villmanstrand,fish
vilnius,millet
vilshana,horses
viluco,wool
vilyuy,wild_game
vilyuy_trail,wild_game
vilyuychan,lumber
vindeln,wild_game
vingur,fish
vinnitsy,fur
vinnytsia,wool
vinukonda,lead
viransehir,cotton
vire,fiber_crops
virkgarh,cotton
virovitica,stone
virudhunagar,elephants
viry,fur
visakhapatnam,fruit
visby,wool
visegrad,stone
visesav,fish
viseu,lumber
visnupura,beeswax
visokoye,millet
viswema,stone
vitebsk,millet
viterbo,wheat
vithold_hammami,millet
vitim,fur
vitoria,wheat
vitre,fiber_crops
vitry_aux_loges,millet
vitry_en_pertois,wine
vivero,iron
viviers,wine
vize,wheat
vizhas,fur
vizianagaram,cotton
vizinga,fur
viziru,wheat
vizovice,livestock
vladimir,wheat
vlasovo,legumes
vlitsy,horses
vo_nhai,millet
vodable,tin
vodlozero,wild_game
voghera,legumes
vognema,lumber
vohemar,beeswax
vohimasina,rice
vohipeno,saffron
voikar,fish
voitsberg,coal
vokhma,lumber
vokhna,lumber
volchikha,livestock
volgsjo,wild_game
volkermarkt,lead
volkona,wool
volodimerets,legumes
volodymyr,wheat
volodymyrets,legumes
vologda,iron
volok,millet
volosovichy,livestock
volosovskaya,fur
volterra,alum
volubilis,fruit
vonitsa,olives
vonnu,fiber_crops
vopnafjordur,fish
vora,livestock
vordingborg,wheat
vorkuta,wild_game
voronezh,livestock
voronich,wild_game
voronizh_chernihiv,fiber_crops
vorontsovo,wild_game
vorotynsk,fiber_crops
vorotynsk_novosil,clay
voskresenskoye,wild_game
vosporo,fruit
voss,wild_game
vostitsa,fish
votkings,wild_game
vovchansk,wool
vowpa,legumes
voyampolka,fish
vozhega,lumber
voznesenskoye,fur
voznesenye,lumber
vranje,livestock
vratsa,lumber
vrddha_ratnapura,lumber
vrhbosna,copper
vshchizh,wool
vstrechny,wild_game
vu_ninh,rice
vukovar,fur
vukvylgayat,ivory
vukyl,fur
vulvyveyem,fur
vumba_kuu,livestock
vuriloche,clay
vuta_chadihue,wool
vyada,lumber
vyadhapura,millet
vyatka,lumber
vyatskiye_polyany,fur
vyazma,wool
vyborg,livestock
vydreya,fiber_crops
vydritsa,clay
vygozero,lumber
vyshny_volochyok,millet
vyskov,wheat
vysokoye,livestock
vytegra,wild_game
vyya,fur
wa,millet
waahukaahaanu,wild_game
waaninaawangang,wild_game
waanyi,livestock
waawiiyaataanong,salt
wabamun,lumber
wabanaki,wild_game
wabasca,fur
wabaseemong,fur
wabash,fur
wabenasibi,fur
wabezi,medicaments
wabigoon,fur
wabimeig,wild_game
wabinosh,wild_game
wabuk,wild_game
waccamaw,fish
wachigari,livestock
wachilmezi,fish
waco,cotton
wad_madani,livestock
wadadli,fish
wadadokado,iron
wadan,sand
wadh,wool
wadi_el_melik,goods_gold
wadi_el_natrun,wool
wadian,lumber
wadjar,millet
wadjigu,fiber_crops
waerhdje,livestock
waestbo,lumber
wafang,livestock
waga,silver
wagiman,lumber
wagowategok,wild_game
waha_tunga,wild_game
wahachee,fiber_crops
wahasah,wild_game
wahemen,lumber
wahin_wakpa,legumes
wahzhazhe,fur
wai,salt
waidhofen,lumber
waidhofen_an_der_thaya,wild_game
waigeo,pearls
waihopai,wild_game
waika,lumber
wailaki,lumber
wailulu,legumes
wailwan,clay
waima,livestock
waingapo,sand
waingmaw,livestock
waini,fruit
wairagarh,elephants
wairarapa,lumber
wairoa,lumber
waitangi,fish
waitikka,wild_game
waitu_kubuli,fruit
waiwai,fiber_crops
wajarri,lumber
wajuru,wild_game
wak_kabnal,lumber
waka_waka,fruit
wakabunga,livestock
wakaya,wild_game
wake,fish
wakefield,stone
wakelbara,clay
wakgun,livestock
wakhakukdhin,fur
wakimaala,fish
wakmua_oin,maize
wakokai,clay
wakpa_juk_ana,wild_game
wakusimi,lumber
walalde,cotton
walangama,wild_game
walata,salt
walcourt,livestock
walcz,wild_game
waldburg,legumes
waldeba,livestock
walden,saffron
waldsee,millet
waldshut,wool
walichi,fish
wallenpaupack,clay
wallerfangen,wild_game
walloomsac,lumber
wallowa,lumber
walnaypek,lumber
walong,lumber
walpi,wild_game
waluulapam,medicaments
walyalup,fish
wambaya,livestock
wambu,beeswax
wamesa,beeswax
wampar,wild_game
wamsutter,wild_game
wana,stone
wanamara,wild_game
wanan,fish
wanan_wananjun,lumber
wanapitei,fur
wanapum,wild_game
wanar,clay
wanbiri,wild_game
wanbirujurari,fiber_crops
wandjiwalgu,silver
wando,legumes
wandu,fiber_crops
wang_pho,stone
wanga_bazar,wild_game
wangan,gems
wangdue,stone
wanggika,pepper
wangjiang,rice
wangkamana,wild_game
wangkatja,fish
wangmu,livestock
wangping,millet
wangulen,maize
wangung,lumber
wanhufu,lumber
wankani,livestock
wannian,beeswax
wanping,wheat
wanqiu,wheat
wanquan,wheat
wantastiquet,wild_game
wanuco_marka,stone
wanzai,lumber
wanzhou,rice
wanzhou_baoding,livestock
waounde,millet
wapahani,wild_game
wapi,wild_game
wapikisko,legumes
wapikopa,fur
wapinippi,maize
wapisiw_sipihk,fur
wapiskau,fish
wapiskau_sk,wild_game
wapitotem,lumber
wapkawazioju,sand
wapocomo,fur
wappacoma,iron
wappasening,medicaments
wapsipinicon,lumber
wapusk,wild_game
waqrapukara,maize
waqua,tobacco
wara,livestock
wara_kham,wild_game
waradika,lumber
warangal,iron
waranka,lumber
warburg,livestock
wardal,wild_game
wardaman,wild_game
wardandi,fish
waren,livestock
warendorf,wool
wargamaygan,millet
wari,wild_game
wari_peru,livestock
wari_willka,potato
waricoto,copper
warioto,wild_game
warlmanpa,clay
warluwarra,fiber_crops
warnindilyakwa,millet
waropen,legumes
warrada,camels
warri,lumber
warsaw,wheat
warsheikh,livestock
warumungu,sand
warungu,coal
warwa,millet
wasakin,wild_game
wasatch,wild_game
wascana,maize
wase_wakpa,wild_game
wasetihoge,wild_game
washademoak,wild_game
washakie,wild_game
washeo,fur
washita,wild_game
washuk,fruit
wasilei,lumber
wasin_wakpa,wild_game
wasit,cotton
waskada,legumes
waskaganish,fur
waskasoo,wild_game
wasserburg,livestock
wassu,stone
wastina,wild_game
waswanipi,fur
watang,beeswax
watappo,fish
watarai,tea
watatikka,wild_game
watauga,wild_game
waterford,millet
wathaurong,fruit
watistiguam,fur
watlala,lumber
watonwan,fiber_crops
wattogee,lumber
watungasta,wild_game
wau,clay
waumandee,fur
waupecan,fur
waveroo,fish
wawaskesiw_sipiy,wild_game
wawaskesiwisakahikan,fur
wawassan,clay
wawiyastan,lumber
waxhaw,fruit
waxxari,livestock
wayagamac,fur
wayampi,clay
wayanad,pepper
waykuche,tin
waylula,livestock
wayustikw,wild_game
wazakhwa,livestock
waziblo,wild_game
wazihe,maize
wazirabad,saltpeter
wdpesek,wild_game
wecho,lumber
weda,livestock
wedde,sand
weenhayek,maize
weert,millet
wegorzewo,wool
wehe,legumes
wehlau,fur
weichu,livestock
weihai,livestock
weilheim,lumber
weimar,wheat
weimo,wild_game
weinan,cotton
weining,millet
weiqing,cotton
weishi,cotton
weissenburg,livestock
weissenfels,wool
weithali,beeswax
weixian,livestock
weiyuan,tea
weiyuan_jiading,legumes
weiyuan_lintao,livestock
weiz,silver
wej,wheat
wekwayik,lumber
wekwee_ti,wild_game
welamooktook,wild_game
weljuik,fish
wellington,fish
wells,stone
wels,livestock
welzheim,sand
wemba_wemba,millet
wembo,ivory
wemitigoj,fur
wemotaci,fur
wenan,fiber_crops
wenatchi,lumber
wenchang,livestock
wenchuan,rice
wendeng,fish
wengker,lumber
wengshui,lumber
wengyuan,tea
wenje,livestock
wenling,fish
wenquan,livestock
wenshan,lumber
wenshang,goods_gold
wenshui,wheat
wenteche,dyes
wenxi,livestock
wenxian,wheat
wenxian_gongchang,tea
wenxiang,fish
weotowe,saltpeter
wequetong,lumber
werdenberg,wild_game
werinama,livestock
wernigerode,fur
werowocomoco,fish
wertingen,wool
wesel,wool
wesgird,wild_game
weshacum,lumber
weskarini,wild_game
west_aasax,coffee
west_falkland,fish
west_gogo,sand
west_hanos,stone
west_hehe,beeswax
west_kimbu,lumber
west_konongo,lumber
west_lomwe,millet
west_makhuwa,millet
west_ngindo,wild_game
west_ongamo,ivory
west_palawa,fish
west_sabaneneque,beeswax
west_shangana,livestock
west_sundarban,wild_game
west_wembere,gems
west_yao,stone
wet_suwet_en,wild_game
wetar,millet
wetarhoo,wild_game
wetaskiwin,wild_game
wetewatoqsik,fish
wetwin,lumber
wetzlar,iron
wewoka,wild_game
wexford,livestock
weyanock,fruit
weymouth,marble
wha_ti,fur
whadjuk,lumber
whakatane,legumes
whakatu,legumes
whanganui,lumber
whangarei,fruit
whaypaw,fur
whitby,alum
white_horse,goods_gold
whonnock,fish
wiang_fang,livestock
wiang_sa,elephants
wibazoka_wakpa,maize
wiccacon,lumber
wichi,beeswax
wicklow,wheat
wicocomico,lumber
wicomico,fish
wicontiss,tobacco
wied,wool
wielen,wool
wieliczka,salt
wielun,wool
wiener_neustadt,wine
wieruszow,wool
wiesbaden,medicaments
wigal_wollumbul,fiber_crops
wight,wild_game
wigmore,wool
wigwomadenek,fur
wigwomadensis,wild_game
wihlink,coal
wik,wild_game
wikipoq,lumber
wiknatanja,lumber
wila,wild_game
wilinggin,livestock
wilingura,wild_game
willcahuain,cotton
willeuroo,fish
willimantic,lumber
williston,fish
willka_pampa,silver
willka_ulo,livestock
willkawaman,wool
willman,lumber
willmore,coal
wimanja,gems
wimbee,clay
wimihsoorita,coal
winchester,fruit
winda_winda,fish
windakan,wild_game
windenburg,wild_game
windsor,wild_game
winimuc,lumber
winisk,lumber
winklern,copper
winnange,lumber
winneba,saffron
winnee,medicaments
winnemucca,wild_game
winneway,fur
winnibigoshish,fur
winnipeg,fur
winnipegosis,lumber
winokapau,fur
winooski,stone
winsen,legumes
winsen_aller,sand
wintu,lumber
winyah,lumber
wipetikil,fish
wipi,legumes
wipukba,wild_game
wiradjuri,legumes
wirameju,wild_game
wirangu,fiber_crops
wirrai_durhai,millet
wishkahuunu,fiber_crops
wishram,lumber
wiskapella,wild_game
wislica,fiber_crops
wismar,legumes
wissakode,lumber
wit_anowi_yohe,wild_game
witagron,beeswax
witset,fur
wittenberg,livestock
wittenberge,wool
wittlich,lumber
wittstock,wool
witym,lumber
wiyashakimi,wild_game
wizi,stone
wizna,horses
wiznay,lumber
wli_qospem,medicaments
wloclawek,sand
wlodawa,fruit
woccon,tobacco
wogamusin,lumber
woi_wurrung,millet
wokam,pearls
woking,horses
wolastoq,lumber
woleai_atoll,fish
wolfenbuttel,livestock
wolfsberg,livestock
wolgast,salt
wolhusen,fruit
wolinak,fish
wolmirstedt,livestock
wolow,horses
wolvega,livestock
wonju,rice
wonnarua,lumber
woolna,wild_game
woonsocket,fiber_crops
woppaburra,livestock
worabe,copper
worcester,salt
worimi,gems
worla,legumes
worms,wine
worora,wild_game
wotapio,wild_game
wotje_atoll,fruit
wotjobaluk,fruit
wrigley,wild_game
wroclaw,wheat
wschowa,fruit
wuan,wheat
wucao,legumes
wuchang,rice
wuchuan,livestock
wuchuan_huazhou,fish
wuchuan_sinan,lumber
wudang,fish
wudi,fruit
wudjari,millet
wufeng,lumber
wugang,livestock
wuhe,beeswax
wuhu,rice
wujal_wujal,lumber
wuji,wheat
wujiang,sugar
wujiang_bozhou,livestock
wujiang_yingtian,fish
wujin,rice
wujing,copper
wukari,lumber
wulensi,livestock
wulgurukaba,fiber_crops
wulian,livestock
wuliehe,fur
wuling,rice
wull_wull,coal
wulong,rice
wuluo,lumber
wumeng,livestock
wunambui,wild_game
wuning,livestock
wunnumin,fur
wunsiedel,marble
wuntho,goods_gold
wuping,tea
wuping_daning,livestock
wuqiao,wheat
wuqing,clay
wuro_yolde,livestock
wurzburg,wine
wurzen,livestock
wusa,lumber
wushan,lumber
wuthathi,fruit
wutun,lumber
wuwei,wheat
wuxi,cotton
wuxian,silk
wuxian_liuzhou,fish
wuxiang,livestock
wuxing,silk
wuyang,wheat
wuyi,wheat
wuyi_jinhua,rice
wuyuan_huizhou,lumber
wuyuan_nanning,livestock
wuzhai,livestock
wuzhi,medicaments
wuzhou,livestock
wyaconda,fiber_crops
wycombe,wheat
wyomissing,legumes
wyrzysk,legumes
xacona,fiber_crops
xagal,millet
xai_xai,millet
xakriaba,goods_gold
xalacinco,fiber_crops
xalapa,livestock
xalapan,goods_gold
xalima,wild_game
xalisco,salt
xalostotitlan,maize
xaltocan,stone
xam,livestock
xam_ka_e,livestock
xam_neua,lumber
xamapan,fish
xanthia,cotton
xaracuu,legumes
xat_sull,fur
xatingnaax,wild_game
xavante,lumber
xelahuh,chili
xerente,wild_game
xiabancheng,millet
xiacai,coal
xiajiang,wild_game
xiajin,cotton
xiakou,livestock
xian_quzhou,silver
xiangcheng,clay
xiangcheng_kaifeng,wheat
xianghe,livestock
xiangning,wild_game
xiangru,fish
xiangshan,salt
xiangshan_xinhui,salt
xiangtan,legumes
xiangxiang,rice
xiangyang,fish
xiangyi,wheat
xiangyin,rice
xiangyuan,wheat
xianju,horses
xiankang,millet
xianning,livestock
xianning_xian,livestock
xianyang,wheat
xianyou,rice
xianzhou,horses
xianzhu,beeswax
xiaodandang,livestock
xiaodong,livestock
xiaogan,wine
xiaoshan,fish
xiaoxi,rice
xiaoxian,fish
xiaoyi,livestock
xiaozhenan,elephants
xiapi,rice
xiaxian,clay
xiayi,wheat
xibao,wild_game
xicahua,wild_game
xicallanco,legumes
xicaltepec,dyes
xicheng,silk
xichong,livestock
xichuan,lumber
xichuan_xizhou,livestock
xicochimalco,maize
xiconaque,livestock
xicotepec,legumes
xie,legumes
xiexian,salt
xigu,livestock
xihe,wheat
xihe_huizhou,lumber
xihua,wheat
xihutla,dyes
xiica_hai_iic_coii,cotton
xiica_xnaai_iic_coii,fish
xiliang,sand
xilin,lumber
xilong,fish
xilotepec,copper
xilotlan,stone
xinan,fish
xincai,beeswax
xinchang,legumes
xinchang_yifeng,wild_game
xincheng,copper
xincheng_annan,mercury
xincheng_baoding,legumes
xincheng_jianchang,clay
xincheng_jinan,wheat
xincheng_xincheng,livestock
xindi,rice
xindu,rice
xindu_jizhou,wheat
xinfeng,livestock
xinfeng_panyu,lumber
xingan,lumber
xingan_linjiang,fish
xingguo,horses
xinghua,rice
xingning,rice
xingshan,lumber
xingtai,livestock
xingtang,wheat
xingxian,livestock
xingyang,clay
xingzhong,wine
xingzi,sand
xinhua,rice
xinhua_guizhou,wild_game
xinhui,pepper
xinhure,livestock
xining,beeswax
xinjian,rice
xinkai,wool
xinle,livestock
xinning_chen,rice
xinning_dazhou,lumber
xinning_wugang,fur
xinping,clay
xintai,legumes
xintian,tea
xinxiang,fruit
xinxing,fiber_crops
xinxing_annan,lumber
xinxing_nanen,tea
xinyang,tea
xinye,legumes
xinyi,wheat
xinyi_gaozhou,gems
xinyu,livestock
xinzheng,livestock
xiotenko,lumber
xiping,wheat
xiriquitzio,legumes
xisa,lumber
xisha,fruit
xiuning,tea
xiurong,horses
xiushan,fur
xiuwu,livestock
xiuyan,gems
xixi,fish
xixia,wild_game
xixiang,tea
xiyan,wild_game
xizhou,legumes
xllang,chili
xochiapa,maize
xochimilco,livestock
xochipillan,lumber
xochitepec,lumber
xojeli,millet
xokleng,fish
xoko,legumes
xonuu,fur
xoo,livestock
xoxonal,lumber
xpaicheil,lumber
xpuhil,lumber
xuahceesh_annappiio,wild_game
xualae,wild_game
xuancheng,cotton
xuande,alum
xuanhua,pepper
xuanhua_nanning,sugar
xuanning,livestock
xuanping,livestock
xucheng,livestock
xugou,rice
xuguit,livestock
xukuru,wild_game
xumani,wild_game
xun,lead
xunaa,fish
xunantunich,maize
xundabe,lumber
xungake,fur
xunhe,amber
xunka,stone
xunxian,rice
xunyang,wild_game
xupu,fur
xutsnoowu,fish
xuwen,fish
xuyi,rice
xuzhou,iron
xylokastro,wine
y_lkytveem,ivory
y_uasu,fish
ya_kti_ki,fiber_crops
ya_ttaish,lumber
yaakwdaat,fur
yaanga,fish
yaaucaniga,wild_game
yabrin,camels
yabro,fiber_crops
yabu,silver
yacegua,fiber_crops
yacupipizote,gems
yada,wild_game
yadamah,camels
yadhaigana,millet
yadkin,wild_game
yafran,wheat
yagala,saffron
yagalingu,legumes
yaguabo,medicaments
yaguachi,cocoa
yaguana,chili
yaguari_guazu,maize
yaguarzongo,lumber
yahandeka,maize
yaharo,fish
yahi,wild_game
yahotyn,fiber_crops
yahr,wheat
yahualican,medicaments
yahyali,livestock
yaik,fur
yaino,maize
yakan,goods_gold
yakataga,sand
yakawlang,copper
yakesa,fish
yakhi,coal
yakkajari,wild_game
yakovlevskoye_bolshoye,wild_game
yakshur_bodya,wild_game
yakwahnim_paa,wild_game
yakyu_ki,lumber
yala,beeswax
yalamlam,fruit
yalarrnga,gems
yalata,fish
yalingkuo,wild_game
yalutorovsk,fur
yalvac,wool
yalve_sanga,lumber
yam_pah_pa,wild_game
yama,lumber
yama_jap,fur
yamachiche,clay
yamagata,legumes
yamakoshi,fish
yamamoto,fur
yamanashi,goods_gold
yamanquex,mercury
yamasa,copper
yamaska,lumber
yamatji,millet
yambadika,lumber
yambasa,legumes
yambina,fruit
yambio,wild_game
yamdena,fish
yaminue,wild_game
yamparaez,tin
yamsk,fish
yamur,livestock
yana,lumber
yanaguana,maize
yanahuara,gems
yanal_densa,wild_game
yanatile,silver
yanaul,lumber
yanbu,saffron
yanbu_an_nakhil,fruit
yanchang,fish
yancheng,salt
yancheng_kaifeng,clay
yanchi,salt
yanchuan,wheat
yanci,cotton
yandao,tea
yande,wild_game
yaneka,fiber_crops
yanesha,beeswax
yanga,fiber_crops
yangabad,wool
yangam,lumber
yangbei,legumes
yangcheng,lumber
yangchun,cotton
yangdi,clay
yangdzong,wild_game
yangga,wild_game
yanggu,rice
yanggu_yanzhou,wheat
yangguan,sand
yangi,livestock
yangikent,cotton
yangirabod,livestock
yangjiang,fish
yangjibaliq,wheat
yangju,silver
yangman,silver
yangqu,livestock
yangshan,livestock
yangshou,rice
yangshuo,fruit
yangxin,fruit
yangyuan,salt
yangzhou,rice
yangzi,clay
yanhe,rice
yanjin,livestock
yanling,dyes
yanovo,lumber
yanque,potato
yanqul,livestock
yanrakynnot,ivory
yanranay,fur
yans,lumber
yanshan,beeswax
yanshan_guangxin,lead
yanshen,wool
yanshi,beeswax
yanting,rice
yanyuwa,fish
yao,clay
yaoshan,livestock
yaozhou,copper
yap,stone
yapavu,rice
yapen,fish
yapeyu,maize
yaporox,stone
yapuata,lumber
yapudttka,medicaments
yaqan_nukiy,wild_game
yaqay,fruit
yaqui,tobacco
yaquimo,medicaments
yaquina,fish
yaracuy,maize
yaransk,lumber
yareba,lumber
yarensk,lumber
yarkand,cotton
yarkhun,wild_game
yarkino,fur
yarmouth,fish
yarok,fur
yaropolch,wild_game
yaros,fruit
yaroslav_poland,wheat
yaroslavka,legumes
yaroslavl,wild_game
yarra,coal
yartsevo,millet
yasawa,fish
yashikumne,maize
yashkul,horses
yasin,wool
yasothon,rice
yasuj,wild_game
yasukand,wine
yatenga,millet
yateras,fiber_crops
yatsushiro,legumes
yatsushiro_higo,fruit
yauan,stone
yauca,cotton
yaur,sand
yauri,millet
yautepec,silver
yauto,stone
yavoriv,fiber_crops
yavpe,wild_game
yawdanshi,wild_game
yawnghwe,elephants
yawuru,iron
yax_mutal,dyes
yazd,silk
yazdikhwast,wild_game
yazduye,livestock
yazhelbitsy,beeswax
yazne,goods_gold
yazoo,lumber
ybiti,beeswax
ycuamandiyu,lumber
ye,lumber
ye_ya_xabine,maize
yecla_de_yeltes,livestock
yedagiri,millet
yedey,lumber
yegaladapa,livestock
yegindybulak,wild_game
yegorlykskaya,horses
yegorshin_povytok,fur
yeha,copper
yehe,legumes
yei,lumber
yeji,medicaments
yekaterinovka,livestock
yekooche,lumber
yela,fish
yelabuga,fur
yelan,livestock
yelanets,fiber_crops
yelets,wheat
yellel,wool
yelmek,fish
yelnya,horses
yelou,millet
yelovo,fur
yeme,maize
yemelyanovo,lumber
yemetsk,fur
yemilchyne,wool
yendi,millet
yendyr,fur
yenecamu,dyes
yenicepazari,wild_game
yeniseysk,fur
yenji,lumber
yenotayevka,wool
yeongcheon,medicaments
yeongdeok,coal
yeongdong,cotton
yeonggam,fish
yeonggwang,fish
yeongil,fish
yeongju,legumes
yeongwol,wool
yeongwon,fur
yeongyang,pepper
yeonsan,pepper
yerema,fur
yeremeyevka,wild_game
yerevan,wheat
yerkyutey,wild_game
yermolovo,fur
yeropol,wild_game
yeropol_river,wild_game
yershov,livestock
yert,salt
yeruda,fur
yeskumaala,fish
yessentuq,stone
yetkul,iron
yevoyakha,wild_game
yevra,clay
yexian,livestock
yexian_laizhou,goods_gold
yeyi,fish
yezsk,clay
ygana,maize
yguazu,legumes
ygyatta,wild_game
yi,wild_game
yibin,tea
yicheng,silver
yicheng_pingyang,lead
yichuan,wheat
yichun,copper
yidinjdji,sugar
yidu,rice
yidu_qingzhou,tin
yifeng,wheat
yihuang,tea
yiiji,millet
yijin,wheat
yijun,clay
yilaha,wheat
yilba,silver
yiliang,rice
yiling,fish
yilong,legumes
yilun,beeswax
yiman,fiber_crops
yiman_australia,legumes
yimen,livestock
yimin,beeswax
yindjibarndi,goods_gold
yingchang,millet
yingcheng,rice
yingdao,lumber
yingde,tea
yinggarda,wild_game
yingisar,fiber_crops
yingli,millet
yingshan,iron
yingshan_luan,stone
yingshan_shunqing,wild_game
yingshang,rice
yingshui,wheat
yingzhou,iron
yining,fur
yinjiang,livestock
yinshaluo,lumber
yinshan,livestock
yinwum,wild_game
yinxian,livestock
yique,cotton
yir_yoront,fish
yirandali,stone
yishan,lumber
yishui,wheat
yita,fiber_crops
yitha_yitha,fiber_crops
yiwu,lumber
yixian,tea
yixian_yizhou,stone
yixing,clay
yixingzhou,lumber
yiyang,livestock
yiyang_changsha,rice
yiyang_guangxin,livestock
yiyang_songzhou,lumber
yiyuan,livestock
yizhang,tin
yizhou_jinzhou,wheat
yizhou_jurchen,legumes
yizhou_tengzhou,wheat
yjxa,medicaments
ynakh,fur
ynakhsyt,lumber
yo,fruit
yo_loy,legumes
yoberrore,millet
yodzocahi,dyes
yohualtepec,tobacco
yoichi,millet
yojuane,lumber
yoko,livestock
yola,legumes
yoli,wild_game
yolngu,millet
yolombo,goods_gold
yongan_sha,legumes
yongan_youzhou,livestock
yongchang_ganzhou,wool
yongchang_yongchang,gems
yongcheng,livestock
yongchuan,pepper
yongchun,lumber
yongcong,lumber
yongding_shanghang,lumber
yongfeng,beeswax
yongfeng_jian,rice
yongfeng_xiangxiang,livestock
yongfu,medicaments
yongfu_fuzhou,livestock
yonghe,wheat
yongjia,alum
yongkang,livestock
yongming,livestock
yongmingcheng,fish
yongnian,clay
yongning,tea
yongning_baisheng,lumber
yongning_hengzhou,fish
yongning_shanzhou,stone
yongning_taihe,livestock
yongping,alum
yongping_yongchang,fur
yongqing,wheat
yongshan,lumber
yongshou,wheat
yongshun,lumber
yongshun_yongshun,lumber
yongxin,wild_game
yongxing,silver
yongxing_xingguo,silver
yonibana,iron
yoniveem,fish
yoov_we_teuh,lumber
yoowetum,gems
yopitzinco,pearls
yopo,medicaments
yopurga,wool
yor,lumber
yoreme,fish
yorga,millet
york,wheat
yoro,beeswax
yorta_yorta,fiber_crops
yosa,fish
yoshiki,lead
yoshiki_suou,stone
yoshino,lumber
yoshkar_ola,lumber
yot_ou,fruit
yotkino,lumber
youdian,tea
youghal,wool
youghiogheny,coal
youloumain,fish
youxi,lumber
youyang,wild_game
youzhou,lumber
ypalgyn,fur
ypoa,lumber
ypres,clay
yrgychen,wild_game
yscani,lumber
yshyr,lumber
ytykyra,wild_game
yuac,cotton
yuanan,legumes
yuancheng,wheat
yuanga,lumber
yuanhu,livestock
yuanjiang,fiber_crops
yuanjiang_yuanjiang,silver
yuanling,rice
yuanmou,cotton
yuannan,livestock
yuanqu,copper
yuanshi_zhending,livestock
yuanyang,rice
yuat,livestock
yucheng,wheat
yucheng_kaifeng,fish
yuchi,lumber
yuci,wheat
yucucui,livestock
yucundaa,stone
yucundeq,beeswax
yudu,rice
yuechi,lumber
yueqing,salt
yuexi,beeswax
yueyang_anze,livestock
yugan,fish
yugorenok,tin
yuhang,tea
yuin,wild_game
yuka,wild_game
yukhnov,millet
yukhta,lumber
yukkuman,cotton
yukonda,fur
yukpa,fish
yuksekkum,wine
yuksom,wild_game
yukta,lumber
yuktali,fur
yukte,fish
yulalona,lumber
yuldibay,stone
yulduz,livestock
yulin,livestock
yulin_datong,livestock
yuma,fruit
yumba,fiber_crops
yun,rice
yunca,lumber
yuncheng,wheat
yunchuan,livestock
yundin,livestock
yunesit_in,lumber
yungas,tin
yungdrung,lumber
yunggai,stone
yunhe,silver
yunkyur,fur
yunlian,tea
yunlong,lumber
yunmeng,rice
yunnan,rice
yunnei,millet
yunxi,livestock
yunyang,lumber
yunyung_khaya,ivory
yunzhou,millet
yupangathi,wild_game
yupu,wild_game
yuquot,fish
yuracare,lumber
yurakar,chili
yurba,wild_game
yurginskoye,lumber
yuri,fish
yurimagua,chili
yuririapundaro,fiber_crops
yuru,sugar
yuryev_polsky,salt
yuryev_povolzhsk,lumber
yusha,cotton
yushan_guangxin,wild_game
yushe,wild_game
yushu,fiber_crops
yuskus,wild_game
yusva,fur
yutai,fish
yutian,gems
yuttyakh,lumber
yutuwichan,lumber
yuubari,fur
yuufutsu,fish
yuwi,fish
yuyang,wheat
yuyao,rice
yuza,fish
yuzhou,pepper
yverdon_les_bains,lumber
zaachila,maize
zabern,wine
zabid,fish
zabol,fruit
zabore,livestock
zabreh,iron
zabusta,maize
zacapu,wild_game
zacatepec,lumber
zacatlan,tobacco
zacatollan,cocoa
zacazonapan,lumber
zaci,cocoa
zadar,salt
zadian,fruit
zafra,wheat
zag_suujiyn_gobi,livestock
zagan,wheat
zagare,clay
zaghouan,livestock
zagreb,wheat
zagya,wild_game
zagzuugiin_balgas,millet
zahuatan,cocoa
zain,silver
zainsk,lumber
zakho,millet
zakht,lead
zakroczym,wild_game
zakynthos,fish
zalaegerszeg,fruit
zalamea,beeswax
zalari,wild_game
zalau,legumes
zalavar,livestock
zalishchyky,legumes
zalon_taung,gems
zama,beeswax
zambesia_katongo,wild_game
zambrow,millet
zamora,horses
zamyany,wool
zanatepec,cocoa
zangchen,lead
zangdan,horses
zangla,wheat
zanhuang,wheat
zanjan,alum
zankor,millet
zanyukhcha,lumber
zanzibar,fruit
zaoqiang,fur
zaostrovskoye,clay
zaoyang,coal
zapaluta,maize
zaplyusye,lumber
zara,wool
zara_uul,livestock
zarabad,wild_game
zarafshan,wild_game
zaragoza,saffron
zarand,wheat
zarand_iran,cotton
zaranj,silk
zarate,maize
zardab,cotton
zardana,lumber
zarghun_shahr,beeswax
zarnow,clay
zaroy,wheat
zarqan,wool
zary,iron
zarya,fur
zarzis,fish
zatec,sand
zavallia,livestock
zavareh,beeswax
zaveh,saffron
zavetnoye,horses
zavkhan,horses
zawila,livestock
zawiya,olives
zazhimchar,fur
zazzau,cotton
zbarazh,horses
zdvizhen,fruit
zdzitov,millet
zebak,livestock
zed,beeswax
zeila,incense
zeku,livestock
zelenokumsk,livestock
zell_am_see,iron
zell_am_ziller,livestock
zella,wool
zelterijin,livestock
zembe,millet
zemetchino,wool
zemlungrad,coal
zemlyansk,fiber_crops
zemplin,wheat
zempoala,beeswax
zemukh,wild_game
zengkou,lumber
zenica,coal
zenina,beeswax
zenta,wheat
zenues,gems
zenzevatka,livestock
zerbst,fiber_crops
zetounion,legumes
zeven,legumes
zgierz,iron
zhabny,lumber
zhaksy_karasay,livestock
zhalauly,salt
zhaldama,wild_game
zhalong,medicaments
zhamankul,legumes
zhamshy,wheat
zhanaarka,horses
zhanchuan,salt
zhanggu,livestock
zhangming,medicaments
zhangping,lumber
zhangpu,cotton
zhangqiu,livestock
zhangsanying,livestock
zhangxian,salt
zhangzi,livestock
zhanhe,horses
zhanhua,fruit
zhanybek,horses
zhanyi,livestock
zhaoan,fish
zhaoban,wheat
zhaohua,fish
zhaoxin,wheat
zhaoyuan,goods_gold
zhaozhou_jurchen,millet
zhargalakh,fur
zharkhan,fur
zharkol,lumber
zharzhan,lumber
zhatai,wild_game
zhaushikumtobe,horses
zhavklant_khairkhan,livestock
zhebariki_khaya,lumber
zhecheng,livestock
zhehai,stone
zhehong,lumber
zhekdeliq,livestock
zheledian,lumber
zhelezin,livestock
zhemgang,wool
zhenan,goods_gold
zhenan_guishun,lumber
zhending,dyes
zhenfan,livestock
zhenfeng,pepper
zhengan,fur
zhengcheng,rice
zhenghe,tea
zhengjiatun,rice
zhengping,livestock
zhenkang,lumber
zhennan,livestock
zhenning,wheat
zhenning_qingyang,wild_game
zhenping,livestock
zhenrong,livestock
zhenwu,livestock
zhenxi,beeswax
zhenxi_lizhou,lumber
zhenyang,livestock
zhenyuan,horses
zhenyuan_sizhou,clay
zhenzhou,wild_game
zherdevka,livestock
zherkorgan,wild_game
zheshart,fur
zhetykol,horses
zhigalovo,lumber
zhigu,rice
zhijiang,rice
zhijin,livestock
zhilinda,wild_game
zhishan,lumber
zhizhets,fiber_crops
zhiziluo,lumber
zhob,wild_game
zhokha,wool
zhongbu,livestock
zhongdu,millet
zhongjiang,rice
zhongkar,rice
zhongli,stone
zhongling,livestock
zhonglu,wild_game
zhongmu,wheat
zhongxiang,rice
zhouzhi,silk
zhovkva,millet
zhuanghe,fruit
zhuanglang,millet
zhuban_ana,medicaments
zhucheng,beeswax
zhugao,wheat
zhuji,lead
zhulino,livestock
zhuluo,wild_game
zhushan,lumber
zhuxi,lumber
zhuyang,wild_game
zhydachiv,coal
zhympity,livestock
zhytkavichy,iron
zhytomyr,livestock
zica,wheat
zichuan,livestock
ziebice,goods_gold
ziegenhain,millet
zielona_gora,wine
zigui,livestock
zigula,rice
zihuatlan,cocoa
zik,livestock
zile,saffron
zilina,lumber
zimapan,copper
zimba,beeswax
zimnicea,wheat
zimnyatsky,livestock
zinacantan,stone
zinapecuaro,lumber
zinder,livestock
zinjanja,millet
zinjibar,fish
zintan,wool
ziqwala,stone
ziro,wild_game
ziryanka,fur
zitong,livestock
zittau,copper
ziul_zkan,copper
zixian,wheat
ziyang,wheat
ziyang_xingan,fur
ziyang_zizhong,rice
zizhou,lumber
zlatoust,iron
zliten,fish
zlotoryja,goods_gold
zlotow,millet
zmeinogorsk,lumber
zmiiv,saltpeter
znamenskoye,fur
znin,wheat
znobov,sand
znojmo,wool
zoe,lumber
zogno,lead
zohan,wool
zolotari,horses
zolotiinka,wild_game
zolotkovo,millet
zolotonosha,clay
zombodze,goods_gold
zomin,horses
zompanco,incense
zonda,wool
zondoma,wheat
zongolica,lumber
zongyang,wheat
zorgho,millet
zorita,wool
zossen,fur
zouar,sand
zouping,silk
zouxian,horses
zozan,sugar
zuba,livestock
zubala,livestock
zubarah,camels
zubova_polyana,livestock
zubtsov,wheat
zuera,salt
zula,pearls
zula_michoacan,maize
zumbo,cotton
zunhua,iron
zuokeng,rice
zuosuo,legumes
zuoz,stone
zurich,wheat
zurmang_namgyaltse,livestock
zuru,goods_gold
zutphen,clay
zuun_garyn_gobi,livestock
zuwarah,fruit
zuwayr,clay
zvenigorod,millet
zvenihorod_siverskyi,wheat
zvenyhorod,wheat
zvenyhorodka,fiber_crops
zvipadze,salt
zvolen,lumber
zvongombe,copper
zweibrucken,fur
zwettl,lumber
zwickau,coal
zwolen,wool
zwolle,millet
zyryan,livestock
zywiec,wool
zyyn_tar_nuur,horses
