location_tag,profile_start_development,macro_region
jagua,-3.0,north_america
montreuillon,19.0,western_europe
chestowee,2.0,north_america
zawila,9.0,north_africa
patuxent,0.0,north_america
bosutswe,-3.0,southern_africa
ehwae,-4.0,north_america
einarsfjord,-1.5,western_europe
sekadau,16.0,south_east_asia
helfenstein,20.0,western_europe
al_ahmar,-2.0,middle_east
stefanesti,11.5,eastern_europe
gulidjan,-2.0,australasia
dolo,8.5,east_africa
otun,1.0,south_america
opawica,-6.0,north_america
bara_buru,13.0,south_east_asia
wase_wakpa,-2.0,north_america
iraqw,-2.5,east_africa
kollam,27.0,south_asia
iscuande,-2.0,south_america
kumukh,10.0,eastern_europe
umpqua,-3.0,north_america
offa,-1.0,west_africa
porvoo,9.0,western_europe
yongan_youzhou,27.0,east_asia
tyatseryn,14.0,eastern_europe
wabimeig,-11.0,north_america
talalakh,-8.0,north_asia
stelty,3.0,eastern_europe
tlapan,2.0,north_america
kamysh_burun,2.0,eastern_europe
yixian_yizhou,30.0,east_asia
zihuatlan,4.0,north_america
tsiietsenhtha,-5.0,north_america
piquiri,-3.0,south_america
pitic,1.0,north_america
ourense,27.5,western_europe
kaiserslautern,19.0,western_europe
ostrovskoye,10.5,eastern_europe
zhengcheng,28.5,east_asia
memba,7.0,east_africa
chupanga,-0.5,southern_africa
tesinigh,1.0,north_america
befandriana,1.5,east_africa
yingdao,28.5,east_asia
rennes,25.0,western_europe
dinghai,35.0,east_asia
sampheak_borak,19.5,south_east_asia
sennar,9.5,east_africa
tamaraceite,-2.25,north_africa
iichiilikaaashaashe,-1.0,north_america
karluk_peak,-10.0,north_america
silver_lake,-7.0,north_america
kaya,21.0,east_asia
barysaw,17.0,eastern_europe
nowe,18.5,eastern_europe
nutari,27.0,east_asia
mehkar,22.5,south_asia
voikar,-10.0,north_asia
perevoz,6.0,eastern_europe
guanfu,31.0,east_asia
spithota,-1.0,north_america
kahurangi,-6.0,australasia
pinar,16.0,western_europe
balashov,10.5,eastern_europe
titel,15.5,eastern_europe
sorochinskaya,6.5,eastern_europe
iowa,6.0,north_america
shangcheng,26.0,east_asia
kraslava,17.5,eastern_europe
nicatous,-2.0,north_america
ingariko,3.0,south_america
megantic,-3.0,north_america
gowa,20.25,south_east_asia
napochi,1.0,north_america
karima,4.5,east_africa
jaund,27.0,south_asia
wonju,20.0,east_asia
mouchalagane,-9.0,north_america
kaukou,-6.0,southern_africa
darlington,12.0,western_europe
tacna,2.0,south_america
macas,1.0,south_america
pag,14.0,eastern_europe
khaqmar,9.0,central_asia
sankaranayinarkoil,22.0,south_asia
pasai,19.0,south_east_asia
hunucma,3.0,north_america
slobozia,12.5,eastern_europe
zhongjiang,27.0,east_asia
zazzau,15.0,west_africa
ruydar,9.0,middle_east
ranibas,25.5,south_asia
atarque,4.0,north_america
jiyuan,30.5,east_asia
xinxing,23.0,east_asia
mewuk,-2.0,north_america
sisak,16.5,eastern_europe
payacullo,5.0,south_america
stryi,10.0,eastern_europe
rayadurga,21.5,south_asia
chuwi,3.0,south_america
tonbridge,21.0,western_europe
kofan,1.0,south_america
isluga,-1.0,south_america
leiria,21.0,western_europe
magaguadavic,-2.0,north_america
paguat,14.0,south_east_asia
assosa,7.5,east_africa
budejovice,23.0,western_europe
manubara,-8.0,pacific_islands
rushan,31.0,east_asia
kittaning,-3.0,north_america
lishan_xinyang,27.0,east_asia
ramnicu_valcea,12.5,eastern_europe
liptovsky_mikulas,17.0,eastern_europe
kobyai,-8.0,north_asia
oheyandewa,1.0,north_america
sfantu_gheorghe,19.0,eastern_europe
rozan,16.5,eastern_europe
nottaway,-11.0,north_america
kengdey,-5.0,north_asia
olekma,-9.0,north_asia
lampung,17.0,south_east_asia
volok,16.0,eastern_europe
tignish,-1.0,north_america
surab,11.0,middle_east
kavar,13.0,middle_east
qw_ewt,-9.0,north_america
limin,23.0,east_asia
aschaffenburg,20.5,western_europe
tujun,7.5,east_asia
mashhad,8.0,central_asia
crepy,21.5,western_europe
laungshe,18.0,south_east_asia
kiendela,-3.0,central_africa
samara,8.5,eastern_europe
sallum,21.0,north_africa
egil,16.0,middle_east
ugashik,-12.0,north_america
kortkeros,-0.5,eastern_europe
charouine,9.0,north_africa
escatawppa,1.0,north_america
caftacha,1.0,north_america
tuyandina,-11.0,north_asia
garwolin,13.0,eastern_europe
nosy_bali,-1.0,east_africa
vilyuychan,-8.0,north_asia
sandaran,14.0,south_east_asia
rabor,10.0,middle_east
yana,-2.0,north_america
su_naq,-10.0,north_america
tixtla,2.0,north_america
dembimbosaage,-5.0,north_america
cetatea_tetina,10.5,eastern_europe
shimushiru,-10.0,east_asia
iziaslav,15.0,eastern_europe
poskam,10.5,east_asia
sitanda,1.5,central_africa
sjenica,12.0,eastern_europe
baitan,25.5,east_asia
keowee,1.0,north_america
manomin,8.0,north_america
trieste,23.75,eastern_europe
sete_lagoas,-1.0,south_america
sitavaka,19.0,south_asia
nunalla,-12.0,north_america
gandamak,17.5,middle_east
bazas,23.5,western_europe
offenbach,23.5,western_europe
conemaugh,-3.0,north_america
hogdal,4.5,western_europe
castellon_de_la_plana,29.0,western_europe
yuryev_polsky,14.0,eastern_europe
vohipeno,-3.0,east_africa
toksovo,14.0,eastern_europe
azraq,10.0,middle_east
hvlan,13.5,east_asia
dusseldorf,29.5,western_europe
batete,2.5,east_africa
khukhragarh,27.5,south_asia
mbombela,-4.0,southern_africa
devkot,32.0,south_asia
chios,15.25,eastern_europe
juhoansi,-8.0,southern_africa
ethekwini,-1.25,southern_africa
myrhorod,16.0,eastern_europe
zalari,-0.5,north_asia
dharmapuri,26.0,south_asia
ornofay,-6.0,north_america
mackinac,0.5,north_america
digavapi,24.0,south_asia
amga,-6.0,north_asia
minxian,43.5,east_asia
marandet,5.0,west_africa
malukkit,7.0,south_east_asia
ika_nepa,-8.0,north_asia
lingui,30.5,east_asia
bonndorf,21.5,western_europe
mirning,-5.0,australasia
pavia,36.5,western_europe
kakataibo,4.0,south_america
siktyakh,-11.0,north_asia
nagnes,17.0,south_asia
whitby,13.25,western_europe
al_khuraybah,4.0,middle_east
keriya,8.0,east_asia
kele,-6.0,north_asia
dong_lakhon,21.5,south_east_asia
chimuande,-6.0,central_africa
reunion,-3.0,east_africa
bintang,-1.0,west_africa
lucca,32.0,western_europe
singarh,18.0,south_asia
east_cubanacan,-3.0,north_america
adilabad,16.5,south_asia
turciansky_svaty_martin,17.0,eastern_europe
boryeong,23.5,east_asia
julu,27.0,east_asia
hassan_karnataka,15.0,south_asia
mieres,14.0,western_europe
mystras,18.0,eastern_europe
bondelswarts,-10.0,southern_africa
dechang,25.5,east_asia
padise,14.0,eastern_europe
dangtu,31.5,east_asia
khawr_nubt,3.0,east_africa
tses_kiya_trail,-8.0,north_america
kalam_hill,12.0,west_africa
kaskinampo,1.0,north_america
vat_phou,20.5,south_east_asia
fasa,13.0,middle_east
bagaluhan,15.0,south_east_asia
julfa,12.5,eastern_europe
tiaoxian,33.5,east_asia
el_gadarif,7.0,east_africa
leeds,12.0,western_europe
baykalovo,-1.0,eastern_europe
yeremeyevka,-3.0,north_asia
siyathemba,-5.0,southern_africa
dingnan_anshun,26.5,east_asia
ternate,16.0,south_east_asia
pazhaverkadu,27.0,south_asia
nanan,21.5,east_asia
agen,27.5,western_europe
sancha,24.5,east_asia
chinchilla,13.0,western_europe
deir_ez_zor,14.5,middle_east
famagusta,20.25,middle_east
goundi,-7.5,central_africa
chakan_putum,11.0,north_america
nanxi,29.5,east_asia
terebovlia,20.0,eastern_europe
kherlen,6.5,east_asia
chiniot,26.5,south_asia
chewalla,-1.0,north_america
matendere,3.5,southern_africa
jarrarah,2.0,middle_east
alcanices,21.0,western_europe
petaigan,5.0,north_america
mokowan,-1.0,north_america
ellur,22.0,south_asia
alakol,1.0,north_asia
tumbuka,2.0,east_africa
bokoro,-4.0,central_africa
birzai,16.5,eastern_europe
mergen,13.5,east_asia
ban_don,22.5,south_east_asia
kamien,16.5,western_europe
masalsk,14.0,eastern_europe
yoko,-7.5,central_africa
gmunden,17.0,western_europe
postojna,15.0,eastern_europe
menlu,9.5,east_asia
bingol,11.5,eastern_europe
al_bad,-2.0,middle_east
gorodovikovsk,4.5,eastern_europe
baojing,26.5,east_asia
pampahuaylla,4.0,south_america
ribnitz,17.0,western_europe
kanker,19.0,south_asia
faras,6.5,east_africa
chucalissa,2.0,north_america
tulshun,-3.0,south_america
kastsyukovichy,14.0,eastern_europe
halas,16.0,eastern_europe
guazoco,-3.0,north_america
daw_sud,6.5,east_africa
midu,27.0,east_asia
sandnes,-4.5,western_europe
rohrbach,19.5,western_europe
klutina,-10.0,north_america
kashatagh,12.5,eastern_europe
moona_mpanda,-1.0,central_africa
hudur,9.0,east_africa
leo,10.0,west_africa
mila,14.0,north_africa
xincheng_jinan,31.0,east_asia
kibiro,-3.0,east_africa
kaikoura,-4.0,australasia
jeonju,30.5,east_asia
arevalo,15.0,western_europe
thoulakhom,16.5,south_east_asia
mandor,9.0,south_east_asia
guahaba,-8.5,north_america
richibucto,-1.0,north_america
calatanazor,18.0,western_europe
udgir,18.0,south_asia
thoubal,17.5,south_asia
ochechiton,4.0,north_america
ladik,13.0,middle_east
liangquan,23.0,east_asia
shamiram,13.0,middle_east
dinetah,-1.0,north_america
st_pol_de_leon,21.0,western_europe
ndalatando,1.0,central_africa
kwatsaan,1.0,north_america
ullensvang,3.0,western_europe
luotian,24.0,east_asia
domazlice,19.0,western_europe
aconca_hue,8.0,south_america
naiman,26.5,east_asia
lebonghitam,12.0,south_east_asia
thilane_hot_ine,-6.0,north_america
reggiocal,20.75,western_europe
tenamaxtlan,7.0,north_america
kawenote,-4.0,north_america
eno,1.0,north_america
damaqua,-8.0,southern_africa
mozhga,3.0,eastern_europe
omuthiya,-6.0,southern_africa
bojano,24.0,western_europe
kengtung,20.5,south_east_asia
monfort_lamaury,19.0,western_europe
pervouralsk,-0.5,eastern_europe
stavanger,19.75,western_europe
odoyev,14.0,eastern_europe
cattaraugus,-3.0,north_america
boldyzh,14.0,eastern_europe
bogoroditsk,16.0,eastern_europe
sartene,12.0,western_europe
jecheon,22.5,east_asia
kaulas,22.0,south_asia
tysmenytsia,16.5,eastern_europe
puebla_de_montalban,19.5,western_europe
quandamooka,-5.0,australasia
palestrina,21.0,western_europe
saleesh,-4.0,north_america
wajuru,-6.0,south_america
east_hanos,-3.0,north_america
reigate,22.0,western_europe
conghua,26.0,east_asia
varsan,12.5,eastern_europe
dep,11.5,east_asia
bhadrak,19.0,south_asia
velikiye_luki,16.0,eastern_europe
matad,0.0,east_asia
ostrov_beringa,-7.0,north_asia
kabara,10.5,west_africa
ita_kua_y,-1.0,south_america
gaoyao,28.5,east_asia
suez,21.0,north_africa
wolvega,12.0,western_europe
lardeja,17.0,eastern_europe
neyasar,10.0,middle_east
bereschany,11.0,eastern_europe
miesbach,18.5,western_europe
sime,23.5,east_asia
uru_eu_wau_wau,-9.0,south_america
cuxtaque,2.0,north_america
simeulue,14.0,south_east_asia
mouzon,21.0,western_europe
histahayo,2.0,north_america
almenevo,0.0,north_asia
casiste,1.0,north_america
bogiston,12.0,central_asia
koma_kai,22.0,east_asia
damghan,13.0,middle_east
fontenay,16.0,western_europe
aburra,1.0,south_america
cesis,16.0,eastern_europe
tongliao,18.5,east_asia
tinnaya,-6.0,north_asia
luache,3.0,central_africa
velikyi_bereznyi,15.0,eastern_europe
banique,-0.5,north_america
uzkand,10.0,central_asia
palazzolo,29.0,western_europe
zaplyusye,16.0,eastern_europe
sixtymile,-8.0,north_america
kldekari,11.0,eastern_europe
rouen,30.5,western_europe
bazer_sakhra,10.0,north_africa
misgar,14.0,south_asia
barito,16.0,south_east_asia
banggai,14.0,south_east_asia
wapsipinicon,6.0,north_america
niyaj,-5.0,south_america
jaeren,11.0,western_europe
yaguana,-12.0,north_america
tullamore,11.5,western_europe
wara,4.0,east_africa
koo,-7.0,southern_africa
wuping,27.5,east_asia
ust_mil,-6.0,north_asia
nerekhta,18.5,eastern_europe
xai_xai,1.5,southern_africa
sakaka,2.0,middle_east
qijiang,24.0,east_asia
ust_ugla,9.5,eastern_europe
woi_wurrung,-2.0,australasia
erbach,21.5,western_europe
letychiv,15.0,eastern_europe
nankang,24.0,east_asia
impakwe,-3.0,southern_africa
millioke,3.0,north_america
tokuma,-11.0,north_asia
neuhaus,14.0,western_europe
keylong,25.5,south_asia
bhagalpur,32.5,south_asia
kalala_kazemba,-1.0,central_africa
wari_peru,1.0,south_america
karikkode,14.0,south_asia
tonglu,28.5,east_asia
cantona,8.0,north_america
shetek,6.0,north_america
nyonoksa,-3.0,eastern_europe
yinggarda,-4.0,australasia
nishiusuki,17.0,east_asia
k_omoks,-1.5,north_america
piacenza,31.5,western_europe
asele,-0.5,western_europe
shackamaxon,3.5,north_america
witym,-9.0,north_asia
sorgono,11.0,western_europe
ngandi,-3.0,australasia
khotchino,8.0,eastern_europe
metabetchouane,0.0,north_america
mpwapwa,8.0,east_africa
nepisiguit,-2.0,north_america
yaik,9.0,central_asia
bellinzona,17.0,western_europe
demetrias,13.75,eastern_europe
leibo,22.5,east_asia
francavilla,22.0,western_europe
tsagaan,0.0,east_asia
karpenisi,9.0,eastern_europe
medicine_bow,-3.0,north_america
shuyang,26.0,east_asia
guangsuoling,22.5,east_asia
lenape,-4.0,north_america
lackawanna,-2.0,north_america
bulamu,-4.0,australasia
brvenik,10.0,eastern_europe
congaree,1.0,north_america
mehin,-3.0,south_america
kyiv,24.5,eastern_europe
sagabuyen,9.0,central_asia
kottarakkara,14.0,south_asia
baleknagiq,-10.0,north_america
vave,-8.0,pacific_islands
suriig,-1.0,east_asia
hoan_chau,24.5,south_east_asia
oravsky_podzamok,16.0,eastern_europe
milkovo,-5.0,north_asia
sarahan,24.5,south_asia
murzzuschlag,18.0,western_europe
talampaya,4.0,south_america
malindig,8.0,south_east_asia
basel,17.5,western_europe
linhai,29.0,east_asia
nictaux,-2.0,north_america
guangning_zhaoqing,23.0,east_asia
tawahka,1.5,north_america
enzhou,33.5,east_asia
matanda_aChiwawa,1.0,southern_africa
vieng_phouka,19.5,south_east_asia
nurota,8.0,central_asia
kaiabi,-6.0,south_america
wakgun,-6.0,australasia
indore,26.0,south_asia
shimohei,14.0,east_asia
kinosao_sipi,-11.0,north_america
kickatus,4.0,north_america
chibemba,-1.0,central_africa
callapa,4.0,south_america
limassol,15.25,middle_east
niwa,29.0,east_asia
ngarluma,-8.0,australasia
mondovi,24.0,western_europe
matupi,16.5,south_asia
teso,2.0,east_africa
juxtlahuaca,6.0,north_america
sirohi,17.0,south_asia
hinyaa,-5.0,north_america
cheslattat_en,-9.0,north_america
manambato,-7.0,east_africa
hateg,14.0,eastern_europe
anbang,23.0,south_east_asia
salban,-8.0,north_asia
katihar,34.0,south_asia
poltava,16.0,eastern_europe
amboise,21.5,western_europe
chishti_sarif,14.0,central_asia
wusa,26.0,east_asia
orihuela,26.0,western_europe
ksar_es_souk,9.0,north_africa
nerac,19.0,western_europe
nora_eth,6.5,east_africa
charolles,21.5,western_europe
thrissur,19.0,south_asia
soltsy,14.0,eastern_europe
al_dhaid,2.0,middle_east
baurang,12.5,east_asia
kurihara,19.0,east_asia
tuchitua,-5.0,north_america
ankober,4.0,east_africa
kaustby,-3.0,western_europe
branicevo,21.5,eastern_europe
antigonish,-2.0,north_america
zangchen,3.5,east_asia
sutnga,15.0,south_asia
gambia,-5.0,west_africa
ahuya_yari,1.5,north_america
mandi,25.5,south_asia
alencon,19.0,western_europe
pavlovskaya,6.0,eastern_europe
bagadya,-8.0,north_asia
vyada,8.0,eastern_europe
el_manaqil,7.5,east_africa
kundy,-3.0,north_asia
cubara,3.0,south_america
yanchi,18.0,east_asia
mulmuga,9.5,east_asia
mandisobi,4.0,south_america
bhongir,22.0,south_asia
bir,21.0,south_asia
birma,8.5,east_asia
kondapalli,22.5,south_asia
tuoydakh,-6.0,north_asia
oristano,21.5,western_europe
irgiz,7.0,central_asia
ezerenai,8.0,eastern_europe
grodkow,21.0,eastern_europe
senj,16.25,eastern_europe
vilaka,13.0,eastern_europe
shimen,28.5,east_asia
picanoc,-3.0,north_america
aro,4.0,south_america
szamotuly,18.5,eastern_europe
xiuning,27.5,east_asia
kolymskoie,-10.0,north_asia
pocasse,6.0,north_america
iwase,15.0,east_asia
tumba,-3.0,central_africa
longhui,23.0,east_asia
tijis,10.0,north_africa
gisors,23.5,western_europe
huraydah,4.0,middle_east
nat_oot_en,-9.0,north_america
cobeta,18.0,western_europe
piachi,1.0,north_america
wuping_daning,24.5,east_asia
lumbi,3.0,central_africa
ngilukumong,-1.0,east_africa
bakele_kongo,-9.0,central_africa
khantayskoye,-10.0,north_asia
salay,24.5,south_east_asia
cahiague,1.0,north_america
wigwomadenek,-1.0,north_america
kelafo,8.5,east_africa
dungkar,4.0,east_asia
bedale,19.0,western_europe
osa,5.5,eastern_europe
gugera,24.5,south_asia
pinoh,13.0,south_east_asia
bani_walid,9.0,north_africa
sheberghan,10.0,central_asia
manama,2.0,middle_east
muskerry,8.0,western_europe
seddori,15.0,western_europe
yongxin,23.0,east_asia
gordes,16.0,middle_east
chundzha,9.5,central_asia
mixquiahuala,10.0,north_america
lyepyel,11.0,eastern_europe
rostov,20.0,eastern_europe
suixi,29.0,east_asia
buantan,12.0,south_east_asia
poreevo,14.0,eastern_europe
payubre,4.0,south_america
kiknur,3.0,eastern_europe
tukulan,-6.0,north_asia
kamalia,28.5,south_asia
zhigalovo,-2.0,north_asia
ramnagar,24.0,south_asia
sukadana_lampung,19.0,south_east_asia
amalik,-10.0,north_america
birch_creek,-8.0,north_america
niena,10.5,west_africa
yeropol_river,-10.0,north_asia
ilomantsi,-6.0,western_europe
ulwas,-2.0,north_america
mogot,8.5,east_asia
erie,3.0,north_america
yuma,-8.0,north_america
tancitaro,2.0,north_america
otakou,0.75,australasia
bakanas,5.0,central_asia
pamunkey,-1.0,north_america
azai,22.0,east_asia
bensheim,23.5,western_europe
huiqi,25.0,east_asia
qompi,2.0,south_america
sandare,6.0,west_africa
ras_el_ma,7.0,west_africa
arta,14.0,eastern_europe
huasco,2.0,south_america
ventspils,13.5,eastern_europe
vilshana,4.0,eastern_europe
monaghan,8.0,western_europe
karawala,1.5,north_america
kahan,17.0,south_asia
baie_verte,-9.75,north_america
knyazhich_gorodok,10.5,eastern_europe
cahul,9.5,eastern_europe
ruyuan,25.5,east_asia
kashigarh,24.5,south_asia
jerez_de_la_frontera,27.0,western_europe
oparino,-1.0,eastern_europe
worla,-8.0,australasia
barem,-12.0,pacific_islands
kisiju,9.5,east_africa
vastseliina,13.0,eastern_europe
kumai,16.0,south_east_asia
camarag,16.0,south_east_asia
chalkyitsik,-8.0,north_america
hazro,20.5,middle_east
tchan_sansan,4.0,north_america
megri,14.25,middle_east
langarud,17.0,middle_east
bangkalan_borneo,14.0,south_east_asia
trincomalee,24.0,south_asia
nih_iitkotousi_l,-2.0,north_america
amoyeli_gunahita,0.0,north_america
gonjo,12.5,east_asia
ain_salah,7.0,north_africa
viviers,19.5,western_europe
urzhum,5.5,eastern_europe
pujiang,26.0,east_asia
bilo,9.0,east_africa
motupohue,-2.0,australasia
mont_de_marsan,21.0,western_europe
mora_de_rubielos,15.0,western_europe
chuzboy,7.0,eastern_europe
sasaram,34.5,south_asia
mahallat,10.0,middle_east
matemba,3.5,southern_africa
tongareva,-7.0,pacific_islands
msene,-3.0,east_africa
oohl,-0.5,north_america
novoselitskoye,2.0,eastern_europe
vallsjo,11.0,western_europe
klagenfurt,26.5,western_europe
bassein,21.0,south_asia
berat,12.0,eastern_europe
el_arish,19.0,north_africa
doeg,2.0,north_america
anar,10.0,middle_east
chiusi,25.0,western_europe
wakmua_oin,6.0,north_america
elgyai,-6.0,north_asia
bolshoye_selo,18.5,eastern_europe
al_jar,4.0,middle_east
jiliu,0.0,east_asia
kochi,20.0,south_asia
hotin,10.5,eastern_europe
kikinda,13.5,eastern_europe
hashatjin,13.0,middle_east
xinchang_yifeng,25.5,east_asia
celano,22.0,western_europe
lujiang,20.5,east_asia
hamdallaye,9.0,west_africa
shchuchye_smolensk,14.0,eastern_europe
sarangani,7.0,south_east_asia
hafik,17.0,middle_east
waqua,1.0,north_america
dowlatabad,11.0,middle_east
teruel,15.0,western_europe
novogrudok,15.0,eastern_europe
al_hirda,7.0,middle_east
kusike,2.0,central_africa
neyriz,11.0,middle_east
baalbek,22.0,middle_east
umm_al_qulban,0.0,middle_east
siberut,14.0,south_east_asia
moingwena,6.0,north_america
khuzhupai,28.5,east_asia
parecis,-6.0,south_america
shoubak,13.0,middle_east
dawbah,2.0,middle_east
kamienna_gora,21.0,eastern_europe
canatlan,2.0,north_america
multnomah,1.0,north_america
tenkeli,-7.0,north_asia
hicayagua,-8.0,north_america
dargaz,6.0,central_asia
damietta,27.5,north_africa
balanggarra,-7.0,australasia
vicela,0.0,north_america
tulsipur,30.5,south_asia
nabek,12.0,middle_east
guaimaro,-6.0,north_america
yongshou,23.0,east_asia
sroda_wielkopolska,20.5,eastern_europe
martyshkino,14.0,eastern_europe
yulin,18.0,east_asia
vik,3.0,western_europe
xuande,22.0,east_asia
araquara,-1.0,south_america
nnewi,-1.0,west_africa
witset,-9.0,north_america
uchangidurga,19.0,south_asia
umboi,-11.0,pacific_islands
kwesten,-8.0,pacific_islands
hammershus,16.0,western_europe
patpatar,-11.0,pacific_islands
karnal,30.5,south_asia
santo_antao,-1.5,west_africa
yellel,17.0,north_africa
kirando,-3.0,east_africa
udya,-7.0,north_asia
lorelai,19.0,south_asia
sainapuchi,0.0,north_america
gawilgarh,18.5,south_asia
kibrus,13.5,middle_east
bilbao,20.0,western_europe
yeongyang,21.0,east_asia
longzhou_fengxiang,21.0,east_asia
cardiff,17.25,western_europe
roslavl,16.0,eastern_europe
toyoura,24.5,east_asia
azrou,12.0,north_africa
ahuilizapan,6.0,north_america
tawande,-6.0,south_america
dioila,12.5,west_africa
ukomno_om,-3.0,north_america
qianyou,19.0,east_asia
goaso,-4.0,west_africa
sangay,2.0,south_america
yongchun,27.0,east_asia
tende,5.0,central_africa
kysyl_syr,-6.0,north_asia
asuf,9.0,north_africa
yukpa,-1.0,south_america
ouiauirabugu,-11.0,north_america
toek_khmau,12.0,south_east_asia
khor_fakkan,-2.0,middle_east
plzen,27.0,western_europe
etoho,1.0,north_america
tuorbchany,-9.0,north_asia
matarjawira,5.0,south_america
pairindi,4.0,south_america
tsesi,9.0,eastern_europe
namaan,3.5,north_america
uruguay,2.0,south_america
guimaraes,18.0,western_europe
chikowa,-0.5,southern_africa
atrat,8.5,eastern_europe
kolhapur,22.0,south_asia
panchagarh,31.0,south_asia
wipetikil,-11.0,north_america
ygyatta,-8.0,north_asia
friedberg,24.0,western_europe
rykuul,-7.0,north_asia
enare,2.5,western_europe
muang_et,20.5,south_east_asia
bailundo,5.0,central_africa
kriitina,-8.0,western_europe
rharhabe,-6.0,southern_africa
ningyang,31.0,east_asia
paru,-11.0,south_america
tomtor,-6.0,north_asia
piskorowice,15.5,eastern_europe
kol_papua,-12.0,pacific_islands
orkdal,9.25,western_europe
mnihaha,2.0,north_america
yenotayevka,2.5,eastern_europe
carpio,27.5,western_europe
anambas_islands,14.0,south_east_asia
lipsk,15.5,eastern_europe
ne_shuta,4.0,north_america
nagaoka,20.0,east_asia
hunfeld,21.0,western_europe
cassano,22.0,western_europe
yap,-4.75,pacific_islands
nutepylmyn,-6.0,north_asia
saransk,8.5,eastern_europe
bar_le_duc,25.0,western_europe
korostyshiv,16.0,eastern_europe
tadmur,13.0,middle_east
biala_rawska,14.0,eastern_europe
drahichyn,13.0,eastern_europe
baodi,31.0,east_asia
chunsua,4.0,south_america
sarybulak,-1.0,north_asia
ongamira,2.0,south_america
kakol_kiej,4.0,north_america
gakona,-3.0,north_america
shyrokyne,2.0,eastern_europe
aullagas,3.0,south_america
kitamuro,21.0,east_asia
cumumba,-3.0,north_america
kojur,15.0,middle_east
chakma,16.0,south_east_asia
derbeke,-8.0,north_asia
penglai,32.25,east_asia
uttarkashi,22.0,south_asia
kleve,27.5,western_europe
natal,17.0,south_east_asia
mucuri,-7.0,south_america
pegas,-6.0,south_america
yuyao,32.0,east_asia
haikang,29.0,east_asia
phongsali,22.5,south_east_asia
hjo,14.0,western_europe
tarung,22.5,south_east_asia
puna,2.0,south_america
kebili,9.0,north_africa
gardez,15.0,middle_east
bissagos,-1.0,west_africa
dongchuan,25.5,east_asia
ganzhou,19.0,east_asia
vellore,14.0,south_asia
suonikyla,-2.5,western_europe
baba,7.0,south_america
slonim,13.0,eastern_europe
tidni,-5.0,australasia
yunggai,-3.0,australasia
mongnai,22.5,south_east_asia
meletovo,18.5,eastern_europe
zongyang,29.5,east_asia
gandersheim,19.0,western_europe
segah,14.0,south_east_asia
verkhneyarkeyevo,5.5,eastern_europe
buren_khem,3.5,east_asia
yaoshan,29.0,east_asia
sambas,9.0,south_east_asia
ma_amtagila,-4.5,north_america
bygdea,2.0,western_europe
hulu_segama,11.0,south_east_asia
nyangwe,-3.0,central_africa
rejaf,7.5,east_africa
salona,11.0,eastern_europe
nemaha,8.0,north_america
suki,-11.0,pacific_islands
yamakoshi,-5.0,east_asia
kars,11.0,eastern_europe
chippenham,22.0,western_europe
qobustan,10.0,eastern_europe
feltre,20.0,western_europe
yueqing,31.0,east_asia
kharyyalakh,-9.0,north_asia
ambaca,4.0,central_africa
frankfurt,36.5,western_europe
wulong,25.5,east_asia
gourma_rharous,9.5,west_africa
eampepaigosode,-4.0,south_america
maubeuge,19.0,western_europe
tesechoacan,6.5,north_america
puget_theniers,14.0,western_europe
insterburg,15.0,eastern_europe
itkanaahtuusu,-2.0,north_america
khelhghubunt_en,-9.0,north_america
mong_yawng,22.5,south_east_asia
aizkraukle,18.5,eastern_europe
kota_pinang,19.0,south_east_asia
pecatonica_wi,1.0,north_america
joigny,21.0,western_europe
lokono,-6.0,south_america
huangping,23.5,east_asia
xianning_xian,28.0,east_asia
skalholt,-1.0,western_europe
dingxiang,29.0,east_asia
cine,16.5,middle_east
arkadak,10.5,eastern_europe
an_nil,7.5,middle_east
pantagoras,-1.0,south_america
suktogeja_o_ipa,0.0,north_america
dymer,20.5,eastern_europe
upia,4.0,south_america
xisha,21.5,east_asia
starodub_votsky,11.5,eastern_europe
otavalo,7.0,south_america
ambriz,-2.0,central_africa
carlow,15.0,western_europe
chilkootg_trail,-6.0,north_america
priyutnoye,4.5,eastern_europe
anticosti,-8.0,north_america
beaune,25.5,western_europe
narodychi,9.0,eastern_europe
tangasootack,-3.0,north_america
livadeia,12.0,eastern_europe
kaniv,16.5,eastern_europe
chor,17.0,south_asia
chateauneuf_de_randon,19.0,western_europe
ndar,4.75,west_africa
amqui,-11.0,north_america
cibadak,17.0,south_east_asia
dogonbadan,14.0,middle_east
zinjibar,7.0,middle_east
ulju,28.75,east_asia
tu_sis_nde,3.5,north_america
taplejung,22.0,south_asia
frombork,14.0,eastern_europe
qena,27.5,north_africa
al_udhaim,0.0,middle_east
liangxian_ruzhou,33.0,east_asia
nyalam,1.5,east_asia
muse,20.5,south_east_asia
svrljig,11.0,eastern_europe
piscataquis,0.0,north_america
storozhynets,10.0,eastern_europe
miskolc,13.5,eastern_europe
kolo,20.0,eastern_europe
luyi,32.0,east_asia
jiezhou,23.0,east_asia
modasa,19.5,south_asia
ixesi,-6.0,southern_africa
madembe,-9.0,central_africa
dingtao,31.0,east_asia
lar,8.0,middle_east
ichuna,1.0,south_america
birnin_kebbi,13.0,west_africa
papamane,-3.0,south_america
north_jeongju,14.0,east_asia
xinfeng_panyu,22.0,east_asia
guise,25.0,western_europe
kabachischi,3.5,eastern_europe
gokju,19.0,east_asia
mono,-8.0,pacific_islands
marrat,22.0,middle_east
forcalquier,18.5,western_europe
nee_tahi_buhn,-8.0,north_america
chamcha,-6.0,north_asia
kegaska,-11.0,north_america
brescia,34.0,western_europe
chona_trail,-6.0,north_asia
fahrej,9.0,middle_east
bong_son,14.0,south_east_asia
bundjalung,1.0,australasia
ntshekane,-2.0,southern_africa
apui,22.5,south_east_asia
shenqiu,32.0,east_asia
rajanari,27.5,south_asia
ckara_ama,0.0,south_america
kayeli,14.0,south_east_asia
al_jawf,7.0,north_africa
choate,-1.0,north_america
akcasehir,20.5,middle_east
penafiel,19.5,western_europe
koshkar_ata,7.0,central_asia
jaltepec,6.0,north_america
tumul,-6.0,north_asia
kuskatan,4.5,north_america
vienna,32.5,western_europe
jingyang,22.0,east_asia
jessore,31.5,south_asia
tugaloo,1.0,north_america
yabrin,2.0,middle_east
neriungri,-3.0,north_asia
oreos,12.25,eastern_europe
luujarvi,-5.0,western_europe
aowa,8.0,north_america
guaduas,0.0,south_america
zadian,11.0,central_asia
jiaocheng,25.0,east_asia
sakwatamau,-8.0,north_america
manitowi_sakahikanihk,4.0,north_america
biria,-1.0,australasia
afikpo,-0.5,west_africa
qiantun,21.0,east_asia
yaozhou,20.0,east_asia
tchesha,3.0,north_america
alishang,13.5,middle_east
muara_sabak,14.0,south_east_asia
scw_exmx,-10.0,north_america
atacames,3.0,south_america
dangyang,29.0,east_asia
murcheh_khvort,11.0,middle_east
ayahciyiniw_sakahikan,-10.0,north_america
turgut,13.0,middle_east
tahquamenon,-2.0,north_america
chinili,-2.0,north_america
chrzanow,14.0,eastern_europe
kawanuma,18.0,east_asia
kholunitsky,-0.5,eastern_europe
benewah,-2.0,north_america
winnee,1.0,north_america
verden,21.5,western_europe
trollaborg,8.0,western_europe
totobiegosode,-5.0,south_america
eswawpuddenah,1.0,north_america
konga,11.0,western_europe
nilapohuana,1.0,north_america
kukra,-1.5,north_america
ofoti,3.0,western_europe
drohobych,15.0,eastern_europe
cuito,2.0,central_africa
tselgaii,2.0,north_america
egegik,-10.0,north_america
pebuenmapu,3.0,south_america
winimuc,-8.0,north_america
bajestan,11.0,middle_east
shuangshui,26.0,east_asia
maskikogamak,0.0,north_america
suma,0.5,north_america
makarato,11.0,south_east_asia
stary_tekov,16.0,eastern_europe
wolmirstedt,21.5,western_europe
oristan,-11.0,north_america
shunning,20.5,east_asia
garadoume,9.0,west_africa
qishui,31.5,east_asia
gueme_sangan,-0.5,west_africa
hilo,-11.0,pacific_islands
gunzburg,24.5,western_europe
kezhma,-7.5,north_asia
almaden,14.5,western_europe
kundi,0.0,east_africa
laran,15.0,south_east_asia
mitse_adazi,-9.0,north_america
baochang,27.0,east_asia
furstenberg,22.0,western_europe
shangyou,21.0,east_asia
andkhoy,10.0,central_asia
plieran,12.0,south_east_asia
giresun,14.0,middle_east
tetrino,-2.0,western_europe
el_alamein,21.0,north_africa
yurakar,-1.0,south_america
tempiopausania,12.0,western_europe
khimni,3.0,east_asia
kai_theli_ke_hot_inne,-11.0,north_america
lalek_cotaa,4.0,south_america
nazarovo,-6.0,north_asia
mairete,9.5,south_east_asia
juckasjarvi,4.5,western_europe
muxima,3.0,central_africa
makuda,26.0,east_asia
tralee,12.0,western_europe
umatilla,-6.0,north_america
orekhovna,16.5,eastern_europe
bajwara,28.0,south_asia
snasa,0.0,western_europe
samiram,14.0,middle_east
karau,16.0,south_east_asia
ekenas,8.0,western_europe
tabou,-0.5,west_africa
bouake,-0.5,west_africa
bordj_bou_arreridj,10.0,north_africa
atuel,-1.0,south_america
cibagalaax,-9.0,north_asia
chamcook,-2.0,north_america
monemvasia,20.25,eastern_europe
ugrovesk,16.5,eastern_europe
padaividu,17.0,south_asia
rajgir,34.0,south_asia
mingxi,26.0,east_asia
guiping,25.5,east_asia
alashakhan,7.0,central_asia
paramonga,1.0,south_america
banqiao,24.5,east_asia
hiraka_aomori,15.0,east_asia
stralsund,21.5,western_europe
bria,-4.0,central_africa
izeh,16.5,middle_east
serzhik,3.0,east_asia
matamba,-3.0,central_africa
kirkenes,5.0,western_europe
salameh,11.0,middle_east
kafia_kinji,7.5,east_africa
anegandi,23.5,south_asia
tollantzinco,9.0,north_america
caete_brasil,-2.0,south_america
szolnok,16.5,eastern_europe
kamchatka_trail2,-11.0,north_asia
bares,-6.0,south_america
altayn_ovor_gobi,-4.0,east_asia
kuldiga,16.5,eastern_europe
taktsang,22.0,east_asia
guangchang,26.0,east_asia
nenagh,13.5,western_europe
bihar,17.0,eastern_europe
lianshan,23.0,east_asia
zouar,2.0,west_africa
eichstatt,20.0,western_europe
burqin,5.5,east_asia
zyyn_tar_nuur,4.0,east_asia
muang_phalan,21.5,south_east_asia
quiahuiztlan,1.0,north_america
dunamase,16.0,western_europe
condom,21.0,western_europe
south_andaman,18.25,south_east_asia
krumlov,18.0,western_europe
eruh,14.5,middle_east
troitskoye_na_shchigrakh,6.0,eastern_europe
baniyas,20.25,middle_east
sohra,15.0,south_asia
savantvadi,17.0,south_asia
chakadee_wakpa,-2.0,north_america
lianjiang,31.0,east_asia
cangwu,22.5,east_asia
el_metemma,4.5,east_africa
afmadow,11.5,east_africa
yans,-6.0,central_africa
pocumtuck,0.0,north_america
seongcheon,18.5,east_asia
ulu_sysy,-8.0,north_asia
kealedji,1.0,north_america
gorizia,15.0,eastern_europe
wugang,24.0,east_asia
al_huwaila,2.0,middle_east
rembarnga,-8.0,australasia
pustozersk,0.5,eastern_europe
abiz,11.0,middle_east
bizerte,20.0,north_africa
xindu,36.0,east_asia
tubigarao,16.0,south_east_asia
pio_gwut,-7.0,north_america
wolow,19.5,eastern_europe
dallol,2.0,east_africa
suntar,-6.0,north_asia
xunhe,7.5,east_asia
mishkwagokag,-1.0,north_america
cuauhtolco,6.0,north_america
carasova,11.5,eastern_europe
mahkato,6.0,north_america
bungu,-2.0,east_africa
bezhanitsy,9.0,eastern_europe
uskudar,21.75,middle_east
bhimber,29.5,south_asia
silla,-1.0,west_africa
albreda,0.0,west_africa
atfalati,1.0,north_america
kovel,14.0,eastern_europe
varde,18.5,western_europe
hulagan,-8.0,west_africa
tres_pontas,-2.0,south_america
nebesek,1.0,north_america
jaca,14.0,western_europe
bundi,18.5,south_asia
chuvan2,-5.0,north_asia
nicobar,14.0,south_east_asia
ust_sheksna,10.5,eastern_europe
hawoben,-6.0,southern_africa
pologoye_zaymishche,4.5,eastern_europe
aroche,20.0,western_europe
xpuhil,2.0,north_america
ozurgeti,12.0,eastern_europe
bogorodskoye_pereyaslavl,14.0,eastern_europe
mecatina,-8.0,north_america
die,14.0,western_europe
sarinena,15.0,western_europe
drogheda,13.25,western_europe
zbarazh,16.0,eastern_europe
changping,31.0,east_asia
zanzibar,9.0,east_africa
svendborg,16.0,western_europe
buddahatchie,-1.0,north_america
weshacum,-2.0,north_america
orvietano,23.0,western_europe
muang_luang_phukha,21.0,south_east_asia
karor_2,22.5,south_asia
machichi,-10.0,north_america
muko,29.0,east_asia
tuchola,13.0,eastern_europe
mugla,14.0,middle_east
qingxiang,27.0,east_asia
preah_khan_kompong_svay,19.0,south_east_asia
yatsushiro_higo,17.0,east_asia
kong,4.5,west_africa
coosaw,-1.0,north_america
birnin_zamfara,14.0,west_africa
azia,-1.0,west_africa
khukhan,24.5,south_east_asia
toropets,16.0,eastern_europe
khalis,12.5,middle_east
kazaure,6.0,west_africa
guangning,16.0,east_asia
pingxiang_pingxiang,20.0,east_asia
tamberias,5.0,south_america
alcacer_do_sal,17.5,western_europe
ohktouna,0.0,north_america
adixoodagoorahareesh,4.0,north_america
twante,19.5,south_east_asia
nipissu,-6.0,north_america
strangnas,15.0,western_europe
ishkoman,12.0,south_asia
uataaq,-5.0,north_america
yanatile,7.0,south_america
coyle,-3.0,south_america
ozanna,-6.0,north_america
dehistan,8.0,central_asia
bokey,0.0,eastern_europe
mosbach,23.5,western_europe
leshukonskoye,-0.5,eastern_europe
koknar,-8.0,australasia
kibengo,-0.5,east_africa
melk,30.5,western_europe
chertanla,0.0,eastern_europe
delemont,15.0,western_europe
qaryat_al_bidh,11.0,middle_east
afsin,14.0,middle_east
ludlow,15.0,western_europe
shiraz,22.0,middle_east
semiostrov,-7.0,western_europe
pinya,29.5,south_east_asia
nomatsigenga,1.0,south_america
sumtiin,-1.0,east_asia
sauzas,2.0,north_america
jebba,2.5,west_africa
sonhat,26.0,south_asia
egilsstadir,-5.0,western_europe
basra,17.5,middle_east
qihe,30.5,east_asia
tupik,-2.0,north_asia
jaintiapur,16.5,south_asia
bigadic,15.0,middle_east
echiy,-9.0,north_asia
kimaama,-5.0,pacific_islands
khemchik,6.5,east_asia
gana,-4.0,southern_africa
sevede,12.0,western_europe
zarghun_shahr,13.0,middle_east
west_hanos,-1.0,north_america
saarijarvi,-0.5,western_europe
chibvumani,1.5,southern_africa
nong_khay,17.5,south_east_asia
kariyan,11.0,middle_east
el_balyana,27.5,north_africa
dezadeash_trail,-7.0,north_america
monxoro,-1.0,south_america
tlapacoya,8.0,north_america
argamakli_sarai,8.5,eastern_europe
bukelon,23.5,eastern_europe
kwa_chavira,4.5,central_africa
crato,22.5,western_europe
kutlovitsa,14.0,eastern_europe
newenken,-4.0,south_america
kaunas,18.5,eastern_europe
samba,16.0,south_east_asia
saham,2.0,middle_east
rovereto,22.5,western_europe
kalumpang,17.0,south_east_asia
killycolly,9.0,western_europe
wadi_el_melik,4.0,east_africa
kuujjuarapik,-5.0,north_america
apica,1.0,north_america
paredarerme,-4.0,australasia
bardsir,10.0,middle_east
saarde,13.0,eastern_europe
sededema,-6.0,north_asia
nosy_be,-7.0,east_africa
ocro,1.0,south_america
sirte,12.25,north_africa
khoiniki,18.5,eastern_europe
mamadysh,6.5,eastern_europe
baraqish,5.0,middle_east
yanqul,-1.0,middle_east
xincheng,29.5,east_asia
erzin,3.0,east_asia
chalco,10.0,north_america
itajui,-3.0,south_america
wudjari,-5.0,australasia
kernave,16.5,eastern_europe
villaines,21.0,western_europe
bojnord,9.0,central_asia
mandsaur,21.5,south_asia
cawachagamite,-8.0,north_america
reydarfjordur,-2.25,western_europe
kegen,11.0,central_asia
jororo,1.0,north_america
tadlyeoan,-7.0,north_asia
ohoi_ewur,14.0,south_east_asia
atikaki,-7.0,north_america
hull,19.0,western_europe
mesudiye,14.0,middle_east
sarlat,18.5,western_europe
siak,12.0,south_east_asia
huancachaca,2.0,south_america
tetouan,16.5,north_africa
hornborg,14.0,western_europe
sughar,12.0,middle_east
etrek,15.0,middle_east
pasho,12.5,east_asia
tianchang,32.0,east_asia
uist,3.25,western_europe
tongan_lijiang,19.5,east_asia
stratford,20.0,western_europe
wieruszow,14.0,eastern_europe
meduxnekeag,-2.0,north_america
yemilchyne,13.0,eastern_europe
kachemak,-2.5,north_america
pampa,-1.0,south_america
rarotonga_atoll,-7.0,pacific_islands
bronnitsy,16.5,eastern_europe
nukanobu,18.0,east_asia
hongyuan,24.0,east_asia
gorkha,23.0,south_asia
mobaye,-6.0,central_africa
akure,-1.0,west_africa
calcasieu,6.0,north_america
tula,0.0,north_america
kitahei,15.0,east_asia
shulan,8.0,east_asia
galati,4.5,eastern_europe
kaliakra,12.0,eastern_europe
meshchersk,14.5,eastern_europe
birali,4.0,middle_east
agh_qala,6.0,central_asia
natahende,1.0,north_america
mingin_australia,-9.0,australasia
jalor,17.0,south_asia
mitic,9.0,north_america
kikuta,17.0,east_asia
ronglung,0.0,east_asia
metabeskega,-2.0,north_america
bimbilla,4.5,west_africa
mikulino_tver,16.5,eastern_europe
barna,-4.0,australasia
chittagong,34.0,south_east_asia
boutti,7.0,west_africa
jabar_goemba,17.0,south_asia
taranto,28.0,western_europe
ukhahlamba,-1.0,southern_africa
isatabu,-12.0,pacific_islands
kilkenny,20.0,western_europe
karahisar_i_teke,16.0,middle_east
bula,17.0,south_east_asia
nansemond,-1.0,north_america
skene,12.0,western_europe
yaguachi,1.0,south_america
faaite_atoll,-7.0,pacific_islands
mosopeleacipi,-2.0,north_america
sherwan,19.5,south_asia
squliq,25.0,east_asia
chical_co,-3.0,south_america
inverary,5.0,western_europe
wapinippi,1.0,north_america
ennis,11.0,western_europe
apafalaya,1.0,north_america
slobodskoy,-0.5,eastern_europe
jiaoxi,31.0,east_asia
chepo,1.0,north_america
amal,6.0,western_europe
nakenk,-5.0,south_america
kabakama,4.5,west_africa
bulbancha,3.0,north_america
mishan,11.5,east_asia
kukamonga,0.0,north_america
yashikumne,-1.0,north_america
karakilise,9.5,eastern_europe
tlamazolan,8.0,north_america
qasr_ahnaf,16.0,central_asia
eskippakaithiki,-2.0,north_america
nunnanen,-0.5,western_europe
huhuhla,-1.0,north_america
kassai,-1.0,central_africa
tabasokwia,-11.0,north_america
jeungsan,23.0,east_asia
dzibilnocac,6.0,north_america
goodpaster,-6.0,north_america
manaos,-6.0,south_america
dharmasraya,16.0,south_east_asia
liuyuan,23.0,east_asia
snt_t_ulix,-5.0,north_america
sansepolcro,23.5,western_europe
jaburrara,-8.0,australasia
braga,18.0,western_europe
tses_tsembai,9.0,north_america
srisailam,18.5,south_asia
kozluk,16.0,middle_east
apurlec,6.0,south_america
north_buganda,2.5,east_africa
lizhou_mahu,22.0,east_asia
koygorodok,-1.0,eastern_europe
lokera,4.0,east_africa
ihara,25.5,east_asia
farasan,8.25,middle_east
chaoyang,28.25,east_asia
tecozautla,6.0,north_america
kolumba,14.0,south_east_asia
chillan,8.0,south_america
turenne,18.5,western_europe
albarracin,17.0,western_europe
ejea_de_los_caballeros,17.5,western_europe
forchheim,24.0,western_europe
cherven,18.5,eastern_europe
corfu,14.75,eastern_europe
sterlibashevo,6.0,eastern_europe
northway,-7.0,north_america
wicomico,0.0,north_america
fucheng,19.0,east_asia
changshe,39.0,east_asia
lemone,-3.0,central_africa
salylyk,-8.0,north_asia
elki,5.0,south_america
hajar,4.0,middle_east
bislig,8.0,south_east_asia
kashima,27.5,east_asia
kaingang,-4.0,south_america
qashliq,-11.0,north_asia
thung_arra,2.0,australasia
anajas,-11.0,south_america
daga_papua,-12.0,pacific_islands
jambi,19.0,south_east_asia
gyeongju,27.0,east_asia
savukoski,1.5,western_europe
caconda,3.0,central_africa
poole,25.0,western_europe
yicheng,26.5,east_asia
colmenar,18.0,western_europe
muge,23.0,east_asia
marimba,-3.0,central_africa
loigan_sibo,1.0,north_america
baicang,33.5,east_asia
uftyuga,7.5,eastern_europe
kostopil,16.5,eastern_europe
olguydakh,-8.0,north_asia
houmi,21.0,east_asia
maumee,-4.0,north_america
tecalco,13.0,north_america
kizel,-2.5,eastern_europe
tiksi,-7.0,north_asia
apispaha,-1.0,north_america
tasty,11.0,central_asia
targoviste_BUL,13.0,eastern_europe
jubbah,0.0,middle_east
al_khaburah,2.0,middle_east
jinan,22.0,east_asia
phon_hong,17.5,south_east_asia
nedroma,11.0,north_africa
nicosiasic,17.0,western_europe
valencia_de_alcantara,22.5,western_europe
kosice,18.0,eastern_europe
mathoskabde,6.0,north_america
jahrom,13.0,middle_east
pixipixi,-11.0,south_america
usman,8.0,eastern_europe
leping,29.5,east_asia
kallawaya,4.0,south_america
hatera,10.0,eastern_europe
kangasniemi,2.0,western_europe
nisab,3.0,middle_east
kosalu,1.0,north_america
aleppo,22.0,middle_east
sangliat_dol,17.0,south_east_asia
mstow,16.0,eastern_europe
vlasovo,16.5,eastern_europe
enashimo,-6.0,north_asia
wetarhoo,-2.0,north_america
novoaidar,8.5,eastern_europe
kahmard,8.0,central_asia
chatillonaos,21.0,western_europe
norwich,27.0,western_europe
mudhaykirah,3.0,middle_east
neustadt_am_rubenberge,21.0,western_europe
ulaan,-2.0,east_asia
ascolipiceno,26.0,western_europe
qingfeng,31.5,east_asia
lishi,26.0,east_asia
andarai,-7.0,south_america
oster,18.5,eastern_europe
narbonne,29.0,western_europe
cavalese,17.0,western_europe
zhokha,7.5,east_asia
nauhtlan,4.0,north_america
mamyn,11.5,east_asia
xoxonal,1.0,north_america
julfar,-2.0,middle_east
yongfu_fuzhou,26.0,east_asia
baoji,30.5,east_asia
kom_ombo,25.5,north_africa
hulu_lamandau,13.0,south_east_asia
bembe_kongo,-3.0,central_africa
sho,14.5,east_asia
jalpaiguri,26.5,south_asia
benfeld,26.5,western_europe
hirmata,8.0,east_africa
cofaqui,1.0,north_america
mong_hsat,21.0,south_east_asia
ketagalan,26.0,east_asia
linqu,28.0,east_asia
mohko,-8.0,western_europe
haymana,15.0,middle_east
buhoodle,6.0,east_africa
caycos,-4.0,north_america
tootinaowaziibeeng,1.0,north_america
krychaw,16.5,eastern_europe
kuznetsk,-9.0,north_asia
otrozhny,-5.0,north_asia
gronnedal,-4.5,western_europe
yanggu_yanzhou,28.5,east_asia
nanja,-1.0,australasia
kak,-3.0,north_asia
sao_joao_rei,-2.0,south_america
ayas,21.5,middle_east
garun_gabas,9.0,west_africa
al_thulayma,4.0,middle_east
dera_ghazi_khan,22.5,south_asia
xochimilco,10.0,north_america
shandan,14.0,east_asia
jiexiu,25.0,east_asia
prosek,9.5,eastern_europe
naumkeag,0.0,north_america
coixtlahuacan,3.0,north_america
kilmez,5.5,eastern_europe
maraza,8.0,eastern_europe
winnipeg,1.0,north_america
chitina,-10.0,north_america
mallacoota,-2.0,australasia
yuanshi_zhending,27.0,east_asia
visakhapatnam,17.75,south_asia
ueckermunde,17.0,western_europe
duderstadt,19.0,western_europe
pasrur,34.5,south_asia
phalaborwa,-4.5,southern_africa
pukiupukio,1.0,south_america
uru,1.0,south_america
sokolo,9.0,west_africa
north_pumpu,-3.0,central_africa
odaawaa,0.0,north_america
bangkalan,22.0,south_east_asia
mixtlan,6.5,north_america
hambukushu,-6.0,southern_africa
cengtai,22.0,east_asia
ustikolina,12.5,eastern_europe
wagowategok,-1.0,north_america
mizantla,6.0,north_america
shymkent,16.0,central_asia
tugulym,-2.0,north_asia
ifrane,11.0,north_africa
wando,1.0,north_america
siming,22.0,east_asia
cuenca,20.0,western_europe
hiw,25.5,north_africa
trufany,16.0,eastern_europe
tercan,11.5,eastern_europe
kitamogami,16.0,east_asia
catan_lil,-1.0,south_america
rahimabad,11.0,middle_east
ukena,21.0,east_asia
myeongju,24.0,east_asia
dingxi,20.0,east_asia
bo_hai_khau,26.5,south_east_asia
kur,8.5,east_asia
konduga,11.0,west_africa
adrar,7.0,north_africa
xingan,24.0,east_asia
gonogochi,2.0,north_america
koszalin,19.0,western_europe
balle,7.0,west_africa
myslenice,11.0,eastern_europe
maden,-8.0,pacific_islands
nekokiaw,1.0,north_america
kuanhe,10.5,east_asia
massa_MOR,11.0,north_africa
ungwana,4.5,east_africa
jingyan,30.0,east_asia
tobog,7.0,south_east_asia
badong,24.5,east_asia
stadacona,2.5,north_america
gabes,12.25,north_africa
wewoka,7.0,north_america
tamu,19.5,south_east_asia
nabaydacu,9.0,north_america
ancona,31.5,western_europe
morphou,17.0,middle_east
hanasaki,-11.0,east_asia
ilovna,10.5,eastern_europe
baoying,27.0,east_asia
pichinamei,-6.0,north_america
cegani,7.5,eastern_europe
sotk,10.0,eastern_europe
xalima,-5.0,north_asia
litomerice,25.5,western_europe
icalo,1.0,central_africa
kabambare,-2.0,east_africa
ozoro,-1.0,west_africa
assorodus,2.0,north_america
timucua,4.5,north_america
andros,13.25,eastern_europe
bumbuzi,-2.5,southern_africa
pfaffenhofen,22.5,western_europe
telantunich,6.0,north_america
qipcarpak,-6.0,north_america
yuat,2.0,australasia
lille,30.0,western_europe
rongshan,23.5,east_asia
suure_jaani,13.0,eastern_europe
pouthi_loeu,12.0,south_east_asia
majili,3.0,central_africa
maldarede,4.5,east_africa
iny_karaja,-1.0,south_america
girgenti,19.0,western_europe
loulan,6.5,east_asia
kuemgo,5.0,central_africa
haskaont,1.0,north_america
kavaje,19.0,eastern_europe
bardejov,15.0,eastern_europe
lignieres,21.0,western_europe
kokpekty,-3.0,north_asia
gomsi,21.5,south_asia
cluj,21.0,eastern_europe
huesca,23.0,western_europe
nakchu,9.5,east_asia
junagarh,17.0,south_asia
mongpai,17.5,south_east_asia
mitsogo_kongo,-9.0,central_africa
maungdaw,15.25,south_east_asia
machevna,-11.0,north_asia
kutu,9.5,east_africa
boowe,-6.0,central_africa
zinjanja,-3.0,southern_africa
bocto,3.5,north_america
igushiq,-12.0,north_america
konstanz,28.5,western_europe
adeqiu,23.5,east_asia
cukataw,6.5,eastern_europe
talman_boorj,3.5,east_asia
mansila,9.0,west_africa
viseu,20.0,western_europe
yoli,-1.0,north_america
shohopanaiti,-12.0,north_america
baure,-1.0,south_america
churkampa,1.0,south_america
yupangathi,-4.0,australasia
saint_jean_de_maurienne,17.0,western_europe
hoyerswerda,19.5,western_europe
toyal,9.75,north_america
iztachacalapan,6.5,north_america
prasong,17.0,south_east_asia
shangyu,32.0,east_asia
liebenwerda,19.0,western_europe
chornukhy,16.0,eastern_europe
borg,13.5,western_europe
llangollen,11.0,western_europe
ndorwa,2.5,east_africa
guzor,9.0,central_asia
mghumbhani,-5.5,southern_africa
leadore,-7.0,north_america
bolshaya_gribanovka,8.5,eastern_europe
branna,4.5,western_europe
krutogorovskiy,-7.0,north_asia
katsina_ala,1.5,west_africa
kataka,34.5,south_asia
amaga,-3.0,south_america
manoki,-8.0,south_america
kujunung,5.0,east_africa
barca,16.0,north_africa
osaka,32.75,east_asia
matipo,-2.0,south_america
sufaynah,2.0,middle_east
khayryuzovo,-7.0,north_asia
ushytsia,13.5,eastern_europe
ijathibe_wapta,-1.0,north_america
hailing,34.0,east_asia
aluutashe,1.0,north_america
santarcangelo,21.0,western_europe
samawa,10.5,middle_east
simsir,10.0,eastern_europe
trengganu,17.0,south_east_asia
cumanacoa,-4.0,south_america
pinjarup,0.0,australasia
brosse,21.0,western_europe
daima,9.0,west_africa
qaladiza,15.5,middle_east
bastogne,13.0,western_europe
bourbon,23.5,western_europe
andujar,22.5,western_europe
koshira,16.5,eastern_europe
aquila,24.0,western_europe
xiuwu,33.0,east_asia
tyukhtet,-6.0,north_asia
cuima,5.0,central_africa
al_ghat,0.0,middle_east
kabinda,4.0,central_africa
arbaji,9.5,east_africa
butrint,14.0,eastern_europe
minghe,27.0,east_asia
okoneshnikovo,1.0,north_asia
bor,2.5,east_africa
boussouma,10.0,west_africa
tidjikja,3.0,west_africa
seekonk,1.5,north_america
sidenreng,14.0,south_east_asia
llacsapallanca,1.0,south_america
ballenstedt,17.0,western_europe
bohorodchany,9.0,eastern_europe
cheb,19.0,western_europe
sysma,4.5,western_europe
seonju,18.0,east_asia
assawoman,0.0,north_america
mahony,-6.0,north_america
anula,-8.0,australasia
huichang,26.0,east_asia
al_husayniyah,4.0,middle_east
benevento,25.0,western_europe
wuqing,26.0,east_asia
hoa,-8.0,southern_africa
wuhe,29.5,east_asia
bodebyn,4.5,western_europe
zdvizhen,18.0,eastern_europe
karagau,5.0,central_asia
changyi,33.0,east_asia
wulensi,2.5,west_africa
demirci,14.0,middle_east
drutsk,16.0,eastern_europe
dunaysir,16.0,middle_east
macoriges,-3.0,north_america
ediziza_trail,-8.0,north_america
al_baharah,0.0,middle_east
kasai,-1.0,east_asia
koptam,5.0,central_asia
la_mothe_en_bassigny,23.0,western_europe
radovanu,16.5,eastern_europe
ashida,22.0,east_asia
wujiang_bozhou,24.5,east_asia
mengmeng,19.5,east_asia
iyengra,-2.0,north_asia
tessala,15.0,north_africa
sana,6.0,south_america
kija,-7.0,australasia
wilingura,-6.0,australasia
lucheng_luan,29.5,east_asia
barunggam,-6.0,australasia
kushinagar,28.5,south_asia
ngaous,9.0,north_africa
tembesi,14.0,south_east_asia
rasskazovo,10.0,eastern_europe
birecik,18.5,middle_east
ksiaz_wielki,14.0,eastern_europe
rameshk,12.0,middle_east
polyarny,-7.0,north_asia
saharanpur,30.5,south_asia
pushkino,16.0,eastern_europe
guaxenicos,4.0,north_america
north_andaman,18.25,south_east_asia
varanger,2.5,western_europe
nubzur,6.0,east_asia
wirangu,-6.0,australasia
sheleksa,-0.5,eastern_europe
pertek,11.5,eastern_europe
nushki,10.0,middle_east
ikh_narttin_chuluu,0.0,east_asia
brig,15.5,western_europe
ikaria,12.25,eastern_europe
omoloon,-5.0,north_asia
cuama,-7.5,southern_africa
menominee,-0.75,north_america
mirriah,9.0,west_africa
gunditjmara,-1.0,australasia
zhongkar,17.5,south_asia
minungo,-3.0,central_africa
iguamuco,-0.5,north_america
ringerike,4.5,western_europe
sassari,20.25,western_europe
khorostkiv,20.0,eastern_europe
raigarh,14.0,south_asia
nastapoka,-10.0,north_america
massenya,-4.0,central_africa
ondjiva,-1.0,central_africa
milk_creek,-5.0,north_america
muhayil,5.0,middle_east
cariboo,-10.0,north_america
tidah,20.0,north_africa
targu_neamt,7.0,eastern_europe
karasor,-3.0,north_asia
worabe,5.0,east_africa
caloosahatchee,-3.0,north_america
mangarayi,-3.0,australasia
trevoux,23.5,western_europe
rustaq,2.0,middle_east
katrasgarh,31.0,south_asia
washademoak,-2.0,north_america
takaroa_atoll,-7.0,pacific_islands
al_maghib,0.0,middle_east
guaitaka,-4.0,south_america
el_qasr,14.0,north_africa
kakabeka,-2.0,north_america
eisenach,20.0,western_europe
khorramabad,16.0,middle_east
bocheikovo,16.5,eastern_europe
nachirvik,-7.0,north_america
beersheba,12.0,middle_east
kumba,-4.0,west_africa
toogee,-8.0,australasia
urbino,26.0,western_europe
qutb,8.0,north_africa
numee,-3.0,pacific_islands
shamakhi,8.0,eastern_europe
muhekani,4.0,east_africa
habana,0.0,north_america
aim_maia,-8.0,north_asia
khoy,13.0,middle_east
danleng,28.0,east_asia
funtua,8.0,west_africa
worora,-11.0,australasia
ushmum_tannah,20.0,north_africa
benabarre,15.0,western_europe
nunapichuq,-10.0,north_america
samarra,14.5,middle_east
essen,19.0,western_europe
mathura,28.5,south_asia
tchikunga,-3.0,central_africa
anaco,2.0,south_america
payaku,-3.0,south_america
tuni,19.0,south_asia
niagara,1.0,north_america
unaizah,2.0,middle_east
canossa,21.0,western_europe
shui,16.0,eastern_europe
kyubeme,-9.0,north_asia
arnstadt,18.0,western_europe
onguday,-4.0,north_asia
socksjock,4.5,western_europe
terekli_mekteb,2.0,eastern_europe
harar,6.0,east_africa
shahpur,24.5,south_asia
liangmei,15.5,south_asia
mugamba,-1.5,east_africa
muchuchu,2.5,southern_africa
aguasabon,-3.0,north_america
coatlan,8.5,north_america
frauenfeld,24.5,western_europe
katingan,16.0,south_east_asia
stjordal,3.25,western_europe
koknese,15.5,eastern_europe
paunacussing,-3.0,north_america
kilis,16.0,middle_east
mostaganem,15.25,north_africa
kita,10.0,west_africa
temagami,-5.0,north_america
york,23.0,western_europe
systyg,2.5,east_asia
ust_medveditskaya,8.5,eastern_europe
nbengo,-4.0,central_africa
tanjungpura,16.0,south_east_asia
keyauwee,1.0,north_america
kelif,10.0,central_asia
haapai,-8.0,pacific_islands
velez_malaga,26.0,western_europe
miskah,0.0,middle_east
maerkang,25.5,east_asia
strzelce_opolskie,19.0,eastern_europe
basim,24.5,south_asia
nequecheri,5.5,north_america
fakarava_atoll,-6.0,pacific_islands
argos,24.5,eastern_europe
bjni,13.0,eastern_europe
goniadz,8.0,eastern_europe
parga,12.25,eastern_europe
gillberg,7.0,western_europe
khor_virap,12.5,eastern_europe
saruk,17.0,middle_east
meneeohe,0.0,north_america
miandrivazo,1.5,east_africa
xokleng,-2.0,south_america
kukuta,-1.0,south_america
lubai,17.0,south_east_asia
kataysky,3.0,eastern_europe
trubchevsk,20.0,eastern_europe
jurchi,2.0,eastern_europe
kherigarh,24.5,south_asia
dudinka,-10.0,north_asia
chakota,4.0,east_africa
apytere,-2.0,south_america
kurnai,-4.0,australasia
jenipaboacu,-6.0,south_america
ichuveem,-7.0,north_asia
wuling,33.5,east_asia
marovoay,1.5,east_africa
zlatoust,-2.5,eastern_europe
an_nuqrah,4.0,middle_east
norquinco,-2.0,south_america
bkwejanong,1.0,north_america
unkpatina,6.0,north_america
afif,0.0,middle_east
kaili,23.5,east_asia
nishnabotna,8.0,north_america
barah,4.0,east_africa
soli,10.0,eastern_europe
cuauhtochco,4.0,north_america
bathahalak,-4.0,east_asia
markapur,21.5,south_asia
aslanapa,16.0,middle_east
wangkamana,-4.0,australasia
morondo,1.0,west_africa
rajabar,17.0,south_asia
ashikita,19.0,east_asia
mourionska,-3.0,western_europe
teguise,0.25,north_africa
agvituk,-5.0,north_america
khunwana,-5.0,southern_africa
jianzhou_daizhou,29.0,east_asia
narhata,-3.0,north_asia
rayagada,19.0,south_asia
tungkal,12.0,south_east_asia
tih_go_tel,0.5,north_america
ded_khulsun,2.0,eastern_europe
timana,-3.0,south_america
shambala,11.5,east_africa
kurung,15.0,south_asia
gongxian,32.5,east_asia
fushun_liaoyang,20.5,east_asia
tehotihuacan,7.0,north_america
kamen,0.0,north_asia
tumba_ikoko,-6.0,central_africa
karajia,9.0,south_america
koh_ker,21.5,south_east_asia
pondicherry,22.0,south_asia
alubera,-11.0,north_america
aigun,9.5,east_asia
tes,-3.0,east_asia
gacko,11.0,eastern_europe
verkhoshizhemye,5.5,eastern_europe
huazhou,27.5,east_asia
zabreh,18.0,western_europe
pakpattan,28.5,south_asia
makenenga,-3.0,east_africa
kalecik,18.5,middle_east
nikhdhintanwan,7.0,north_america
bago_negros,11.0,south_east_asia
mokshan,10.0,eastern_europe
bagayevskaya,8.5,eastern_europe
guzhang,25.5,east_asia
phayuhakhiri,21.5,south_east_asia
tboung_khmum,19.5,south_east_asia
marapanim,-13.0,south_america
kamyskala,12.0,central_asia
azghand,9.0,middle_east
loga,9.0,west_africa
potano,-4.0,north_america
zed,1.0,east_asia
zhangsanying,23.0,east_asia
viacha,1.0,south_america
khoja_idat_kala,5.0,central_asia
altdorf,15.0,western_europe
castelfranco,29.0,western_europe
sto_lo,-4.0,north_america
shakhty,4.5,eastern_europe
lupya,-0.5,eastern_europe
sayhat,2.0,middle_east
kilenge,3.0,central_africa
siwa,14.0,north_africa
dunga_bunga,24.5,south_asia
hala,23.5,south_asia
namdal,3.25,western_europe
flix,14.5,western_europe
yarensk,9.5,eastern_europe
taseyevo,-5.5,north_asia
siang,15.5,south_asia
yegaladapa,16.0,south_asia
huayacocotla,6.0,north_america
tsagvli,11.5,eastern_europe
grafenau,17.5,western_europe
lanling,30.5,east_asia
omsk,0.0,north_asia
carcassonne,26.0,western_europe
xiajiang,21.5,east_asia
st_martin,14.0,eastern_europe
jianning,31.5,east_asia
chunoyar,-5.5,north_asia
kabuta,-3.0,east_africa
tivaouane,3.0,west_africa
pyemmairrener,-5.0,australasia
minudasht,10.0,middle_east
beiliu,20.0,east_asia
chactemal,6.0,north_america
tugacho,-7.0,north_america
kel_tegey,-5.0,north_asia
marsoui,-12.0,north_america
siklos,14.5,eastern_europe
lautrec,24.5,western_europe
ponta_delgada,1.25,north_africa
dithakwaneng,-5.0,southern_africa
thaua,-2.0,australasia
weihai,33.5,east_asia
batala,32.5,south_asia
yaquina,-3.75,north_america
ballymena,16.0,western_europe
khvorostyanka,8.5,eastern_europe
qurayyat_al_milh,0.0,middle_east
ezorongondo,-6.0,southern_africa
toro,17.5,western_europe
bar_sur_seine,21.0,western_europe
makary,11.5,west_africa
veragua,-3.0,north_america
akita_kumamoto,25.0,east_asia
kalisusu,14.0,south_east_asia
bombay,29.0,south_asia
boanawari,-3.0,australasia
yulduz,8.0,east_asia
tiancheng,20.0,east_asia
nagykallo,19.0,eastern_europe
atsuta,-5.0,east_asia
chukhloma,9.5,eastern_europe
yir_yoront,-6.0,australasia
xiaozhenan,17.0,east_asia
anupgarh,17.0,south_asia
kochisar,15.0,middle_east
melnya,18.5,eastern_europe
naxi,25.5,east_asia
semcojarvi,-1.0,western_europe
cunhambebe,-1.0,south_america
chauchu_trail2,-7.0,north_asia
dulgalakh,-8.0,north_asia
kafima,-3.0,central_africa
ranikot,14.5,south_asia
achaka,-10.0,north_asia
canhewincasta,-2.0,north_america
zonda,7.0,south_america
hezhou,25.5,east_asia
egin,17.5,middle_east
willimantic,-2.0,north_america
arjeplog,2.5,western_europe
andritsaina,16.0,eastern_europe
guangze,27.5,east_asia
tongcheon,26.0,east_asia
qumis,13.0,middle_east
wengker,20.0,south_east_asia
gien,21.5,western_europe
hejin,33.5,east_asia
vaga,-0.5,eastern_europe
avlayakan,-3.5,north_asia
yangga,-4.0,australasia
jiangshan,32.5,east_asia
siwi,12.0,south_asia
zubala,4.0,middle_east
saida,8.0,north_africa
taghit,9.0,north_africa
hiva_oa,-8.0,pacific_islands
zhob,17.0,south_asia
berga,16.0,western_europe
burga,11.5,eastern_europe
saki,-1.0,west_africa
yemelyanovo,-7.5,north_asia
ishikari,0.5,east_asia
phong_tho,19.5,east_asia
bayei,-6.0,southern_africa
terbyas,-6.0,north_asia
muene_puto,-4.0,central_africa
rampura,19.5,south_asia
lobito,3.0,central_africa
tianzhou,25.5,east_asia
cemisgezek,10.5,eastern_europe
aaku,1.0,north_america
ngambe,-3.5,west_africa
gremi,14.0,eastern_europe
urga,4.0,east_asia
kiwetin_sipi,-5.0,north_america
elcui,-1.0,south_america
kechika_trail,-7.0,north_america
sysy_meyite,-9.0,north_asia
orchha,29.5,south_asia
lukoves,15.5,eastern_europe
tabarida,12.0,north_africa
merelka,2.5,east_asia
steyr,16.0,western_europe
yeongwon,16.5,east_asia
piratininga,-3.0,south_america
fugou,32.0,east_asia
tuyen_hoa,24.5,south_east_asia
goroz,9.5,eastern_europe
ciudad_real,19.5,western_europe
asht,10.0,central_asia
hailun,13.5,east_asia
mallersdorf,24.5,western_europe
panaskerti,12.5,eastern_europe
tinnis,24.25,north_africa
yilaha,11.0,east_asia
bingin,19.0,south_east_asia
bahal,19.0,south_east_asia
kanna,20.5,south_east_asia
conotton,0.0,north_america
bouillon,13.0,western_europe
kawakami_hokkaido,-1.0,east_asia
kuccuntikka,-6.0,north_america
chakan_yucatan,4.0,north_america
hryshyne,6.0,eastern_europe
main,4.0,middle_east
hokah,6.0,north_america
mongo,-7.0,central_africa
malakand,21.0,south_asia
almonaster_la_real,19.0,western_europe
pumaruri,-1.0,south_america
cesena,31.0,western_europe
otomi,5.5,north_america
bilah,17.0,south_east_asia
arutua_atoll,-7.0,pacific_islands
beanka,1.5,east_africa
rinpung,25.0,east_asia
zarabad,12.0,middle_east
gojijin,-7.0,north_america
st_uxwtews,-10.0,north_america
aurillac,16.0,western_europe
hulu_mesuji,19.0,south_east_asia
riedlingen,22.5,western_europe
kuala_kampar,14.0,south_east_asia
guangan,20.0,east_asia
phraek,24.5,south_east_asia
takhilyn,0.0,east_asia
buiunda,-6.0,north_asia
zatec,21.0,western_europe
matilla_de_canos,17.0,western_europe
uraqai,24.5,east_asia
catarman,11.0,south_east_asia
kyat_kala,9.0,central_asia
khamra,-8.0,north_asia
ceeldheer,9.0,east_africa
yongning_hengzhou,26.5,east_asia
ust_katav,3.5,eastern_europe
bolikham,14.5,south_east_asia
tehcha,6.5,east_asia
ansu,31.0,east_asia
bodmin,20.0,western_europe
al_mahani,0.0,middle_east
nacoochee,1.0,north_america
baskamyr,7.0,central_asia
chawasha,2.0,north_america
gonkri,6.0,east_asia
al_sinn,14.5,middle_east
aco,1.0,central_africa
anyksciai,14.0,eastern_europe
moudery,1.5,west_africa
karkaraly,-5.0,north_asia
kalanga,0.0,central_africa
karakax,8.0,east_asia
bogazliyan,15.0,middle_east
mixian,31.0,east_asia
sastmola,-2.0,western_europe
klichaw,16.5,eastern_europe
curvelo,-1.0,south_america
helsinge,12.75,western_europe
tabynsky,6.5,eastern_europe
lubudi,-1.0,central_africa
alpowna,-10.0,north_america
dubronjo,16.0,eastern_europe
halmstad,16.0,western_europe
chitomborwizi,1.0,southern_africa
sarria,17.5,western_europe
yangjiang,27.0,east_asia
ivohibe,3.5,east_africa
tele_nugar,-6.0,central_africa
zhongbu,20.0,east_asia
taokas,30.0,east_asia
novaya_pokrovka,8.5,eastern_europe
sir_bani_yas,2.0,middle_east
verba,16.5,eastern_europe
yongxing_xingguo,24.5,east_asia
paribari,-2.0,south_america
hatam,-8.0,pacific_islands
kamor,-6.0,australasia
voronich,18.0,eastern_europe
mushuau,-9.0,north_america
qizhou,30.5,east_asia
slanic,10.0,eastern_europe
taif,2.0,middle_east
tsuno,23.5,east_asia
figueira,23.5,western_europe
elassona,12.0,eastern_europe
gilgit,16.5,south_asia
ticamaya,3.5,north_america
mussul,-4.0,central_africa
mazeikiai,16.0,eastern_europe
enice,2.0,eastern_europe
smila,16.0,eastern_europe
roros,2.0,western_europe
tonami,24.0,east_asia
thawe,28.5,south_asia
yarok,-12.0,north_asia
wabanaki,-4.0,north_america
szatmar,19.5,eastern_europe
kumayri,14.0,eastern_europe
ugbodu,-1.0,west_africa
dergaon,19.5,south_asia
dushikou,22.0,east_asia
sigi,19.5,south_east_asia
reims,27.0,western_europe
moscow,27.5,eastern_europe
tupirvialuit,-10.0,north_america
urach,19.0,western_europe
kiluata,-3.0,central_africa
porahat,26.5,south_asia
guaniguanico,-8.0,north_america
purwalingga,20.0,south_east_asia
yuchi,-2.0,north_america
lelchytsy,8.0,eastern_europe
daxing,35.0,east_asia
cachopostales,5.5,north_america
baytak,5.0,central_asia
mengtong,23.0,east_asia
tonala_chiapas,6.0,north_america
tefelfelt,17.0,north_africa
erris,6.0,western_europe
al_majazah,2.0,middle_east
belur,18.0,south_asia
anji,31.0,east_asia
guringai,1.0,australasia
kobenhavn,25.0,western_europe
natanz,10.0,middle_east
gap,17.5,western_europe
swikshak,-7.0,north_america
yangguan,12.0,east_asia
rakitnoye,6.0,eastern_europe
suyunduk,11.0,central_asia
kulanotpes,7.0,central_asia
arock,-8.0,north_america
taymylyr,-8.0,north_asia
tomelloso,15.0,western_europe
purace,-1.0,south_america
north_letota,-0.5,central_africa
chibougamau,-8.0,north_america
jing,5.0,east_asia
yauan,-5.0,australasia
molodoi_tud,18.5,eastern_europe
wiskapella,2.0,north_america
bobbili,17.0,south_asia
devrekani,17.0,middle_east
tupiza,3.0,south_america
cologne,41.5,western_europe
isoya,-5.0,east_asia
aldan,-9.0,north_asia
tanjin,22.5,east_asia
delger_moron,2.0,east_asia
thaba_nchu,-5.0,southern_africa
tongcheng_wuchang,31.0,east_asia
nababeep,-9.0,southern_africa
suqian,38.5,east_asia
jizzakh,11.0,central_asia
belz,13.0,eastern_europe
tetyushi,8.5,eastern_europe
kuandian,12.5,east_asia
ust_stanovykh_ryas,8.0,eastern_europe
einbeck,21.5,western_europe
kua_luziga,4.0,central_africa
korkina_sloboda,0.0,north_asia
geldern,25.5,western_europe
karksi,14.0,eastern_europe
krasny_sulin,6.0,eastern_europe
urgun,19.0,south_asia
wayagamac,-3.0,north_america
jurbarkas,16.5,eastern_europe
xinhure,21.0,east_asia
liaocheng,28.0,east_asia
voronezh,6.5,eastern_europe
pashas,3.0,south_america
yiyuan,28.0,east_asia
rattanaburi,21.5,south_east_asia
hometwoli,-3.0,north_america
rengat,14.0,south_east_asia
kirikongo,11.0,west_africa
galeana,-2.0,north_america
amman,12.0,middle_east
bujang,17.0,south_east_asia
wibazoka_wakpa,8.0,north_america
gurramkonda,18.0,south_asia
derge,14.5,east_asia
krupki,16.0,eastern_europe
sabanes,-8.0,south_america
miercurea_cluc,18.0,eastern_europe
negoot,-3.0,north_america
kasur,28.5,south_asia
timbuktu,10.0,west_africa
gandia,29.0,western_europe
mong_yang,23.5,south_east_asia
gimje,30.5,east_asia
saarijoki,-1.0,western_europe
gigen,16.5,eastern_europe
nandan_tengcheng,21.0,east_asia
massabo,-6.0,central_africa
dillingen,24.5,western_europe
malye_oserki,-3.0,eastern_europe
verkhoturye,-3.0,eastern_europe
schmalkalden,15.0,western_europe
bitov,21.0,western_europe
afanasyevo,-0.5,eastern_europe
huandacareo,7.0,north_america
oloron,15.0,western_europe
grodno,19.5,eastern_europe
chornobyl,18.5,eastern_europe
laiyang,31.0,east_asia
zhizhets,14.0,eastern_europe
naka,27.0,east_asia
longwangmiao,25.0,east_asia
huichuan_dechang,25.5,east_asia
riano,14.0,western_europe
minnewaukan,8.0,north_america
wadian,20.0,east_asia
cayas,7.0,north_america
ust_kuloy,9.5,eastern_europe
shyngyrlau,2.0,eastern_europe
pingliang,23.0,east_asia
podgorica,13.0,eastern_europe
arti,5.5,eastern_europe
asiniike,-3.25,north_america
khujand,11.0,central_asia
dubrovytsia,10.5,eastern_europe
mako,15.5,eastern_europe
niugtaq,-12.0,north_america
ullum,5.0,south_america
kohir,20.0,south_asia
anambe,-11.0,south_america
bolshaya_laptyuga,-0.5,eastern_europe
rajamahendry,24.5,south_asia
lingzhou,20.5,east_asia
shuiluo,20.0,east_asia
kovran,-7.0,north_asia
sinop,19.75,middle_east
dhamar,7.0,middle_east
ad_disah,-1.0,middle_east
bayramic,16.0,middle_east
hangu,18.0,south_asia
el_jundi,14.0,north_africa
turili,-8.0,north_america
bernovo,14.0,eastern_europe
darzanji,10.0,central_asia
ochyor,-1.0,eastern_europe
sessekinika,-2.0,north_america
anardara,9.0,middle_east
szprotawa,19.0,eastern_europe
palitana,17.0,south_asia
brest,26.0,western_europe
ugbo,-3.0,west_africa
jand,10.0,central_asia
fuzhou_yanan,23.0,east_asia
krakow,27.0,eastern_europe
belaga,13.0,south_east_asia
turbat,12.0,middle_east
haisla,-9.0,north_america
yarkand,18.5,east_asia
tsuru,19.0,east_asia
rov,13.0,eastern_europe
rewa,29.0,south_asia
cianjur,20.0,south_east_asia
yershov,0.0,eastern_europe
indrapura,17.0,south_east_asia
sekili,-6.0,north_asia
zimba,-1.0,east_africa
choiseul,23.0,western_europe
sawran,12.0,central_asia
kuchukskoye,-6.0,north_asia
prades,18.0,western_europe
turuepano,-2.25,south_america
bernay,23.0,western_europe
tapu_tuitn,-1.0,north_america
ski_iyo_he,-2.0,north_america
shangrao,32.5,east_asia
julime,0.5,north_america
jauregui,-1.0,south_america
tampo,0.0,south_america
maxorata,-4.75,north_africa
awka_etiti,-0.5,west_africa
chon_naryn,8.0,central_asia
mindu,0.0,south_america
kekwapskuk,-2.0,north_america
pingjin,30.0,east_asia
menouf,27.5,north_africa
jiangchuan,23.0,east_asia
pune,18.0,south_asia
mombote,-9.0,central_africa
fangcheng,32.0,east_asia
wajarri,-6.0,australasia
whangarei,-5.0,australasia
nizhyn,13.5,eastern_europe
thadij,2.0,middle_east
ushkan,5.0,central_asia
jianli,26.5,east_asia
emthanjeni,-5.0,southern_africa
kalabsha,6.5,east_africa
alexandrovskaya_sloboda,14.0,eastern_europe
xinning_chen,26.5,east_asia
karapinar,13.0,middle_east
asaka,17.0,east_asia
changting,28.5,east_asia
ess,-6.0,north_asia
aviles,17.25,western_europe
berune,16.0,south_east_asia
ngaoundaye,-4.5,central_africa
oban,4.5,western_europe
khadanzaa,2.5,east_asia
popowa_gora,14.0,eastern_europe
servia,12.0,eastern_europe
sharjah,2.0,middle_east
nablus,15.0,middle_east
aligurdaz,14.0,middle_east
coonawarra,1.0,australasia
uffenheim,22.0,western_europe
bana,-4.5,west_africa
dzil_nchaa_sian,-2.0,north_america
makanpur,34.5,south_asia
ikkeri,14.0,south_asia
minokamo,22.0,east_asia
khanapur,14.0,south_asia
czaplinek,14.0,eastern_europe
poligny,17.0,western_europe
uri,4.0,east_africa
wuhu,31.5,east_asia
mingshan,25.0,east_asia
masjed_soleyman,19.5,middle_east
lianzhou,30.0,east_asia
farah,14.0,middle_east
wahemen,-8.0,north_america
amberd,15.0,eastern_europe
ahome,3.0,north_america
colchester,27.0,western_europe
pecunktuk,-3.0,north_america
oochi,21.0,east_asia
manchester,17.0,western_europe
huaiji,25.0,east_asia
axim,-3.0,west_africa
gecheng,22.0,east_asia
guancheng,29.5,east_asia
shiawasee,-1.0,north_america
gemona,25.0,western_europe
samira,4.0,middle_east
kangdaya,8.0,south_east_asia
guide,22.5,east_asia
norman_wells,-3.0,north_america
kurkino,18.0,eastern_europe
hamhmam,-4.0,south_america
ranpur,17.0,south_asia
puge,25.5,east_asia
pulilan,9.0,south_east_asia
kilemba,-2.0,central_africa
el_darad,0.0,east_africa
kulun_olbut,-9.0,north_asia
chinda,0.5,north_america
monghyr,36.0,south_asia
vavuniya,17.0,south_asia
beirut,17.25,middle_east
itaboca,-3.0,south_america
ingedei,-1.0,east_asia
oktahutchee,7.0,north_america
chichitames,3.0,north_america
corumba,-3.0,south_america
fengxi,24.0,east_asia
wurzen,21.0,western_europe
mekapisk,-11.0,north_america
cacapava,1.0,south_america
tongle,19.5,east_asia
naryn,9.0,central_asia
janjira,17.75,south_asia
badimaya,-6.0,australasia
jaen,26.5,western_europe
strabane,7.0,western_europe
bajrajinaparamitapura,22.0,south_east_asia
valparaiso,-7.0,south_america
moshenskoye,16.5,eastern_europe
longquan_taihe,21.0,east_asia
mirama,-1.0,east_africa
berezhnovka,0.5,eastern_europe
akimel_oodham,-1.0,north_america
surui_paiter,-9.0,south_america
sande,16.5,western_europe
berbak,12.0,south_east_asia
sangata,14.0,south_east_asia
kudepyapka,-9.0,north_asia
deloy_ges,-8.0,north_america
serro,-2.0,south_america
genoa,39.75,western_europe
lecco,21.5,western_europe
araouane,5.0,west_africa
kamenskoie,-10.0,north_asia
raigadh,27.0,south_asia
lohr,20.5,western_europe
bednur,14.0,south_asia
kinyama,4.0,central_africa
kippawa,-3.0,north_america
wakokai,1.0,north_america
yaqan_nukiy,-4.0,north_america
honih_hiyo_he,0.0,north_america
nicastro,21.0,western_europe
harrow,30.0,western_europe
luoyuan,31.0,east_asia
muktagacha,27.0,south_asia
sumino,9.0,eastern_europe
ouasioto,-2.0,north_america
rath,31.5,south_asia
luoxiong,21.5,east_asia
dongxiang,27.0,east_asia
chiswell,-3.0,north_america
cantung,14.0,south_east_asia
nowrangapur,22.0,south_asia
timbedra,7.0,west_africa
pashozero,7.0,eastern_europe
baham,-11.0,pacific_islands
gwaram,10.0,west_africa
cuangar,-1.0,central_africa
miranda_de_i_douro,21.5,western_europe
lincheng,31.0,east_asia
metztitlan,9.5,north_america
ukbara,18.5,middle_east
cubiga,1.0,north_america
sabzevar,8.0,central_asia
jianchang_sichuan,27.5,east_asia
sarab_dowreh,15.0,middle_east
guarinoes,0.0,south_america
chaisri,21.5,south_east_asia
niksar,22.5,middle_east
chyhyryn,16.0,eastern_europe
nabagram,16.0,south_asia
guanahani,-3.0,north_america
tangamanga,6.0,north_america
anding_suzhou,14.0,east_asia
nawagarh,19.5,south_asia
osterholz,14.0,western_europe
tauranga,2.75,australasia
kamchatka_trail1,-5.0,north_asia
chanchacc,9.0,south_america
uch,32.5,south_asia
oyate_shisha,8.0,north_america
luxembourg,21.5,western_europe
del_khad,-4.0,east_asia
prirechnyi,0.5,western_europe
itaraholata,2.0,north_america
tekahionhake,-1.0,north_america
lakhva,10.5,eastern_europe
karlivka,6.0,eastern_europe
nuket,14.0,central_asia
to_aheedliinii,-4.0,north_america
mejnypilgyn,-10.0,north_asia
jerramungup,-5.0,australasia
julah,17.75,south_east_asia
reikjavik,-2.0,western_europe
ganneious,-1.0,north_america
kol_kuka,3.0,north_america
ayvu_pora,-3.0,south_america
pahva_nits,-5.0,north_america
yeongdeok,22.0,east_asia
mohan,17.5,south_asia
phetchaburi,17.0,south_east_asia
barvinkove,6.0,eastern_europe
otocac,10.0,eastern_europe
mengung,10.5,east_asia
orleans,29.5,western_europe
echimamish,-9.0,north_america
hino,20.0,east_asia
yevra,-11.0,north_asia
wake,22.0,east_asia
kangundi,17.0,south_asia
aikana,-6.0,south_america
nafplio,22.75,eastern_europe
tazin,-11.0,north_america
jaleq,10.0,middle_east
zacazonapan,6.0,north_america
mocozo,-2.5,north_america
xingshan,22.0,east_asia
oviken,0.5,western_europe
arzu,10.0,middle_east
roscommon,11.0,western_europe
aqmecit,2.0,eastern_europe
rezh,-3.0,eastern_europe
kishi,34.0,south_asia
panduranga,17.0,south_east_asia
shimen_poyang,27.0,east_asia
saurimo,-1.0,central_africa
dashev,3.25,eastern_europe
cibal,15.0,south_east_asia
kistapinan,5.0,north_america
gamrun,12.0,middle_east
bosworth,18.0,western_europe
reghin,18.0,eastern_europe
muromtsevo_murom,16.5,eastern_europe
volkermarkt,21.5,western_europe
babruysk,11.5,eastern_europe
rio_pongo,-5.5,west_africa
catalca,22.0,eastern_europe
marien,-8.5,north_america
iyo,27.0,east_asia
chiang_rai,20.5,south_east_asia
kutlehar,27.5,south_asia
manitoulin,-2.0,north_america
van,9.0,eastern_europe
wukari,-2.5,central_africa
quitchupah,-5.0,north_america
natchez,1.0,north_america
tunguska_trail1,-8.0,north_asia
nyaungyan,20.0,south_east_asia
agulhas,-3.0,southern_africa
nahil,30.0,south_asia
ileza,9.0,eastern_europe
bruges,37.5,western_europe
kucevo,11.5,eastern_europe
shkoder,19.5,eastern_europe
wanzhou_baoding,31.0,east_asia
anfu_li,31.5,east_asia
yangxin,31.0,east_asia
kadkan,8.0,central_asia
onate,16.0,western_europe
xavante,-4.0,south_america
kalyani,20.0,south_asia
lingen,19.0,western_europe
ganquan,21.0,east_asia
xam_ka_e,-10.0,southern_africa
beaverhead,-5.0,north_america
chinook,2.5,north_america
taaqtam,-11.0,north_america
arequipa,0.0,south_america
langning,22.5,east_asia
koyda,-8.0,eastern_europe
biu,9.0,west_africa
koksharov,5.5,eastern_europe
zhongmu,26.5,east_asia
tugaske,6.0,north_america
yam_pah_pa,-4.0,north_america
tonder,11.0,western_europe
onimgohow,-2.0,north_america
tubatulabam,-9.0,north_america
zacatlan,7.0,north_america
nessoneick,1.0,north_america
dayr_aqul,12.5,middle_east
al_waqbi,2.0,middle_east
minya,27.5,north_africa
badhu,-3.0,pacific_islands
an_nabhaniyah,2.0,middle_east
todi,21.0,western_europe
matachewan,0.0,north_america
yushu,13.5,east_asia
kabafa,-5.0,central_africa
qiongbu,23.0,east_asia
aklera,24.0,south_asia
uzachile,-1.0,north_america
akilasiewakik,-3.25,north_america
kharakhoen,-8.0,southern_africa
bada_yaqub,-1.0,middle_east
khunani,8.5,eastern_europe
kyzylkala,7.0,central_asia
karu_pana,-0.25,south_america
muang_sam_tai,21.5,south_east_asia
lukolm,16.0,eastern_europe
sambalpur,24.5,south_asia
yuanjiang_yuanjiang,21.5,east_asia
efate,-8.0,pacific_islands
shuixi,24.5,east_asia
manhukdhintanwan,8.0,north_america
chalus,15.0,middle_east
nikolsky_pogost,-9.0,north_asia
ksai_yohe,0.0,north_america
maicasagi,-6.0,north_america
ocosingo,8.0,north_america
pengxi,32.5,east_asia
inalumaala,-10.5,south_america
askataliank,-2.0,north_america
diara,7.0,west_africa
tsikahiotsisto,1.0,north_america
opelousa,1.0,north_america
peresopnytsya,16.5,eastern_europe
lesko,12.0,eastern_europe
lalpur,21.5,south_asia
angelokastron,19.5,eastern_europe
montflanquin,23.5,western_europe
beteta,17.0,western_europe
tanchang,22.0,east_asia
uvarovo,8.0,eastern_europe
noyon,21.5,western_europe
said_bundas,7.5,east_africa
potiguara,-1.0,south_america
burchmullo,12.0,central_asia
kaltag,-6.0,north_america
firabr,12.0,central_asia
presov,16.0,eastern_europe
tykocin,15.0,eastern_europe
kayabe,-2.0,east_asia
kran,15.0,eastern_europe
buluan,13.0,south_east_asia
udayagiri_kotagad,24.0,south_asia
karachev,14.0,eastern_europe
kaya_paha,4.0,north_america
alirajpur,22.5,south_asia
sinsheim,26.5,western_europe
aqaba,10.0,middle_east
mikhalkino,-10.0,north_asia
teotitlan,8.0,north_america
saamis,0.0,north_america
tagin,16.0,eastern_europe
naletale,-1.5,southern_africa
bayramlu,16.0,middle_east
cantavieja,15.0,western_europe
piguique,3.0,north_america
ryn,0.0,eastern_europe
sligo,12.25,western_europe
mbridge,-4.0,central_africa
esashi,19.0,east_asia
yarkhun,18.0,south_asia
bayangol,-4.0,north_asia
tayoltita,3.0,north_america
miskwaagamiiwi,5.0,north_america
lubartow,14.0,eastern_europe
geoje,24.0,east_asia
gainou,-7.0,southern_africa
beaumont_au_maine,21.0,western_europe
xiushan,26.0,east_asia
deraheib,2.0,east_africa
csantangelo,26.0,western_europe
mistanipi,-7.0,north_america
yahyali,14.5,middle_east
eufaula,2.0,north_america
nimvar,11.0,middle_east
lickanantay,1.0,south_america
yasin,16.0,south_asia
upper_angara,-7.5,north_asia
rawalakot,21.5,south_asia
oceko_sipiy,0.0,north_america
wenxian,27.5,east_asia
luhansk,8.5,eastern_europe
ust_labinsk,8.5,eastern_europe
uvira,-1.0,east_africa
st_johann,15.0,western_europe
tmogvi,15.0,eastern_europe
kot_lalu,19.0,south_asia
takwata,0.0,north_america
shuryshkar,-10.0,north_asia
marutea,-7.0,pacific_islands
siraf,11.25,middle_east
kuuyuk,-5.0,north_america
wroclaw,27.5,eastern_europe
adan,14.0,middle_east
billingham,14.0,western_europe
zhenkang,19.5,east_asia
boussac,21.0,western_europe
reka_tuba,-7.5,north_asia
menggala,26.0,south_east_asia
omchikan,-10.0,north_asia
igbo_ukwu,1.0,west_africa
michipicoten,-2.0,north_america
samalqan,6.0,central_asia
south_meetto,6.0,east_africa
maibong,16.0,south_asia
chhaparagarh,24.0,south_asia
dumat_al_jandal,0.0,middle_east
hadishahr,17.5,middle_east
an_nibaj,2.0,middle_east
etiwan,4.0,north_america
ou,24.0,east_asia
telha,-6.0,south_america
piscoutagami,-2.0,north_america
evuevi,-3.0,south_america
mtoli,-3.0,southern_africa
kaniatarahontsi,0.0,north_america
kalkadoon,-6.0,australasia
udine,31.0,western_europe
chatillon_sur_seine,23.0,western_europe
youghal,15.0,western_europe
el_bahnasa,27.5,north_africa
vashka,-0.5,eastern_europe
guidong,24.0,east_asia
kendari,17.75,south_east_asia
winneba,-3.0,west_africa
cenrana,13.0,south_east_asia
wolinak,1.0,north_america
xicallanco,1.0,north_america
ngadjuri,-5.0,australasia
richmond,12.0,western_europe
wa,12.5,west_africa
shabogamo,-8.0,north_america
maewo,-11.0,pacific_islands
srebrenica,11.0,eastern_europe
kurijan,13.0,middle_east
barus,17.0,south_east_asia
anavarza,21.5,middle_east
gucheng,27.5,east_asia
tizgane,13.0,north_africa
qinhe,18.0,east_asia
aschendorf,21.5,western_europe
mbakaou,-5.5,central_africa
tedote,-1.0,north_africa
tormosin,4.5,eastern_europe
cocamas,1.0,south_america
lamego,20.5,western_europe
miyoshi_shikoku,20.0,east_asia
palampet,19.5,south_asia
sarrebourg,16.0,western_europe
willka_pampa,7.0,south_america
berlin,25.5,western_europe
qiongxi,23.0,east_asia
vizinga,-0.5,eastern_europe
cizre,17.5,middle_east
shushtar,13.5,middle_east
irelyakh,-8.0,north_asia
lezha,18.25,eastern_europe
radhanpur,17.0,south_asia
samastipur,36.5,south_asia
ko_samui,15.25,south_east_asia
kerma,4.5,east_africa
mubi,5.0,west_africa
kishim,10.0,central_asia
chatuza,4.0,south_america
coco,-3.0,south_america
so_taeo_o,-2.0,north_america
satsuma,19.0,east_asia
tuzapan,4.0,north_america
kjipuktuk,3.0,north_america
pelly_river,-6.0,north_america
baoan,22.0,east_asia
khurgancha,0.0,central_asia
wels,26.5,western_europe
wenchuan,26.0,east_asia
kilbrittain,6.0,western_europe
pandua_adina,34.0,south_asia
yakan,-7.0,north_asia
changshou_pingjiang,31.0,east_asia
hays,7.0,middle_east
ife,1.0,west_africa
wangjiang,31.5,east_asia
altenburg,21.0,western_europe
arguvan,14.5,middle_east
sangqu,20.0,east_asia
ulgain,4.0,east_asia
hackensack,4.0,north_america
ne_miskua,2.0,north_america
deltana,-3.0,north_america
rim_gora,10.0,eastern_europe
toompahnahwach,-5.0,north_america
sens,21.0,western_europe
saipuru,-3.0,south_america
mistassibi,-5.0,north_america
mirochowo,14.0,eastern_europe
gengdang,24.5,east_asia
bibbulman,-2.0,australasia
namo_me,-9.0,pacific_islands
siyancuma,-3.0,southern_africa
kalispel,-3.0,north_america
lyon,29.5,western_europe
alatyr,8.5,eastern_europe
longyou,34.5,east_asia
castlereagh,4.0,western_europe
macaca,-12.0,north_america
binmatshua,-1.0,north_america
kinosota,6.0,north_america
yucundeq,2.0,north_america
ross_river,-5.0,north_america
willmore,-9.0,north_america
thutade,-9.0,north_america
inarigda,-6.0,north_asia
chakola,-0.5,eastern_europe
tamrah,2.0,middle_east
tovusidokado,-8.0,north_america
uintah,-6.0,north_america
damanhur,22.5,north_africa
kushita,4.0,central_africa
piterka,0.0,eastern_europe
tanomah,7.0,middle_east
bondari,10.0,eastern_europe
veszprem,21.0,eastern_europe
anglesey,18.0,western_europe
minamimogami,16.0,east_asia
miongo,4.0,central_africa
gameleira,-3.0,south_america
mungyeong,21.5,east_asia
tiou,1.0,north_america
amyint,24.5,south_east_asia
montlaur,17.0,western_europe
youloumain,-11.5,north_america
stomio,10.0,eastern_europe
ruhptare,6.0,north_america
wernigerode,17.0,western_europe
rock_springs,-8.0,north_america
al_mundassah,0.0,middle_east
shulu,27.0,east_asia
murbach,18.0,western_europe
kurtjar,-1.0,australasia
hantam,-5.0,southern_africa
goroti_kumrenhtx,-3.0,south_america
andastoerrhonon,-3.0,north_america
gumbinnen,15.0,eastern_europe
dhipaesyin,22.5,south_east_asia
amomegosode,-3.0,south_america
karta_pintingga,-1.0,australasia
jagin_zir,12.0,middle_east
oztoman,4.0,north_america
yaminue,-3.0,south_america
mashhad_rizeh,8.0,central_asia
wittstock,19.0,western_europe
otepoti,-5.0,australasia
zittau,17.0,western_europe
aytos,15.0,eastern_europe
at_tarfawi,2.0,middle_east
burghausen,24.5,western_europe
parangipettai,24.5,south_asia
phutthaisong,21.5,south_east_asia
barayy,-9.0,north_asia
rangxian,34.0,east_asia
paat,17.5,south_asia
lafia,-3.0,central_africa
sahrazur,15.5,middle_east
nudarcha,6.0,north_america
polatli,15.5,middle_east
bad_rock,-10.0,north_america
santiago_islands,5.0,south_america
mamterilleq,-10.0,north_america
yamatji,-4.0,australasia
zhaozhou_jurchen,8.5,east_asia
aqmecit_prybuzhzhya,6.5,eastern_europe
myakit,-11.0,north_asia
oyusut,-6.0,north_asia
mueng_rat,21.5,south_east_asia
wunambui,-10.0,australasia
lugo,23.5,western_europe
poggibonsi,33.5,western_europe
czestochowa,16.0,eastern_europe
takestan,15.0,middle_east
akola,25.0,south_asia
sivuqaq,-7.0,north_america
banska_bystrica,15.0,eastern_europe
tirgua,3.0,south_america
banbury,26.0,western_europe
pinega,-0.5,eastern_europe
guangde,36.0,east_asia
datia,25.0,south_asia
madakalapu,24.0,south_asia
omotik,-4.0,east_africa
cempoala,1.0,north_america
chuqlluqucha,-1.0,south_america
sargau,11.0,central_asia
dagze,0.0,east_asia
chembar,10.0,eastern_europe
suomussalmi,-1.0,western_europe
karamergen,4.5,central_asia
navolok,-0.5,eastern_europe
chenyang,28.5,east_asia
samanoud,25.0,north_africa
kirklareli,22.0,eastern_europe
lualula,3.0,central_africa
san,11.5,west_africa
maqueda,17.0,western_europe
gokseong,20.0,east_asia
charquis,2.0,north_america
bern,23.5,western_europe
tanchaycha,10.5,north_america
tabarka,14.25,north_africa
liwen,7.0,south_america
tlachquiauhco,6.0,north_america
belgrad,25.5,eastern_europe
dharampur,14.0,south_asia
yelmek,-11.0,pacific_islands
weichu,23.5,east_asia
bilovodsk,6.0,eastern_europe
liuzhai,21.0,east_asia
ikongo_boa,-3.0,central_africa
offenburg,24.5,western_europe
mandla,21.5,south_asia
selanger,5.5,western_europe
tamaki,6.0,australasia
sankancete,8.0,south_america
bale,8.5,east_africa
saint_jean_pied_de_port,18.0,western_europe
bourganeuf,21.0,western_europe
wet_suwet_en,-10.0,north_america
petrovaradin,16.5,eastern_europe
edirne,30.5,eastern_europe
artashavan,13.0,eastern_europe
zanhuang,28.0,east_asia
xiabancheng,25.5,east_asia
altun_kupri,18.5,middle_east
agar,27.0,south_asia
temiscamie,-8.0,north_america
winnange,-4.0,north_america
ainu_nik,-10.0,north_america
taungdwingyi,20.5,south_east_asia
tumatumari,1.0,south_america
shunda,-3.0,north_america
tenenkou,4.0,west_africa
airag_nuur,-4.0,east_asia
marien_cuba,-2.25,north_america
kaluba,-1.0,central_africa
lahj,4.0,middle_east
amintonck,0.0,north_america
kakisa,-11.0,north_america
singingi,17.0,south_east_asia
chilas,14.5,south_asia
kampar,19.0,south_east_asia
talas,11.0,central_asia
bytom,17.0,eastern_europe
rakiura,-4.0,australasia
youyang,27.5,east_asia
eneabba,2.0,australasia
pyti,-3.0,south_america
yela,-8.0,pacific_islands
cesme,14.25,middle_east
zhugao,34.5,east_asia
onitsha,-2.5,west_africa
siverek,20.5,middle_east
itis,-0.5,western_europe
menutinau,-7.0,north_america
koyukuk,-8.0,north_america
nagyboszormeny,21.0,eastern_europe
mostar,13.0,eastern_europe
ampotaka,-1.5,east_africa
whaypaw,-2.0,north_america
watatikka,-9.0,north_america
duanshi,26.0,east_asia
tachira,-3.0,south_america
yamachiche,1.0,north_america
waiwai,-6.0,south_america
sala,15.5,western_europe
aquileia,24.0,western_europe
caran,4.0,south_america
bejar,17.0,western_europe
ndom,-10.0,pacific_islands
nikolskoye,10.5,eastern_europe
jokkmokk,2.5,western_europe
campanha,-2.0,south_america
shagan,5.0,central_asia
nyzvar,9.0,central_asia
ahmad_khan,12.0,south_asia
kengtawng,22.5,south_east_asia
kare,7.0,west_africa
anarak,10.0,middle_east
pamuuyu,1.5,southern_africa
novigrad,14.0,eastern_europe
caoni,19.0,east_asia
raighar,22.0,south_asia
bettiah,29.5,south_asia
ganda,-8.0,central_africa
tozlan,1.0,north_america
abdas,7.5,middle_east
tulnici,5.0,eastern_europe
bolling,16.0,western_europe
lipetsk,8.0,eastern_europe
tadmekka,5.0,west_africa
kitchawanc,0.0,north_america
tamambo,-8.0,pacific_islands
khatgal,2.5,east_asia
cividale,21.0,western_europe
zubarah,2.0,middle_east
ottauquechee,-3.0,north_america
tuxa,-2.0,south_america
kenosha,0.0,north_america
tyanya,-2.0,north_asia
maguanes,-6.0,north_america
ganyu,31.0,east_asia
nsukka,-4.0,west_africa
keban,5.5,eastern_europe
gryazovets,7.0,eastern_europe
awaji,24.5,east_asia
wenxian_gongchang,23.5,east_asia
aranda_de_duero,19.0,western_europe
otegu_qulan,-4.0,east_asia
wabezi,6.0,north_america
lerma,19.0,western_europe
staryi_amanak,6.0,eastern_europe
sarangarh,19.5,south_asia
krasnaya_gorka,2.5,eastern_europe
cibuaya,17.0,south_east_asia
tabon,-0.5,west_africa
baeza,22.0,western_europe
samsat,18.5,middle_east
jiaoshui,31.0,east_asia
igboho,1.0,west_africa
erbil,18.5,middle_east
josse,3.5,western_europe
imbau,-3.0,south_america
kameshi,21.0,east_asia
monzon,17.0,western_europe
borujen,13.0,middle_east
bayan_susu,13.5,east_asia
dibue,-1.0,central_africa
maanaagi_iixodagish,4.0,north_america
yojuane,8.0,north_america
viziru,7.5,eastern_europe
kazungala,5.5,central_africa
sobat,2.5,east_africa
alinchak,-11.0,north_america
setswana,-8.0,southern_africa
hangzhou,43.5,east_asia
darlag,2.5,east_asia
inhambane,-3.0,southern_africa
split_rock,-7.0,north_america
ulapes,6.0,south_america
xam,-6.0,southern_africa
weissenfels,23.0,western_europe
freiberg,22.0,western_europe
chuathbaluk,-3.0,north_america
wambaya,-6.0,australasia
karaja,-9.0,south_america
yangchun,24.0,east_asia
baimachen,20.0,east_asia
ruza,18.0,eastern_europe
malaga,35.25,western_europe
hulu_mahakam,13.0,south_east_asia
nukunonu_atoll,-6.0,pacific_islands
stromstad,11.0,western_europe
kerewo,-11.0,pacific_islands
liaoshan,25.0,east_asia
grimsby,20.75,western_europe
zaostrovskoye,7.5,eastern_europe
ganxian,24.5,east_asia
kadinbola,-1.0,central_africa
beatton,-5.0,north_america
st_jean_dangely,23.5,western_europe
sao_nicolao,-3.0,west_africa
zabore,16.0,eastern_europe
ichukanai,-4.0,south_america
chodrak_kham,12.5,east_asia
brunswick,21.0,western_europe
candir,14.0,middle_east
haleri,13.0,south_asia
saribas,9.0,south_east_asia
ambilobe,-8.0,east_africa
farim,-1.0,west_africa
quinnipiac,-0.75,north_america
passamaquoddy,-2.0,north_america
gniew,20.5,eastern_europe
surmali,9.5,eastern_europe
wujing,20.5,east_asia
mrauk_u,19.5,south_east_asia
tecoanapa,6.0,north_america
taga,24.0,east_asia
bacau,7.5,eastern_europe
wujin,31.5,east_asia
potenza,20.0,western_europe
xianzhou,17.0,east_asia
mar,16.0,western_europe
nadakuh,8.0,north_america
alta,0.0,western_europe
kasha_tampu,-1.0,south_america
anecho,-8.0,west_africa
al_aythamah,2.0,middle_east
mussau,-8.0,pacific_islands
orgiva,14.0,western_europe
sambandete,13.0,south_east_asia
tandur,18.0,south_asia
bakgatla,-6.5,southern_africa
tshwa,-4.0,southern_africa
tamalameque,-1.0,south_america
jishi_anze,26.0,east_asia
afrera,2.0,east_africa
sarayan,11.0,middle_east
kameng,15.0,south_asia
votkings,5.5,eastern_europe
uchkuduk,7.0,central_asia
samaipata,6.0,south_america
kyulyunken,-8.0,north_asia
bia_mbya,-6.0,south_america
taihe_taihe,26.5,east_asia
tour_auvergne,19.0,western_europe
parfenyevo,7.0,eastern_europe
zhenyuan_sizhou,22.5,east_asia
srinagar_garhwal,24.5,south_asia
ranohira,4.5,east_africa
mukas,-5.0,south_america
quisquisacate,4.0,south_america
koprivnica,13.5,eastern_europe
machame,2.0,east_africa
wuchuan,22.0,east_asia
point_of_rocks,-7.0,north_america
titsimin,9.0,north_america
kelle,5.0,west_africa
pickawillany,-1.0,north_america
khairabad,30.0,south_asia
hongtong,29.0,east_asia
kamo_mikawa,22.0,east_asia
shuya,13.0,eastern_europe
muara_bahan,13.0,south_east_asia
ngaputaw,19.5,south_east_asia
ingenika,-10.0,north_america
aratika_atoll,-7.0,pacific_islands
cheplak,4.5,eastern_europe
toedokado,-10.0,north_america
mirbat,7.0,middle_east
belfast,19.75,western_europe
exeter,23.5,western_europe
sozopol,17.25,eastern_europe
weljuik,-2.0,north_america
yendyr,-11.0,north_asia
tarna,0.5,western_europe
calafat,16.5,eastern_europe
vize,24.0,eastern_europe
pagaruyung,15.0,south_east_asia
bereznik,-5.5,eastern_europe
dingqiang,24.5,east_asia
sipri,25.0,south_asia
mayen,26.5,western_europe
atitlan_guatemala,3.0,north_america
palmeira_brasil,-3.0,south_america
andika,15.5,middle_east
al_furaish,-1.0,middle_east
tabalah,5.0,middle_east
matope,1.5,southern_africa
mengen,16.5,middle_east
visokoye,9.0,eastern_europe
hitchauta,1.0,north_america
tbilisskaya,8.5,eastern_europe
zondoma,11.0,west_africa
nalgonda,23.0,south_asia
belgorod,8.0,eastern_europe
meramec,2.0,north_america
dungannon,8.0,western_europe
kol,28.5,south_asia
cuauhcapolca,3.0,north_america
buinovichi,11.5,eastern_europe
dinek_keskin,17.5,middle_east
montpellier,29.0,western_europe
gorokhovets,16.5,eastern_europe
arzamas,11.0,eastern_europe
taungurung,-3.0,australasia
ukhta,-0.5,eastern_europe
kandangwesi,16.0,south_east_asia
mauleon,15.0,western_europe
temiscouata,0.0,north_america
korocha,8.0,eastern_europe
miraj,19.0,south_asia
dacheng,27.0,east_asia
nde_nda_i,0.5,north_america
oolenoy,-1.0,north_america
papayeca,3.5,north_america
aksaray,15.0,middle_east
vilyuy,-11.0,north_asia
rampa,19.5,south_asia
kaeti,-6.0,pacific_islands
tissemsilt,10.0,north_africa
sepauk,16.0,south_east_asia
itapocu,-5.0,south_america
kopolque,-5.0,south_america
iagorlic,8.5,eastern_europe
bolshoye_boldino,11.0,eastern_europe
abagaita,6.5,east_asia
di_dinh,17.5,south_east_asia
kusu_mangbetu,-1.0,east_africa
changhua,22.0,east_asia
morgan,-6.0,north_america
chateaulin,24.0,western_europe
cuetlaxtlan,4.0,north_america
elhdaqox_t_in,-3.0,north_america
kadu,-3.0,australasia
darrehshahr,15.5,middle_east
comcaac,1.0,north_america
bagua,0.0,south_america
ikab_ya,-2.0,north_asia
nevel,16.0,eastern_europe
fanakat,14.0,central_asia
malheur,-7.0,north_america
antinir_pilquinan,-1.0,south_america
mala_vyska,6.0,eastern_europe
sao_roque,-3.0,south_america
bergheim,24.0,western_europe
dorsotung,1.0,east_asia
nanzheng,27.0,east_asia
demnate,7.0,north_africa
waingmaw,24.5,south_east_asia
iultin,-10.0,north_asia
chatillon_sur_indre,21.0,western_europe
pitaguari,-3.0,south_america
timimoun,9.0,north_africa
nasik,17.0,south_asia
bayhan,5.0,middle_east
la_tour_du_pin,20.5,western_europe
sui_pakistan,15.0,south_asia
ketilsfjord,-5.5,western_europe
zambesia_katongo,4.5,central_africa
tanah_putih,19.0,south_east_asia
sharanga,13.0,eastern_europe
dusheti,9.0,eastern_europe
boduna,13.5,east_asia
kitchigumi,5.0,north_america
zherkorgan,11.0,central_asia
eynegol,13.0,middle_east
qorveh_darjazin,15.0,middle_east
zengkou,27.0,east_asia
parenda,19.0,south_asia
calau,19.5,western_europe
cayacoa,-8.0,north_america
tondzaosha,-7.0,north_america
carmagnola,28.5,western_europe
manjimup,-2.0,australasia
kukan,7.5,east_asia
oiampi,-11.0,south_america
mafra,-2.0,south_america
ajara,16.0,south_asia
nandod,17.5,south_asia
havasubaaja,0.0,north_america
melfi,17.0,western_europe
segovia,22.0,western_europe
shirvan,7.0,eastern_europe
yuanhu,1.0,east_asia
dubrajpur,34.5,south_asia
prasat_don_an,19.0,south_east_asia
taskala,0.0,eastern_europe
nemegosenda,0.0,north_america
tanana,-6.0,north_america
balta,15.5,eastern_europe
sahadia,1.5,east_africa
nichabau,-3.0,north_america
sao_jose_pinhais,-3.0,south_america
kuzedika,-11.0,north_america
haimen,34.0,east_asia
navisink,-1.0,north_america
nivelles,26.0,western_europe
marvast,11.0,middle_east
drichu,2.5,east_asia
holmur,-6.0,western_europe
ahwar,7.0,middle_east
braunau,24.5,western_europe
yermolovo,-10.0,north_asia
ujargarh,25.5,south_asia
daguan,25.5,east_asia
mahoba,34.0,south_asia
charklik,8.5,east_asia
charumani,2.5,southern_africa
tehua,-1.0,north_america
prittlewell,23.0,western_europe
vendome,25.0,western_europe
khatyryk_komo,-11.0,north_asia
orosei,12.0,western_europe
musaymir,8.0,middle_east
katataskatikw,-9.0,north_america
sonqor,14.0,middle_east
nebolchi,8.0,eastern_europe
boorj,6.5,east_asia
humati,1.0,north_america
karang_brahi,19.0,south_east_asia
larissa,14.0,eastern_europe
slagelse,11.0,western_europe
nytva,-0.5,eastern_europe
taixing,31.5,east_asia
lingbi,34.0,east_asia
bookabie,-5.0,australasia
wanhufu,7.5,east_asia
truro,26.25,western_europe
dej,18.5,eastern_europe
tsogt,-4.0,east_asia
mawkmai,16.5,south_east_asia
ubuntu,-6.0,southern_africa
bogatye_saby,6.5,eastern_europe
feira,21.0,western_europe
balingen,17.0,western_europe
onontchataronon,0.0,north_america
al_huwayyit,2.0,middle_east
mudurnu,14.0,middle_east
yunchuan,23.0,east_asia
mwenezi,-1.0,southern_africa
varnavino,15.5,eastern_europe
szombathely,19.0,eastern_europe
botolan,7.0,south_east_asia
nauset,-1.0,north_america
sicasica,5.0,south_america
troyes,30.0,western_europe
nola,26.0,western_europe
berdigestyakh,-8.0,north_asia
nistam,-11.0,north_america
tanjung_balai,17.0,south_east_asia
chertkovo,8.5,eastern_europe
galinhas,-5.5,west_africa
balaganakh,-3.0,north_asia
sigam,14.0,south_east_asia
itapiracaba,-3.0,south_america
yunkyur,-6.0,north_asia
tsikip,6.0,north_america
yotkino,14.0,eastern_europe
slovenj_gradec,18.0,western_europe
yizhou_tengzhou,33.5,east_asia
tromge,6.0,east_asia
keutkeut,20.5,south_east_asia
tamsweg,17.0,western_europe
tamtoc,9.5,north_america
amiens,27.0,western_europe
kathmandu,27.0,south_asia
kaskankaham,3.0,north_america
khambat,28.5,south_asia
chiisagata,22.0,east_asia
nikoma,-5.0,east_africa
zhenrong,18.0,east_asia
ziyang_zizhong,32.0,east_asia
oneniote,0.0,north_america
attikamagen,-10.0,north_america
raysut,6.25,middle_east
pachan,0.5,north_america
sipuk,-2.0,north_america
berbera,4.0,east_africa
hongshui,14.0,east_asia
oromocto,1.0,north_america
jersey,21.0,western_europe
suntou,27.0,east_asia
newark,19.0,western_europe
vyya,9.5,eastern_europe
ipire,6.0,south_america
chaguate,6.0,north_america
hambantota,17.0,south_asia
baotong,18.5,east_asia
faraveh,10.0,central_asia
sonargaon,38.5,south_asia
haiyang,26.5,east_asia
ronda,17.0,western_europe
nguera,-1.0,east_africa
dangbon,-8.0,australasia
yguazu,-2.0,south_america
amis,25.0,east_asia
estremoz,20.0,western_europe
nonacho,-9.0,north_america
santa_barbara,-2.0,south_america
ndele,-2.5,central_africa
macaclita,2.0,south_america
rypin,14.0,eastern_europe
kurita,22.0,east_asia
hasar,3.5,east_asia
semur_en_brionnais,23.5,western_europe
dara,22.0,middle_east
valkeasaari,9.0,western_europe
banff,17.0,western_europe
khurbe,1.0,east_asia
uco,5.0,south_america
yanal_densa,17.0,south_asia
tupulicus,-11.0,south_america
ket,-11.0,north_asia
suiping,34.0,east_asia
badenoch,8.0,western_europe
mpala,-4.0,east_africa
villatoro,16.0,western_europe
murgo,6.5,east_asia
kyainseikgyi,17.0,south_east_asia
illapa,0.0,south_america
ngandji,-6.0,australasia
wulgurukaba,-6.0,australasia
steinkjer,2.0,western_europe
nizhnekolymsk,-10.0,north_asia
pingba,26.5,east_asia
cumaribo,6.0,south_america
eid,10.5,western_europe
xuanning,19.0,east_asia
fengxin,21.0,east_asia
qila_panjeh,10.0,central_asia
dartsedo,12.5,east_asia
adoni,21.5,south_asia
sanchuan,20.0,east_asia
tianzhu,25.5,east_asia
guben,18.5,western_europe
huifacheng,11.0,east_asia
batu,17.0,south_east_asia
linjin,29.5,east_asia
morag,14.0,eastern_europe
chandpur,21.5,south_asia
kalotmul,7.0,north_america
shire,8.5,east_africa
pipipa,-8.0,south_america
kardakan,-8.0,north_asia
sare_dioulde,1.0,west_africa
celtik,15.5,middle_east
hodonin,25.0,western_europe
menglei,21.5,east_asia
uyana,-8.0,north_asia
cangucu,-1.0,south_america
balho,0.0,east_africa
kulob,10.0,central_asia
timbo,0.5,west_africa
horicon,0.0,north_america
dyryn_ebe,-13.0,north_asia
an_nakhil,0.0,middle_east
monocacy,2.0,north_america
ledesma,19.0,western_europe
shyoltozero,-0.5,western_europe
rowta,19.5,south_asia
shipai,31.5,east_asia
wuxi,34.0,east_asia
joutou,29.5,east_asia
zolotkovo,14.0,eastern_europe
kalmar,15.25,western_europe
taza,16.0,north_africa
caceres,24.0,western_europe
anju_nurgan,4.0,east_asia
fryksdal,3.5,western_europe
dijon,27.0,western_europe
zella,9.0,north_africa
panyabungan,13.0,south_east_asia
butzow,19.0,western_europe
matape,-2.0,north_america
yunlong,20.5,east_asia
lewekeomi,2.0,north_america
laiwu,29.0,east_asia
jangipur,31.5,south_asia
arad,18.5,eastern_europe
ningde,29.0,east_asia
boruca,-3.0,north_america
glamoc,10.0,eastern_europe
yedey,-6.0,north_asia
al_hajr,2.0,middle_east
champasak,26.5,south_east_asia
kanaskipenaski,-11.0,north_america
baia_mare,15.5,eastern_europe
zhiziluo,19.5,east_asia
iqaluit,-7.0,north_america
zywiec,13.0,eastern_europe
oahaha,6.0,north_america
polco,8.0,south_america
lierne,1.5,western_europe
dar_es_salaam,7.0,east_africa
mawza,7.0,middle_east
sampelga,9.0,west_africa
novgorod,27.5,eastern_europe
chira,6.0,south_america
byadi,-6.0,north_asia
meulaboh,17.0,south_east_asia
gandava,15.0,south_asia
welamooktook,-5.0,north_america
tywhapita,2.0,north_america
qlispe,-3.0,north_america
vila_real,18.5,western_europe
tancheng,33.5,east_asia
tsoyaha,-4.0,north_america
minamimorokata,24.0,east_asia
mie,30.5,east_asia
griesbach,24.5,western_europe
batanes,8.0,south_east_asia
desnyanskyi_horodok,13.5,eastern_europe
weimar,21.0,western_europe
munju,16.25,east_asia
megara,17.75,eastern_europe
anaya,-11.0,north_america
tukri_apu_apu,1.0,south_america
manbij,15.5,middle_east
tartas,16.0,western_europe
lishui,31.5,east_asia
bayanday,-3.0,north_asia
mantes,25.5,western_europe
sakiwasipi,2.25,north_america
cootcla,1.0,north_america
talaha,8.5,east_asia
illescas,19.5,western_europe
harro_walabu,9.0,east_africa
vauvau,-8.0,pacific_islands
parkateje,-6.0,south_america
petrove,6.0,eastern_europe
makira,-11.0,pacific_islands
mankhamba,-3.0,east_africa
maidu,-1.0,north_america
puebla_de_guzman,25.5,western_europe
ngumbari,-6.0,australasia
astrina,13.0,eastern_europe
wadi_el_natrun,19.0,north_africa
aknuq_uk,-10.0,north_america
derna,18.25,north_africa
masat_ata,7.0,central_asia
shumen,16.0,eastern_europe
kumage_oosumi,21.0,east_asia
vawkavysk,15.5,eastern_europe
midelt,10.0,north_africa
kastoria,12.0,eastern_europe
jiangdu,36.0,east_asia
arikun,26.0,east_asia
loloda,14.0,south_east_asia
sanga_pumbo,-8.0,central_africa
yauri,12.5,west_africa
nemasca,-6.0,north_america
ahtopol,18.0,eastern_europe
qala_safid,18.0,middle_east
saint_gaudens,17.0,western_europe
gulistan,10.0,middle_east
diu,19.0,south_asia
penrith,14.0,western_europe
yopo,6.0,south_america
bissam_cuttack,18.0,south_asia
chol,6.0,east_asia
sulechow,18.5,eastern_europe
panipat,30.5,south_asia
bijapur,24.0,south_asia
baganuur,-2.0,east_asia
mukdahan,16.5,south_east_asia
tsaiduka,-9.0,north_america
gnowoo,1.0,australasia
kempten,22.0,western_europe
caroni,4.0,south_america
pikalyovo,7.0,eastern_europe
thadiq,0.0,middle_east
khatas,-11.0,north_asia
narena,10.0,west_africa
butuan,6.0,south_east_asia
zenta,20.5,eastern_europe
chaydakh,-7.0,north_asia
somnath,18.25,south_asia
bandar_charak,9.0,middle_east
catanzaro,21.0,western_europe
sinqu,-1.0,southern_africa
devadurga,23.0,south_asia
watistiguam,-5.0,north_america
jongkong,11.0,south_east_asia
badajoz,24.5,western_europe
shahrestan_sofla,15.0,middle_east
arras,30.0,western_europe
pugal,15.0,south_asia
north_sakuye,-1.0,east_africa
madanda,0.5,southern_africa
dehgolan,17.0,middle_east
yongding_shanghang,28.5,east_asia
wanga_bazar,12.0,south_asia
kalfucura,0.0,south_america
mir_loc,7.0,west_africa
oland,14.0,western_europe
nii,22.0,east_asia
yamamoto,19.0,east_asia
saukiog,0.0,north_america
naka_hyuuga,24.0,east_asia
wantastiquet,-3.0,north_america
sto_domingo_silos,16.0,western_europe
suceava,12.0,eastern_europe
palampur,26.5,south_asia
zawiya,13.0,north_africa
hansi,24.0,south_asia
erzincan,13.5,eastern_europe
sabt_bani_bishr,5.0,middle_east
makisin,8.0,middle_east
churumekua,4.5,north_america
chalchuapa,3.5,north_america
tebang,1.0,southern_africa
jeongju_jeongju,18.0,east_asia
shiveluch,-7.0,north_asia
pajang,22.0,south_east_asia
lumpur,12.0,south_east_asia
uri_ae_ona,3.5,southern_africa
hedmarksvidda,10.5,western_europe
spasskoye_lyskovo,6.0,eastern_europe
stalac,21.5,eastern_europe
katori,29.5,east_asia
champaner,24.5,south_asia
paqwayranra,7.0,south_america
rodez,22.0,western_europe
orsha,18.5,eastern_europe
solothurn,18.5,western_europe
kenkeme,-8.0,north_asia
pivn_man_antu,5.0,south_america
banaz,13.0,middle_east
guastalla,24.5,western_europe
cherkasy,14.5,eastern_europe
al_juhfah,4.0,middle_east
kanra,23.0,east_asia
anlong,25.5,east_asia
winsen_aller,19.0,western_europe
antofagasta,1.0,south_america
spirkovo,7.0,eastern_europe
shipshaw,0.0,north_america
magdeburg,35.5,western_europe
hwalbay,1.0,north_america
rio_del_rey,-6.0,west_africa
enewetak_atoll,-7.0,pacific_islands
para,-3.0,south_america
mekinock,8.0,north_america
uel_tympychan,-6.0,north_asia
uyo_uyo,1.0,south_america
alcobaca,18.0,western_europe
vetza,18.0,eastern_europe
lungkya,1.5,east_asia
gegou,33.5,east_asia
penllyn,11.0,western_europe
chisos,1.5,north_america
kinhama,7.5,central_africa
qocho,5.0,east_asia
juris,-11.0,south_america
akei,-11.0,pacific_islands
el_tor,17.0,north_africa
kulp,11.0,middle_east
korit,10.0,middle_east
busoga,2.5,east_africa
vankarem,-12.0,north_asia
ghansor,24.5,south_asia
colquechaca,1.0,south_america
tuzara,13.5,eastern_europe
tiruppur,19.0,south_asia
kryvyi_rih,6.0,eastern_europe
cowasuck,-3.0,north_america
aachen,31.0,western_europe
santubong,14.0,south_east_asia
daoba,12.0,east_asia
massigui,12.5,west_africa
shahrakht,10.0,middle_east
buryn,18.5,eastern_europe
kuhtsutuuka,0.0,north_america
bajhang,22.0,south_asia
panevezys,16.0,eastern_europe
ash_shuaybah,2.0,middle_east
xiaoshan,38.5,east_asia
lucala,2.0,central_africa
vodable,16.0,western_europe
gabin,18.5,eastern_europe
lucayoneque,-3.0,north_america
bororos,-3.0,south_america
nasaf,10.0,central_asia
ukyulyakh,-10.0,north_asia
erfurt,28.0,western_europe
kahshe,-2.0,north_america
jianping,32.0,east_asia
thanh_hoa,24.5,south_east_asia
castelnaudary,26.0,western_europe
kreva,17.0,eastern_europe
josselin,19.0,western_europe
gujou,19.0,east_asia
cacequi,4.0,south_america
mongnawng,22.5,south_east_asia
coyame,-0.5,north_america
pop_fargana,14.0,central_asia
gashun,1.0,east_asia
chondon,-5.0,north_asia
kuntokling,24.0,east_asia
aynuna,4.0,middle_east
lampang,19.0,south_east_asia
kletsk,13.0,eastern_europe
yelanets,6.0,eastern_europe
nesle,21.0,western_europe
xilin,20.5,east_asia
sindangkasih,22.0,south_east_asia
targul_saratii,7.5,eastern_europe
alcala_de_henares,17.0,western_europe
haveri,21.0,south_asia
somuncura,-5.0,south_america
jingbian,20.0,east_asia
xinhua_guizhou,24.5,east_asia
xaracuu,-9.0,pacific_islands
tsau,-5.5,southern_africa
durres,22.75,eastern_europe
rakau,13.0,eastern_europe
rusii_de_vede,14.0,eastern_europe
mbia,-4.0,south_america
manigango,8.5,east_asia
leicester,22.0,western_europe
kiheewapiw,-11.0,north_america
inutsualak,-8.0,north_america
acatic,11.5,north_america
oberkirch,18.0,western_europe
hajnowka,15.0,eastern_europe
tembesha,7.5,east_africa
pendra,22.0,south_asia
zorgho,11.5,west_africa
varna,15.75,eastern_europe
pingchuan,25.5,east_asia
msire,4.5,central_africa
oral,2.0,eastern_europe
settat,17.0,north_africa
yangi,11.0,central_asia
mori,1.0,east_asia
sipura,14.0,south_east_asia
minguannan,2.5,north_america
reggioem,31.0,western_europe
alcaraz,15.0,western_europe
suikujarvi,-5.5,western_europe
meizhou,32.5,east_asia
tukuringra,8.5,east_asia
aoukale,-1.5,central_africa
oum_hadjer,-4.0,central_africa
arshgul,14.0,north_africa
medyn,14.0,eastern_europe
strelcha,21.0,eastern_europe
sayylyk,-6.0,north_asia
mindon,14.5,south_east_asia
kimmirut,-7.0,north_america
sarai_al_jadid,9.5,eastern_europe
ushki,-2.0,north_asia
vyadhapura,23.5,south_east_asia
yopitzinco,8.5,north_america
hersfeld,22.0,western_europe
kasipur,27.0,south_asia
nazilli,20.5,middle_east
ombabika,-8.0,north_america
yapen,-12.0,pacific_islands
chalin,8.5,east_asia
isparta,14.0,middle_east
yijun,21.0,east_asia
italwa,-2.0,north_america
khuuchid,4.0,east_asia
eger,16.0,eastern_europe
yongkang,30.0,east_asia
jujin,21.5,east_asia
xicheng,24.5,east_asia
valverde,22.5,western_europe
turets,15.0,eastern_europe
kikassa,-3.0,central_africa
nehuen_mulfun,-3.0,south_america
zhekdeliq,3.0,east_asia
coctu,0.0,north_america
pocorosa,-2.0,north_america
tarsus,19.0,middle_east
lunan,23.5,east_asia
valenii_de_munte,10.0,eastern_europe
kehu,28.5,east_asia
kalamazoo,0.25,north_america
ras_lanuf,11.0,north_africa
nurmes,-8.0,western_europe
talata_mafara,11.0,west_africa
nogui,-1.0,central_africa
schleiz,17.0,western_europe
muang_xay,20.5,south_east_asia
vershinino,-8.0,eastern_europe
amaigbo,-3.0,west_africa
guugu_yimidhirr,-9.0,australasia
panaon,9.0,south_east_asia
crixas,-6.0,south_america
sokna,9.0,north_africa
puctlan,-1.0,north_america
akkeshi,0.0,east_asia
caraga,8.5,south_east_asia
korneuburg,26.5,western_europe
okam,1.0,north_asia
asoqasqoq,-2.0,north_america
tumshukaiko,3.0,south_america
banyo,-5.0,central_africa
kremenskaya,4.5,eastern_europe
pungcheon,23.0,east_asia
bikrampur,27.5,south_asia
daba_akanda,-2.0,central_africa
nalolo,2.5,central_africa
vaihingen,24.5,western_europe
frankenberg,25.0,western_europe
nochemoweniing,-1.0,north_america
pegalan,10.0,south_east_asia
kara_irtysh,5.5,east_asia
puning,23.0,east_asia
balhaf,8.25,middle_east
kashkanteniz,7.0,central_asia
uriutina,-6.0,north_america
kolasar,15.0,south_asia
mariame,4.0,north_america
acarau,-6.0,south_america
yalvac,15.0,middle_east
ocotelolco,12.0,north_america
itamarandiba,-1.0,south_america
gaizhou,18.0,east_asia
kyakhta,6.5,east_asia
kuile,8.5,east_asia
ande,27.0,east_asia
tehuacan,7.0,north_america
draguignan,17.0,western_europe
torgau,23.5,western_europe
ibrahimabad,34.0,south_asia
aly_kyuyel,-13.0,north_asia
jabar,12.5,middle_east
tumbes,2.0,south_america
buckeburg,21.5,western_europe
murayghan,0.0,middle_east
acambaro,10.5,north_america
manley,-3.0,north_america
isenhagen,19.0,western_europe
bitterfeld,19.0,western_europe
kalat_nader,9.0,central_asia
prasat_andet,14.5,south_east_asia
fiambalao,3.0,south_america
konigshofen,20.0,western_europe
fakenham,25.0,western_europe
khunj,12.0,middle_east
antequera,20.0,western_europe
omkoi,15.5,south_east_asia
east_lomwe,6.5,east_africa
nakhara,-8.0,north_asia
chirovoye,-5.0,north_asia
salagiri,13.0,south_asia
keta,-5.5,west_africa
fengdu,27.5,east_asia
hulu_sembakung,12.0,south_east_asia
tesin,14.0,eastern_europe
dulis_ma,-8.0,north_asia
quwo,27.0,east_asia
preston,18.0,western_europe
tebourba,19.0,north_africa
siccanemos,-0.75,north_america
mongyang,22.5,south_east_asia
bombwi,5.5,central_africa
jae_aaya,0.0,north_america
sinaw,2.0,middle_east
madinat_far,10.0,middle_east
zahuatan,1.0,north_america
luxeuil,18.0,western_europe
hengshan,30.5,east_asia
naka_shikoku,20.0,east_asia
paris,37.5,western_europe
kunming,32.5,east_asia
taizhou,28.0,east_asia
chakwal,22.0,south_asia
zagare,14.0,eastern_europe
xutsnoowu,-11.0,north_america
elista,2.0,eastern_europe
farnebo,8.5,western_europe
nadvoitsy,-1.0,western_europe
mahabad,15.0,middle_east
bodo,3.25,western_europe
kushiro,-2.0,east_asia
lugu,23.0,east_asia
guanambi,-6.0,south_america
huaxcama,2.0,north_america
junghwa,21.5,east_asia
trento,22.5,western_europe
dumfries,17.0,western_europe
soyopa,-2.0,north_america
jishan,31.0,east_asia
vamizi,5.25,east_africa
peshtigo,-2.0,north_america
kawartha,1.0,north_america
gogodala,-11.0,pacific_islands
wapiskau,-12.0,north_america
tagmadert,9.5,north_africa
pasapkedjinawong,-1.0,north_america
faro,21.5,western_europe
koshki,6.0,eastern_europe
wuliehe,0.0,east_asia
as_suwaydirah,0.0,middle_east
korutla,24.0,south_asia
bamako,14.5,west_africa
samani,-6.0,east_asia
pokrovskoye,8.5,eastern_europe
talok,21.5,south_east_asia
kuolay,-7.0,north_asia
cuoim,-1.0,central_africa
yamparaez,7.0,south_america
xugou,25.0,east_asia
kaan_peech,7.0,north_america
mangala,-4.0,australasia
gildeskal,0.25,western_europe
barutadura,-6.0,australasia
laian,32.0,east_asia
shadodkot,17.5,south_asia
ganggye,16.5,east_asia
sabha,9.0,north_africa
yonghe,28.5,east_asia
kutjala,-4.0,australasia
paddar,25.5,south_asia
jingili,-6.0,australasia
oberdorf,20.0,western_europe
shetland,4.0,western_europe
erikub_atoll,-7.0,pacific_islands
xiping,34.0,east_asia
rize,14.0,middle_east
beruas,16.0,south_east_asia
broyes,25.5,western_europe
or_aktobe,5.0,central_asia
al_udayb,10.0,middle_east
cham,17.0,western_europe
sinj,11.0,eastern_europe
msire_zambia,3.0,east_africa
katugino,-2.0,north_asia
tineo,15.0,western_europe
west_konongo,-0.5,east_africa
bamba,7.5,west_africa
mitsiadazi,0.0,north_america
dosso,9.0,west_africa
giraiwurung,1.0,australasia
zetounion,19.0,eastern_europe
jyskyjarvi,-6.0,western_europe
den_terek,6.5,east_asia
jinyun,25.0,east_asia
ibri,2.0,middle_east
buren,21.0,western_europe
tacambaro,7.0,north_america
orog,-2.0,east_asia
yeonggwang,23.0,east_asia
yosa,22.0,east_asia
tojo,13.0,south_east_asia
itaporanga,-1.0,south_america
harunabad,15.0,middle_east
qiyang,33.5,east_asia
debin,-9.0,north_asia
keret,-8.0,western_europe
zhenan_guishun,18.0,east_asia
coatzacoalco,6.5,north_america
ouachita,6.0,north_america
suturuoxa,-11.0,north_asia
pohoko_ikkatee,-5.0,north_america
surigao,8.0,south_east_asia
purubora,-8.0,south_america
hama,26.5,middle_east
moi_urusta,-3.0,north_asia
jhanjharpur,30.5,south_asia
utuva,-2.0,south_america
worimi,4.0,australasia
villemaur,21.0,western_europe
mulilimu,4.0,central_africa
vartsila,-0.5,western_europe
xindu_jizhou,27.0,east_asia
benavente,21.0,western_europe
amulaca,-4.0,central_africa
balj,2.5,east_asia
matapedia,-5.0,north_america
rosso,9.5,west_africa
szabolcs,16.5,eastern_europe
thimpu,14.0,south_asia
marxa,-8.0,north_asia
shuyskoye,9.5,eastern_europe
chandor,17.0,south_asia
wiang_sa,17.0,south_east_asia
fangshan,26.0,east_asia
saryadyn,-5.0,eastern_europe
giza,27.5,north_africa
baume,16.0,western_europe
gonder,16.0,east_africa
mahneshan,13.0,middle_east
bohan,4.0,south_america
bemanevika,-6.0,east_africa
binh_nguyen,21.5,south_east_asia
barsalogho,9.0,west_africa
turgay,7.0,central_asia
tupiniquim,-7.0,south_america
loudi,24.0,east_asia
sunnfjord,8.0,western_europe
huncun,7.5,east_asia
nandgram,19.0,south_asia
susunswe,1.0,central_africa
mucajai,3.0,south_america
chara,-3.0,north_asia
sevsk,14.0,eastern_europe
curumanao,-1.0,south_america
devgarh,21.0,south_asia
obion,2.0,north_america
namewaminikan,-6.0,north_america
wiccacon,1.0,north_america
weert,24.5,western_europe
tavan_tolgoi,-2.0,east_asia
jicayan,6.0,north_america
jachal,7.0,south_america
wamsutter,-7.0,north_america
joluo,-1.5,east_africa
seqse_qaqa,0.0,south_america
kooapudna,0.0,australasia
mankunda,17.0,south_asia
hezhou_he,29.5,east_asia
kalnivka,6.0,eastern_europe
hequ,30.5,east_asia
danyang_korea,21.5,east_asia
ouargla,7.0,north_africa
kamo_izu,22.0,east_asia
nusaybin,21.0,middle_east
karaga,-10.0,north_asia
nekloch,9.0,eastern_europe
peekin,-7.0,north_asia
jadu,6.0,north_africa
mandurah,1.0,australasia
cherohenaka_nc,1.0,north_america
daasanach,1.5,east_africa
hawaastatkiicu,7.0,north_america
wathaurong,0.75,australasia
yanbu,4.0,middle_east
xanthia,19.0,eastern_europe
zhenyuan,21.0,east_asia
matimba,2.0,central_africa
silbojock,0.5,western_europe
nuba_sud,3.5,east_africa
kineepikwameekwa,1.0,north_america
el_agheila,10.5,north_africa
kruje,13.0,eastern_europe
shethanei,-11.0,north_america
grenland,3.5,western_europe
bazman,9.0,middle_east
ciudad_rodrigo,19.0,western_europe
furubetsu,-8.0,east_asia
burunge,8.0,east_africa
mootka,-7.5,western_europe
kubu_rokan,14.0,south_east_asia
cosamaloapan,1.5,north_america
sico,-0.5,north_america
kaitotikwia,0.0,north_america
monahassanugh,-2.0,north_america
bungku,14.0,south_east_asia
yanshi,35.0,east_asia
uruppu,-10.0,east_asia
tsalenjikha,12.0,eastern_europe
manistique,-2.0,north_america
yaino,1.0,south_america
angualasto,5.0,south_america
katyn,16.5,eastern_europe
targoviste,18.0,eastern_europe
pitsunda,11.25,eastern_europe
xichuan_xizhou,25.0,east_asia
kwaaru,4.0,north_america
skande,12.0,eastern_europe
nilka,5.5,central_asia
sentachan,-9.0,north_asia
ibi,-2.5,central_africa
seongwi,25.0,east_asia
steinburg,19.0,western_europe
lippstadt,19.0,western_europe
kozelets,16.5,eastern_europe
shahr_sabz,12.0,middle_east
tunliu,27.0,east_asia
aso,19.0,east_asia
rome,33.0,western_europe
tacariju,-6.0,south_america
ararayu_aba,-6.0,south_america
krasny_kut_pontic,0.0,eastern_europe
shangzhou,20.0,east_asia
hammamet,18.25,north_africa
liaoyang,30.5,east_asia
xiapi,33.5,east_asia
coimbatore,19.0,south_asia
ngouma,11.0,west_africa
sanikiluaq,-12.0,north_america
skinskatteberg,8.0,western_europe
multan,32.5,south_asia
metapan,2.5,north_america
skye,6.5,western_europe
chinon,25.5,western_europe
salavata,17.0,south_asia
tumkur,17.0,south_asia
kebergene,-11.0,north_asia
elton,0.0,eastern_europe
mazdaran,6.0,central_asia
datta,1.5,east_asia
kyundyade,-6.0,north_asia
spasskoye,9.5,eastern_europe
sarreguemines,21.0,western_europe
jataizinho,-2.0,south_america
vasknarva,10.5,eastern_europe
johor_lama,22.0,south_east_asia
moura,22.5,western_europe
gilgel_beles,5.0,east_africa
koktuma,7.0,central_asia
janakpur_nepal,29.0,south_asia
myedu,21.5,south_east_asia
buale,11.5,east_africa
pakrac,16.5,eastern_europe
nicabau,-8.0,north_america
iki_iki,1.0,south_america
tachi,-2.0,north_america
gunindiri,-6.0,australasia
kioko,1.0,central_africa
hemtine,-3.0,central_africa
patapsco,5.0,north_america
murt,10.0,middle_east
aluri,-7.0,australasia
nari_nari,-8.0,australasia
penza,10.5,eastern_europe
jieyang,25.0,east_asia
sri_thep,21.5,south_east_asia
misha_shipu,-11.0,north_america
seneca,-9.0,north_america
montefeltro,23.0,western_europe
kuddan,12.0,middle_east
cuauhteopan,3.0,north_america
balotipone,-3.0,south_america
hienatiemi,-0.5,western_europe
bisotun,15.5,middle_east
cefalu,17.0,western_europe
ziryanka,-11.0,north_asia
santeh,17.0,middle_east
thun,17.5,western_europe
chioata,4.0,central_africa
sambhar,17.0,south_asia
bugur,8.5,east_asia
bodou_sailay,9.0,west_africa
malal_hue,-5.0,south_america
wenquan,26.0,east_asia
sakawyiniw,-9.0,north_america
yaransk,3.0,eastern_europe
saint_mihiel,23.0,western_europe
bengoala,0.0,east_africa
manicouagan,-9.0,north_america
merano,19.0,western_europe
anhialo,20.25,eastern_europe
marrakesh,20.0,north_africa
dera_bugti,12.0,south_asia
meiganga,-5.5,central_africa
menesetung,-1.0,north_america
kisomba,1.0,central_africa
soonpur,22.0,south_asia
chitkan,-4.0,north_asia
dhubri,21.5,south_asia
ikosi,-5.5,west_africa
juye,31.0,east_asia
sibak,13.0,middle_east
tata,21.5,eastern_europe
koro,1.5,west_africa
suamox,5.0,south_america
obishikokaang,-5.0,north_america
gavrilovskoye,13.0,eastern_europe
dupnitsa,12.0,eastern_europe
raipur,24.0,south_asia
mancha_khiri,21.5,south_east_asia
carei,12.0,eastern_europe
khosheutovo,4.5,eastern_europe
usangi,11.0,east_africa
bergama,21.0,middle_east
sharka,6.0,east_africa
chomuruvuti,0.5,southern_africa
diakhao,1.0,west_africa
wachilmezi,0.0,north_america
punxsutawney,-5.0,north_america
mameiwasipi,1.0,north_america
titimani,3.0,south_america
kakaling,0.0,north_america
pingyuan_mei,23.0,east_asia
llica,0.0,south_america
zubova_polyana,10.0,eastern_europe
peewareewa,1.0,north_america
beloretsk,-2.5,eastern_europe
akimiski,-12.0,north_america
koki,1.0,west_africa
kaa,4.5,east_asia
pokshenga,-0.5,eastern_europe
hulu_baram,12.0,south_east_asia
yanbu_an_nakhil,2.0,middle_east
ketmen_tobe,8.0,central_asia
torres_novas,22.5,western_europe
mirat,34.5,south_asia
harcourt,23.0,western_europe
yingshui,34.5,east_asia
fenyi,22.0,east_asia
trenquelauquen,4.0,south_america
vitry_aux_loges,25.5,western_europe
axochiapan,9.5,north_america
longzhou_longzhou,20.0,east_asia
castelsardo,13.25,western_europe
prathai_saman,21.5,south_east_asia
betanzos,21.5,western_europe
ardtornish,5.5,western_europe
vartashen,14.5,eastern_europe
mirecourt,23.0,western_europe
leon,21.0,western_europe
gubio,11.0,west_africa
sheshatshiu,-6.0,north_america
nowogard,19.0,western_europe
al_qaiyah,0.0,middle_east
molomo,4.0,central_africa
gabra,-4.0,east_africa
daklha_gampo,3.5,east_asia
nichicun,-8.0,north_america
castelo_branco,24.5,western_europe
talimeco,1.0,north_america
guiigu_yudxi,2.0,north_america
laghouat,8.0,north_africa
tse_bitai,-2.0,north_america
mawlamyine,17.0,south_east_asia
shidian,19.5,east_asia
huxian,30.5,east_asia
dabuchyn,13.0,eastern_europe
bazarny_syzgan,10.5,eastern_europe
pimuu_nga,-4.0,north_america
wardandi,-2.0,australasia
prostejov,23.0,western_europe
yongfu,23.0,east_asia
yindjibarndi,-11.0,australasia
konbudj,-8.0,australasia
guwandhaang,-6.0,australasia
kaleap,-2.0,australasia
ucluelet,-5.5,north_america
pitkachi,-1.0,north_america
orlovka,-10.0,north_asia
wapisiw_sipihk,-5.0,north_america
sringeri,16.0,south_asia
khaugoan,-8.0,southern_africa
hulan,13.5,east_asia
mallee,-2.0,australasia
daha,24.0,south_east_asia
raxalaa,4.0,south_america
malham,0.0,middle_east
rovnoye,0.5,eastern_europe
chaoxian,30.0,east_asia
ras_hafun,4.0,east_africa
skootamatta,-4.0,north_america
villandro,19.0,western_europe
liling,29.0,east_asia
bai,9.0,west_africa
yaharo,-4.0,south_america
motul,9.0,north_america
hall,19.0,western_europe
muang_khuan_kra_buri,17.0,south_east_asia
thang_long,38.0,south_east_asia
neustadt,22.0,western_europe
lahasusu,8.5,east_asia
jaguarari,-2.0,south_america
lipnic,11.5,eastern_europe
kure_i_mamure,14.0,middle_east
chicamacomico,0.0,north_america
morangi,16.5,south_asia
udamik,-11.0,north_asia
lubalo,-1.0,central_africa
argi,6.5,east_asia
ostrzeszow,16.0,eastern_europe
incawasi,1.0,south_america
taung,-3.0,southern_africa
badulla,14.0,south_asia
veisiejai,15.5,eastern_europe
sakya,9.5,east_asia
takana,-1.0,south_america
monzon_campos,21.0,western_europe
xining,16.0,east_asia
chittoor,14.0,south_asia
avga,0.0,east_asia
kailali,29.5,south_asia
shayang,33.5,east_asia
bishan,33.5,east_asia
kuamut,13.0,south_east_asia
asadabad,16.5,middle_east
futi,8.5,east_asia
kusu,19.0,east_asia
sibolga,14.0,south_east_asia
kracheh,19.5,south_east_asia
kavaratti_atoll,19.25,south_asia
ambatondrazaka,2.0,east_africa
kasakaupuyau,-5.0,north_america
penaca,8.0,north_america
poshekhonye,9.5,eastern_europe
st_gerand,16.0,western_europe
kishtwar,26.5,south_asia
sidi_bennour,11.0,north_africa
mah_hom,2.0,north_america
valdres,1.0,western_europe
wak_kabnal,0.0,north_america
liubar,13.0,eastern_europe
raphoe,8.0,western_europe
ermioni,20.75,eastern_europe
kidderminster,20.5,western_europe
foping,19.0,east_asia
almora,23.0,south_asia
baidoa,9.0,east_africa
ares_del_maestre,27.0,western_europe
tochpan,4.0,north_america
muconda,-1.0,central_africa
grosseto,22.0,western_europe
brzeg,25.5,eastern_europe
ynakhsyt,-6.0,north_asia
jhansi,29.5,south_asia
toshima_kanto,32.75,east_asia
rong_damrel,19.0,south_east_asia
qatya,19.0,north_africa
jiachuan,23.0,east_asia
tabelbala,9.0,north_africa
choconta,3.0,south_america
willcahuain,1.0,south_america
bolodek,0.5,north_asia
amstetten,28.5,western_europe
sao_sebastiao_paraiso,-2.0,south_america
irarutu,-8.0,pacific_islands
akan_loc,-2.0,east_asia
antabamba,-1.0,south_america
ulibahali,-2.0,north_america
huete,14.0,western_europe
trujillo,20.0,western_europe
mlada_boleslav,23.0,western_europe
non,8.5,east_asia
gaoui,-4.0,central_africa
yurginskoye,-6.0,north_asia
welzheim,17.0,western_europe
chequamegon,-2.0,north_america
mongmit,19.5,south_east_asia
zhebariki_khaya,-6.0,north_asia
assapasca,2.0,north_america
gostynin,18.5,eastern_europe
sonepur_bihar,23.5,south_asia
cockermouth,14.0,western_europe
tagatay,7.0,central_asia
bellac,21.0,western_europe
zhabny,14.0,eastern_europe
situo,21.5,east_asia
verkola,-0.5,eastern_europe
myndagai,-6.0,north_asia
cuicatlan,8.0,north_america
dhafar,8.0,middle_east
uchee,1.0,north_america
yuyang,33.0,east_asia
chatot,1.0,north_america
goulfey,11.5,west_africa
atikwa,-5.0,north_america
oldenburg,19.0,western_europe
north_hia_ced_oodham,-1.0,north_america
ilalumaala,-8.5,south_america
thandwe,14.0,south_east_asia
aoe,-9.0,southern_africa
paposo,0.0,south_america
undurkhaan,6.5,east_asia
kopys,16.5,eastern_europe
youxi,31.5,east_asia
bartin,18.5,middle_east
bagdarin,-3.0,north_asia
cheboksary,5.5,eastern_europe
harlingen,15.25,western_europe
sebakwe,4.0,southern_africa
boa_vista,-1.0,west_africa
lafur,15.0,middle_east
milas,24.75,middle_east
beisheng,19.5,east_asia
pritzwalk,17.0,western_europe
kharak,6.5,east_asia
talikota,19.0,south_asia
katibas,13.0,south_east_asia
renk,11.5,east_africa
kobra,-0.5,eastern_europe
lawksawk,24.5,south_east_asia
enisala,5.5,eastern_europe
nianbo,12.0,east_asia
osinsky,-0.5,north_asia
middelburg,24.75,western_europe
njambi,-1.0,central_africa
tiznit,11.0,north_africa
wasserburg,22.5,western_europe
chatyun,8.0,eastern_europe
tuam,11.0,western_europe
jiangning,36.5,east_asia
tonle_kong,21.5,south_east_asia
borobudur,17.0,south_east_asia
ondaonnentakwi,-5.0,north_america
valjevo,11.0,eastern_europe
otennienontant,1.0,north_america
huoshan,27.0,east_asia
kaba,12.5,west_africa
tonnerre,19.0,western_europe
hewanorra,-9.0,north_america
waestbo,6.0,western_europe
el_buur,9.0,east_africa
aahkawiraahkata,6.0,north_america
quetzalla,3.5,north_america
mglin,14.0,eastern_europe
gegen,1.0,east_asia
lodi,30.5,western_europe
neihuang,29.5,east_asia
ot_kyuyel,-12.0,north_asia
soderala,5.5,western_europe
soba,11.5,east_africa
nduga,1.0,east_africa
zombodze,-2.0,southern_africa
boya,-11.0,north_america
sinawin,9.0,north_africa
fremont,-2.0,north_america
heide,14.0,western_europe
targim,12.0,eastern_europe
dolchinyo,9.0,eastern_europe
slavkovitchi,14.0,eastern_europe
gichthanne,2.0,north_america
dzil_taadn,2.0,north_america
qelelevu_atoll,-8.0,pacific_islands
mamusi,-12.0,pacific_islands
skaun,3.0,western_europe
karsun,8.5,eastern_europe
novosil,14.0,eastern_europe
yitha_yitha,-5.0,australasia
giiwas,-6.0,north_america
cuareim,4.0,south_america
maiwa_papua,-8.0,pacific_islands
melnytsya,9.0,eastern_europe
kinerma,-3.0,western_europe
linying,34.0,east_asia
huehuetan,1.0,north_america
awrtable,9.0,east_africa
elkhorn,-10.0,north_america
tapaje,-2.0,south_america
tavrenga,7.0,eastern_europe
clackmannan,13.0,western_europe
quanasee,-3.0,north_america
mazyr,16.5,eastern_europe
jinta,14.0,east_asia
wassu,4.5,west_africa
paspebiac,-5.0,north_america
guanare,3.0,south_america
riantana,-8.0,pacific_islands
mainz,34.5,western_europe
wangdue,16.5,south_asia
moshi,-6.0,north_asia
pagai,17.0,south_east_asia
parkal,20.0,south_asia
pocatalico,-4.0,north_america
tabaga,-8.0,north_asia
udabhanda,19.5,south_asia
caopacho,-8.0,north_america
zossen,17.0,western_europe
waupecan,3.0,north_america
murri,-1.0,south_america
vopnafjordur,-1.25,western_europe
galisteo,22.0,western_europe
araritaguaba,-2.0,south_america
abihka,1.0,north_america
gerze_tibet,1.0,east_asia
andong_huaian,32.5,east_asia
nikolo_dor,13.0,eastern_europe
djedaa,-6.0,central_africa
kamyshlov,3.0,eastern_europe
totokwan,-1.0,north_america
fancheng,31.5,east_asia
accra,-3.0,west_africa
jita,2.0,east_africa
zakynthos,13.25,eastern_europe
nanzatico,-1.0,north_america
hangu_romania,4.0,eastern_europe
sardarshahar,15.0,south_asia
ergani,18.0,middle_east
mineami,-1.0,north_america
mahakam,16.0,south_east_asia
raucha,-10.0,north_asia
brodnica,16.0,eastern_europe
captina,0.0,north_america
tza_wan_pupako,8.0,north_america
sastamala,-0.5,western_europe
mezhutka,4.5,eastern_europe
tongdao_rongzhou,19.0,east_asia
makaka,-6.0,central_africa
rimouski,-2.0,north_america
kuukuyani,-6.0,australasia
saudakent,11.0,central_asia
xinyi_gaozhou,26.0,east_asia
lifau,17.0,south_east_asia
upar,0.0,south_america
taznakht,4.0,north_africa
kalmyk,2.0,eastern_europe
voznesenskoye,7.5,eastern_europe
ar_rayyan,-1.0,middle_east
sai,6.5,east_africa
alazapa,3.0,north_america
thatta,26.5,south_asia
tahamies,3.0,south_america
konkow,1.0,north_america
sillanwali,24.5,south_asia
laguardia,18.5,western_europe
chichaoua,12.0,north_africa
nizhny_lomov,12.0,eastern_europe
tulle,16.0,western_europe
rochlitz,19.0,western_europe
opava,20.0,eastern_europe
gwaay_haanas,-6.0,north_america
cahama,-1.0,central_africa
lobuya,-6.0,north_asia
angamacutiro,10.0,north_america
humenne,15.0,eastern_europe
huafeng,25.0,east_asia
kargapolye,-2.0,north_asia
ruga,14.0,south_asia
dekemhare,3.0,east_africa
harahey,6.0,north_america
babahuyu,7.0,south_america
turki,10.5,eastern_europe
iskanwaya,7.0,south_america
mitilene,12.25,eastern_europe
suordakh,-8.0,north_asia
tank,19.0,south_asia
kedar,6.0,east_asia
kolomna,16.5,eastern_europe
autun,20.0,western_europe
fenghua,26.0,east_asia
danubyu,17.0,south_east_asia
sonthofen,17.0,western_europe
lolo,-9.0,central_africa
alapaha,2.0,north_america
lezhi,30.0,east_asia
kanpeska,4.0,north_america
landeck,22.5,western_europe
terekti,2.0,eastern_europe
hiyama_hokkaido,-5.0,east_asia
yingisar,6.0,east_asia
yola,-5.5,central_africa
doubare,9.0,west_africa
heshui,20.0,east_asia
kuyu_shazhou,14.0,east_asia
meductic,0.0,north_america
erongaricuaro,6.0,north_america
tlalpan,6.0,north_america
maravatio,9.5,north_america
jomda,8.5,east_asia
sudislavl,15.5,eastern_europe
leel_watr_ool,-10.0,north_america
sumuri,-3.0,pacific_islands
ghormach,16.0,central_asia
durjaya,19.5,south_asia
lukassi,-3.0,central_africa
olo,-11.0,pacific_islands
shuruk,7.0,central_asia
bomdila,14.0,south_asia
etzikom,-2.0,north_america
tengiz,7.0,central_asia
zalamea,15.0,western_europe
aylesbury,24.0,western_europe
temnikov,13.5,eastern_europe
uberlingen,21.0,western_europe
ulegir,-8.0,north_asia
ranchi,29.0,south_asia
roh,31.0,south_asia
ziqwala,11.0,east_africa
bengalon,14.0,south_east_asia
miketo,-2.0,east_africa
kartaly,-1.0,north_asia
araya,0.0,south_america
huarong,31.0,east_asia
hatun_killaka,2.0,south_america
asila_arabia,0.0,middle_east
ningyuan_jinzhou,21.0,east_asia
al_quwayrah,10.0,middle_east
shunde,28.5,east_asia
tierp,15.5,western_europe
besteiros,21.0,western_europe
sochaczew,22.5,eastern_europe
hanagal,19.0,south_asia
fadisheh,6.0,central_asia
matala,5.0,central_africa
mora_eth,6.5,east_africa
catios,-3.0,south_america
winsen,21.5,western_europe
shuya_karelia,-1.0,western_europe
elvas,22.5,western_europe
kuyanlik,6.0,eastern_europe
rahsaan_khad,5.5,east_asia
guantanamo,-3.0,north_america
buriari,-4.0,north_america
tomata,20.0,east_asia
shiwa,19.0,east_asia
tecamachalco,11.0,north_america
soldaia,10.25,eastern_europe
tsukama,24.0,east_asia
vichuga,13.0,eastern_europe
kalanaur,32.5,south_asia
vicenza,33.0,western_europe
wambu,-3.0,central_africa
kipahigan,-6.0,north_america
balyktyg,2.5,east_asia
essequibo,3.0,south_america
yalve_sanga,-7.0,south_america
chupilta,-1.0,south_america
el_burullus,20.5,north_africa
fuqiang,27.0,east_asia
jonang,7.5,east_asia
dabiq,22.0,middle_east
mikulino,16.5,eastern_europe
suwa,20.0,east_asia
guire,7.0,west_africa
qiongshan,26.5,east_asia
tsipanda,-9.0,north_asia
nokoni,8.0,north_america
itabaiana,-3.0,south_america
watungasta,4.0,south_america
luoshan_qujing,19.0,east_asia
shabalula,7.0,south_america
badami,19.0,south_asia
dubna,18.5,eastern_europe
miyakojima,4.0,east_asia
solovetsky,-2.0,eastern_europe
kyubyainde,-6.0,north_asia
akre,18.5,middle_east
hardoi,32.0,south_asia
koksala,7.0,central_asia
bumi_ayu,17.0,south_east_asia
umbu,4.0,south_america
zhouzhi,26.5,east_asia
umluj,4.0,middle_east
kondurcha,8.5,eastern_europe
tosa,21.0,east_asia
bole,4.5,west_africa
nyuksenitsa,9.5,eastern_europe
sangha,-9.0,central_africa
ruian,27.0,east_asia
chymnaii,-6.0,north_asia
hexham,14.0,western_europe
arerius,-3.0,south_america
kineo,-3.0,north_america
voskresenskoye,7.5,eastern_europe
obyachevo,-1.0,eastern_europe
camel_duahi,-6.0,australasia
moskona,-11.0,pacific_islands
weissenburg,26.0,western_europe
sart,6.0,east_asia
dien_ban,14.0,south_east_asia
treviso,31.0,western_europe
awaran,9.0,middle_east
koushi,22.0,east_asia
geziyandun,3.0,east_asia
joal,-4.0,west_africa
bouna,0.0,west_africa
dien_chau,22.0,south_east_asia
tremembe,-6.0,south_america
villafranca_bierzo,16.0,western_europe
kenamu,-11.0,north_america
berezhnyany,16.5,eastern_europe
birkala,-0.5,western_europe
guwan,27.0,east_asia
mistahi,-11.0,north_america
makurawe,2.0,north_america
deh_kord,13.0,middle_east
singa,7.5,east_africa
binayakpur,30.5,south_asia
nindi,4.5,east_africa
uza,2.0,north_america
cocoyome,-2.0,north_america
atibaia,-3.0,south_america
zaoqiang,27.0,east_asia
belley,17.5,western_europe
ujan,14.0,middle_east
zhongdu,24.0,east_asia
strumica,9.0,eastern_europe
ramesvaram,26.5,south_asia
tamworth,18.0,western_europe
mallig,16.0,south_east_asia
imangaq,-10.0,north_america
tunupegosode,-6.0,south_america
odoli,7.5,east_asia
arapuey,2.0,south_america
dikwa,11.0,west_africa
mariua,-6.0,south_america
pemba,-0.5,east_africa
lyubim,15.5,eastern_europe
klahoose,-4.5,north_america
nachod,18.0,western_europe
neath,12.0,western_europe
auxonne,27.5,western_europe
longueville,21.0,western_europe
irek,7.0,central_asia
pingji,29.0,east_asia
ulenkhe,0.0,east_asia
qus,32.5,north_africa
xinxing_annan,21.5,east_asia
pokhran,15.0,south_asia
krasny_bor,9.5,eastern_europe
kharibta,25.5,north_africa
bajo_flores,16.0,south_east_asia
kamilaroi,-4.0,australasia
tuzdysor,-8.0,north_asia
nangchen,1.0,east_asia
domboshaba,-3.0,southern_africa
selfoss,0.0,western_europe
kiowa,0.0,north_america
puyallup,3.0,north_america
jacarei,-2.0,south_america
opatow,22.5,eastern_europe
tsora,3.5,east_asia
bangalore,24.0,south_asia
koskoak,-5.0,north_america
mingsha,22.5,east_asia
vuriloche,-2.0,south_america
htamanthi,24.5,south_east_asia
speyer,33.5,western_europe
rim,11.0,west_africa
rawa_papua,-5.0,pacific_islands
tilala,4.0,south_america
motu_maha,-4.0,australasia
harad_asir,7.0,middle_east
el_buwit,19.5,north_africa
enez,24.5,eastern_europe
maguana,-3.0,north_america
fabriano,16.0,western_europe
gwalior,31.0,south_asia
alexeyevka,6.0,eastern_europe
safkul,-2.0,north_asia
upper_ob,-11.0,north_asia
dongondoutchi,9.0,west_africa
ata_mindanao,8.0,south_east_asia
tieling,18.5,east_asia
dubbi,19.0,south_asia
matmata,7.0,north_africa
tame,6.0,south_america
sailahai,7.5,east_asia
narrandera,-4.0,australasia
basavapattana,17.0,south_asia
yongping_yongchang,18.5,east_asia
uschu,9.5,east_asia
ahkwesasne_ny,0.0,north_america
qirq_yer,6.0,eastern_europe
yasuj,13.0,middle_east
konjic,10.0,eastern_europe
malong,11.0,east_asia
misask,-6.0,north_america
piipaash,1.0,north_america
vasvar,19.0,eastern_europe
chak,9.0,middle_east
hongcheon,20.0,east_asia
hamaroy,2.25,western_europe
jiparana,-6.0,south_america
humadea,4.0,south_america
plock,24.5,eastern_europe
khatun,16.5,eastern_europe
krui,14.0,south_east_asia
wasatch,-7.0,north_america
cloppenburg,19.0,western_europe
staraya_russa,13.5,eastern_europe
pesaro,31.0,western_europe
amkoe,-6.0,southern_africa
oudenaarde,28.0,western_europe
freistadt,19.5,western_europe
ko_kwel,-3.0,north_america
gradiski_brod,16.5,eastern_europe
mano_iyo_he,-2.0,north_america
pola,18.75,eastern_europe
feldbach,23.5,western_europe
madi_madi,-3.0,australasia
setif,10.0,north_africa
savoonga,-12.0,north_america
ncando,-6.0,central_africa
daniski,11.0,west_africa
pur,-10.0,north_asia
yancheng_kaifeng,34.5,east_asia
shiqian,22.5,east_asia
noyuo,-5.0,north_asia
nukamkiajijk,-10.0,north_america
waldsee,20.0,western_europe
alagadyan,-8.0,north_asia
yacegua,4.0,south_america
paanajarvi,-5.5,western_europe
karytaina,15.0,eastern_europe
tokichan,-9.0,north_asia
caniche,0.0,south_america
vetlanda,11.0,western_europe
al_ayn_khaybar,0.0,middle_east
zhenping,32.0,east_asia
wertingen,24.5,western_europe
beohari,24.5,south_asia
borisogleb,14.0,eastern_europe
nheteroia,-6.0,south_america
dingyuan_lingzhou,22.5,east_asia
chigoubiche,-8.0,north_america
samangan,6.0,central_asia
sokota,12.0,east_africa
ambam,-8.5,central_africa
kupadokado,-9.0,north_america
gongcheng,20.0,east_asia
prinzus,-1.5,north_america
acham,25.5,south_asia
qom_caia,-1.0,south_america
butaritari_atoll,-6.0,pacific_islands
usu_xinjiang,5.0,east_asia
belgaum,16.0,south_asia
ouiatchouaniche,-2.0,north_america
bengkalis,12.0,south_east_asia
treviglio,31.5,western_europe
swellendam,-3.0,southern_africa
ipueira,-3.0,south_america
gilan_gharb,13.0,middle_east
mimizan,16.0,western_europe
hamrange,13.0,western_europe
deori,24.5,south_asia
longchuan_xunzhou,26.5,east_asia
jagodina,18.5,eastern_europe
kura,-6.0,south_america
dan_sai,14.5,south_east_asia
milange,3.5,southern_africa
tunkuo,-8.0,western_europe
orotuk,-3.0,north_asia
atiya,27.5,south_asia
khormoj,14.0,middle_east
st_ambroix,19.5,western_europe
zhonglu,22.0,east_asia
latu,14.0,south_east_asia
sahagun,21.0,western_europe
hadiya,9.0,east_africa
tortuga,-8.5,north_america
chastoozerye,-2.0,north_asia
walpi,2.0,north_america
darende,13.0,middle_east
balakovo,4.5,eastern_europe
onnyos,-6.0,north_asia
benghazi,14.25,north_africa
nac_nanuk,-4.0,south_america
ningjin,27.0,east_asia
sharu,1.5,east_asia
kwaskwuti,2.0,north_america
orosu,-6.0,north_asia
kantalahti,-6.0,western_europe
kanthi,29.5,south_asia
baleh,10.0,south_east_asia
jujuy,9.0,south_america
nishimorokata,22.0,east_asia
tocantis,-3.0,south_america
modica,19.0,western_europe
provins,25.0,western_europe
ngargad,-3.0,australasia
al_khadra_ALG,14.0,north_africa
peja,14.0,eastern_europe
dingnan,21.0,east_asia
sar_mashhad,14.0,middle_east
chiang_khong,17.5,south_east_asia
al_hegrieah,2.0,middle_east
xie,22.5,east_asia
hunedoara,18.5,eastern_europe
washakie,-5.0,north_america
osnavieh,11.0,middle_east
lamanai,3.5,north_america
cremona,36.5,western_europe
krnov,13.0,eastern_europe
nima,21.0,east_asia
ogomoor,-4.0,east_asia
ras_gharib,17.0,north_africa
cacaxtles,3.0,north_america
colha,-1.0,north_america
takai,26.5,east_asia
dyrashnichikha,-8.0,north_asia
linguere,3.0,west_africa
dala,14.5,south_east_asia
uele_ca,-4.0,central_africa
chisinau,11.5,eastern_europe
chuwalee,-1.0,north_america
wekwee_ti,-10.0,north_america
tk_emlups,-9.0,north_america
nyamal,-8.0,australasia
bledsoe,-3.0,north_america
kandysu,-0.5,north_asia
busayrah,10.5,middle_east
okladnikova_sloboda,-7.5,eastern_europe
jubara,12.0,central_asia
kinistino,0.0,north_america
teypana,1.5,north_america
moron,23.0,western_europe
kafartab,24.5,middle_east
abyy,-11.0,north_asia
jayankondam,24.5,south_asia
karia,-1.0,central_africa
utondwe,7.0,east_africa
betroka,3.5,east_africa
sohrfiruzan,11.0,middle_east
hengyang,28.5,east_asia
aurland,3.0,western_europe
paro,16.0,south_asia
ardakan,9.0,middle_east
cataguas,-2.0,south_america
guaxaban,-1.0,north_america
stata_ketux,-5.0,north_america
kyaukme,21.5,south_east_asia
bandhugara,19.0,south_asia
hulu_paser,11.0,south_east_asia
guzelhisar,23.5,middle_east
maqtewey,-2.0,north_america
gresi,-9.0,pacific_islands
hellin,17.0,western_europe
andechs,20.0,western_europe
jazan,7.0,middle_east
dancheng,27.0,east_asia
pontianak,11.0,south_east_asia
ulma,11.5,east_asia
osnabruck,21.0,western_europe
schesslitz,19.0,western_europe
caxitlan,7.0,north_america
muromtsevo,-6.0,north_asia
kholm,16.5,eastern_europe
nounkonkan,2.5,west_africa
pende,-3.5,central_africa
baodian,18.5,east_asia
yateras,-5.0,north_america
utlandet,17.0,western_europe
luzhou,36.0,east_asia
zhilinda,-6.0,north_asia
juni_aiken,-3.0,south_america
abashiri,-0.5,east_asia
shichah,0.0,north_america
muyu,-6.0,pacific_islands
millinocket,0.0,north_america
neluki,-3.0,north_asia
fuzhou_songpan,23.0,east_asia
carlisle,17.5,western_europe
corte,10.0,western_europe
itzcalpan,2.0,north_america
esna,25.5,north_africa
khuai,-10.0,southern_africa
promsa,8.5,eastern_europe
chuhuiv,8.0,eastern_europe
nyikina,-4.0,australasia
velyka_oleksandrivka,2.5,eastern_europe
pangguyangan,20.0,south_east_asia
llanes,17.25,western_europe
sarsuti,24.0,south_asia
jawand,12.0,central_asia
bosobolo,-3.0,central_africa
qahqaheh,11.0,middle_east
nakhal,2.0,middle_east
hammerfest,3.75,western_europe
tafresh,17.0,middle_east
eyvanekey,12.0,middle_east
asmat,-11.0,pacific_islands
ratne,10.0,eastern_europe
linwu,28.0,east_asia
karma_densa,12.5,east_asia
uguumur,6.5,east_asia
heping,25.5,east_asia
pelly_faro,-5.0,north_america
staropolye,14.0,eastern_europe
cixi,34.0,east_asia
atash,7.0,south_america
ait_daoud,8.0,north_africa
artyk_ata,12.0,central_asia
noto,21.25,western_europe
nendo,-8.0,pacific_islands
ytykyra,-3.0,south_america
soderbarke,8.0,western_europe
khikhani,9.0,eastern_europe
kombomba,1.5,east_africa
lowqah,2.0,middle_east
tamna,25.0,east_asia
kurmysh,8.5,eastern_europe
wamesa,-8.0,pacific_islands
chongren,24.0,east_asia
salm,16.0,western_europe
konevets,1.5,western_europe
angkor_borei,21.5,south_east_asia
chochama,2.0,north_america
po,10.0,west_africa
sabanozu,13.5,middle_east
puertollano,15.0,western_europe
agadem,5.0,west_africa
yiman_australia,-6.0,australasia
dufanat,10.0,north_africa
bela,14.0,middle_east
yandao,27.0,east_asia
rawa,14.0,eastern_europe
dazhasi,27.5,east_asia
pyzdry,20.5,eastern_europe
mile,21.5,east_asia
nozza,19.0,western_europe
beaupreau,23.5,western_europe
buha,0.0,east_asia
ogeechee,2.0,north_america
aha_macav,0.0,north_america
huupalikooche,2.0,north_america
hepa,8.0,north_america
xiangyang,36.5,east_asia
mityakinskaya,8.5,eastern_europe
boumalne_dades,9.0,north_africa
khiva,7.0,central_asia
tansyk,11.0,central_asia
uyandina_trail,-6.0,north_asia
rudnik,13.5,eastern_europe
piaui,-6.0,south_america
tarbeevka,10.0,eastern_europe
zempoala,10.0,north_america
gambaga,12.5,west_africa
arkaba_tura,-5.0,australasia
khalifatabad,19.5,south_asia
hallein,17.0,western_europe
aqda,10.0,middle_east
santo_antonio_monte,-2.0,south_america
acerenza,14.0,western_europe
lamatama,-4.0,north_america
pszczyna,21.0,eastern_europe
vorkuta,-2.5,eastern_europe
goito,27.0,western_europe
yoro,-0.5,north_america
umncumuba,-6.0,southern_africa
kuungkari,-4.0,australasia
pusilha,0.0,north_america
qardam,1.0,east_asia
terranovasic,20.0,western_europe
tijuco,-1.0,south_america
shizhu,23.5,east_asia
huescar,16.0,western_europe
weda,14.0,south_east_asia
kharooan,-10.0,southern_africa
vukovar,18.5,eastern_europe
kukuro_kalapalo,-6.0,south_america
mayumba,-6.0,central_africa
pikillaqta,1.0,south_america
fengcheng,25.0,east_asia
mulunda,-1.0,central_africa
maintirano,1.5,east_africa
luchuan_rongzhou,21.0,east_asia
shaazan_khot,0.0,east_asia
gurun,16.0,middle_east
orsa,4.0,western_europe
ronneby,16.0,western_europe
skofja_loka,16.0,eastern_europe
constantina,24.5,western_europe
yazoo,-4.0,north_america
uracu,-6.0,south_america
gottingen,23.5,western_europe
viransehir,16.0,middle_east
kerouane,-0.5,west_africa
assinie,-0.5,west_africa
panenetah,4.0,north_america
kaniksu,-2.0,north_america
zhenyang,34.0,east_asia
zunhua,31.0,east_asia
halle_an_der_saale,25.5,western_europe
hohenberg,21.0,western_europe
khamkeut,22.5,south_east_asia
stensele,2.5,western_europe
braganca,16.0,western_europe
ar_rass,2.0,middle_east
reni,4.5,eastern_europe
badrinath,24.5,south_asia
maia_papua,-6.0,pacific_islands
longmen_chicheng,23.0,east_asia
piotrkow_trybunalski,14.0,eastern_europe
yanchang,23.5,east_asia
kapuskasing,0.0,north_america
monastyrshchina,16.0,eastern_europe
barmaur,25.5,south_asia
laling,21.5,south_asia
kheis,-4.0,southern_africa
suiyang_guide,38.5,east_asia
sukju,20.0,east_asia
tsetserleg,0.0,east_asia
tepotahal,-2.0,north_america
yaur,-12.0,pacific_islands
yixian,28.0,east_asia
nadushan,10.0,middle_east
tconsiep,-9.0,southern_africa
toa,2.0,north_america
tegninateo,-1.0,north_america
trusan,10.0,south_east_asia
chipion,2.0,south_america
pikwitonei,-9.0,north_america
liban,7.5,east_africa
horki,14.0,eastern_europe
kichwa,1.0,south_america
slana,-7.0,north_america
pucheng,28.0,east_asia
charyn,9.5,central_asia
veles,9.5,eastern_europe
nongatl,-3.0,north_america
tirschenreuth,20.0,western_europe
oboyan,6.0,eastern_europe
nander,22.5,south_asia
rabkob,24.0,south_asia
angul,24.5,south_asia
takhir,-1.0,north_asia
mbanza_kongo,-3.0,central_africa
mahur,16.5,south_asia
al_anbar,12.5,middle_east
kaicheng,13.5,east_asia
ormenio,22.5,eastern_europe
fufeng,30.5,east_asia
jeldesa,6.0,east_africa
rekinniki,-7.0,north_asia
gurgaon,30.5,south_asia
dillenburg,18.0,western_europe
retford,19.0,western_europe
murcia,23.0,western_europe
ayo,1.0,central_africa
tekabket,11.0,central_asia
hahatououadeba,1.0,north_america
itapemirim,-9.0,south_america
tacshic,-4.0,south_america
khanda,-6.0,north_asia
keweenaw,0.75,north_america
tirkong,4.5,east_asia
uur,0.0,east_asia
taungataki_atoll,-7.0,pacific_islands
hauraki,-4.0,australasia
tharrawaddy,21.5,south_east_asia
outapimiskou,-3.0,north_america
nunura,4.0,south_america
kaimbe,-9.0,south_america
ohrdruf,14.0,western_europe
treguier,21.0,western_europe
pokhara,23.0,south_asia
tamba,1.0,central_africa
mtetengwe,1.5,southern_africa
rangkawe,14.0,south_america
karkuj,4.0,east_africa
mistutikumak,-11.0,north_america
arque,11.0,south_america
banjabi,-6.0,central_africa
qumarleb,2.5,east_asia
montgomery,13.0,western_europe
ripoll,14.0,western_europe
amaravati,14.0,south_east_asia
taksimo,-2.0,north_asia
cayuvava,-4.0,south_america
al_shuqayq,7.0,middle_east
barpeta,16.5,south_asia
verona,35.5,western_europe
lumbala_nguimbo,5.0,central_africa
luoyang,38.0,east_asia
balasore,29.0,south_asia
rongmei_naga,15.5,south_asia
yada,-6.0,australasia
kotonkoro,8.0,west_africa
coblenz,21.5,western_europe
kafaila,4.0,central_africa
pulzhai,5.0,central_asia
ribe,13.5,western_europe
haihaer,8.0,east_asia
vivero,18.5,western_europe
djemah,-4.0,central_africa
otjozondjii,-8.0,southern_africa
troitsko_pechorsk,-0.5,eastern_europe
karkevand,10.0,middle_east
lalsk,-0.5,eastern_europe
longde,20.0,east_asia
armavir,8.5,eastern_europe
veurne,29.25,western_europe
leiningen,22.0,western_europe
loropeni,10.5,west_africa
ardestan,10.0,middle_east
kinuhsisuht,-2.0,north_america
xiaoxian,31.0,east_asia
waqrapukara,1.0,south_america
tatau,14.0,south_east_asia
mastakh,-6.0,north_asia
shimokita,16.5,east_asia
heris,13.0,middle_east
gaza,14.0,middle_east
dumba_katola,-3.0,central_africa
cantwell,-7.0,north_america
niushan,23.0,east_asia
tonguo,-6.0,north_asia
chiriqui,1.0,north_america
ovruch,14.0,eastern_europe
mano,-5.5,west_africa
guarda,15.0,western_europe
shineha,17.0,east_asia
feldkirch,20.5,western_europe
aqca,8.0,central_asia
carinena,14.0,western_europe
kamoro,-13.0,pacific_islands
gaoyuan_jinan,33.5,east_asia
grand_lahou,-5.5,west_africa
monselice,29.0,western_europe
kuria,-4.0,east_africa
wang_pho,16.0,south_east_asia
tharawal,-2.0,australasia
macoupin,3.0,north_america
tarusa,16.5,eastern_europe
lingshanwei,34.25,east_asia
qinshui,26.0,east_asia
pigou,-6.0,north_america
duns,19.0,western_europe
rozhdestveno,16.5,eastern_europe
kon_tum,19.5,south_east_asia
silou,17.0,south_east_asia
wari_willka,5.0,south_america
changle_fujian,31.5,east_asia
chennur,19.5,south_asia
aarau,19.5,western_europe
achacachi,3.0,south_america
shunyi,31.0,east_asia
dungarvan,15.5,western_europe
ghorveh,13.0,middle_east
dunbar,21.5,western_europe
zhangpu,27.0,east_asia
isfahan,16.0,middle_east
alba_de_aliste,19.5,western_europe
oli_baraza,6.5,eastern_europe
kirina,12.5,west_africa
kuzucan,7.0,eastern_europe
dungu,-4.0,central_africa
upper_gazimur,1.0,east_asia
chelmsford,25.0,western_europe
wasetihoge,8.0,north_america
patti,15.0,western_europe
chirki,-0.5,eastern_europe
yavoriv,14.0,eastern_europe
al_amwah,5.0,middle_east
burrishoole,8.0,western_europe
kurri_kurri,17.0,south_east_asia
yahandeka,-7.0,north_america
adrada,17.0,western_europe
karroun,-6.0,australasia
changchun,11.0,east_asia
dungkar_amdo,3.0,east_asia
sutuko,4.5,west_africa
mukariva,-2.5,southern_africa
konchalyt,-5.0,north_asia
tome,21.0,east_asia
kuvshinovo,16.0,eastern_europe
al_kamil_wal_wafi,2.0,middle_east
tepeyahualco,8.0,north_america
plenita,16.5,eastern_europe
itatsky,-6.0,north_asia
siikalatva,-3.0,western_europe
okhona,9.5,eastern_europe
enggano,17.0,south_east_asia
tepecan,-4.0,north_america
takashima,25.0,east_asia
jhenaidah,26.5,south_asia
savran,15.5,eastern_europe
kenmure,13.0,western_europe
tegal,20.0,south_east_asia
canasoga,-1.0,north_america
chania,13.25,eastern_europe
jabiyan,20.5,east_asia
zhalauly,-6.0,north_asia
heishui,25.0,east_asia
konwargaon,16.5,south_asia
dobryanka,-0.5,eastern_europe
lishui_yingtian,31.0,east_asia
suncheon,25.0,east_asia
roi_et,21.5,south_east_asia
wakusimi,0.0,north_america
iriirakiicuhat,0.0,north_america
irawo,-1.0,west_africa
larba,-2.0,north_asia
estatoe,-2.0,north_america
vitre,23.0,western_europe
simiti,-3.0,south_america
byerazino,16.5,eastern_europe
yanci,35.5,east_asia
bam,10.0,middle_east
telavi,15.0,eastern_europe
baiting,12.0,east_asia
bogra,34.0,south_asia
mistecapiu,-8.0,north_america
south_hia_ced_oodham,1.0,north_america
vekshenga,9.5,eastern_europe
makigotekw,-1.0,north_america
pamiers,15.0,western_europe
gomu,17.0,east_asia
ouezzane,19.0,north_africa
uzes,24.5,western_europe
grigoropolisskaya,8.5,eastern_europe
koshoy_korgon,10.0,central_asia
pirloganda,15.0,middle_east
debila,9.0,north_africa
yohualtepec,3.0,north_america
farim_iran,10.0,middle_east
guiyang_hengyang,33.5,east_asia
gane,14.0,south_east_asia
ikalis,-0.5,western_europe
urad,-5.0,east_asia
karasahr,14.0,east_asia
parma,36.5,western_europe
paungde,19.5,south_east_asia
helsingborg,17.25,western_europe
kourouninkoto,9.5,west_africa
niantjila,12.5,west_africa
kamsack,4.0,north_america
ankara,24.0,middle_east
japallan,1.0,south_america
hymahi,1.0,north_america
alaiye,16.25,middle_east
kohatk,1.0,north_america
alaverdi,10.0,eastern_europe
manyikeni,-1.0,southern_africa
pamplona,20.0,western_europe
dasu,14.5,south_asia
xinning_wugang,24.5,east_asia
olentangy,1.0,north_america
funing,31.0,east_asia
djelfa,10.0,north_africa
iwo,-1.0,west_africa
ballymore,18.5,western_europe
havasu,-8.0,north_america
tetzcoco,15.0,north_america
veckelax,11.5,western_europe
male_atoll,18.0,south_asia
queshan,29.0,east_asia
cudalbi,9.5,eastern_europe
huanggang,29.5,east_asia
solok,15.0,south_east_asia
zalaegerszeg,19.5,eastern_europe
tadla,12.0,north_africa
martu,-10.0,australasia
sbikha,11.0,north_africa
baghlan,11.0,central_asia
kogluktok,-5.0,north_america
apolda,21.0,western_europe
kyusyur,-8.0,north_asia
kovernino,13.0,eastern_europe
chistamikap,-6.0,north_america
cess,-8.0,west_africa
gimbi,5.5,east_africa
winneway,0.0,north_america
nangana,-1.0,central_africa
pontevedra,21.0,western_europe
srinagar,29.5,south_asia
tehuantepec,7.5,north_america
coutins,-4.0,south_america
kongsvinger,5.5,western_europe
babana,2.0,west_africa
menehould,27.0,western_europe
lualaba,-1.0,central_africa
ishanapura,21.5,south_east_asia
huista,-2.0,north_america
mesocco,13.0,western_europe
monecato,6.0,north_america
chatata,-1.0,north_america
deloraine,1.0,east_africa
lukchun,3.0,east_asia
zhongxiang,29.5,east_asia
shexian_cizhou,28.5,east_asia
granadilla,19.0,western_europe
ayay,-8.0,north_america
jarrakan,-7.0,australasia
towing,4.0,east_africa
mbanza_mpemba,-4.0,central_africa
pochep,14.0,eastern_europe
soltsy_kirishi,13.5,eastern_europe
laoting,28.5,east_asia
isenga,-2.0,north_asia
gangulu,-6.0,australasia
jurong,36.0,east_asia
nasu,25.0,east_asia
lotsane,-1.0,southern_africa
brotas,-1.0,south_america
lazkiye,20.5,middle_east
maheshwar,23.5,south_asia
mani,11.0,north_america
falam,15.5,south_asia
huilai,24.0,east_asia
killelu,2.0,east_africa
jose_calcado,-4.0,south_america
villadiego,19.0,western_europe
shana,-11.0,east_asia
segbana,2.0,west_africa
st_veit,23.5,western_europe
uspenskoye,8.5,eastern_europe
alula,6.0,east_africa
musuo,21.0,east_asia
witagron,-4.0,south_america
krasnoyarsk,-8.5,north_asia
maan,11.0,middle_east
tupirama,-3.0,south_america
nawakot,22.0,south_asia
xiuyan,16.0,east_asia
uvinza,-0.5,east_africa
kamitsuma,18.0,east_asia
sangamesvara,14.0,south_asia
shuangliu,34.5,east_asia
jinzhuping,23.0,east_asia
ust_kulom,-0.5,eastern_europe
shixing,25.5,east_asia
irbid,17.0,middle_east
zary,17.0,eastern_europe
kamchatsk,-8.0,north_asia
chunar,34.5,south_asia
haizhou_liaoyang,25.5,east_asia
malemba,-3.0,central_africa
carmacks,-6.0,north_america
waradika,-5.0,north_america
yukhnov,16.5,eastern_europe
muang_kham,20.5,south_east_asia
mandiyu,-2.0,south_america
shangshui,29.5,east_asia
ban_luang_cheng,22.5,south_east_asia
linyou,24.0,east_asia
ilic,11.5,eastern_europe
beregovo,21.5,eastern_europe
bandar_e_jask,12.0,middle_east
amoyescheck,1.0,north_america
siyene,-8.0,north_asia
kedang_pahu,14.0,south_east_asia
kobda,5.0,central_asia
naraha,17.0,east_asia
liinabaha,-1.0,north_america
buotama,-8.0,north_asia
yuin,-5.0,australasia
hedingham,25.0,western_europe
khabar,10.0,middle_east
anchun,11.0,east_asia
vizhas,-2.0,eastern_europe
gerede,18.0,middle_east
polevskoy,-1.0,eastern_europe
tatinnai,-11.0,north_america
altyntobe,14.0,central_asia
purnia,32.5,south_asia
olofsborg,-0.5,western_europe
tlazcozauhtitlan,4.5,north_america
staryya_darohi,8.0,eastern_europe
bamberg,26.5,western_europe
yingshan_luan,27.0,east_asia
iveagh,12.0,western_europe
khyunglung,2.5,east_asia
dianjiang,30.0,east_asia
aguacay,3.0,north_america
parnanguara,-4.0,south_america
ruguda,1.0,east_africa
ingnyeong,21.0,east_asia
sakambunje,-1.0,central_africa
guidimouni,9.0,west_africa
mistimakan,-7.0,north_america
arkhangelskoye,14.0,eastern_europe
teshevka,10.5,eastern_europe
beledweyne,11.5,east_africa
gucheng_jingzhou,31.5,east_asia
mueng_bang_yom,21.5,south_east_asia
kasba,-11.0,north_america
nazhi,3.0,east_asia
kuji_kanto,22.0,east_asia
maba_celebes,13.0,south_east_asia
tala_kyuyel,-11.0,north_asia
canuba_wakpa,6.0,north_america
guichita,7.0,north_america
chitanda,-1.0,central_africa
naoiri,20.0,east_asia
yaropolch,16.5,eastern_europe
dipayal,25.5,south_asia
kiyikoy,17.0,eastern_europe
gaxun_gobi,-4.0,east_asia
ulziit,-2.0,east_asia
tabory,-1.0,eastern_europe
conecuh,1.0,north_america
beaujeu,22.5,western_europe
chunju,22.5,east_asia
zhenxi_lizhou,24.5,east_asia
samorin,20.5,eastern_europe
vasilyeva_sloboda,13.5,eastern_europe
mudgal,21.0,south_asia
terek,9.5,eastern_europe
dukhovnitskoye,4.5,eastern_europe
polotsk,20.5,eastern_europe
nilagiri,22.0,south_asia
ikaruga,21.0,east_asia
aberdeen,24.0,western_europe
seta,24.5,east_asia
lindi,2.0,east_africa
stepanenki,-1.0,eastern_europe
iagodnoie,-9.0,north_asia
dongju,21.0,east_asia
tengrela,10.0,west_africa
sinjar,10.0,middle_east
kongsberg,4.5,western_europe
tussahaw,1.0,north_america
izhevsk,3.0,eastern_europe
isaccea,7.5,eastern_europe
eimastukwek,-11.0,north_america
piripucu,-3.0,south_america
pecs,19.0,eastern_europe
lochaber,2.0,western_europe
south_dahalo,6.0,east_africa
uil,5.0,central_asia
watonwan,8.0,north_america
zimnicea,18.5,eastern_europe
ar_rabb,10.5,middle_east
villalba,23.0,western_europe
rozdory,6.5,eastern_europe
sawata,22.0,east_asia
panar,19.0,south_asia
glaz,16.5,eastern_europe
rantau_panjang,17.0,south_east_asia
manitowik,0.0,north_america
peureulak,12.0,south_east_asia
schinhandowi,-3.0,north_america
ashchyozek,5.0,central_asia
al_mithnab,2.0,middle_east
beyza,13.0,middle_east
ocuogun,-11.0,north_asia
teozacualco,6.0,north_america
st_aignan,21.0,western_europe
tukums,16.5,eastern_europe
esekatik,-2.0,north_america
reinosa,18.0,western_europe
talarn,14.0,western_europe
loufan,25.0,east_asia
mortain,21.0,western_europe
hotoanaohe,0.0,north_america
menen,0.0,east_asia
kali,-7.0,north_america
anunsu,-1.0,south_america
chumuch,7.0,south_america
leoben,20.5,western_europe
tanumah,0.0,middle_east
shorapani,11.0,eastern_europe
sanchakou,26.0,east_asia
zheledian,21.0,east_asia
yucundaa,6.0,north_america
berbice,1.0,south_america
alausi,7.0,south_america
poyang,26.5,east_asia
tilcara,9.0,south_america
ixtlan,6.0,north_america
nyuya,-8.0,north_asia
dorey,7.0,west_africa
puri_simao,23.5,east_asia
kabunda,-2.0,east_africa
umbra,-1.0,south_america
thoothukudi,22.0,south_asia
sholhapur,25.0,south_asia
kalianda,17.0,south_east_asia
araes,-1.0,south_america
lombok,19.0,south_east_asia
ilimo,7.0,east_africa
pati,22.0,south_east_asia
pangnirtung,-7.0,north_america
livno,10.0,eastern_europe
buandig,1.0,australasia
aslan_horod,2.5,eastern_europe
uyskoye,-1.0,north_asia
todgha,9.0,north_africa
moster,11.0,western_europe
tarnogsky_gorodok,7.0,eastern_europe
laholm,16.0,western_europe
bar_sur_aube,25.0,western_europe
yunyang,25.5,east_asia
sayula,9.0,north_america
aleria,17.0,western_europe
bauge,23.5,western_europe
jumilla,14.0,western_europe
kamashikamach,-6.0,north_america
kaotia,1.0,north_america
hanawa,15.0,east_asia
malandog,7.0,south_east_asia
medrissa,10.0,north_africa
urambo,-3.0,east_africa
aillik,-10.0,north_america
kaapor,-11.0,south_america
masantu,2.0,central_africa
horodok,16.0,eastern_europe
kvikkjock,0.5,western_europe
tambov,10.0,eastern_europe
xalapan,1.5,north_america
perelyub,4.0,eastern_europe
dobrolak,14.0,eastern_europe
xingning,29.5,east_asia
kaditshwene,-9.0,southern_africa
gaamiskwaabikaang,0.0,north_america
bajaur,19.5,south_asia
lebork,19.0,western_europe
rohat_kermen,2.5,eastern_europe
khulm,13.0,central_asia
tethul,-6.0,north_america
peoria,1.0,north_america
apinji,-9.0,central_africa
novoanninsky,6.0,eastern_europe
guangping,29.0,east_asia
minqing,29.5,east_asia
gurbillup,-2.0,australasia
catucto,-8.0,north_america
vazhiny,-0.5,western_europe
igumbi_andele,-8.0,central_africa
cowal,2.0,western_europe
keren,2.0,east_africa
wit_anowi_yohe,-2.0,north_america
boyena_qara,7.0,central_asia
paiwan,23.0,east_asia
zagya,1.0,east_asia
kovda,-8.0,western_europe
silivri,26.0,eastern_europe
baimaguan,20.0,east_asia
kautokeino,2.0,western_europe
gualeguas,5.5,north_america
pucheng_jianning,28.0,east_asia
digne,16.5,western_europe
lehigh,-1.0,north_america
dawlat_abad,11.0,central_asia
schwabach,26.5,western_europe
dzingcho,10.5,east_asia
huajuapan,3.0,north_america
piran_i_kaliyar,30.5,south_asia
hatchie,2.0,north_america
yanrakynnot,-7.0,north_asia
pangi,25.5,south_asia
koban,12.0,eastern_europe
taizhou_jurchen,13.5,east_asia
natuna_islands,17.0,south_east_asia
santa_luzia,-1.0,south_america
sabina,23.0,western_europe
hoifa,13.5,east_asia
sakai_riau,17.0,south_east_asia
kassala,9.5,east_africa
enijo,-1.0,east_africa
daet,12.0,south_east_asia
sveg,2.5,western_europe
kursk,8.5,eastern_europe
xonuu,-7.0,north_asia
minusinsk,0.5,north_asia
mongomo,-9.0,central_africa
kesra,9.0,north_africa
bechar,7.0,north_africa
laayoune,9.0,north_africa
fulaga_atoll,-7.0,pacific_islands
yautepec,2.0,north_america
schio,21.0,western_europe
mara_india,15.5,south_asia
nyani,7.0,east_africa
sora,18.0,western_europe
sosnovy_ostrov,8.5,eastern_europe
voyampolka,-7.0,north_asia
resko,17.0,western_europe
vozhega,9.0,eastern_europe
gerace,19.0,western_europe
ebersberg,20.0,western_europe
artyk,-8.0,north_asia
matandang_nayon,11.0,south_east_asia
namalata,16.0,north_africa
boryspil,14.0,eastern_europe
romans,23.5,western_europe
kuressaare,14.0,eastern_europe
yuanling,27.5,east_asia
baran,28.5,south_asia
al_madar,5.5,middle_east
gorzow,14.5,western_europe
kaihua,26.0,east_asia
herzberg,14.0,western_europe
yuanmou,23.5,east_asia
yongchuan,34.5,east_asia
tibati,-5.5,central_africa
bajdah,-1.0,middle_east
silkari,2.5,east_asia
tataouine,9.0,north_africa
taunton,22.0,western_europe
ostrovo,17.0,eastern_europe
zaghouan,12.0,north_africa
yaquimo,-12.0,north_america
hoxter,18.5,western_europe
meleuz,8.5,eastern_europe
doh_kromum,21.5,south_east_asia
pawir,2.5,east_africa
nepahalla,4.0,north_america
imakia,-1.0,north_asia
feriana,8.0,north_africa
xiriquitzio,14.0,north_america
ulla,16.5,eastern_europe
siriono,-6.0,south_america
dingwall,9.0,western_europe
kazhma,-10.0,north_asia
tanjung_palas,11.0,south_east_asia
nehru,6.5,east_asia
kisikkamys,0.0,eastern_europe
shifang,30.0,east_asia
millau,18.0,western_europe
tomina,7.0,south_america
tourougoumbe,9.0,west_africa
okehampton,17.0,western_europe
nunatonowago,-6.0,north_america
bely,16.0,eastern_europe
wapikisko,1.0,north_america
escoria,4.0,north_america
east_makhuwa,6.5,east_africa
mangarin,8.0,south_east_asia
hanle,1.5,east_asia
chayopin,9.0,north_america
baini,23.5,east_asia
vordingborg,18.0,western_europe
fanchang,32.5,east_asia
modokni,-5.0,north_america
sirjan,11.0,middle_east
mosco,1.0,north_america
wieliczka,22.5,eastern_europe
malinithan,19.5,south_asia
garoumale,7.0,west_africa
plasencia,21.5,western_europe
izumi_satsuma,20.0,east_asia
coevorden,12.0,western_europe
rustavi,14.5,eastern_europe
kvenipnevi,9.0,eastern_europe
kasserine,10.0,north_africa
higashikubiki,25.0,east_asia
chengzhou,21.0,east_asia
nuka,20.0,east_asia
dunhallow,8.0,western_europe
tokkuztara,9.5,central_asia
tarki,12.0,eastern_europe
pagatan,14.0,south_east_asia
kasa,21.0,east_asia
koksar,25.5,south_asia
bakulabe,-2.0,central_africa
biskra,9.0,north_africa
arac,17.0,middle_east
arcot,17.0,south_asia
morkoka,-8.0,north_asia
yeruda,-8.0,north_asia
quynh_lam,22.0,south_east_asia
ukasikalik,-10.0,north_america
pikwakanagan,-5.0,north_america
ubangi,-8.0,central_africa
heinola,2.0,western_europe
mayapan,12.0,north_america
ta_an,-3.0,north_america
siskiyou,-2.0,north_america
villmanstrand,-2.0,western_europe
montblanc,18.0,western_europe
este,31.5,western_europe
toaripi,-5.0,pacific_islands
jiangjin,27.5,east_asia
omerkot,22.5,south_asia
nunainguk,-10.0,north_america
auwe,-6.0,south_america
wargamaygan,-4.0,australasia
kuruman,-7.0,southern_africa
dubai,2.0,middle_east
kuusamo,-1.0,western_europe
nuzvid,20.0,south_asia
mawqaq,0.0,middle_east
itarare,-1.0,south_america
eminabad,28.5,south_asia
kuku,12.0,north_africa
mende,18.0,western_europe
shuitejiang,23.5,east_asia
malyy_uran,6.0,eastern_europe
avaes,-1.0,south_america
fariman,10.0,central_asia
zakroczym,18.5,eastern_europe
shindand,13.0,middle_east
sansevero,19.0,western_europe
dingan,23.5,east_asia
vic_le_comte,18.5,western_europe
madas,9.0,north_africa
jinjam,23.5,east_asia
mueng_thoen,17.0,south_east_asia
omusee,1.0,north_america
dangcheng,10.0,east_asia
oddernes,15.25,western_europe
taleqan,10.0,central_asia
yuanyang,27.5,east_asia
anelo,-3.0,south_america
vyshny_volochyok,16.0,eastern_europe
ostashkov,14.0,eastern_europe
akou,22.0,east_asia
nishikanbara,29.5,east_asia
qalat_ghilji,15.0,middle_east
peribonka,-8.0,north_america
bayankhot,-4.0,east_asia
nam_thing,20.5,south_east_asia
rautavaara,-3.0,western_europe
mike,19.0,east_asia
shwegu,24.5,south_east_asia
nijmegen,26.5,western_europe
ningling,31.0,east_asia
pudtol,7.0,south_east_asia
hlahlandlela,-6.5,southern_africa
wandjiwalgu,-4.0,australasia
etain,21.0,western_europe
djalendi,-8.0,australasia
kwajalein_atoll,-7.0,pacific_islands
eiland,-3.0,southern_africa
bost,14.0,middle_east
moehe_yoe,0.0,north_america
cape_race,-7.0,north_america
ichitki,-2.0,south_america
siberia_kuytun,-1.5,north_asia
devakottai,22.0,south_asia
pordenone,25.0,western_europe
toamasina,-6.0,east_africa
coste,2.0,north_america
suwalki,13.0,eastern_europe
yartsevo,18.0,eastern_europe
coiracoentanon,8.0,north_america
mozhino,16.0,eastern_europe
as_sulaymi,2.0,middle_east
taining,28.5,east_asia
manatara,4.0,north_america
upyte,14.0,eastern_europe
clogher,3.0,western_europe
mir_garh_qila,20.0,south_asia
hualahuises,3.0,north_america
mychesk,14.0,eastern_europe
bezopasnoye,6.0,eastern_europe
east_ongamo,6.0,east_africa
bordowa,16.0,south_asia
kaharlyk,20.5,eastern_europe
maragheh,13.0,middle_east
cangas,16.0,western_europe
labiau,11.0,eastern_europe
allakaket,-6.0,north_america
taolambiby,3.5,east_africa
kittila,-0.5,western_europe
fenxi,26.0,east_asia
kenhionatatie,-1.0,north_america
shishgarh,28.0,south_asia
sihui,26.5,east_asia
saveh,14.0,middle_east
guixin,27.0,east_asia
wabasca,-6.0,north_america
zula,6.0,east_africa
shaoyang,24.5,east_asia
quiahuixtlan,12.0,north_america
viannos,11.0,eastern_europe
dayong,26.0,east_asia
kosi,32.5,south_asia
matanuska,-9.0,north_america
trzebnica,17.0,eastern_europe
macheng,26.0,east_asia
maduranthakam,22.0,south_asia
guohuo,5.0,east_asia
borazjan,14.0,middle_east
tinago,11.0,south_east_asia
medawachchiya,17.0,south_asia
minamimuro,22.0,east_asia
okotoks,-1.0,north_america
pedroche,20.0,western_europe
shenandoah,-2.0,north_america
annaburg,23.5,western_europe
hont,18.5,eastern_europe
baripada,24.5,south_asia
kuben_kran_ken,-6.0,south_america
upaon_acu,-9.0,south_america
cuhea,14.0,eastern_europe
namgyeong,35.5,east_asia
lusta,2.0,eastern_europe
ekholm,14.5,western_europe
drangtse,1.5,east_asia
sodertalje,19.0,western_europe
thingvellir,-3.0,western_europe
kawkaban,7.0,middle_east
chijin,14.0,east_asia
lingketeng,13.0,south_east_asia
kangule,-3.0,central_africa
oksu,7.0,central_asia
chahar,-3.0,east_asia
exuma,-11.0,north_america
mistango,0.0,north_america
badozhsky,7.0,eastern_europe
muriae,-4.0,south_america
dijkot,24.5,south_asia
unye,15.0,middle_east
fominichi,14.0,eastern_europe
bozhenitsa,9.0,eastern_europe
hitchiti,2.0,north_america
yulin_datong,24.0,east_asia
chaumont,23.0,western_europe
ikjan,16.0,north_africa
kwakanyesha,-1.5,central_africa
nodaway,6.0,north_america
akureyri,-6.0,western_europe
thouars,21.0,western_europe
savona,31.25,western_europe
haradok,16.0,eastern_europe
nanghaer,3.0,east_asia
oki,21.0,east_asia
lumphat,21.5,south_east_asia
surabaya,27.0,south_east_asia
motal,8.0,eastern_europe
xiayi,32.0,east_asia
merta,19.5,south_asia
al_laghfiyyah,2.0,middle_east
mbunga,14.5,east_africa
orambul,-6.0,australasia
jaisalmer,15.0,south_asia
baliisshe_aashe,0.0,north_america
castrovillari,18.0,western_europe
tutuila,-3.0,pacific_islands
burica,2.0,north_america
bitlis,9.0,eastern_europe
al_ajfar,2.0,middle_east
starodub_on_the_klyazma,15.5,eastern_europe
perth,21.0,western_europe
delinde,-6.0,north_asia
ballia,30.5,south_asia
utina,-1.0,north_america
shchuchye,-2.0,north_asia
calais,23.5,western_europe
loango,-3.0,central_africa
wycombe,26.0,western_europe
pribuzh,14.0,eastern_europe
gyamda,1.5,east_asia
peronne,23.0,western_europe
hajner,30.5,south_asia
kuitonga,-3.0,central_africa
shrewsbury,21.0,western_europe
anka,10.0,west_africa
savonranta,-0.5,western_europe
kysmyci,6.0,central_asia
penobscot,0.0,north_america
wittenberge,21.5,western_europe
xicotepec,6.0,north_america
nakajima,32.0,east_asia
cadiz,23.0,western_europe
nanping,27.5,east_asia
nain,11.0,middle_east
tordesillas,19.5,western_europe
zarafshan,8.5,east_asia
biger,-5.0,east_asia
lado,7.5,east_africa
oohkoi_yohe,2.0,north_america
chaira,4.0,south_america
damzhung,7.0,east_asia
mepenes,-1.0,south_america
woccon,-1.0,north_america
yuru,-4.0,australasia
talmas_ata,7.0,central_asia
barundji,-4.0,australasia
te_tai_aorere,-5.0,australasia
clonmel,11.0,western_europe
srok_khleang,14.0,south_east_asia
ketik_kala,7.0,central_asia
binalbagan,11.0,south_east_asia
manacor,23.25,western_europe
luocheng,21.5,east_asia
grindsted,18.0,western_europe
prasat_thong_lang,26.5,south_east_asia
al_hufayrah,0.0,middle_east
hong_chau,26.5,south_east_asia
khash_sistan,12.0,middle_east
bondo,-3.0,central_africa
roznava,15.0,eastern_europe
saint_anthony,19.0,north_africa
yahualican,8.0,north_america
srednekolymsk,-6.0,north_asia
ebejico,-3.0,south_america
wardaman,-3.0,australasia
shicheng,27.0,east_asia
berbela,-3.0,central_africa
samburu,-2.0,east_africa
soltaniyeh,22.0,middle_east
sarlawuk,10.0,central_asia
miedzyrzecz,11.0,eastern_europe
sambo,5.0,central_africa
sorokogne,1.0,west_africa
tescuntee,1.0,north_america
kuwabara,23.5,east_asia
rongxian,26.0,east_asia
raskam,6.0,east_asia
saint_avold,23.0,western_europe
kaithal,28.0,south_asia
kota,19.5,south_asia
abengourou,-0.5,west_africa
evur,4.0,east_asia
palma_del_rio,31.5,western_europe
stavropol,6.0,eastern_europe
ariano,22.0,western_europe
alarcon,13.0,western_europe
zhengping,27.0,east_asia
straupe,11.5,eastern_europe
na_isha,-7.0,north_america
guaratingueta,-2.0,south_america
catak,7.0,eastern_europe
delhi,35.5,south_asia
takbanuao,24.0,east_asia
karpokhar,1.0,east_asia
coweta,1.0,north_america
fahraj_narmashir,10.0,middle_east
nedong,3.5,east_asia
tengchen,6.0,east_asia
chibango,-3.0,central_africa
kwini,-5.0,australasia
malaya_serdoba,10.0,eastern_europe
damoh,27.0,south_asia
canterbury,28.0,western_europe
humbokado,-9.0,north_america
geumseong,22.5,east_asia
baroda,22.5,south_asia
ad_dughmiyah,5.0,middle_east
tavira,27.0,western_europe
coria,22.0,western_europe
barasuru,19.5,south_asia
chandravati,19.5,south_asia
taman,5.25,eastern_europe
buriram,21.0,south_east_asia
mahpahpahazhhah,-2.0,north_america
halshany,15.5,eastern_europe
xicochimalco,7.0,north_america
otuques,-3.0,south_america
mbai_yuru,-2.0,south_america
agadir,14.75,north_africa
volosovskaya,-3.0,eastern_europe
viborg,20.75,western_europe
belzig,19.0,western_europe
notse,-1.0,west_africa
napinaica,5.5,north_america
tsimanandrafozana,-3.5,east_africa
boromo,12.5,west_africa
tahert,12.0,north_africa
sechenovo,8.5,eastern_europe
neva,15.25,eastern_europe
kaaguy_jehasapa,2.0,south_america
ali_sabieh,3.0,east_africa
mandandanji,-4.0,australasia
weiyuan_lintao,26.0,east_asia
bukov,14.0,eastern_europe
luoshan,32.0,east_asia
lho_taklung,4.5,east_asia
namaro,9.0,west_africa
ribat_ushturan,9.0,middle_east
jilibulake,3.5,east_asia
baidrag,-4.0,east_asia
enontakis,-3.0,western_europe
palermo,27.25,western_europe
anew,12.0,central_asia
muar,17.0,south_east_asia
mori_celebes,14.0,south_east_asia
pontarlier,18.0,western_europe
saravan,10.0,middle_east
paide,13.0,eastern_europe
ahar,14.0,middle_east
vingur,15.0,south_asia
omuskira,-1.0,central_africa
yucheng,31.0,east_asia
majiri,1.0,southern_africa
meda,19.5,western_europe
tepactitlan,8.0,north_america
portishead,17.5,western_europe
loja,20.0,western_europe
tomini,14.0,south_east_asia
radaa,7.0,middle_east
trotsang,8.5,east_asia
ocanga,-3.0,central_africa
darwar,18.0,south_asia
zalon_taung,24.5,south_east_asia
waswanipi,-6.0,north_america
arges,12.5,eastern_europe
jativa,27.0,western_europe
povazska_bystrica,17.0,eastern_europe
tucumcari,4.0,north_america
zhuyang,24.0,east_asia
jundiai,-3.0,south_america
palu,13.5,eastern_europe
anxi_dingzhou,31.0,east_asia
sunam,30.0,south_asia
chana,-1.0,south_america
kiriras,-4.0,south_america
watappo,-4.0,north_america
aduma,-6.0,central_africa
wellington,-0.25,australasia
sredets,16.0,eastern_europe
trebon,17.0,western_europe
merv,16.0,central_asia
al_majmaah,0.0,middle_east
rask,9.0,middle_east
chagai,10.0,middle_east
batang_tembesi,19.0,south_east_asia
sangage,2.0,east_africa
akkus,16.5,middle_east
ado_ekiti,-4.0,west_africa
nogamsig,-2.0,north_america
red_rock,-7.0,north_america
fuwa,20.5,north_africa
enchukamao,-10.0,north_america
muskiki,8.0,north_america
mughayra,2.0,middle_east
zanatepec,2.0,north_america
mukur,7.0,central_asia
chinquetana,-4.0,north_america
vembar,24.0,south_asia
gumbaynggirr,-2.0,australasia
xihe_huizhou,21.0,east_asia
borovsk,16.0,eastern_europe
skopin,11.0,eastern_europe
soalara,1.5,east_africa
wiesbaden,27.5,western_europe
segbwema,-3.5,west_africa
malartic,0.0,north_america
xiangning,26.5,east_asia
coremas,-5.0,south_america
templin,18.5,western_europe
aspa,3.0,eastern_europe
elounda,14.75,eastern_europe
torshavn,-1.25,western_europe
zaragoza,27.5,western_europe
shiveh,12.0,central_asia
deliktash,18.0,middle_east
asakura,19.0,east_asia
erenkhot,-4.0,east_asia
xingtai,33.0,east_asia
ahobalam,18.0,south_asia
sankina,-1.0,eastern_europe
gargando,7.0,west_africa
bigambul,-4.0,australasia
pithapuram,24.5,south_asia
araripocone,-3.0,south_america
takano,18.0,east_asia
tapuios,-9.0,south_america
gemer,16.0,eastern_europe
hubli,20.0,south_asia
kawahib,-6.0,south_america
erigavo,2.0,east_africa
perpignan,28.5,western_europe
savar,25.5,south_asia
juru_hoton,11.0,east_asia
metzquititlan,12.0,north_america
sirdan,13.0,middle_east
suining,32.5,east_asia
upper_nioman,7.5,east_asia
aybas,7.0,central_asia
ashtabula,-2.0,north_america
in_gall,5.0,west_africa
gdov,11.5,eastern_europe
east_hehe,10.5,east_africa
ulakhan_an,-6.0,north_asia
namtso_doring,1.0,east_asia
kawawasukutisich,-5.0,north_america
nayarit,1.5,north_america
guato,-3.0,south_america
akwe,-3.0,south_america
huancapampa,5.0,south_america
mazar_tagh,6.0,east_asia
kaua_i,-9.0,pacific_islands
chicchoc,-11.0,north_america
bar_cg,14.75,eastern_europe
otzoya,5.0,north_america
mo_ohta_vo_honaaeva,2.0,north_america
sumgut_vosh,-11.0,north_asia
timbisha,-10.0,north_america
tofte,0.5,western_europe
radom,17.5,eastern_europe
zhehai,25.5,east_asia
okaw,3.0,north_america
verkhnyaya_zolotitsa,-3.0,eastern_europe
tump,9.0,middle_east
jannat_shahr,12.0,middle_east
wakpa_juk_ana,-2.0,north_america
yuksom,17.5,south_asia
enkoping,17.0,western_europe
behbahan,14.0,middle_east
hoilkut,-3.0,north_america
poti_caucasus,10.25,eastern_europe
tuba,-0.5,west_africa
mikhaylovka_pontic,4.5,eastern_europe
khargytyr,-11.0,north_asia
ocmulgee,2.0,north_america
jagaraga,22.0,south_east_asia
zain,1.0,north_america
mangareva,-9.0,pacific_islands
colhue_huapi,-3.0,south_america
corodehuachi,-2.0,north_america
qiongzhou,26.0,east_asia
puck,19.75,eastern_europe
klatovy,17.0,western_europe
terracina,19.0,western_europe
pontefract,17.0,western_europe
mogadishu,15.5,east_africa
shili,7.75,east_asia
huaining,31.5,east_asia
vithold_hammami,4.5,eastern_europe
mesabi,3.0,north_america
makhabn,4.0,north_america
athy,13.0,western_europe
olomouc,25.0,western_europe
fort_dauphin,-3.0,east_africa
beket_ata,7.0,central_asia
otuke,-4.0,south_america
ramnagar_bihar,29.5,south_asia
salerno,30.75,western_europe
verkhotomsk,-6.0,north_asia
pauzhetka,-10.0,north_asia
labcah,6.0,north_america
fuwa_mino,25.0,east_asia
ilok,17.5,eastern_europe
gladsax,16.0,western_europe
meiningen,17.0,western_europe
karakastek,7.0,central_asia
chartres,25.0,western_europe
al_bayda,16.0,north_africa
tonkawa,3.0,north_america
kaptai,16.0,south_east_asia
tokrau,5.0,central_asia
ilimpeya,-6.0,north_asia
razvika,-9.0,north_asia
ambuila,-3.0,central_africa
diourbel,3.0,west_africa
soncino,29.5,western_europe
itya_mahadu,-9.0,south_america
kaniyang,-2.0,australasia
qaen,10.0,middle_east
majar,2.0,eastern_europe
pyeonggang,22.0,east_asia
baru,12.0,south_east_asia
igli,5.0,north_africa
denali,-8.0,north_america
albi,25.5,western_europe
shanxian,32.5,east_asia
ivashka,-10.0,north_asia
bytow,16.0,western_europe
quyon,0.0,north_america
dinkelsbuhl,22.0,western_europe
netook,-2.0,north_america
huian,34.0,east_asia
ya_ttaish,6.0,north_america
gadchiroli,19.0,south_asia
bramas,-3.0,central_africa
biswan,30.5,south_asia
shendi,7.5,east_africa
obock,3.25,east_africa
selo_yartsevo,-5.5,north_asia
khotoshino,16.5,eastern_europe
quzhou,27.0,east_asia
kwararafa,-2.5,central_africa
agori,21.5,south_asia
bhilwara,17.0,south_asia
tsiveri,1.0,east_africa
guazhou,12.0,east_asia
tollan,11.0,north_america
zherdevka,8.0,eastern_europe
wolfenbuttel,19.0,western_europe
malekan,17.0,middle_east
unjegah,-10.0,north_america
mica_creek,-10.0,north_america
marwah,16.0,south_asia
kokorou,11.5,west_africa
idre,5.5,western_europe
al_sirrayn,7.0,middle_east
mazhan,11.0,middle_east
phander,16.0,south_asia
van_kiep,22.0,south_east_asia
kitete,-1.0,central_africa
kinojevis,0.0,north_america
qikirtajuaq,-5.0,north_america
saba,22.0,east_asia
fomena,-0.5,west_africa
kalininskaya,8.5,eastern_europe
areia,-6.0,south_america
juegang,32.0,east_asia
namballe,3.0,south_america
kayagar,-8.0,pacific_islands
sijilmasa,14.0,north_africa
saganaga,-2.0,north_america
hereford,17.0,western_europe
cerkes,17.0,middle_east
kuturga,-11.0,north_asia
pathri,22.5,south_asia
necoes,-4.0,north_america
wairagarh,19.0,south_asia
kitakamikawa,-2.0,east_asia
sartigan,-2.0,north_america
kurchum,-3.5,north_asia
as_sib,-1.0,middle_east
oyuuhardaax,-13.0,north_asia
ushtagan,0.0,eastern_europe
el_kantara,5.0,north_africa
swartberg,-2.0,southern_africa
glendalough,13.0,western_europe
umbagog,-4.0,north_america
bershad,15.5,eastern_europe
alwar,19.0,south_asia
majdal,22.0,middle_east
chikaskia,7.0,north_america
comayagua,2.0,north_america
boror,6.5,east_africa
mauritius,-3.0,east_africa
miory,11.5,eastern_europe
mazagao,-11.0,south_america
ras_al_ain,8.0,north_africa
slatina,16.5,eastern_europe
vorotynsk_novosil,14.0,eastern_europe
capoque,6.0,north_america
lal_lo,7.0,south_east_asia
hanyang,28.5,east_asia
shahr_meyan,17.0,middle_east
lehui,19.0,east_asia
hogehege,-1.0,north_america
utiangue,7.0,north_america
tongguan_tongchuan,21.0,east_asia
pochutla,5.5,north_america
chuuk,-4.75,pacific_islands
pisek,25.0,western_europe
fayd,2.0,middle_east
suksun,-0.5,eastern_europe
grevena,12.0,eastern_europe
logrono,23.5,western_europe
ibaraki,27.0,east_asia
bila,6.0,east_asia
chacchoben,-1.0,north_america
castres,18.0,western_europe
nashua,0.0,north_america
wairarapa,-4.0,australasia
riwoche,6.0,east_asia
merida,19.5,western_europe
kabacan,13.0,south_east_asia
lata_georgia,9.0,eastern_europe
oshawa,-1.0,north_america
thubun,-11.0,north_america
kowal,18.5,eastern_europe
mardin,18.0,middle_east
montmedy,17.0,western_europe
cottbus,19.5,western_europe
enugu,-1.0,west_africa
kannur,22.0,south_asia
daroot_korgon,12.0,central_asia
jibat,7.0,east_africa
rayong,17.0,south_east_asia
baradha,-6.0,australasia
ambikapur,31.0,south_asia
tessit,7.0,west_africa
zapaluta,3.0,north_america
kuhikugu,-11.0,south_america
barcelona,30.25,western_europe
dubrovnik,22.0,eastern_europe
pieninka,-6.0,western_europe
salzburg,25.0,western_europe
papun,16.5,south_east_asia
kitauonuma,22.5,east_asia
oposura,-3.0,north_america
qixian_tongchuan,32.0,east_asia
lindjarvi,-6.0,western_europe
pivehzhan,6.0,central_asia
moadokado,-7.0,north_america
vangunu,-12.0,pacific_islands
abingdon,26.0,western_europe
valkaran,-7.0,north_asia
shaxian,27.5,east_asia
vinnitsy,7.0,eastern_europe
maymana,16.0,central_asia
ust_livny,8.5,eastern_europe
abhar,17.0,middle_east
mong_hpayak,19.5,south_east_asia
ostrechiny,-0.5,western_europe
davos,13.0,western_europe
gaeju,18.5,east_asia
mechetnaya,4.0,eastern_europe
tamathli,-1.0,north_america
ostroh,16.0,eastern_europe
nanhui,31.5,east_asia
talimachusi,1.0,north_america
rokiskis,14.0,eastern_europe
prokuplje,14.0,eastern_europe
madin_bani_sulaym,2.0,middle_east
trier,26.5,western_europe
tongan,36.0,east_asia
agatsuma,21.0,east_asia
fermo,24.0,western_europe
zelenokumsk,2.0,eastern_europe
inyanga,2.0,southern_africa
minii_yohe,0.0,north_america
ponte_sor,24.5,western_europe
caux,6.0,north_america
toponisw,-4.0,north_america
guarzo,4.0,south_america
troitskoye_kuroedovo,10.0,eastern_europe
ofaie,-1.0,south_america
waanyi,-4.0,australasia
xihutla,4.0,north_america
matoueska,-3.0,north_america
farfan,4.0,south_america
olenegorsk,-10.0,north_asia
nechakot_en,-9.0,north_america
pilak,14.0,south_asia
kleisoura,11.0,eastern_europe
gwadar,13.25,middle_east
xinan,28.5,east_asia
kanolu,-4.0,australasia
visby,17.25,western_europe
atocpan,6.0,north_america
salmas,14.0,middle_east
khornabuji,14.0,eastern_europe
hacarigua,3.0,south_america
eramosa,-4.0,north_america
kukatj,-9.0,australasia
synya,-10.0,north_asia
burdur,16.0,middle_east
tokoro,-5.0,east_asia
suide,25.5,east_asia
shemkhiya,4.5,east_africa
xungake,2.5,east_asia
bukcheong,16.0,east_asia
fengfu,28.0,east_asia
guarico,4.0,south_america
bidwell,-4.0,australasia
kuloy,-2.5,eastern_europe
ahuacatlan,11.0,north_america
chehalis,-5.0,north_america
machekha,6.0,eastern_europe
omoloy,-10.0,north_asia
rayachoti,18.0,south_asia
anadyr_river,-5.0,north_asia
pachyohcan,6.0,north_america
fergana,11.0,central_asia
sarvaslyk,11.0,central_asia
kathua,27.5,south_asia
enenlhet,-4.0,south_america
ventimiglia,20.0,western_europe
demidov,14.0,eastern_europe
liangxian,30.0,east_asia
jixian,33.5,east_asia
bikoro,-1.0,central_africa
bades,6.0,north_africa
klyuchi,-5.0,north_asia
eroo,2.5,east_asia
mayaca,3.5,north_america
sobolevo,-7.0,north_asia
musikot,24.5,south_asia
kuhmo,-3.0,western_europe
saucunk,0.0,north_america
rostock,24.75,western_europe
harran,16.0,middle_east
sloten,14.0,western_europe
chipisipi,-5.0,north_america
azab,13.0,middle_east
ubeda,19.0,western_europe
anumagallu,18.0,south_asia
palanpur,19.5,south_asia
deline,-11.0,north_america
suratgarh,19.0,south_asia
huizhou,22.0,east_asia
patom,-8.0,north_asia
kuogastakh,-10.0,north_asia
buskegau,0.0,north_america
deogarh,31.5,south_asia
norosi,-4.0,south_america
ruijin,24.5,east_asia
dublin,29.0,western_europe
luodian,22.5,east_asia
mauganj,29.5,south_asia
mser,6.5,west_africa
podmuran,15.0,eastern_europe
lanzhou_lanzhou,21.5,east_asia
tegyulte,-6.0,north_asia
deir_qamar,16.0,middle_east
initao,8.0,south_east_asia
miyaneh,18.0,middle_east
moro_sindh,21.0,south_asia
iwafune,20.0,east_asia
etawah,28.5,south_asia
palopo,13.0,south_east_asia
maheshpur,32.5,south_asia
santa_cruz_flores,0.0,north_africa
shenxian,27.0,east_asia
tulazi,7.5,east_asia
bjelovar,16.5,eastern_europe
murzuk,9.0,north_africa
gjakova,15.0,eastern_europe
zhuluo,23.5,east_asia
kanentaweron,-2.0,north_america
shapoquate,1.0,north_america
wakhakukdhin,7.0,north_america
matagalpa,0.5,north_america
dolkabaya,-2.0,north_america
amisk_sakahikan,-6.0,north_america
assunpink,1.0,north_america
athens,29.0,eastern_europe
ajase,-5.5,west_africa
kastamonu,19.0,middle_east
aluksne,16.0,eastern_europe
yuquot,-5.5,north_america
hulu_telen,16.0,south_east_asia
brixen,19.0,western_europe
tindi,10.0,eastern_europe
jean_marie_river,-3.0,north_america
haliti,-3.0,south_america
vedbo,7.0,western_europe
gynaikokastro,11.5,eastern_europe
verzhavsk,14.0,eastern_europe
bath,22.0,western_europe
mengcheng,36.0,east_asia
madrid,17.0,western_europe
upsukdaskooch,-11.0,north_america
oneyotdehaga,-6.0,north_america
odemira,21.0,western_europe
dunla,7.0,east_asia
tuliemao,8.0,east_asia
nottingham,20.0,western_europe
castlebar,11.0,western_europe
skin_tyee,-9.0,north_america
kariio,-1.0,south_america
bauru,-1.0,south_america
calfuleufu,3.0,south_america
venetie,-8.0,north_america
pillahuinco,1.0,south_america
shupaw_kulu,-3.0,south_america
chelmuzhi,-3.0,eastern_europe
nazimovo,-6.0,north_asia
branko,7.5,east_africa
lungsho,-1.0,east_asia
eseka,-3.5,west_africa
maskotci,-8.0,north_america
petrovskoye_pontic,4.0,eastern_europe
liuyang,24.0,east_asia
xuahceesh_annappiio,0.0,north_america
jyvaskyla,-0.5,western_europe
bergerac,23.0,western_europe
pismachi,10.0,north_america
gaiman,-1.0,south_america
quemu_quemu,2.0,south_america
chuva,-5.5,north_asia
balkonda,22.0,south_asia
gan_gan,-4.0,south_america
salinas,-7.0,south_america
feihu,25.0,east_asia
osian,17.0,south_asia
mayi_kutuna,-4.0,australasia
asvieja,18.5,eastern_europe
doloodyn_gobi,-2.0,east_asia
lutselk_e,-11.0,north_america
eisleben,21.5,western_europe
kakoba,-1.0,central_africa
lesnaya,-10.0,north_asia
apollonia,-0.5,west_africa
mengxian,27.5,east_asia
masacuajulam,5.5,north_america
sirudal,3.0,western_europe
caxud,15.5,middle_east
kamassekutinat,-11.0,north_america
nuku_hiva,-9.0,pacific_islands
cayapo,-4.0,south_america
toau_atoll,-7.0,pacific_islands
torzhok,14.0,eastern_europe
lyubcha,15.5,eastern_europe
zardab,14.5,eastern_europe
konjikala,14.0,central_asia
chet_irgiz,7.0,central_asia
kai_karoo,-6.0,southern_africa
kalamata,27.75,eastern_europe
kameda,-1.25,east_asia
lahad_datu,14.0,south_east_asia
bardi,19.0,western_europe
bremervorde,19.0,western_europe
malmo,19.25,western_europe
boguchar,8.5,eastern_europe
shuuchi,19.0,east_asia
zmeinogorsk,1.0,north_asia
flensburg,23.75,western_europe
hot_springs,-6.0,north_america
chicaquicha,1.0,south_america
oda_boru_ruva,8.5,east_africa
corabia,14.5,eastern_europe
bula_kongo,-1.0,central_africa
perugia,26.5,western_europe
amesbury,22.0,western_europe
thurso,15.25,western_europe
cerskey,-5.0,north_asia
muarakaman,11.0,south_east_asia
logone_birni,-6.5,central_africa
mull,6.5,western_europe
kaga,22.0,east_asia
kohtali,27.5,south_asia
upper_pinda,-3.0,central_africa
kwaio,-8.0,pacific_islands
moi,-6.75,pacific_islands
buali,-3.0,central_africa
bahariyya,14.0,north_africa
asaita,6.5,east_africa
simmern,20.5,western_europe
memel,16.5,eastern_europe
insuyu,13.0,middle_east
akyazi,20.5,middle_east
saalfelden,17.0,western_europe
kharbalakh,-6.0,north_asia
dahlak,2.0,east_africa
mingan,-5.0,north_america
caxanga,-6.0,south_america
skuppah,-4.0,north_america
pipli,32.5,south_asia
tun,11.0,middle_east
totma,9.5,eastern_europe
imbros,13.25,eastern_europe
nykoping,18.25,western_europe
parigi,17.0,south_east_asia
holic,22.0,eastern_europe
qatruyeh,11.0,middle_east
tolmezzo,21.0,western_europe
dhahran,3.0,middle_east
qinyuan,25.0,east_asia
ulakhan_vava,-8.0,north_asia
temiscamingue,0.0,north_america
wishkahuunu,4.0,north_america
ghent,35.0,western_europe
kharpunath,25.5,south_asia
mattagami,0.0,north_america
tutelo,-3.0,north_america
ouagama,-8.0,north_america
tunica,2.0,north_america
mowhemencho,1.0,north_america
tabukan,13.0,south_east_asia
kambeba,-11.0,south_america
pomata,8.0,south_america
lens,25.0,western_europe
buteha,6.0,east_asia
vilkaviskis,14.0,eastern_europe
nizwa,2.0,middle_east
delijan,9.0,middle_east
sihor,17.0,south_asia
surame,11.5,west_africa
casco,1.0,north_america
gaoyou,38.0,east_asia
martinafr,21.0,western_europe
malbork,17.5,eastern_europe
fayzabad,10.0,central_asia
lushi,27.0,east_asia
noguinet,-4.0,south_america
wangkatja,-5.0,australasia
manjung,19.0,south_east_asia
dol,14.0,western_europe
marjina_horka,13.0,eastern_europe
zhenning,25.5,east_asia
koscian,14.0,eastern_europe
gniezno,16.0,eastern_europe
kuenga,3.5,east_asia
skelleftea,4.5,western_europe
shidai,28.0,east_asia
kajana,-3.0,western_europe
zongolica,2.0,north_america
alpu,-4.0,south_america
ngarrindjeri,-3.0,australasia
serkar,1.5,east_asia
paruhuya,4.0,north_america
meteleu,10.0,eastern_europe
bannoni,-8.0,pacific_islands
tounouga,12.5,west_africa
al_farah_ula,-1.0,middle_east
kunjen,-3.0,australasia
kartauzh,-8.0,north_asia
lakhsar,9.0,middle_east
paxtang,1.0,north_america
cuchi,4.0,central_africa
cadereyta,5.0,north_america
marataiama,-2.0,south_america
dumbarton,21.5,western_europe
velyka_novosilka,6.0,eastern_europe
yingde,26.5,east_asia
teweh,16.0,south_east_asia
zhytomyr,15.0,eastern_europe
wawaskesiw_sipiy,0.0,north_america
qwaqwa,-1.0,southern_africa
haugalandet,15.25,western_europe
bilma,5.0,west_africa
oqumkikiak,-2.0,north_america
longxi_gongchang,29.0,east_asia
nagold,19.0,western_europe
karunga,-3.0,central_africa
arguin,6.25,west_africa
borgarnes,-5.0,western_europe
chiryapchi,-6.0,north_asia
tuvicha_mini,7.0,south_america
himba,-9.0,southern_africa
andong,30.5,east_asia
pitigliano,20.25,western_europe
north_wembere,0.0,east_africa
umngazi,-3.0,southern_africa
khukagamma,-5.0,southern_africa
tunxi,31.5,east_asia
porjus,2.5,western_europe
chelva,15.0,western_europe
rzeszow,22.5,eastern_europe
qinjiang,24.0,east_asia
achachiwa,1.0,south_america
oriel,10.0,western_europe
wunsiedel,19.0,western_europe
cozha,1.0,east_asia
quy_chau,19.0,south_east_asia
elbistan,16.0,middle_east
ena,21.0,east_asia
good_hope,-3.0,north_america
ikorundu,-5.5,west_africa
orivesi,-0.5,western_europe
boas,3.5,north_america
sepeh,10.0,middle_east
dve_viski,-10.0,north_asia
ootsu,22.0,east_asia
alstahaug,1.25,western_europe
mayi_yapi,-4.0,australasia
chitimbe,2.0,east_africa
znin,14.0,eastern_europe
paranoa,-4.0,south_america
sorsele,2.5,western_europe
chatanugi,1.0,north_america
kingany,1.5,east_africa
arlon,13.0,western_europe
tochtepec,6.5,north_america
nochistlan,2.0,north_america
shorkot,30.5,south_asia
barara,11.0,east_africa
cuanales,0.0,north_america
sara_sara,1.0,south_america
thembu,-4.0,southern_africa
soltobe,11.0,central_asia
almaty,15.0,central_asia
beilngries,19.0,western_europe
broach,26.5,south_asia
roman,11.5,eastern_europe
kaifeng,31.5,east_asia
el_obeid,4.0,east_africa
okarito,-5.0,australasia
machala,1.0,south_america
goreng,-6.0,australasia
kafimbi,-1.0,east_africa
naffis,7.0,north_africa
doolboong,-4.0,australasia
deh_kundi,13.0,middle_east
jagatipur,25.5,south_asia
matumbo,3.0,central_africa
kaprun,-5.0,australasia
bursa,26.5,middle_east
anundsjo,2.0,western_europe
nadzcaan,4.0,north_america
songyang,25.0,east_asia
muang_nakhon,21.5,south_east_asia
lishan_pingle,23.0,east_asia
savery,-5.0,north_america
saeki,24.5,east_asia
chengcheng,24.0,east_asia
pengshan,32.5,east_asia
leksand,6.5,western_europe
gapsan,11.5,east_asia
charaideo,19.5,south_asia
yijin,26.5,east_asia
siatista,12.0,eastern_europe
sao_fidelis,-7.0,south_america
tumeremo,4.0,south_america
ekonda,-6.0,north_asia
faramana,12.0,west_africa
segeberg,19.0,western_europe
yongfeng_xiangxiang,26.0,east_asia
una_una,17.0,south_east_asia
yinxian,33.0,east_asia
mantova,29.5,western_europe
zvenihorod_siverskyi,16.0,eastern_europe
adyukh,5.5,eastern_europe
muhwaosipi,0.0,north_america
guaiana,-1.0,south_america
aracena,22.0,western_europe
tikenliq,6.5,east_asia
svoge,13.0,eastern_europe
qichun,28.5,east_asia
okavango,5.0,central_africa
downpatrick,11.25,western_europe
foum_zguid,11.0,north_africa
yawdanshi,-5.0,north_america
tingvalla,14.5,western_europe
takspaslama,-6.0,north_america
ccantumarcani,1.0,south_america
yapavu,17.0,south_asia
tok,8.5,east_asia
baja_hungary,20.5,eastern_europe
balasagun,13.0,central_asia
yingcheng,29.0,east_asia
shuangyashan,13.5,east_asia
khobootsar,-2.0,east_asia
meybod,10.0,middle_east
granada,32.0,western_europe
assisi,24.0,western_europe
pamlico,-1.5,north_america
lhodrak,7.5,east_asia
gouritsmond,-3.0,southern_africa
kut_ling,21.5,south_east_asia
giwitatigweiasibi,-1.0,north_america
javad,14.5,eastern_europe
bozhou,23.0,east_asia
techiman,-2.0,west_africa
heyang_xian,28.5,east_asia
peam,18.0,south_east_asia
qingjiang_liping,21.5,east_asia
metz,32.5,western_europe
kahari,5.0,east_asia
gaoyuan,23.0,east_asia
fuman,15.0,middle_east
sikasingo,-4.0,east_africa
kumawu,-4.0,west_africa
tanalelti,-5.0,north_america
papyeong,26.5,east_asia
kume,23.0,east_asia
buluranriding,12.0,south_east_asia
fengjie,25.5,east_asia
huicheon,15.0,east_asia
telmen,3.0,east_asia
ghat,5.0,north_africa
tagula,-8.0,pacific_islands
zhaoxin,36.5,east_asia
jaboticabal,-1.0,south_america
bungabali,16.0,south_east_asia
suluntah,10.0,north_africa
ed_damer,7.5,east_africa
gochacalla,7.0,south_america
karakecili,17.5,middle_east
imaapik,-8.0,north_america
ramsele,-0.5,western_europe
szadek,14.0,eastern_europe
mesyagutovo,2.5,eastern_europe
kaizhou,25.0,east_asia
siri_do,15.5,south_east_asia
dadri,22.0,south_asia
velizh,16.5,eastern_europe
te_tairawhiti,-6.0,australasia
midyat,14.0,middle_east
leiden,19.0,western_europe
onenioteke,1.0,north_america
bienne,18.5,western_europe
immenstadt,17.0,western_europe
pelisipi,-2.0,north_america
kuchugur,2.5,eastern_europe
dzhulat,16.5,eastern_europe
musan,11.5,east_asia
oyem,-9.0,central_africa
ures,1.0,north_america
tus,6.0,central_asia
rohatyn,18.5,eastern_europe
el_golea,7.0,north_africa
capatarida,1.0,south_america
south_juma,-1.0,central_africa
cheriumche,-8.0,north_asia
bayan_har,3.0,east_asia
segyan_kyuyol,-11.0,north_asia
dalay,-4.0,east_asia
garacad,7.0,east_africa
jumento,-3.0,north_america
missinipi,-6.0,north_america
manzaya,-5.5,north_asia
an_nuhaytiyyah,2.0,middle_east
tolekskoe,11.0,central_asia
pushroot,-5.0,north_america
el_dhere,8.0,east_africa
aka,20.0,east_asia
loengowe,5.5,central_africa
daoukro,-3.5,west_africa
derby,22.0,western_europe
thalanyji,-4.0,australasia
akita,23.0,east_asia
sarh,-2.5,central_africa
skardu,1.5,east_asia
windenburg,11.5,eastern_europe
yot_ou,22.0,east_asia
theakeiki,3.0,north_america
ichera,-8.0,north_asia
dyagaryn,-7.0,north_asia
lingtai,21.0,east_asia
villingen,19.0,western_europe
tsa_tinne,-7.0,north_america
tubingen,22.0,western_europe
waika,-3.0,north_america
slany,23.5,western_europe
urka,8.5,east_asia
telemba,-1.0,north_asia
mardankuyik,14.0,central_asia
altayskoye,-3.0,north_asia
ipojuca,-8.0,south_america
kyrylivka,2.0,eastern_europe
haylan,2.0,east_africa
logar,11.0,middle_east
minochi,23.5,east_asia
goeju,20.0,east_asia
macauba,-3.0,south_america
barcelonnette,14.0,western_europe
kitungula,4.0,central_africa
idy_sakhalin,0.0,east_asia
daulatabad,21.0,south_asia
tado,-1.0,west_africa
pessamit,-3.0,north_america
loc_chau,23.0,south_east_asia
siauliai,14.0,eastern_europe
yibin,29.0,east_asia
baramulla,23.5,south_asia
miatbir,11.0,north_africa
longping_pingle,23.5,east_asia
konkudera,-9.0,north_asia
nunligran,-10.0,north_asia
hjorring,11.0,western_europe
malchow,17.0,western_europe
etomami,-2.0,north_america
tulcea,8.0,eastern_europe
shenga_kurya,9.5,eastern_europe
anping,27.0,east_asia
kolar,17.0,south_asia
xuancheng,36.0,east_asia
bhanpura,21.5,south_asia
saw,20.5,south_east_asia
chernihiv,22.5,eastern_europe
remscheid,23.0,western_europe
al_aflaj,2.0,middle_east
tamiang,17.0,south_east_asia
oacco,5.0,central_africa
ngimbo_amburi,-3.0,central_africa
crook,-6.0,north_america
calamarca,1.0,south_america
agham_kot,17.0,south_asia
matam,1.5,west_africa
jeongseon,21.5,east_asia
katzenelnbogen,22.5,western_europe
manapakuaniskau,-6.0,north_america
kanishushteu,-6.0,north_america
sokolow,15.5,eastern_europe
vratsa,11.0,eastern_europe
ontaretse,-5.0,north_america
sremska_mitrovica,14.5,eastern_europe
kara_bazaar,-1.0,eastern_europe
kars_armenia,15.5,middle_east
sighnaq,12.0,central_asia
owatonna,8.0,north_america
mnisaton,8.0,north_america
malba,-5.0,australasia
pesagi,16.0,south_east_asia
bhatnir,19.0,south_asia
nuxalc,-11.0,north_america
romanov,15.5,eastern_europe
wuyang,34.5,east_asia
kmito,-3.0,central_africa
quixara,-1.0,south_america
yapuata,-6.0,south_america
dwarawala,-6.0,australasia
heidelberg,31.5,western_europe
longping_zhaozhou,22.0,east_asia
ulaagchiin,-2.0,east_asia
pantian,24.5,east_asia
takua_pa,14.0,south_east_asia
kububu,1.0,south_america
dadandang,19.5,east_asia
mondongachate,-3.0,north_america
hamadan,22.0,middle_east
garha,24.5,south_asia
rima,11.5,east_asia
nayoro,-1.0,east_asia
yunzhou,23.0,east_asia
tsivilsk,5.5,eastern_europe
lahoysk,17.0,eastern_europe
ilucan,9.0,south_america
liangdang,22.0,east_asia
mavliberda,5.0,central_asia
tarhuna,9.0,north_africa
kosoge,12.0,east_africa
itaparica,-5.0,south_america
al_kuwayra,7.0,north_africa
xiajin,33.5,east_asia
gulja,7.5,central_asia
cherkekh,-8.0,north_asia
mitchigamea,1.0,north_america
huixian,35.0,east_asia
kismayo,9.5,east_africa
chagda,-13.0,north_asia
bakhapcha,-9.0,north_asia
altit,14.0,south_asia
ibequa,2.0,southern_africa
mekimbya,-8.0,north_asia
chai_nat,22.5,south_east_asia
saint_paul_anchorite,14.0,north_africa
snovsk,13.0,eastern_europe
sariang,16.5,south_east_asia
danduka,14.5,south_asia
kumkol,6.0,east_asia
jiaxiang,31.0,east_asia
kilmes,9.0,south_america
montbozon,19.0,western_europe
hastings,21.0,western_europe
karatobe,0.0,eastern_europe
ahmednagar,24.0,south_asia
mourdiah,9.0,west_africa
legnago,31.5,western_europe
bura,9.0,west_africa
volubilis,21.0,north_africa
pahotcha,8.0,north_america
numedal,2.0,western_europe
molangur,24.0,south_asia
ucles,19.0,western_europe
koes,-5.0,north_america
nungu,9.0,west_africa
barten,15.0,eastern_europe
bratslav,15.5,eastern_europe
gori,18.5,eastern_europe
tarom,10.0,middle_east
dargyeling,1.5,east_asia
kampung_buloh,14.0,south_east_asia
piratini,3.0,south_america
casiguran,7.0,south_east_asia
kaphirintiwa,3.0,southern_africa
iwanai,-2.0,east_asia
balzimachi,2.0,eastern_europe
yingshang,33.5,east_asia
degehabur,6.0,east_africa
traunstein,17.0,western_europe
mayaba,1.0,south_america
kuanhe_xingzhou,25.5,east_asia
baris,14.0,north_africa
darney,23.0,western_europe
anyuan_lianzhou,32.0,east_asia
kuta_watu,8.0,south_east_asia
vostitsa,18.25,eastern_europe
oneonta,-1.0,north_america
van_don,23.0,south_east_asia
nidda,25.0,western_europe
kawali,19.0,south_east_asia
laerdal,3.0,western_europe
nawah,17.0,middle_east
chercher,3.0,east_africa
uiseong,23.5,east_asia
mussende,1.0,central_africa
tasuktul,11.0,central_asia
lanzhou,26.5,east_asia
sandikli,18.0,middle_east
bang_keng,16.5,south_east_asia
kushunkotan,-1.0,east_asia
ouray,-5.0,north_america
kok_usn,2.0,eastern_europe
hagenow,19.0,western_europe
samcheok,21.0,east_asia
thiers,18.5,western_europe
musquedoboit,-2.0,north_america
uktus,-1.0,eastern_europe
edd,2.0,east_africa
ulithi_atoll,-7.0,pacific_islands
elblag,23.0,eastern_europe
gobindpur,31.0,south_asia
waitu_kubuli,-12.0,north_america
gadag,21.0,south_asia
yande,19.0,east_asia
monghsu,21.5,south_east_asia
prayag,32.5,south_asia
lamayuru,-0.5,east_asia
farhadgerd,8.0,central_asia
aderbissinat,9.0,west_africa
dordrecht,26.0,western_europe
nifi,0.0,middle_east
natsitok,-6.0,north_america
lairmairrener,-3.0,australasia
bankutu,-6.0,central_africa
chamchamal,16.0,middle_east
sirpur,19.5,south_asia
backnang,21.5,western_europe
luanchuan,25.0,east_asia
hanguang,25.5,east_asia
byske,4.5,western_europe
kawatinook,-6.0,north_america
kxau,-4.0,southern_africa
plyussa,14.0,eastern_europe
saint_claude,15.0,western_europe
kennetook,-2.0,north_america
vladimir,22.5,eastern_europe
khovd,-2.0,east_asia
fenoarivo_east,-6.0,east_africa
usulutan,5.5,north_america
kalat,11.0,middle_east
unica,3.0,north_america
hizan,7.0,eastern_europe
ringsted,16.0,western_europe
ufa,5.5,eastern_europe
jixi_huizhou,26.0,east_asia
achikamii,0.0,north_america
delyankir,-8.0,north_asia
cardigan,14.0,western_europe
cuthuhogwa,1.0,north_america
ineu,15.0,eastern_europe
hlybokaye,14.0,eastern_europe
lida,15.5,eastern_europe
pium_i,-2.0,south_america
suq,17.0,middle_east
guacata,-10.0,north_america
n_pooh_le,-6.0,north_america
jargalan,8.0,central_asia
itaratim,-7.0,south_america
kangean,20.0,south_east_asia
lalin,16.0,western_europe
gaoping,29.0,east_asia
misi_zaaga_igan,6.0,north_america
qasr_shirin,13.0,middle_east
uruapan,6.0,north_america
quechula,3.5,north_america
gunbalang,-8.0,australasia
gazzllatin,-12.0,north_america
pemetic,-2.0,north_america
zhamshy,5.0,central_asia
pulawama,23.5,south_asia
kufstein,21.5,western_europe
phari,17.0,south_asia
aankwaahsakwa,1.0,north_america
olongki,7.5,east_asia
shahabad,29.5,south_asia
shaharpara,16.5,south_asia
karai_yo,-1.0,south_america
kerben,9.0,central_asia
iyeesnime,-4.0,north_america
naalbandin,10.0,middle_east
thaolintoa,-11.0,north_america
ahna_wate,-6.0,north_america
mudhol,19.0,south_asia
taramakau,-4.0,australasia
irij,29.5,south_asia
kulu_turkey,13.0,middle_east
nandun,29.5,east_asia
astarabad,18.0,middle_east
tubiba,-4.0,south_america
tetela,6.0,north_america
afrin,18.0,middle_east
carteret_atoll,-7.0,pacific_islands
sugeneb,22.0,south_east_asia
cheke_holo,-8.0,pacific_islands
gribingui,-3.5,central_africa
duwamish,1.75,north_america
khvastovichi,14.0,eastern_europe
coospacam,5.5,north_america
meraker,2.5,western_europe
braine,21.0,western_europe
zalau,14.0,eastern_europe
ai_ais,-9.0,southern_africa
boi,-3.0,south_america
zenica,9.0,eastern_europe
volchikha,-4.0,north_asia
bilecik,18.5,middle_east
anzhou,28.0,east_asia
toszek,17.0,eastern_europe
qasba,19.5,south_asia
kuido,4.0,central_africa
awa_shikoku,27.0,east_asia
panati,-8.0,north_america
saqra,0.0,middle_east
amasya,19.5,middle_east
boke,-4.0,west_africa
tatyshly,3.0,eastern_europe
diebougou,12.5,west_africa
narat,7.5,central_asia
shilovo,13.5,eastern_europe
ningjin_zhaozhou,27.0,east_asia
zangdan,3.0,east_asia
nissouri,-1.0,north_america
cardona,16.0,western_europe
bongju,21.0,east_asia
yanaguana,7.0,north_america
santangelo,19.0,western_europe
stade,19.0,western_europe
ashaninka,4.0,south_america
gefle,18.0,western_europe
uechamitogosode,-7.0,south_america
naogaon,38.0,south_asia
taganrog,7.25,eastern_europe
mosega,-9.0,southern_africa
gogai,-4.0,australasia
tapalquen,3.0,south_america
chandwar,28.0,south_asia
karagay,-3.0,eastern_europe
corum,16.5,middle_east
slutsk,13.0,eastern_europe
ust_pinega,-0.5,eastern_europe
dowlatabad_esfandaqeh,9.0,middle_east
huolu,29.0,east_asia
yifeng,35.5,east_asia
bramhapuri,19.0,south_asia
ganlygala,9.0,central_asia
takalako,-7.0,australasia
vashki,7.0,eastern_europe
chicoutimi,0.0,north_america
alat,10.0,central_asia
pau,21.0,western_europe
shukjung,6.0,east_asia
padova,36.0,western_europe
kitui,6.0,east_africa
yazhelbitsy,14.0,eastern_europe
mengban_weiyuan,19.5,east_asia
amreli,17.0,south_asia
tchankasndata,8.0,north_america
papigochic,-2.0,north_america
birmingham,22.0,western_europe
atri,26.0,western_europe
wismar,24.0,western_europe
dia,6.5,west_africa
rotterdam,21.5,western_europe
akkesene,11.0,central_asia
sroda_slaska,25.5,eastern_europe
burgos,25.0,western_europe
durness,7.0,western_europe
sierpc,14.0,eastern_europe
sargadwari,30.5,south_asia
salemata,2.5,west_africa
maryovo,16.0,eastern_europe
shouguang,31.0,east_asia
bandire,3.5,southern_africa
shatsk,12.5,eastern_europe
schladming,19.0,western_europe
palamau,24.0,south_asia
tinmel,8.0,north_africa
sakkyryr,-9.0,north_asia
nardin,11.0,middle_east
ivanteyevka,4.0,eastern_europe
minamiabashiri,-5.0,east_asia
modigliana,21.0,western_europe
shangcai,36.0,east_asia
wankani,3.0,south_america
mage,-6.0,south_america
ouning,25.0,east_asia
nayagarh,22.0,south_asia
terbuny,8.5,eastern_europe
udomlya,16.0,eastern_europe
qinghe_huaian,34.5,east_asia
tsiigehtchik,-6.0,north_america
kotagad,24.0,south_asia
hoborg,14.0,western_europe
anseba,7.0,east_africa
tahejoc,1.5,north_america
lower_aktanyshbash,5.5,eastern_europe
cayubaba,-6.0,south_america
chootawatchee,1.0,north_america
jinzhou_dalian,24.0,east_asia
kolla,-1.0,south_america
lega_kongo,-4.0,east_africa
hieraniony,15.5,eastern_europe
meshkan,9.0,middle_east
furubira,-6.0,east_asia
dayi,26.0,east_asia
kunashiri,-5.0,east_asia
lyuban,10.5,eastern_europe
tunanir,10.0,middle_east
taklung,9.5,east_asia
payette,-5.0,north_america
al_mukha,7.0,middle_east
frejus,20.25,western_europe
tangipahoa,1.0,north_america
espiel,20.0,western_europe
sulmona,24.0,western_europe
neustadt_an_der_haardt,26.5,western_europe
horodnia,15.5,eastern_europe
cairo,32.5,north_africa
mazatepec,0.0,north_america
aspet,17.0,western_europe
kharga,12.0,north_africa
ta_shwe_htan,20.5,south_east_asia
muang_tam,19.0,south_east_asia
akwen,-3.0,south_america
badimala,-6.0,australasia
st_pierre_de_moutier,23.5,western_europe
el_escorial,17.0,western_europe
lavar,9.0,central_asia
hazarasp,9.0,central_asia
la_roche_sur_yon,21.0,western_europe
deer_lodge,-10.0,north_america
ayora,15.0,western_europe
zarnow,14.0,eastern_europe
shumyachi,16.0,eastern_europe
bagansiapipi,14.0,south_east_asia
vorotynsk,16.5,eastern_europe
gutti,23.5,south_asia
yangdi,36.0,east_asia
maues,-11.0,south_america
staraya_kulatka,10.0,eastern_europe
cieza,15.0,western_europe
bolgan_ana,7.0,central_asia
svinort,14.0,eastern_europe
kanel,3.5,west_africa
marakaaya,3.0,south_america
tutilcoya,6.0,north_america
hucha_hudan,-6.0,north_america
kozlov,8.0,eastern_europe
sienzhou,22.5,east_asia
kamisak,-12.0,north_america
tortosa,33.0,western_europe
klang,20.0,south_east_asia
oxford,28.0,western_europe
tokat,18.0,middle_east
badreh,15.5,middle_east
zaveh,11.0,middle_east
fengxian,33.5,east_asia
prasat_don_kau,21.5,south_east_asia
sergiyevsk,6.0,eastern_europe
pahang,19.0,south_east_asia
sulaymaniyah,13.0,middle_east
ar_rayn,0.0,middle_east
boulogne_sur_mer,21.5,western_europe
bolshoy_balyk,-11.0,north_asia
jiazhou,19.5,east_asia
orkney,4.75,western_europe
kamyenyets,14.0,eastern_europe
koshi,27.5,east_asia
renhuai,21.0,east_asia
guahan,-3.75,pacific_islands
nuotara,-8.0,north_asia
yagala,-1.5,west_africa
oymyakon,-7.0,north_asia
zomin,14.0,central_asia
sklad,-5.0,north_asia
chambargonda,19.0,south_asia
arua_amazon,-11.0,south_america
baxian,36.5,east_asia
bozan,17.5,middle_east
solkhat,2.0,eastern_europe
ivangorod,16.5,eastern_europe
keonjhar,31.0,south_asia
peedee,1.0,north_america
puyu,2.0,south_america
anna_russia,6.0,eastern_europe
wangung,17.0,south_east_asia
daning_pingquan,21.5,east_asia
lelyuveyem,-7.0,north_asia
qasr_ibrim,6.5,east_africa
thai_nguyen,29.5,south_east_asia
warrada,19.0,north_africa
tlacuitlapan,0.0,north_america
piranga,-2.0,south_america
grayling,-3.0,north_america
faiyum,23.0,north_africa
kalpi,31.5,south_asia
shicheng_ningdu,24.0,east_asia
muxihe,7.5,east_asia
batyr,-6.0,north_asia
inga,1.0,south_america
rusokastro,19.0,eastern_europe
mtanye,-1.0,southern_africa
enawene,-8.0,south_america
limoges,21.0,western_europe
moapa,-9.0,north_america
kapuskaywak,-11.0,north_america
mohyliv_podilskyi,16.5,eastern_europe
balakan,14.0,eastern_europe
moma_katwoi,0.0,east_africa
otsiningo,0.0,north_america
walden,23.0,western_europe
onseong,13.5,east_asia
runyan,29.5,east_asia
marte,11.5,west_africa
jever,16.0,western_europe
przemysl,18.0,eastern_europe
razeqan,13.0,middle_east
jahreh,10.0,middle_east
salair,0.0,north_asia
vrddha_ratnapura,17.0,south_east_asia
payomkawichum,-3.0,north_america
nuchiu,-5.0,north_america
cumanagoto,-1.0,south_america
igaracu,-9.0,south_america
apapelgino,-10.0,north_asia
bindjali,-3.0,australasia
puari,-1.0,australasia
aur_atoll,-7.0,pacific_islands
kremnica,15.0,eastern_europe
natages,-1.0,north_america
kundgol,23.0,south_asia
qatrun,3.0,west_africa
orlow,16.0,eastern_europe
felvint,17.5,eastern_europe
amchok,20.0,east_asia
chavusy,14.0,eastern_europe
cirencester,21.0,western_europe
hominka,-8.0,north_america
coburg,17.0,western_europe
or_keo,19.5,south_east_asia
kishwaukee,3.0,north_america
gummersbach,20.0,western_europe
kozelsk,16.5,eastern_europe
alkhan_kala,12.5,eastern_europe
suruc,18.5,middle_east
nasacauso,-6.0,north_america
patiri,8.0,north_america
moshok,14.0,eastern_europe
sunndal,-1.0,western_europe
paraguana,3.0,south_america
jungal,-6.0,australasia
zgierz,14.0,eastern_europe
zhaoban,27.5,east_asia
vlitsy,14.0,eastern_europe
irafshan,10.0,middle_east
muene_kwako,-4.0,central_africa
latunde,-6.0,south_america
soombak_e,-13.0,north_america
chyormoz,-0.5,eastern_europe
birkenfeld,22.0,western_europe
babimost,18.0,eastern_europe
bakusaya,10.5,middle_east
gulmi,25.5,south_asia
hajipur,32.5,south_asia
dholka,21.5,south_asia
jootsuuk,6.0,north_america
gonpatsi,5.0,east_asia
urgench,12.0,central_asia
hessequa,-3.0,southern_africa
kougouri,9.0,west_africa
nanrantsouak,-5.0,north_america
artanuji,11.5,eastern_europe
trikala,13.0,eastern_europe
taizz,8.0,middle_east
t_aaku,-9.0,north_america
methye,-8.0,north_america
bakel,11.5,west_africa
diawara,1.0,west_africa
seguedine,5.0,west_africa
ichishi,23.5,east_asia
samprangan,17.0,south_east_asia
puyang,32.0,east_asia
isabela_island,5.0,south_america
raunala,1.0,western_europe
meelpaeg,-2.0,north_america
kirillov,9.5,eastern_europe
yuhang,36.0,east_asia
ocol,-2.0,south_america
rahon,30.5,south_asia
wuzhi,29.0,east_asia
linhuang,10.5,east_asia
ndawe_qoha,9.0,north_america
chala,-3.0,australasia
wachigari,-3.0,australasia
tsagaan_agui,-5.0,east_asia
namy,-10.0,north_asia
brody,15.0,eastern_europe
moana_muafi,-3.0,central_africa
tamana,25.0,east_asia
herzfelde,23.5,western_europe
al_ukhaydir,2.0,middle_east
xinchang,27.0,east_asia
chanderi,26.5,south_asia
chenoka,-2.0,north_america
yahotyn,16.0,eastern_europe
moanunts,-9.0,north_america
rimaq,2.0,south_america
niani,19.5,west_africa
gydo,-3.0,southern_africa
waxxari,6.0,east_asia
gandzasar,9.0,eastern_europe
dolakha,24.5,south_asia
kwila,-3.0,central_africa
mae_sot,16.5,south_east_asia
ulanchab,-2.0,east_asia
gucheng_xi,34.5,east_asia
ngalkbun,-5.0,australasia
soboloox,-9.0,north_asia
sari,20.0,middle_east
khamgar,14.5,east_asia
kuukyuyau,-11.0,australasia
portel,22.5,western_europe
gadegara,17.5,middle_east
bidanku,-2.0,north_america
tl_esqox,-12.0,north_america
paphos,14.0,middle_east
pariaman,14.0,south_east_asia
nupeko,2.5,west_africa
tillamook,-1.25,north_america
kalapuya,1.0,north_america
machul,10.25,middle_east
odam,-2.0,north_america
rohan,19.0,western_europe
eianamogola,1.0,north_america
beryozovka,-0.5,eastern_europe
kalengue,-2.0,central_africa
zanyukhcha,-0.5,eastern_europe
rodos,17.75,eastern_europe
metsang,7.5,east_asia
rongzhou,30.0,east_asia
jingyu,6.0,east_asia
bou_saada,9.0,north_africa
imanka,6.5,east_asia
tsaidam,1.0,east_asia
yenji,7.5,east_asia
goraghat,32.5,south_asia
bihac,11.0,eastern_europe
rinpung_yarlung,7.5,east_asia
damrey_trom,19.0,south_east_asia
roshtqala,8.0,central_asia
ilirnej,-8.0,north_asia
aki,24.5,east_asia
lindi_kwila,-1.0,central_africa
cahay,-6.5,north_america
apan,10.0,north_america
swidwin,17.0,western_europe
martaban,24.5,south_east_asia
guanchenis,0.0,north_america
wardal,-6.0,australasia
freiburg,23.5,western_europe
koson,15.0,central_asia
wyrzysk,9.0,eastern_europe
shoptovo,14.0,eastern_europe
boyauli,11.5,central_asia
ferrette,24.0,western_europe
hildburghausen,15.0,western_europe
kuilembi,5.0,central_africa
debra_berhan,7.0,east_africa
zenues,-2.0,south_america
panemune,16.5,eastern_europe
bree,24.5,western_europe
bokovskaya,8.5,eastern_europe
sogndal,3.0,western_europe
izberdey,8.0,eastern_europe
binawangan,8.0,south_east_asia
seguela,-0.5,west_africa
mbosaksawaas,-3.0,north_america
shungopavi,0.0,north_america
muktsar,24.5,south_asia
antwerp,34.25,western_europe
potiskum,11.0,west_africa
pirca_pirca,1.0,south_america
yun,26.5,east_asia
konildi,-8.0,north_asia
kinja,-11.0,south_america
jiaxian,34.5,east_asia
srirangam,26.5,south_asia
tattaguine,1.0,west_africa
tepehuan,1.0,north_america
carrickfergus,12.5,western_europe
kamiagata,21.0,east_asia
mahabo,4.5,east_africa
montreuil,19.0,western_europe
medininkai,14.0,eastern_europe
olgov,6.5,eastern_europe
pokrovsk,0.5,eastern_europe
shaqrud,8.0,middle_east
koppo,3.0,western_europe
lussuna,-1.0,central_africa
sherbro_island,-4.25,west_africa
jinjiang,36.0,east_asia
fardawsa,4.0,east_africa
aaboukingon,2.0,north_america
ocheyedan,8.0,north_america
minggang,34.0,east_asia
xiconaque,0.0,north_america
yakataga,-11.0,north_america
jingzhao,35.5,east_asia
otta,3.5,western_europe
guarasugwa,-8.0,south_america
buturlinovka,6.0,eastern_europe
bannajbur,10.0,middle_east
barun_xiabaer,4.0,east_asia
sukhorukova,-11.0,north_asia
dundalk,12.5,western_europe
luneville,19.0,western_europe
lund,20.0,western_europe
abu_hamed,4.5,east_africa
monona,8.0,north_america
bosten,8.0,east_asia
bargaal,4.0,east_africa
kwaza,-6.0,south_america
cittacastello,20.5,western_europe
lere,7.0,west_africa
miwa,-5.0,australasia
tha_anne,-10.0,north_america
mutum,-7.0,south_america
alvsby,4.5,western_europe
acuera,2.0,north_america
shimoga,19.0,south_asia
freising,24.5,western_europe
bayannur,23.5,east_asia
kiosaquay,6.0,north_america
tsorub,-1.0,east_asia
volosovichy,16.5,eastern_europe
ardatov,13.5,eastern_europe
ngazargamu,9.0,west_africa
debrc,17.5,eastern_europe
khatunabad,11.0,middle_east
noyon_uul,-5.0,east_asia
adalaga,6.5,eastern_europe
zvenigorod,18.5,eastern_europe
yanshen,28.0,east_asia
ponnani,17.0,south_asia
maguela,-3.0,central_africa
allpas,1.0,south_america
azua,-5.0,north_america
cholle_cholle,-1.0,south_america
tawokser,-8.5,south_america
doora,-5.0,australasia
buluguda,2.0,australasia
xinxiang,29.0,east_asia
ningxia,27.5,east_asia
manikpur,34.5,south_asia
shusha,7.0,eastern_europe
kosozhichi,6.5,eastern_europe
nkunga,-4.0,central_africa
rethel,21.5,western_europe
boa_ogoi,-4.0,north_america
lena_trail2,-11.0,north_asia
massanutten,-2.0,north_america
bhadrachalam,19.5,south_asia
hahahae,-7.0,south_america
lugano,15.0,western_europe
nahuelpan,-2.0,south_america
iaremappo,1.0,south_america
onogost,11.0,eastern_europe
llucho,7.0,south_america
shibetoro,-10.0,east_asia
inhandui,4.0,south_america
lena_trail1,-11.0,north_asia
wasin_wakpa,-2.0,north_america
suripa,4.0,south_america
kazuno,15.0,east_asia
gannata_giyorgis,3.5,east_africa
mendefera,2.0,east_africa
mondo,9.0,west_africa
mendetna,-7.0,north_america
orocue,6.0,south_america
valenciennes,23.0,western_europe
segesd,16.5,eastern_europe
bisa,1.0,east_africa
kalaat_sraghna,11.0,north_africa
zanjan,17.0,middle_east
agikuyu,4.5,east_africa
wahin_wakpa,2.0,north_america
charang,-6.0,north_asia
satyamanagalam,16.0,south_asia
nadah_dogalnine,-2.0,north_america
blois,25.5,western_europe
micewehudehik,1.0,north_america
oliveira,-4.0,south_america
leti,19.0,south_east_asia
eexiwa,-1.0,south_america
kehek_aike,-6.0,south_america
lezhnevo,14.0,eastern_europe
kondpoga,-1.0,western_europe
ollelewa,9.0,west_africa
inagua,-4.0,north_america
loudun,21.0,western_europe
amguema,-5.0,north_asia
peranap,19.0,south_east_asia
kakenje,4.5,central_africa
las_khorey,3.0,east_africa
grand_bassam,-5.5,west_africa
likusaen,16.0,south_east_asia
chaughera,27.5,south_asia
itomamo,-10.0,north_america
cayguani,-9.0,north_america
piray,-2.0,south_america
nanuque,-7.0,south_america
guayana,1.0,south_america
parsberg,22.0,western_europe
sadah,5.0,middle_east
miangu,27.5,east_asia
frassinoro,21.0,western_europe
kuneni,-3.0,central_africa
toul,23.0,western_europe
mongtung,18.5,south_east_asia
mengen_papua,-11.0,pacific_islands
yeonggam,31.5,east_asia
taliabu,14.0,south_east_asia
generostee,1.0,north_america
ktunwakanmituk,-10.0,north_america
liyang_lizhou,31.5,east_asia
minzhou,24.0,east_asia
liulin,22.0,east_asia
tararua,-4.0,australasia
yanaul,3.0,eastern_europe
malatya,21.5,middle_east
usui,21.0,east_asia
cestos,-5.5,west_africa
tommeginne,-5.0,australasia
sonaly,7.0,central_asia
tadoule,-11.0,north_america
al_mukalla,3.0,middle_east
chatelaudren,19.0,western_europe
tura,1.0,east_asia
nogent_sur_seine,25.5,western_europe
ipholhhelhlhup,1.0,south_america
lloa,32.0,east_asia
oconto,-2.0,north_america
ancuase,1.5,southern_africa
cohari,-1.0,north_america
koidanova,15.0,eastern_europe
al_bayda_yemen,5.0,middle_east
oma_sacopo,4.0,south_america
toulnustouc,-9.0,north_america
jalalabad_fergana,11.0,central_asia
bakanh,-6.0,australasia
wuqiao,29.5,east_asia
sibiu,17.0,eastern_europe
taovaya,9.0,north_america
daning,28.5,east_asia
trivento,24.0,western_europe
quan_da_chau,20.5,south_east_asia
tayabas,11.0,south_east_asia
ozerevo,7.0,eastern_europe
aerzhai,28.5,east_asia
hedong,31.5,east_asia
botou,9.0,west_africa
aniyutsi,-2.0,north_america
nanwalek,-12.0,north_america
maneva,2.0,east_africa
huelva,20.5,western_europe
itaboa,4.0,east_africa
maui,-9.0,pacific_islands
qasr_e_qand,9.0,middle_east
saint_brieuc,19.0,western_europe
chono,0.0,east_asia
longshan,26.0,east_asia
fresnes,21.0,western_europe
meshra_er_req,2.5,east_africa
yaporox,-2.0,south_america
navidakh,10.0,central_asia
jerubatuba,-5.0,south_america
molchanovo,-6.0,north_asia
khaliajuri,16.5,south_asia
kaulong,-8.0,pacific_islands
eidfjord,2.0,western_europe
vaka,7.5,east_asia
tingkip,19.0,south_east_asia
qingliu,29.5,east_asia
yuubari,-5.0,east_asia
nanatsoho,6.0,north_america
newcastle,21.5,western_europe
kalo,16.0,western_europe
tonameca,3.0,north_america
ia,16.5,south_east_asia
kedah,17.0,south_east_asia
qorqonaq_yubur,5.5,east_asia
sempan,-13.0,pacific_islands
notameohmeshehse,-3.0,north_america
bojaya,0.0,south_america
itaperuna,-9.0,south_america
sukhma,19.0,south_asia
sanga,11.5,west_africa
avignon,30.5,western_europe
humcumqua,-9.0,southern_africa
west_lomwe,11.5,east_africa
semdinli,7.0,eastern_europe
tokkuzak,8.0,east_asia
solikamsk,-0.5,eastern_europe
tangxian,30.0,east_asia
samda,6.5,east_asia
mohe,6.0,east_asia
dausa,17.0,south_asia
monchengladbach,27.5,western_europe
al_yamamah,2.0,middle_east
zalavar,17.0,eastern_europe
aikhal,-8.0,north_asia
kitou,25.0,east_asia
porazava,15.0,eastern_europe
koppi,-1.0,east_asia
er_rich,8.0,north_africa
putian,36.0,east_asia
tsnungwe,-5.0,north_america
ghobeyra,11.0,middle_east
nuoluo,10.5,east_asia
mongping,20.5,south_east_asia
castellane,17.5,western_europe
amrabad,21.5,south_asia
ajawewesitagun,4.0,north_america
chala_at,-2.0,north_america
calang,14.0,south_east_asia
ingadi,-4.0,australasia
umpila,-9.0,australasia
hlukhiv,14.0,eastern_europe
wanping,25.0,east_asia
jianshi,25.5,east_asia
zozan,11.0,middle_east
amurang,14.0,south_east_asia
prey_nokor,21.5,south_east_asia
qingyuan_chuzhou,25.0,east_asia
yongning_shanzhou,28.0,east_asia
hukawng,24.5,south_east_asia
hongsa,18.5,south_east_asia
savaii,-10.0,pacific_islands
kresttsy,16.5,eastern_europe
khost,20.0,south_asia
glarus,14.0,western_europe
deyhuk,10.0,middle_east
olevsk,8.0,eastern_europe
kolosovka,0.0,north_asia
st_gallen,17.5,western_europe
dabhol,18.0,south_asia
cueiba,-11.0,north_america
gorgan,19.0,middle_east
doukang,18.0,east_asia
lewfuko,-1.0,south_america
aznakayevo,6.5,eastern_europe
ust_vym,-0.5,eastern_europe
tawalimni,4.0,north_america
cushamen,-2.0,south_america
malakula,-11.0,pacific_islands
messalonskee,0.0,north_america
swansea,15.5,western_europe
haguenau,24.0,western_europe
yatenga,13.0,west_africa
nitamibontegw,0.0,north_america
aashbikkaashee,-2.0,north_america
kajabi,-6.0,south_america
launggyet,16.5,south_east_asia
ifni,9.25,north_africa
puning_rongzhou,22.0,east_asia
warri,-5.5,west_africa
panatahuas,2.0,south_america
vavozh_mozhga,3.0,eastern_europe
czchow,14.0,eastern_europe
markhaya_trail,-6.0,north_asia
oberndorf,22.0,western_europe
khadat,-4.0,east_asia
ganderbal,20.5,south_asia
orthez,21.0,western_europe
bandar_deylam,12.0,middle_east
cazombo,2.0,central_africa
xualae,-4.0,north_america
vasteras,15.0,western_europe
zaci,6.0,north_america
djabwurung,1.0,australasia
yueyang_anze,24.0,east_asia
awka,-3.0,west_africa
yungdrung,14.5,east_asia
podebrady,23.0,western_europe
shadrinsk,-2.0,north_asia
saadatabad,11.0,middle_east
tinco,19.0,south_east_asia
wuyuan_huizhou,30.5,east_asia
nyangu,1.5,southern_africa
nontron,19.0,western_europe
kurakh,11.0,eastern_europe
nehantuck,-5.0,north_america
nutanke,2.0,north_america
shubi,1.0,east_africa
kagyrgyn,-10.0,north_asia
goat_creek,-11.0,north_america
marovo,-11.0,pacific_islands
zhytkavichy,10.5,eastern_europe
wells,15.0,western_europe
mamburao,7.0,south_east_asia
caracal,18.5,eastern_europe
basna,22.0,south_asia
wabash,1.0,north_america
cocorna,-5.0,south_america
olsnica,19.5,eastern_europe
yinshaluo,21.5,east_asia
lidian,22.0,east_asia
evenksk,-10.0,north_asia
taubonto,19.0,south_east_asia
rajmahal,32.5,south_asia
vileyka,15.0,eastern_europe
privolnoye,2.0,eastern_europe
al_hinakiyah,0.0,middle_east
shubenacadie,-2.0,north_america
unimax,-7.0,north_america
aqyam_nup,-12.0,north_america
venlo,26.5,western_europe
bastak,8.0,middle_east
assa,6.0,north_africa
usalgin,7.5,east_asia
passos,-2.0,south_america
tetamekanch,2.0,north_america
uliastai,0.0,east_asia
yakkajari,-3.0,australasia
pintahae,-2.0,north_america
vardanzi,8.0,central_asia
wehlau,16.0,eastern_europe
kitchesatsiou,-8.0,north_america
gananoque,1.0,north_america
satsukhdin,3.0,north_america
antofalla,-1.0,south_america
kholongsolokh,-11.0,north_asia
nyelayu,-3.0,pacific_islands
pinheiro,-6.0,south_america
mukah,14.0,south_east_asia
masyaf,19.5,middle_east
caru,-7.0,south_america
araska,9.0,central_asia
duanxi,23.5,east_asia
kulagin,2.0,eastern_europe
shibetsu,-1.0,east_asia
nakata,21.0,east_asia
karabulak,13.0,central_asia
kamiina,22.0,east_asia
djundu,-11.0,central_africa
sefrou,14.5,north_africa
legnica,23.5,eastern_europe
kaedi,1.5,west_africa
goynuk,17.5,middle_east
yangju,26.5,east_asia
montalcino,24.0,western_europe
vukvylgayat,-10.0,north_asia
leh,6.5,east_asia
gaotang,31.0,east_asia
berelekh,-7.0,north_asia
rimuka,2.0,southern_africa
dormaa,-0.5,west_africa
agnam_civol,1.0,west_africa
aryaru,16.5,south_east_asia
bankim,-4.5,central_africa
ambalanjakomby,1.5,east_africa
wiyashakimi,-10.0,north_america
oimiakon,-9.0,north_asia
skitswish,-4.0,north_america
jonzac,19.0,western_europe
anso,14.0,western_europe
ockelbo,6.0,western_europe
pallakolu,24.5,south_asia
azuaga,12.0,western_europe
kentucky,2.0,north_america
avallon,19.0,western_europe
grudziadz,22.5,eastern_europe
baskale,8.5,eastern_europe
karabul,16.5,eastern_europe
gyeongseong,10.0,east_asia
alfambra,19.0,western_europe
deadose,8.0,north_america
rukajarvi,-3.0,western_europe
almodovar_del_campo,15.5,western_europe
tost_uul,-4.0,east_asia
bukino,-4.0,central_africa
karuwali,-6.0,australasia
akuugun,-7.0,north_america
chungju,22.5,east_asia
poligus,-8.0,north_asia
mantiqueira,-1.0,south_america
ayni,8.0,central_asia
oconee,2.0,north_america
falster,16.0,western_europe
tirato,-6.0,north_america
kandi,2.0,west_africa
obi,13.0,south_east_asia
hinai,15.0,east_asia
ust_nera,-7.0,north_asia
cascapedia,-2.0,north_america
pagashi,-11.0,north_america
gao,9.5,west_africa
pieve,19.0,western_europe
grabowiec,16.5,eastern_europe
banten,23.0,south_east_asia
karabay,7.0,central_asia
huangmei,26.5,east_asia
bapunu,-9.0,central_africa
talang,21.5,east_asia
cahors,22.5,western_europe
izyaslavl,14.0,eastern_europe
pengzhou,34.0,east_asia
leczyca,16.0,eastern_europe
rakhyah,4.0,middle_east
tecuci,11.5,eastern_europe
pribor,15.0,western_europe
grundsunda,2.0,western_europe
zhaoyuan,31.0,east_asia
rovenky,6.0,eastern_europe
quinte,1.0,north_america
tho,8.0,north_america
khowesen,-8.0,southern_africa
ma_tehua_llan,0.0,north_america
ubiqua,-6.0,southern_africa
attequa,-4.0,southern_africa
cheremkhovo,-0.5,north_asia
jarabacoa,-4.0,north_america
tyrma,8.5,east_asia
port_loko,-0.5,west_africa
tulungagung,22.0,south_east_asia
bilgram,34.5,south_asia
susquehannock,-3.0,north_america
koiali,-3.0,pacific_islands
liubeshiv,11.0,eastern_europe
mangbu,25.0,east_asia
hof,21.0,western_europe
hoskote,17.0,south_asia
schwerin,19.0,western_europe
yushan_guangxin,26.5,east_asia
killarney,8.0,western_europe
firuzkuh_afghanistan,13.0,middle_east
jizhou,27.5,east_asia
ashby,-3.0,north_america
chuainisin,-12.5,south_america
enken,-10.0,north_asia
ambae,-12.0,pacific_islands
teligol,2.0,eastern_europe
nentego,3.75,north_america
coyaima,0.0,south_america
tl_azt_en,-8.0,north_america
posakanaciwiy,-2.0,north_america
htilin,19.0,south_east_asia
bridger,-7.0,north_america
gheorgheni,18.0,eastern_europe
lublin,20.0,eastern_europe
sumy,4.0,eastern_europe
aydincik,16.0,middle_east
smai_samkai,5.0,central_asia
andawaohie,0.0,north_america
apatzingan,7.5,north_america
ce_vaq,-12.0,north_america
laukas,-0.5,western_europe
sinipi,-5.0,south_america
mangazeya,-10.0,north_asia
cubanacan,-3.0,north_america
arabi,6.0,east_africa
majanna,-4.0,australasia
torom,0.0,east_asia
cabo_verde,-2.0,south_america
epi,-8.0,pacific_islands
bakharz,4.0,central_asia
al_bijadiyah,0.0,middle_east
torbat_e_jam,10.0,central_asia
nirmal,19.0,south_asia
kimodakiwi,4.0,north_america
barking,24.0,western_europe
zemetchino,10.0,eastern_europe
heni,12.0,middle_east
hailar,6.5,east_asia
kucha,8.5,east_asia
zebak,10.0,central_asia
akto,8.0,east_asia
bornuur,0.0,east_asia
argada,-4.0,north_asia
selinti,13.25,middle_east
sreepur,31.5,south_asia
bahir_dar,10.0,east_africa
rasanga,-3.0,east_africa
hede,0.5,western_europe
uthan_uthatun,5.0,south_america
birches,-9.0,north_america
taveewach,-7.0,north_america
opiticiwan,-6.0,north_america
kedainiai,16.5,eastern_europe
krauatungalung,-5.0,australasia
umhlanga,-5.0,southern_africa
guereda,-8.0,central_africa
darmstadt,25.5,western_europe
yiyang_songzhou,27.0,east_asia
rokan,19.0,south_east_asia
chama_venezuela,2.0,south_america
paderborn,23.0,western_europe
pinanaca,-1.5,north_america
poigan,-2.0,north_america
papantla,4.0,north_america
ekab,1.0,north_america
dalaiketun,13.5,east_asia
ilirska_bistrica,15.0,eastern_europe
qishan,30.5,east_asia
balad,18.5,middle_east
windakan,-7.0,australasia
vygozero,-1.0,eastern_europe
shangdang,31.0,east_asia
slite,15.0,western_europe
talowski,-5.0,eastern_europe
tillantonco,6.0,north_america
linyi_jinan,27.0,east_asia
gangtok,17.5,south_asia
aroas,-6.0,south_america
pavagada,19.5,south_asia
kleisoura_epirus,10.0,eastern_europe
amangu,2.0,australasia
ashraf,12.0,middle_east
kambam,22.0,south_asia
yingli,21.5,east_asia
korti,4.5,east_africa
vezhakary,-6.0,north_asia
sanrao,28.25,east_asia
pitten,18.0,western_europe
roanne,18.5,western_europe
aivitok,-11.0,north_america
rio_preto,-2.0,south_america
kulfo,10.0,west_africa
yutian,31.0,east_asia
tereshkovichy,16.5,eastern_europe
navia_de_suarna,17.0,western_europe
castropol,18.5,western_europe
batagai,-6.0,north_asia
mulkhow,18.0,south_asia
barguna,22.0,south_asia
basht,18.0,middle_east
timkino,-10.0,north_asia
wenling,34.0,east_asia
yicheng_pingyang,28.0,east_asia
suoyungu,-8.0,north_asia
davyd_haradok,10.5,eastern_europe
saxop_wan_pupako,9.0,north_america
lengshuitan,33.5,east_asia
berato,-6.0,central_africa
gaoan,33.5,east_asia
pechora,-0.5,eastern_europe
washuk,10.0,middle_east
dagu_shunyuan,23.5,east_asia
ayan,-4.0,north_asia
enoree,-1.0,north_america
bukhara,19.0,central_asia
katsina,16.0,west_africa
skagen,16.0,western_europe
pozega,18.5,eastern_europe
sumba,17.0,south_east_asia
toli,6.0,central_asia
zhargalakh,-8.0,north_asia
wiener_neustadt,20.0,western_europe
divandarreh,16.0,middle_east
rtishchevo,10.5,eastern_europe
etampes,25.0,western_europe
tomarza,14.5,middle_east
weining,19.0,east_asia
st_albans,25.0,western_europe
ustra,14.0,eastern_europe
chogyal_khar,1.0,east_asia
aalborg,22.5,western_europe
chuchures,-2.0,north_america
sallanches,14.0,western_europe
hom,-6.0,southern_africa
kassanje_malemba,-3.0,central_africa
ormogang,2.5,east_asia
sorkam,13.0,south_east_asia
dumbo,4.0,central_africa
dhat_irq,-2.0,middle_east
mingtong,25.0,east_asia
boe,-3.0,south_america
jos,0.0,west_africa
mauleon_poitou,19.0,western_europe
chitradurga,17.0,south_asia
shawnee,-2.0,north_america
nanyang,34.0,east_asia
tangga,-8.0,pacific_islands
narnaul,22.0,south_asia
belluno,22.0,western_europe
haql,2.0,middle_east
guayangareo,6.0,north_america
malazgirt,11.5,eastern_europe
tenes,14.0,north_africa
begoml,15.0,eastern_europe
ghotki,21.0,south_asia
chuanzhou,29.0,east_asia
wuthathi,-8.0,australasia
tedelles,14.0,north_africa
arezzo,29.5,western_europe
messina,23.75,western_europe
thondi,22.0,south_asia
tagawa,18.0,east_asia
satawan_atoll,-7.0,pacific_islands
eggers_o,-5.5,western_europe
konski_vody,6.5,eastern_europe
jiangshan_laiyang,31.0,east_asia
gulin,27.0,east_asia
jilib,10.5,east_africa
illecillewaet,-9.0,north_america
kasan,12.0,central_asia
aseptiketiheylhets,1.0,south_america
tsila,-6.0,southern_africa
nandapur,26.0,south_asia
uivvak,-10.0,north_america
piracicaba,-2.0,south_america
heoryeong,13.5,east_asia
foggia,21.0,western_europe
gouveia,-1.0,south_america
kaipokok,-5.0,north_america
mahock,-3.0,north_america
andevoranto,-6.0,east_africa
gbepleu,-0.5,west_africa
tuma,13.5,eastern_europe
saluma,2.0,central_africa
akamba,-9.0,north_america
zhenwu,20.0,east_asia
iwol,-0.5,west_africa
roon,-11.0,pacific_islands
velletri,23.0,western_europe
huairou,24.0,east_asia
zogno,19.0,western_europe
bandar_e_anzali,23.25,middle_east
tam_dai,27.5,south_east_asia
tjimba,-8.0,southern_africa
hubek,13.0,south_east_asia
muene_ndinga,-4.0,central_africa
nataeosueti,-6.0,north_america
rzheva_pustaya,14.0,eastern_europe
takaki,20.0,east_asia
kushka,-10.0,north_asia
lahei,16.0,south_east_asia
monfort_sur_meu,21.0,western_europe
haiyuwel,-4.0,south_america
yuexi,26.0,east_asia
xiaxian,29.5,east_asia
neenowuxoote_i,-2.0,north_america
st_georgen,18.0,western_europe
ernan,11.0,middle_east
adjud,10.5,eastern_europe
sazanbay,7.0,central_asia
deva,18.5,eastern_europe
pema,12.5,east_asia
haenam,24.0,east_asia
adana,18.5,middle_east
kinge,7.0,central_africa
mashita,19.0,east_asia
mednoye,14.0,eastern_europe
hapur,28.5,south_asia
mextiacan,8.0,north_america
brandenburg,18.5,western_europe
talang_mamak,19.0,south_east_asia
daguwanalahi,1.0,north_america
monesterio,21.0,western_europe
tambaga,12.5,west_africa
itaberaba,-7.0,south_america
valday,14.0,eastern_europe
quyang,31.0,east_asia
kurtamysh,0.0,north_asia
cosrou,-5.5,west_africa
guiaquitas,-1.0,north_america
guanghua,31.5,east_asia
wabaseemong,0.0,north_america
strasbourg,30.5,western_europe
baskatong,0.0,north_america
wicocomico,-1.0,north_america
ajie,-9.0,pacific_islands
jinji,20.0,east_asia
luoyang_wenzhou,29.0,east_asia
olesno,16.0,eastern_europe
hezhong,21.0,east_asia
busk,15.0,eastern_europe
tatvan,8.0,eastern_europe
xincheng_baoding,31.0,east_asia
bahcesaray,7.0,eastern_europe
ingapu,19.5,south_east_asia
takitudu,24.0,east_asia
zik,10.0,middle_east
mucusso,-1.0,central_africa
zinder,9.0,west_africa
blain,21.0,western_europe
kelt_aiken,-6.0,south_america
zhelezin,-1.0,north_asia
arochukwu,-0.5,west_africa
ahurei,-4.0,australasia
tarhasi,29.0,south_asia
ul_kan,-3.0,north_asia
jaskis,4.5,western_europe
svir,15.0,eastern_europe
samakh,5.0,middle_east
mbaiki,-7.0,central_africa
zhuji,30.0,east_asia
ouaka,-4.0,central_africa
qiongshui,20.0,east_asia
towosaghy,2.0,north_america
pinhel,19.0,western_europe
kirsehir,14.5,middle_east
bayanaul,-5.0,north_asia
neuburg_an_der_donau,24.5,western_europe
kastelholm,16.25,western_europe
megra,7.0,eastern_europe
tire,17.0,middle_east
bakgalagadi,-8.0,southern_africa
nyarinde,-2.0,southern_africa
grobina,9.0,eastern_europe
shoqan,6.0,central_asia
schuylkill,-2.0,north_america
puding,26.5,east_asia
ust_ishim,-11.0,north_asia
kastornoye,6.0,eastern_europe
doroh,9.0,middle_east
manditsara,-1.5,east_africa
unalakleet,-8.0,north_america
dalneye_konstantinovo,14.0,eastern_europe
jachymov,15.0,western_europe
rezekne,9.0,eastern_europe
bardak,-6.0,north_asia
masulipatnam,21.5,south_asia
passo_fundo,-2.0,south_america
muang_sing,22.5,south_east_asia
massamar,20.0,western_europe
chateau_chinon,16.0,western_europe
kungarakany,-6.0,australasia
luoji,25.0,east_asia
leuchtenberg,17.0,western_europe
new_ross,19.25,western_europe
al_haddar,2.0,middle_east
uppvidinge,12.0,western_europe
unaaha,17.0,south_east_asia
isinguro,1.5,east_africa
pogamasing,-2.0,north_america
wanggika,12.5,east_asia
choyrin_datsan,0.0,east_asia
putyvl,16.5,eastern_europe
rochefort,21.0,western_europe
chinali,2.0,north_america
bhuban,24.5,south_asia
smerdyn,16.5,eastern_europe
gereshk,12.0,middle_east
olsztyn,16.0,eastern_europe
malang,22.0,south_east_asia
ostiglia,24.5,western_europe
yrgychen,-8.0,north_asia
kiyiu,6.0,north_america
waranka,2.0,south_america
lviv,24.0,eastern_europe
smolensk,27.5,eastern_europe
tongguan_yuanjiang,21.5,east_asia
nipissis,-9.0,north_america
muata_musembo,-3.0,central_africa
stafford,20.0,western_europe
hertford,27.0,western_europe
hepu,36.0,east_asia
tewo,22.0,east_asia
demyanovo,9.5,eastern_europe
tenkasi,17.0,south_asia
louhans,27.5,western_europe
api_api,11.0,south_east_asia
ogain,-7.0,southern_africa
ucaln,-3.0,south_america
coligua,7.0,north_america
aswan,25.5,north_africa
qishn,4.0,middle_east
nemby,2.0,south_america
rawdat_al_ard,0.0,middle_east
gediz,15.0,middle_east
quba,11.0,eastern_europe
cuauhchinanco,8.0,north_america
novo_alexandrovskoye,6.0,eastern_europe
sis,21.5,middle_east
al_rusayrisi,12.0,east_africa
fisque_menuco,-1.0,south_america
ningpu,28.5,east_asia
nadleh_whuten,-8.0,north_america
jeddah,7.25,middle_east
menemen,19.0,middle_east
soddo,5.5,east_africa
chandrabad,26.5,south_asia
fazughli,4.5,east_africa
taghjijt,4.0,north_africa
tlemcen,21.0,north_africa
zaachila,12.5,north_america
dir,19.0,south_asia
shixi,26.0,east_asia
remontnoye,2.0,eastern_europe
dangila,11.0,east_africa
chadobets,-8.0,north_asia
tenteksor,5.0,central_asia
shenshui,26.0,east_asia
mboma_kongo,7.0,central_africa
wuzhou,27.0,east_asia
uyun_al_jiwa,0.0,middle_east
kulmbach,21.0,western_europe
uaua,-6.0,south_america
thada,15.5,south_asia
pali,19.5,south_asia
chinantlan,4.0,north_america
vilamatsa,-6.0,east_africa
sapukaia,-1.0,south_america
gawakomitigweia,6.0,north_america
hoskitaga,-2.0,north_america
algiers,26.75,north_africa
eindhoven,24.0,western_europe
ulytau,5.0,central_asia
xichuan,26.0,east_asia
kuozhou,23.5,east_asia
tappahanna,0.0,north_america
sydybyl,-8.0,north_asia
gujrat,34.5,south_asia
kunshan,31.5,east_asia
neosho,8.0,north_america
belayan,16.0,south_east_asia
akhmim,25.5,north_africa
pegu,27.0,south_east_asia
kwigilingoq,-12.0,north_america
kolombangara,-12.0,pacific_islands
shazhou,14.0,east_asia
chirowe,4.5,central_africa
markham,12.5,east_asia
nisga_a,-10.0,north_america
tanakteuk,-5.0,north_america
kelkit,9.0,eastern_europe
cantamarca,1.0,south_america
susong,31.5,east_asia
pah_rimpi,-9.0,north_america
tintingue,-2.5,east_africa
abu_kemal,10.5,middle_east
naococane,-8.0,north_america
aays,8.0,north_america
barletta,21.0,western_europe
modos,18.5,eastern_europe
changtan,26.0,east_asia
truka,-2.0,south_america
staraya_mayna,8.5,eastern_europe
wafang,11.0,east_asia
birnin_kudu,8.0,west_africa
chenini,7.0,north_africa
maksi,26.5,south_asia
namakan,-5.0,north_america
tequesta,-10.0,north_america
montalegre,15.0,western_europe
kongwei,19.5,east_asia
kandong,8.0,south_east_asia
lingling,32.5,east_asia
mani_kikongo,1.0,central_africa
cawassiemica,-2.0,north_america
cristuru_secuiesc,16.0,eastern_europe
baqa,0.0,middle_east
mandingring,-2.5,central_africa
tamentfoust,17.25,north_africa
tilichiki,-7.0,north_asia
atzaccan,0.0,north_america
mozambique,5.75,east_africa
ilya,15.0,eastern_europe
bolshoy_cheremshan,6.0,eastern_europe
pindi_gheb,22.5,south_asia
mahoning_oh,0.0,north_america
maykop,3.0,eastern_europe
al_qatif,4.0,middle_east
soltyn,16.0,western_europe
ashca,-2.0,south_america
krasnyano,-5.0,north_asia
shaki,15.5,eastern_europe
burgdorf_emmental,19.5,western_europe
cais,-4.0,south_america
uryum,1.0,east_asia
noh_peten,6.0,north_america
villa_di_chiesa,14.0,western_europe
sincel,6.0,south_america
poitiers,27.0,western_europe
ambat,7.0,east_africa
como,24.5,western_europe
souma,26.5,east_asia
xiangru,27.5,east_asia
sonod,-2.0,east_asia
minatare,0.0,north_america
camp_po_thit,20.0,south_east_asia
katepwewi,6.0,north_america
meskousing,-5.0,north_america
alfta,4.5,western_europe
qaryat_ulya,2.0,middle_east
kesova_gora,14.0,eastern_europe
pljevlja,13.0,eastern_europe
tambusai,17.0,south_east_asia
qianlong_siming,20.0,east_asia
central_meetto,6.5,east_africa
huailai,20.0,east_asia
tcha_shka_ozhaye,4.0,north_america
bronnitsa,16.5,eastern_europe
vytegra,-3.0,eastern_europe
hinis,11.5,eastern_europe
dzata,-1.5,southern_africa
mabunda,2.0,central_africa
sain,14.0,middle_east
carmarthen,15.25,western_europe
karwar,16.5,south_asia
gazanjyk,10.0,central_asia
naasioi,-11.0,pacific_islands
fenning,26.0,east_asia
gerit,15.5,middle_east
ukek,8.5,eastern_europe
yushe,27.0,east_asia
kalocsa,23.5,eastern_europe
nonualco,5.5,north_america
aksay_pointic,2.0,eastern_europe
fuxin,14.0,east_asia
moyarta,8.5,western_europe
yingshan_shunqing,25.0,east_asia
makunda,-3.0,central_africa
bankapura,15.0,south_asia
ku,3.5,north_america
ischigualasto,5.0,south_america
borgund,9.25,western_europe
owo,-1.0,west_africa
ikuiapa,-6.0,south_america
nafka,2.0,east_africa
chateau_du_loir,23.0,western_europe
muhaukamau,-8.0,north_america
nograd,23.5,eastern_europe
karur,25.5,south_asia
taquara,-3.0,south_america
devarakonda,18.5,south_asia
naser,2.5,east_africa
tetellan,4.5,north_america
wampar,-8.0,pacific_islands
bolshevo,16.0,eastern_europe
pietalava,13.0,eastern_europe
tutuala,16.0,south_east_asia
tit,17.0,north_africa
inzia,-4.0,central_africa
sesheke,7.5,central_africa
nixi,21.0,east_asia
tamsabulag,0.0,east_asia
walnaypek,-2.25,north_america
gunwinggu,-10.0,australasia
jawor,18.0,eastern_europe
wolfsberg,17.0,western_europe
derry,12.0,western_europe
bitur,-8.0,pacific_islands
juterbog,21.0,western_europe
rognedino,15.0,eastern_europe
farkhor,12.0,central_asia
teloloapan,4.5,north_america
wielen,16.5,eastern_europe
tas_yuryakh,-4.0,north_asia
khalangsha,15.5,south_asia
pescia,31.5,western_europe
bampur,12.0,middle_east
ganja,16.5,eastern_europe
bukiyip,-8.0,pacific_islands
velbuzd,13.0,eastern_europe
rotenburg,22.0,western_europe
terralba,17.0,western_europe
shawanaga,-2.0,north_america
yinwum,-4.0,australasia
bodonch,1.0,east_asia
narhat,31.0,south_asia
baza,18.0,western_europe
cortenuova,28.0,western_europe
tiripetio,6.0,north_america
bhind,23.5,south_asia
verkhovye,14.0,eastern_europe
vilnius,24.0,eastern_europe
hutayb,7.0,middle_east
srey_sarchhor,17.5,south_east_asia
lebedyn,14.0,eastern_europe
jaminjung,-6.0,australasia
wichi,-4.0,south_america
golhisar,12.0,middle_east
restigouche,-5.0,north_america
beloe,15.5,eastern_europe
kittikas,-6.0,north_america
naledi,-8.0,southern_africa
pyras,9.5,eastern_europe
ditidaht,-5.5,north_america
taiping_jiangzhou,29.0,east_asia
caloto,1.0,south_america
bideford,20.0,western_europe
jingzhou_dorbod,-4.0,east_asia
apucarana,-2.0,south_america
pyeongchang,21.5,east_asia
jingchuan,23.0,east_asia
zhetykol,-3.0,north_asia
kandiaro,18.5,south_asia
palikur,-4.0,south_america
liubech,15.5,eastern_europe
sarikol,8.0,east_asia
astros,20.25,eastern_europe
kichmengsky_gorodok,9.0,eastern_europe
solimandungan,14.0,south_east_asia
saskatchewan,-6.0,north_america
ailuk_atoll,-7.0,pacific_islands
kaweinag,-11.0,pacific_islands
anana,21.0,western_europe
ragh,12.0,central_asia
pingjiang,28.0,east_asia
zhanggu,12.5,east_asia
konrapa,15.0,middle_east
futian,26.5,east_asia
karakol,4.0,central_asia
altinekin,13.0,middle_east
chainpur,26.5,south_asia
potsdam,21.5,western_europe
brienne,23.0,western_europe
aa_kw,-12.0,north_america
kankan,1.5,west_africa
babayevo,7.0,eastern_europe
zhending,29.0,east_asia
zhishan,20.0,east_asia
maynila,19.75,south_east_asia
vohemar,-6.0,east_africa
enselxcin,-3.0,north_america
yei,-6.0,pacific_islands
natori,20.0,east_asia
heidenheim,18.0,western_europe
nanliu,30.0,east_asia
torres_vedras,16.0,western_europe
tawakoni,8.0,north_america
botucatu,-1.0,south_america
agwarmin,-7.0,australasia
sahulau,13.0,south_east_asia
idodomya,9.0,east_africa
podkagernoye,-10.0,north_asia
unnao,34.5,south_asia
cofitachequi,1.0,north_america
mti_pa,-0.5,north_america
thoa,-11.0,north_america
nutel_gyrgym,-7.0,north_asia
recklinghausen,19.0,western_europe
ibusuki,21.0,east_asia
julau,16.0,south_east_asia
wumeng,29.5,east_asia
awastara,1.5,north_america
tahuunde,0.0,north_america
montauban,25.5,western_europe
tammisha,10.0,middle_east
gutian,29.5,east_asia
tongxu,32.0,east_asia
menghai,21.5,east_asia
adigrat,1.0,east_africa
tamazula,5.5,north_america
sansanding,11.5,west_africa
nambikuara,-6.0,south_america
kagizman,7.5,eastern_europe
pailon,6.0,south_america
macon,22.5,western_europe
kalamansig,7.0,south_east_asia
silves,22.5,western_europe
oldenzaal,17.0,western_europe
miastko,16.0,western_europe
ynakh,-11.0,north_asia
itaba,1.0,north_america
orkhon,5.5,east_asia
goju,14.0,east_asia
baofeng,34.0,east_asia
kinabatangan,11.0,south_east_asia
gondokoro,9.5,east_africa
palada,7.0,eastern_europe
comana_cil,11.0,middle_east
hoi,28.5,east_asia
krasnoufimsk,5.5,eastern_europe
kiamika,0.0,north_america
linhe,25.5,east_asia
ar_rukai,2.0,middle_east
dak_lak,16.0,south_east_asia
thaungdut,22.5,south_east_asia
wimihsoorita,6.0,north_america
xicaltepec,5.0,north_america
akyab,19.5,south_east_asia
amdoukal,9.0,north_africa
gubbio,21.0,western_europe
makonde,6.5,east_africa
melenudo,8.0,north_america
chullac,1.0,south_america
molevon,12.0,middle_east
inqua,-5.0,southern_africa
soko_grad,12.5,eastern_europe
churajon,1.0,south_america
croatan,-3.5,north_america
megrino,7.0,eastern_europe
rongshui,21.5,east_asia
wakefield,15.0,western_europe
talmont,21.0,western_europe
satingpura,17.0,south_east_asia
fryvaldov,13.0,eastern_europe
raybag,19.0,south_asia
hoachanas,-6.0,southern_africa
koshkonong,1.0,north_america
zutphen,26.0,western_europe
zagreb,22.5,eastern_europe
kotovo,2.0,eastern_europe
parthenay,19.0,western_europe
lebus,19.5,western_europe
altafjord,-6.5,western_europe
xinye,34.5,east_asia
tapiete,-5.0,south_america
selimbau,11.0,south_east_asia
huaihua,25.5,east_asia
onon,2.5,east_asia
gbabiri,-3.5,central_africa
alamance,1.0,north_america
yucucui,7.0,north_america
basand,9.0,central_asia
cania,0.0,south_america
xianning,29.0,east_asia
dowzdab,9.0,middle_east
geertruidenberg,21.5,western_europe
rohri,18.5,south_asia
koilkonda,17.0,south_asia
zemlungrad,11.0,eastern_europe
kelich,-3.0,eastern_europe
gamberre,-5.0,australasia
maradah,9.0,north_africa
noadihang,18.5,south_asia
portalegre,19.5,western_europe
dajal,22.5,south_asia
siret,10.0,eastern_europe
soscumica,-6.0,north_america
vidak,7.0,south_east_asia
qalai_khumb,12.0,central_asia
huachi,20.0,east_asia
xupu,25.5,east_asia
agoo,7.0,south_east_asia
kiskissink,-3.0,north_america
villalpando,17.0,western_europe
bindal,-7.0,australasia
taskayevo,-6.0,north_asia
kutema_museya,-3.0,central_africa
kempendyai,-8.0,north_asia
bodrog,20.5,eastern_europe
ternivka,6.0,eastern_europe
ash_shaqiqah,5.0,middle_east
manyas,19.0,middle_east
tuckahoe,-3.0,north_america
kharan,10.0,middle_east
mau_jaunpur,32.0,south_asia
milwat,30.5,south_asia
motutunga_atoll,-7.0,pacific_islands
changli,33.5,east_asia
yareba,-11.0,pacific_islands
mardanaqom,18.5,middle_east
bonn,24.5,western_europe
ayo_ayo,5.0,south_america
tala_mugongo,-3.0,central_africa
ranua,-0.5,western_europe
humar,10.5,east_asia
ausa,22.0,south_asia
insaombi,0.0,north_america
bantayan,17.0,south_east_asia
mesquite,-1.0,north_america
castellaun,20.5,western_europe
cotapampa,3.0,south_america
walangama,-6.0,australasia
elsiktuk,-1.0,north_america
chi_la,21.5,south_east_asia
hiambouli,22.0,eastern_europe
rozhyshche,16.5,eastern_europe
lectoure,25.5,western_europe
picchu,7.0,south_america
anipitapiskow,-9.0,north_america
ikkatuluk,-8.0,north_america
juchatengo,8.5,north_america
kytryn,-10.0,north_asia
comacchio,27.0,western_europe
abadeh,10.0,middle_east
chaiyaphum,21.5,south_east_asia
herat,21.0,central_asia
siyara,4.0,east_africa
alba_iulia,20.5,eastern_europe
xiaogan,31.0,east_asia
kaip_ata,7.0,central_asia
lanzhou_kelan,27.0,east_asia
mukomuko,17.0,south_east_asia
tikigaksuagusik,-8.0,north_america
kweneng,1.0,southern_africa
juniata,-3.0,north_america
ocotepec,5.0,north_america
kettering,22.0,western_europe
mueng_fa_daet,21.5,south_east_asia
friedberg_hesse,23.0,western_europe
hochelaga,1.0,north_america
sapelo,-4.0,north_america
minna,2.0,west_africa
saint_paul_river,-0.5,west_africa
kuna,3.0,south_america
taunga_tauranga_atoll,-7.0,pacific_islands
wenatchi,-3.0,north_america
basti,30.5,south_asia
isafjordur,-1.25,western_europe
kyburg,22.5,western_europe
utena,8.0,eastern_europe
krupnik,14.0,eastern_europe
kormend,19.0,eastern_europe
chalandritsa,20.0,eastern_europe
kanchipuram,22.0,south_asia
goleniow,14.5,western_europe
medina_de_rioseco,17.0,western_europe
niikawa,21.0,east_asia
lukana,-3.0,central_africa
matane,-5.0,north_america
pictou,0.25,north_america
garu,1.0,south_america
luchuan,25.0,east_asia
damaturu,9.0,west_africa
salcha,-6.0,north_america
acoroazes,-2.0,south_america
larrakia,-8.0,australasia
kula,19.0,middle_east
glogow,23.5,eastern_europe
smolyan,14.0,eastern_europe
ferrol,24.0,western_europe
meisenheim,18.0,western_europe
madi,7.5,east_africa
kennebec,0.0,north_america
mamachatpam,-3.0,north_america
mahoning,-5.0,north_america
headdhetanwan,9.0,north_america
falaise,21.0,western_europe
stxtilusten,-5.0,north_america
kedun,0.0,east_asia
bridlington,18.0,western_europe
bogatoye,8.5,eastern_europe
glossop,15.0,western_europe
alytus,11.5,eastern_europe
angwa,1.0,southern_africa
pedraza,16.0,western_europe
odorhei,17.0,eastern_europe
luling,29.5,east_asia
kyulekyan,-6.0,north_asia
schaffhausen,22.5,western_europe
izumo,24.0,east_asia
kouande,2.0,west_africa
slawno,19.0,western_europe
le_puy,20.0,western_europe
zell_am_ziller,20.0,western_europe
dungene,6.0,central_asia
siberia_abalak,-11.0,north_asia
baoning,27.0,east_asia
le_mans,21.0,western_europe
lieka,6.0,east_africa
lavaur,24.0,western_europe
bishreit,0.0,east_asia
nigde,12.0,middle_east
zhenxi,18.0,east_asia
ounianga,5.0,west_africa
marseille,29.75,western_europe
borun,-7.0,south_america
xuzhou,35.5,east_asia
ekityki,-11.0,north_asia
jianshui,22.5,east_asia
burdekin,-7.0,australasia
kureinji,-1.0,australasia
sarov,11.0,eastern_europe
mangrol,21.5,south_asia
luuq,9.5,east_africa
kuttawa,2.0,north_america
tansen,25.5,south_asia
yamanashi,24.0,east_asia
tone,21.0,east_asia
pal_lahara,24.5,south_asia
beloozero,9.5,eastern_europe
bathinda,24.0,south_asia
kaluga,16.5,eastern_europe
mabian,23.0,east_asia
conwy,10.0,western_europe
kuyul,-10.0,north_asia
barabhum,29.0,south_asia
vempalle,23.5,south_asia
brody_tver,16.5,eastern_europe
zhuanghe,21.0,east_asia
gunza_anbamba,2.0,central_africa
lushan,34.0,east_asia
puchacay,13.0,south_america
paranaidji,-3.0,south_america
kundjeymi,-9.0,australasia
al_mardamah,0.0,middle_east
camerino,16.0,western_europe
kesan,26.5,eastern_europe
dundee,20.5,western_europe
guixi_guangxin,27.5,east_asia
tamazaghrane,19.0,north_africa
teulinchan,3.0,north_america
sokal,15.0,eastern_europe
uwa,21.0,east_asia
nooksack,-1.0,north_america
mologa,18.5,eastern_europe
hosap,7.0,eastern_europe
nevsehir,17.5,middle_east
hamar,12.5,western_europe
tangkhay,-8.0,north_asia
okeechobee,-8.0,north_america
tokunoshima,9.0,east_asia
stanimaka,17.0,eastern_europe
guamontey,6.0,south_america
porto_turvo,-2.0,south_america
limilngan,-9.0,australasia
saratoga,-1.0,north_america
waidhofen_an_der_thaya,19.0,western_europe
ngada,17.0,south_east_asia
khunzakh,10.0,eastern_europe
sofala,3.0,southern_africa
foca,19.75,middle_east
suau,-11.0,pacific_islands
kiri_kere,-4.0,south_america
naran,-4.0,east_asia
chianouske,1.0,north_america
muskingum,0.0,north_america
south_letota,-0.5,central_africa
manavgat,16.0,middle_east
zamora,21.5,western_europe
chamo,1.5,southern_africa
prakkad,17.0,south_asia
el_fahs,12.0,north_africa
wabamun,-2.0,north_america
otlaquiquixtla,7.0,north_america
orayvi,-2.0,north_america
tignere,-6.5,central_africa
bayburt,11.5,eastern_europe
qianyang_yuanzhou,24.5,east_asia
katima,-3.5,central_africa
duchang,29.0,east_asia
staraya_zima,-0.5,north_asia
can,13.0,middle_east
pangu,10.5,east_asia
pont_audemer,25.5,western_europe
daban,-6.0,north_asia
nagatinong,0.0,north_america
joara,-2.0,north_america
jiajin,5.5,east_asia
vacacai,4.0,south_america
wapiskau_sk,-11.0,north_america
izumi,29.0,east_asia
dagon,24.5,south_east_asia
birjand,10.0,middle_east
omo,4.5,east_africa
tahanea_atoll,-6.0,pacific_islands
kumak,7.0,central_asia
kosiv,9.0,eastern_europe
bistrita,17.0,eastern_europe
mudburra,-4.0,australasia
passu,14.0,south_asia
kulada,19.0,south_asia
pangkalan_kerinci,19.0,south_east_asia
sanaga,-8.5,central_africa
sadeng,20.0,south_east_asia
qiaojia,25.0,east_asia
he_sapa,1.0,north_america
guentota,5.0,south_america
oyo_ile,9.0,west_africa
singorgarh,25.0,south_asia
muruam,5.5,north_america
nuurvik,-4.0,north_america
gerik,16.0,south_east_asia
uhun,-8.0,north_asia
misekumaw,-6.0,north_america
bumbe,-4.0,central_africa
xerente,-3.0,south_america
agadez,3.0,west_africa
nong_bua_lamphu,19.0,south_east_asia
bielefeld,23.5,western_europe
xiankang,29.0,east_asia
qingyang,29.0,east_asia
danli,1.5,north_america
fushi,20.0,east_asia
cuttawba,2.0,north_america
uatuma,-6.0,south_america
cotrone,24.0,western_europe
monteleone,21.0,western_europe
oskemen,0.0,north_asia
landau_rhineland,24.0,western_europe
yuancheng,31.5,east_asia
sadiya,21.5,south_asia
prabumulih,19.0,south_east_asia
katara,-2.0,central_africa
azemmour,19.0,north_africa
natalkai,-11.0,north_america
cumana,-4.0,south_america
pathankot,30.5,south_asia
rimini,33.0,western_europe
hefei,32.0,east_asia
pattani,18.25,south_east_asia
kaiyuan_warka,5.0,east_asia
sivas,20.5,middle_east
nongan,13.0,east_asia
barom,8.5,east_asia
stoke,18.0,western_europe
batamay,-6.0,north_asia
tchitogama,-9.0,north_america
kla_rome_ko,1.0,south_america
auccapana,7.0,south_america
tangir,14.5,south_asia
chateauroux,19.0,western_europe
chingetti,5.0,west_africa
tongcheng_anqing,30.0,east_asia
atsugewi,-5.0,north_america
cuddapah,20.5,south_asia
kociihsasiipi,1.0,north_america
ailinglaplap_atoll,-7.0,pacific_islands
munster,23.0,western_europe
kotto,-6.0,central_africa
choluteca,1.5,north_america
unkagarit,-7.0,north_america
huliaipole,6.0,eastern_europe
rigyal,5.5,east_asia
zhangming,29.0,east_asia
vanak,12.0,middle_east
nikolskoye_pontic,2.5,eastern_europe
daye,28.5,east_asia
sarnen,14.0,western_europe
burao,4.0,east_africa
iglunga,-7.0,north_america
winyah,1.0,north_america
kandiyohi,4.0,north_america
wau,7.5,east_africa
chayygda,-8.0,north_asia
imsil,21.0,east_asia
bayan_ula,6.5,east_asia
guwa,-4.0,australasia
manihi_atoll,-7.0,pacific_islands
charchan,8.0,east_asia
abacoa,-8.0,north_america
izium,8.5,eastern_europe
sultanpur_uttar_pradesh,34.0,south_asia
mapa,5.75,eastern_europe
ngarinman,-4.0,australasia
klewi,-11.0,north_america
corneto,22.0,western_europe
georgievskoye,2.0,eastern_europe
voitsberg,17.0,western_europe
guhlkahende,2.0,north_america
nazran,16.5,eastern_europe
itapicuru,-1.0,south_america
kuthant,-3.0,australasia
sopron,19.0,eastern_europe
zharzhan,-11.0,north_asia
khairpur,22.5,south_asia
kohala,-8.0,pacific_islands
cles,18.0,western_europe
tsudaka,24.0,east_asia
buryeong,10.0,east_asia
qingtai,32.0,east_asia
manikdrug,16.5,south_asia
ghassasa,14.0,north_africa
vergato,23.0,western_europe
cikakw_sipi,-5.0,north_america
pingdian,22.5,east_asia
roncesvalles,16.0,western_europe
tongchuan_dazhou,27.0,east_asia
sebuyau,9.0,south_east_asia
ulan_us,5.0,east_asia
lewis,2.0,western_europe
aya,27.0,east_asia
nema,5.0,west_africa
yiwu,32.0,east_asia
jiaha,26.0,east_asia
sanju,4.0,east_asia
aconchi,-2.0,north_america
sakitawahk,-6.0,north_america
gucheng_zhending,27.0,east_asia
maquatua,-7.0,north_america
kapela,2.0,central_africa
tayaccasa,7.0,south_america
tupinamba,-11.0,south_america
itaitu,-8.0,south_america
cherbourg,26.75,western_europe
qaminis,11.0,north_africa
nyangumarda,-8.0,australasia
hurunui,-5.0,australasia
brasov,19.0,eastern_europe
uriparacoxi,-3.0,north_america
guangling,25.0,east_asia
kombolcha,6.0,east_africa
xiica_xnaai_iic_coii,1.0,north_america
tajpur,32.0,south_asia
turov,10.5,eastern_europe
kichiga,-10.0,north_asia
yupu,1.0,north_america
bursol,-1.0,north_asia
abare_i,-1.0,south_america
misima,-8.0,pacific_islands
chaumont_vexin,27.5,western_europe
mstsislaw,16.0,eastern_europe
arran,5.25,western_europe
qinan,21.0,east_asia
mabveni,1.0,southern_africa
aresh,12.5,eastern_europe
fengchuan,22.5,east_asia
masolian,1.0,north_america
chilca,1.0,south_america
gudur,22.0,south_asia
keniergyn,-5.5,north_asia
heqing,19.5,east_asia
nipigon,0.0,north_america
wuchuan_huazhou,27.0,east_asia
kythira,18.25,eastern_europe
nenana,-3.0,north_america
narmashir,10.0,middle_east
kasriskari,10.0,eastern_europe
banda,29.5,south_asia
mardehek,9.0,middle_east
trebinje,14.0,eastern_europe
wotjobaluk,-3.0,australasia
vijaygarh,27.5,south_asia
brak,9.0,north_africa
lincoln,24.0,western_europe
tanimuu,8.0,north_america
zhuxi,25.5,east_asia
yangzhou,23.5,east_asia
kennebango,-4.0,north_america
heves,21.5,eastern_europe
el_ayum,6.0,east_africa
lhagang,10.0,east_asia
ostrogozhsk,8.5,eastern_europe
apt,21.5,western_europe
teplyk,15.5,eastern_europe
kocevje,15.0,eastern_europe
kuska,-2.0,south_america
aulnay,25.0,western_europe
dehtal,10.0,middle_east
ebelyakh,-5.0,north_asia
iriomote,6.0,east_asia
lukulunga,-1.0,central_africa
guajobos,6.0,south_america
santa_cruz_islands,7.0,south_america
osterburg,21.5,western_europe
appomattox,1.0,north_america
longyang,26.5,east_asia
tatrang,8.0,east_asia
ha_va_nguon,14.0,south_east_asia
ravenna,25.5,western_europe
wuyuan_nanning,26.0,east_asia
namew,-8.0,north_america
krishnagiri,19.0,south_asia
phanom_rung,19.0,south_east_asia
nadym,-10.0,north_asia
ihkowom_iyo_he,-2.0,north_america
penatuka,4.0,north_america
linge,13.0,south_east_asia
novi,24.0,western_europe
janakpur,27.0,south_asia
mahu,25.0,east_asia
venafro,18.0,western_europe
mengding,19.0,east_asia
oropesa,17.5,western_europe
tlapacoyan,9.0,north_america
moskwawakwa,8.0,north_america
mayeye,8.0,north_america
mansinha,-3.0,south_america
uele,-12.0,north_asia
monasukapanough,-2.0,north_america
koop_ticutta,-11.0,north_america
kamla,17.5,south_asia
boiken,-3.0,pacific_islands
bunratty,13.5,western_europe
yo_loy,4.0,north_america
hengshui,22.0,east_asia
shahjahanpur,32.0,south_asia
kadugli,3.0,east_africa
carrickbeg,11.0,western_europe
sangju,23.5,east_asia
anaa,1.0,east_asia
ilovlya,2.5,eastern_europe
wasit,11.5,middle_east
yunyung_khaya,-5.0,north_asia
toyon_ary,-8.0,north_asia
song_khwae,17.5,south_east_asia
muang_phuan,14.0,south_east_asia
bitterroot,-3.0,north_america
edfu,25.5,north_africa
abimatinu,0.0,north_america
prainha,-11.0,south_america
slunj,10.0,eastern_europe
igdir,12.5,eastern_europe
asni,30.5,south_asia
rander,22.5,south_asia
dagana,5.5,west_africa
yalamlam,0.0,middle_east
visegrad,11.0,eastern_europe
awad_bing,-12.0,pacific_islands
helmstedt,19.0,western_europe
sardasht,13.0,middle_east
konigsberg,23.0,eastern_europe
pallachacola,1.0,north_america
raumo,11.5,western_europe
mbwela_kabango,1.0,central_africa
kuje,1.5,west_africa
irtysh,-11.0,north_asia
bobaka,-6.0,central_africa
wandu,-4.0,central_africa
feixian,31.0,east_asia
mikhaylovka,6.0,eastern_europe
quigualtam,-3.0,north_america
yiliang,21.5,east_asia
talavera_de_la_reina,17.5,western_europe
educhanka,-7.5,north_asia
konin,17.0,eastern_europe
bolvadin,15.0,middle_east
tsaparang,5.5,east_asia
st_sauveur,16.0,western_europe
biberach,20.0,western_europe
kelyuyekyan,-11.0,north_asia
namana,-8.0,north_asia
miyoshi,21.0,east_asia
zhijin,22.5,east_asia
monadnock,-3.0,north_america
cuyuxquihui,4.0,north_america
angoram,-6.0,pacific_islands
bay,11.0,south_east_asia
falkoping,16.0,western_europe
balbalan,10.0,south_east_asia
martos,15.0,western_europe
panyu,33.5,east_asia
neufchateau_des_vosges,23.0,western_europe
padang,13.0,south_east_asia
kanoashi,20.0,east_asia
ngarinyin,-7.0,australasia
arop,-8.0,pacific_islands
inje,19.0,east_asia
cenxi,20.0,east_asia
granite,-6.0,north_america
kariri,-4.0,south_america
walichi,-7.0,north_america
boiaca,4.0,south_america
naples,37.75,western_europe
lutava,18.5,eastern_europe
kitamorokata,22.0,east_asia
ann,17.0,south_east_asia
agula,9.0,east_africa
askino,5.5,eastern_europe
veliky_beckerek,15.5,eastern_europe
locarno,14.0,western_europe
shabash,-11.0,north_asia
nmejuaqnek,-2.0,north_america
merseburg,21.5,western_europe
biram,9.0,west_africa
fanxian,33.0,east_asia
anacopia,11.0,eastern_europe
toli_toli,14.0,south_east_asia
valence,28.5,western_europe
moana_mussumba,-1.0,central_africa
hingoog,8.0,south_east_asia
tlacalahuastla,6.0,north_america
mistinatwayasu,-5.0,north_america
kaabu,1.5,west_africa
sevilla,39.0,western_europe
oozato,11.5,east_asia
qianyang,21.0,east_asia
phulia,17.0,south_asia
yaguari_guazu,4.0,south_america
lliria,22.0,western_europe
kara,30.5,south_asia
barotse_kongo,7.5,central_africa
attaock,1.0,north_america
islamgarh,15.0,south_asia
sosola,3.0,north_america
malinalco,6.0,north_america
zarzis,12.25,north_africa
gallipoliita,22.0,western_europe
lahaina,-8.0,pacific_islands
sylhet,21.0,south_asia
ulug,4.5,east_asia
likiep_atoll,-7.0,pacific_islands
dondykar,-0.5,eastern_europe
shikashin,7.0,central_asia
saharsa,25.5,south_asia
batuco,4.0,north_america
shee_t_ika,-12.0,north_america
bandogarh,24.5,south_asia
chiripa,1.0,south_america
nisenan,-4.0,north_america
pingyao,25.0,east_asia
rothenburg,24.0,western_europe
sonamiani,15.25,middle_east
maasai,-0.5,east_africa
kocani,11.0,eastern_europe
braila,7.5,eastern_europe
semalembue,4.5,central_africa
manmaw,24.5,south_east_asia
bologna,36.0,western_europe
huamelula,4.0,north_america
mamiya_kala,12.5,eastern_europe
kashaya,-5.0,north_america
tarmatambo,1.0,south_america
berceto,19.0,western_europe
kamimbe,4.5,central_africa
sohrevard,11.0,middle_east
ye,17.0,south_east_asia
prudy,18.5,eastern_europe
shaowu,30.5,east_asia
noul_lamta,13.0,north_africa
rigan,10.0,middle_east
nacao,9.0,north_america
nagaur,17.0,south_asia
kazym,-11.0,north_asia
banan,27.5,east_asia
ramgar,15.0,south_asia
tolna,16.5,eastern_europe
agramunt,18.0,western_europe
yessentuq,4.0,eastern_europe
songzi,31.5,east_asia
kutina,18.5,eastern_europe
guihua,22.0,east_asia
ngasingu,19.5,south_east_asia
kiyl,5.0,central_asia
kumanovo,17.5,eastern_europe
griekwastad,-3.0,southern_africa
yizhang,32.5,east_asia
huacatambo,6.0,south_america
siguenza,16.0,western_europe
trowulan,34.0,south_east_asia
pembar,6.5,east_asia
weiz,20.0,western_europe
kawich,-9.0,north_america
randers,18.0,western_europe
zenzevatka,2.5,eastern_europe
litang,14.0,east_asia
hounde,12.0,west_africa
macclesfield,15.0,western_europe
apure,-1.0,south_america
brihuega,17.0,western_europe
baia_de_aries,14.0,eastern_europe
kariwa,22.0,east_asia
lakitusaki,-12.0,north_america
jinxian,31.5,east_asia
sundergarh,22.0,south_asia
lichtenberg_veldenz,18.0,western_europe
pitlyar,-10.0,north_asia
mogilev,16.5,eastern_europe
sholakkorgan,11.0,central_asia
mengdong,19.0,east_asia
salem,14.0,south_asia
manhuacu,-2.0,south_america
kongal_boyal,2.0,australasia
machang,19.5,east_asia
kamouraska,-2.0,north_america
dzogon,12.5,east_asia
magadan,-7.0,north_asia
apyawa,-4.0,south_america
atach,11.0,central_asia
cuijk,26.5,western_europe
kenderli_kayasan,7.0,central_asia
huacrachuco,7.0,south_america
wawassan,-1.0,north_america
funza,3.0,south_america
vosporo,7.75,eastern_europe
leshou,24.0,east_asia
nahanni,-6.0,north_america
kouate,-3.0,north_america
katrawunletuayin,1.0,south_america
inuviq,-10.0,north_america
rairangpur,27.0,south_asia
tugur,10.0,east_asia
oppdal,-1.0,western_europe
tronka_chua,-11.0,north_america
quban,5.25,middle_east
lyakhovichy,16.5,eastern_europe
iswa,1.0,north_america
tomsk,-6.0,north_asia
altamaha,1.0,north_america
khalzan_shireg,-4.0,east_asia
okak,-10.0,north_america
sretenskoe,9.0,central_asia
inaka,17.5,east_asia
garengaze,-1.0,central_africa
pubungu,2.5,east_africa
petrinja,13.5,eastern_europe
cotnari,11.0,eastern_europe
khalkh,3.0,east_asia
haditha,10.5,middle_east
louviers,25.5,western_europe
al_hisu,0.0,middle_east
ashuanipi,-13.0,north_america
pakil,8.0,south_east_asia
ijnapuigosode,-4.0,south_america
mandali,12.0,middle_east
canela_apanyekra,-4.0,south_america
lavenham,23.0,western_europe
preah_ko,20.5,south_east_asia
kimra,18.5,eastern_europe
lecce,24.0,western_europe
takht_e_soleyman,14.0,middle_east
lumnanas,-5.0,south_america
dingyuan_chuxiong,19.0,east_asia
tuxpan,4.0,north_america
wittlich,20.5,western_europe
simmi,6.0,east_asia
ginoogaming,-6.0,north_america
manguenzo,-4.0,central_africa
maimbung,11.0,south_east_asia
tuolomne,-4.0,north_america
al_thamad,2.0,middle_east
vanyume,-10.0,north_america
otnabog,1.0,north_america
yiiji,-6.0,australasia
mustinka,4.0,north_america
kalay,-3.0,eastern_europe
belik,18.0,eastern_europe
nagorsk,-0.5,eastern_europe
droge,5.0,east_asia
sarapul,5.5,eastern_europe
kinusheo,-12.0,north_america
istakhr,13.0,middle_east
boalemo,17.0,south_east_asia
bolekhiv,14.0,eastern_europe
severin,11.5,eastern_europe
staroye,-1.0,north_asia
bir_amur,11.5,east_asia
alpo_wa,-5.0,north_america
barnaul,0.0,north_asia
kalam,24.5,south_asia
dieribakoro,12.5,west_africa
semyonov,13.0,eastern_europe
poltsamaa,14.0,eastern_europe
gerze,17.5,middle_east
pawwikamsipi,2.0,north_america
rio_grande,-3.5,west_africa
qaleh_ganj,12.0,middle_east
viana,25.0,western_europe
obaska,0.0,north_america
cheringoma,-1.0,southern_africa
isumi,25.0,east_asia
taximaroa,9.5,north_america
pacolate,1.0,north_america
sterlitamak,6.5,eastern_europe
tatal,0.0,south_america
burgo_de_osma,21.0,western_europe
qingliu_chuzhou,30.0,east_asia
noto_jap,25.0,east_asia
curitibanos,-3.0,south_america
kyr_uzkand,12.0,central_asia
buganda,2.5,east_africa
chindre,-5.5,southern_africa
haorangi_atoll,-7.0,pacific_islands
redon,21.0,western_europe
capotigamau,-9.0,north_america
jerantut,16.0,south_east_asia
chandrawip,19.5,south_asia
kunovat,-10.0,north_asia
vetlitsy,14.0,eastern_europe
kupiansk,6.0,eastern_europe
central_dahalo,3.5,east_africa
maksatikha,16.5,eastern_europe
tlayolan,9.0,north_america
aunona,-5.0,north_america
touggourt,9.0,north_africa
saryazd,11.0,middle_east
baniachang,16.5,south_asia
kholmogory,-2.5,eastern_europe
chezdi_osorheiu,17.0,eastern_europe
sogut,13.5,middle_east
chengmai,26.5,east_asia
mihalt,10.5,eastern_europe
goris,9.5,eastern_europe
caratinga,-2.0,south_america
arkat,-1.0,north_asia
yinshan,22.5,east_asia
karokh,15.0,central_asia
guiling,22.5,east_asia
argas,-11.0,north_asia
jinghai_tongzhou,32.0,east_asia
raisin,29.5,south_asia
langan,12.0,south_east_asia
lhuntsi,16.5,south_asia
suraz,15.0,eastern_europe
xinyi,33.5,east_asia
chalninsky_pochinok,5.5,eastern_europe
kermanshah,25.0,middle_east
aekyom,-6.0,pacific_islands
teiehonwahkhkwatha,0.0,north_america
gokak,19.0,south_asia
kayabi,-9.0,south_america
wight,24.0,western_europe
muli,12.5,east_asia
similkameen,-10.0,north_america
daule,9.0,south_america
teayotlan,4.0,north_america
kayambi,5.0,south_america
lubica,15.0,eastern_europe
chakangrao,22.5,south_east_asia
ambrym,-11.0,pacific_islands
kananmituk,-12.0,north_america
emet,14.0,middle_east
hamburg,29.25,western_europe
mweru,-1.0,central_africa
cussate,1.0,north_america
qar_ka_la,4.0,south_america
jining,18.0,east_asia
pravaya_khetta,-10.0,north_asia
guizhou_xunzhou,20.5,east_asia
dinar,15.0,middle_east
sangar,-11.0,north_asia
devol,16.0,eastern_europe
pinerolo,22.0,western_europe
araicuahita,3.0,south_america
bonifacio,13.25,western_europe
puqi,29.5,east_asia
thai_binh,24.5,south_east_asia
mississinewa,1.0,north_america
wolastoq,-3.0,north_america
salgotarjan,19.0,eastern_europe
miyazaki,17.0,east_asia
jeminay,7.5,east_asia
dsun,1.0,east_asia
ivanpah,-10.0,north_america
huarmey,1.0,south_america
vodlozero,-3.0,eastern_europe
sporades,11.0,eastern_europe
ajayameru,25.5,south_asia
guozhou,27.0,east_asia
cahuachi,-1.0,south_america
tangyi,27.0,east_asia
pewjeg,-5.0,north_america
avranches,16.0,western_europe
mictlan,10.0,north_america
al_abwa,2.0,middle_east
klikitat,-5.0,north_america
altena,14.0,western_europe
khuchni,11.0,eastern_europe
donge,33.5,east_asia
poso,14.0,south_east_asia
teutila,6.0,north_america
qollaxalec,1.0,south_america
kingston,28.0,western_europe
tahe,7.5,east_asia
kaynar_atbai,-5.0,north_asia
leshongwane,-1.0,southern_africa
nuzket,11.0,central_asia
tinputz,-8.0,pacific_islands
dourbali,-4.0,central_africa
oryahovo,16.5,eastern_europe
montreux,18.5,western_europe
tantan,11.0,north_africa
kyaukkyi,18.5,south_east_asia
erromango,-11.0,pacific_islands
ninghua_tingzhou,29.5,east_asia
sion,15.5,western_europe
ziro,15.0,south_asia
shake_kongo,-6.0,central_africa
assens,16.0,western_europe
guandacol,4.0,south_america
hetu_ala,18.0,east_asia
uppsala,19.0,western_europe
perbatasan,17.0,south_east_asia
nakhon_sawan,22.5,south_east_asia
ramsis,25.0,north_africa
wetewatoqsik,3.0,north_america
kahnuj,12.0,middle_east
aurich,14.0,western_europe
monterado,14.0,south_east_asia
pleszew,16.0,eastern_europe
bozok_astana,-1.0,north_asia
mubarakabad,17.0,middle_east
kashan,10.0,middle_east
sdok_kok_thom,21.5,south_east_asia
norridgewock,0.0,north_america
chitagaes,-5.0,south_america
madila,9.0,north_africa
mempawah,14.0,south_east_asia
fushan_jiaozhou,28.5,east_asia
krasny,20.5,eastern_europe
loughborough,20.0,western_europe
oshika,22.0,east_asia
shargyn_gobi,-4.0,east_asia
pama,12.5,west_africa
adachi,17.0,east_asia
nagod,27.0,south_asia
pont_douilly,23.0,western_europe
shaharah,7.0,middle_east
shenwu,26.0,east_asia
thlewiaza,-11.0,north_america
cateel,7.0,south_east_asia
lisle_jourdain,23.0,western_europe
beqa_lagoon,-7.0,pacific_islands
bagh,-4.0,east_asia
tixi,21.0,east_asia
negroponte,20.0,eastern_europe
nancy,25.5,western_europe
halesi,25.5,south_asia
tryavna,10.0,eastern_europe
evinayong,-9.0,central_africa
tala_mx,10.0,north_america
qazvin,15.0,middle_east
acqui,21.0,western_europe
raciborz,23.0,eastern_europe
kitchissippi,0.0,north_america
nishimatsuura,19.0,east_asia
tizounine,8.0,north_africa
chilchi,-2.0,north_asia
pingli,20.0,east_asia
fas_papua,-8.0,pacific_islands
appamatuck,-1.0,north_america
udon_thani,17.0,south_east_asia
zhengan,19.0,east_asia
shioya,24.0,east_asia
abomey,1.5,west_africa
nowoszczecin,16.0,western_europe
molins,23.5,western_europe
ashmyany,17.0,eastern_europe
gromatukha,11.5,east_asia
taikang,32.0,east_asia
dejiang,22.5,east_asia
trancoso,19.5,western_europe
shenyang,25.5,east_asia
khash,8.0,middle_east
caminigas,-4.0,south_america
kashkarantsy,-7.0,western_europe
regensburg,28.5,western_europe
xintian,20.0,east_asia
wallenpaupack,-4.0,north_america
ansai,20.0,east_asia
tollohcan,11.0,north_america
tlacopan,16.0,north_america
tonggu,24.0,east_asia
sagzabad,12.0,middle_east
bonga,5.0,east_africa
rumbek,2.5,east_africa
east_yao,6.5,east_africa
kreminna,8.5,eastern_europe
sobaipuri,-2.0,north_america
namaqua,-9.0,southern_africa
south_shirima,4.5,east_africa
badiraguato,6.5,north_america
cupilco,1.5,north_america
kerki,5.0,central_asia
narsipur,20.5,south_asia
napo,4.0,south_america
changxing,34.0,east_asia
alghero,18.25,western_europe
gongan,26.0,east_asia
ivalo,2.5,western_europe
bobangi,-11.0,central_africa
minisink,-3.0,north_america
somaleh,16.5,middle_east
alamganj,32.0,south_asia
jinchang,12.0,east_asia
yizhou_jinzhou,13.0,east_asia
novo_brdo,12.0,eastern_europe
chekurovka,-5.0,north_asia
froso,-0.5,western_europe
dongan_yongzhou,23.0,east_asia
ononio_he,-2.0,north_america
marienstern,21.0,western_europe
hanzawa,29.5,east_asia
kisenge,-1.0,central_africa
nenying,5.0,east_asia
dzithinahnde,0.5,north_america
subi_islands,17.0,south_east_asia
deren,8.5,east_asia
taubate,-2.0,south_america
longford,18.0,western_europe
kisiskaciwani_sipiy,-4.0,north_america
king_hill,-5.0,north_america
dererri,-2.0,north_america
kecskemet,19.0,eastern_europe
chiprac,4.0,south_america
kaxa_marca,7.0,south_america
kozhevnikovo,-6.0,north_asia
vognema,9.5,eastern_europe
santo_antonio,-2.0,south_america
dibabawon,11.0,south_east_asia
bochum,19.0,western_europe
apahtoksipisskan,6.0,north_america
msassa,-2.0,central_africa
bao_lac,20.5,south_east_asia
takhtoyamsk,-10.0,north_asia
suhut,13.0,middle_east
awyu,-6.0,pacific_islands
bidar,25.0,south_asia
guolimu,0.0,east_asia
al_hufayr,0.0,middle_east
am_dam,-2.0,central_africa
batang_tebo,19.0,south_east_asia
shtax_heen,-10.0,north_america
kulotino,10.5,eastern_europe
tarankol,-2.0,north_asia
kiriri,-5.0,south_america
cuttaway,2.0,north_america
namhsan,21.5,south_east_asia
saraya,2.5,west_africa
xiangtan,33.5,east_asia
kidwelly,14.0,western_europe
douai,28.0,western_europe
bastar,22.0,south_asia
ceuta,17.75,north_africa
shimoagata,18.5,east_asia
pingdisonglin,23.5,east_asia
mnitanka,2.0,north_america
lutai,33.0,east_asia
devanahalli,17.0,south_asia
hulu_limbang,10.0,south_east_asia
mahohevahoe,4.0,north_america
vovchansk,8.0,eastern_europe
luneburg,23.0,western_europe
hocking,-2.0,north_america
bab_kot,15.0,south_asia
al_udayd,2.0,middle_east
luanze,0.5,southern_africa
kabeka,-3.0,north_america
djanet,4.0,north_africa
oujda,14.0,north_africa
biru,8.5,east_asia
samba_kongo,4.0,central_africa
alakurti,-8.0,western_europe
micay,-2.0,south_america
pashino,-5.5,north_asia
wuchuan_sinan,20.0,east_asia
wesgird,12.0,central_asia
quinsigamond,-2.0,north_america
tariaca,-2.0,north_america
al_maddah,5.0,middle_east
pitahauerat,6.0,north_america
shanfana,-4.0,central_africa
kitzbuhel,17.0,western_europe
nembudziya,2.0,southern_africa
northampton,20.0,western_europe
napanee,-1.0,north_america
xinxing_nanen,26.0,east_asia
eben_ezer,-4.0,south_america
kinguchi,-4.0,central_africa
byrakan,-8.0,north_asia
calabar,-2.5,west_africa
al_bidda,2.0,middle_east
taala,-6.0,north_asia
mbangala,2.0,central_africa
ahouenro,-1.0,north_america
tsindi,0.0,southern_africa
nas,12.0,western_europe
sokoto,9.0,west_africa
skaniatares,3.0,north_america
germersheim,26.5,western_europe
dedesi,-1.0,southern_africa
dwarahat,25.0,south_asia
curuguaty,2.0,south_america
achomawi,-6.0,north_america
niya,8.0,east_asia
nefta,9.0,north_africa
ravar,10.0,middle_east
sartlan,-4.0,north_asia
mai_ndombe,-13.0,central_africa
mughan,9.5,eastern_europe
arzgir,2.0,eastern_europe
intapushe,7.0,north_america
kafr_saqr,25.0,north_africa
ndiaganiao,3.0,west_africa
kot_addu,24.5,south_asia
sri_satchanalai,17.0,south_east_asia
fangshan_lishi,25.0,east_asia
q_espiea,-9.0,north_america
burgas,25.75,eastern_europe
dalinghe,18.5,east_asia
suian,28.5,east_asia
taowen,8.5,east_asia
khamyab,9.0,central_asia
chit,1.0,east_asia
ambarchik,-6.5,north_asia
matara,-2.0,south_america
vonnu,11.0,eastern_europe
nigitai,7.0,north_america
zhehong,22.0,east_asia
kanisianas,-1.0,south_america
manfredonia,15.25,western_europe
vatyrkan,-5.0,north_asia
thuan_chau,18.5,south_east_asia
trogstad,11.5,western_europe
catatumbo,-3.0,south_america
disentis,15.0,western_europe
pingyue,21.0,east_asia
yambina,-4.0,australasia
skagit,-1.5,north_america
qudayd,4.0,middle_east
malalis,-7.0,south_america
kandahar,11.0,middle_east
nyena_kapemba,-1.0,east_africa
tsay_iona,-6.0,north_america
amargosa,-10.0,north_america
splatsin,-8.0,north_america
guercif,10.0,north_africa
gyama,9.5,east_asia
hinono_ei,-5.0,north_america
semikarakorsk,4.5,eastern_europe
tekeli,5.0,central_asia
uman,13.0,eastern_europe
grodzisk_wielkopolski,18.0,eastern_europe
thiladhunmathi_atoll,19.25,south_asia
tapo,-3.0,south_america
mikindani,4.5,east_africa
changyang,25.5,east_asia
guna,29.5,south_asia
enguzud,14.5,middle_east
faridkot,22.0,south_asia
haiyan,34.0,east_asia
amorgos,13.25,eastern_europe
schwaz,21.5,western_europe
sakju,16.5,east_asia
acari,2.0,south_america
kuripan,11.0,south_east_asia
offerdal,0.5,western_europe
zhuanglang,18.0,east_asia
perg,19.5,western_europe
sable,23.0,western_europe
vulvyveyem,-10.0,north_asia
rohtas,27.5,south_asia
nhat_nam,17.0,south_east_asia
changguo,31.0,east_asia
podor,5.5,west_africa
kassandreia,7.0,eastern_europe
maroua,-4.0,central_africa
kauehi_atoll,-7.0,pacific_islands
lafkenmapu,9.0,south_america
achim,21.5,western_europe
mayari,-8.0,north_america
kindunda,2.0,central_africa
bagamoyo,7.0,east_africa
lahore,32.5,south_asia
clusone,19.0,western_europe
kythnos,13.25,eastern_europe
banswara,20.5,south_asia
harlech,9.0,western_europe
primkent,12.0,central_asia
dullu,25.5,south_asia
halych,22.5,eastern_europe
yangcheng,25.0,east_asia
arylakh,-11.0,north_asia
sinnar,18.0,south_asia
heviksnipahis,-2.0,north_america
koklolodi,-1.0,north_america
parnagua,-4.0,south_america
luda,-3.0,eastern_europe
zizhou,21.0,east_asia
madgaon,20.0,south_asia
cape_spear,-7.0,north_america
longyou_jiading,30.5,east_asia
stormarn,19.0,western_europe
mupanipani,-3.0,southern_africa
sivrice,9.5,eastern_europe
tit_ebya,-6.0,north_asia
kaghasuq,-12.0,north_america
deokju,17.5,east_asia
mansura,14.0,south_asia
bira,6.5,east_asia
tczew,20.5,eastern_europe
sekkosi,7.5,central_africa
aikou,24.0,east_asia
mayma,-3.0,north_asia
tarawa_atoll,-6.0,pacific_islands
sengkae,12.0,south_east_asia
lipu,21.0,east_asia
sao_jose_preto,-7.0,south_america
alexandrovskoye,2.0,eastern_europe
morhange,21.0,western_europe
ulan_hua,-4.0,east_asia
kikalla,6.0,central_africa
kassel,21.0,western_europe
bialobork,13.0,eastern_europe
nganaa_nui_atoll,-7.0,pacific_islands
buzuluk,8.5,eastern_europe
tiotoren,1.0,north_america
mecumba,-3.0,central_africa
levokumskoye,2.0,eastern_europe
lukuga,-4.0,east_africa
waccamaw,1.0,north_america
zemukh,12.0,central_asia
ibra,2.0,middle_east
eringiin,2.5,east_asia
gorakhpur,30.5,south_asia
sychyovka,16.0,eastern_europe
wanar,5.5,west_africa
saanen,14.0,western_europe
auxerre,21.0,western_europe
htigyaing,14.5,south_east_asia
pukara,5.0,south_america
prato,35.5,western_europe
jingxing,28.0,east_asia
urzedow,16.5,eastern_europe
neuchatel,15.0,western_europe
ishtixon,12.0,central_asia
bara_iraq,16.0,middle_east
anfu_jian,26.0,east_asia
akhaltsikhe,12.5,eastern_europe
ngiyepakuno,-1.0,east_africa
berezovets,14.0,eastern_europe
east_wembere,0.5,east_africa
dandybay,7.0,central_asia
slupsk,20.25,western_europe
musa_qala,12.0,middle_east
shigar,1.0,east_asia
ngabang,14.0,south_east_asia
kluane,-5.0,north_america
sinjik,-7.0,north_america
dorohoi,11.0,eastern_europe
jocome,0.0,north_america
sungai_jujuhan,19.0,south_east_asia
deskenetlata,-11.0,north_america
katou_bicchuu,21.0,east_asia
porangatu,-4.0,south_america
salianah,29.5,south_asia
naxos,15.75,eastern_europe
kale,19.5,south_east_asia
nam_sach,23.5,south_east_asia
gardr,-2.5,western_europe
tendziogala,14.0,eastern_europe
katzie,-5.0,north_america
bataung,-5.0,southern_africa
oosumi,18.0,east_asia
wuzhai,24.0,east_asia
ballycastle,9.0,western_europe
tutonchany,-6.0,north_asia
mishikamau,-12.0,north_america
sao_leopoldo,-2.0,south_america
jumgal,10.0,central_asia
tiout,8.0,north_africa
uxwitza,0.0,north_america
nomi,25.0,east_asia
hvamstangi,-2.0,western_europe
lyubichi,13.5,eastern_europe
sanlorenzo,23.5,western_europe
requena,13.0,western_europe
bohuslav,14.0,eastern_europe
ebibeyin,-8.5,central_africa
urla,14.25,middle_east
ligny,21.0,western_europe
emin,9.0,central_asia
baram,13.0,south_east_asia
zabusta,1.0,north_america
karapoto,-6.0,south_america
chuqiyapu,1.0,south_america
mpota,-4.0,east_africa
bondoukou,1.5,west_africa
hanover,23.0,western_europe
labe,0.5,west_africa
mondoro,9.0,west_africa
houguan,29.5,east_asia
gardelegen,19.0,western_europe
ramgiri,27.0,south_asia
miniss,-8.0,north_america
williston,-7.0,north_america
iviatim,-11.0,north_america
chadileuvu,-1.0,south_america
galway,17.5,western_europe
gardman,10.0,eastern_europe
dowraq,8.5,middle_east
turek,18.0,eastern_europe
oswego,2.0,north_america
cuyo,8.0,south_america
culhuacan,10.0,north_america
puente_arzobispo,14.5,western_europe
lori,10.0,eastern_europe
sumbis,3.0,central_africa
nita_arabia,2.0,middle_east
kaseg,15.0,eastern_europe
khalafabad,11.0,middle_east
khayyr,-5.0,north_asia
naga,24.0,east_asia
tocaima,1.0,south_america
wayanad,13.0,south_asia
kadiweu,-7.0,south_america
gananggalinda,-5.0,australasia
wonnarua,-8.0,australasia
cuauhtitlan,12.0,north_america
al_jeblien,2.0,east_africa
forfar,14.0,western_europe
milyutinskaya,6.0,eastern_europe
visesav,14.5,eastern_europe
bani,-12.0,north_america
elk,8.0,eastern_europe
hakkari,9.5,eastern_europe
verkhovazhye,7.0,eastern_europe
huangpi,29.5,east_asia
amber_loc,26.0,south_asia
tarakan,11.0,south_east_asia
sumedang,19.0,south_east_asia
amaxacotlan,6.0,north_america
araguaia,-5.0,south_america
jeguakava,4.0,south_america
vizovice,15.0,western_europe
aguanish,-5.0,north_america
fribourg,18.0,western_europe
cocanarup,-5.0,australasia
bir_fajr,0.0,middle_east
suining_jing,24.0,east_asia
walcz,13.0,eastern_europe
rentina,16.0,eastern_europe
djibo,9.0,west_africa
minkaniciciw,-2.0,north_america
mansaka,11.0,south_east_asia
condorcet,14.0,western_europe
seosan,24.0,east_asia
pareja,16.0,western_europe
sasak,19.0,south_east_asia
el_hamurre,9.0,east_africa
uvea_atoll,-7.0,pacific_islands
rauma,1.0,western_europe
bormio,19.0,western_europe
valjala,14.0,eastern_europe
shemysheyka,10.5,eastern_europe
kath,7.0,central_asia
bysyttakh,-6.0,north_asia
sette,-8.0,central_africa
mukalombo,-3.0,central_africa
montemor,22.0,western_europe
hereti,14.5,eastern_europe
kinngait,-7.0,north_america
falenki,-0.5,eastern_europe
naconiche,8.0,north_america
argentan,21.0,western_europe
jingan_shenzhou,29.0,east_asia
tongulakh,-8.0,north_asia
melitopol,3.25,eastern_europe
arusha,11.0,east_africa
dgheyaytnu,-6.0,north_america
saintes,23.5,western_europe
canajoharie,3.0,north_america
soltau,19.0,western_europe
dongming,33.0,east_asia
tuyetah,-6.0,north_america
montmorillon,23.0,western_europe
krosno,15.0,eastern_europe
vikulovo,-6.0,north_asia
salde,1.5,west_africa
apiaka,-6.0,south_america
liuboml,17.5,eastern_europe
yanggu,20.0,east_asia
munza,-4.0,central_africa
zwettl,20.0,western_europe
lasko,20.5,western_europe
changan,24.5,east_asia
nuochakha,-8.0,north_asia
huatabampo,1.0,north_america
huantajaya,0.0,south_america
hlusk,8.0,eastern_europe
prilep,13.0,eastern_europe
mambere,-7.0,central_africa
curitiba,-3.0,south_america
kazhi,12.5,east_asia
ryrkaypiy,-12.0,north_asia
al_khanbarah,0.0,middle_east
luhe,29.5,east_asia
sitte,-6.0,north_asia
marimbi,7.5,central_africa
mandaragirau,12.0,west_africa
matiakoali,9.0,west_africa
terrassa,21.0,western_europe
cheltenham,24.5,western_europe
koch_bihar,31.5,south_asia
rajouri,19.0,south_asia
mistassiniish,-6.0,north_america
yiyang_guangxin,27.5,east_asia
wappasening,-2.0,north_america
naahmigus,-6.0,north_america
e_omita_i,0.0,north_america
bhojpur,22.5,south_asia
singgora,14.0,south_east_asia
kayapo,-3.0,south_america
tubarao,1.0,south_america
idah,-0.5,west_africa
builoo,-6.0,australasia
kurla,10.5,east_asia
jalalpur_pirwala,30.5,south_asia
bussa,4.5,west_africa
ramechhap,25.5,south_asia
meherrin,1.0,north_america
natashquan,-5.0,north_america
anais,-3.0,south_america
wehe,13.5,east_asia
siegas,0.0,north_america
hulu_musi,16.0,south_east_asia
wattogee,-4.0,north_america
hum,4.0,south_america
mertola,22.5,western_europe
kalaako,-5.0,australasia
monzes,2.0,central_africa
kokosing,-1.0,north_america
menzelinsk,5.5,eastern_europe
breda,19.0,western_europe
maore,0.25,east_africa
nkata,4.5,central_africa
kakibonga,0.0,north_america
ujjain,30.0,south_asia
pisticoui,1.0,north_america
vereya,14.0,eastern_europe
tadbaba,3.5,east_africa
sabana,-3.0,north_america
kos,13.25,eastern_europe
kantha,17.0,south_asia
nheengaiba,-13.0,south_america
machecoul,21.0,western_europe
hoeyang,22.0,east_asia
anding,21.0,east_asia
lodeve,19.0,western_europe
tafraout,9.0,north_africa
petrovsk,8.0,eastern_europe
tazroute,17.0,north_africa
hulu_pawan,13.0,south_east_asia
seyitler,2.0,eastern_europe
oswestry,20.0,western_europe
vysokoye,16.5,eastern_europe
osisko,-2.0,north_america
leeuwarden,14.0,western_europe
bavaria_regen,17.5,western_europe
takalak,-4.0,australasia
apataki_atoll,-7.0,pacific_islands
chatra,31.0,south_asia
laila,2.0,middle_east
tokhomo,-9.0,north_asia
abun,-12.0,pacific_islands
lukh,13.0,eastern_europe
st_francois_mts,2.0,north_america
malongtalang,21.5,east_asia
satgaon,38.5,south_asia
balga,16.0,eastern_europe
novaya_lyalya,-1.0,eastern_europe
poonch,19.0,south_asia
rapla,14.0,eastern_europe
nishimuro,22.0,east_asia
maracoa,1.0,south_america
aware,6.0,east_africa
florac,18.0,western_europe
doustioni,6.0,north_america
gebergeyel,11.0,central_asia
kilkis,19.5,eastern_europe
dalai_nuur,2.5,east_asia
minichinas,8.0,north_america
russky_kameshkir,10.0,eastern_europe
pryluky,14.0,eastern_europe
bolshoy_gashun,2.0,eastern_europe
uwharrie,1.0,north_america
tulor,1.0,south_america
rawalpindi,31.5,south_asia
teocak,12.5,eastern_europe
langres,22.0,western_europe
rechytsa,18.5,eastern_europe
asyut,32.5,north_africa
taant_a,-3.0,north_america
belaya_soroka,11.5,eastern_europe
villefranche,18.0,western_europe
tongwe,-4.0,east_africa
onotoa_atoll,-6.0,pacific_islands
thalang,19.0,south_east_asia
ksituan,-7.0,north_america
nanlang,19.5,east_asia
nacaome,4.0,north_america
pingdi,23.0,east_asia
lewe,15.5,south_east_asia
laaxaayik,-10.0,north_america
ita_atiaia,-2.0,south_america
wangulen,3.0,south_america
golino,16.0,eastern_europe
zuwayr,15.0,middle_east
gdansk,26.25,eastern_europe
samokov,11.0,eastern_europe
aupuhkirakanewe,0.0,north_america
sebes,18.5,eastern_europe
fresco,-0.5,west_africa
muyupampa,-4.0,south_america
a_taw_bun_kut_en,-9.0,north_america
vaghua,-9.0,pacific_islands
central_sabaneque,-3.0,north_america
drijeva,15.0,eastern_europe
melpa,-9.0,pacific_islands
skwierzyna,16.5,eastern_europe
trzemeszno,14.0,eastern_europe
teslin_trail,-5.0,north_america
saponi,-2.0,north_america
uzhorod,18.5,eastern_europe
oborniki,18.5,eastern_europe
guaxule,-4.0,north_america
routt,-2.0,north_america
nanbu,32.5,east_asia
guanimar,-5.0,north_america
xiaoyi,29.0,east_asia
idrinskoye,0.5,north_asia
aousserd,9.0,north_africa
mahicannituck,0.0,north_america
vicosa,-4.0,south_america
hienuki,19.0,east_asia
nystad,8.0,western_europe
zakht,8.0,middle_east
lumbini,27.5,south_asia
limoux,16.0,western_europe
espopolames,1.5,north_america
warwa,-4.0,australasia
saqqa,1.0,east_africa
tutong,11.0,south_east_asia
suzhou_gansu,14.0,east_asia
ljungby,6.0,western_europe
wutun,20.5,east_asia
lemberan,12.5,eastern_europe
atzhaksy,5.0,central_asia
linxiang,28.5,east_asia
tezoatega,3.0,north_america
novita,-3.0,south_america
assereniet,1.0,north_america
serpukhov,16.5,eastern_europe
buzhskyi,15.0,eastern_europe
samarginka,-2.0,east_asia
yanesha,4.0,south_america
emuer,8.5,east_asia
yetkul,-2.0,north_asia
kandy,15.0,south_asia
balladonia,-5.0,australasia
chimgi_tura,2.0,north_asia
deping,27.0,east_asia
nandyal,19.0,south_asia
wuji,27.0,east_asia
kantishna,-6.0,north_america
sontang,15.0,south_east_asia
fuliang,28.0,east_asia
sikieye,9.0,west_africa
vientiane,19.5,south_east_asia
baependi,-2.0,south_america
lamitan,8.0,south_east_asia
uldurga,1.0,east_asia
salacon,21.0,western_europe
karaj_abi_dulaf,18.0,middle_east
awatixa,4.0,north_america
kabakty,7.0,central_asia
salvaterra,24.5,western_europe
odintsovo,18.5,eastern_europe
bata,-0.5,west_africa
quauhquechollan,11.0,north_america
ullantaytampu,7.0,south_america
yalata,-5.0,australasia
bhilsa,29.5,south_asia
koktal,9.5,central_asia
castrocalbon,16.0,western_europe
fengcheng_fengcheng,29.5,east_asia
lyaskovets,15.0,eastern_europe
wappacoma,-4.0,north_america
jiroft,12.0,middle_east
palma,20.25,western_europe
pingyang_guiyang,28.0,east_asia
saakak_hukaahaanu,8.0,north_america
awngthim,-6.0,australasia
craiova,14.0,eastern_europe
zixian,34.0,east_asia
pushang,10.0,central_asia
paser,9.0,south_east_asia
goa,30.0,south_asia
gendebelo,6.0,east_africa
bekes,16.5,eastern_europe
chesterfield,18.0,western_europe
mingyi,25.5,east_asia
chuy,-3.0,south_america
monhyin,19.0,south_east_asia
nipissing,0.0,north_america
tarbes,25.0,western_europe
katol,19.0,south_asia
linde,6.0,western_europe
abala,0.0,east_africa
aukwatowa,-3.0,southern_africa
kangu,19.5,east_asia
temasek,24.0,south_east_asia
urewera,-1.0,australasia
gulbarga,26.0,south_asia
wakimaala,-10.0,south_america
kasaragod,21.0,south_asia
willeuroo,-5.0,australasia
kiyyangan,15.0,south_east_asia
chivitkino,-7.0,north_asia
epixyu,-2.0,north_america
harib,5.0,middle_east
santokhe,-4.0,east_asia
zvipadze,2.5,southern_africa
duren,22.0,western_europe
rouyuan,20.5,east_asia
viitasaari,-1.0,western_europe
ambovontany,2.0,east_africa
circle,-3.0,north_america
malkana,-4.0,australasia
kobroor,17.0,south_east_asia
haskovo,22.5,eastern_europe
barbakaabad,32.0,south_asia
villars,18.5,western_europe
yadkin,1.0,north_america
hatthigiripura,16.0,south_asia
irritila,-3.0,north_america
arbroath,18.0,western_europe
muinawamek,1.75,north_america
woolna,-6.0,australasia
bad_ischl,16.0,western_europe
kalameh,10.0,middle_east
knyazhoye,11.0,eastern_europe
waterford,23.75,western_europe
bima,18.5,south_east_asia
gokabat,14.25,middle_east
saga,28.0,east_asia
yunxi,26.5,east_asia
soikino,14.0,eastern_europe
dole,23.0,western_europe
namling,1.5,east_asia
kabyrga,7.0,central_asia
tumpisa,-10.0,north_america
zhydachiv,22.5,eastern_europe
liuba,21.0,east_asia
mumias,3.5,east_africa
mbombona,1.0,southern_africa
darbhanga,34.5,south_asia
amonokoa,1.0,north_america
kalina,2.0,south_america
ivituut,-4.5,western_europe
dina,27.5,south_asia
suidong,22.5,east_asia
kono,-3.5,west_africa
tapirape,-4.0,south_america
curahuara,7.0,south_america
okanja,-8.0,central_africa
burara,-8.0,australasia
galo,7.0,east_asia
melun,21.5,western_europe
davlekanovo,4.0,eastern_europe
kluskapewiktuk,-5.0,north_america
kesen,16.0,east_asia
cadegomo,-2.0,north_america
andorra_la_vella,14.0,western_europe
yakovlevskoye_bolshoye,15.5,eastern_europe
tahiltyn_khotgot,-2.0,east_asia
nimde,-9.0,north_asia
antsohihy,-6.0,east_africa
qingdao,31.0,east_asia
cumra,13.0,middle_east
wari,-6.0,south_america
paucartambo,1.0,south_america
beami,-6.0,pacific_islands
mattawa,-3.0,north_america
shanyang_yingzhou,25.0,east_asia
kurba,16.5,eastern_europe
baldan_bereeven,5.5,east_asia
vannes,24.75,western_europe
himologan,9.0,south_east_asia
nacachau,9.0,north_america
kalabaca,-9.0,south_america
koulikoro,12.5,west_africa
badi,4.5,east_africa
nghe_ann,19.5,south_east_asia
kashechewan,-10.0,north_america
szrensk,14.0,eastern_europe
tapeba,-3.0,south_america
gairloch,10.5,western_europe
ziegenhain,25.0,western_europe
bibirevo,16.0,eastern_europe
khakhsyk,-8.0,north_asia
hatunqulla,4.0,south_america
yamagata,20.0,east_asia
sliven,19.0,eastern_europe
sjundea,8.0,western_europe
sunapee,-3.0,north_america
malagon,19.0,western_europe
belekes,6.5,eastern_europe
mingin,16.5,south_east_asia
heeyoteyoo,-2.0,north_america
sunnmore,7.5,western_europe
tiebele,12.5,west_africa
otapingshewee,0.0,north_america
kangamba,2.0,central_africa
jicin,20.0,western_europe
popocabaca,-3.0,central_africa
tirana,11.0,eastern_europe
puan,29.5,east_asia
ambagarh,19.0,south_asia
koa_aga_itoka,-9.0,north_america
kadjerong,-3.0,australasia
hnahnu,5.0,north_america
sanekuy,9.0,west_africa
chipata,-1.0,south_america
malaimbandy,4.5,east_africa
heyang,23.5,east_asia
hulst,26.0,western_europe
geawegal,-6.0,australasia
istalif,10.0,central_asia
y_uasu,-6.0,south_america
kalaamaya,-5.0,australasia
lubefu,-1.0,central_africa
firozkoh,10.0,central_asia
hoengcheon,21.0,east_asia
jang_tana,1.5,east_asia
tamoio,-11.0,south_america
utugo_kuri_doge,-5.0,south_america
khwar,12.0,middle_east
al_maramiyah,-1.0,middle_east
brokhovo,-7.0,north_asia
asifabad,14.0,south_asia
honaz,14.0,middle_east
tukspush,-4.0,north_america
sarkikaraagac,18.0,middle_east
car_nicobar,14.0,south_east_asia
firozpur,25.5,south_asia
rovaniemi,-0.5,western_europe
radnor,11.0,western_europe
siteia,13.25,eastern_europe
rumah,0.0,middle_east
kraburi,16.0,south_east_asia
sya,10.0,west_africa
lavongai,-8.0,pacific_islands
ishimbay,6.5,eastern_europe
golo_muiassa,-3.0,central_africa
poznan,22.5,eastern_europe
milos,15.75,eastern_europe
bobolice,16.0,western_europe
qala_fateh,14.0,middle_east
kulpi,19.5,south_asia
mubami,-6.0,pacific_islands
jamsa,-3.0,western_europe
kaaysara,-4.0,south_america
castrojeriz,21.0,western_europe
ar_rawdah,-1.0,middle_east
tirukoilur,17.0,south_asia
rappahannock,0.25,north_america
ouricuri,-6.0,south_america
troshovo,7.0,eastern_europe
tepeticpac,13.0,north_america
pali_uttar_pradesh,32.5,south_asia
jigansk,-6.0,north_asia
sendamangalam,23.5,south_asia
kitzingen,24.5,western_europe
weiqing,25.5,east_asia
asahkaiowaipu,-2.0,north_america
chivilco,4.0,south_america
tarrega,17.0,western_europe
kudat,14.0,south_east_asia
phnom_penh,24.5,south_east_asia
kara_shilka,3.5,east_asia
cameroons,-5.5,west_africa
nikolskoye_kema,9.0,eastern_europe
fucheng_hejian,28.5,east_asia
manna,17.0,south_east_asia
bajura,24.5,south_asia
chongshan,27.0,east_asia
kells,16.0,western_europe
yanjin,27.0,east_asia
abesehir,-2.0,central_africa
ksar_ibn_senane,19.0,north_africa
sfaqes,12.25,north_africa
wotapio,0.0,north_america
jianghua,25.5,east_asia
sliammon,-4.5,north_america
tanabi,-7.0,south_america
kelaelkces,-9.5,south_america
senafe,0.0,east_africa
sarab,13.0,middle_east
katou,-6.0,east_asia
quibdo,1.0,south_america
bul_bukhta,-3.0,north_asia
uppinangady,17.0,south_asia
waini,-4.0,south_america
shouzhang,28.0,east_asia
karaftit,-3.0,north_asia
silkeborg,16.0,western_europe
krestyakh,-6.0,north_asia
gowtano,2.0,north_america
mashgalende,4.0,north_america
villanueva_de_la_serena,17.5,western_europe
kirkcudbright,14.5,western_europe
velyka_lepetykha,2.5,eastern_europe
caraja,-3.0,south_america
guanay,1.0,south_america
tolomako,-12.0,pacific_islands
duau,-12.0,pacific_islands
kankakee,3.0,north_america
enhe_hada,2.5,east_asia
escurial,22.5,western_europe
esfarayen,6.0,central_asia
yafran,6.0,north_africa
huanacache,7.0,south_america
jawoyn,-8.0,australasia
baghin,11.0,middle_east
chikhan_agui,-4.0,east_asia
manhattan,6.0,north_america
tensas,2.0,north_america
pangyang,19.5,east_asia
kiponguve,-4.0,east_africa
wemba_wemba,-3.0,australasia
sibugay,8.0,south_east_asia
veliky_ustyug,9.5,eastern_europe
linjiang,25.5,east_asia
asirgarh,20.5,south_asia
bal_cattinon,20.0,south_east_asia
khabr,8.0,middle_east
mbondo,-1.0,central_africa
hazaribagh,29.0,south_asia
paraguachoa,3.0,south_america
gaia,12.5,west_africa
aslanduz,17.5,middle_east
uqturpan,4.0,east_asia
alessandria,33.5,western_europe
hadamar,21.0,western_europe
lantian,23.0,east_asia
baijnath,23.0,south_asia
tipinuwak,-8.0,north_america
liribamba,11.0,south_america
kaiguang,20.5,east_asia
kahayan_hilir,13.0,south_east_asia
kuruko,9.0,south_america
chhmuoh_thmei,12.0,south_east_asia
lucena,23.0,western_europe
tantaricuy,1.0,south_america
dalgan,12.0,middle_east
garoowe,4.0,east_africa
jaragua,-2.5,north_america
royan,21.0,western_europe
khan_khentii,1.5,east_asia
vichy,23.5,western_europe
aksu,18.5,east_asia
sura,5.0,south_america
kawliya,19.5,south_east_asia
kitagnaq,-12.0,north_america
gualas,2.0,south_america
palyku,-8.0,australasia
dourtenga,10.0,west_africa
jableh,20.25,middle_east
modena,31.0,western_europe
muong_luan,20.5,south_east_asia
mianzhou,34.0,east_asia
esztergom,20.5,eastern_europe
jelai,9.0,south_east_asia
ngololo,0.0,central_africa
succun,-11.0,north_asia
moncorvo,20.5,western_europe
mohetan,-3.0,north_america
neekeari,-4.0,south_america
arboga,17.0,western_europe
kyshtym,5.0,eastern_europe
bunji,14.5,south_asia
sidhi,24.5,south_asia
baochang_nanxiong,30.5,east_asia
konkoure,-0.5,west_africa
jarrah_karri,-2.0,australasia
uelzen,19.0,western_europe
seediq,24.0,east_asia
basud,11.0,south_east_asia
montiel,15.0,western_europe
khmilnyk,17.0,eastern_europe
paralkot,17.0,south_asia
muong_cha,20.5,south_east_asia
bacs,15.5,eastern_europe
gunma,27.5,east_asia
almeria,23.25,western_europe
cundi,-3.0,central_africa
krumbach,22.0,western_europe
lumeje,-0.5,central_africa
yixingzhou,26.0,east_asia
chedzurgwe,-3.5,southern_africa
capino,1.0,north_america
kapiwary,-6.0,south_america
junnar,15.0,south_asia
sjalevad,2.0,western_europe
pingquan,21.0,east_asia
hamcumqua,-6.0,southern_africa
nouakchott,5.0,west_africa
ibotirama,-3.0,south_america
kileqollo,1.0,south_america
tututni,-0.5,north_america
metog,4.5,east_asia
wangan,-4.0,australasia
wadjar,-4.0,australasia
wakabunga,-6.0,australasia
iiq,-10.0,north_america
tolosa,18.5,western_europe
hostotipaquillo,4.5,north_america
hodod,15.5,eastern_europe
kashmar,11.0,middle_east
beysehir,18.0,middle_east
sumperk,17.0,western_europe
takutu,4.0,south_america
moneta,-7.0,north_america
bludenz,17.0,western_europe
makonkalns,13.0,eastern_europe
verkhnyaya,-8.0,north_asia
toolginburra,-6.0,australasia
marv_al_rudh,15.0,central_asia
qupayapu,3.0,south_america
kandavu,-8.0,pacific_islands
udskoye,0.5,north_asia
mailsi,24.5,south_asia
targu_trotus,6.5,eastern_europe
boluohe,2.0,east_asia
glasgow,23.0,western_europe
komo_kongo,1.0,east_africa
moschevo,2.0,eastern_europe
taghaza,5.0,west_africa
maxia,22.5,east_asia
puebla_de_alcocer,22.5,western_europe
tagudin,8.0,south_east_asia
neoskweskau,-6.0,north_america
niue,-8.0,pacific_islands
awjila,7.0,north_africa
yama_jap,14.0,east_asia
drawsko,17.0,western_europe
popopis,2.0,south_america
lusignan,23.0,western_europe
karcha_kala,10.0,eastern_europe
ningguo,29.0,east_asia
tayan,16.0,south_east_asia
moycarn,6.0,western_europe
kondagaon,22.0,south_asia
rahachow,16.5,eastern_europe
oodweyne,4.0,east_africa
gyantse,6.0,east_asia
dha_sohis,3.0,middle_east
rembo,-8.0,central_africa
wuchang,28.5,east_asia
kansas,6.0,north_america
jekabpils,11.5,eastern_europe
akwaala,-1.0,north_america
malabang,8.0,south_east_asia
muchena,4.5,southern_africa
kanum,-8.0,pacific_islands
koroa,1.0,north_america
napaktok,-10.0,north_america
moloskovitsa,8.0,eastern_europe
bryansk,15.0,eastern_europe
nabiti,8.0,north_america
csurgo,19.5,eastern_europe
xalisco,6.0,north_america
hradec_kralove,21.0,western_europe
ad_dawasir,0.0,middle_east
zavkhan,-4.0,east_asia
mullaitivu,18.25,south_asia
ordos,26.0,east_asia
rottenburg,24.5,western_europe
besalu,18.0,western_europe
luchow,21.5,western_europe
huth,4.0,middle_east
khordong,14.5,east_asia
chake,1.0,south_america
khatanbulag,-4.0,east_asia
mkwaja,3.25,east_africa
nora,12.0,western_europe
nizhnyaya_toyma,2.5,eastern_europe
maizinaazibi,-1.0,north_america
weiyuan,19.5,east_asia
kotawaringin_lama,11.0,south_east_asia
ordu_bazar,2.5,eastern_europe
gaeta,28.25,western_europe
sicheng,17.0,east_asia
garbahare,11.5,east_africa
tenasserim,16.0,south_east_asia
cauitaome,-3.0,north_america
dingri,3.5,east_asia
gytgomkyvamm,-5.0,north_asia
tidore,14.0,south_east_asia
manoharpur,14.0,south_asia
lucapa,-3.0,central_africa
riseberga,14.0,western_europe
santok,19.5,western_europe
borisoglebsk,8.5,eastern_europe
guenoa,4.0,south_america
moghwachi,-5.0,north_america
gurghiu,18.0,eastern_europe
ramnicu_sarat,16.5,eastern_europe
kozelj,11.0,eastern_europe
gubbi_gubbi,-4.0,australasia
taita,4.0,east_africa
rugombe,-1.0,east_africa
caltanisetta,17.0,western_europe
neopatras,17.0,eastern_europe
paroom,10.0,middle_east
rongchang,30.0,east_asia
kaitangata,-3.0,australasia
tornea,8.0,western_europe
uglich,18.5,eastern_europe
xunxian,29.5,east_asia
manyakheta,21.0,south_asia
carrion_de_los_condes,21.0,western_europe
pazin,12.0,eastern_europe
orosi,0.0,north_america
skaapirox,-2.0,north_america
oronia,-5.0,north_america
kadykchan,-11.0,north_asia
east_gogo,13.5,east_africa
moira,4.0,east_africa
uyandi,-5.0,north_asia
sindangan,8.0,south_east_asia
ani_south,-7.0,southern_africa
gamka,-9.0,southern_africa
aonin,-9.0,southern_africa
wanan_wananjun,16.0,east_asia
athani,19.0,south_asia
bawku,12.5,west_africa
tittabawassee,1.0,north_america
xiangyi,31.0,east_asia
guacayakima,-12.0,north_america
ami,22.5,east_asia
chicobi,0.0,north_america
bigo_bya_mugenyi,2.5,east_africa
uryuu,-5.0,east_asia
markovo,10.5,eastern_europe
norrtalje,13.25,western_europe
grant_creek,-3.0,north_america
ziebice,21.0,eastern_europe
mora,5.5,western_europe
ashca_caycu,-2.0,south_america
soyangi_trail,-8.0,north_asia
glushkovo,6.5,eastern_europe
sauvo,8.0,western_europe
borulakh,-8.0,north_asia
lai_lin_pi,11.5,south_asia
khangal,-4.0,east_asia
asfi,20.25,north_africa
mindouli,-3.0,central_africa
endirey,12.5,eastern_europe
choccalpata,7.0,south_america
lugoj,14.0,eastern_europe
caslav,19.0,western_europe
xiangshan_xinhui,31.5,east_asia
yiling,28.5,east_asia
shahdad,10.0,middle_east
limey,8.5,east_africa
namrup,18.5,south_asia
ossossane,-4.0,north_america
waawiiyaataanong,-1.0,north_america
yorga,4.5,eastern_europe
bardok,-5.0,australasia
tsunthang,16.5,south_asia
sulomay,-7.5,north_asia
caninde,-4.0,south_america
birgi,19.0,middle_east
nkee_us,-5.0,north_america
acholi,2.5,east_africa
tacatacaru,-4.0,north_america
nisa,-6.0,pacific_islands
omchug,-11.0,north_asia
oyotun,-10.0,north_asia
al_kadwa,11.0,north_africa
puquina,1.0,south_america
gomel,18.5,eastern_europe
mili_atoll,-7.0,pacific_islands
niebla,18.0,western_europe
kaministikowak,-6.0,north_america
ossabaw,-4.0,north_america
jondaq,9.0,middle_east
sapara,2.0,eastern_europe
kurty,9.5,central_asia
thionville,16.5,western_europe
ituzaingo,7.0,south_america
korosten,13.0,eastern_europe
kanna_south,-6.0,southern_africa
zvenyhorodka,14.0,eastern_europe
nel_kan,-8.0,north_asia
chillupar,32.5,south_asia
chhaya,17.0,south_asia
vertus,23.0,western_europe
taoyuan,31.5,east_asia
rangkull_mapu,-1.0,south_america
ostroda,18.0,eastern_europe
vardal,5.5,western_europe
calatayud,16.0,western_europe
jinghai,37.5,east_asia
kokand,14.0,central_asia
gulshara,11.0,central_asia
irondequoit,0.0,north_america
fandene,1.0,west_africa
khati,-6.0,north_asia
renxian,27.0,east_asia
sheopur,27.5,south_asia
egremont,14.0,western_europe
osijek,18.5,eastern_europe
barajagua,-9.5,north_america
bamyan,8.0,central_asia
huanglong,25.5,east_asia
fushun,38.0,east_asia
kaset_sombun,21.5,south_east_asia
guaimas,1.0,north_america
turas,-6.0,south_america
kouka,25.0,east_asia
mellrichstadt,20.0,western_europe
bozok,14.5,middle_east
lahe,18.0,south_east_asia
sasovo,10.5,eastern_europe
posio,-0.5,western_europe
khotan,10.0,east_asia
bohio,-11.0,north_america
memmingen,22.0,western_europe
gani_koe,-6.0,north_america
kaleybar,13.5,middle_east
tatama,-1.0,south_america
uromi,-1.0,west_africa
lhari,12.5,east_asia
hulu_seruyan,13.0,south_east_asia
cosihuiriachi,2.0,north_america
lucheng,19.5,east_asia
rostislavl_ryazansky,13.5,eastern_europe
rudnik_poland,17.5,eastern_europe
ahel,9.0,middle_east
pindale,22.0,south_east_asia
khai_ma,-9.0,southern_africa
sarbisheh,11.0,middle_east
mbanza_nsundi,-3.0,central_africa
boma,-11.0,central_africa
yilba,-4.0,australasia
tatev,10.0,eastern_europe
bobbio,21.0,western_europe
tocopilla,1.0,south_america
tsaribrod,12.0,eastern_europe
ust_tsimla,4.5,eastern_europe
xinhua,26.5,east_asia
than_u_ge,0.0,north_america
huili,23.5,east_asia
atka,-11.0,north_asia
mayyafariqin,13.5,middle_east
nei,27.0,east_asia
songzhou_songpan,25.0,east_asia
binder,-0.5,central_africa
mocama,-6.0,north_america
rossosh,8.5,eastern_europe
el_ksour,12.0,north_africa
nioac,-3.0,south_america
behali,17.0,south_asia
olvera,20.0,western_europe
messaad,8.0,north_africa
walloomsac,-3.0,north_america
nacogdoches,9.0,north_america
lamas,1.0,south_america
maccan,-5.0,north_america
atalanti,15.0,eastern_europe
ebya,-8.0,north_asia
bur_nepa,-8.0,north_asia
millewa,-1.0,australasia
pome,12.5,east_asia
taourirt,14.0,north_africa
ratnapura_LKA,21.0,south_asia
zacapu,8.0,north_america
seohara,30.0,south_asia
xun,-6.0,southern_africa
almaliq,11.5,central_asia
gorachouqua,1.0,southern_africa
akisq_nuk,-10.0,north_america
leipzig,25.0,western_europe
mbegua,-1.0,south_america
karniki,13.0,eastern_europe
mgosas,4.0,east_africa
abitau,-11.0,north_america
rantau_benar,17.0,south_east_asia
ripon,17.0,western_europe
cheffia,11.0,north_africa
xojeli,7.0,central_asia
zliten,13.0,north_africa
ngato,-8.0,central_africa
mpongwe,-8.0,central_africa
xacona,11.0,north_america
tzoite,1.0,north_america
koponovo,13.5,eastern_europe
bampton,20.0,western_europe
borgloon,26.5,western_europe
kashary,6.0,eastern_europe
kenda,24.5,south_asia
jaynagar,19.5,south_asia
gueret,23.0,western_europe
dunstable,26.0,western_europe
mbaba,-1.0,central_africa
pgotapesg,0.0,north_america
wadadokado,-9.0,north_america
barbacena,-2.0,south_america
tabuk_arabia,2.0,middle_east
kema,4.0,east_asia
changtai,27.0,east_asia
montendre,21.0,western_europe
manora,20.75,south_asia
safaga,14.0,north_africa
weishi,32.0,east_asia
iwal,-12.0,pacific_islands
zadar,17.0,eastern_europe
iwaki,17.0,east_asia
montepeloso,14.0,western_europe
buwat,-1.0,middle_east
han,6.0,north_america
medininkai_vilna,17.0,eastern_europe
jangjin,14.0,east_asia
taposa,1.0,north_america
skikda,16.0,north_africa
sordavala,-3.0,western_europe
qianjiang_shaoqing,23.0,east_asia
rogozh,16.0,eastern_europe
vico,11.0,western_europe
kisi,-1.0,west_africa
yungas,7.0,south_america
mistinatuakamau,-7.0,north_america
yunlian,24.0,east_asia
paracatu,-3.0,south_america
tu_nedhe,-11.0,north_america
tong_talun,14.0,south_east_asia
ayopaya,7.0,south_america
roxburgh,16.0,western_europe
baideng,20.0,east_asia
bansko,11.0,eastern_europe
llucena,19.0,western_europe
zelterijin,3.0,east_asia
kiestinki,-6.0,western_europe
vakhs,14.0,central_asia
muyove,-1.5,southern_africa
kailashahar,17.0,south_asia
ashkamesh,8.0,central_asia
tim_samarkand,12.0,central_asia
angkor,31.5,south_east_asia
dunfermline,20.5,western_europe
kish,12.0,middle_east
mandleshwar,23.5,south_asia
fengzhou,20.0,east_asia
morvi,17.0,south_asia
meshkan_khorasan,7.0,central_asia
wegorzewo,15.0,eastern_europe
masindrano,-3.0,east_africa
mbanza_mpangu,-4.0,central_africa
calamari,5.0,south_america
konibodom,12.0,central_asia
kunlun,-2.0,east_asia
tuyen_quang,24.5,south_east_asia
myshuryn_rih,6.5,eastern_europe
sarhad,10.0,central_asia
vic,16.0,western_europe
toyoda,25.0,east_asia
umida,-11.0,australasia
kihi,4.0,north_america
beni_suef,27.5,north_africa
magdalenas,1.0,north_america
budjanga,-6.0,australasia
garandoili,9.0,west_africa
jiangling,33.5,east_asia
mesuji,14.0,south_east_asia
guwahati,19.0,south_asia
sitpur,24.5,south_asia
siimitalik,-8.0,north_america
balassagyarmat,19.0,eastern_europe
yauto,3.0,south_america
vokhma,-0.5,eastern_europe
lingzhou_dezhou,33.5,east_asia
duling,29.0,east_asia
zlotow,14.0,eastern_europe
muhammerah,6.5,middle_east
leer,24.0,western_europe
rubaga,2.5,east_africa
acaponeta,2.0,north_america
hawraman,13.5,middle_east
jiribatuba,-4.75,south_america
castelnau_de_medoc,14.0,western_europe
samten,-2.0,east_asia
kharsawan,26.0,south_asia
ponta_grossa,-3.0,south_america
brattahlid,-5.5,western_europe
fadak,2.0,middle_east
agordat,5.0,east_africa
tzaneen,0.5,southern_africa
maloya,-2.0,north_america
balaguer,18.0,western_europe
djonga,1.5,southern_africa
erdao,20.0,east_asia
maitomoni_ohe,8.0,north_america
dhansiri,17.0,south_asia
golconda,24.0,south_asia
blackwater,-3.0,north_america
pyrzyce,19.0,western_europe
voghera,26.5,western_europe
copuz,6.0,north_america
basithah,2.0,middle_east
willka_ulo,-1.0,south_america
jowhar,11.5,east_africa
dudhakunda,22.0,south_asia
zinapecuaro,10.5,north_america
nir,14.0,middle_east
agaes,-1.0,south_america
larende,13.0,middle_east
focsani,11.5,eastern_europe
bonaigarh,21.5,south_asia
ardabil,15.0,middle_east
raipur_bengal,24.5,south_asia
tetovo,17.0,eastern_europe
umm_ad_dawm,0.0,middle_east
celje,21.0,western_europe
prievidza,15.0,eastern_europe
ombu,5.0,south_america
uxarraci,3.5,north_america
kremenets,16.0,eastern_europe
toshima,19.0,east_asia
ushkau_nipi,-7.0,north_america
qagaan,-5.0,north_america
itaueira,-1.0,south_america
matruh,21.0,north_africa
biriri,11.0,west_africa
kyshtovka,-6.0,north_asia
pangandaran,17.0,south_east_asia
pristina,16.0,eastern_europe
uian,29.0,east_asia
aakhoe,-8.0,southern_africa
nazok_olya,15.5,middle_east
molsemtekw,-2.0,north_america
tuubaa,1.0,west_africa
pangkalpinang,17.0,south_east_asia
grange,8.5,western_europe
yonibana,-0.5,west_africa
wuan,33.0,east_asia
penlamu,14.0,north_america
enlhet,-4.0,south_america
avraga,2.5,east_asia
huriel,21.0,western_europe
kantit,32.5,south_asia
shenge,-5.5,west_africa
guzhou,21.5,east_asia
linlithgow,19.0,western_europe
sason,11.0,middle_east
harlau,11.5,eastern_europe
haifeng,33.0,east_asia
chiluane,-0.5,southern_africa
durg,24.5,south_asia
yurimagua,4.0,south_america
plymouth,23.75,western_europe
chaocheng,27.0,east_asia
diriyah,0.0,middle_east
wuwei,31.5,east_asia
morgex,19.0,western_europe
essipit,-5.0,north_america
dzaigil,3.0,east_asia
delaram,8.0,middle_east
macedo,16.0,western_europe
nariele,4.5,central_africa
turinsk,-1.0,eastern_europe
ntsoana_tsatsi,0.0,southern_africa
enjebara,10.5,east_africa
yao,-4.0,central_africa
kosrae,-9.0,pacific_islands
milicz,17.0,eastern_europe
patuxet,-4.75,north_america
chowanoke,1.0,north_america
yangikent,10.0,central_asia
pina_de_ebro,19.5,western_europe
djappuminyou,-5.0,australasia
perbaungan,12.0,south_east_asia
dover,28.0,western_europe
chishmy,6.5,eastern_europe
son_la,19.5,south_east_asia
anyuysk,-5.0,north_asia
khulays,4.0,middle_east
olimisk,-4.0,north_america
brzeznica,16.0,eastern_europe
weimo,23.0,east_asia
enookwasaneenah,-2.0,north_america
banbishan,28.5,east_asia
pingzhu,20.0,east_asia
shavgar,9.0,central_asia
qiubei,22.0,east_asia
taihe,34.5,east_asia
sahpeech,-9.0,north_america
joroinen,-3.0,western_europe
ugolnye,-5.5,north_asia
ried,22.5,western_europe
siraha,29.0,south_asia
orda_bazar,7.0,central_asia
wipukba,-1.0,north_america
guazacapan,2.0,north_america
belyov,16.5,eastern_europe
rzhavets,16.5,eastern_europe
patan,19.5,south_asia
darkylakh,-8.0,north_asia
senderk,9.0,middle_east
soest,23.0,western_europe
zhamankul,5.0,central_asia
fukushima,-6.0,east_asia
siegburg,20.5,western_europe
gechak,7.5,east_asia
wedde,14.0,western_europe
fernando_po,-7.0,west_africa
bihar_sharif,33.0,south_asia
ust_koksa,-10.0,north_asia
jaru,-6.0,australasia
al_matamma,9.5,east_africa
linhuan,36.0,east_asia
avila,14.0,western_europe
smederevo,19.5,eastern_europe
boseong,24.0,east_asia
ochi,25.0,east_asia
pakanahuili,1.0,north_america
sokode,-3.0,west_africa
quy_hoa,22.5,south_east_asia
raichur,30.5,south_asia
kikongoluka,-1.0,central_africa
bilghah,0.0,middle_east
wyomissing,-1.0,north_america
maloelap_atoll,-7.0,pacific_islands
iresim,-11.0,pacific_islands
muping,29.25,east_asia
derbent,12.0,eastern_europe
danggali,-6.0,australasia
montauk,0.25,north_america
outaragasipi,-5.0,north_america
eldikan,-6.0,north_asia
daraban,22.0,south_asia
el_kef,12.0,north_africa
killeshandra,6.0,western_europe
yangshan,28.0,east_asia
kuarepoti,1.0,south_america
belya,-6.0,north_asia
kuopio,-3.0,western_europe
nibork,18.0,eastern_europe
gonga_chode,7.5,east_asia
guvrel,-10.0,north_asia
nunusaku,17.0,south_east_asia
huaxtepec,4.0,north_america
toki,25.0,east_asia
yexian_laizhou,33.0,east_asia
viljandi,14.0,eastern_europe
yangyuan,21.0,east_asia
aheyya_fagg,5.0,east_africa
narva,19.0,eastern_europe
skien,19.0,western_europe
arsubaniket,16.0,central_asia
nambu,-5.0,pacific_islands
malykovka,8.5,eastern_europe
koskuduk,5.0,central_asia
nalyachchyya,-9.0,north_asia
roskilde,22.5,western_europe
uncompaghre,-6.0,north_america
terbi,-2.0,north_america
guancavilca,6.0,south_america
matzikama,-3.0,southern_africa
varallo,16.0,western_europe
changlin,26.0,east_asia
kaicheng_guyuan,24.0,east_asia
nikitotegwak,0.0,north_america
argun,10.0,eastern_europe
guamonial,13.0,south_east_asia
ngarla,-8.0,australasia
jiguani,-6.0,north_america
jindo,24.0,east_asia
shipastouk,-6.0,north_america
kodungallur,19.5,south_asia
heilbronn,28.5,western_europe
yelabuga,3.5,eastern_europe
hasankale,13.5,eastern_europe
taoondewake,-5.0,north_america
jubururu,-1.0,australasia
chudovo,16.5,eastern_europe
poenari,12.0,eastern_europe
ikpeng,-6.0,south_america
qardho,2.0,east_africa
al_labbah,2.0,middle_east
ilasi,1.0,north_america
hsenwi,23.5,south_east_asia
ucuna,1.0,south_america
arthabaska,-1.0,north_america
busiyn,2.5,east_asia
dakahla,20.0,north_africa
znamenskoye,-8.0,north_asia
wicklow,15.0,western_europe
diakha,7.5,west_africa
liupu,23.0,east_asia
mwamasapa,-3.0,east_africa
altaikha,-8.0,north_asia
bryante,7.0,east_asia
toggenburg,15.0,western_europe
theodoro,12.0,eastern_europe
baishan,20.5,east_asia
oando,-3.0,central_africa
huichuan,29.5,east_asia
kalundborg,11.0,western_europe
sonda_karnataka,15.0,south_asia
ornans,18.0,western_europe
leko,19.0,south_east_asia
khotsimsk,14.0,eastern_europe
ambrizete,-2.0,central_africa
sengel,-1.0,south_america
minisose,0.0,north_america
piri,-6.0,central_africa
chom_khao_maneerat,19.5,south_east_asia
carangas,1.0,south_america
fuping,26.0,east_asia
naka_iwami,22.0,east_asia
shehong,29.0,east_asia
yerkyutey,-8.0,north_asia
pa_kiut_lema,-4.0,north_america
donets_kharkiv,4.0,eastern_europe
babuza,32.0,east_asia
shushenskoye,-3.5,north_asia
bongao,13.0,south_east_asia
tavan,2.5,eastern_europe
lepsy,11.0,central_asia
al_amlah,5.0,middle_east
kasivarren,1.0,western_europe
tamdoult,6.0,north_africa
ketanda,-3.0,north_asia
wiang_fang,17.5,south_east_asia
sosnytsia,15.5,eastern_europe
komarom,20.5,eastern_europe
rio_pomba,-4.0,south_america
yamanquex,1.0,north_america
gorodishche,10.5,eastern_europe
yax_mutal,3.0,north_america
auleta,2.0,south_america
erode,25.5,south_asia
maselga,7.0,eastern_europe
mima,20.0,east_asia
alyanbulag,6.5,east_asia
daya_kathyn,12.0,central_asia
kelinjau,14.0,south_east_asia
wiradjuri,-3.0,australasia
tompo,-10.0,north_asia
tindirma,9.5,west_africa
aimchan,-10.0,north_asia
chebarkul,-2.0,north_asia
shatili,10.0,eastern_europe
epwikek,-5.0,north_america
kiskiack,2.0,north_america
yaakwdaat,-6.0,north_america
shumushu,-7.0,east_asia
aneityum,-11.0,pacific_islands
al_suman,2.0,middle_east
brilon,14.0,western_europe
subaytila,10.0,north_africa
sibook,-11.0,north_america
kargilik,8.0,east_asia
assode,2.0,west_africa
jacui,4.0,south_america
mum,-9.0,pacific_islands
firuzkuh,11.0,middle_east
shari,-6.0,east_asia
ait_benhaddou,10.0,north_africa
kadom,13.5,eastern_europe
ulkayak,7.0,central_asia
dresden,23.5,western_europe
sra_luang,24.5,south_east_asia
kamyshla,6.0,eastern_europe
mareeg,7.0,east_africa
boala,9.0,west_africa
andranoboka,1.5,east_africa
jiaohe,31.5,east_asia
damba,-3.0,central_africa
blonduos,-2.5,western_europe
nosbonsing,-5.0,north_america
uiju,20.5,east_asia
osatayogliglas,-4.0,north_america
ujiji,-4.0,east_africa
limerick,20.0,western_europe
langzhong,27.5,east_asia
koloma,-3.0,north_america
baruun_tar_nuur,4.0,east_asia
badra,8.0,middle_east
nuwakot,22.0,south_asia
tobolsk,-11.0,north_asia
dagett,-6.0,north_america
sabya,7.0,middle_east
zuera,17.5,western_europe
hotalich,13.0,eastern_europe
florence,38.5,western_europe
pekalongan,22.0,south_east_asia
pamticough,1.0,north_america
west_ngindo,9.0,east_africa
koko,10.0,west_africa
cayaguayo,-6.0,north_america
taatiilaaq,-7.0,north_america
cootamundra,-6.0,australasia
bamangwato,-6.0,southern_africa
kahlur,26.5,south_asia
tuapse,1.0,eastern_europe
seke_gabun,-8.0,central_africa
negombo,23.0,south_asia
rietavas,13.0,eastern_europe
koutiala,10.0,west_africa
koure,9.0,west_africa
huaiyuan_mizhi,17.0,east_asia
kulykol,-3.0,north_asia
xinning_dazhou,25.0,east_asia
bidjara,-8.0,australasia
usun,1.5,east_asia
mistissini,-8.0,north_america
huari,1.0,south_america
hillah,12.5,middle_east
dalniye_zelentsy,-7.0,western_europe
lynn,20.0,western_europe
pyuthan,25.5,south_asia
yukonda,-11.0,north_asia
andreapol,16.0,eastern_europe
takassaba,9.0,west_africa
prerov,20.0,western_europe
gorodets,13.5,eastern_europe
boruy,22.0,eastern_europe
nordmark,10.0,western_europe
itu_jilin,11.0,east_asia
krabi,17.0,south_east_asia
monastir,12.25,north_africa
lusongui,-2.0,central_africa
baden,21.5,western_europe
chieti,31.0,western_europe
zouping,31.0,east_asia
rencheng,33.5,east_asia
mandalgarh,14.0,south_asia
paya,5.0,south_america
levaya_khetta,-10.0,north_asia
jaligny,23.5,western_europe
usak,17.5,middle_east
dukagjini,11.0,eastern_europe
kiemi,5.5,western_europe
richfield,-9.0,north_america
sabarabucu,-1.0,south_america
khirkhira,5.5,east_asia
tagmo_lingkha,-1.0,east_asia
senapelan,17.0,south_east_asia
otas,2.0,south_america
sarek,1.5,western_europe
enmyl_yn,-10.0,north_asia
zazhimchar,-11.0,north_asia
galich,13.0,eastern_europe
kildare,13.0,western_europe
kusk_kohneh,17.0,central_asia
tada,2.5,west_africa
tenkodogo,12.0,west_africa
shiewhibak,4.0,north_america
patea,-3.0,australasia
taveuni,-8.0,pacific_islands
adzera,-3.0,pacific_islands
igra,5.5,eastern_europe
kibanga,-2.0,east_africa
neksikan,-5.0,north_asia
harishpur,29.0,south_asia
humbe,1.0,central_africa
temsamane,9.0,north_africa
tessuialluk,-8.0,north_america
nonoava,-2.0,north_america
turnhout,24.0,western_europe
elche,22.0,western_europe
madoi,3.5,east_asia
coatlicamac,1.0,north_america
bandar_rig,12.0,middle_east
dinghu,30.5,east_asia
lukenie,-1.0,central_africa
mopeia,1.5,southern_africa
landau,26.5,western_europe
aracuai,-7.0,south_america
baku,13.75,eastern_europe
qutayfah,13.0,middle_east
qira,8.0,east_asia
pemigewasset,-3.0,north_america
timbu,4.0,south_america
novye_burasy,8.0,eastern_europe
ashoro,-5.0,east_asia
talovka,-10.0,north_asia
baligram,21.0,south_asia
keraoua,-6.0,central_africa
neiqiu,31.0,east_asia
chitope,-3.0,east_africa
sagadahoc,0.0,north_america
tsekani,-10.0,north_america
yanling,32.0,east_asia
mala,22.5,east_asia
trapani,25.75,western_europe
ayodhya,26.5,south_east_asia
ambolosy,1.5,east_africa
marrithiyel,-8.0,australasia
harbuzynka,6.5,eastern_europe
elizondo,14.0,western_europe
changning_anyuan,24.5,east_asia
nangcheon,21.5,east_asia
ranthambore,16.5,south_asia
soba_gawe,4.0,central_africa
yeongil,26.25,east_asia
aberystwyth,12.0,western_europe
ishbukun,24.0,east_asia
al_bleiteh,0.0,middle_east
catania,27.25,western_europe
samoylovka,6.0,eastern_europe
adachi_kanto,27.0,east_asia
sishui,30.0,east_asia
savur,17.5,middle_east
bayantsagaan,0.0,east_asia
satoraljaujhely,20.5,eastern_europe
melekess,8.0,eastern_europe
hakha,15.5,south_asia
attendorn,16.0,western_europe
jhal,15.0,south_asia
kutai_lama,11.0,south_east_asia
tanjay,8.0,south_east_asia
tebessa,8.0,north_africa
kuji,15.0,east_asia
nestaocano,-6.0,north_america
aconquija,2.0,south_america
ajaccio,17.75,western_europe
lang_giang,24.0,south_east_asia
usti_nad_labem,20.5,western_europe
al_luhayyah,7.5,middle_east
karpathos,13.25,eastern_europe
yumba,-9.0,central_africa
campulung_moldovenesc,4.0,eastern_europe
aix_en_provence,29.5,western_europe
balanda,8.0,eastern_europe
tagloc,12.5,south_east_asia
burglengenfeld,20.0,western_europe
fraga,21.5,western_europe
sadak,8.0,eastern_europe
bulgan,0.0,east_asia
menongue,2.0,central_africa
sarduiyeh,8.0,middle_east
seru,9.0,east_africa
kilwa_kisiwani,14.0,east_africa
agawa_superior,-4.0,north_america
sm_algyax,2.0,north_america
dongguang,29.5,east_asia
kahwenoke,1.0,north_america
anxiang,26.5,east_asia
tangcheng,26.0,east_asia
mokaie,-6.0,south_america
canete,18.0,western_europe
jimo,33.0,east_asia
juxeri,8.5,east_asia
seymchan,-9.0,north_asia
yuka,0.0,east_asia
ngurraiillam,-4.0,australasia
orotukan,-9.0,north_asia
ngoc_ma,21.5,south_east_asia
umarkot,19.0,south_asia
quepos,-3.0,north_america
dogai,-1.0,east_asia
haynay,9.0,north_america
maghana,7.5,west_africa
dayao,18.5,east_asia
otadaonanis,-10.0,north_america
techamutete,5.0,central_africa
jurrah,4.0,middle_east
rychbach,21.0,eastern_europe
talitsa,3.0,eastern_europe
makna,1.0,middle_east
banamba,11.5,west_africa
waxhaw,1.0,north_america
xincai,34.5,east_asia
bida,11.5,west_africa
huitong,25.5,east_asia
brest_litowsk,18.5,eastern_europe
khammamet,22.0,south_asia
saku,24.0,east_asia
geneseo,-2.0,north_america
cuencame,-4.0,north_america
quellon,9.0,south_america
gayo_lues,15.0,south_east_asia
khomani,-6.0,southern_africa
grevesmuhlen,19.0,western_europe
biryusa,-5.5,north_asia
kaarendy,1.0,south_america
wigal_wollumbul,-4.0,australasia
parnaiba,-3.0,south_america
kintampo,2.5,west_africa
kichera,-10.0,north_asia
tegina,7.5,west_africa
palanga,14.0,eastern_europe
kumilla,21.0,south_asia
kabikabi,-6.0,australasia
rongerik_atoll,-7.0,pacific_islands
hailang,10.5,east_asia
buir_nuur,0.0,east_asia
batang,4.5,east_asia
varda,16.5,eastern_europe
plonsk,14.0,eastern_europe
ragnit,10.5,eastern_europe
qingfu,25.0,east_asia
izori,9.0,eastern_europe
sumampa,-2.0,south_america
spirka,-12.0,north_asia
kozyrevsk,-7.0,north_asia
lofotr,8.5,western_europe
firuzabad,14.0,middle_east
tetzapotitlan,4.0,north_america
muwayh,0.0,middle_east
lodose,14.5,western_europe
tivoli,23.0,western_europe
urtsun,18.5,south_asia
papasquiaro,-2.0,north_america
selenge,3.5,east_asia
quetta,12.0,middle_east
sumilao,9.0,south_east_asia
nimanburu,-4.0,australasia
zhongling,28.0,east_asia
chitrakuta,29.5,south_asia
ambohidray,4.0,east_africa
devanagara,22.0,south_asia
tanda,11.5,west_africa
pabaska,4.0,north_america
drehu,-8.0,pacific_islands
toling,6.5,east_asia
tawang,14.0,south_asia
nal,9.0,middle_east
lumajang,17.0,south_east_asia
lubue,-1.0,central_africa
biripi,-5.0,australasia
arkhangelskoye_vologda,9.5,eastern_europe
sutara,5.5,east_asia
bunce_island,-3.5,west_africa
isawa,15.0,east_asia
chalahume,-4.0,north_america
juban,5.0,middle_east
houma,1.0,north_america
gaomi,31.0,east_asia
malung,6.5,western_europe
koporye,14.0,eastern_europe
kreuznach,27.5,western_europe
bakongo,-1.0,central_africa
odense,22.5,western_europe
gaya,31.0,south_asia
pisaq,1.0,south_america
elgin,14.0,western_europe
east_shangana,0.5,southern_africa
borovichi,16.5,eastern_europe
bafata,1.0,west_africa
mupung,19.0,east_asia
tetela_boa,-1.0,central_africa
chisvingo,3.0,southern_africa
medicina,29.0,western_europe
jeongeup,28.0,east_asia
lalitpur,27.5,south_asia
palatka,-10.0,north_asia
chagu,6.0,north_america
kampong_roessei,15.0,south_east_asia
troitsk,-2.0,north_asia
bosra,13.0,middle_east
marib,5.0,middle_east
tyukalinsk,-2.0,north_asia
banlung,21.5,south_east_asia
kuindumba,5.0,central_africa
minong,-11.0,north_america
toulouse,33.5,western_europe
jipyeong,23.5,east_asia
suwon,26.0,east_asia
korela,-1.0,western_europe
mianchi,28.5,east_asia
baryang,3.5,east_asia
bassano,25.0,western_europe
bol_shaya_martynovka,4.5,eastern_europe
wihlink,-3.0,north_america
mesagami,-7.0,north_america
maganasipi,-3.0,north_america
menara,17.0,south_east_asia
chortoryisk,11.5,eastern_europe
niineniiniicie,-2.0,north_america
ramah,0.0,middle_east
wuluo,20.0,east_asia
akkajaur,4.5,western_europe
houtunqua,-2.0,southern_africa
ouentarionk,1.0,north_america
seogyeong,30.5,east_asia
hulu_mendawai,16.0,south_east_asia
tichit,5.0,west_africa
uinkaret,-8.0,north_america
balcheta,0.0,south_america
pulasari,20.0,south_east_asia
upuahpukau,-8.0,north_america
digenegh,-3.0,north_america
k_alii_xkalaan,-7.0,north_america
hashtrud,14.0,middle_east
sorocaba,-2.0,south_america
kogan,6.5,east_asia
atikonak,-8.0,north_america
nisiamk,1.75,north_america
patchepawapoka,-12.0,north_america
kibau,-1.0,central_africa
sanhe_chaozhou,26.5,east_asia
bukan,18.0,middle_east
murayama,14.0,east_asia
wucao,25.5,east_asia
tawau,11.0,south_east_asia
itapeva,-1.0,south_america
ayntab,18.0,middle_east
kawardha,17.0,south_asia
pinle,22.0,south_east_asia
krasavino,9.0,eastern_europe
hudiksvall,4.25,western_europe
guaraca,-6.0,north_america
homalco,-4.0,north_america
alferovskaya,9.0,eastern_europe
peschanokopskoye,6.0,eastern_europe
licheng,32.5,east_asia
ewina,0.0,east_africa
niemodlin,23.5,eastern_europe
ouallam,7.0,west_africa
miass,-8.0,north_asia
gruyere,17.0,western_europe
fuentiduena,17.0,western_europe
braslaw,15.5,eastern_europe
hendijan,15.25,middle_east
quang_uyen,19.0,south_east_asia
barqaid,20.5,middle_east
naas,22.0,western_europe
kotpad,21.0,south_asia
babuyan_islands,8.0,south_east_asia
balagannakh,-8.0,north_asia
tancarville,26.0,western_europe
masty,15.5,eastern_europe
zhenfeng,23.5,east_asia
hanyuan,24.5,east_asia
sidi_okba,9.0,north_africa
qikiqtagruk,-5.5,north_america
tangkya,14.5,east_asia
yalarrnga,-6.0,australasia
giya,-6.0,australasia
trang_an,24.5,south_east_asia
attock,22.5,south_asia
ahaus,19.0,western_europe
urgal,10.5,east_asia
texistepec,6.0,north_america
mboune,1.0,west_africa
athmallik,21.5,south_asia
kainta,11.0,south_east_asia
pibor,7.5,east_africa
kikonteku,0.0,north_america
tonala,11.5,north_america
siba_circassia,9.5,eastern_europe
werinama,14.0,south_east_asia
tomakivka,6.5,eastern_europe
nowdezh,9.0,middle_east
combahee,-6.0,north_america
dornoch,8.25,western_europe
panuco,4.5,north_america
kigluaik,-8.5,north_america
horsh_aiken,-1.0,south_america
cauouatstacau,-6.0,north_america
al_muwaylih,4.0,middle_east
brie_comte_robert,27.5,western_europe
dhading,23.0,south_asia
echemmaia,12.0,north_africa
abutua,-2.5,southern_africa
azougui,5.0,west_africa
donglan,20.5,east_asia
pingwu,25.0,east_asia
neubrandenburg,19.0,western_europe
notukeu,-2.0,north_america
holar,-5.0,western_europe
wemitigoj,-3.0,north_america
khakhaly,5.5,eastern_europe
wloclawek,18.5,eastern_europe
zilina,17.0,eastern_europe
hanabana,-7.0,north_america
pech,1.5,north_america
sariyahsi,17.5,middle_east
medellin,17.5,western_europe
chalten,-6.0,south_america
salins_les_bains,17.0,western_europe
oril,6.5,eastern_europe
kangen,7.5,east_africa
nikolskoye_andoma,2.0,eastern_europe
siva,-3.0,eastern_europe
calumbo,3.0,central_africa
jingshan,24.0,east_asia
kotosh,7.0,south_america
assonet,3.0,north_america
choma,2.0,east_africa
ondo,-1.0,west_africa
lesparre_medoc,16.0,western_europe
tixmul,-1.0,north_america
jerrinja,-2.0,australasia
gwa,14.0,south_east_asia
xunyang,24.5,east_asia
kaxarari,-6.0,south_america
opaye,-1.0,south_america
germi,7.0,eastern_europe
skitsetsen,-9.0,north_america
awabakal,-5.0,australasia
mardan,24.5,south_asia
cabadbaran,7.0,south_east_asia
north_kimbu,-2.0,east_africa
chongxin,21.0,east_asia
dmitriyev,16.0,eastern_europe
gorongoza,1.5,southern_africa
newport,15.25,western_europe
ujvyn,-10.0,north_asia
camapua,-6.0,south_america
huairen,20.0,east_asia
anyang,34.5,east_asia
bumbuli,-1.0,central_africa
paikoneka,-6.0,south_america
ilibalyk,9.5,central_asia
kachug,-1.0,north_asia
chaun,-10.0,north_asia
marapa,4.0,north_america
atikum,-9.0,south_america
pame,2.0,north_america
dobrzyn,20.5,eastern_europe
kangeq,-2.5,western_europe
ust_yudoma,-8.0,north_asia
meyami,8.0,central_asia
haungtharaw,17.0,south_east_asia
beylagan,14.5,eastern_europe
bagalkot,21.0,south_asia
gingee,17.0,south_asia
zarya,-8.0,north_asia
chlef,16.0,north_africa
constantine_ALG,22.0,north_africa
kherameh,13.0,middle_east
ruse,16.5,eastern_europe
asakuchi,28.5,east_asia
bungi,14.0,south_east_asia
alcantara,24.5,western_europe
gari,-1.0,eastern_europe
shangjing,13.5,east_asia
vadstena,16.0,western_europe
rechnoye,4.5,eastern_europe
sangiin_dalai,0.0,east_asia
shuihui,25.5,east_asia
teya,-6.0,north_asia
el_jem,13.0,north_africa
yanshan,33.0,east_asia
dorchester,20.0,western_europe
rasht,21.0,middle_east
sok,4.0,east_asia
simpcw,-12.0,north_america
liannan,23.0,east_asia
chiba,32.0,east_asia
lukou,29.5,east_asia
xundabe,-3.0,south_america
paranaiba,-3.0,south_america
uspallata,1.0,south_america
azzan,4.0,middle_east
manfalut,27.5,north_africa
dehaj,10.0,middle_east
uolba,-6.0,north_asia
kori_bara_karaa_ancas,7.0,south_america
arno_atoll,-7.0,pacific_islands
maiana_atoll,-6.0,pacific_islands
tinapihuaya,3.0,north_america
nimnyr,-8.0,north_asia
guaitaca,-9.0,south_america
salmi,-3.0,western_europe
dura,17.5,south_asia
bydgoszcz,16.5,eastern_europe
sarakhs,16.0,central_asia
as_salafiyah,7.0,middle_east
batubenge,-3.0,central_africa
zhuban_ana,7.0,central_asia
rama,0.5,north_america
waluulapam,-6.0,north_america
licheng_luan,27.5,east_asia
gudamalani,17.5,south_asia
kurnool,21.5,south_asia
hobyo,7.0,east_africa
tidsi,10.0,north_africa
nitta,24.5,east_asia
lemnos,20.0,eastern_europe
muhldorf,24.5,western_europe
tamdy,9.0,central_asia
allagash,-5.0,north_america
matapeake,1.25,north_america
bafq,10.0,middle_east
batchingou,-9.5,central_africa
lokoja,-1.5,west_africa
osh,11.0,central_asia
nobel,10.5,eastern_europe
mestre,27.75,western_europe
veliki_preslav,13.0,eastern_europe
sirik,13.25,middle_east
baak,6.5,north_america
bocaiuva_do_sul,-3.0,south_america
salyan,7.5,eastern_europe
ebolowa,-6.0,west_africa
yuririapundaro,9.0,north_america
baode,28.5,east_asia
yazduye,10.0,middle_east
harardhere,7.0,east_africa
xingyang,31.5,east_asia
susoh,12.0,south_east_asia
winokapau,-6.0,north_america
atikokiwam,-6.0,north_america
xizhou,36.5,east_asia
arka,1.0,north_asia
rajnagar,21.5,south_asia
rana,1.0,western_europe
tukudika,-2.0,north_america
sukkur,16.5,south_asia
sokurdakh,-12.0,north_asia
kromelak,-5.0,australasia
ongiin_khiid,0.0,east_asia
herment,17.0,western_europe
bordeaux,34.25,western_europe
kumtura,8.5,east_asia
ras_kebdana,11.0,north_africa
occaneechi,1.0,north_america
naguatex,6.0,north_america
andomsky_pogost,-3.0,eastern_europe
xunaa,-11.0,north_america
azeevo,13.5,eastern_europe
amundava,-6.0,south_america
tampu_machay,1.0,south_america
yegindybulak,3.0,central_asia
xiica_hai_iic_coii,1.0,north_america
datong_datong,25.0,east_asia
tiveden,13.0,western_europe
zinacantan,8.0,north_america
ostend,30.5,western_europe
mergui,21.0,south_east_asia
sequatchie,-1.0,north_america
amergo,14.0,north_africa
nonouti_atoll,-6.0,pacific_islands
st_helena,-6.0,south_atlantic_sub_continent
piumhi,-2.0,south_america
korpilombo,4.5,western_europe
valmaseda,18.5,western_europe
streshyn,16.5,eastern_europe
malaya_sosva,-8.0,north_asia
siocon,11.0,south_east_asia
balige,15.0,south_east_asia
kortuz,-4.5,north_asia
kuzmovka,-6.0,north_asia
prague,37.5,western_europe
daloa,-0.5,west_africa
tracadie,-2.0,north_america
atrakwaye,0.0,north_america
angermunde,20.5,western_europe
patras,18.25,eastern_europe
vezir,5.0,central_asia
pedersore,3.0,western_europe
sidon,18.25,middle_east
dhadar,11.0,south_asia
baoruco,-9.0,north_america
inde,1.0,north_america
wujiang,31.5,east_asia
chama,3.5,north_america
na_choo_ndek,-6.0,north_america
yancheng,32.0,east_asia
kamo,22.0,east_asia
ashmunayn,27.5,north_africa
sousse,12.25,north_africa
crescent_spur,-10.0,north_america
swinousjcie,19.0,western_europe
chiyone,-8.0,north_america
janauba,-1.0,south_america
millcca,1.0,south_america
khaniadhana,25.5,south_asia
agreda,16.0,western_europe
salzwedel,19.0,western_europe
vic_sur_seille,19.0,western_europe
sokolka,13.0,eastern_europe
perevitska,13.5,eastern_europe
leukas,10.0,eastern_europe
kizilsu,8.0,east_asia
dumai,12.0,south_east_asia
tanjungpinang,17.0,south_east_asia
iles_de_los,-5.5,west_africa
ais,-3.0,north_america
wai,-3.0,south_america
melgueil,24.0,western_europe
aiud,17.5,eastern_europe
vologda,11.5,eastern_europe
arrayda,5.0,middle_east
shopando,12.5,east_asia
wurzburg,28.0,western_europe
changning_changning,25.5,east_asia
tummana,19.0,south_asia
chakaria,20.0,south_east_asia
atchafalaya,4.5,north_america
nochixtlan,6.0,north_america
shira_qulusun,-4.0,east_asia
hachberg,24.5,western_europe
sumbwa,2.0,east_africa
toliara,-0.5,east_africa
vire,18.0,western_europe
sangni,30.5,south_asia
mpueto,-4.0,east_africa
natastan,-6.0,north_america
wakaya,-6.0,australasia
new_calabar,-8.0,west_africa
marle,23.0,western_europe
woleai_atoll,-7.0,pacific_islands
rovdino,-0.5,eastern_europe
kosa_perm,-3.0,eastern_europe
kawaiisu,-10.0,north_america
walata,7.0,west_africa
candir_cil,12.0,middle_east
asanas,12.0,central_asia
wapusk,-12.0,north_america
longquanping,23.5,east_asia
panqiao,23.5,east_asia
koroc,-11.0,north_america
gongjiang_jurchen,13.5,east_asia
fwai,-10.0,pacific_islands
whakatu,-5.0,australasia
carucairi,-8.0,north_america
cucurpe,-2.0,north_america
crikvenica,11.0,eastern_europe
wanbirujurari,-6.0,australasia
vesoul,21.5,western_europe
mekletin,2.0,eastern_europe
vanu_aroaroa,-11.0,pacific_islands
vatomandry,-3.0,east_africa
minehead,17.5,western_europe
seringapatam,18.5,south_asia
ashevo,9.0,eastern_europe
fereydunshahr,15.0,middle_east
narroging,0.0,australasia
kate,-7.0,pacific_islands
ustyuzhna_zheleznopolskaya,4.5,eastern_europe
ketungau,11.0,south_east_asia
kanamarca,4.0,south_america
badjidi,-8.0,australasia
munk,10.0,central_asia
uda_mutsu,17.0,east_asia
wuyi_jinhua,27.0,east_asia
budimlja,10.0,eastern_europe
tamaroa,6.0,north_america
bobai,21.0,east_asia
khadjibey,7.0,eastern_europe
kabixi,-6.0,south_america
yatsushiro,19.0,east_asia
palghat,16.0,south_asia
azok,9.0,eastern_europe
cazorla,16.0,western_europe
gumushane,16.0,middle_east
manisa,25.5,middle_east
mianzhu,28.0,east_asia
vartofta,16.0,western_europe
lichiresti,7.5,eastern_europe
yekaterinovka,8.0,eastern_europe
ras_ayn,16.0,middle_east
pajala,-0.5,western_europe
njimi,9.0,west_africa
loket,16.0,western_europe
solingen,27.5,western_europe
koochiching,5.0,north_america
nienburg,21.5,western_europe
reading,26.5,western_europe
gloucester,25.5,western_europe
patia,-3.0,south_america
ivrea,30.0,western_europe
otrar,14.0,central_asia
sur,2.75,middle_east
bialogard,17.0,western_europe
guanabo,-6.0,north_america
lauterbach,21.0,western_europe
ash_shuara,0.0,middle_east
st_vith,13.0,western_europe
linyi,35.5,east_asia
bourem,7.5,west_africa
waskaganish,-10.0,north_america
lieksa,-6.0,western_europe
chain_chaitun,-4.0,south_america
jammu,32.5,south_asia
jaurua,5.0,south_america
adare,6.0,western_europe
skahuukaawiat,2.0,north_america
niagassola,5.0,west_africa
cuneo,21.0,western_europe
liguo,31.0,east_asia
viadineti,11.5,eastern_europe
tsel_tatli_dsha,5.5,north_america
ganaraska,1.0,north_america
tongshan,28.0,east_asia
caxa,1.0,north_america
tchafolonguta,-2.0,central_africa
akkala,-7.0,western_europe
khameneh,17.0,middle_east
jingning,23.0,east_asia
srebrenik,15.5,eastern_europe
verdun_sur_garonne,25.0,western_europe
usivka,6.5,eastern_europe
erachimo,-6.0,north_asia
kuito,7.0,central_africa
scqescilni,-5.0,north_america
changshi,29.0,east_asia
zharkol,-4.0,north_asia
azilal,10.0,north_africa
lorena,-2.0,south_america
boojwiikwedong,3.75,north_america
wlodawa,18.5,eastern_europe
naure,-5.0,south_america
bijar,12.0,middle_east
moma,-0.5,east_africa
austria_baden,26.0,western_europe
tigil,-7.0,north_asia
nepepimmesipi,-2.0,north_america
oblivskaya,2.0,eastern_europe
sansanne_mango,12.5,west_africa
dehram,11.0,middle_east
jaluit_atoll,-7.0,pacific_islands
ixtachichimecapan,5.0,north_america
khaplu,1.5,east_asia
mirandola,24.0,western_europe
sale,25.5,north_africa
turyinskiye_rudniki,-4.0,eastern_europe
fuzhou_sichuan,29.5,east_asia
tongue,8.25,western_europe
guan,33.0,east_asia
dongliangting,23.0,east_asia
haya,2.5,east_africa
katumbele,2.0,central_africa
sandrakatsy,-5.0,east_africa
plovdiv,30.0,eastern_europe
nixgu,5.0,north_america
bykovo,2.5,eastern_europe
tankular,4.0,west_africa
seacal,0.5,north_america
akbarpur,32.0,south_asia
tengapani,21.5,south_asia
shoma,3.5,central_africa
gooniyandi,-4.0,australasia
kytmanovo,0.0,north_asia
urupampa,1.0,south_america
wascana,6.0,north_america
jadliaura,-6.0,australasia
hollola,0.5,western_europe
nyamina,9.5,west_africa
le_faou,24.0,western_europe
jinzhu,21.0,east_asia
shanyin,27.0,east_asia
dithakong,-8.0,southern_africa
nguigmi,7.0,west_africa
dianbai,24.0,east_asia
taiping_ningguo,28.0,east_asia
kohi_safi,15.5,middle_east
kudu_kyuyol,-9.0,north_asia
simav,14.0,middle_east
uzice,12.0,eastern_europe
buxar,34.5,south_asia
nyuu,22.0,east_asia
jaltenango,5.5,north_america
opole,23.5,eastern_europe
ganatchio,1.0,north_america
kirarutah,6.0,north_america
hechi,22.0,east_asia
tipatikka,-7.0,north_america
sinclair,-3.0,north_america
luxian,26.0,east_asia
tucho,-11.0,north_america
dindigul,19.0,south_asia
hulu_labuk,10.0,south_east_asia
palisema,6.0,north_america
jucuru,-6.0,south_america
arasibo,-11.0,north_america
buzau,10.0,eastern_europe
saraburi,21.5,south_east_asia
coropo,-5.0,south_america
khusf,10.0,middle_east
ouvea_atoll,-7.0,pacific_islands
west_falkland,-6.75,south_america
chittor,26.0,south_asia
veoneohe,0.0,north_america
boulaouane,10.0,north_africa
sihabi,4.0,north_america
araguari,-11.0,south_america
cochimi,-1.5,north_america
chabcha,5.5,east_asia
godagari,33.0,south_asia
lheidlit_en,-8.0,north_america
mamudju,13.0,south_east_asia
linzhou,31.5,east_asia
kisakaba,-3.0,central_africa
kata_kuna,2.0,south_america
chena,-3.0,north_america
gunnedah,-2.0,australasia
bregenz,20.5,western_europe
madurai,29.0,south_asia
brahmapur,27.0,south_asia
baqubah,14.5,middle_east
ajanas,8.0,south_east_asia
brashk,14.0,north_africa
kainan,23.0,east_asia
ksar_el_kaoua,12.0,north_africa
ruby,-3.0,north_america
karbala,18.5,middle_east
sigmaringen,20.0,western_europe
mahagaon,19.5,south_asia
larache,25.5,north_africa
masa_sud,3.0,east_africa
nyrob,-0.5,eastern_europe
senja,1.25,western_europe
yo,9.0,west_africa
hvolsvollur,6.0,western_europe
guanyang,19.0,east_asia
alkmaar,19.0,western_europe
jiyang,33.5,east_asia
mecca,13.0,middle_east
mora_cam,-4.0,central_africa
qalat_bishah,5.0,middle_east
proenca_nova,20.5,western_europe
ruxi,28.0,east_asia
belabo,32.5,south_asia
anklam,19.0,western_europe
ishtaboli,1.0,north_america
chapaleufu,-3.0,south_america
hiki,27.0,east_asia
motupalli,21.0,south_asia
patzcuaro,9.0,north_america
tho_hoang,14.0,south_east_asia
kazimah,2.0,middle_east
bagh_malek,14.0,middle_east
chongyang,26.0,east_asia
millerovo,6.0,eastern_europe
domodossola,17.0,western_europe
peshawar,28.5,south_asia
nicalaax,-10.0,north_asia
chur,15.5,western_europe
mamull_mapu,-1.0,south_america
eschwege,20.0,western_europe
jucas,-5.0,south_america
macherla,20.5,south_asia
koleeu,-1.0,north_america
buksunda,-7.0,north_asia
parlakimidi,19.0,south_asia
catalte,6.0,north_america
yongming,29.5,east_asia
west_shangana,1.5,southern_africa
kaltysyany,-11.0,north_asia
bolkhuny,4.5,eastern_europe
duolundu,2.5,east_asia
loree,21.0,south_east_asia
gori_gori,17.0,south_east_asia
yabro,-5.0,australasia
hongxian,34.0,east_asia
juntura,-9.0,north_america
tsalagi,-4.0,north_america
kozuchow,21.5,eastern_europe
zhympity,0.0,eastern_europe
bhera,24.5,south_asia
luchuan_mangshi,18.5,east_asia
porsanger,3.75,western_europe
daning_kuizhou,23.0,east_asia
tabriz,19.0,middle_east
dartang,-1.0,east_asia
towarnehiooks,-4.0,north_america
bishnupur,27.0,south_asia
xagal,4.0,east_africa
jinju,28.5,east_asia
bagagem,1.0,south_america
olonets,-3.0,western_europe
raraka_atoll,-7.0,pacific_islands
zorita,15.0,western_europe
machakh,-6.0,north_asia
kuchaky,-6.0,north_asia
pilda,6.5,east_asia
hlohovec,21.0,eastern_europe
kalyazin,18.5,eastern_europe
kita_shikoku,22.0,east_asia
massapequa,-1.0,north_america
yazd,15.0,middle_east
babadag,7.0,eastern_europe
ust_kuiga,-8.0,north_asia
syuldyukar,-6.0,north_asia
hajjiabad,8.0,middle_east
okeloussa,1.0,north_america
ozuluama,6.5,north_america
lalian,24.5,south_asia
agw_aneq,-11.0,north_america
kontrand_ya,-5.0,north_asia
pitchibourenik,-10.0,north_america
trgoviste_SER,10.0,eastern_europe
le_lude,21.5,western_europe
apuka,-7.0,north_asia
mang_viet,18.5,south_east_asia
daya,13.0,south_east_asia
ineseno,-2.0,north_america
ocana,19.5,western_europe
elgygytgyn,-5.0,north_asia
tatamagouche,-0.75,north_america
sambaliung,16.0,south_east_asia
vitoria,17.0,western_europe
sampheling,12.0,east_asia
nggela,-8.0,pacific_islands
yelou,9.0,west_africa
wintu,-4.0,north_america
turukhansk,-11.0,north_asia
khoai_chau,26.5,south_east_asia
caracas,-4.0,south_america
lelbunmapu,7.0,south_america
vanikoro,-11.0,pacific_islands
nyala,6.0,east_africa
korgan,5.0,central_asia
xinghua,32.0,east_asia
zolotonosha,16.5,eastern_europe
pronsk,11.0,eastern_europe
kyaukse,23.5,south_east_asia
sloviansk,8.5,eastern_europe
ozinki,0.0,eastern_europe
mashishing,-0.5,southern_africa
tauraba,-1.5,north_america
nnke,-6.0,southern_africa
tidee,-13.0,north_america
karangan,11.0,south_east_asia
bayaquitiri,-12.0,north_america
istanoz,14.0,middle_east
lodz,14.0,eastern_europe
amabe,18.0,east_asia
jeziarysca,16.0,eastern_europe
kahayan,11.0,south_east_asia
puyin,29.0,east_asia
tetepisca,-9.0,north_america
laigle,19.0,western_europe
kenogamissi,0.0,north_america
kham_bahar,12.0,central_asia
arroio,2.0,south_america
metlika,15.0,eastern_europe
aliskerovo,-8.0,north_asia
foumban,-4.5,central_africa
tsonentsiio,-4.0,north_america
ica,2.0,south_america
iskilip,17.5,middle_east
fuchi,28.5,east_asia
chodrak,1.5,east_asia
pambala,-4.0,central_africa
sibumbong,14.0,south_east_asia
bland,-6.0,north_america
kamensk,-8.5,north_asia
east_aasax,9.0,east_africa
nanpi,33.5,east_asia
pungo_ndongo,2.0,central_africa
kostenets,17.0,eastern_europe
shuman,14.0,central_asia
wilinggin,-5.0,australasia
chauragarh,24.5,south_asia
nam_xuang,20.5,south_east_asia
athlone,13.5,western_europe
lappo,-1.0,western_europe
potes,15.0,western_europe
gizhiga,-7.0,north_asia
horodyshche,11.5,eastern_europe
one,3.0,south_america
hazelton,-5.0,north_america
nalli,10.5,middle_east
cambrai,25.0,western_europe
aror,26.0,south_asia
ketu,-0.5,west_africa
arlal,9.5,west_africa
novopskov,6.0,eastern_europe
zouxian,31.0,east_asia
kwapa,1.0,north_america
nur,15.5,eastern_europe
faenza,27.0,western_europe
thantlang,15.5,south_asia
ede,-1.0,west_africa
aragua,-3.0,south_america
gore,3.0,east_africa
ansbach,24.0,western_europe
spas_na_kholmu,14.0,eastern_europe
yamur,-8.0,pacific_islands
karankawa,8.0,north_america
hogohega,-1.0,north_america
say,11.5,west_africa
mohacs,16.5,eastern_europe
hwangju,26.5,east_asia
dima,9.5,east_africa
bolotnye,-6.0,north_asia
jath,19.0,south_asia
kayalyk,7.0,central_asia
nizhnyaya_salda,-1.0,eastern_europe
yegorshin_povytok,-3.0,eastern_europe
qeydar,15.0,middle_east
kidutokado,-5.0,north_america
kupang,21.25,south_east_asia
leping_pingding,25.0,east_asia
budingen,20.0,western_europe
suixian,29.0,east_asia
aranama,11.0,north_america
fatezh,4.0,eastern_europe
bandafassi,-0.5,west_africa
manassas,-1.0,north_america
kasukuak,-10.0,north_america
pimpu,-3.0,central_africa
mariinsk,-6.0,north_asia
tlachco,2.0,north_america
chehl_dokhtaran,12.0,middle_east
chainouqua,-3.0,southern_africa
ganyushkino,2.5,eastern_europe
wapkawazioju,8.0,north_america
nak_azdlit_en,-9.0,north_america
bolinao,11.0,south_east_asia
tonghai,23.0,east_asia
grass_creek,-6.0,north_america
palmas,-3.0,south_america
hatteras,-5.0,north_america
shantsa,0.0,east_asia
rongelap_atoll,-7.0,pacific_islands
bihariganj,38.5,south_asia
annecy,18.0,western_europe
spalding,13.0,western_europe
boon_wurrung,4.0,australasia
wielun,18.0,eastern_europe
gerger,16.5,middle_east
kutsipiuti,-11.0,north_america
yilong,27.5,east_asia
yavpe,-2.0,north_america
ruppin,16.0,western_europe
temirkhan_shura,14.0,eastern_europe
makulu,-4.0,australasia
dilzhee,-2.0,north_america
bodaybo,-4.0,north_asia
nochu_ci,-5.0,north_america
saint_quentin,23.0,western_europe
inbatskoye,-12.5,north_asia
kehsi,22.5,south_east_asia
mabila,1.0,north_america
burebasaga,-11.0,pacific_islands
tazirbu,7.0,north_africa
belle_isle,-13.0,north_america
fimi,-11.0,central_africa
katen,7.5,east_asia
silandro,20.0,western_europe
molde,10.5,western_europe
bannu,19.0,south_asia
mus,13.5,eastern_europe
hopatcong,0.0,north_america
suq_al_shuyukh,10.5,middle_east
rapa_nui,-3.0,pacific_islands
uruaitis,-4.0,south_america
suena,-12.0,pacific_islands
kufa,12.5,middle_east
bir_el_alter,7.0,north_africa
song_be,19.5,south_east_asia
ar_ruwailiyyah,0.0,middle_east
fuchuan_ningxia,21.5,east_asia
wipi,-8.0,pacific_islands
melamela,-8.0,pacific_islands
goksun,14.0,middle_east
prachen,17.0,western_europe
kopyshche,8.0,eastern_europe
naserpur,23.5,south_asia
ul_ya,-2.0,north_asia
edzna,6.0,north_america
weixian,29.5,east_asia
assen,16.0,western_europe
fish_lake,-10.0,north_america
luan,34.0,east_asia
dang,16.5,south_asia
mendota,1.0,north_america
ust_ozernoye,-11.0,north_asia
svyatoy_nos,-7.0,western_europe
wirameju,-5.0,australasia
funil,-3.0,south_america
hulin,6.5,east_asia
guiratinga,-5.0,south_america
bomoping,21.0,east_asia
karee,-1.0,southern_africa
sandomierz,17.5,eastern_europe
sagar,21.0,south_asia
dikhu,15.0,south_asia
manica,4.0,central_africa
irkineieva,-8.0,north_asia
tionesta,-3.0,north_america
zeila,4.0,east_africa
imilen,9.0,east_asia
ngaliwuru,-7.0,australasia
phyu,21.5,south_east_asia
guishan,26.5,east_asia
sotkamo,-1.0,western_europe
vidin,18.5,eastern_europe
pol_dokhtar,18.5,middle_east
sawawaktodo,-9.0,north_america
valmiera,16.0,eastern_europe
cagliari,22.75,western_europe
kaskaskia,3.0,north_america
diphu,17.0,south_asia
thala,8.0,north_africa
takden,-1.0,east_asia
great_zimbabwe,6.0,southern_africa
katende,-1.0,central_africa
lanzo,25.5,western_europe
guaynia,-9.75,north_america
aahkawirahkata,0.0,north_america
fumin,20.5,east_asia
sanok,12.0,eastern_europe
malapuram,17.0,south_asia
paka,14.0,south_east_asia
missoula,-9.0,north_america
rovenki,6.0,eastern_europe
camusu_aike,-1.0,south_america
tsedzong,3.5,east_asia
aimangala,17.0,south_asia
laon,23.0,western_europe
taliepacana,1.0,north_america
aoudaghost,5.0,west_africa
bakhalal,4.0,north_america
altamura,22.0,western_europe
halaban,0.0,middle_east
astara,16.0,middle_east
guanamacabibes,-5.0,north_america
ometepec,6.0,north_america
emei,25.5,east_asia
penointikara,-8.0,north_america
pachina,6.0,north_america
nyachukha,12.5,east_asia
anyuan_dingnan,24.0,east_asia
wapocomo,-3.0,north_america
sanana,14.0,south_east_asia
feldkirchen,15.0,western_europe
kasembe,1.5,east_africa
ambositra,1.5,east_africa
diria,3.0,north_america
lemhi,-6.0,north_america
hulu_kapuas,16.0,south_east_asia
antetikala,-3.5,east_africa
kasimov,13.5,eastern_europe
evian,17.0,western_europe
windsor,24.5,western_europe
ksar_el_boukhari,10.0,north_africa
thalner,23.5,south_asia
roanoke,-6.0,north_america
warsaw,22.5,eastern_europe
vijes,-1.0,south_america
jixi,10.5,east_asia
itakangapyra,-2.0,south_america
burayevo,5.5,eastern_europe
cochem,20.5,western_europe
djenne,8.5,west_africa
cartagena,22.0,western_europe
oradea,17.0,eastern_europe
przemysl_moscow,16.0,eastern_europe
stuttgart,28.0,western_europe
jiangle,27.5,east_asia
lyubno,14.0,eastern_europe
topia,3.0,north_america
ribemont,21.0,western_europe
wana,18.0,south_asia
kooinkill,-3.0,australasia
madi_yuanling,25.5,east_asia
bairab,1.0,east_asia
harmancik,14.0,middle_east
phuktal,-1.0,east_asia
jaguarao,2.0,south_america
landsberg,22.0,western_europe
yoowetum,-8.0,north_america
zwickau,16.0,western_europe
suwannaphum,21.5,south_east_asia
arun,6.0,east_asia
tokoto,4.0,east_africa
yuktali,-2.0,north_asia
ratlam,24.5,south_asia
rijal_almaa,7.0,middle_east
aban,-5.5,north_asia
barkdiz,12.0,central_asia
xalacinco,9.0,north_america
noptinte,-1.0,north_america
zhigu,35.5,east_asia
kota_kapur,17.0,south_east_asia
navalucillos,16.5,western_europe
aim_mocoylek,4.0,south_america
brezina,9.0,north_africa
bayyu,7.5,east_africa
ciechanow,22.5,eastern_europe
zhavklant_khairkhan,-4.0,east_asia
pasaman,12.0,south_east_asia
baronsk,4.5,eastern_europe
abrahamtelke,23.5,eastern_europe
inyanshashawatpa,8.0,north_america
paraibuna,-3.0,south_america
ujae_atoll,-7.0,pacific_islands
katsushika,32.5,east_asia
lakhimpur,21.5,south_asia
tevsh_uul,-4.0,east_asia
kyaiyesisahtai,-2.0,north_america
urubici,-3.0,south_america
pinggu,28.0,east_asia
larantuka,15.0,south_east_asia
aumale,19.0,western_europe
nalyuchi,16.5,eastern_europe
hanyin,23.5,east_asia
oleshia,2.5,eastern_europe
ciguayo,-11.0,north_america
aju,26.0,east_asia
guochuan,19.0,east_asia
opishnya,14.0,eastern_europe
muyua,-8.0,pacific_islands
bayamo,-8.0,north_america
pichan,3.0,east_asia
roviana,-11.0,pacific_islands
tede,1.0,west_africa
ekwan,-10.0,north_america
komsa,-6.0,north_asia
villapalacios,11.0,western_europe
wadadli,-8.0,north_america
onnekotan,-10.0,east_asia
dai_man,21.5,south_east_asia
dzilam,9.0,north_america
hissar,10.0,central_asia
teshio,-2.0,east_asia
baluba,-3.0,central_africa
kitanakagawa,-5.0,east_asia
turuum,0.0,east_asia
tufarqan,13.0,middle_east
shigony,8.5,eastern_europe
barru,13.0,south_east_asia
rivne,16.0,eastern_europe
kiradu,15.0,south_asia
huysiyn,-4.0,east_asia
marsciano,22.0,western_europe
dhufar,9.0,middle_east
medenine,11.0,north_africa
pervomayskoye,-6.0,north_asia
barawa,11.5,east_africa
numaniyyah,7.5,middle_east
kuzinde,-1.0,central_africa
kahpota,-5.0,north_america
bassa,-0.5,west_africa
srem,18.5,eastern_europe
mae_hong_son,18.0,south_east_asia
pingle,23.5,east_asia
qujiang_guangan,30.5,east_asia
shitara,22.0,east_asia
yongjia,34.0,east_asia
al_tib,10.5,middle_east
smara,9.0,north_africa
okhtyrka,4.0,eastern_europe
karditsa,19.0,eastern_europe
banteay_chhmar,21.5,south_east_asia
tyerrernotepanner,-1.0,australasia
el_mahalla,25.5,north_africa
akinka_nup,-10.0,north_america
bahramchah,9.0,middle_east
vydritsa,16.0,eastern_europe
ormara,12.0,middle_east
meru,-1.0,australasia
norrkoping,18.5,western_europe
sunkoshi,24.5,south_asia
kamitsisit,-2.0,north_america
miltenberg,20.5,western_europe
xingguo,24.0,east_asia
irodo,-1.0,east_africa
namur,25.5,western_europe
bakhmut,8.5,eastern_europe
ladiz,9.0,middle_east
kpalime,-3.5,west_africa
neuse,-4.0,north_america
longchuan,21.5,east_asia
ash_shibahah,4.0,middle_east
vora,3.0,western_europe
ulnia,13.5,middle_east
aguacadiba,-11.0,north_america
levanger,2.0,western_europe
covasna,17.0,eastern_europe
gagi,11.5,eastern_europe
waumandee,-2.0,north_america
nanling,34.5,east_asia
lleida,23.0,western_europe
bolshie_krugovichi,8.0,eastern_europe
bolo,13.0,south_east_asia
saint_flour,19.0,western_europe
karkala,17.0,south_asia
qidong,33.5,east_asia
imola,31.0,western_europe
yecla_de_yeltes,21.5,western_europe
amiq,-7.0,north_america
sadhaura,30.5,south_asia
ust_sysola,-0.5,eastern_europe
kuchugunnur,-6.0,north_asia
tanjungpuri,13.0,south_east_asia
mancheng,31.0,east_asia
nana_kandungu,3.5,central_africa
sangcharak,6.0,central_asia
khalfut,4.0,middle_east
veria,15.0,eastern_europe
naco,3.5,north_america
samhwa,25.5,east_asia
kagianagami,-6.0,north_america
sao_sebastiao,-5.0,south_america
barahrah,4.0,middle_east
marayaarmiut,-12.0,north_america
amol_turkmenabad,12.0,central_asia
nalinggele,1.0,east_asia
winisk,-6.0,north_america
floda,6.5,western_europe
otaez,5.5,north_america
funchal,-1.0,north_africa
anjuj_river,-7.0,north_asia
zambrow,15.5,eastern_europe
geochang,21.0,east_asia
nizhny_novgorod,20.5,eastern_europe
papa,17.0,eastern_europe
xinjian,33.5,east_asia
abadan,13.0,middle_east
unazigmit,-7.0,north_asia
tak_elam,-2.0,north_america
virovitica,19.5,eastern_europe
badis,13.0,north_africa
neemannee,5.0,north_america
batan,6.0,south_east_asia
starominskaya,6.0,eastern_europe
arauca,6.0,south_america
bestyakh,-11.0,north_asia
chunan,29.5,east_asia
medak,22.0,south_asia
mongkawng,22.5,south_east_asia
agawa,21.0,east_asia
koliskoj,-7.0,western_europe
muang_jam,20.5,south_east_asia
lindesnes,11.0,western_europe
onnikisisaahtaayi,-2.0,north_america
notsuke,-1.0,east_asia
al_muazzam,2.0,middle_east
cetatea_balta,21.0,eastern_europe
huambos,5.0,south_america
zurich,24.0,western_europe
nouamghar,6.25,west_africa
santa_eufemia,15.0,western_europe
armizonskoye,-2.0,north_asia
mahan,11.0,middle_east
guba,7.0,east_africa
yalingkuo,5.0,east_asia
nganyaywana,-3.0,australasia
samye,3.5,east_asia
damala,17.0,eastern_europe
riga,28.0,eastern_europe
bilanga,9.0,west_africa
vaxjo,11.0,western_europe
dumbi,-3.0,central_africa
ecija,29.0,western_europe
putao,26.5,south_east_asia
goianas,-3.0,south_america
varto,9.5,eastern_europe
koi,14.0,eastern_europe
warangal,26.0,south_asia
thoire,18.5,western_europe
kanchanaburi,16.5,south_east_asia
luapula,1.0,east_africa
yongshan,24.5,east_asia
libonta,4.5,central_africa
nizhneudinsk,-1.5,north_asia
beesowuunenno,-2.0,north_america
durun,14.0,central_asia
cihuatlan,3.0,north_america
zakho,7.0,eastern_europe
mahres,11.0,north_africa
diaomen,24.5,east_asia
kolchugino,0.0,north_asia
sassandra,-0.5,west_africa
krasnoslobodsk,13.5,eastern_europe
kungsbacka,14.0,western_europe
mugi,21.0,east_asia
yangirabod,12.0,central_asia
tama,27.0,east_asia
waahukaahaanu,0.0,north_america
sirnak,14.5,middle_east
jianzhou,36.0,east_asia
yahi,-3.0,north_america
gazrin_chuluu,-2.0,east_asia
nekemte,4.0,east_africa
kirkuk,16.0,middle_east
campagna,19.0,western_europe
horstmar,17.0,western_europe
matabichuan,0.0,north_america
ust_kishert,-0.5,eastern_europe
dargol,11.5,west_africa
san_pedro,-0.5,west_africa
shima,22.0,east_asia
pangani,9.5,east_africa
sukhumi,13.25,eastern_europe
bareilly,30.0,south_asia
dmanisi,11.0,eastern_europe
bi_pi,-2.5,central_africa
rishton,12.0,central_asia
tashigang,1.5,east_asia
sershul,6.0,east_asia
temir_baba,7.0,central_asia
yunnan,23.0,east_asia
pursat,17.0,south_east_asia
gryfia_gora,19.0,western_europe
utumaala,-10.0,south_america
urodan,-6.0,north_asia
brno,24.0,western_europe
laishui,25.0,east_asia
tulsa,7.0,north_america
anhayca,-6.0,north_america
lingwu,22.5,east_asia
loimola,-3.0,western_europe
erbach_swabia,24.5,western_europe
jaunpur,34.0,south_asia
gulya,-2.0,north_asia
kami_shikoku,20.0,east_asia
deou,9.0,west_africa
quivira,6.0,north_america
amot,4.5,western_europe
or_qapi,-3.0,eastern_europe
bernburg,21.5,western_europe
pasvalys,11.0,eastern_europe
takla,-8.0,north_america
curu_leufvu,0.0,south_america
mithankot,22.5,south_asia
krebedje,-4.0,central_africa
nordhordland,12.25,western_europe
yoshiki_suou,26.0,east_asia
wagiman,-9.0,australasia
goba,6.0,east_africa
raghdan,3.0,middle_east
west_gogo,9.0,east_africa
woppaburra,-4.0,australasia
churapcha,-8.0,north_asia
ust_kabyrza,-9.0,north_asia
kazari,15.5,eastern_europe
naju,29.0,east_asia
pegnitz,22.0,western_europe
sacheon,24.0,east_asia
denkanikottai,19.5,south_asia
naraan_chilaun,-4.0,east_asia
kamniga,-9.0,north_asia
el_milia,11.0,north_africa
jishi,22.5,east_asia
abo,13.5,western_europe
khawr_baraka,4.5,east_africa
sudogda,16.5,eastern_europe
hahawakpa,3.0,north_america
aashbiliihkupe,3.0,north_america
alura,-3.0,australasia
antananarivo,2.5,east_africa
paliac,1.0,north_america
sanga_kongo,-3.0,central_africa
ariguani,4.0,south_america
mikasa,25.5,east_asia
khamir,7.0,middle_east
zula_michoacan,11.0,north_america
djilor,1.0,west_africa
urasoe,9.0,east_asia
yolombo,-2.0,south_america
tere,-1.5,southern_africa
zwolle,21.0,western_europe
buckingham,28.0,western_europe
novopavlovsk,8.5,eastern_europe
abakasnk,-2.5,north_asia
dhrangadhra,17.0,south_asia
lubaczow,13.0,eastern_europe
matano,14.0,south_east_asia
dehua,26.0,east_asia
ceduna,-3.0,australasia
shravanabelagola,17.0,south_asia
arvidsjaur,4.5,western_europe
cutzalan,9.0,north_america
cavan,4.0,western_europe
kawthaung,16.0,south_east_asia
biala_podlaska,16.5,eastern_europe
tsilalanarivo,4.5,east_africa
thasos,12.25,eastern_europe
arapgir,18.5,middle_east
kehaukee,2.0,north_america
edappaly,17.0,south_asia
kaifu,20.0,east_asia
rukai,22.0,east_asia
aydhab,6.0,east_africa
aribinda,9.0,west_africa
yexian,34.5,east_asia
malanji,-5.0,central_africa
nata,1.0,north_america
choctawhatchee,-4.0,north_america
fulda,20.0,western_europe
eregli_kar,13.0,middle_east
balkh,15.0,central_asia
quanning,22.5,east_asia
tokchen,3.5,east_asia
dakky,-8.0,north_asia
cauquen,7.0,south_america
limeuil,23.0,western_europe
cubao,-11.0,north_america
trongsa,14.0,south_asia
wied,19.5,western_europe
lisino,8.0,eastern_europe
sumsky_posad,-3.0,eastern_europe
ammoscongon,-4.0,north_america
dromahair,6.0,western_europe
gergeri,11.0,eastern_europe
veekuhane,-8.0,southern_africa
al_kharabah,2.0,middle_east
pulai,16.0,south_east_asia
ruyang,34.0,east_asia
dorogobuzh,20.5,eastern_europe
ingombe_ilede,-2.5,southern_africa
yaroslavl,20.5,eastern_europe
wushan,25.5,east_asia
pyshchug,9.5,eastern_europe
verkhnyaya_sinyachikha,-1.0,eastern_europe
bijagarh,18.5,south_asia
xiurong,27.0,east_asia
alxa,-4.0,east_asia
nenlhet,-4.0,south_america
belye_kresty,7.0,eastern_europe
ktenia,11.0,eastern_europe
kaynar,5.0,central_asia
bakhanay,-6.0,north_asia
talacogon,11.0,south_east_asia
zhanhe,6.5,east_asia
s_ezzaja,6.5,eastern_europe
edessa,17.0,eastern_europe
weilheim,20.0,western_europe
bizhbulyak,6.0,eastern_europe
segur,19.0,western_europe
komshecheh,11.0,middle_east
mojenga,3.0,central_africa
adakli,9.0,eastern_europe
arua,-11.0,south_america
qasr_al_qaba,0.0,middle_east
athenry,5.0,western_europe
kamodika,-7.0,north_america
baqqa,2.0,middle_east
yoberrore,-2.0,australasia
hiroo,-5.0,east_asia
kuranakh,-8.0,north_asia
tula_ark,6.0,north_america
tarifa,21.25,western_europe
nagarando,3.0,north_america
faqus,27.0,north_africa
luokong,20.5,east_asia
berber,4.5,east_africa
touba,-1.5,west_africa
nito,3.0,north_america
nyamwezi,-0.5,east_africa
xianyang,30.5,east_asia
eskil,15.0,middle_east
fugu,21.5,east_asia
targu_bengai,13.0,eastern_europe
alcazar_de_san_juan,15.0,western_europe
wailwan,-8.0,australasia
zhaohua,27.5,east_asia
qerri,9.5,east_africa
ehdacho,-8.0,north_america
joinville,23.0,western_europe
pangwa,3.5,east_africa
linjiang_jurchen,13.5,east_asia
baoan_dongguan,29.75,east_asia
kourim,27.0,western_europe
maralbexi,8.5,east_asia
saumur,23.5,western_europe
wazirabad,23.5,south_asia
nandagiri,19.5,south_asia
suq_al_ghinan,4.0,middle_east
samarkand,24.0,central_asia
amoltepec,4.5,north_america
lycksele,4.5,western_europe
sayun,4.0,middle_east
nagagami,-2.0,north_america
boeny,1.5,east_africa
daun,18.0,western_europe
diaboudior,-6.0,west_africa
lichuan,26.0,east_asia
uanaman,-9.0,north_america
suket,24.5,south_asia
muang_ngao,16.0,south_east_asia
pove,-4.0,central_africa
shajwa,-1.0,middle_east
thebes,17.0,eastern_europe
zhalong,8.0,east_asia
sybaatayy,-11.0,north_asia
bilokorovychi,13.0,eastern_europe
forcados,-5.5,west_africa
ploermel,23.0,western_europe
miritiba,-9.0,south_america
duhok,20.5,middle_east
menageesenog,-1.0,north_america
karangpurru,-4.0,australasia
itzamkanac,6.0,north_america
akhsisek,10.0,central_asia
piren,5.25,south_america
pishagar,14.0,central_asia
wikipoq,-2.0,north_america
mandu,23.5,south_asia
meinersen,19.0,western_europe
chandrapur,21.5,south_asia
calvas,3.0,south_america
lysufjord,-5.5,western_europe
mispec,-5.0,north_america
piletisipuk,-3.0,north_america
rimavska_sobota,18.0,eastern_europe
alcoy,20.0,western_europe
inebolu,14.0,middle_east
yenecamu,-1.5,north_america
shahbazpur,17.0,south_asia
saint_etienne,20.5,western_europe
goslar,19.0,western_europe
huarochiri,1.0,south_america
brioude,18.5,western_europe
kiis_gwaay,-5.0,north_america
ollo,9.5,east_asia
thanlyin,14.5,south_east_asia
tessawa,9.0,west_africa
des_nedhe,-10.0,north_america
sinkyone,-3.0,north_america
yuracare,-11.0,south_america
al_quway,0.0,middle_east
balla_arat,1.0,australasia
danilovka,6.0,eastern_europe
sitges,21.0,western_europe
guachoyo,7.0,north_america
bomokandi,-4.0,central_africa
yodzocahi,6.0,north_america
medveda,12.0,eastern_europe
kanibonzon,9.0,west_africa
hit,10.5,middle_east
teyas,2.0,north_america
tohickon,1.0,north_america
qusqu,-1.0,south_america
yichuan,23.5,east_asia
dirkou,5.0,west_africa
issoudun,19.0,western_europe
vaska,15.5,eastern_europe
abarkuh,11.0,middle_east
turkestan,12.0,central_asia
nemptu,3.5,east_asia
st_at_imcets,-10.0,north_america
volgsjo,1.5,western_europe
ts_il_kaz_koh,-9.0,north_america
lankou,25.5,east_asia
ganjam,29.0,south_asia
soras,4.0,south_america
andranosoa,1.0,east_africa
lagos,18.5,western_europe
vaslui,9.0,eastern_europe
podosinovets,-0.5,eastern_europe
mahatittha,22.0,south_asia
sao_luis_do_paraitinga,-8.0,south_america
renhua,23.0,east_asia
agsu,7.0,eastern_europe
vijayanagar,30.0,south_asia
shuihu,32.0,east_asia
drama,21.0,eastern_europe
kuzhbal,13.0,eastern_europe
choigan,3.5,east_asia
afso,9.0,north_africa
gusau,12.0,west_africa
najama,-4.0,southern_africa
mura,-11.0,south_america
albacete,13.0,western_europe
khategaon,22.5,south_asia
cullahill,13.0,western_europe
grachevka,6.5,eastern_europe
zuun_garyn_gobi,-4.0,east_asia
lupungu,-3.0,central_africa
girin_ula,10.5,east_asia
pai_tavytera,-1.0,south_america
konde,1.0,southern_africa
yanhe,22.5,east_asia
wetwin,19.5,south_east_asia
batang_tabir,19.0,south_east_asia
yacupipizote,-3.0,south_america
jiangyin,33.5,east_asia
rangiroa_atoll,-7.0,pacific_islands
lacane,6.0,north_america
rakitnya,16.0,eastern_europe
karasjok,2.0,western_europe
olenitsa,-7.0,western_europe
panina_ticutta,-10.0,north_america
ventadour,18.0,western_europe
dengfeng,27.0,east_asia
chiang_mai,21.5,south_east_asia
gualeguay,4.0,south_america
ohrid,15.0,eastern_europe
dawande,-1.0,south_america
narino,3.0,south_america
tikehau_atoll,-7.0,pacific_islands
weenhayek,-4.0,south_america
nicosia_cyp,21.0,middle_east
tekro,3.0,west_africa
piatra_lui_craciun,5.0,eastern_europe
raikot,24.5,south_asia
alchan,10.5,east_asia
mahaxay,16.5,south_east_asia
namjan,7.0,central_asia
matsigame,3.0,north_america
dibang,14.0,south_asia
katiola,1.5,west_africa
san_vicente_barquera,19.25,western_europe
qidaban,10.0,east_asia
yutai,26.0,east_asia
meshchovsk,14.0,eastern_europe
megiscane,-6.0,north_america
ponte_nova,-2.0,south_america
bitche,16.0,western_europe
revny,16.0,eastern_europe
medina,9.0,middle_east
kyoto,34.0,east_asia
songzhou_songzhou,28.0,east_asia
ahlat,8.0,eastern_europe
katha,17.5,south_east_asia
olenda,-6.0,central_africa
ningguta,13.5,east_asia
rho,29.0,western_europe
scatacook,-5.0,north_america
meaux,27.5,western_europe
cittaducale,19.0,western_europe
korhogo,1.0,west_africa
pohogwe,-5.0,north_america
aruja,-2.0,south_america
tifu,13.0,south_east_asia
yalutorovsk,0.0,north_asia
marin_balluk,-1.0,australasia
weyanock,1.0,north_america
hlynne,8.0,eastern_europe
tutova,9.0,eastern_europe
raritan,4.0,north_america
pikunwijimapu,5.0,south_america
ialophaybo,4.0,north_america
lanxi,31.5,east_asia
anomansah,0.75,west_africa
emba,5.0,central_asia
bovino,19.0,western_europe
sahoyue,-8.0,north_america
znojmo,21.0,western_europe
unda,5.5,east_asia
dassa_zoume,1.5,west_africa
mankessim,-3.0,west_africa
msinja,1.0,east_africa
atargan,-7.0,north_asia
kothagudem,19.5,south_asia
akonolinga,-7.5,central_africa
tombigbee,1.0,north_america
massanza,2.5,southern_africa
oltu,6.0,eastern_europe
bitburg,18.0,western_europe
cantilan,8.0,south_east_asia
kisimani_mafia,8.25,east_africa
bla,11.5,west_africa
kalapang,6.0,south_east_asia
gungabula,-7.0,australasia
tongdi,29.0,east_asia
guaviare,-4.0,south_america
thung_samrit,21.5,south_east_asia
nagar,14.0,south_asia
kcewite,-11.5,south_america
leiyang,31.5,east_asia
damar,16.0,south_east_asia
garreh,1.0,east_africa
conewago,-1.0,north_america
tunanmarca,4.0,south_america
takaichi,24.0,east_asia
kalahandinagara,29.0,south_asia
almenara,-7.0,south_america
hulu_kinabatangan,13.0,south_east_asia
nunu,-6.0,central_africa
niuwu,21.5,east_asia
sehore,26.5,south_asia
bayreuth,24.0,western_europe
sukhothai,29.5,south_east_asia
kasihta,1.0,north_america
huamanpata,5.0,south_america
demmin,19.0,western_europe
djabuganjdji,-9.0,australasia
vila_vicosa,22.5,western_europe
qianlong,28.5,east_asia
yunca,0.0,south_america
bielska_sloboda,6.0,eastern_europe
banua_lawas,16.0,south_east_asia
cherdyn,-0.5,eastern_europe
castellon_ampurias,21.25,western_europe
mahitahi,-5.0,australasia
samauma,-6.0,south_america
shuluun_khoboot_tsagaan,-2.0,east_asia
kluczbork,17.0,eastern_europe
naumburg,25.0,western_europe
talitsa_yelets,6.5,eastern_europe
fishguard,11.5,western_europe
shangxi,26.5,east_asia
mekoryuq,-7.0,north_america
kellollampu,1.0,south_america
kandas,-8.0,pacific_islands
rao,-6.0,pacific_islands
suzu,25.0,east_asia
mahnahwoonan,-7.0,north_america
cerocahui,3.0,north_america
yangabad,11.0,middle_east
dioumara,11.5,west_africa
moloka_i,-8.0,pacific_islands
minduso,10.0,south_east_asia
quiaghtena,1.0,north_america
sguuxs,-9.0,north_america
banikoara,4.0,west_africa
west_yao,8.5,east_africa
beeskow,20.5,western_europe
lukow,14.0,eastern_europe
anacostia,2.0,north_america
sira,17.0,south_asia
tandil,-2.0,south_america
mankon,-7.0,central_africa
jefferson,-5.0,north_america
espe,5.0,central_asia
jiading,31.5,east_asia
yeniseysk,-7.5,north_asia
levoca,15.0,eastern_europe
herrera,14.5,western_europe
ternopil,18.0,eastern_europe
ovaherero,-9.0,southern_africa
bateke_kongo,-9.0,central_africa
balaghat,21.0,south_asia
okanagan,-9.0,north_america
larnaca,20.25,middle_east
mansoura,25.0,north_africa
ranyah,5.0,middle_east
jalesar_doab,28.5,south_asia
sabalgarh,19.5,south_asia
chengshan,32.25,east_asia
mat_chau,21.5,south_east_asia
esquatak,0.0,north_america
atanagunypacam,0.5,north_america
sulusaray,12.0,middle_east
ogoowe_kongo,-6.0,central_africa
kissi_loc,9.0,west_africa
majuro_atoll,-7.0,pacific_islands
ulakh,-13.0,north_asia
adham,5.0,middle_east
hinthada,19.0,south_east_asia
lysva,-0.5,eastern_europe
jashpur_nagar,25.0,south_asia
saluzzo,26.0,western_europe
dzagyal,2.0,east_asia
sorin_nuur,0.0,east_asia
zintan,8.0,north_africa
hot,16.5,south_east_asia
osby,13.0,western_europe
o_ahu,-3.0,pacific_islands
suran,10.0,middle_east
ensisheim,26.5,western_europe
mtsensk,16.5,eastern_europe
arakaiu,-9.0,south_america
khachimcher,-8.0,north_asia
huolin,8.5,east_asia
maiwand,11.0,middle_east
chiavenna,17.0,western_europe
mussombo,3.0,central_africa
tchokana,6.0,north_america
lienz,20.0,western_europe
tolga,9.0,north_africa
namibe,-3.0,central_africa
kifumaji,2.0,central_africa
uren,13.0,eastern_europe
hamelin,21.5,western_europe
vindeln,4.5,western_europe
krems,21.5,western_europe
ngongoa_moelo,2.0,central_africa
balrampur,30.5,south_asia
pataxo,-6.0,south_america
quchan,10.0,central_asia
wenan,29.0,east_asia
kayal,30.75,south_asia
umgungundlovu,-3.0,southern_africa
malindi,2.0,east_africa
arkvaz,6.0,middle_east
gwangju,23.5,east_asia
ostrov,17.5,eastern_europe
toniato,1.0,north_america
epinal,23.0,western_europe
aleshtar,12.0,middle_east
luyang,27.5,east_asia
xelahuh,0.0,north_america
san_antonio_patrulha,-3.0,south_america
lambo,-2.0,east_africa
tekouch,14.0,north_africa
timaru,-1.0,australasia
kundar,29.5,south_asia
bor_tur,13.0,middle_east
pagwachuan,-2.0,north_america
manoninerina,-0.5,east_africa
hoh_xil,0.0,east_asia
malgara,20.0,eastern_europe
soma,13.0,middle_east
sindagi,21.0,south_asia
cairiani,-4.25,north_america
waitangi,-4.0,australasia
durbe,16.0,eastern_europe
wull_wull,-4.0,australasia
kemah,13.5,eastern_europe
tolmin,14.0,eastern_europe
tonala_coatzacoalco,6.5,north_america
stepan,11.5,eastern_europe
xochitepec,4.5,north_america
alfenas,-2.0,south_america
macomer,13.0,western_europe
zhangxian,24.0,east_asia
wanqiu,34.5,east_asia
inotonniicaah,0.0,north_america
angastaco,7.0,south_america
macenta,-3.0,west_africa
berleburg,16.0,western_europe
ayr,17.25,western_europe
apoquitaua,-6.0,south_america
tlaxomulco,9.0,north_america
lad_konin,15.0,eastern_europe
bahama,-3.0,north_america
yurba,0.0,east_asia
akaray,2.0,south_america
kuot,-8.0,pacific_islands
ivdel,-4.0,eastern_europe
auch,21.0,western_europe
samos,14.75,eastern_europe
isfara,9.0,central_asia
rudbar_sistan,14.0,middle_east
mobile,-1.0,north_america
gayiri,-5.0,australasia
wara_kham,4.0,east_asia
hargan,13.5,middle_east
waskada,8.0,north_america
ngisonyoka,1.0,east_africa
kupka,-9.0,north_asia
maranjab,10.0,middle_east
cirebon,23.0,south_east_asia
sindkedh,19.0,south_asia
bakairi,-3.0,south_america
eumseong,21.0,east_asia
calli,4.5,eastern_europe
bochuan,20.0,east_asia
innurmin,-10.0,north_asia
unju,15.0,east_asia
yongchang_yongchang,21.5,east_asia
tonekabon,19.0,middle_east
kobyle,9.0,eastern_europe
fushui,24.0,east_asia
kheong,12.5,east_asia
belmonte,13.0,western_europe
waitikka,-10.0,north_america
yakshur_bodya,5.0,eastern_europe
sarykopa,7.0,central_asia
panugallu,21.5,south_asia
kontagora,10.5,west_africa
karamoja,2.0,east_africa
holeylan,17.5,middle_east
dongping,24.5,east_asia
paola,18.0,western_europe
palana,-10.0,north_asia
kutahya,22.0,middle_east
hanimmei,11.0,north_africa
markahuamachuco,7.0,south_america
iguape,-4.0,south_america
quillarumiyoc,7.0,south_america
surruque,-0.5,north_america
yscani,8.0,north_america
liyang,36.0,east_asia
nekhel,17.0,north_africa
duoshui,23.0,east_asia
amboim,3.0,central_africa
birni_ader,7.0,west_africa
basai,28.5,east_asia
jaiba,-1.0,south_america
timbiqui,1.0,south_america
carijo,-3.0,south_america
clermont_en_argonne,23.0,western_europe
molina_de_aragon,18.0,western_europe
dutse,10.0,west_africa
emasulia,2.0,north_america
al_hamad,0.0,middle_east
suluk,8.5,east_asia
glavacioc,13.0,eastern_europe
lysychansk,8.5,eastern_europe
anavik,-4.5,western_europe
bemetara,19.5,south_asia
kallakurichi,17.0,south_asia
rahatgarh,26.5,south_asia
muang_nong_han_luang,21.5,south_east_asia
salamat,-1.0,central_africa
magherafelt,12.0,western_europe
thembelihle,-4.0,southern_africa
kouchibouguac,-2.0,north_america
fuji,27.0,east_asia
chudniv,15.0,eastern_europe
wengshui,22.5,east_asia
huamual,14.0,south_east_asia
huating,33.5,east_asia
tsageri,9.0,eastern_europe
idkabue,21.5,south_east_asia
ratnapura,26.5,south_asia
bayonne,28.0,western_europe
niah,16.0,south_east_asia
ongkakaringa,-3.0,australasia
chiloango,-3.0,central_africa
pudasjarvi,-0.5,western_europe
shua,-8.0,southern_africa
shalakusha,-3.0,eastern_europe
kalaa_of_ait_abbas,7.0,north_africa
guana,-4.0,south_america
colipilli,0.0,south_america
peyrusse,20.0,western_europe
mihkwakamiwi_sipiy,6.0,north_america
breno,19.0,western_europe
deyang,30.0,east_asia
calkini,2.0,north_america
kazan,8.5,eastern_europe
oleksandrivka,6.0,eastern_europe
lena_trail3,-11.0,north_asia
marburg,20.0,western_europe
tsuruga,22.5,east_asia
gorodetsk,16.0,eastern_europe
galkayo,9.0,east_africa
obruk,15.0,middle_east
barcelos,19.0,western_europe
tuin,-2.0,east_asia
mitimiri,4.5,east_africa
vumba_kuu,7.0,east_africa
beja_TUN,21.0,north_africa
yshyr,-4.0,south_america
waihopai,-2.0,australasia
nohmul,6.0,north_america
kabara_atoll,-7.0,pacific_islands
apalachee,1.0,north_america
cetateni,12.0,eastern_europe
hacibektas,17.0,middle_east
dongning,5.0,east_asia
kutima,-9.0,north_asia
laskarpur,21.5,south_asia
khairagarh,17.0,south_asia
kunto,19.0,south_east_asia
el_guerrara,9.0,north_africa
nanan_quanzhou,27.0,east_asia
pikwedina_sagaomam,-1.0,north_america
malyn,14.0,eastern_europe
surubiu,-11.0,south_america
kolpashevo,-11.0,north_asia
mussumba,-1.0,central_africa
kuujjuaq,-5.0,north_america
chalancon,19.5,western_europe
tzunuun,3.0,north_america
pandjih,12.0,central_asia
samasingha,24.5,south_asia
aztatlan,4.5,north_america
nizhelskoe,16.0,eastern_europe
storkyro,-3.0,western_europe
ayn_tamr,8.0,middle_east
omchak,-3.0,north_asia
matapesatakun,-6.0,north_america
slesvig,14.0,western_europe
kotor,15.0,eastern_europe
surat,19.5,south_asia
muravera,12.0,western_europe
shoreham,22.25,western_europe
lope,-6.0,central_africa
llenllenet_ten,-8.0,north_america
taka_atoll,-9.0,pacific_islands
latje_latje,-3.0,australasia
casalmaggiore,29.5,western_europe
el_kseur,12.0,north_africa
collique,1.0,south_america
ouham,-3.5,central_africa
habiyah,0.0,middle_east
pomorye,-7.5,eastern_europe
siletiteniz,-8.0,north_asia
kahiltna,-6.0,north_america
giannitsa,19.5,eastern_europe
nakhon_thai,16.5,south_east_asia
chikchar,3.5,east_asia
diangounte_camara,9.0,west_africa
zardana,20.0,middle_east
dacice,17.0,western_europe
south_yao,8.5,east_africa
cauroma,-1.0,south_america
meixian,30.5,east_asia
sera,22.0,east_asia
longwy,18.0,western_europe
rizhao,31.0,east_asia
duyang,22.5,east_asia
ust_kalmanka,-2.0,north_asia
oke_ila,-4.0,west_africa
fengxiang,26.0,east_asia
machisque,-8.0,north_america
kumux,8.0,east_asia
jaszbereny,19.0,eastern_europe
buaxaxxaashe,-5.0,north_america
anlu,29.0,east_asia
hajjah,7.0,middle_east
seia,15.0,western_europe
kizilca,14.0,middle_east
benauges,25.5,western_europe
ducheng,25.5,east_asia
pest,27.5,eastern_europe
monsol,-9.0,central_africa
ingul,6.0,eastern_europe
thien_truong,22.5,south_east_asia
sacchuma,1.0,north_america
khanashin,14.0,middle_east
kapuameut,-10.0,north_america
fifinda,-0.5,west_africa
antalya,20.25,middle_east
tarrana,21.5,north_africa
mebengokre,-3.0,south_america
sharda,16.0,south_asia
spilimbergo,26.0,western_europe
yeongcheon,28.5,east_asia
tokma,-8.0,north_asia
melilla,8.25,north_africa
tomamae,-5.0,east_asia
takedda,5.0,west_africa
changge,32.0,east_asia
tiruvannamalai,17.0,south_asia
burhanpur,25.5,south_asia
manzanares,17.0,western_europe
stezyca,15.5,eastern_europe
lyubashany,16.5,eastern_europe
tutak,11.5,eastern_europe
khanaser,13.0,middle_east
otog,26.0,east_asia
weithali,16.5,south_east_asia
lamphun,26.5,south_east_asia
kungwini,0.5,southern_africa
wawiyastan,-5.0,north_america
oxtlipan,6.5,north_america
tsentral,-8.0,north_asia
begho,1.5,west_africa
utsingi,-11.0,north_america
salta,9.0,south_america
stung_treng,21.5,south_east_asia
kostroma,18.5,eastern_europe
korenevo,15.5,eastern_europe
muang_wang,20.0,south_east_asia
maddela,9.0,south_east_asia
boleslawiec,21.0,eastern_europe
tiyuh_tuha,19.0,south_east_asia
kronach,17.0,western_europe
buenaventura,-5.0,north_america
lopasnya,13.5,eastern_europe
neumarkt,22.0,western_europe
sien,22.0,east_asia
kubuna,-9.0,pacific_islands
aksumbe,9.0,central_asia
yita,-7.0,south_america
ash_shuaybah_hail,2.0,middle_east
danyang,36.0,east_asia
vechta,19.0,western_europe
kelheim,24.5,western_europe
channan_pir,22.5,south_asia
shawinigan,-3.0,north_america
kichekokotic,-12.0,north_america
gombe,12.5,west_africa
lufeng,20.0,east_asia
kerman,11.0,middle_east
dannenberg,23.5,western_europe
paikmal,22.0,south_asia
eyapaysis,-6.0,north_america
abu_dhabi,2.0,middle_east
cantagalo,-2.0,south_america
bolghar,6.5,eastern_europe
curiche,-2.0,south_america
hipalan,-1.0,north_africa
khuzdar,8.0,middle_east
goure,9.0,west_africa
balikesir,23.0,middle_east
suchilapan,6.0,north_america
pudoga,-3.0,eastern_europe
glubczyce,21.0,eastern_europe
barjols,20.5,western_europe
vasilsursk,8.5,eastern_europe
luaha,14.0,south_east_asia
thiviers,19.0,western_europe
belalcazar,12.0,western_europe
myede,22.5,south_east_asia
north_hlanganu,0.5,southern_africa
sabugal,16.0,western_europe
yerevan,14.5,eastern_europe
xichong,27.0,east_asia
heby,15.5,western_europe
voznesenye,9.5,eastern_europe
zhanaarka,-5.0,north_asia
kuchinda,22.0,south_asia
yoichi,-5.0,east_asia
strathearn,12.0,western_europe
dushan,21.0,east_asia
sarashina,22.5,east_asia
al_arah,7.0,middle_east
nita,21.0,east_asia
ruby_valley,-11.0,north_america
camana,0.0,south_america
mengjin,31.5,east_asia
tankwa,-8.0,southern_africa
qurlutuq,-7.0,north_america
songye_kongo,-4.0,central_africa
lezuza,15.0,western_europe
bidzhan,9.5,east_asia
nwamethin,21.0,south_east_asia
saik_uz,-10.0,north_america
atishchevo,6.5,eastern_europe
ryazan,13.5,eastern_europe
shengeldy,9.5,central_asia
khar_bukhyn,2.5,east_asia
dexing,22.5,east_asia
medea,14.0,north_africa
karad,16.0,south_asia
ambraw,1.0,north_america
damavand,11.0,middle_east
epernay,20.5,western_europe
merzifon,14.0,middle_east
bir_ibn_hermas,0.0,middle_east
sikar,17.0,south_asia
sivrihisar,16.5,middle_east
whadjuk,-2.0,australasia
guerande,16.0,western_europe
phuenchapura,21.5,south_east_asia
nokor_reach_seyma,21.0,south_east_asia
makar,13.0,south_east_asia
seu_durgell,14.0,western_europe
dagu,28.5,east_asia
randolph,-6.0,north_america
shangyuan,39.5,east_asia
chuvan3,-7.0,north_asia
twana,1.75,north_america
qonirat,2.0,central_asia
arsuz,13.0,middle_east
cam_hoa,21.0,south_east_asia
fanyang,31.0,east_asia
pasukhdin,9.0,north_america
gray,23.5,western_europe
awa,22.0,east_asia
garingbal,-1.0,australasia
wadh,9.0,middle_east
eskimanetigon,0.0,north_america
irkutsk_kazachinskoye,-8.0,north_asia
bashtanka,2.0,eastern_europe
amaticoztitlan,3.0,north_america
jangyeon,20.0,east_asia
tayga,-8.0,north_asia
korra,34.5,south_asia
viana_bolo,17.0,western_europe
otelnuk,-5.0,north_america
tununaq,-12.0,north_america
kirira,-2.0,central_africa
teel,-4.0,east_asia
macuze,4.5,east_africa
chernyanka,6.0,eastern_europe
kawachi,26.0,east_asia
kasungu,1.0,east_africa
tondo,16.75,south_east_asia
swarakxen,-4.0,north_america
napetipi,-8.0,north_america
puruaran,3.0,north_america
leibnitz,25.5,western_europe
qixia,28.0,east_asia
spremberg,19.5,western_europe
wabuk,-10.0,north_america
giedraiciai,16.0,eastern_europe
wanzai,23.5,east_asia
gurkyang,27.0,east_asia
saarbrucken,20.0,western_europe
bou_hajla,13.0,north_africa
huayuan,23.0,east_asia
kirzhach,20.5,eastern_europe
so_so_goiw,-5.0,north_america
ceva,20.0,western_europe
przasnysz,14.0,eastern_europe
navskov,18.0,western_europe
sibenik,17.0,eastern_europe
uorga,-8.0,north_asia
camacota,-1.0,south_america
cholok_kaiyn,8.0,central_asia
molodo,-11.0,north_asia
eyvan,15.0,middle_east
guangxi,21.5,east_asia
snohomish,1.0,north_america
nakhchivan,14.5,eastern_europe
morsha,10.5,eastern_europe
dahra_sasykkol,9.0,central_asia
shiquan_maozhou,23.0,east_asia
rejang,13.0,south_east_asia
lapa,-3.0,south_america
gugu_badhun,-6.0,australasia
wannian,29.5,east_asia
shaxi,23.0,east_asia
dzongkar,-1.0,east_asia
pingyu,36.0,east_asia
tauramena,6.0,south_america
sokilets,15.5,eastern_europe
kozhikode,32.0,south_asia
mitoyo,27.0,east_asia
khagaria,31.5,south_asia
tiruccirapalli,20.5,south_asia
berchtesgaden,17.0,western_europe
seonsan,28.5,east_asia
longli,21.0,east_asia
izmit,27.75,middle_east
longjing,7.5,east_asia
luquemba,-3.0,central_africa
shestakova,-6.0,north_asia
mabale,-1.0,central_africa
skoura,10.0,north_africa
bavly,8.5,eastern_europe
taroudant,11.0,north_africa
sioure,1.5,west_africa
pusiga,12.5,west_africa
jaslo,10.0,eastern_europe
hatunsaray,13.0,middle_east
wadan,5.0,west_africa
uivvatok,-8.0,north_america
zangla,1.0,east_asia
putyatino,15.5,eastern_europe
kicpahat,9.0,north_america
targu_lapusnei,11.5,eastern_europe
kananaskis,-1.0,north_america
argaxtaax,-11.0,north_asia
coneto,1.0,north_america
ita_cuara,0.0,south_america
noanamaronga,-11.0,australasia
balgatai,1.0,east_asia
khalis_medina,-1.0,middle_east
lawdar,7.0,middle_east
malegoondeet,-3.0,australasia
parapolsky,-7.0,north_asia
minenga,1.5,central_africa
baita,17.5,eastern_europe
abil,5.0,middle_east
nelgese,-9.0,north_asia
killmallock,11.0,western_europe
glommadal,5.5,western_europe
ballsh,16.0,eastern_europe
pokrovskoye_yaroslav,13.0,eastern_europe
saikhandulaan,-2.0,east_asia
nice,21.25,western_europe
wogamusin,-6.0,pacific_islands
calahorra,19.5,western_europe
grythyttan,6.0,western_europe
sarcham,17.0,middle_east
zhangzi,29.0,east_asia
vitim,-8.0,north_asia
rytkuchi,-12.0,north_asia
demotica,24.5,eastern_europe
fanado,-7.0,south_america
turunku,8.5,west_africa
vianden,14.0,western_europe
yulalona,-3.0,north_america
yoshiki,19.0,east_asia
oxitlan,8.0,north_america
ganggalida,-6.0,australasia
morella,20.0,western_europe
dakadjalan,12.5,west_africa
minto,-8.0,north_america
berezovka,-6.0,north_asia
kaurna_pangkarra,-5.0,australasia
amaye,6.0,north_america
bakka,12.5,west_africa
shorabak,10.0,middle_east
chelan,-3.0,north_america
araban,8.0,middle_east
kamieniec,16.5,eastern_europe
hulu_kahayan,16.0,south_east_asia
kalassa,4.0,central_africa
appingedam,16.5,western_europe
bafoussam,-4.5,central_africa
berriane,9.0,north_africa
cheroenhaka,-1.0,north_america
sanlucar_la_mayor,29.5,western_europe
nakono,8.0,north_america
maya,-3.5,north_asia
pennadam,17.0,south_asia
kubar,5.0,east_africa
irbit,-3.0,eastern_europe
melenki,13.5,eastern_europe
becaguimec,0.0,north_america
slawharad,16.5,eastern_europe
tsitsiadi,-7.0,north_america
nandeva,1.0,south_america
kashmore,17.5,south_asia
totolapan,2.0,north_america
nabeul,15.0,north_africa
kauipushkakamat,-8.0,north_america
hongju,25.0,east_asia
el_kala,13.0,north_africa
kasuswapaskau,-5.0,north_america
ruichang,24.5,east_asia
yichun,26.0,east_asia
moussoro,7.0,west_africa
irvine,18.25,western_europe
shankargah,32.5,south_asia
ilog,8.0,south_east_asia
nurabad,13.0,middle_east
kiltina,-8.25,western_europe
tawurgha,11.0,north_africa
eqlid,10.0,middle_east
choquerecuay,1.0,south_america
hamtai,-10.0,pacific_islands
kandava,13.0,eastern_europe
yamdena,17.0,south_east_asia
nagh,10.0,middle_east
magalo,11.0,south_east_asia
yeyi,-7.0,southern_africa
ammonoosuc,-3.0,north_america
porekry,-3.0,south_america
nantes,30.0,western_europe
dluk,20.5,middle_east
handbord,12.0,western_europe
wila,3.0,central_africa
opaskwayak,0.0,north_america
nuweiba,14.0,north_africa
dhat_al_hajj,2.0,middle_east
dolyna,9.0,eastern_europe
dipalpur,28.5,south_asia
tagotoka,-10.0,north_america
sechelt,-4.5,north_america
chopim,-2.0,south_america
kokomini,-1.0,australasia
ribadavia,21.5,western_europe
fenoarivo,-1.0,east_africa
sam,7.0,central_asia
kochkor,7.0,central_asia
iwai,19.0,east_asia
lubango,3.0,central_africa
bavanat,11.0,middle_east
piltene,15.5,eastern_europe
tatartup,16.0,eastern_europe
kosa,6.5,east_africa
taweisha,8.0,east_africa
ngokro,-0.5,west_africa
sowunusiske,-10.0,north_america
fangling,24.0,east_asia
guangji,29.5,east_asia
tipperary,10.0,western_europe
jinxiang,31.0,east_asia
guarapuava,-3.0,south_america
erzurum,13.5,eastern_europe
priluky,-0.5,eastern_europe
ewu,-2.0,west_africa
tsurphu,7.5,east_asia
xunantunich,0.5,north_america
mutsun,-1.0,north_america
caravaca,12.0,western_europe
jiajiang,29.0,east_asia
kelay,13.0,south_east_asia
montaigu,19.0,western_europe
zhaldama,9.0,central_asia
bonny,-8.0,west_africa
muang_khemarat,22.5,south_east_asia
marbul,0.0,australasia
urmia,15.0,middle_east
khushab,24.5,south_asia
sol_galichskaya,9.0,eastern_europe
doetinchem,21.0,western_europe
veesky,8.5,eastern_europe
nishisonogi,20.0,east_asia
langqu,19.0,east_asia
nitra,23.5,eastern_europe
orinucu,-4.0,south_america
lubben,18.5,western_europe
faucigny,14.0,western_europe
sougb,-12.0,pacific_islands
raebareli,30.0,south_asia
bashukulumbwe,4.0,central_africa
tecohtzincalpan,1.0,north_america
ayllu_yacuchiri,-4.0,south_america
asbo,16.0,western_europe
tenamitl,6.0,north_america
somana,-0.5,east_africa
muhlhausen,19.0,western_europe
sainte_suzanne,21.0,western_europe
qingzhou_mongol,10.5,east_asia
chilia,7.5,eastern_europe
higashimuro,21.0,east_asia
tumanskaya,-7.0,north_asia
kustur,-8.0,north_asia
bryanka,-8.5,north_asia
shansu,35.5,east_asia
ougen,13.5,east_asia
cimanuk,22.0,south_east_asia
arar,0.0,middle_east
dantewada,17.0,south_asia
maleisiai,16.0,eastern_europe
nazym,-6.0,north_asia
qal_at_ibn_salama,12.0,north_africa
barbacadle,6.0,east_africa
sisimbles,-3.0,north_america
bosa_colombia,1.0,south_america
koko_bera,-1.0,australasia
verkhny_mamon,8.5,eastern_europe
kuku_yalanji,-7.0,australasia
akropong,-5.5,west_africa
opoczno,14.0,eastern_europe
botkul,0.0,eastern_europe
royston,25.0,western_europe
enxet,1.0,south_america
qushan,31.0,east_asia
changqing,30.5,east_asia
bunut,13.0,south_east_asia
tonshayevo,15.5,eastern_europe
caete,-1.0,south_america
lazdijai,16.5,eastern_europe
st_leonard,21.0,western_europe
tindouf,9.0,north_africa
bauska,20.5,eastern_europe
xylokastro,16.0,eastern_europe
zhangping,27.0,east_asia
hythe,17.0,western_europe
belin,25.5,western_europe
anbian,16.0,east_asia
balti,11.0,eastern_europe
coacoachou,-6.0,north_america
santarem,29.5,western_europe
dvarasamudra,17.0,south_asia
quipana,3.0,north_america
waskasoo,-2.0,north_america
mori_baridag,5.5,east_asia
savsat,9.0,eastern_europe
gaoming,26.5,east_asia
tunguska_trail5,-9.0,north_asia
thaton,19.5,south_east_asia
suphanburi,26.5,south_east_asia
yamsk,-10.0,north_asia
punakha,16.5,south_asia
xam_neua,20.5,south_east_asia
rapayan,1.0,south_america
fengle,29.5,east_asia
nguru,4.0,west_africa
chumdo,10.0,east_asia
ras_mkumbuu,7.0,east_africa
konghalla,20.25,western_europe
mattole,-3.0,north_america
barskoon,4.0,central_asia
assab,3.0,east_africa
brindisi,27.75,western_europe
incarraqay,7.0,south_america
ouarzazate,12.0,north_africa
ka_aub,-3.0,southern_africa
oktyabr_skii,-7.0,north_asia
fuchuan,22.5,east_asia
sapporo,-1.0,east_asia
debarq,8.5,east_africa
zara_uul,0.0,east_asia
naskwotchu,-8.0,north_america
tamura,17.0,east_asia
aundh,18.0,south_asia
qusquasrundee,-4.0,north_america
tauberbischofsheim,24.5,western_europe
masaks,-10.0,south_america
kamianets_podilskyi,20.5,eastern_europe
lashio,20.5,south_east_asia
ankavandra,1.5,east_africa
cincu,18.5,eastern_europe
modipe,-3.5,southern_africa
osenny,-9.0,north_asia
heiltsuk,-5.0,north_america
quincu,-3.0,south_america
hail,0.0,middle_east
salumbar,19.0,south_asia
jayrud,9.0,middle_east
kapan,11.0,middle_east
akdagmadeni,12.0,middle_east
manouane,-8.0,north_america
guarapiri,-9.0,south_america
chaling,24.0,east_asia
kwetabohigan,-5.0,north_america
sancerre,21.5,western_europe
sanjiaocheng,-1.0,east_asia
aghmat,15.0,north_africa
shenango,-3.0,north_america
banggarla,-8.0,australasia
meymeh,12.0,middle_east
baraka,-2.0,east_africa
genc,11.5,eastern_europe
bagu,-7.0,australasia
mudan_ula,10.5,east_asia
varzuga,-2.0,western_europe
qalancaq,2.0,eastern_europe
agartala,20.0,south_asia
nizhny_chir,4.5,eastern_europe
isili,12.0,western_europe
sexqeltqin,-11.0,north_america
coimbra,20.0,western_europe
samana_india,30.0,south_asia
paikend,12.0,central_asia
macuxi,6.0,south_america
jagga_kalemba,-1.0,central_africa
yangam,14.0,east_asia
xpaicheil,4.0,north_america
rakhiv,16.0,eastern_europe
sirhind,30.5,south_asia
sangkha,19.0,south_east_asia
ni_alniigi,2.0,north_america
shichaam,-5.0,south_america
yeskumaala,-10.5,south_america
amasipukwek,-11.0,north_america
tzintzuntzan,9.0,north_america
saleta,5.0,south_america
caserta,28.0,western_europe
chongoene,-3.0,southern_africa
saanich,1.75,north_america
amgun,2.5,east_asia
nlaka_pamux,-10.0,north_america
tratalias,12.0,western_europe
kyrenia,14.0,middle_east
zarand_iran,11.0,middle_east
illichpur,23.0,south_asia
maribor,27.5,western_europe
ruzayevka,11.0,eastern_europe
izborsk,13.0,eastern_europe
lingao,26.0,east_asia
glexwe,-8.0,west_africa
ikom,-3.5,west_africa
muskegon,2.0,north_america
leuven,26.0,western_europe
quuiich,-0.5,north_america
beya,0.5,north_asia
conegliano,27.0,western_europe
huaian,21.0,east_asia
namiquipa,0.0,north_america
bastia,12.25,western_europe
sicarate,1.0,south_america
kinsale,16.25,western_europe
ixtutz,3.0,north_america
zhaksy_karasay,5.0,central_asia
bereznehuvate,2.0,eastern_europe
cahenda,2.0,central_africa
salemi,17.0,western_europe
shamkir,8.5,eastern_europe
andijan,14.0,central_asia
kano,16.0,west_africa
shibam,4.0,middle_east
xianghe,31.0,east_asia
radomsko,16.0,eastern_europe
xiliang,14.0,east_asia
kaocheng,31.5,east_asia
sodankyla,-0.5,western_europe
dingbian_shunning,20.5,east_asia
turnu_magurele,9.5,eastern_europe
vonitsa,12.25,eastern_europe
ganen,16.0,east_asia
tumat,-10.0,north_asia
siberia_tenteksor,-3.0,north_asia
talwandi,28.5,south_asia
nainital,23.0,south_asia
trasigang,14.0,south_asia
pakembangan,22.0,south_east_asia
mukurru_bunkela,-3.0,central_africa
natigostec,-2.0,north_america
hajduszoboszlo,18.5,eastern_europe
latakia,17.25,middle_east
shangjin,24.5,east_asia
daxue,25.0,east_asia
apetowun,-4.0,north_america
bogesund,12.0,western_europe
yuanan,26.0,east_asia
ninghai,29.0,east_asia
kivualinagmut,-7.0,north_america
maracaju,-5.0,south_america
gayardilt,-4.0,australasia
londa,14.0,south_asia
xochiapa,6.0,north_america
gonabad,11.0,middle_east
svietlahorsk,11.5,eastern_europe
pindiga,-1.0,central_africa
ybiti,4.0,south_america
nipisso,-9.0,north_america
tipsinah,6.0,north_america
pacaca,-3.0,north_america
rutok,-1.0,east_asia
beki,7.0,central_asia
athabasca,-11.0,north_america
rala,1.5,east_asia
shilong,29.0,east_asia
azumi,21.0,east_asia
kennebunk,-2.0,north_america
malodelskaya,6.0,eastern_europe
stefani,14.0,middle_east
selephu,1.0,east_asia
dzogang,12.5,east_asia
hehe,30.5,east_asia
azcapotzalco,15.0,north_america
targu_mures,21.0,eastern_europe
rovegno,19.0,western_europe
baba_ata,11.0,central_asia
sweetwater,-7.0,north_america
bocaiuva,-1.0,south_america
parnu,14.75,eastern_europe
luebo,-3.0,central_africa
lango,2.5,east_africa
khaybar_janoub,5.0,middle_east
rumu,-6.0,pacific_islands
keyikte,-8.0,north_asia
cabo_corso,-0.5,west_africa
kakagi,0.0,north_america
seuhubeogoi,-9.0,north_america
tse_binestie,-1.0,north_america
gomene,4.5,east_africa
kolmarden,14.0,western_europe
jautok,-10.5,south_america
urfa,23.5,middle_east
pamkala,-5.0,australasia
catawba,1.0,north_america
glubocica,18.0,eastern_europe
gellivaara,4.5,western_europe
artush,7.0,east_asia
tybee,-1.5,north_america
loamba,3.0,central_africa
abdulino,8.0,eastern_europe
daga,17.5,south_asia
atnatuu,-6.0,north_america
tampacal,4.0,south_america
wangping,18.5,east_asia
presnowka,1.0,north_asia
tapqaq,-7.0,north_america
cananeia,-2.0,south_america
castleconnell,13.5,western_europe
siona,4.0,south_america
samana,-7.25,north_america
walyalup,1.0,australasia
choapan,4.0,north_america
chastye,5.5,eastern_europe
eura,-7.0,australasia
pantlan,4.5,north_america
wastina,4.0,north_america
gan,5.0,east_asia
bealanana,2.5,east_africa
tupancireta,4.0,south_america
rijeka,17.25,eastern_europe
ibiza,16.25,western_europe
damasonqua,-7.0,southern_africa
karmana,12.0,central_asia
alawa,-4.0,australasia
warluwarra,-4.0,australasia
waidhofen,18.0,western_europe
appleby,15.0,western_europe
starobin,13.0,eastern_europe
uchele,-11.0,north_asia
tsaratanana,1.5,east_africa
rei_bouba,-2.5,central_africa
banfora,10.5,west_africa
gadubanud,-4.0,australasia
calicua,-4.0,north_america
karasu,7.0,central_asia
alikovo,6.0,eastern_europe
macassa,4.0,north_america
shunchang,28.5,east_asia
acroas,-4.0,south_america
yongning_baisheng,21.5,east_asia
thal_daman,22.0,south_asia
kaiowa,0.0,south_america
sagara,11.5,east_africa
wanamara,-4.0,australasia
ewyas,15.0,western_europe
papora,32.0,east_asia
karendo,4.0,south_america
monmouth,14.0,western_europe
zica,13.0,eastern_europe
tulu_nama_dun,8.5,east_africa
inonu,16.0,middle_east
gharm,8.0,central_asia
chauchu_trail1,-7.0,north_asia
yaaucaniga,-1.0,south_america
makovskoe,-6.0,north_asia
suichang,25.0,east_asia
stavoren,14.0,western_europe
shimbay,2.0,central_asia
recas,16.0,eastern_europe
goringhaiqua,1.0,southern_africa
zyryan,-3.0,north_asia
ansongo,9.5,west_africa
chiaha,-1.0,north_america
yucheng_kaifeng,31.5,east_asia
nalut,6.0,north_africa
taunggyi,24.5,south_east_asia
maniatique,-2.0,north_america
khulna,19.5,south_asia
sultanwind,28.5,south_asia
hulun,3.5,east_asia
dondo,4.0,central_africa
tepecoacuilco,4.0,north_america
ust_barguzin,-3.0,north_asia
jukun,-6.0,australasia
yidu_qingzhou,31.0,east_asia
aopuni_atoll,-7.0,pacific_islands
alvito,24.0,western_europe
al_tiz,12.75,middle_east
mtoko,3.0,southern_africa
jurm,10.0,central_asia
yaqay,-11.0,pacific_islands
kamenskaya,4.5,eastern_europe
maping,29.5,east_asia
serdobinskaya,10.5,eastern_europe
yeha,0.0,east_africa
gorodishna,9.5,eastern_europe
kainsky_pas,-6.0,north_asia
ovimbundu_kongo,3.0,central_africa
katok,12.5,east_asia
gora,19.5,eastern_europe
thung_yang,16.5,south_east_asia
waingapo,19.0,south_east_asia
tlalpujahua,8.0,north_america
ankoro,-1.0,central_africa
weymouth,23.25,western_europe
shikama,27.0,east_asia
malaryta,13.5,eastern_europe
xiaodandang,19.5,east_asia
umea,6.75,western_europe
anadyr_trail,-5.0,north_asia
gyanema,9.5,east_asia
berdyuzhye,-2.0,north_asia
tucupita,-0.25,south_america
madaun,-11.0,north_asia
trencin,17.0,eastern_europe
tabo,5.0,east_asia
al_ula,1.0,middle_east
yverdon_les_bains,18.0,western_europe
shizong,22.5,east_asia
tara,-6.0,north_asia
kolomyia,12.0,eastern_europe
redhakhol,27.0,south_asia
chambon,21.0,western_europe
miksiw_sipisis,4.0,north_america
divrigi,18.0,middle_east
pingshan_huiyang,26.5,east_asia
tewaukon,8.0,north_america
conceicao,-4.0,south_america
comogre,2.0,north_america
lean,33.5,east_asia
arzew,20.25,north_africa
fem_mapu,-4.0,south_america
langenes,1.25,western_europe
turka,11.0,eastern_europe
bugulma,8.5,eastern_europe
rishiri,-5.0,east_asia
beni_sabih,11.0,north_africa
lankaran,17.0,middle_east
tradun,3.5,east_asia
yukhta,-9.0,north_asia
mandar_parvat,31.0,south_asia
ntiltxitk,-4.0,north_america
atbasar,-1.0,north_asia
abaga,-9.0,north_asia
sonepur,29.5,south_asia
xilong,22.5,east_asia
cangochamba,3.0,south_america
tsiripa,2.0,south_america
vederlax,9.0,western_europe
teltow,21.5,western_europe
manadeley,4.0,east_africa
barbastro,18.0,western_europe
quelimane,4.5,east_africa
zompanco,4.5,north_america
turiisk,13.0,eastern_europe
chagannur,24.0,east_asia
doberan,19.0,western_europe
papanton,2.0,north_america
xingtang,31.0,east_asia
wailaki,-3.0,north_america
vyatskiye_polyany,5.5,eastern_europe
iskenderun,16.25,middle_east
pocosin,-3.0,north_america
kamach,-1.0,south_america
helsingor,17.25,western_europe
maaqtusiis,-5.5,north_america
xincheng_xincheng,21.5,east_asia
wabinosh,-6.0,north_america
orange,28.5,western_europe
chaudandi,29.5,south_asia
ncomi,-6.0,central_africa
akkol,-5.0,north_asia
warungu,-1.0,australasia
chambeta,-8.0,north_asia
upper_sinu,4.0,south_america
chichester,24.5,western_europe
holstebro_lundenes,14.75,western_europe
dortmund,23.0,western_europe
alsfeld,23.0,western_europe
omalo,10.0,eastern_europe
nyzhnia_duvanka,8.5,eastern_europe
lukoyanov,11.0,eastern_europe
ndombe,-1.0,central_africa
lab,1.5,east_asia
kueshi,2.0,central_africa
peddapalli,19.5,south_asia
tamaulipeco,3.0,north_america
ljubljana,25.5,eastern_europe
enghien,21.0,western_europe
ningyuan,28.0,east_asia
tarczyn,18.0,eastern_europe
khargerd,11.0,middle_east
beja,26.5,western_europe
ummatur,17.5,south_asia
aguilar_de_campoo,18.0,western_europe
ye_ya_xabine,0.0,north_america
kajran,13.0,middle_east
tizatlan,10.0,north_america
linkoping,20.0,western_europe
rezoky,1.5,east_africa
yelnya,20.5,eastern_europe
haga,27.0,east_asia
cocomacan,5.0,north_america
kourou,-1.0,south_america
haerhhana,-4.0,east_asia
oapan,6.0,north_america
udamphur,26.5,south_asia
bone,19.0,south_east_asia
nisohone,8.0,north_america
chochenyo,5.0,north_america
hoveyzeh,11.5,middle_east
eschenbach,22.0,western_europe
lipno_nov,8.0,eastern_europe
kyzylkorgan,11.0,central_asia
albuquerque,20.0,western_europe
kargaly_aktobe,5.0,central_asia
takata,21.0,east_asia
kiokee,1.0,north_america
puebla_de_sanabria,19.0,western_europe
massawa,4.0,east_africa
ingonish,-9.75,north_america
dja_dja_wurrung,-4.0,australasia
belozerye,-3.0,eastern_europe
biysk,0.0,north_asia
ashuapmushuan,0.0,north_america
zhennan,21.5,east_asia
pakana,1.0,north_america
pascagoula,-4.0,north_america
guatacuba,-3.0,south_america
heyuan,25.5,east_asia
naomao,-4.0,east_asia
cataguases,-2.0,south_america
yongning_taihe,21.0,east_asia
nanjiang,23.0,east_asia
shighnan,8.0,central_asia
mula,12.0,western_europe
kanchapur,29.5,south_asia
batchawana,-4.0,north_america
pogomeg,-2.0,north_america
kologriv,9.5,eastern_europe
jhao,12.0,middle_east
tuul,1.0,east_asia
sanyuan,24.5,east_asia
barylas,-9.0,north_asia
hargeisa,6.0,east_africa
crailsheim,22.0,western_europe
kallamuckee,-1.0,north_america
settra_kru,-3.0,west_africa
trakai,14.5,eastern_europe
wanquan,33.5,east_asia
meli_pillan,16.0,south_america
assabet,0.0,north_america
tedim,15.5,south_asia
coree,-6.0,north_america
powalu,-5.0,north_america
aguere,1.25,north_africa
ralung,5.0,east_asia
tacuane,9.0,east_africa
rudbar,18.0,middle_east
terrest,10.0,north_africa
kholm_tver,14.0,eastern_europe
juxian,32.0,east_asia
banon,19.0,south_east_asia
bakota,16.5,eastern_europe
bandar_aceh,19.5,south_east_asia
dholpur,30.5,south_asia
agror,17.5,south_asia
hamidiyeh,13.5,middle_east
finalborgo,21.0,western_europe
kin_ligaai,2.0,north_america
jakelbalak,-5.0,australasia
kotelva,4.0,eastern_europe
orgyot,-8.0,north_asia
coria_del_rio,24.5,western_europe
volkona,16.5,eastern_europe
sergach,8.5,eastern_europe
tezpur,19.5,south_asia
anigiduwagi,-3.0,north_america
qianan,30.5,east_asia
dehshir,11.0,middle_east
mambrui,2.0,east_africa
hytop,-2.0,north_america
metigoshe,8.0,north_america
calw,19.0,western_europe
angadippuram,14.0,south_asia
piscopeek,-1.0,north_america
kisenga,-2.0,central_africa
al_mafalis,7.0,middle_east
dabarqi,4.5,east_africa
anguthimri,-6.0,australasia
saint_pons,17.0,western_europe
vienne,27.5,western_europe
udakh,0.0,middle_east
shanghang,30.5,east_asia
torzym,19.5,western_europe
beleuli,7.0,central_asia
dafang,19.0,east_asia
uzhur,-8.0,north_asia
lubile,1.0,east_africa
tartus,22.0,middle_east
kaipeshimushich,-11.0,north_america
hamheung,16.0,east_asia
chegem,10.0,eastern_europe
hulu_barito,13.0,south_east_asia
quibala,1.0,central_africa
koke_metchesko_laha,3.0,north_america
tsuga,24.0,east_asia
tovisq_ol,-3.0,north_america
kwerba,-9.0,pacific_islands
fushan,28.0,east_asia
rabat,26.5,north_africa
qingyun,31.0,east_asia
buk,18.0,eastern_europe
jaroujiji,1.5,north_america
higashimatsuura,22.0,east_asia
proszowice,20.5,eastern_europe
chengbu,23.0,east_asia
massawomeck,-4.0,north_america
sichon,14.0,south_east_asia
parrusit,-8.0,north_america
swiecie,16.5,eastern_europe
kazaidi,-2.0,central_africa
mahates,-1.0,south_america
deqing,34.0,east_asia
ulus,15.0,middle_east
tso_gon,25.0,east_asia
njamara,0.0,southern_africa
aksehir,15.0,middle_east
namyslow,17.0,eastern_europe
debre_tabor,10.0,east_africa
malumba,1.5,southern_africa
tendukheda,29.5,south_asia
bilbeis,27.0,north_africa
awen,-3.0,south_america
deloy_chet,-11.0,north_america
dunkirk,30.5,western_europe
cuellar,15.0,western_europe
tetlin,-5.0,north_america
mutumui,-7.0,australasia
fundeku,4.5,central_africa
choszczno,17.0,western_europe
ikryanoye,2.5,eastern_europe
sakirabia,-6.0,south_america
pilibhit,28.0,south_asia
xindi,28.5,east_asia
mechet,2.5,eastern_europe
tongwancheng,26.0,east_asia
misool,17.0,south_east_asia
chongde,34.0,east_asia
phonsavan,22.5,south_east_asia
ngazidja,-1.0,east_africa
xalostotitlan,11.0,north_america
naklo,13.0,eastern_europe
nidula,-11.0,pacific_islands
buraydah,2.0,middle_east
ngau,-9.0,pacific_islands
marghinan,12.0,central_asia
krasnystaw,16.0,eastern_europe
kagawask,-5.0,north_america
montaigut,19.0,western_europe
puddokothai,22.0,south_asia
van_ban,23.5,south_east_asia
huaiyuan_rongzhou,22.5,east_asia
termez,12.0,central_asia
kalavryta,15.0,eastern_europe
mayang,26.0,east_asia
tiri,-8.0,pacific_islands
warburg,19.0,western_europe
rumoi,-5.0,east_asia
korusi,2.0,north_america
tengdong,28.0,east_asia
amet,17.0,south_asia
garhwa,24.0,south_asia
chumnungwa,-1.0,southern_africa
qayyarah,14.5,middle_east
sada,-3.0,east_africa
jintan,38.0,east_asia
ouasimesca,-6.0,north_america
dyrnes,-4.0,western_europe
bankuy,12.0,west_africa
krusevac,16.0,eastern_europe
jajnagar,29.5,south_asia
nantucket,0.25,north_america
sarikei,11.0,south_east_asia
estella,20.0,western_europe
kurung_yuryakh,-8.0,north_asia
stryn,8.0,western_europe
alexandria,40.5,north_africa
upper_ulz,4.0,east_asia
yugan,26.5,east_asia
siwana,19.5,south_asia
kuruaya,-11.0,south_america
camataqui,5.0,south_america
anfa,18.25,north_africa
quang_yen,24.75,south_east_asia
guma,8.0,east_asia
aichi,29.5,east_asia
trysil,4.5,western_europe
karpus_mahal,16.0,south_east_asia
banjar,13.0,south_east_asia
edaula,-7.0,north_america
buzikkala,7.0,central_asia
dzhuk,6.5,east_asia
zhenghe,25.0,east_asia
sant_feliu,25.25,western_europe
wapahani,1.0,north_america
jinhua,36.5,east_asia
rieti,16.0,western_europe
makrana,17.0,south_asia
nagavskaya,4.5,eastern_europe
slyudyanka,-5.0,north_asia
kwaraae,-11.0,pacific_islands
hedemora,9.5,western_europe
guramal,-3.0,australasia
orlov,-0.5,eastern_europe
thumilki,5.0,south_america
suledal,2.0,western_europe
yaguabo,-8.0,north_america
turda,21.0,eastern_europe
battara,-5.0,australasia
mawhera,-6.0,australasia
chucutitlan,4.5,north_america
kirchdorf,15.0,western_europe
tavayveem,-8.0,north_asia
sakti,17.0,south_asia
yakhi,4.0,east_asia
ballalapura,23.5,south_asia
gulcha,12.0,central_asia
thula,6.0,middle_east
corleone,16.0,western_europe
negar,11.0,middle_east
hagwilget,-8.0,north_america
salaspils,20.5,eastern_europe
itu,-2.0,south_america
imizu,27.0,east_asia
krenak,-7.0,south_america
nishapur,18.0,central_asia
daroca,13.0,western_europe
debyosy,-1.0,eastern_europe
saint_florentin,19.0,western_europe
namwon,19.0,east_asia
bohai,28.5,east_asia
kagiwigwan,4.0,north_america
termini,21.0,western_europe
asingasta,-7.0,south_america
vaymuga,-3.0,eastern_europe
anak,31.0,east_asia
malykhan,-8.0,north_asia
rangpur_bengal,26.5,south_asia
chamba,2.5,west_africa
czluchow,13.0,eastern_europe
burkand_ya,-4.0,north_asia
shikarpur,17.0,south_asia
bandar_lengeh,12.0,middle_east
woonsocket,-2.0,north_america
wha_ti,-6.0,north_america
lee,-5.0,south_america
yolngu,-8.0,australasia
grandpre,21.0,western_europe
tuszyn,14.0,eastern_europe
ostroleka,10.5,eastern_europe
saalfeld,15.0,western_europe
nagarparkar,15.0,south_asia
graz,28.5,western_europe
koyulhisar,17.5,middle_east
sonda,19.5,south_asia
split,17.75,eastern_europe
karystos,15.75,eastern_europe
yongshun,19.5,east_asia
villaviciosa,17.25,western_europe
rovinj,16.25,eastern_europe
zembe,1.5,southern_africa
nova_friburgo,-4.0,south_america
chitek,-5.0,north_america
wemotaci,-8.0,north_america
tlatlauquitepec,6.0,north_america
mingshui,29.0,east_asia
nguburinji,-7.0,australasia
qaxun,-7.0,north_america
gwatar,12.5,middle_east
em_dinaneni,-6.5,southern_africa
muhammad_tur,16.5,south_asia
quinhagaq,-7.0,north_america
domfront,19.0,western_europe
lubny,14.0,eastern_europe
ij_iran,10.0,middle_east
myitkyina,24.5,south_east_asia
nordhausen,19.0,western_europe
nambikwara,-6.0,south_america
siberia_bor,-6.0,north_asia
wenchang,27.25,east_asia
shuangxi,27.0,east_asia
daingean,11.0,western_europe
tututepec,5.5,north_america
kharturan,6.0,central_asia
pengshui,27.5,east_asia
aspotogan,-2.0,north_america
opinicon,-4.0,north_america
musi_hilir,16.0,south_east_asia
kombai,-6.0,pacific_islands
kadyy,10.5,eastern_europe
tenggulang,14.0,south_east_asia
ceneda,26.0,western_europe
kapuvar,19.0,eastern_europe
balyktykol,-1.0,north_asia
etzatlan,10.0,north_america
kendal,10.0,western_europe
domakha,2.0,eastern_europe
sebech,18.0,eastern_europe
sekayam,11.0,south_east_asia
siirt,17.0,middle_east
fathabad,25.5,south_asia
shabwa,5.0,middle_east
baden_im_aargau,22.5,western_europe
sosso,11.5,west_africa
diepholz,14.0,western_europe
wapikopa,-6.0,north_america
manily,-5.0,north_asia
bandarbeyla,6.0,east_africa
mahaiwe,-5.0,north_america
wecho,-6.0,north_america
zoe,-11.0,south_america
panzaleo,0.0,south_america
kuwena,-6.0,australasia
waropen,-8.0,pacific_islands
hwaju,11.5,east_asia
vitebsk,18.5,eastern_europe
caly,-1.0,south_america
baling,33.5,east_asia
morkvash,5.5,eastern_europe
lefu,10.5,east_asia
husi,11.5,eastern_europe
lijin,28.5,east_asia
rahor,14.0,east_asia
yuci,25.0,east_asia
varanasi,41.5,south_asia
jalandhar,33.5,south_asia
kahta,18.5,middle_east
karauli,21.5,south_asia
canindeyu,1.0,south_america
liverpool,21.0,western_europe
moramanga,4.5,east_africa
miopacoas,-3.0,north_america
ballardong,-3.0,australasia
roshtkhar,11.0,middle_east
margany,-6.0,australasia
grabow,19.0,western_europe
umanske,4.0,eastern_europe
difunda,-1.0,central_africa
peyre,17.0,western_europe
tsepina,16.0,eastern_europe
liangshan,27.0,east_asia
camanducaia,-2.0,south_america
tykhomel,16.0,eastern_europe
baraba_baraba,-8.0,australasia
varberg,16.0,western_europe
vatnahverfi,-4.0,western_europe
strelitz,18.5,western_europe
arkhangelsk,0.0,eastern_europe
tal_afar,10.0,middle_east
tavdinsky_sloboda,-6.0,north_asia
iyesyak,-6.0,north_asia
sangvor,12.0,central_asia
kapurthala,23.5,south_asia
ashigara,22.0,east_asia
kanthal,16.5,south_asia
krowathunkkooloong,-2.0,australasia
kaysun,19.5,middle_east
imbaguarbak,4.0,south_america
frydlant,16.0,western_europe
washita,7.0,north_america
karahisar_i_sahib,15.0,middle_east
nukutavake,-7.0,pacific_islands
ghazipur,34.5,south_asia
schwyz,16.0,western_europe
poskatinak,-11.0,north_america
wuxian,41.5,east_asia
miryang,22.5,east_asia
sui,15.0,south_asia
bent,9.0,middle_east
songzhou,20.5,east_asia
an_nasifah,2.0,middle_east
oskennonton,-2.0,north_america
chongming,32.0,east_asia
pennacook,0.0,north_america
tonsberg,14.0,western_europe
khupati,16.5,middle_east
narsinghpur,21.5,south_asia
tipanuk,-5.0,north_america
jincheng,23.0,east_asia
pumbo,-9.0,central_africa
mongoffa,1.0,central_africa
bayombe,-3.0,central_africa
kuelap,5.0,south_america
lavras,-2.0,south_america
eskalapia,-2.0,north_america
naggar,24.5,south_asia
ayays,6.0,north_america
massa,19.0,western_europe
quijos,2.0,south_america
jianyang,26.0,east_asia
bukachacha,-2.0,north_asia
kembhavi,21.0,south_asia
kalalaw,10.0,south_east_asia
callamaco,-1.0,north_america
baining,-8.0,pacific_islands
onasatis,-5.0,north_america
bivona,16.0,western_europe
makarska,12.0,eastern_europe
uashekanau,-7.0,north_america
dharug,-2.0,australasia
yeonsan,22.5,east_asia
curuai,-11.0,south_america
khadyzhi,4.0,eastern_europe
tepexi,5.5,north_america
natuak,-5.0,north_america
saura,1.0,north_america
nellore,24.5,south_asia
phalvardhika,15.0,south_asia
lihula,9.0,eastern_europe
thiesi,15.0,western_europe
ropsk,14.0,eastern_europe
ghariyan,6.0,north_africa
stlpulmsh,-2.0,north_america
korsun,16.5,eastern_europe
uhtuo,-6.0,western_europe
orebro,15.0,western_europe
a_keis,-9.0,southern_africa
lanezi,-11.0,north_america
ashalaho,-10.0,north_america
tuy,25.0,western_europe
chesapeake,-5.0,north_america
brussels,32.0,western_europe
novonikolayevsky,6.0,eastern_europe
macerata,24.0,western_europe
quigate,2.0,north_america
farashband,12.0,middle_east
novohrad_volynskyi,13.0,eastern_europe
akjoujt,5.0,west_africa
ixmiquilpan,4.0,north_america
santee,1.0,north_america
ponil,-1.0,eastern_europe
chetilla,7.0,south_america
pskov,27.5,eastern_europe
nkambe,-6.5,central_africa
kalinkavichy,16.5,eastern_europe
louth,20.0,western_europe
al_shihr,7.0,middle_east
higashikanbara,20.0,east_asia
niurba,-6.0,north_asia
krupanj,12.5,eastern_europe
maaselka,-5.0,western_europe
peschiera,29.5,western_europe
kedu,21.5,east_asia
currumil,0.0,south_america
thayet,20.5,south_east_asia
hpa_an,19.5,south_east_asia
stramba,14.0,eastern_europe
tuban_java,19.0,south_east_asia
kuse,27.0,east_asia
liwa,2.0,middle_east
buruwai,-8.0,pacific_islands
shanyang,21.0,east_asia
nantwich,15.0,western_europe
asti,26.0,western_europe
lematang,14.0,south_east_asia
tora_nju,-3.0,southern_africa
zarqan,13.0,middle_east
chatahoochee,1.0,north_america
chioggia,32.25,western_europe
meiqiu,29.0,east_asia
lentekhi,9.0,eastern_europe
copane,4.0,north_america
constanta,14.0,eastern_europe
berestyn,6.0,eastern_europe
kamut,-5.0,north_america
amberg,20.0,western_europe
fatehabad,30.5,south_asia
marbella,23.25,western_europe
odienne,1.0,west_africa
walalde,1.5,west_africa
nagahrada,22.5,south_asia
isernia,21.0,western_europe
lilienfeld,17.0,western_europe
martigny,17.5,western_europe
trowbridge,20.0,western_europe
tickanwatic,8.0,north_america
xiaoxi,32.5,east_asia
yongping,23.0,east_asia
makatao,23.25,east_asia
antalaha,-6.0,east_africa
hinyankaga,-2.0,north_america
dilling,4.0,east_africa
kayseri,21.5,middle_east
tenut,-9.0,north_asia
karaikal,19.5,south_asia
dzhulsub,9.0,central_asia
mazinaw,-4.0,north_america
ubari,9.0,north_africa
bahla,-1.0,middle_east
kaiparowit,-7.0,north_america
awbeh,12.0,central_asia
shimian,25.5,east_asia
tula_russia,14.0,eastern_europe
finike,12.0,middle_east
skara,20.0,western_europe
huoyi,22.0,east_asia
qandala,3.0,east_africa
naam,-1.0,middle_east
mengding_mengzi,19.5,east_asia
itekiatonhniarikon,-5.0,north_america
jingling,29.5,east_asia
eisenberg,18.0,western_europe
badam,16.0,central_asia
novy_bykhaw,16.5,eastern_europe
kotri,21.5,south_asia
tarinkot,11.0,middle_east
turrbal,1.0,australasia
gaiseni,14.0,eastern_europe
xianju,27.0,east_asia
innsbruck,28.5,western_europe
tapuy,-6.0,south_america
asadabad_kunar,18.5,south_asia
kinnickinnic,1.0,north_america
sully,21.5,western_europe
ichagarh,29.0,south_asia
mateur,14.0,north_africa
leuktron,16.0,eastern_europe
kalambo,2.0,central_africa
sana_tx,8.0,north_america
rutland,20.0,western_europe
lutsk,16.5,eastern_europe
saghand,10.0,middle_east
ragunda,2.5,western_europe
mackenzie,-3.0,north_america
boli,8.5,east_asia
hatunllacta,1.0,south_america
gonda,30.5,south_asia
timbira,-4.0,south_america
bala,-6.0,north_asia
beryozovo,-11.0,north_asia
myeongcheon,10.0,east_asia
alsigontekw,1.0,north_america
caspe,17.5,western_europe
neesihushaanu,2.0,north_america
khotiml,14.0,eastern_europe
rakni,17.0,south_asia
konda,-11.0,north_asia
andegerebenha,-4.0,australasia
corinth,24.75,eastern_europe
charikar,10.0,central_asia
nishiokitama,15.0,east_asia
meknes,22.0,north_africa
nikki,0.0,west_africa
tenki,-8.0,north_asia
andolo,19.0,south_east_asia
maoming,27.0,east_asia
kirsanov,8.0,eastern_europe
tongliang,32.5,east_asia
medjez_el_bab,19.0,north_africa
tiatiki,3.0,north_america
ilanbalyk,9.0,central_asia
khiyav,15.0,middle_east
ajdabiya,10.5,north_africa
hofgeismar,19.5,western_europe
douz,7.0,north_africa
kutapuskuj,-11.0,north_america
semarang,22.0,south_east_asia
hungry_horse,-4.0,north_america
hatun_xauxa,5.0,south_america
alvdal,0.5,western_europe
opuskowin,-11.0,north_america
sripura,24.0,south_asia
muborak,10.0,central_asia
ghari,-11.0,pacific_islands
anah,10.5,middle_east
akinkumasnuqit,-2.0,north_america
bumthang,14.0,south_asia
khurda,24.5,south_asia
mikhaylov,11.0,eastern_europe
rodoscuk,21.0,eastern_europe
shchuchyn,15.5,eastern_europe
ardagh,16.0,western_europe
vyazma,22.0,eastern_europe
nagarkot,26.5,south_asia
antioch,29.0,middle_east
caniapiscau,-7.0,north_america
scone,13.0,western_europe
sighisoara,16.0,eastern_europe
nanle,31.5,east_asia
mikiwam,-3.0,north_america
ikala,-7.0,australasia
taihu,27.0,east_asia
khomeyn,13.0,middle_east
zhanhua,26.0,east_asia
karakaralong_islands,14.0,south_east_asia
suiyang,20.0,east_asia
flekkefjord,13.5,western_europe
tata_MOR,6.0,north_africa
grantham,20.0,western_europe
hoengeiqua,-1.0,southern_africa
lefini,-9.0,central_africa
massangano,0.5,southern_africa
maynoa,-7.0,north_america
tynset,3.5,western_europe
maxakali,-7.0,south_america
vowpa,15.0,eastern_europe
ajim,14.25,north_africa
ryazhsk,13.0,eastern_europe
numaykoos,-11.0,north_america
eckernforde,16.5,western_europe
launceston,22.0,western_europe
bardi_australia,-9.0,australasia
kuantan_riau,19.0,south_east_asia
kalahasti,22.0,south_asia
xllang,4.0,south_america
baghran,11.0,middle_east
waka_waka,-3.0,australasia
armagh,10.0,western_europe
moosonee,-10.0,north_america
laval,21.0,western_europe
argyrokastro,13.0,eastern_europe
kikamba,2.0,central_africa
haomen,16.0,east_asia
iki_burul,2.0,eastern_europe
lavagna,25.0,western_europe
sandan,19.5,south_east_asia
oiyin_korken,-4.0,east_asia
utsjoki,2.5,western_europe
tangdan,25.5,east_asia
waaninaawangang,0.0,north_america
beng_mealea,24.0,south_east_asia
samboangan,8.0,south_east_asia
watlala,-3.0,north_america
yongqing,31.0,east_asia
saint_lizier,14.0,western_europe
manuri,-3.0,australasia
bars_khot,2.5,east_asia
pembina,8.0,north_america
mechoopda,1.0,north_america
pucheveyem,-7.0,north_asia
eidsvoll,3.0,western_europe
jingan,21.0,east_asia
mogilno,14.0,eastern_europe
valuyki,6.0,eastern_europe
ar_rabadha,4.0,middle_east
antietam,1.0,north_america
chilapa,2.0,north_america
nikopol,16.5,eastern_europe
tikhvin,8.0,eastern_europe
hvalsey,-1.0,western_europe
dutsi,13.0,west_africa
mogador,12.25,north_africa
gwenaska,-2.0,north_america
barinas,4.0,south_america
lucknow,34.0,south_asia
machaqa,5.0,south_america
umm_al_ghiran,2.0,middle_east
dongola,9.5,east_africa
imbangala,-3.0,central_africa
nidym,-9.0,north_asia
tutrakan,14.5,eastern_europe
foshnya,15.0,eastern_europe
tongzhou,24.5,east_asia
pissis,1.0,south_america
la_mure,14.0,western_europe
kargopol,-0.5,eastern_europe
qabala,12.0,eastern_europe
iyawakagapi,-2.0,north_america
gambaru,11.5,west_africa
besalampy,-1.0,east_africa
parchim,17.0,western_europe
hradiste,23.0,western_europe
kassengue,-3.0,central_africa
onaping,-2.0,north_america
ixtlahuacan,11.5,north_america
cuyahoga,1.0,north_america
lahri,17.0,south_asia
piaxtla,2.0,north_america
nagaradalaax,-6.0,north_asia
sumbawa,16.0,south_east_asia
buda,26.5,eastern_europe
y_lkytveem,-7.0,north_asia
shingwako,5.0,north_america
untari,29.5,south_asia
rothenburg_oberlausitz,19.5,western_europe
nakpa,4.5,west_africa
memphremagog,-2.0,north_america
malka,-5.0,north_asia
hupenuu,2.0,north_america
gayon,-3.0,south_america
ongjin,24.0,east_asia
atpazari,21.5,middle_east
rekapalle,16.5,south_asia
dainggatti,-4.0,australasia
ingolstadt,22.5,western_europe
chalon_sur_saone,25.5,western_europe
ungheni,11.5,eastern_europe
guadix,18.0,western_europe
pogostishche,14.0,eastern_europe
yambio,7.5,east_africa
moca,-6.0,north_america
kumylzhenskaya,8.5,eastern_europe
nogaro,23.0,western_europe
beljamen,2.5,eastern_europe
samsun,19.75,middle_east
parun,16.0,south_asia
al_abala,5.0,middle_east
jepara,20.0,south_east_asia
chiroqchi,19.0,central_asia
puka_tampu,3.0,south_america
marmande,25.5,western_europe
ringkobing,16.0,western_europe
tabiteuea_atoll,-6.0,pacific_islands
tazzarine,6.0,north_africa
dire_dawa,6.0,east_africa
sabu,20.0,south_east_asia
nevers,23.5,western_europe
ogonok,-3.0,north_asia
bristol,30.0,western_europe
schleusingen,15.0,western_europe
zemplin,18.5,eastern_europe
rochester,29.0,western_europe
coahuayana,2.0,north_america
nakhon_chum,21.5,south_east_asia
longxi,33.25,east_asia
shicheng_jizhou,31.0,east_asia
hsipaw,22.5,south_east_asia
attawapiskat,-10.0,north_america
vydreya,16.0,eastern_europe
podberezye,16.5,eastern_europe
rio_nunez,-6.0,west_africa
opochka,18.0,eastern_europe
kajyub,1.5,north_america
shanghe,31.0,east_asia
hallingdal,3.0,western_europe
chipagwe,0.5,southern_africa
rossano,21.0,western_europe
metica,6.0,south_america
yjxa,-11.0,south_america
yazdikhwast,11.0,middle_east
maukallaqta,7.0,south_america
kalagan,7.0,south_east_asia
thetford,25.0,western_europe
onistagane,-8.0,north_america
volodymyrets,16.5,eastern_europe
ngisir,-1.0,east_africa
paiyo_he,-2.0,north_america
paine,-6.0,south_america
malha,2.0,east_africa
tudeshk,11.0,middle_east
balagachchy,-8.0,north_asia
ariste,-8.0,south_america
tumzhdin,1.5,east_asia
ramhormoz,11.0,middle_east
amarbayas_galang,5.5,east_asia
danilov,15.5,eastern_europe
shenmu,19.5,east_asia
mashdhubah,2.0,middle_east
iferouane,3.0,west_africa
jailolo,17.0,south_east_asia
moro,13.0,south_east_asia
daik,17.0,south_east_asia
libolo,0.0,central_africa
zagan,17.0,eastern_europe
ingapirca,5.0,south_america
kuretsk,11.5,eastern_europe
mankera,22.5,south_asia
subansiri,17.5,south_asia
dovolnoye,-2.0,north_asia
chester,15.5,western_europe
havero,4.5,western_europe
saintala,29.0,south_asia
wanapitei,0.0,north_america
hulawen,13.5,east_asia
pentlatch,-4.5,north_america
clermont_en_beauvaisis,21.0,western_europe
makgadikgadi,-4.0,southern_africa
horb,22.0,western_europe
ningyuan_wananjun,20.5,east_asia
bajone,4.5,east_africa
tanico,3.0,north_america
salkhad,11.0,middle_east
kurokawa,20.0,east_asia
kolser,-2.0,south_america
kavalan,29.0,east_asia
msoro,-0.5,east_africa
rayen,10.0,middle_east
verkh_chebula,-8.0,north_asia
stswecen_c,-2.0,north_america
orland,3.25,western_europe
sungurlu,17.5,middle_east
xihua,34.5,east_asia
masbate,11.0,south_east_asia
scarborough,13.25,western_europe
trondenes,1.5,western_europe
qala_naw,16.0,central_asia
tirupati,14.0,south_asia
yekooche,-10.0,north_america
karhumagi,-3.0,western_europe
air_hitam,9.0,south_east_asia
bayazit,13.0,middle_east
wuyi,27.0,east_asia
manouanis,-9.0,north_america
konstantinovka,6.0,eastern_europe
lundey,-3.0,western_europe
dishmok,16.0,middle_east
varamin,14.0,middle_east
panna,26.5,south_asia
messoyakha,-10.0,north_asia
kendawangan,14.0,south_east_asia
hwasun,20.0,east_asia
mechiso,-11.0,north_america
amaimon,-6.0,pacific_islands
mokwa,2.5,west_africa
baawitigong,0.5,north_america
casamance,-6.0,west_africa
yabu,20.0,east_asia
jingde,26.0,east_asia
bojador,9.0,north_africa
amassing,14.0,south_east_asia
araut,11.0,south_east_asia
yihuang,21.0,east_asia
tila,2.0,north_america
adony,23.5,eastern_europe
limbourg,18.5,western_europe
cahe,2.0,north_america
al_qara,3.0,middle_east
kamenka,-7.5,north_asia
banana_islands,0.75,west_africa
yukkuman,12.0,south_america
kamiahpu,-3.0,north_america
buchu,7.5,east_asia
mazara,27.25,western_europe
akhtar,1.0,eastern_europe
kajkwakratxi,-8.0,south_america
wallerfangen,21.0,western_europe
anning,22.5,east_asia
panama,5.0,north_america
sesayap,11.0,south_east_asia
kitsai,9.0,north_america
kandoucho,-1.0,north_america
bilyar,6.0,eastern_europe
coro,0.0,south_america
chaves,16.0,western_europe
tacehubana,6.0,north_america
baykit,-9.0,north_asia
bama,20.0,east_asia
trigu,4.5,east_asia
darz,10.0,middle_east
guarisamey,1.0,north_america
baia_crisului,12.0,eastern_europe
jorquera,13.0,western_europe
oviedo,18.0,western_europe
coleraine,10.0,western_europe
ostrow_wielkopolski,14.0,eastern_europe
huwwarin,13.0,middle_east
sorgun,13.0,middle_east
gunung_sugih,19.0,south_east_asia
north_ngindo,11.5,east_africa
iksa,-3.0,eastern_europe
birnin_gwari,10.0,west_africa
mtowa,-2.0,east_africa
astorga,19.0,western_europe
tanhacu,-5.0,south_america
colombayma,4.0,south_america
legnano,29.0,western_europe
doboj,16.5,eastern_europe
huihe,24.5,east_asia
xingxian,26.0,east_asia
aubusson,19.0,western_europe
haiom,-8.0,southern_africa
wissakode,1.0,north_america
kystatyam,-6.0,north_asia
chattarawa,-2.0,north_america
gulvau,7.0,north_america
kelan,26.0,east_asia
kaesong,34.0,east_asia
tavastehus,2.0,western_europe
sk_atsin,-9.0,north_america
aabenraa,18.0,western_europe
al_ais,0.0,middle_east
xian_quzhou,36.5,east_asia
wasakin,0.0,north_america
sikka,15.0,south_east_asia
ust_ynykchan,-9.0,north_asia
trakamma,-7.0,southern_africa
abuta,-5.0,east_asia
wuxian_liuzhou,26.5,east_asia
mistretta,15.0,western_europe
velsk,9.5,eastern_europe
bourges,23.0,western_europe
taegu,25.5,east_asia
wenxi,33.0,east_asia
saskylakh,-5.0,north_asia
belleme,21.0,western_europe
co_dang,24.5,south_east_asia
seydisfjordur,-6.0,western_europe
katobe_a_mubebe,1.0,central_africa
qarnin,9.0,middle_east
garalo,10.5,west_africa
nadleht_en,-8.0,north_america
zhongli,34.5,east_asia
udasar,15.0,south_asia
willkawaman,3.0,south_america
lower_ulz,4.0,east_asia
karatobe_mangyshlak,7.0,central_asia
luzhang,18.5,east_asia
orasul_de_floci,9.5,eastern_europe
setana,-2.0,east_asia
dompu,17.0,south_east_asia
selkirk,13.0,western_europe
mthethwa,-3.0,southern_africa
torope,-3.0,north_america
puncune,2.0,south_america
mansouria,12.0,north_africa
bharatpur,24.0,south_asia
ol_de_trail,-7.0,north_asia
linah,4.0,middle_east
kenai,-3.0,north_america
vanua_lava,-11.0,pacific_islands
ikan,12.0,central_asia
kricatije,-3.0,south_america
fulni_o,-7.0,south_america
murrinh_patha,-7.0,australasia
soumpi,7.0,west_africa
kakarakala,-4.0,australasia
djeoromitxi,-6.0,south_america
pantabangan,11.0,south_east_asia
apiacas,-6.0,south_america
ohringen,22.0,western_europe
kongal_marawar,2.0,australasia
tosya,17.5,middle_east
zhucheng,31.0,east_asia
alapayevsk,-3.0,eastern_europe
yeropol,-8.0,north_asia
tissint,6.0,north_africa
campulung_muscel,12.0,eastern_europe
entraigues,20.0,western_europe
usa,22.0,east_asia
yuri,16.0,east_asia
damascus,33.0,middle_east
bayeux,23.0,western_europe
zlotoryja,19.0,eastern_europe
syun,6.5,eastern_europe
cheonan,24.0,east_asia
xingzhong,28.0,east_asia
orgelet,16.0,western_europe
linshui,25.0,east_asia
kabul,17.0,middle_east
oran,25.25,north_africa
thurrawal,-6.0,australasia
koasati,-2.0,north_america
otredal,3.0,western_europe
koyoongkawi,4.0,north_america
babuyan,7.0,south_east_asia
wallowa,-3.0,north_america
zichuan,36.0,east_asia
oswiecim,19.0,eastern_europe
cruz_alta,-2.0,south_america
shangluo,19.0,east_asia
ngarbal,-1.0,australasia
alicante,21.25,western_europe
may_ushin,-1.0,south_america
azile,-6.0,north_america
luliang,25.0,east_asia
bodonitsa,12.0,eastern_europe
mayya,-6.0,north_asia
hiwasee,0.0,north_america
quillahuaca,-1.0,south_america
damara,-8.0,southern_africa
sao_tome,-7.0,west_africa
fengqiu,24.0,east_asia
memramcook,-1.0,north_america
aqush,1.0,south_america
tuf_shur_tia,4.0,north_america
oruro,5.0,south_america
pakhachi,-7.0,north_asia
altenkirchen,17.0,western_europe
heiligenhafen,19.0,western_europe
kortriik,26.0,western_europe
weotowe,-6.0,north_america
kadey,-9.0,central_africa
aupouri,1.0,australasia
ukutal,1.5,north_america
kuantan,20.25,south_east_asia
cayenne,-6.0,south_america
nawa,20.0,middle_east
turnov,16.0,western_europe
tenggarong,11.0,south_east_asia
tours,30.5,western_europe
nurlykent,7.0,central_asia
saldana,19.0,western_europe
talak_burma,14.0,south_east_asia
arona,17.0,western_europe
minamiaizu,14.0,east_asia
vilyuy_trail,-6.0,north_asia
itihumma,6.0,north_america
nhuwala,-8.0,australasia
akaroa,-1.25,australasia
gibraltar,23.75,western_europe
riverie,24.5,western_europe
koosharem,-7.0,north_america
pandalam,14.0,south_asia
sheikh_hussein,8.5,east_africa
dadu,45.0,east_asia
tefeyak,1.0,south_america
ningyuan_gongchang,26.0,east_asia
dazu,27.0,east_asia
chaman,13.0,middle_east
boundiali,1.0,west_africa
xintai,29.0,east_asia
paraiba,-6.0,south_america
angouleme,27.0,western_europe
dashahai,6.0,east_asia
gosaoie,-11.0,north_america
gorbatovo,11.0,eastern_europe
mielnik,16.5,eastern_europe
caisaboscai,-6.0,north_america
ilansky,-5.5,north_asia
urkan,6.0,east_asia
pakuan,20.0,south_east_asia
ruguru,-3.0,east_africa
masqat,2.75,middle_east
deli,17.0,south_east_asia
tamba_ambriz,-4.0,central_africa
bikinka,7.5,east_asia
wli_qospem,-13.0,north_america
tulita,-3.0,north_america
jinigudera,-11.0,australasia
yuttyakh,-6.0,north_asia
lauenburg,23.5,western_europe
chenggu,25.0,east_asia
tandang_sari,9.0,south_east_asia
andria,21.0,western_europe
jariekhi,12.0,eastern_europe
gorodets_luga,14.0,eastern_europe
praiba_sul,-2.0,south_america
zalishchyky,20.5,eastern_europe
sawangan,8.0,south_east_asia
itscheabine,8.0,north_america
hesdin,19.0,western_europe
palenzuela,15.0,western_europe
uashat,-1.0,north_america
ichugan,3.0,south_america
mastuj,18.0,south_asia
yadamah,3.0,middle_east
bijnot,22.0,south_asia
kafuta,4.0,central_africa
pierruiat,-9.0,north_america
yambasa,-7.5,central_africa
ontonagon,-4.0,north_america
khumar,13.5,eastern_europe
zainsk,4.5,eastern_europe
kotano_muna,18.0,south_east_asia
jarawah_abu_al_aysh,9.0,north_africa
ibaje,4.0,south_america
niiohehsane,-2.0,north_america
qaisar,16.0,central_asia
xiangshan,29.0,east_asia
uchami,-9.0,north_asia
farakala,6.0,west_africa
rudrapur,30.5,south_asia
borac,12.0,eastern_europe
liyuan,12.0,east_asia
menahkwesk,0.5,north_america
phrae,19.0,south_east_asia
tegen,-8.0,north_asia
grojec,18.0,eastern_europe
zhenning_qingyang,20.0,east_asia
cholohollay,6.0,north_america
oono_bungo,18.0,east_asia
aklaviq,-11.0,north_america
chitose,-2.0,east_asia
aniakchak,-7.0,north_america
yelovo,5.5,eastern_europe
chenqing,6.0,east_asia
st_affrique,18.0,western_europe
mardelong,19.0,south_east_asia
qom_toba,4.0,south_america
ngaoundere,-6.5,central_africa
amakusa,19.0,east_asia
wenshui,21.0,east_asia
kayan_melawai,16.0,south_east_asia
makuhadokado,-9.0,north_america
shtip,12.0,eastern_europe
jajjaldeypur,24.0,south_asia
idlib,17.5,middle_east
al_khadra,1.0,east_africa
san_felices,21.5,western_europe
longmen,23.0,east_asia
radziejow,16.0,eastern_europe
charka,9.0,south_america
nunkolo,17.0,south_east_asia
tencoa,1.0,north_america
quizquiz,2.0,north_america
bilasuvar,9.5,eastern_europe
posada,12.0,western_europe
tangier,22.25,north_africa
auqajikuna,-2.0,south_america
st_calais,21.0,western_europe
kaw,4.0,north_america
hebron,15.0,middle_east
bengkulu,17.0,south_east_asia
teionontatatie,2.0,north_america
beaugency,23.5,western_europe
charasa,1.5,east_asia
nyemo,9.5,east_asia
uni,3.0,eastern_europe
moose_river,-10.0,north_america
daventry,22.0,western_europe
orda,3.0,eastern_europe
kungur,-0.5,eastern_europe
pangalia,12.0,eastern_europe
kokrajhar,19.0,south_asia
wudi,33.0,east_asia
mekwiskajk,-8.0,north_america
khara_khoto,-4.0,east_asia
skvyra,13.0,eastern_europe
cermik,20.5,middle_east
baihekou,24.5,east_asia
east_falkland,-4.25,south_america
injangyang,21.5,south_east_asia
hovtva,16.0,eastern_europe
caqueza,4.0,south_america
albenga,22.25,western_europe
staroyuryevo,10.0,eastern_europe
jagdalpur,22.0,south_asia
teniky,4.5,east_africa
ulkatchot_en,-10.0,north_america
tavaputs,-9.0,north_america
cachamay,1.0,south_america
arkhara,9.5,east_asia
langqiong,23.0,east_asia
kamspikihteek,-7.0,north_america
uru_pa_in,-8.0,south_america
mogi_das_cruzes,-3.0,south_america
missinihe,-1.0,north_america
yoov_we_teuh,-6.0,north_america
nwalungu,1.5,southern_africa
shuicheng,21.5,east_asia
kazeh,-3.0,east_africa
chinipas,3.0,north_america
salo_ita,21.0,western_europe
al_khuimat,9.0,north_africa
manus,-8.0,pacific_islands
tongbai,31.0,east_asia
keex,-2.0,north_america
siguanea,-6.0,north_america
caupolican,4.0,south_america
lyubytino,10.5,eastern_europe
yangshou,26.5,east_asia
higashisonogi,21.5,east_asia
nuomin,5.0,east_asia
juffure,2.0,west_africa
datian_shizhou,22.0,east_asia
bischofshofen,18.0,western_europe
dippa,-8.0,north_asia
longqing,23.0,east_asia
nuremberg,24.0,western_europe
bandirma,16.75,middle_east
vatra_dornei,4.0,eastern_europe
liucheng,26.5,east_asia
urghtbulaq,5.0,east_asia
kemijarvi,-0.5,western_europe
unggami,-8.0,australasia
trangan,17.0,south_east_asia
baise,23.5,east_asia
lintong,26.5,east_asia
jalpan,9.5,north_america
yangjibaliq,5.0,east_asia
zuru,7.0,west_africa
azeffoun,14.0,north_africa
tosse,16.5,western_europe
careta,-2.0,north_america
bzou,11.0,north_africa
apaqtukowatek,-2.0,north_america
tongwe_ambwela,2.0,central_africa
thagaste,12.0,north_africa
tenochtitlan,16.0,north_america
esashi_hokkaido,-5.0,east_asia
tedei,-4.0,australasia
mawet,14.0,middle_east
wigmore,18.0,western_europe
luquan,21.5,east_asia
dabaca,18.0,eastern_europe
pustosel,16.0,eastern_europe
charonda,9.0,eastern_europe
terme,22.5,middle_east
huayin,30.5,east_asia
gonaqua,-4.0,southern_africa
donwun,14.0,south_east_asia
rendsburg,17.0,western_europe
korvala,-0.5,western_europe
timergara,19.0,south_asia
consuegra,15.0,western_europe
challwanqa,-1.0,south_america
shahabad_kerman,12.0,middle_east
uberaba,-3.0,south_america
kien_kuol,-11.0,north_asia
cephalonia,12.25,eastern_europe
mistaiyohe,2.0,north_america
khoro,-6.0,north_asia
ponoeohe,-2.0,north_america
gustrow,19.0,western_europe
daizhou,29.0,east_asia
celle,19.0,western_europe
ban_phone,15.5,south_east_asia
kwomtari,-8.0,pacific_islands
khudan,2.0,east_asia
tangxing,20.5,east_asia
dubawnt,-11.0,north_america
yingshan,27.0,east_asia
caurakawin,8.0,south_america
ahkwesasne,1.0,north_america
sakai_echizen,27.0,east_asia
zielona_gora,23.5,eastern_europe
zavetnoye,2.0,eastern_europe
phsar_dek,14.5,south_east_asia
kyushe,7.0,central_asia
kapuas,16.0,south_east_asia
yakwahnim_paa,-7.0,north_america
tortoli,11.0,western_europe
muumyangan,-4.0,east_asia
patagonia,-3.0,south_america
yemetsk,-2.5,eastern_europe
kotabumi,21.0,south_east_asia
kammanassie,-6.0,southern_africa
baena,20.0,western_europe
pogoro,15.5,east_africa
huangan,27.0,east_asia
cozia,12.0,eastern_europe
kaf,2.0,middle_east
fecamp,22.25,western_europe
chicora,-4.0,north_america
chervyen,13.0,eastern_europe
cuauhnahuac,3.0,north_america
pisa,39.0,western_europe
ngikwatela,-1.0,east_africa
mawlen,11.0,south_america
amisk,-4.0,north_america
ladik_pontus,19.5,middle_east
longtang,12.5,east_asia
qubodijon,9.0,central_asia
ayvacik,16.0,middle_east
kazachinskoye,-6.0,north_asia
harad_al_ahsa,2.0,middle_east
chrudim,25.0,western_europe
bergamo,32.5,western_europe
wuro_yolde,8.0,west_africa
tokmak,2.0,eastern_europe
deti,-4.0,southern_africa
angkor_knong,19.0,south_east_asia
agai_ticutta,-2.0,north_america
kham_muang,19.0,south_east_asia
sudzha,8.5,eastern_europe
hekikai,28.0,east_asia
venyov,11.0,eastern_europe
glukharinyi,-9.0,north_asia
zabern,24.0,western_europe
aashise,-2.0,north_america
tl_etinqox_t_in,-4.0,north_america
tabuaeran,-6.0,pacific_islands
saint_marceilin,20.5,western_europe
wayustikw,-5.0,north_america
marmaris,16.75,middle_east
mangapet,19.5,south_asia
irong_irong,11.0,south_east_asia
kanyengehaga,-5.0,north_america
manahoro,2.5,east_africa
lomza,15.5,eastern_europe
niyazabad,10.0,eastern_europe
oukwanyama,-8.0,southern_africa
kyzylsay,7.0,central_asia
pengze,29.5,east_asia
pokiok,0.0,north_america
kinosheo,-12.0,north_america
zdzitov,8.0,eastern_europe
santander,23.75,western_europe
seydougou,1.5,west_africa
oswegatchie,-2.0,north_america
tekman,9.0,eastern_europe
tyulene,-10.0,north_asia
la_rochelle,24.25,western_europe
piantouguan,27.5,east_asia
moratau,-11.0,pacific_islands
carmona,31.5,western_europe
lymington,22.25,western_europe
manabondro,-3.5,east_africa
katagata,22.0,east_asia
minnetonka,6.0,north_america
seruyan,11.0,south_east_asia
porte,-4.0,south_america
nagor,-11.0,australasia
changle_xunzhou,24.0,east_asia
chebogue,-2.0,north_america
ksar_el_kebir,19.0,north_africa
icabaqua,1.0,south_america
arica,1.0,south_america
missicabi,-4.0,north_america
caico,-4.0,south_america
akwatia,-1.0,west_africa
koyu,17.0,east_asia
mani_kinsomba,2.0,central_africa
kudymkar,-3.0,eastern_europe
moena_kalengo,3.0,central_africa
gura_galbenei,11.0,eastern_europe
okhannoye,5.5,eastern_europe
chongyi,22.0,east_asia
balagansk,-0.5,north_asia
safranbolu,18.5,middle_east
archar,16.5,eastern_europe
xixia,24.0,east_asia
brahestad,3.0,western_europe
bouira,7.0,north_africa
bawika,4.0,north_america
lapseki,16.0,middle_east
cognashene,-2.0,north_america
korsholm,3.0,western_europe
aliabad_katul,12.0,middle_east
doba,-2.5,central_africa
lamjung,23.0,south_asia
siewierz,19.0,eastern_europe
dingyuan,32.5,east_asia
tmimi,11.0,north_africa
muret,23.0,western_europe
belorechensk,8.5,eastern_europe
khet_theu,22.0,south_east_asia
chateau_thierry,25.5,western_europe
kansk,-5.5,north_asia
figuig,6.0,north_africa
shilou,30.5,east_asia
jhatpat,17.0,south_asia
fipa,-1.5,east_africa
vang_vieng,18.5,south_east_asia
andar,28.5,south_asia
maleagit,-5.0,north_america
jalesar,29.5,south_asia
gifhorn,19.0,western_europe
ider,2.5,east_asia
casale,31.5,western_europe
ongoulastoga,1.0,north_america
atoj_wasin,-2.0,south_america
mechelen,28.5,western_europe
nanchang,33.5,east_asia
chengfu,32.0,east_asia
semidesyatnoye,8.5,eastern_europe
manturovo,15.5,eastern_europe
niuquanzi,12.0,east_asia
ogoki,-11.0,north_america
tuobuya,-8.0,north_asia
kulanapan,-3.0,north_america
trnava,21.5,eastern_europe
mbara,-4.0,australasia
urucurituba,-11.0,south_america
baborigame,3.0,north_america
otse,4.0,north_america
shagiz,5.0,central_asia
angers,28.5,western_europe
shishou,24.5,east_asia
baydibek_ata,12.0,central_asia
yunnei,22.5,east_asia
ahwendoe,-2.0,north_america
zhaushikumtobe,18.0,central_asia
queiquin,4.0,north_america
saarwerden,19.0,western_europe
shayar,8.5,east_asia
knyazhichi,14.0,eastern_europe
ajmer,19.5,south_asia
lang_son,23.0,south_east_asia
neijiang,32.0,east_asia
vinnytsia,15.5,eastern_europe
hostoticpac,4.5,north_america
tortum,10.0,eastern_europe
kubu,9.0,south_east_asia
sabac,12.5,eastern_europe
medina_sidonia,22.0,western_europe
yiyang_changsha,33.5,east_asia
kunow,17.5,eastern_europe
vallo,18.0,western_europe
la_roche,14.0,western_europe
klepiki,11.0,eastern_europe
dorud,13.0,middle_east
ratchaburi,19.5,south_east_asia
demak,18.0,south_east_asia
goppingen,22.0,western_europe
wenteche,10.0,south_america
cururu,3.0,north_america
banpu,26.0,east_asia
lancaster,18.25,western_europe
mendawai,11.0,south_east_asia
quito,9.0,south_america
horoshino,16.5,eastern_europe
novara,28.0,western_europe
zenina,10.0,north_africa
bekarlar,13.0,middle_east
porumamilla,18.5,south_asia
solomoydokh,-11.0,north_asia
tixchel,1.0,north_america
eisiskes,13.0,eastern_europe
nes,-2.0,eastern_europe
goseong,21.0,east_asia
irkutsk,-0.5,north_asia
narwar,22.0,south_asia
cohansey,0.0,north_america
mariocai,-11.0,south_america
monqui,-2.0,north_america
usvyaty,9.0,eastern_europe
ayadaldapa,4.0,north_america
movima,-6.0,south_america
qujiang,26.5,east_asia
mizque,7.0,south_america
sebit,-8.0,north_america
yadhaigana,-8.0,australasia
kuwada,22.0,east_asia
kalingapattanam,27.0,south_asia
chaul,14.0,south_asia
kagoma,-1.0,central_africa
tapuia,-5.0,south_america
pyeongju,21.0,east_asia
moyenga,2.0,central_africa
zama,4.0,north_america
mong_yai,22.0,south_east_asia
longchang,23.5,east_asia
barotse_mabunda,3.0,central_africa
niarada,-1.0,north_america
corani,-3.5,north_america
dongsheng,22.5,east_asia
bolshoy_uluy,-6.0,north_asia
gumel,9.0,west_africa
cortona,22.0,western_europe
nemkuchen,-8.0,north_asia
artah,24.5,middle_east
ust_tsilma,0.5,eastern_europe
lorca,17.0,western_europe
bahr_salamat,-2.5,central_africa
nancheng,28.5,east_asia
kapfenberg,18.0,western_europe
waykuche,14.0,south_america
winchester,26.0,western_europe
banaro,-6.0,pacific_islands
ramagiri,19.0,south_asia
sepulveda,16.0,western_europe
nonot_daxinic,4.0,south_america
baoro,-7.0,central_africa
litomysl,19.0,western_europe
aba_al_qur,2.0,middle_east
hulu_padas,10.0,south_east_asia
volodimerets,14.0,eastern_europe
acasaguastlan,3.0,north_america
merca,11.5,east_africa
kasumne,4.0,north_america
boluo,28.5,east_asia
gualamba,-6.0,south_america
aosta,21.0,western_europe
awadh,39.0,south_asia
penukonda,18.5,south_asia
balui,12.0,south_east_asia
aruni,-1.0,south_america
tastil,1.0,south_america
kolpny,16.5,eastern_europe
az_zilfi,2.0,middle_east
nagina,30.5,south_asia
pakatnamu,4.0,south_america
coinan,14.5,north_america
bahadamer,15.0,south_asia
chiping,31.0,east_asia
outeniqua,-5.0,southern_africa
linqing,29.5,east_asia
liquan,26.0,east_asia
svir_beloozero,9.0,eastern_europe
suzhou,25.5,east_asia
vitry_en_pertois,23.0,western_europe
birao,-5.5,central_africa
chateaudun,25.0,western_europe
minamiuonuma,22.5,east_asia
hadjer_haddid,-4.0,central_africa
gaya_n,9.0,west_africa
tapani,0.0,north_america
jinxiangping,26.0,east_asia
tiwi,-8.0,australasia
gangadvara,28.5,south_asia
pakpak,17.0,south_east_asia
mosharahat,11.0,middle_east
wendeng,29.0,east_asia
kakouna,-2.0,north_america
jajce,9.0,eastern_europe
kashipur,27.0,south_asia
helmond,24.0,western_europe
hasakah,16.0,middle_east
nazkot_en,-11.0,north_america
balya,16.0,middle_east
ash_shamli,0.0,middle_east
sinaloa,3.0,north_america
rakvere,14.0,eastern_europe
villarobledo,13.0,western_europe
andravida,22.0,eastern_europe
cempaga,16.0,south_east_asia
kwezi,-5.0,southern_africa
al_ayn,2.0,middle_east
aki_shikoku,20.0,east_asia
kitanemuk,-9.0,north_america
namekata,17.0,east_asia
coba,4.0,north_america
shahe_bobai,21.0,east_asia
ayamonte,25.0,western_europe
akishma,7.5,east_asia
machias,-2.0,north_america
rottenmann,16.0,western_europe
manangoora,-5.0,australasia
jind,22.0,south_asia
chanshayapi,8.0,north_america
montbrison,21.5,western_europe
kambiwa,-8.0,south_america
yelan,6.0,eastern_europe
nakaoono,19.0,east_asia
kapitukamach,-6.0,north_america
ngwaun,-4.0,australasia
tkaronto,0.25,north_america
lingshan,27.0,east_asia
huju,16.5,east_asia
kharuukh,-1.0,east_asia
durango,16.0,western_europe
xuanhua_nanning,35.5,east_asia
chernaya,-0.5,eastern_europe
raroia_atoll,-6.0,pacific_islands
chakan,16.0,south_asia
perm,-0.5,eastern_europe
shcherbinovka,2.0,eastern_europe
roscrea,11.0,western_europe
gaocheng_suizhou,26.0,east_asia
toquegua,-1.5,north_america
stowbtsy,15.5,eastern_europe
lucerne,18.0,western_europe
qandhar,22.0,south_asia
kahinga,4.5,central_africa
obdorsk,-10.0,north_asia
bragernes,17.5,western_europe
syracuse,23.75,western_europe
iwate,16.0,east_asia
manuae_atoll,-7.0,pacific_islands
kusak,5.0,central_asia
cherepoves,9.5,eastern_europe
cobequid,-2.0,north_america
murranbulla,-5.0,australasia
xuanping,20.0,east_asia
toulon,24.0,western_europe
congona,7.0,south_america
kampen,16.5,western_europe
urubu,-6.0,south_america
mugumba,3.0,central_africa
manistee,-2.0,north_america
chengdu,41.0,east_asia
musong,28.0,east_asia
itanagar,19.5,south_asia
toubui,-1.0,east_asia
qurliqtuq,-5.0,north_america
sugut,14.0,south_east_asia
paramushiru,-8.0,east_asia
yanranay,-7.0,north_asia
kanigiri,16.0,south_asia
moya,13.0,western_europe
reyshahr,13.25,middle_east
el_sheikh,4.0,east_africa
bitola,15.0,eastern_europe
beroun,20.5,western_europe
mamele,-6.0,central_africa
caerphilly,11.0,western_europe
gonen,19.0,middle_east
vinukonda,18.0,south_asia
huayuantou,24.0,east_asia
algeciras,23.75,western_europe
krivoshchekovo,0.0,north_asia
nimes,28.5,western_europe
belogorye,-11.0,north_asia
west_ongamo,4.0,east_africa
awaswas,0.0,north_america
shangaly,9.5,eastern_europe
al_uyayna,2.0,middle_east
khyargas_nuur,-2.0,east_asia
chiang_khan,14.5,south_east_asia
indigiir,-10.0,north_asia
dzibanche,4.0,north_america
perembba,-6.0,australasia
chelyaba,3.0,eastern_europe
tarasp,18.0,western_europe
canakkale,16.0,middle_east
chicagon,-4.0,north_america
sergelyakh,-6.0,north_asia
zuokeng,23.0,east_asia
guachichil,-4.0,north_america
oweekeno,-6.0,north_america
hacaritamas,6.0,south_america
chaghankhot,8.5,east_asia
manyapura,17.0,south_asia
noanama,1.0,south_america
tiffech,10.0,north_africa
game_ti,-11.0,north_america
arykbalyk,-3.0,north_asia
valpei,-12.0,pacific_islands
mairi,-6.0,south_america
asa,27.0,east_asia
niihari,26.0,east_asia
kilmacrennan,5.0,western_europe
konya,20.0,middle_east
allegheny,0.0,north_america
anabar,-5.0,north_asia
tumbalala,-2.0,south_america
harnosand,8.0,western_europe
mullingar,16.0,western_europe
nahavand,15.0,middle_east
al_mazamma,14.0,north_africa
minaminakagawa,-1.0,east_asia
kola,0.5,western_europe
ypoa,-2.0,north_america
ichihara,27.5,east_asia
rovigo,24.5,western_europe
saa,-8.0,pacific_islands
sideradougou,8.0,west_africa
conkouati,-6.0,central_africa
merkine,17.5,eastern_europe
dongxiang_dazhou,27.0,east_asia
sulzbach,19.0,western_europe
bogue_chitto,1.0,north_america
avellino,21.0,western_europe
lail_buil,-5.0,australasia
jingxian,28.5,east_asia
pyli,9.0,eastern_europe
villach,21.5,western_europe
kolyma_river,-5.0,north_asia
tuscarawas,1.0,north_america
enoo,-7.0,south_america
gulbene,15.0,eastern_europe
ariza,15.0,western_europe
otonabee,1.0,north_america
kalam_swat,21.0,south_asia
himuris,-2.0,north_america
xiakou,27.0,east_asia
lathi,17.0,south_asia
xinyu,27.0,east_asia
chinunga,4.0,east_africa
pingnan,23.5,east_asia
jiangan,25.5,east_asia
atar,2.0,west_africa
ilza,15.0,eastern_europe
dantu,38.0,east_asia
chemal,-6.0,north_asia
tiwanaku,7.0,south_america
segou,15.5,west_africa
diyarbekir,23.5,middle_east
tzapotzingo,5.5,north_america
talisi,1.0,north_america
south_molala,-4.0,north_america
butalin,19.5,south_east_asia
carnarvon,15.5,western_europe
nyanga,-9.0,central_africa
kamin,11.0,eastern_europe
yuanga,-8.0,pacific_islands
lipno,20.5,eastern_europe
tomatlan,7.0,north_america
cankiri,13.5,middle_east
rawatsar,19.0,south_asia
towa_panka,-6.0,south_america
savinka,0.0,eastern_europe
hedesunda,14.5,western_europe
perperek,15.0,eastern_europe
ozumacin,4.0,north_america
liping,19.0,east_asia
gongju,23.5,east_asia
yunhe,27.5,east_asia
pingshan_zhending,28.0,east_asia
kon_klor,18.5,south_east_asia
tsangdram,3.5,east_asia
vangash,-8.0,north_asia
baviko,3.0,central_africa
munite,-2.0,australasia
scanonaenrat,-1.0,north_america
squamscott,-0.75,north_america
xuguit,5.5,east_asia
wimbee,-2.75,north_america
buchan,16.0,western_europe
maastricht,25.5,western_europe
niono,9.0,west_africa
prizren,23.0,eastern_europe
lambarene,-9.0,central_africa
lantu,22.5,east_asia
zmiiv,6.0,eastern_europe
carhaix,18.0,western_europe
aqiq_banu_uqayi,0.0,middle_east
macaya,5.0,south_america
telen,11.0,south_east_asia
chinaitih,1.5,north_america
baft,10.0,middle_east
boontsagaan,-4.0,east_asia
musi,14.0,south_east_asia
cabo_formoso,-7.5,west_africa
aixe,21.0,western_europe
ob,-10.0,north_asia
lutoudian,29.0,east_asia
thiruvananthapuram,19.5,south_asia
jinyuan,28.0,east_asia
kicevo,9.0,eastern_europe
saulgau,24.5,western_europe
pingyin,35.5,east_asia
biecz,14.0,eastern_europe
sniatyn,15.5,eastern_europe
kaina,14.0,eastern_europe
valencia,36.5,western_europe
balabak,7.0,south_east_asia
wuntho,19.5,south_east_asia
mpondo,-5.0,southern_africa
maraveh,14.0,central_asia
fuzhou_liaoyang,21.0,east_asia
moce_atoll,-7.0,pacific_islands
cernauti,10.5,eastern_europe
tilijais,0.0,north_america
ondaimas,4.0,south_america
warsheikh,7.0,east_africa
sasignan,-7.0,north_america
susitna,-6.0,north_america
huexotzinco,12.0,north_america
kalmanka,0.0,north_asia
mesilinka,-9.0,north_america
terena,-3.0,south_america
debica,14.0,eastern_europe
singkil,14.0,south_east_asia
cheresig,17.0,eastern_europe
muscotnetcong,1.0,north_america
asurini,-6.0,south_america
michilingue,5.0,south_america
ngarigo,-2.0,australasia
dungarpur,19.5,south_asia
arnay,16.0,western_europe
passavant,23.5,western_europe
perreux,20.5,western_europe
raznezhye,5.5,eastern_europe
rukahe,-1.0,south_america
majabigwaduce,1.25,north_america
behabad,10.0,middle_east
torhovytsia,16.5,eastern_europe
tsaryovo_gorodishche,0.0,north_asia
skreen,4.0,western_europe
pontedera,31.5,western_europe
hadibu,8.0,middle_east
jinkang,24.5,east_asia
donkov,10.5,eastern_europe
panjshir,12.0,central_asia
muchuan,25.5,east_asia
kalala,-3.0,central_africa
lusambo_qandu,-3.0,central_africa
unzha,15.5,eastern_europe
birni_nkonni,9.0,west_africa
nanzhao,31.0,east_asia
syagannaax,-11.0,north_asia
cakovec,21.5,eastern_europe
coventry,24.0,western_europe
mengli,26.5,east_asia
valkumey,-7.0,north_asia
juuka,-8.0,western_europe
poli,-5.5,central_africa
molundu,-1.0,central_africa
neufchateau_luxembourg,14.0,western_europe
pilzno,13.0,eastern_europe
sibda,4.0,east_asia
mubemde,0.0,east_africa
neebing,-3.0,north_america
youghiogheny,-3.0,north_america
tugumlepen,0.5,north_america
chidkhu,-5.0,north_america
petursvik,-2.5,western_europe
okwanuchu,-4.0,north_america
pa_lus_sa,-5.0,north_america
irece,-6.0,south_america
tolombon,4.0,south_america
joensuu,-8.0,western_europe
karzin,14.0,middle_east
wislica,13.5,eastern_europe
tahoua,7.0,west_africa
muzhech,6.0,eastern_europe
red_bay,-8.0,north_america
ce_eiinox,-3.0,north_america
abemama_atoll,-6.0,pacific_islands
sisem_ata,7.0,central_asia
khandyga,-6.0,north_asia
drokov,14.0,eastern_europe
khotmyzh,4.0,eastern_europe
raqqa,10.5,middle_east
zag_suujiyn_gobi,-4.0,east_asia
chojna,18.5,western_europe
chibuene,-3.0,southern_africa
amadjuak,-7.0,north_america
baliseyh,17.5,middle_east
durham,19.0,western_europe
kurskaya,4.5,eastern_europe
cui_yui_ticutta,-10.0,north_america
lower_angara,-7.5,north_asia
ngonnemoa,2.0,southern_africa
hatun_kanar,7.0,south_america
nakara,-8.0,australasia
ningshan,19.0,east_asia
gaua,-11.0,pacific_islands
indrapura_khmer,19.5,south_east_asia
j_hradec,19.0,western_europe
donggo,11.5,east_asia
brandenburg_prussia,16.5,eastern_europe
sinja,24.5,south_asia
moutiers,16.5,western_europe
inka_llaqta,4.0,south_america
qadisiyyah,8.5,middle_east
west_sundarban,19.5,south_asia
tjake,-6.0,australasia
ngalakan,-3.0,australasia
yixing,38.0,east_asia
bitki,2.5,east_asia
guliang,24.0,east_asia
dongguan,32.25,east_asia
edremit,15.5,middle_east
silat,16.0,south_east_asia
aguz,13.0,north_africa
beden,14.0,eastern_europe
beishe,23.0,east_asia
osuna,25.0,western_europe
chitral,20.5,south_asia
chenggong,23.0,east_asia
pacaha,2.0,north_america
marivan,11.0,middle_east
daboya,12.5,west_africa
allingsas,14.0,western_europe
weskarini,-3.0,north_america
ozita,-2.5,north_america
mahaguatikka,-9.0,north_america
sinaugoro,-8.0,pacific_islands
norton,17.0,western_europe
bershty,17.5,eastern_europe
luojiao,26.0,east_asia
munich,28.5,western_europe
mabuya,-3.0,north_america
zhecheng,32.0,east_asia
sanyao,20.0,east_asia
kuhbanan,10.0,middle_east
khvor,10.0,middle_east
mo_o_ti,10.0,north_america
guaritico,4.0,south_america
nakaigetergehe,2.0,south_america
shandrin,-7.0,north_asia
tsesh_ke_shende,4.0,north_america
limbdi,17.0,south_asia
ban_pa_la_ta,16.5,south_east_asia
marmainde,-6.0,south_america
mahajanga,4.0,east_africa
mashkel,10.0,middle_east
bife,-10.0,pacific_islands
marind,-8.0,pacific_islands
boali,-4.0,central_africa
luonan,19.0,east_asia
xiyan,21.0,east_asia
tegeget,15.0,north_africa
kargil,1.0,east_asia
makarikha,-10.0,north_asia
astrakhan,14.5,eastern_europe
xihe,27.0,east_asia
ollalko,2.5,north_america
gurupi,-4.0,south_america
setubal,22.75,western_europe
aspas,12.0,middle_east
alkalawa,13.5,west_africa
wulian,28.0,east_asia
shangsi,21.0,east_asia
rahba,12.5,middle_east
tyrnavos,12.0,eastern_europe
shahr_e_babak,11.0,middle_east
tombigby,1.0,north_america
niskibi,-12.0,north_america
bandar_khamir,9.5,middle_east
shakka,8.5,east_africa
ohatchee,1.0,north_america
olanchito,-0.5,north_america
myadzyel,13.0,eastern_europe
malpa,-5.0,australasia
coaticook,-5.0,north_america
tomar,23.5,western_europe
palmeira,-2.0,south_america
takopaya,2.0,south_america
rasyal,19.5,south_asia
yique,31.0,east_asia
manchan,4.0,south_america
oslo,17.75,western_europe
tiantai,27.0,east_asia
bag_ngula,-3.0,central_africa
uzemchin,4.0,east_asia
scioto,-2.0,north_america
owashtanong,4.0,north_america
bled,16.0,eastern_europe
bolu,16.0,middle_east
voss,2.0,western_europe
wej,9.5,east_africa
mahaela,-3.0,east_africa
andarab,8.0,central_asia
yasothon,24.5,south_east_asia
burgdorf,19.0,western_europe
utsehta,8.0,north_america
maratine,9.0,north_america
chyorny_yar,2.5,eastern_europe
dukin,8.5,east_asia
rachakonda,21.0,south_asia
kolyma_trail,-6.0,north_asia
tunis,31.0,north_africa
hollabrunn,22.0,western_europe
almazan,19.0,western_europe
caltagirone,18.0,western_europe
agayakan,-11.0,north_asia
tolz,20.0,western_europe
sehwan,17.5,south_asia
rajapur,14.0,south_asia
sampit,11.0,south_east_asia
kawachikamasu,-7.0,north_america
kazimierz,18.5,eastern_europe
hinglaj,9.0,middle_east
higashiokitama,19.0,east_asia
sogra,-7.5,eastern_europe
ain_madhi,8.0,north_africa
rheine,19.0,western_europe
noto_ussuri,7.5,east_asia
manso,0.5,north_america
kahntah_trail,-6.0,north_america
ventureno,-3.0,north_america
pirapora,-5.0,south_america
zurmang_namgyaltse,1.5,east_asia
guamanmayo,4.0,south_america
kuimbondos,2.0,central_africa
huacareta,7.0,south_america
nogoya,-1.0,south_america
coruna,22.75,western_europe
kelibia,17.0,north_africa
nanchuan,23.0,east_asia
icheda,-8.0,north_asia
banader,14.0,middle_east
makemo_atoll,-6.0,pacific_islands
chandrakona,24.0,south_asia
labrit,23.0,western_europe
torshofn,-0.75,western_europe
elmali,16.0,middle_east
karak,12.0,middle_east
qoryooley,11.5,east_africa
maulimberdy,7.0,central_asia
polovinnoye,-2.0,north_asia
ishak,6.0,north_america
patay,-2.0,south_america
muang_na_rang,17.0,south_east_asia
dingle,10.0,western_europe
palencia,15.0,western_europe
guanzhou,26.0,east_asia
rakovnik,23.0,western_europe
yimin,6.5,east_asia
bimbia,-0.5,west_africa
kalluru,20.0,south_asia
freienwalde,18.5,western_europe
guangnan,22.0,east_asia
goringhaikona,3.5,southern_africa
porto_tibirica,-7.0,south_america
prozorovo,16.5,eastern_europe
alasehir,19.0,middle_east
thalassery,22.0,south_asia
krk,15.0,eastern_europe
nguri,-8.0,australasia
takaoka,20.0,east_asia
montlucon,21.0,western_europe
lingchuan_zezhou,27.0,east_asia
kadur,18.0,south_asia
debrecen,19.0,eastern_europe
dezful,13.5,middle_east
dangshan,33.0,east_asia
mortagne,19.0,western_europe
achan,8.5,east_asia
osoyoos,-8.0,north_america
gwiju,16.0,east_asia
gegong,6.0,east_asia
berwick,24.0,western_europe
tarakanda,29.0,south_asia
hidaka,21.0,east_asia
debdou,11.0,north_africa
mingying,18.0,east_asia
wufeng,24.0,east_asia
annan,22.5,east_asia
lalibela,14.0,east_africa
dumka,31.0,south_asia
barco_de_valdeorras,17.0,western_europe
gedi,2.0,east_africa
basey,11.0,south_east_asia
bopolu,-3.5,west_africa
korets,13.0,eastern_europe
mistelbach,24.5,western_europe
hita,18.0,east_asia
xincheng_annan,22.5,east_asia
ugoyan,-8.0,north_asia
manturovo_kursk,8.0,eastern_europe
rippowam,-2.0,north_america
oyestad,14.0,western_europe
tohome,1.0,north_america
kumeyaay,7.0,north_america
pasni,12.0,middle_east
ohoopee,2.0,north_america
leyva,1.0,south_america
fenouillet,18.0,western_europe
nat_tha_hi,6.0,north_america
emden,20.25,western_europe
taft,9.0,middle_east
waga,14.0,east_asia
xinhui,29.5,east_asia
babar,16.0,south_east_asia
nguff,-3.0,central_africa
guama,-11.0,north_america
winnibigoshish,5.0,north_america
sambaqui,-1.0,south_america
thisted,11.0,western_europe
bansi,32.5,south_asia
wakelbara,-6.0,australasia
khewra,21.5,south_asia
khalino,-8.0,north_asia
khed,19.5,south_asia
mergentheim,22.0,western_europe
abbeville,19.0,western_europe
turu,-9.0,north_asia
kavali,24.5,south_asia
mavinga,3.0,central_africa
wapi,-7.0,north_america
bissau,-6.0,west_africa
huarco,1.0,south_america
quilca,0.0,south_america
dizhai,23.5,east_asia
cabinda_kongo,0.0,central_africa
cosenza,18.0,western_europe
panara,-6.0,south_america
ulakhan_kyuyol,-11.0,north_asia
bologoye,16.0,eastern_europe
pollensa,18.0,western_europe
vasylivka,6.0,eastern_europe
kyra,3.5,east_asia
ghumayqah,0.0,middle_east
gadwal,21.5,south_asia
ban_khon,14.5,south_east_asia
cacapon,-3.0,north_america
malemiut,-9.5,north_america
huaman_karpa,5.0,south_america
dobrush,16.5,eastern_europe
kuugaaluk,-7.0,north_america
lisbon,42.5,western_europe
skuodas,14.0,eastern_europe
mirande,21.0,western_europe
ciaike,-2.0,south_america
pennyrile,2.0,north_america
umsobomvu,-4.0,southern_africa
xiacai,31.5,east_asia
kayattar,22.0,south_asia
charkamak,-6.0,south_america
sindhuli,26.0,south_asia
kranj,23.5,eastern_europe
hisiometaneo,-2.0,north_america
cacalotito,-1.0,north_america
topolinoe,-9.0,north_asia
upolu,-9.0,pacific_islands
syrgan,-8.0,north_asia
svencionys,15.0,eastern_europe
ismail,9.5,eastern_europe
enping,24.0,east_asia
coutances,21.0,western_europe
rodrigues,-3.0,east_africa
kwangali,-8.0,southern_africa
stavropol_na_volge,8.5,eastern_europe
bhatta,27.0,south_asia
nebraska,6.0,north_america
guiyang_chenzhou,24.5,east_asia
gravia,15.0,eastern_europe
ryn_poland,10.0,eastern_europe
klintsy,14.0,eastern_europe
kladentsi,10.0,eastern_europe
medonho,-4.0,south_america
ndembo,-6.0,central_africa
pumpu,5.0,south_america
sadovoye_kalmykia,2.0,eastern_europe
tapes,1.0,south_america
guajajara,-7.0,south_america
varese,20.0,western_europe
bodrum,16.75,middle_east
kaiurskuta,2.0,north_america
as_salif,9.0,middle_east
alymdya,-8.0,north_asia
oskoba,-6.0,north_asia
nacala,-2.0,east_africa
bijni,21.5,south_asia
urakawa,-6.0,east_asia
jagadevipalayam,17.0,south_asia
kelapur,19.5,south_asia
vierzon,19.0,western_europe
livorno,25.25,western_europe
ngume,-9.0,central_africa
mesurado,-5.5,west_africa
albo,11.0,western_europe
mittaywanquam,-4.0,north_america
monashee,-10.0,north_america
south_camaguey,-6.0,north_america
usa_reka,-4.5,eastern_europe
buta_ranquil,-7.0,south_america
ushguli,9.0,eastern_europe
tyul_gyar,-10.0,north_asia
huntingdon,25.0,western_europe
plon,19.0,western_europe
gabun,-6.0,central_africa
gera,21.0,western_europe
calvi,14.0,western_europe
qanbalik,7.0,east_asia
zumbo,5.5,southern_africa
idar,25.5,south_asia
garafraxa,-4.0,north_america
fallingbostel,21.0,western_europe
kyzylzhar,1.0,north_asia
ulaamgom,0.0,east_asia
winda_winda,-4.0,australasia
chamzinka,8.5,eastern_europe
ava_canoeiro,-6.0,south_america
kohat,19.5,south_asia
am_djemena,-4.0,central_africa
ngatjumay,-5.0,australasia
meppen,21.5,western_europe
luochuan,20.0,east_asia
wenje,8.5,east_africa
onkobagag,-3.0,north_america
nyawaygi,-4.0,australasia
alapahoochee,-4.0,north_america
washeo,-10.0,north_america
salamanca,19.0,western_europe
bashagard,8.0,middle_east
agouasaque,1.0,north_america
ibicui,4.0,south_america
bauzi,-9.0,pacific_islands
amnye_machen,1.5,east_asia
ramree,15.0,south_east_asia
elverum,5.5,western_europe
guazapayogliglas,0.0,north_america
dieng,20.0,south_east_asia
linhuai,38.0,east_asia
eutin,19.0,western_europe
bungu_kongo,-2.0,central_africa
boye,27.0,east_asia
yangdzong,6.0,east_asia
kituwa,-5.0,north_america
rakaia,-1.0,australasia
bielsk_podlaski,17.0,eastern_europe
suhar,3.25,middle_east
mbinga,11.5,east_africa
uqueten,0.0,north_america
raivke,-8.0,western_europe
sambir,18.0,eastern_europe
cubuk,11.0,middle_east
njoko,5.5,central_africa
chamba_india,25.5,south_asia
falun,4.0,western_europe
kayrakty,7.0,central_asia
juancheng,35.0,east_asia
casqui,2.0,north_america
wanan,23.5,east_asia
kiamichi,3.0,north_america
osukyuze,8.0,north_america
juyom,12.0,middle_east
kamu_ticutta,-8.0,north_america
nechi,-2.0,south_america
pinglu,22.5,east_asia
wenshang,31.0,east_asia
figeac,21.5,western_europe
atkarsk,8.0,eastern_europe
dubica,16.5,eastern_europe
plauen,17.0,western_europe
namu_atoll,-7.0,pacific_islands
ust_vayenga,-7.5,eastern_europe
delmenhorst,19.0,western_europe
al_jumum,4.0,middle_east
torun,24.5,eastern_europe
chunhua,21.0,east_asia
pottapi,15.0,south_asia
selima,4.0,east_africa
catchacoma,1.0,north_america
hocabail,7.0,north_america
koryazhma,9.5,eastern_europe
crasna,14.0,eastern_europe
guishun,18.0,east_asia
vshchizh,16.0,eastern_europe
spaxomin,-11.0,north_america
viana_do_castelo,21.0,western_europe
urov,3.5,east_asia
dingcheng,32.5,east_asia
jhang,26.5,south_asia
obidos,-11.0,south_america
zaoyang,29.0,east_asia
arilje,12.0,eastern_europe
mitis,-2.0,north_america
sigdal,1.0,western_europe
ogowe,-8.0,central_africa
nong_bok,19.5,south_east_asia
kairouan,12.0,north_africa
causapscal,-11.0,north_america
amiskwaciwiy,0.0,north_america
marlew,-13.0,pacific_islands
sandawe,8.0,east_africa
zavallia,15.5,eastern_europe
bisert,-3.5,eastern_europe
baishui,26.0,east_asia
schongau,19.0,western_europe
beziers,23.0,western_europe
patna_garjat,29.0,south_asia
yedagiri,21.0,south_asia
chuapa,-6.0,central_africa
kamikita,19.0,east_asia
narni,17.0,western_europe
dasmenda,19.0,middle_east
eregli,18.75,middle_east
egito,1.0,central_africa
chimalapan,5.0,north_america
niobrara,6.0,north_america
lower_gazimur,3.5,east_asia
yarmouth,20.0,western_europe
helong,7.5,east_asia
dursunbey,14.0,middle_east
nemeri,9.0,east_asia
poctlan,2.0,north_america
kajenje,-1.0,central_africa
north_yao,6.5,east_africa
sharuna,19.5,north_africa
campin,1.0,north_america
itabira,-4.0,south_america
shagou,31.0,east_asia
guangzhou,35.5,east_asia
karor,22.5,south_asia
pakala,16.0,south_asia
uniejow,16.0,eastern_europe
wrigley,-3.0,north_america
songxi,26.0,east_asia
bolshoy_ik,5.5,eastern_europe
tozeur,9.0,north_africa
agaro,7.0,east_africa
cabias,3.0,north_america
dikimdya,-2.0,north_asia
jangheung,24.0,east_asia
torralba,18.0,western_europe
gaocheng,29.0,east_asia
hitu,17.5,south_east_asia
lejweleputswa,1.0,southern_africa
kabango,-1.0,central_africa
harsova,9.5,eastern_europe
sappah,-2.0,north_america
lhoosk_uzt_en,-11.0,north_america
niikappu,-5.0,east_asia
naurskaya,4.5,eastern_europe
miyagi,25.5,east_asia
tirekka,4.5,west_africa
golmin_salggiyan,8.0,east_asia
steinfeld,18.0,western_europe
sejnane,11.0,north_africa
menkyule,-10.0,north_asia
al_haqu,6.0,middle_east
suxi,26.5,east_asia
mizhi,17.0,east_asia
gurupatuba,-11.0,south_america
itonama,-11.0,south_america
bangarang,2.0,australasia
chateau_gontier,21.0,western_europe
marsassoum,-1.0,west_africa
waren,18.5,western_europe
shirvan_iran,10.0,central_asia
tete,-0.5,southern_africa
grimmen,19.0,western_europe
onandagoa,-2.0,north_america
mojacar,17.0,western_europe
inverurie,16.0,western_europe
bayali,-4.0,australasia
kolayat,15.0,south_asia
khaysar,9.0,middle_east
halberstadt,23.0,western_europe
mambone,-0.5,southern_africa
eagle,-3.0,north_america
leopoldina,-4.0,south_america
taiping,25.0,east_asia
gimpil_darjaalan,0.0,east_asia
pixian,32.0,east_asia
abalak,7.0,west_africa
anhua_huanjiang,19.0,east_asia
nemadji,7.5,north_america
aouint_yghomane,11.0,north_africa
pyriatyn,14.0,eastern_europe
saint_die,16.0,western_europe
moiynty,7.0,central_asia
kosichkoj,16.0,eastern_europe
targabatay,9.0,central_asia
qingyuan,28.5,east_asia
misratah,11.0,north_africa
kururupu,-11.0,south_america
mora_portugal,22.0,western_europe
takawng,21.5,south_east_asia
alcaniz,12.0,western_europe
debre_libanos,11.5,east_africa
miliana,16.0,north_africa
saint_pol,23.0,western_europe
jahunda,-4.0,southern_africa
harderwijk,25.25,western_europe
ruicheng,29.5,east_asia
jiaxing,36.0,east_asia
buur_heybe,9.0,east_africa
el_abiodh_sidi_cheikh,9.0,north_africa
bage,23.5,western_europe
yakesa,11.5,east_asia
geledi,8.0,east_africa
najera,23.5,western_europe
pomabamba,6.0,south_america
khon_san,17.0,south_east_asia
smyrna,29.0,middle_east
kabsoru,4.0,east_africa
mekinac,-3.0,north_america
beaver,-3.0,north_america
vagay,-11.0,north_asia
kaibab,-6.0,north_america
yaracuy,-1.0,south_america
unezhma,-3.0,eastern_europe
baokang,23.0,east_asia
tlokyhan,-3.0,north_america
tellico,0.0,north_america
soroca,11.5,eastern_europe
kalmat,9.0,middle_east
fana,12.25,western_europe
gitxsanimaax,-9.0,north_america
segura_de_la_sierra,16.0,western_europe
sharga_uul,0.0,east_asia
south_pumpu,-3.0,central_africa
kangiqsualujjuaq,-5.0,north_america
iga,24.0,east_asia
gangela,1.0,central_africa
saelam,-11.5,south_america
kauakiekamatsh,-8.0,north_america
mellid,21.0,western_europe
mosul,25.5,middle_east
msiri,4.0,east_africa
wolgast,24.75,western_europe
kiyuska,4.0,north_america
bulava,6.5,east_asia
churu,17.0,south_asia
jerez_de_los_caballeros,20.0,western_europe
buzanga,1.5,east_africa
pipmuacan,-9.0,north_america
nawu,2.0,australasia
gembu,-6.5,central_africa
scugog,-1.0,north_america
kiwigapawa,-2.0,north_america
zaroy,13.0,eastern_europe
guangshan,30.0,east_asia
waounde,1.5,west_africa
kapan_armenia,8.5,eastern_europe
rietberg,21.0,western_europe
jiangyou,27.0,east_asia
ryfylke,3.0,western_europe
konitsa,10.0,eastern_europe
al_qunfudhah,7.0,middle_east
yining,19.0,east_asia
bedford,24.0,western_europe
kyyrola,5.5,western_europe
yongcong,20.0,east_asia
cura,0.0,south_america
meschede,14.0,western_europe
opocopa,-8.0,north_america
jianchang,33.5,east_asia
al_mima,20.0,north_africa
teluk_melano,14.0,south_east_asia
gradac,13.0,eastern_europe
zhenfan,14.0,east_asia
maputo,5.25,southern_africa
qianjiang,28.5,east_asia
grasse,19.0,western_europe
ngola,0.0,central_africa
kolonbelle,2.0,central_africa
yuanjiang,28.5,east_asia
konch,31.5,south_asia
zvongombe,4.0,southern_africa
moneton,-2.0,north_america
bogorodskoye,14.0,eastern_europe
tavashay,-7.0,south_america
chodziez,14.0,eastern_europe
gulang,16.0,east_asia
porkhov,14.0,eastern_europe
kankabatok,14.0,south_east_asia
orte,22.0,western_europe
lapai,2.0,west_africa
bratsk,-1.5,north_asia
debagarh,21.5,south_asia
qufu,38.0,east_asia
aq_am,-2.0,north_america
suojarvi,-6.0,western_europe
privas,18.5,western_europe
xibao,23.5,east_asia
dingyuan_fengyang,32.0,east_asia
mungra,30.0,south_asia
agdez,8.5,north_africa
teem,-7.0,south_america
brskovo,12.0,eastern_europe
kwadacha,-7.0,north_america
bool,11.0,south_east_asia
ballaghaderreen,6.0,western_europe
sletewsi,-3.0,north_america
tarapaca,1.0,south_america
huizhou_gongchang,17.0,east_asia
tis_reka,-10.5,north_asia
worms,29.5,western_europe
jajarm,5.0,central_asia
ichon,22.5,east_asia
serres,12.0,eastern_europe
mashiki,22.0,east_asia
kaposvar,19.0,eastern_europe
denov,8.0,central_asia
pujiang_qiongzhou,26.0,east_asia
dahrur,22.0,south_asia
caraquet,-2.0,north_america
esquegua,-2.0,north_america
adanki,19.0,south_asia
valladolid,26.5,western_europe
lingchuan,24.5,east_asia
lingxian_shanxi,27.0,east_asia
kashagawigamog,-2.0,north_america
ndwandwe,-3.0,southern_africa
daura,9.0,west_africa
burugardi,-2.0,australasia
lyady,14.0,eastern_europe
dharmavaram,21.5,south_asia
orcoquisac,4.0,north_america
cochinoca,3.0,south_america
singkhon,14.0,south_east_asia
ciudadela_de_menorca,27.0,western_europe
teyuna,-1.0,south_america
pahatsi,2.0,north_america
zhanybek,0.0,eastern_europe
yusva,-0.5,eastern_europe
borenta,7.0,west_africa
demensk,16.0,eastern_europe
karagin,-10.0,north_asia
szydlowiec,14.0,eastern_europe
arechuna,4.0,south_america
guettara,9.0,north_africa
archit,-1.0,eastern_europe
toyota,22.0,east_asia
petitcodiac,-4.0,north_america
teewinot,-4.0,north_america
dinant,17.0,western_europe
manan,9.0,west_africa
mutsisooni_yohe,0.0,north_america
ficarolo,26.5,western_europe
chitolah,-2.0,north_america
calicuas,-6.0,north_america
bai_xinjiang,6.0,east_asia
baht,14.0,north_africa
k_enakatnu,-4.0,north_america
zacatepec,3.0,north_america
tarija,-4.0,south_america
motygino,-7.5,north_asia
kromy,16.0,eastern_europe
shar,3.0,north_asia
aroostook,0.0,north_america
imadate,22.0,east_asia
mozhaysk,18.0,eastern_europe
khalkhal,13.0,middle_east
xalapa,4.0,north_america
nyakyusa,1.0,east_africa
elbasan,13.0,eastern_europe
chancay,4.0,south_america
chuvan1,-5.0,north_asia
dehdez,15.5,middle_east
sungai_lati,16.0,south_east_asia
pimicaskewyashik,0.0,north_america
hoshangabad,19.5,south_asia
chauchu_trail3,-10.0,north_asia
trang,17.0,south_east_asia
kamensky_zavod,3.0,eastern_europe
qianzhou,32.5,east_asia
insar,12.5,eastern_europe
kimbundu,-1.0,central_africa
harput,7.5,eastern_europe
cherfe,9.0,west_africa
hijli,24.5,south_asia
koumbi_saleh,9.0,west_africa
asiniwaciy,-9.0,north_america
visnupura,17.0,south_east_asia
thulamela,1.5,southern_africa
hue_hue_ri_gi_ta,-2.0,north_america
dehdasht,17.0,middle_east
conococheague,-5.0,north_america
lhakhang,10.0,east_asia
mabein,24.5,south_east_asia
douentza,8.0,west_africa
gemerek,17.5,middle_east
cambridge,25.0,western_europe
dhenkanal,24.5,south_asia
wad_madani,9.5,east_africa
tahiti,-12.0,pacific_islands
ariari,4.0,south_america
guantao,28.5,east_asia
raz,6.0,central_asia
bono_manso,1.0,west_africa
noris,1.0,south_america
kukerin,0.0,australasia
stockach,24.0,western_europe
skopje,21.5,eastern_europe
axum,17.5,east_africa
gui,-8.0,southern_africa
talaikhan_ata,5.0,central_asia
khaybar,2.0,middle_east
suning,27.0,east_asia
cork,21.0,western_europe
chibwe,20.5,south_east_asia
naama,9.0,north_africa
chipukuswi,1.5,southern_africa
laufen,20.0,western_europe
macha,-6.0,north_asia
builth,11.0,western_europe
ewksikni,-2.0,north_america
ebstorf,19.0,western_europe
yilun,27.25,east_asia
gorkovskoye,0.0,north_asia
santiago,0.75,west_africa
goksholm,15.0,western_europe
sori,0.0,west_africa
souya,-2.0,east_asia
ganze,12.5,east_asia
nyarong,12.5,east_asia
inowroclaw,18.5,eastern_europe
goundam,9.5,west_africa
zarate,4.0,south_america
sucuriu,-6.0,south_america
pogoreloye,16.5,eastern_europe
meskiana,10.0,north_africa
palmi,22.0,western_europe
pindi_bhattian,26.5,south_asia
malayer,12.0,middle_east
akhisar,16.0,middle_east
anagance,-1.0,north_america
bobole,1.0,north_america
mattawana,-3.0,north_america
caguatl,-11.5,south_america
jaeryeong,26.0,east_asia
yongfeng_jian,24.0,east_asia
anantapur,21.5,south_asia
huating_pingliang,20.0,east_asia
handia,22.5,south_asia
andryushkino,-11.0,north_asia
qilian,10.0,east_asia
hulu_sambas,14.0,south_east_asia
tianping,25.0,east_asia
larino,24.0,western_europe
tripoli,18.25,north_africa
ningchang,18.5,east_asia
qom,19.0,middle_east
thuy_vi,23.5,south_east_asia
rzhev,20.5,eastern_europe
ngamotu,-2.0,australasia
arandai,-11.0,pacific_islands
adraskan,15.0,middle_east
funafuti_atoll,-7.0,pacific_islands
pohrebyshche,13.0,eastern_europe
the_hague,20.25,western_europe
us_kyuyol,-8.0,north_asia
gorlitz,21.0,western_europe
bodbe,14.5,eastern_europe
zigui,27.5,east_asia
samarahan,14.0,south_east_asia
curumu,-11.0,south_america
tit_ary,-6.0,north_asia
paren,-7.0,north_asia
prijepolje,10.0,eastern_europe
rastyapino,14.5,eastern_europe
nangong,29.0,east_asia
tsokh,1.0,east_asia
siglufjord,-4.0,western_europe
adra,17.0,western_europe
karmakshi,12.0,central_asia
medias,18.0,eastern_europe
zhushan,24.5,east_asia
naldrug,20.0,south_asia
tocaste,2.5,north_america
tayma,0.0,middle_east
lingshou,31.0,east_asia
khariar,22.0,south_asia
aritpa,-1.0,north_america
wadjigu,-1.0,australasia
hamm,19.0,western_europe
tatsinskaya,2.0,eastern_europe
iliamna,-9.0,north_america
xaltocan,6.0,north_america
tsagaan_usun,-2.0,east_asia
mammamattawa,-5.0,north_america
wairoa,-4.0,australasia
balykchy,6.0,central_asia
ural_nema,5.5,eastern_europe
ales,12.0,western_europe
songming,23.0,east_asia
ed_daein,8.5,east_africa
kinda,6.0,western_europe
sylgy_ytar,-13.0,north_asia
pratapgarh,16.0,south_asia
paxson,-7.0,north_america
jaranwala,24.5,south_asia
carapachay,-1.0,south_america
belang,13.0,south_east_asia
zagzuugiin_balgas,2.5,east_asia
al_manjur,-2.0,middle_east
bagh_iran,10.0,middle_east
ervykynnot,-8.5,north_asia
jaffa,20.0,middle_east
bulik,13.0,south_east_asia
aborlan,7.0,south_east_asia
loidoriki,9.0,eastern_europe
balibo,17.0,south_east_asia
seyhli,17.5,middle_east
orta_kuyu,5.0,central_asia
lihua,20.5,east_asia
yuldibay,8.5,central_asia
choco,-2.0,south_america
eleuthera,-11.0,north_america
awajun,4.0,south_america
ghardaia,9.0,north_africa
menas,1.0,central_africa
shchuchya,-5.0,north_asia
kandia,12.0,south_asia
taquarucu,-1.0,south_america
dzyatlava,15.5,eastern_europe
anhandui,-3.0,south_america
kiawah,-1.0,north_america
ves_yogonskaya,4.5,eastern_europe
pariahuanca,3.0,south_america
calatrava,19.5,western_europe
stolin,10.5,eastern_europe
tudela,25.5,western_europe
zavareh,10.0,middle_east
klodzko,16.0,western_europe
shawanoe,1.0,north_america
macaregua,3.0,south_america
namhae,22.0,east_asia
xiexian,27.0,east_asia
ghasipura,24.0,south_asia
shana_bukanda,-1.0,central_africa
beihai,33.0,east_asia
tuzantla,4.0,north_america
mikasuki,-1.0,north_america
yegorlykskaya,6.0,eastern_europe
fermoselle,21.5,western_europe
judenburg,22.5,western_europe
mashkai,8.0,middle_east
warioto,-2.0,north_america
homs,26.5,middle_east
kulembe,1.0,central_africa
parita,-2.0,north_america
inderapura,12.0,south_east_asia
mariana,-2.0,south_america
inju,33.5,east_asia
qingjiang,27.5,east_asia
ludrava,15.0,south_asia
bashqurtaran,11.0,middle_east
jijel,10.0,north_africa
nahan,25.5,south_asia
puma,0.0,south_america
khondab,15.0,middle_east
siegen,14.0,western_europe
mahin,-6.0,west_africa
manitowoc,-2.0,north_america
kassali,-1.0,central_africa
jaffna,20.0,south_asia
anamur,13.0,middle_east
briancon,19.5,western_europe
shuqra,4.0,middle_east
dancheon,14.0,east_asia
dubok,13.0,eastern_europe
mondonedo,15.0,western_europe
gafsa,9.0,north_africa
oettingen,26.0,western_europe
jawan,-3.0,australasia
staraya_ladoga,13.5,eastern_europe
dhone,19.0,south_asia
lora,-6.5,north_america
ukulan,-8.0,north_asia
nako,7.5,east_asia
prenzlau,19.0,western_europe
izdeshkovo,18.0,eastern_europe
dzhul,11.0,central_asia
jinshajiang,19.5,east_asia
zhovkva,15.0,eastern_europe
qarasuvbazar,6.0,eastern_europe
baragram,29.0,south_asia
kumintang,11.0,south_east_asia
sitapur,25.0,south_asia
holtalen,2.0,western_europe
tighina,13.5,eastern_europe
zimapan,4.0,north_america
bongor,-5.5,central_africa
wuxiang,29.0,east_asia
pequawket,-2.0,north_america
mithri,15.0,south_asia
sanye,3.5,east_africa
tabou_m,12.0,west_africa
okhaldhunga,25.5,south_asia
zell_am_see,20.0,western_europe
khanaqin,12.5,middle_east
magnetawan,-5.0,north_america
tumaco,3.0,south_america
belen_ana,5.0,central_asia
mane,11.0,west_africa
taskopru,17.0,middle_east
yoshino,19.0,east_asia
serpa,26.5,western_europe
rauna,15.0,eastern_europe
shanggao,26.5,east_asia
oskelaneo,0.0,north_america
mikhlaf_al_hubishiyah,7.0,middle_east
kawabe,29.0,east_asia
tpig,10.0,eastern_europe
minizuahe,6.0,north_america
goudel,11.5,west_africa
ivanovo,13.0,eastern_europe
jianchuan,23.0,east_asia
palaquechare,9.0,north_america
uluu,-10.0,north_asia
loches,21.0,western_europe
kaiyuan_jurchen,15.5,east_asia
bogd,-2.0,east_asia
tulln,24.5,western_europe
tohono_oodham,-2.0,north_america
sanlucar,24.25,western_europe
kahak,12.0,middle_east
kitigan_zibi,0.0,north_america
nuorttijarvi,-4.5,western_europe
idensalmi,-3.0,western_europe
mengzi,25.5,east_asia
nana_kahinga,4.0,central_africa
cassel,26.0,western_europe
gidhaur,31.0,south_asia
baopapas,-1.0,north_america
corlu,24.0,eastern_europe
quva,14.0,central_asia
uninka,6.5,east_asia
yangman,-4.0,australasia
vasto,29.0,western_europe
beius,16.0,eastern_europe
sanniquellie,-0.5,west_africa
xiangyuan,33.5,east_asia
nanhai,32.5,east_asia
mengla,22.5,east_asia
tsiya,-1.0,north_america
murom,13.5,eastern_europe
al_wajh,5.25,middle_east
khaspur,14.5,south_asia
inverness,13.0,western_europe
siya,-7.5,eastern_europe
loge,-6.0,central_africa
goudooumaria,9.0,west_africa
osovets,20.5,eastern_europe
yuncheng,35.0,east_asia
sepinang,14.0,south_east_asia
pekatek,-2.0,north_america
roermond,21.5,western_europe
dhar,25.0,south_asia
husaynabad,19.5,south_asia
sondor,7.0,south_america
bilinara,-4.0,australasia
hajiabad,19.5,south_asia
karcag,14.0,eastern_europe
chavin,-1.0,south_america
bregne,21.0,western_europe
ars,18.75,western_europe
densatil,3.5,east_asia
maduna,2.0,east_africa
kymi_fi,11.5,western_europe
kitaaizu,15.0,east_asia
illora,18.0,western_europe
kanagio,-1.0,north_america
tsachila,4.0,south_america
olenyok,-10.0,north_asia
corbie,25.0,western_europe
gogol,6.0,eastern_europe
ickari_kitsu,2.0,north_america
pietrykaw,16.5,eastern_europe
agawam,0.0,north_america
boguchany,-5.5,north_asia
almetyevsk,6.0,eastern_europe
nakatsu,23.5,east_asia
passagassawkeag,2.5,north_america
kanahatino,4.0,north_america
liezen,16.0,western_europe
kickatari,2.0,north_america
liege,25.5,western_europe
ceheng,22.5,east_asia
dardeling,-3.0,eastern_europe
jinkou,31.5,east_asia
tinjar,13.0,south_east_asia
ski,17.5,western_europe
semerlanga,17.0,south_east_asia
awyi,-8.0,pacific_islands
muzahmiyah,0.0,middle_east
kwilu,-9.0,central_africa
navchak,-11.0,north_america
babichas,1.0,south_america
nyong,-2.5,west_africa
mocana,4.0,south_america
zhanyi,21.5,east_asia
gossi,7.0,west_africa
shambe,2.5,east_africa
brozas,22.5,western_europe
pabna,27.0,south_asia
quippen_bura,-6.0,australasia
sunda_kelapa,26.0,south_east_asia
wangmu,22.5,east_asia
oskol,6.0,eastern_europe
aguiar,16.0,western_europe
tortona,27.0,western_europe
bryukhovetskaya,6.0,eastern_europe
cangxi,27.5,east_asia
ulungur,3.0,east_asia
madras,22.0,south_asia
syvlyush,19.5,eastern_europe
rendille,-3.0,east_africa
tarnow,20.5,eastern_europe
borujerd,14.0,middle_east
alvalade,22.0,western_europe
zhenzhou,19.0,east_asia
yagalingu,-4.0,australasia
guwinmal,-4.0,australasia
kozle,25.0,eastern_europe
noya,19.75,western_europe
perambalur,15.0,south_asia
guichi,29.5,east_asia
debarwa,4.0,east_africa
bhatkal,22.0,south_asia
juque,18.5,east_asia
mrirah,15.0,north_africa
tawehash,6.0,north_america
east_kimbu,-1.0,east_africa
parakana,-6.0,south_america
ibo,2.0,east_africa
zhijiang,31.0,east_asia
thessaloniki,23.25,eastern_europe
mazouna,17.0,north_africa
carora,0.0,south_america
vyatka,5.5,eastern_europe
daratan,17.0,south_east_asia
ninil,9.0,north_america
cojutepeque,2.5,north_america
nengone,-8.0,pacific_islands
soissons,21.0,western_europe
shahe,31.0,east_asia
shybyndy,-1.0,north_asia
atico,0.0,south_america
linan,29.0,east_asia
muang_lang,20.5,south_east_asia
turaythith,11.0,middle_east
beyla,-1.0,west_africa
snk_mip,-10.0,north_america
chinchay,6.0,south_america
mihalic,19.5,middle_east
taybah,10.0,middle_east
hulu_jelai,14.0,south_east_asia
tanacross,-6.0,north_america
bani_saad,0.0,middle_east
nukufetau_atoll,-7.0,pacific_islands
kedang,22.0,east_asia
kibango,-4.0,central_africa
kaministiquia,-2.0,north_america
tawatinaw,-8.0,north_america
tengchong,20.0,east_asia
semur_en_auxois,19.0,western_europe
taytay,8.0,south_east_asia
strehaia,14.0,eastern_europe
blackburn,12.0,western_europe
sonisa,16.5,middle_east
pak_huei_lang,17.5,south_east_asia
manukau,6.0,australasia
bemidji,5.0,north_america
dongyang,27.0,east_asia
yapeyu,4.0,south_america
miyun,25.0,east_asia
fuenteovejuna,20.0,western_europe
tacunga,5.0,south_america
vu_ninh,33.5,south_east_asia
axawiri,7.0,south_america
wiknatanja,-6.0,australasia
esk_el,-8.0,north_america
semlacu_mare,16.0,eastern_europe
amasra,16.25,middle_east
chengwu,31.0,east_asia
kamaniskeg,-4.0,north_america
lamu,8.25,east_africa
boubon,11.5,west_africa
nooherooka,2.0,north_america
qerrulliiq,-7.0,north_america
polonne,13.0,eastern_europe
pari_aike,-6.0,south_america
mandjar,-3.0,australasia
badtjala,-3.0,australasia
kapasia,36.0,south_asia
shahabad_uttar_pradesh,32.0,south_asia
pacitan,16.0,south_east_asia
gamo,1.0,east_africa
bruneck,19.0,western_europe
urucu,-7.0,south_america
llerena,17.0,western_europe
os_kino,-6.0,north_asia
gondal,17.0,south_asia
sondershausen,19.0,western_europe
nandu,-4.0,south_america
kala,0.0,east_africa
nanwacinahaana,-2.0,north_america
willman,2.0,australasia
pereiaslav,18.5,eastern_europe
tournai,32.0,western_europe
salamiyya,13.0,middle_east
srednyaya_akhtuba,-0.5,eastern_europe
bajaura,25.5,south_asia
sigulda,16.5,eastern_europe
lash_joveyn,14.0,middle_east
comana,16.0,eastern_europe
lamakera,16.0,south_east_asia
west_sabaneneque,-3.0,north_america
gunnaur,32.5,south_asia
baria,19.5,south_asia
kausseskait,-7.0,north_america
khantau,9.0,central_asia
bardhaman,32.5,south_asia
iasi,17.5,eastern_europe
horn,22.0,western_europe
drayab,10.0,east_asia
belaya_kalitva,8.5,eastern_europe
nibuchu,6.5,east_asia
mangalore,22.0,south_asia
mompoj,1.0,south_america
arraias,-3.0,south_america
tuz_khurma,10.0,middle_east
montes_claros,-6.0,south_america
wanuco_marka,1.0,south_america
kauwes,-5.0,south_america
futra_lhewfu,-3.0,south_america
ibalong,12.5,south_east_asia
kem,-3.0,western_europe
tsala_ihmec,-9.0,north_america
qianhua,23.5,east_asia
heretaunga,-1.0,australasia
vamar,6.0,central_asia
krasny_yar,-2.5,eastern_europe
kaiama,0.0,west_africa
rotokas,-8.0,pacific_islands
rudnya,18.5,eastern_europe
matootonha,4.0,north_america
cordoba,33.5,western_europe
loyalsock,0.0,north_america
luleburgaz,22.0,eastern_europe
goroditse_megra,9.0,eastern_europe
iishi,21.0,east_asia
butung,15.5,south_east_asia
tunguska_trail6,-6.0,north_asia
shabran,7.0,eastern_europe
straubing,26.5,western_europe
longquan,29.5,east_asia
bahraich,30.5,south_asia
arut,16.0,south_east_asia
ciwat,4.0,north_america
saitama,26.5,east_asia
rugen,19.0,western_europe
tarragona,27.25,western_europe
uemba,2.0,central_africa
quemahoning,-5.0,north_america
onekama,3.0,north_america
gaoqiao,31.0,east_asia
squamish,-4.5,north_america
gureng_gureng,-6.0,australasia
kalomo,2.0,central_africa
shagamu,-12.0,north_america
pakaasnovos,-6.0,south_america
trebizond,22.25,middle_east
chiautla,5.5,north_america
shizilu,33.0,east_asia
feicheng,28.0,east_asia
quedlinburg,17.0,western_europe
spitak,10.0,eastern_europe
ilyino,16.0,eastern_europe
shush,13.5,middle_east
sa_kaeo,19.5,south_east_asia
voronizh_chernihiv,16.5,eastern_europe
khabzhylakh,-8.0,north_asia
canso,-0.75,north_america
xuanhua,30.5,east_asia
ust_charky,-6.0,north_asia
sutkent,12.0,central_asia
gunung_sahilan,19.0,south_east_asia
coliman,4.0,north_america
ballou,3.5,west_africa
silae,13.0,south_east_asia
kulun,32.5,east_asia
shanjir,9.5,eastern_europe
lisieux,23.0,western_europe
satara,14.0,south_asia
huangxian,31.0,east_asia
pleven,14.0,eastern_europe
simo,5.5,western_europe
abisko,1.5,western_europe
libo,22.0,east_asia
busko_zdroj,13.0,eastern_europe
pontikokastro,19.0,eastern_europe
byas_kyuyol,-8.0,north_asia
memesagamesing,0.0,north_america
hargaya,6.5,east_africa
pokegama,-2.0,north_america
al_mandab,7.0,middle_east
guayupes,4.0,south_america
tampruns,-4.0,south_america
abdanan,10.0,middle_east
kajang,17.0,south_east_asia
stz_uminus,-4.5,north_america
caiapo,-1.0,south_america
muqur,14.0,middle_east
st_matthew,-7.0,north_america
kolobrzeg,21.5,western_europe
romang,-1.0,south_america
buljigu,-5.0,australasia
hvittis,4.5,western_europe
amoskeag,0.0,north_america
zwolen,17.5,eastern_europe
yuksekkum,12.0,middle_east
anoixi,6.0,north_america
mundurukania,-6.0,south_america
malchin,19.0,western_europe
biella,20.0,western_europe
ardra,-5.5,west_africa
rosnay,23.0,western_europe
yapudttka,-9.0,north_america
monterrey,20.0,western_europe
linxi,23.5,east_asia
gattaran,13.0,south_east_asia
nikwasi,-4.0,north_america
lohja,2.0,western_europe
changsha,40.5,east_asia
lean_fuzhou,23.0,east_asia
shucheng,27.0,east_asia
xuyi,34.5,east_asia
that_phanom,19.5,south_east_asia
dobyaz,4.5,eastern_europe
ogiciza_wakpa,2.0,north_america
cuauhtemallan,5.0,north_america
caen,25.0,western_europe
yehe,18.5,east_asia
dadi_dadi,-3.0,australasia
galyax,-8.0,north_america
bandar_deyr,14.0,middle_east
solvesborg,17.25,western_europe
manado,15.25,south_east_asia
turin,34.5,western_europe
shoptikol,-3.0,north_asia
tablat,11.0,north_africa
yamaska,-1.0,north_america
opimika,-3.0,north_america
hulu_mentaya,16.0,south_east_asia
seeboosis,-2.0,north_america
kas,13.25,middle_east
siliguri,29.0,south_asia
sitamarhi,32.5,south_asia
raisa,-1.0,western_europe
schleiden,20.0,western_europe
jinzhou_liaoyang,22.25,east_asia
kukiya,9.5,west_africa
achen,-5.5,south_america
repola,-6.0,western_europe
west_palawa,-1.0,australasia
bolshoy_yugan,-6.0,north_asia
pavlohrad,6.0,eastern_europe
turbah,5.0,middle_east
enhua,23.5,east_asia
tallinn,20.5,eastern_europe
pelmo,3.5,east_asia
bac_thai_nguyen,19.0,south_east_asia
nysa,21.0,eastern_europe
budaun,34.5,south_asia
tsarahafatra,3.5,east_africa
saint_katrine,13.0,north_africa
janakkala,2.0,western_europe
nevrokop,11.0,eastern_europe
anyi,27.0,east_asia
hansan,26.5,east_asia
namhkan,15.5,south_east_asia
gouriqua,-6.0,southern_africa
iniesta,15.0,western_europe
adranos,14.0,middle_east
gmaap,-3.0,southern_africa
jama_TUN,10.0,north_africa
kingmirtok,-10.0,north_america
guelma,11.0,north_africa
rende,22.0,east_asia
guajara,-4.0,south_america
quiquilhue,6.0,south_america
hali,7.0,middle_east
ghazni,18.0,middle_east
grodek,15.0,eastern_europe
hayami,21.0,east_asia
baruga,-8.0,pacific_islands
usolye,-0.5,eastern_europe
drohiczyn,15.5,eastern_europe
tyaia,-11.0,north_asia
kayes,11.5,west_africa
malpeque,0.25,north_america
makurap,-9.0,south_america
kholmyech,18.5,eastern_europe
batey,3.0,south_america
arari,-8.0,south_america
ngandatha,-7.0,australasia
weiyuan_jiading,27.0,east_asia
buor_yuryakh,-5.0,north_asia
gongkar,7.5,east_asia
lyskovo,6.5,eastern_europe
dawu,12.5,east_asia
huaying,26.5,east_asia
kuhdast,16.0,middle_east
munchique,-3.0,south_america
goly_karamysh,6.5,eastern_europe
itajuba,-2.0,south_america
khar_balgas,3.0,east_asia
dalingkot,17.5,south_asia
romen,14.0,eastern_europe
bargiri,8.0,eastern_europe
avesta,9.5,western_europe
canela_ramkokamekra,-4.0,south_america
cholollan,13.0,north_america
huangcaoba,24.5,east_asia
mushkov_pogost,14.0,eastern_europe
stavelot,14.0,western_europe
aita,22.0,east_asia
wokam,17.0,south_east_asia
chachersk,16.5,eastern_europe
ledengskoye,9.5,eastern_europe
tadjoura,0.0,east_africa
yongning,25.0,east_asia
mann,6.0,western_europe
kutaisi,19.0,eastern_europe
zweibrucken,19.0,western_europe
thilogne,1.0,west_africa
ningzhou,20.0,east_asia
ossipee,-5.0,north_america
potapoco,0.0,north_america
guarungube,-10.0,north_america
felegyhaza,16.0,eastern_europe
fastiv,16.0,eastern_europe
goychay,10.0,eastern_europe
toksun,0.0,east_asia
manuais,-4.0,south_america
sidi_fredj,10.25,north_africa
maubin,14.5,south_east_asia
hmawbi,24.5,south_east_asia
jequitinhonha,-7.0,south_america
sar_sang,12.0,central_asia
agaidika,-7.0,north_america
san_clemente,13.0,western_europe
salla,-1.0,western_europe
kaimana,-8.0,pacific_islands
shizunai,-5.0,east_asia
jiaohua,22.5,east_asia
prudnik,21.0,eastern_europe
wschowa,14.0,eastern_europe
bam_esfarayen,6.0,central_asia
ithriya,11.0,middle_east
wasilei,14.0,south_east_asia
bakhmach,18.5,eastern_europe
idjil,5.0,west_africa
kawinaw,-7.0,north_america
nhanta,2.0,australasia
anren_raozhou,29.5,east_asia
onguren,-3.0,north_asia
winklern,18.0,western_europe
ninescah,4.0,north_america
batanabo,-5.0,north_america
samarchyk,6.5,eastern_europe
bulakan,14.0,south_east_asia
naupahuasi,1.0,south_america
zabol,14.0,middle_east
moana_mpafu,-3.0,central_africa
teziutlan,7.0,north_america
tucssa,1.0,south_america
baciravan,10.0,eastern_europe
mantago,0.0,north_america
jannaba,12.0,middle_east
ixtapan,3.0,north_america
babicora,2.0,north_america
anace,-3.0,south_america
chapeco,-3.0,south_america
al_hadhah,2.0,middle_east
tutilpinco,7.0,north_america
yanga,-6.0,australasia
romanovsky_khutor,8.5,eastern_europe
ferns,16.0,western_europe
campinas,-2.0,south_america
shangnan,20.0,east_asia
skrytaya,-5.0,north_asia
arubeira,-4.0,north_america
deungju,11.0,east_asia
tavoy,14.0,south_east_asia
chishtian,24.5,south_asia
pensacola,1.0,north_america
bourg_en_bresse,21.0,western_europe
kish_shahrisabz,13.0,central_asia
kapangombo,1.0,central_africa
bacuma,3.0,central_africa
minang,-2.0,australasia
kouroussa,1.5,west_africa
girona,24.0,western_europe
jaggas,-3.0,central_africa
ntsweng,-5.0,southern_africa
dulmen,19.0,western_europe
phayao,19.0,south_east_asia
hennebont,23.5,western_europe
scalea,17.0,western_europe
xinyang,27.0,east_asia
kunyang,19.0,east_asia
achaivayam,-10.0,north_asia
ughoton,-6.0,west_africa
hertogenbosch,21.5,western_europe
aruamu,-6.0,pacific_islands
alba,26.0,western_europe
fuyang,33.5,east_asia
sviyazhsk,8.5,eastern_europe
gorele,14.0,middle_east
nyerpicha,-3.5,north_asia
uljin,21.0,east_asia
maradi,11.0,west_africa
harandzuvan,11.0,central_asia
muong_te,19.5,east_asia
fomin_gorodok,16.5,eastern_europe
napituca,1.0,north_america
porog,9.5,eastern_europe
chekmagush,6.5,eastern_europe
kodak,6.5,eastern_europe
hanchuan,31.5,east_asia
harris,4.0,western_europe
yeongdong,23.5,east_asia
zuoz,16.0,western_europe
lausanne,20.0,western_europe
velyki_sorochyntsi,14.0,eastern_europe
qianshan,30.0,east_asia
tukuran,13.0,south_east_asia
barcarrota,20.0,western_europe
golere,1.5,west_africa
chapallan,11.5,north_america
la_teste_de_buch,17.25,western_europe
hoboksar,3.0,east_asia
miquelon,-8.75,north_america
koyeti,-3.0,north_america
lamogai,-11.0,pacific_islands
shunyang,29.0,east_asia
auyo,9.0,west_africa
pangvay,12.0,middle_east
fuqing,32.0,east_asia
kursunlu,15.0,middle_east
quanjiao,30.0,east_asia
fengrun,31.0,east_asia
mutota,-1.5,southern_africa
ramu,19.0,south_east_asia
daxunhyuu,-10.0,north_america
montcenis,23.5,western_europe
paiaco,-6.0,south_america
khayrij,4.0,middle_east
pembina_ab,-5.0,north_america
tervenichi,7.0,eastern_europe
limari,6.0,south_america
capao_bonito,-4.0,south_america
rudkhaneh,10.0,middle_east
ziyang_xingan,22.5,east_asia
ibb,5.0,middle_east
dolpo,19.5,south_asia
khaiylmysh,11.0,central_asia
izki,2.0,middle_east
omdurman,6.5,east_africa
jiangxia,33.5,east_asia
panjakent,8.0,central_asia
yishan,22.0,east_asia
werowocomoco,0.25,north_america
ethapetha,1.0,north_america
nioro,9.0,west_africa
aqanqmi,-3.0,north_america
gohayo,-9.0,south_america
ainsa,14.0,western_europe
shawmut,3.0,north_america
minnewawa,5.0,north_america
rafsanjan,11.0,middle_east
patharkandi,19.5,south_asia
rogachevo,16.0,eastern_europe
dalaborg,12.0,western_europe
ford_liard,-6.0,north_america
berg,2.5,western_europe
ely,16.0,western_europe
zhaoan,29.0,east_asia
shirakawa,19.0,east_asia
turpan,10.0,east_asia
chai,27.0,south_asia
sonso,3.0,south_america
dospat,9.0,eastern_europe
cat_tien,17.5,south_east_asia
akana,-8.0,south_america
byanye,-6.0,north_asia
ilorin,-1.0,west_africa
bola,-8.0,pacific_islands
namau,-6.0,pacific_islands
azadvar,8.0,central_asia
saint_omer,20.0,western_europe
iate,-8.0,south_america
vemulawada,24.0,south_asia
lowestoft,21.0,western_europe
kashtruk,-7.0,south_america
yarkino,-7.5,north_asia
olooko_kuol,-13.0,north_asia
siar,-8.0,pacific_islands
chalons_champagne,25.0,western_europe
kuma,17.0,east_asia
nuuriileng,-5.0,north_america
xiangyin,31.5,east_asia
kutna_hora,21.0,western_europe
tsi_del_del,-10.0,north_america
wicontiss,5.75,north_america
myitta,16.0,south_east_asia
deoule,7.0,west_africa
lubliniec,16.0,eastern_europe
yanque,-1.0,south_america
heshun,25.0,east_asia
chishamnee,-5.0,south_america
ambatomanoina,3.5,east_africa
aratu,1.0,south_america
dong_si_maha_phot,19.5,south_east_asia
boandik,-5.0,australasia
dayaoshan,20.0,east_asia
takam,24.5,south_asia
cashel,8.0,western_europe
derawar,24.0,south_asia
banzart_khairkhan,-4.0,east_asia
beyarjomand,6.0,central_asia
klin,20.5,eastern_europe
jianan,25.0,east_asia
pocheon,21.0,east_asia
alii,-6.0,north_asia
annaba,23.25,north_africa
caracuaro,3.0,north_america
interlaken,16.0,western_europe
kebkabiya,4.0,east_africa
vasyugan,-11.0,north_asia
besima,8.0,middle_east
bhurwara,30.5,south_asia
tesov,9.0,eastern_europe
kular,-5.0,north_asia
giurgiu,16.5,eastern_europe
kulawi,15.0,south_east_asia
tezerghe,8.0,north_africa
lumbala,-0.5,central_africa
calbe,23.5,western_europe
mirepoix,16.0,western_europe
kaisou,24.0,east_asia
gresik,27.0,south_east_asia
dhi_ain,5.0,middle_east
tragor,3.5,east_asia
nembe,-6.0,west_africa
kayan,13.0,south_east_asia
keoma,2.0,north_america
wolhusen,17.0,western_europe
pachora,23.5,south_asia
jembayan,18.5,south_east_asia
atitlan,4.0,north_america
khlepen,14.0,eastern_europe
placentia,-7.0,north_america
kratovo,9.0,eastern_europe
tana,6.0,eastern_europe
vercelli,26.0,western_europe
ust_maia,-6.0,north_asia
dergachi,0.0,eastern_europe
luanyang,26.0,east_asia
keflavik,5.0,western_europe
qasr_himam,2.0,middle_east
papile,16.0,eastern_europe
edinburgh,25.5,western_europe
nikolsky,5.5,eastern_europe
khwansar,11.0,middle_east
san_sebastian,19.75,western_europe
shida,22.0,east_asia
xiangcheng_kaifeng,34.5,east_asia
firuzabad_bahraich,29.5,south_asia
bhakkar,22.5,south_asia
montalban,15.0,western_europe
nagykanizsa,19.5,eastern_europe
laribandar,12.5,south_asia
thien_quan,19.0,south_east_asia
kagaye,0.0,east_africa
samaqua,-6.0,north_america
jyekundo,1.5,east_asia
lotoshino,16.0,eastern_europe
mante,4.5,north_america
nogule,4.0,east_asia
longa,4.0,central_africa
icafui,-6.0,north_america
mokelumne,-4.0,north_america
mascara,10.0,north_africa
yi,4.0,south_america
daguda,-4.0,australasia
domanic,14.0,middle_east
mussimi,-1.0,central_africa
tyonek,-5.0,north_america
merki,9.0,central_asia
tapajo,-11.0,south_america
garabito,-1.0,north_america
huaxtla,4.5,north_america
faran,14.0,north_africa
oancea,13.5,eastern_europe
v_enyn,-3.5,north_asia
lai_hka,22.5,south_east_asia
yiyang,37.0,east_asia
kamahuya,-9.0,north_america
pinsk,15.5,eastern_europe
lom,16.5,eastern_europe
khorat,21.5,south_east_asia
yusha,30.5,east_asia
nilakamberu,20.0,south_asia
lakitan,19.0,south_east_asia
kamiskayachuuch,-5.0,north_america
el_qoseir,14.0,north_africa
chittaloosa,1.0,north_america
mahilaka,-7.0,east_africa
nakop,-8.0,southern_africa
apeldoorn,21.0,western_europe
barkul,-4.0,east_asia
shimamaki,-6.0,east_asia
loeme,-9.0,central_africa
bayat,13.5,middle_east
rikbaktsa,-6.0,south_america
jerusalem,22.0,middle_east
rey,18.0,middle_east
dobele,16.0,eastern_europe
zhemgang,17.5,south_asia
muchesh,15.0,middle_east
colmar,26.0,western_europe
sofiivka,6.0,eastern_europe
spoleto,19.0,western_europe
mokhcha,12.0,eastern_europe
brac,13.0,eastern_europe
malneta,25.5,south_asia
novo_mesto,20.5,eastern_europe
nyssa,-5.0,north_america
atakpame,-4.0,west_africa
cherlak,1.0,north_asia
kazerun,14.0,middle_east
puruga,-4.0,australasia
ilek,5.0,central_asia
prasat_pram_lovet,19.0,south_east_asia
ain_farah,4.0,east_africa
yoreme,1.0,north_america
amblu_kai,2.0,north_america
kuytun,5.0,east_asia
ntenke,4.0,central_africa
xat_sull,-12.0,north_america
rusafa,10.0,middle_east
andimeshk,16.5,middle_east
opalkova,4.0,eastern_europe
tehri,29.0,south_asia
naga_bikol,9.0,south_east_asia
dhurma,0.0,middle_east
tunguska_trail3,-6.0,north_asia
ivuna,-2.0,east_africa
wittenberg,30.5,western_europe
shibogama,-6.0,north_america
braiakalung,-1.0,australasia
mansilla,17.0,western_europe
zigula,12.5,east_africa
shravasti,30.5,south_asia
ponoi,-4.5,western_europe
ichisi,2.0,north_america
adena,-1.0,north_america
ooita,22.0,east_asia
shexian,28.5,east_asia
rangamati,14.0,south_asia
matman,21.5,east_asia
ilchamu,1.0,east_africa
al_hunayy,2.0,middle_east
buga,1.0,south_america
anegada,-11.0,north_america
managalang,19.0,south_east_asia
luckau,17.0,western_europe
chisasibi,-5.0,north_america
gotera,0.0,north_america
checagou,1.0,north_america
arsuk,-5.5,western_europe
mahvelat,11.0,middle_east
saint_malo,24.75,western_europe
west_kimbu,-0.5,east_africa
maia,-4.0,australasia
mazaghan,18.25,north_africa
ghatgaon,26.0,south_asia
engeruka,0.0,east_africa
owambo,-7.0,southern_africa
ombongo,-1.0,central_africa
payzawat,6.0,east_asia
sigheneg,-10.0,north_asia
jodar,22.0,western_europe
gonc,16.0,eastern_europe
nakakamikawa,-2.0,east_asia
merenga,-10.0,north_asia
selkehatchie,1.0,north_america
xisa,19.5,east_asia
waziblo,-2.0,north_america
zara,17.0,middle_east
iskwao,6.0,north_america
caribaro,-2.0,north_america
quge,9.5,east_asia
kushva,-6.0,eastern_europe
kelantan,19.0,south_east_asia
mahmudabad,12.5,eastern_europe
bagram,10.0,central_asia
beypazari,17.5,middle_east
thayetchaung,14.0,south_east_asia
tiwal,-1.5,central_africa
umballa,-1.0,central_africa
gambela,7.5,east_africa
sine_ngayene,8.0,west_africa
hulbuk,9.0,central_asia
savalou,1.5,west_africa
capimitchigama,0.0,north_america
osaakiiwaki,-1.0,north_america
khurgan,-4.0,east_asia
ponferrada,17.0,western_europe
abha,5.0,middle_east
zvenyhorod,18.0,eastern_europe
dakhla,11.5,north_africa
sena,-0.5,southern_africa
charagua,21.5,south_asia
consha,1.0,north_america
pingding,26.0,east_asia
jerada,8.0,north_africa
tionaga,0.0,north_america
al_harjah,4.0,middle_east
xamapan,5.0,north_america
urgup,17.5,middle_east
kuzhyb,2.5,eastern_europe
pua,19.5,south_east_asia
nadi,22.5,east_asia
tulumni,-4.0,north_america
campo_mourao,-2.0,south_america
puyu_huapi,-6.0,south_america
baiyungu,-4.0,australasia
lardil,-8.0,australasia
notiskuan,-2.0,north_america
tapuitapera,-6.0,south_america
ooshiyn_gobi,-4.0,east_asia
nandan,22.0,east_asia
pasca,-1.0,south_america
pulusuk_atoll,-7.0,pacific_islands
para_gaviao,-6.0,south_america
azamgarh,32.0,south_asia
heungyang,24.0,east_asia
rylsk,16.5,eastern_europe
pirot,13.0,eastern_europe
komering,16.0,south_east_asia
itzcuintlan,4.0,north_america
knin,17.0,eastern_europe
omatako,-8.0,southern_africa
kuruminaka,-3.0,south_america
toho,9.0,north_america
tatsan,-9.0,north_america
mayi_thakurti,-4.0,australasia
bracciano,28.0,western_europe
venice,39.0,western_europe
turah,-6.0,north_america
xicahua,0.0,north_america
weinan,28.5,east_asia
radkan,8.0,central_asia
khana,2.0,east_asia
wdpesek,1.0,north_america
bardodalen,-1.0,western_europe
rudnya_pontic,6.0,eastern_europe
aga,5.5,east_asia
jyotipur,29.0,south_asia
al_burud,0.0,middle_east
muana,4.0,central_africa
hagios_pavlos,11.0,eastern_europe
cheongju,25.5,east_asia
jonga_pansa,-1.0,central_africa
otatitlan,6.5,north_america
rio_pardo,-2.0,south_america
bratislava,26.5,eastern_europe
tarnovo,20.0,eastern_europe
yenicepazari,16.5,middle_east
takakusa,21.0,east_asia
kamioono,19.0,east_asia
hadong,22.0,east_asia
chinggil,3.0,east_asia
lanshan,28.0,east_asia
kiya,-8.5,north_asia
east_ngindo,11.0,east_africa
passumpsic,-3.0,north_america
bera,19.0,south_east_asia
aguyaq,-10.0,north_america
yaanga,1.0,north_america
husum,11.0,western_europe
vyborg,14.75,western_europe
waerhdje,12.0,east_asia
pechichitane,12.0,north_america
paykend,8.0,central_asia
pangasugan,9.0,south_east_asia
chimu,1.0,south_america
adlur,22.0,south_asia
chortolisy,13.0,eastern_europe
werdenberg,16.0,western_europe
ot_esh_otchore,-6.0,north_america
mikkwa,-6.0,north_america
borsod,17.0,eastern_europe
dambwe,3.5,southern_africa
kabishi,-4.0,south_america
acteon,-7.0,pacific_islands
awa_brazil,-3.0,south_america
cerwecerna,4.0,north_america
taungup,14.0,south_east_asia
bruchsal,26.5,western_europe
lopburi,23.5,south_east_asia
undrugonda,22.0,south_asia
vijaya,29.5,south_east_asia
tournon,20.5,western_europe
lufeng_haifeng,26.0,east_asia
sebinkarahisar,13.0,eastern_europe
markha,3.0,middle_east
wizna,15.5,eastern_europe
kalyan,22.0,south_asia
almunecar,18.25,western_europe
gradina,15.0,eastern_europe
garibams,-5.0,southern_africa
taoudenni,5.0,west_africa
balambangan,23.75,south_east_asia
demon,14.0,eastern_europe
ichnia,14.0,eastern_europe
karvuna,12.0,eastern_europe
pocologan,-2.0,north_america
sakminskoye_vodokhranilishche,4.0,eastern_europe
xatingnaax,-13.0,north_asia
murrumgama,-2.0,australasia
bafra,28.5,middle_east
kavala,17.25,eastern_europe
ekwentondie,1.0,north_america
yarra,-2.0,australasia
hayrabolu,24.5,eastern_europe
quines,9.0,south_america
trapessac,20.0,middle_east
nikolsk,9.0,eastern_europe
mlungo,-3.0,east_africa
dzamtang,12.0,east_asia
whonnock,1.0,north_america
kampeska,4.0,north_america
al_ahsa,7.0,middle_east
rassawek,1.0,north_america
pingxiang,22.0,east_asia
javaes,-3.0,south_america
krasnye_baki,15.5,eastern_europe
medina_del_campo,23.5,western_europe
qingchi,28.5,east_asia
sorachi,-5.0,east_asia
drahushiv,16.5,eastern_europe
tahna,19.5,north_africa
sklallam,-2.0,north_america
kamusawawasich,-7.0,north_america
sherbiv,13.0,eastern_europe
liangcheng,23.0,east_asia
kupwara,22.5,south_asia
coucy,19.0,western_europe
ikeda,19.0,east_asia
guangzong,27.0,east_asia
teliagarhi,32.5,south_asia
khilgo,2.0,east_asia
mors,25.5,western_europe
mirixubaash,6.0,north_america
lubawa,14.0,eastern_europe
manresa,16.0,western_europe
bonghwa,23.0,east_asia
djougou,2.5,west_africa
kennebecasis,-5.0,north_america
ilyinsko_podomskoye,9.5,eastern_europe
kanjamba,1.0,central_africa
barretos,-6.0,south_america
pankara,-2.0,south_america
ushachy,16.5,eastern_europe
friesach,18.0,western_europe
basarwa,-8.0,southern_africa
janow_lubelski,13.0,eastern_europe
roding,17.0,western_europe
kotte,26.0,south_asia
swy_e,-5.0,southern_africa
gamou,25.0,east_asia
peixian,31.0,east_asia
hochob,6.0,north_america
liamuiga,-9.75,north_america
gandikota,23.5,south_asia
stanitsa_kokchetavskaya,-8.0,north_asia
xinzheng,37.0,east_asia
tases,7.0,north_america
gioro,1.0,south_america
xunka,6.5,east_asia
ompompanusooc,-3.0,north_america
nan,19.5,south_east_asia
lwena,-1.0,central_africa
hoya,21.5,western_europe
palekh,15.5,eastern_europe
gaur,34.0,south_asia
benin,11.0,west_africa
tachibana,31.5,east_asia
talibon,11.0,south_east_asia
adirondacks,-6.0,north_america
baoning_maozhou,25.0,east_asia
mtskheta,12.5,eastern_europe
szadzko,19.0,western_europe
tikrit,14.5,middle_east
molvo,-3.0,north_asia
anren,31.0,east_asia
changshan,29.0,east_asia
chengxiang,23.0,east_asia
karleby,3.0,western_europe
karasay,7.0,central_asia
molyvos,13.25,eastern_europe
luchani,11.0,eastern_europe
lingshi,24.0,east_asia
dean,29.0,east_asia
baud,24.5,south_asia
kanyakumari,17.0,south_asia
qakh,12.0,eastern_europe
laian_tianzhou,20.5,east_asia
shamokin,-3.0,north_america
tziuhcoac,6.5,north_america
guzhen,32.0,east_asia
jaitmatang,-6.0,australasia
hudaida,7.0,middle_east
nemours,21.0,western_europe
benesov,18.0,western_europe
halona_idiwana,-1.0,north_america
qiqihar,8.5,east_asia
village_onega,-0.5,eastern_europe
makah,-5.0,north_america
akhsikath,16.0,central_asia
passau,21.5,western_europe
garmisch,17.0,western_europe
hejian,31.0,east_asia
maybrat,-9.0,pacific_islands
west_aasax,9.0,east_africa
pelalawan,14.0,south_east_asia
pyay,29.5,south_east_asia
fez,24.5,north_africa
santiago_compostela,20.0,western_europe
tuol_ta_mouk,21.5,south_east_asia
denia,22.0,western_europe
wik,-4.0,australasia
schweinfurt,22.5,western_europe
konso,2.0,east_africa
aimore,-4.0,south_america
bruck_leitha,28.5,western_europe
udachny,-6.0,north_asia
hasselt,22.0,western_europe
kanauj,35.5,south_asia
prieska,-3.0,southern_africa
covilha,15.0,western_europe
katta,15.0,east_asia
kot_marot,20.0,south_asia
uzea,-1.0,west_africa
ardahan,15.0,eastern_europe
baky,-10.0,north_asia
saganing,-5.75,north_america
xigu,22.0,east_asia
kelimyar,-7.0,north_asia
stendal,21.5,western_europe
tresivio,21.5,western_europe
taigong,21.5,east_asia
chaiturgarh,24.0,south_asia
dokshytsy,15.0,eastern_europe
tsontaroy_kala,10.0,eastern_europe
suttsu,-5.0,east_asia
south_sakuye,-1.0,east_africa
yaroslav_poland,22.5,eastern_europe
mapimi,-1.0,north_america
ude_baikal,2.0,east_asia
yuanqu,28.5,east_asia
laibin,30.5,east_asia
dingrong,17.0,east_asia
iparuka,-8.0,australasia
maung,-8.0,australasia
amol,19.0,middle_east
alnwick,19.0,western_europe
lechang,24.5,east_asia
ishkashim,10.0,central_asia
hassfurt,22.5,western_europe
staraya_ryazan,13.5,eastern_europe
tirunelveli,24.0,south_asia
klipgat,-2.0,southern_africa
coos,-3.0,north_america
smalyavichy,15.0,eastern_europe
sotuta,7.0,north_america
futoro,-5.0,east_asia
varazdin,13.0,eastern_europe
ipswich,23.5,western_europe
velez_rubio,15.0,western_europe
brin_navolok,-2.5,eastern_europe
aghkand,16.0,middle_east
nga_lac,21.5,south_east_asia
nanzhang,25.0,east_asia
kepimits,-13.0,north_america
yutuwichan,-9.0,north_america
yambadika,-10.0,north_america
alays,9.5,east_africa
galle,22.75,south_asia
ed_debba,4.5,east_africa
petawanga,-6.0,north_america
hamenk,-10.0,south_america
guildford,22.0,western_europe
longnan,23.0,east_asia
dingxing,33.0,east_asia
amli,2.0,western_europe
ramkola,26.0,south_asia
taoyuan_huaian,36.5,east_asia
tazewell,-3.0,north_america
ung,1.0,east_asia
suining_pizhou,34.5,east_asia
vartsikhe,14.0,eastern_europe
dinkot,22.5,south_asia
shigatse,11.5,east_asia
tanga,7.0,east_africa
makokibatan,-6.0,north_america
havaii,-11.0,pacific_islands
dasong,31.0,east_asia
chisobibra,14.0,south_asia
notinito_sipiy,-2.0,north_america
hishikari,22.0,east_asia
tavsanli,15.0,middle_east
uch_barchik,-3.0,north_asia
mpanda,-1.0,east_africa
mollyhuajeck,-2.0,north_america
pocotaligo,-1.0,north_america
souk_el_arba,15.0,north_africa
malkangiri,20.0,south_asia
bedia,14.0,eastern_europe
kashgar,18.0,east_asia
bhopal,31.5,south_asia
portudal,1.0,west_africa
ayaviri,3.0,south_america
boston,15.0,western_europe
mons,23.0,western_europe
kirovskiy,-7.0,north_asia
lahijan,19.0,middle_east
yuryev_povolzhsk,15.5,eastern_europe
manzushir,2.0,east_asia
tarim,4.0,middle_east
mooi,1.0,southern_africa
vuta_chadihue,-3.0,south_america
haldensleben,19.0,western_europe
kampong_sraka_trey,21.5,south_east_asia
estok_gna,5.5,north_america
besancon,20.0,western_europe
pumanota,4.0,south_america
gueiquesales,5.5,north_america
ixcatlan,4.0,north_america
sialkot,34.5,south_asia
tabqah,12.5,middle_east
illereichen,20.0,western_europe
phnom_srok,21.5,south_east_asia
tulu_walal,5.0,east_africa
limasawa,9.0,south_east_asia
huguan,25.0,east_asia
fachi,5.0,west_africa
gilyuy,9.5,east_asia
puan_puan,19.0,east_asia
naiba,-7.0,north_asia
tissamaharama,17.0,south_asia
yizhou_jurchen,16.0,east_asia
pesaguan,14.0,south_east_asia
uutaalnganu,-9.0,australasia
thanjavur,33.5,south_asia
makutamazan,-3.0,southern_africa
datian,26.0,east_asia
usingen,18.0,western_europe
kungara,-6.0,australasia
haranka,12.5,east_africa
quetico,0.0,north_america
warendorf,21.0,western_europe
kahochella,-9.0,north_america
vranje,12.0,eastern_europe
ulaanbadrakh,-4.0,east_asia
thandaunggyi,18.5,south_east_asia
ramsheh,11.0,middle_east
kadinga,-3.0,central_africa
hayq,2.0,east_africa
urquhart,11.0,western_europe
uzboy,7.0,central_asia
czlopa,13.0,eastern_europe
emirdag,17.5,middle_east
neixiang,32.0,east_asia
sheboygan,0.0,north_america
malong_qujing,22.0,east_asia
aklan,7.0,south_east_asia
upper_yukon,-6.0,north_america
diamou,8.5,west_africa
north_shirima,4.5,east_africa
mayenne,21.0,western_europe
chiramba,-0.5,southern_africa
kwidzyn,20.5,eastern_europe
karaturgay,7.0,central_asia
gushan,18.5,east_asia
bengy,3.5,east_africa
bila_tserkva,14.0,eastern_europe
tamacine,7.0,north_africa
nkankezi,-3.0,southern_africa
kozlov_vyazma,18.5,eastern_europe
shizhao,34.5,east_asia
ikoyi,1.0,west_africa
manigotagan,0.0,north_america
tippecanoe,1.0,north_america
anggamudi,-8.0,australasia
falaba,1.0,west_africa
fuping_xian,26.0,east_asia
muang_phin,21.5,south_east_asia
devprayag,24.5,south_asia
guaquili,1.0,north_america
aguacana,4.0,north_america
ayish,8.0,north_america
ikalamavony,3.5,east_africa
kumasi,-1.0,west_africa
curacaute,1.0,north_america
puvina_padangile,21.0,south_asia
gotha,19.0,western_europe
quicuima,0.0,south_america
bamu,-11.0,pacific_islands
yimen,21.5,east_asia
yanshan_guangxin,24.5,east_asia
askiz,-2.5,north_asia
higashiusuki,19.0,east_asia
modon,18.25,eastern_europe
al_uqayr,2.0,middle_east
bahreman,10.0,middle_east
nadia,41.5,south_asia
ust_cheptsa,-0.5,eastern_europe
itzocan,9.5,north_america
tulamba,26.5,south_asia
tednest,8.0,north_africa
stockholm,22.75,western_europe
gyor,21.5,eastern_europe
dhalam,0.0,middle_east
sidhmukh,17.0,south_asia
alvastra,18.0,western_europe
birpara,31.0,south_asia
julau_kutai,16.0,south_east_asia
gapyeong,22.5,east_asia
ozieri,12.0,western_europe
bethune,23.0,western_europe
wabenasibi,1.0,north_america
duyun,21.0,east_asia
espakeh,12.0,middle_east
mattawishkwia,0.0,north_america
anuradhapura,17.0,south_asia
djado,5.0,west_africa
karanka,3.0,south_america
shardonem,-0.5,eastern_europe
galibal,-2.0,australasia
flint,12.0,western_europe
volterra,26.0,western_europe
zuwarah,11.0,north_africa
inapiremapu,6.0,south_america
dubovskoye,4.5,eastern_europe
jabbul,13.0,middle_east
kyakhtinskii,-9.0,north_asia
hirson,21.0,western_europe
bih,9.0,middle_east
avaj,12.0,middle_east
chatellerault,25.5,western_europe
nishi,-6.0,east_asia
viterbo,28.0,western_europe
aiwanj,10.0,central_asia
pakokku,22.5,south_east_asia
kamyshin,2.5,eastern_europe
bossa,9.0,east_africa
unquachog,-1.0,north_america
rahayta,2.0,east_africa
baltas,3.0,eastern_europe
alamarvdasht,14.0,middle_east
ouled_djellal,9.0,north_africa
al_ghrabah,0.0,middle_east
quz_rajab,9.5,east_africa
patgasa_wakpa,0.0,north_america
anhua_anhua,25.5,east_asia
kljuc,10.0,eastern_europe
futakata,21.0,east_asia
sioma,5.5,central_africa
cutzamala,6.5,north_america
sentispac,6.0,north_america
koliaganeq,-5.0,north_america
arnsberg,19.0,western_europe
ogoja,-4.0,west_africa
dehagh,11.0,middle_east
wujiang_yingtian,27.5,east_asia
funai,22.0,east_asia
tulua,-1.0,south_america
sissipahaw,2.0,north_america
polonnaruva,19.0,south_asia
sarayjuk,2.0,eastern_europe
barnstaple,17.0,western_europe
holzminden,18.5,western_europe
arkhyz,10.0,eastern_europe
daquq,10.0,middle_east
nanboa_angonga,1.0,central_africa
chorumani,2.0,central_africa
debra_warq,11.5,east_africa
sagua,-11.0,north_america
la_roche_sur_foron,18.0,western_europe
silale,13.0,eastern_europe
wazihe,2.0,north_america
morki,3.0,eastern_europe
qala_zari,11.0,middle_east
arslanbob,11.0,central_asia
klendela,-3.0,central_africa
teply_klyuch,-11.0,north_asia
mordovo,8.0,eastern_europe
simraungadh,29.5,south_asia
shemonayevskoye,3.0,north_asia
ocute,1.0,north_america
fuzhou,28.0,east_asia
dhamtari,24.0,south_asia
dambi_angonga,-3.0,central_africa
stirling,16.0,western_europe
puri,34.0,south_asia
qasr_farafra,14.0,north_africa
qawalangin,-10.0,north_america
buy,15.5,eastern_europe
mazatlan,2.5,north_america
martuthunira,-8.0,australasia
patos,1.0,south_america
pantepec,9.0,north_america
kon_tengiz,7.0,central_asia
chesnokovka,0.0,north_asia
sint_niklaas,30.5,western_europe
sterzing,20.0,western_europe
pestyaki,13.0,eastern_europe
nahma,0.0,north_america
al_khosuf,7.0,middle_east
huanzhou_qingyang,18.0,east_asia
nilandhe_atoll,19.25,south_asia
chikwanda,6.5,southern_africa
kolchawwe,9.0,south_america
manawatu,-4.0,australasia
schweinitz,23.5,western_europe
gorlos,11.0,east_asia
clermont,21.5,western_europe
chichibu,20.0,east_asia
tongren,23.0,east_asia
asola,27.0,western_europe
keta_tajima,21.0,east_asia
huacheng,25.0,east_asia
nelemney,-11.0,north_asia
lame,-3.0,central_africa
hanau,25.5,western_europe
beauvoir,16.0,western_europe
androscoggin,0.0,north_america
qiaokou,29.5,east_asia
bigan,8.0,south_east_asia
tayxlama,-3.0,north_america
islay,4.0,western_europe
jalan_buani_buali,2.0,middle_east
lypova_dolyna,16.0,eastern_europe
leitrim,8.0,western_europe
pattukkottai,22.0,south_asia
boxing,28.5,east_asia
tado_colombia,3.0,south_america
gumus,17.5,middle_east
kaiapoi,-1.0,australasia
wapitotem,-6.0,north_america
utsutigway,-2.0,north_america
worcester,20.5,western_europe
lakam_tun,8.5,north_america
ayerou,9.5,west_africa
tu_dotlizh_ndee,2.0,north_america
oppenheim,25.5,western_europe
jabirrjabirr,-6.0,australasia
khabushan,10.0,central_asia
ypalgyn,-5.0,north_asia
tongdao,22.0,east_asia
urasalakh,-10.0,north_asia
mangshi,23.5,east_asia
masekesa,3.5,southern_africa
taivalkoski,-1.0,western_europe
tilsit,15.5,eastern_europe
gruzino,13.5,eastern_europe
kabinakagami,-2.0,north_america
chieri,31.0,western_europe
anding_mashan,20.5,east_asia
finisterre,17.25,western_europe
chitambo,3.5,east_africa
poughkeepsie,0.0,north_america
storen,2.0,western_europe
bejaad,15.0,north_africa
djee,8.5,east_asia
chumbivilcas,3.0,south_america
civitavecchia,24.25,western_europe
veliky_porog,16.5,eastern_europe
al_azlam,4.0,middle_east
dusmareb,9.0,east_africa
virkgarh,30.5,south_asia
uddevalla,14.0,western_europe
szarvas,18.5,eastern_europe
temir,5.0,central_asia
kokowarra,-4.0,australasia
yirandali,-6.0,australasia
basavana_bagewadi,19.0,south_asia
sines,22.25,western_europe
vstrechny,-5.0,north_asia
anilco,2.0,north_america
yahr,5.0,middle_east
yinjiang,20.0,east_asia
svislach,16.5,eastern_europe
etzanoa,6.0,north_america
usambara,14.5,east_africa
hinsepu,-2.0,north_america
apiai,-2.0,south_america
monthey,17.5,western_europe
pipanaco,6.0,south_america
almalik_chach,8.0,central_asia
miran,8.5,east_asia
prachinburi,19.5,south_east_asia
zvolen,15.0,eastern_europe
raseiniai,14.0,eastern_europe
yangqu,23.0,east_asia
chanaral,1.0,south_america
amazar,7.5,east_asia
henei,29.0,east_asia
birampur,34.0,south_asia
hanol,24.0,south_asia
bouar,-6.0,central_africa
asilah,19.0,north_africa
sawokli,1.0,north_america
islamkot,17.0,south_asia
carbery,11.75,western_europe
hakata,22.5,east_asia
nueltin,-11.0,north_america
palasamudram,21.5,south_asia
date_loc,16.0,east_asia
tunguska_trail2,-9.0,north_asia
al_marwa,1.0,middle_east
bafoulabe,9.5,west_africa
kulan,9.0,central_asia
suzun,0.0,north_asia
laung,13.0,south_east_asia
kwahada,4.0,north_america
omaha,8.0,north_america
massapa,-1.5,southern_africa
malacatos,7.0,south_america
walcourt,19.5,western_europe
binh_lam,20.5,south_east_asia
dapiguemlec,1.0,south_america
mara,-6.0,australasia
nyasvizh,15.0,eastern_europe
umuarama,-1.0,south_america
piedrahita,16.0,western_europe
khwe,-7.0,southern_africa
yawuru,-6.0,australasia
friesoythe,19.0,western_europe
mayrinax,25.0,east_asia
yongnian,27.0,east_asia
sagu,22.5,south_east_asia
hisar,24.0,south_asia
kupuri,8.5,east_asia
mikhailovka,14.0,eastern_europe
lemin,19.0,east_asia
samriddhipuri,16.0,south_east_asia
kuuvik,-7.0,north_america
bari,24.25,western_europe
jijkwtuk,-1.0,north_america
kargasok,-11.0,north_asia
wahachee,1.0,north_america
durlach,28.5,western_europe
rawanduz,11.0,middle_east
brecknock,11.0,western_europe
szczytno,8.0,eastern_europe
cuango,-1.0,central_africa
ilanz,15.5,western_europe
tora,-1.0,south_america
mut,15.0,middle_east
bitti,11.0,western_europe
shouchun,36.5,east_asia
sigli,17.0,south_east_asia
longamo,4.5,central_africa
amalyk,-4.0,north_asia
mangge,6.0,east_asia
sitakunda,19.0,south_east_asia
chiang_dao,15.5,south_east_asia
shanglin,21.0,east_asia
ukunzu,-2.5,west_africa
ritzebuttel,15.25,western_europe
zemlyansk,8.5,eastern_europe
deatnu,2.5,western_europe
fushu,22.5,east_asia
mistahi_sakahikan,-11.0,north_america
nalou,21.5,east_asia
lop,8.0,east_asia
rudrapur_kumaon,29.5,south_asia
cuauhcuetzpaltepec,4.0,north_america
oladjau,-6.0,australasia
kaudwane,-6.0,southern_africa
rungan,14.0,south_east_asia
borborud,15.5,middle_east
zabid,7.0,middle_east
kozmin,16.0,eastern_europe
sagaing,24.5,south_east_asia
balanipa,13.0,south_east_asia
kobryn,13.0,eastern_europe
onga,24.0,east_asia
patoka,2.0,north_america
sambhal,32.5,south_asia
durgarazpatnam,17.0,south_asia
ortrask,2.0,western_europe
jumla,22.0,south_asia
targu_jiu,13.0,eastern_europe
komango,2.0,central_africa
kengkham,21.5,south_east_asia
ad_dilam,-1.0,middle_east
barlad,9.0,eastern_europe
solt,18.5,eastern_europe
rampart,-6.0,north_america
uleaborg,8.25,western_europe
yezsk,16.0,eastern_europe
yidinjdji,-4.0,australasia
vrhbosna,9.0,eastern_europe
rajim,24.0,south_asia
demerara,-4.0,south_america
kuukucyn,-10.0,north_asia
epe,-5.5,west_africa
masinga,-3.0,central_africa
kozmodemyansk,5.5,eastern_europe
sar_pol,9.0,central_asia
kamassekuakamat,-8.0,north_america
chichen_itza,7.0,north_america
eora,5.0,australasia
krasnoe,17.0,eastern_europe
megion,-11.0,north_asia
verkhneimbatsk,-6.0,north_asia
bendi,-1.0,central_africa
susurluk,14.0,middle_east
mapela,-0.5,southern_africa
yingchang,21.0,east_asia
kraho,-3.0,south_america
achava,-10.0,north_asia
vilkmerge,14.0,eastern_europe
daboka,19.0,south_asia
yert,-8.0,north_asia
bokoni,1.0,southern_africa
sedanka,-7.0,north_asia
ceibal,3.5,north_america
hapsal,14.0,eastern_europe
darghat,2.0,middle_east
opoa,5.0,north_america
yeme,5.5,north_america
hutton,-9.0,north_america
saluda,-1.0,north_america
yudu,28.5,east_asia
moffat,-6.0,north_america
oronckota,5.0,south_america
abau,-6.0,pacific_islands
bonanza,-6.0,north_america
ouara,-9.0,central_africa
wekwayik,-2.0,north_america
balikley,4.5,eastern_europe
safare,9.5,west_africa
nanfeng,29.0,east_asia
mongkung,22.0,south_east_asia
qietai,6.0,east_asia
kamatapur,36.5,south_asia
gorouol,7.0,west_africa
kulu,-9.0,north_asia
sangme,12.5,east_asia
petitsikapau,-7.0,north_america
magueyes,3.0,north_america
shinobu,16.0,east_asia
ermenek,12.0,middle_east
acayucan,4.0,north_america
tupinambarana,-11.0,south_america
mezhybozhe,18.0,eastern_europe
mayo,-6.0,north_america
shengxian,27.0,east_asia
changle,31.0,east_asia
bazin,6.5,east_africa
los_yebenes,16.0,western_europe
erding,24.5,western_europe
jalalabad,16.5,middle_east
sic,18.0,eastern_europe
midongy,3.5,east_africa
onojutta,-3.0,north_america
huedin,16.0,eastern_europe
seydisehir,18.0,middle_east
jhunjhunu,17.0,south_asia
tygde,11.5,east_asia
guadalupe,19.5,western_europe
chilwe,4.0,east_africa
kapuskaypachik,-11.0,north_america
berdiansk,3.25,eastern_europe
itajai,-2.0,south_america
llampqui,1.0,south_america
bamgweolo,4.0,central_africa
east_palawa,-1.0,australasia
maruf,11.0,middle_east
zerbst,25.5,western_europe
st_polten,24.0,western_europe
camaguey,-6.0,north_america
hurle,8.5,east_asia
kota_marudu,12.0,south_east_asia
vanua_levu,-6.0,pacific_islands
yakyu_ki,-10.0,north_america
salaga,4.5,west_africa
karkar,-11.0,pacific_islands
bengmara,21.5,south_asia
sironj,27.5,south_asia
obolensk,14.0,eastern_europe
altyshevo,8.5,eastern_europe
motoyoshi,16.0,east_asia
sagala,9.0,west_africa
merzig,24.5,western_europe
ratzeburg,19.0,western_europe
peremyl,15.0,eastern_europe
nasiriyah,7.5,middle_east
mezquital,2.0,north_america
olovo,11.0,eastern_europe
yuwi,-6.0,australasia
luanda,6.75,central_africa
limbazi,8.0,eastern_europe
padum,-1.0,east_asia
tabas_al_tamr,10.0,middle_east
sanmao,25.0,east_asia
mechili,9.0,north_africa
smolenskoye,0.0,north_asia
kamyaran,15.0,middle_east
hata,23.0,east_asia
libourne,27.5,western_europe
ningfan,19.5,east_asia
peniscola,26.25,western_europe
veligosti,15.0,eastern_europe
bousso,-2.5,central_africa
gana_damate,-1.0,central_africa
waldeba,8.5,east_africa
asir_ALG,12.0,north_africa
ramenki,14.0,eastern_europe
pernstejn,20.0,western_europe
bayul,2.0,east_africa
awlil,5.0,west_africa
saugeen,-1.0,north_america
moissala,-3.5,central_africa
ni_haunchi_to,6.0,north_america
comitlan,8.5,north_america
tsezhin_deezahi,1.0,north_america
amersfoort,26.5,western_europe
guelengdeng,-1.5,central_africa
duba,4.0,middle_east
briviesca,23.0,western_europe
deoghar,31.0,south_asia
mengban_jihong,19.0,east_asia
limushan,20.0,east_asia
ungaliq,-8.0,north_america
cataraqui,-1.0,north_america
lagonegro,16.0,western_europe
tzitacuaro,6.0,north_america
maturin,0.0,south_america
shahjadpur,31.0,south_asia
monglong,20.0,south_east_asia
kumalu,-10.0,pacific_islands
baudo,-2.0,south_america
buguruslan,6.0,eastern_europe
ravno,22.5,eastern_europe
buka,-8.0,pacific_islands
binangonan,7.0,south_east_asia
akhalkalaki,16.0,eastern_europe
ayahuacas,7.0,south_america
wudang,28.5,east_asia
st_andrews,19.0,western_europe
gahato,-2.0,north_america
alluyes,21.0,western_europe
etorofu,-8.0,east_asia
makhtal,23.0,south_asia
abu_rakah,4.0,middle_east
czarnkow,16.5,eastern_europe
koraveka,-3.0,south_america
dimishk,21.0,central_asia
sheohar,30.5,south_asia
ain_galaka,5.0,west_africa
lai_chau,18.5,south_east_asia
ratnagiri,24.0,south_asia
pelaihari,14.0,south_east_asia
sanyyakhtakh,-8.0,north_asia
daan,27.5,east_asia
irakinda,-3.0,north_asia
amedichi,-3.0,north_asia
magadi,17.0,south_asia
chungu,4.0,central_africa
olesnica,19.0,eastern_europe
uvwie,-5.5,west_africa
ixtacamaxtitlan,6.0,north_america
tepeyacac,8.0,north_america
maxcanu,2.0,north_america
tse_khene,-9.0,north_america
suisin,6.0,north_america
kcheeminpink,-2.0,north_america
al_muthainiyah,-2.0,middle_east
chayrama,-2.0,south_america
kuerchu,6.0,east_asia
boronuk,-6.0,north_asia
preveza,20.75,eastern_europe
vel_mo,-6.0,north_asia
abong,-9.0,central_africa
tecpan,3.0,north_america
cuzalapa,3.0,north_america
lucera,21.0,western_europe
keelivtyn,-5.0,north_asia
laha,10.5,east_asia
tsogwiyuyugi,-8.0,north_america
kami,16.0,east_asia
guanipa,6.0,south_america
pelme,1.0,east_asia
udupi,17.0,south_asia
tambura,7.5,east_africa
thaba_bosiu,-2.0,southern_africa
reutte,17.0,western_europe
selby,17.0,western_europe
sana_yemen,7.0,middle_east
srigangapatna,19.5,south_asia
cheboygan,-5.75,north_america
winnipegosis,3.0,north_america
sos,18.0,western_europe
jincheng_zezhou,29.0,east_asia
mulian,21.5,east_asia
hajo,19.5,south_asia
riz,12.0,middle_east
lyngngam,14.0,south_asia
linyanti,4.5,central_africa
pukusamkek,-1.0,north_america
babonoyaba,-1.0,north_america
millapel,4.0,south_america
kodiam,1.0,west_africa
ingatambo,10.0,south_america
bidai,8.0,north_america
bayannurhong,-4.0,east_asia
taenga_atoll,-6.0,pacific_islands
kiritimati,-5.0,pacific_islands
bersenbruck,19.0,western_europe
gerdauen,11.5,eastern_europe
jishui,24.5,east_asia
cheongsong,24.0,east_asia
montbeliard,18.0,western_europe
qiaoxian,32.0,east_asia
sayak,5.0,central_asia
xinfeng,24.0,east_asia
buzet,11.0,eastern_europe
agno,7.0,south_east_asia
rethymno,13.25,eastern_europe
assan,-8.0,central_africa
pende_kwila,-3.0,central_africa
saginaw,-2.75,north_america
pereru_tepu,1.0,south_america
wujal_wujal,-10.0,australasia
xiangcheng,36.5,east_asia
cemar,1.0,east_asia
bruckenau,18.0,western_europe
ilgin,13.0,middle_east
uukwambi,-8.0,southern_africa
tosora,14.0,south_east_asia
cernavoda,12.5,eastern_europe
binchuan,20.5,east_asia
viluco,-3.0,south_america
yasukand,10.0,middle_east
usty,14.0,eastern_europe
baghdad,18.5,middle_east
upardang,27.5,south_asia
kaonde,7.5,central_africa
lipi,1.0,south_america
tosan,26.5,east_asia
tharrgari,-4.0,australasia
stockton,20.5,western_europe
esgueira,16.0,western_europe
orchimont,16.5,western_europe
watarai,22.0,east_asia
horta,3.75,north_africa
accomac,1.25,north_america
colville,-8.0,north_america
ngunawal,-3.0,australasia
qingtian,27.5,east_asia
mu_ngava,-8.0,pacific_islands
bapaume,25.0,western_europe
nama,-6.0,southern_africa
iguazu,-2.0,south_america
isakhel,22.5,south_asia
musa,25.0,east_asia
afade,9.0,west_africa
tilda,24.5,south_asia
hlucin,23.0,eastern_europe
kurkijoki,-3.0,western_europe
polygyros,11.0,eastern_europe
salisbury,22.0,western_europe
medanapalle,15.0,south_asia
pereyaslavl,16.0,eastern_europe
nopiloa,4.0,north_america
urayrah,2.0,middle_east
charef,10.0,north_africa
sisakht,15.0,middle_east
tauisk,-6.75,north_asia
north_dahalo,3.5,east_africa
taungoo,21.5,south_east_asia
igiliz,9.0,north_africa
paarl,-1.0,southern_africa
kemoimenahan,1.0,north_america
kramuon_sa,17.0,south_east_asia
amami_ooshima,6.0,east_asia
nikahionhwakowa,1.0,north_america
montargis,23.5,western_europe
raqchi,1.0,south_america
warnindilyakwa,-8.0,australasia
sara,0.0,middle_east
nonga,-6.0,australasia
powhatan,1.0,north_america
barchkend,12.0,central_asia
qurain,2.0,middle_east
birni_lalle,13.0,west_africa
purang,1.0,east_asia
buse,11.5,east_asia
halchidoma,1.0,north_america
balad_ruz,14.5,middle_east
nayband,10.0,middle_east
pechenga,-4.5,western_europe
chyliga,-10.0,north_asia
suchiimma,1.0,south_america
katanga,3.0,central_africa
hulu_melawai,13.0,south_east_asia
anasagunticook,-3.0,north_america
winooski,-5.0,north_america
fischhausen,19.75,eastern_europe
aitutaki_atoll,-7.0,pacific_islands
cotui,-8.0,north_america
sicangu,2.0,north_america
wailulu,-4.0,australasia
goronyo,11.5,west_africa
magon,-9.0,north_america
ichirouganaim,-8.0,north_america
zuosuo,23.0,east_asia
niemcza,21.0,eastern_europe
nyazepetrovsk,-0.5,eastern_europe
delitzsch,19.0,western_europe
sausaya,3.0,south_america
constantinople,31.0,eastern_europe
nuvuqaq,-10.0,north_asia
addu_atoll,20.5,south_asia
fahambahy,-5.0,east_africa
parepona,4.0,south_america
phnom_santuk,19.5,south_east_asia
caravelas,-6.0,south_america
mbya,-2.0,south_america
qingjian,23.5,east_asia
basingstoke,24.0,western_europe
imst,22.5,western_europe
minab,12.0,middle_east
chandpur_uttar_pradesh,32.5,south_asia
pandansalas,20.0,south_east_asia
shanha,-2.0,north_america
qagiigun,-10.0,north_america
zeku,7.0,east_asia
kozara,11.0,eastern_europe
omutninsk,-0.5,eastern_europe
topos,17.0,south_east_asia
south_hlanganu,1.5,southern_africa
shanyang_huaian,34.5,east_asia
drastar,12.5,eastern_europe
wequetong,-1.25,north_america
apotaka_hacha,1.0,north_america
liksiyu,-4.0,north_america
tecka,-6.0,south_america
pouss,-6.5,central_africa
qalhat,-0.75,middle_east
lanagashec,1.0,south_america
sortol,-8.0,north_asia
itacolomi,-2.0,south_america
zeven,19.0,western_europe
tiel,26.5,western_europe
melara,17.75,south_east_asia
dapitan,11.0,south_east_asia
ballarpur,19.5,south_asia
kremenchuk,16.5,eastern_europe
yongxing,31.5,east_asia
talkhir,11.5,central_asia
satere_mawe,-6.0,south_america
stil_qw,-11.0,north_america
punia,18.5,eastern_europe
baima,33.5,east_asia
plavsk,14.0,eastern_europe
kaslinsky,3.0,eastern_europe
arangastakh,-6.0,north_asia
madugula,14.0,south_asia
mississagi,-5.0,north_america
xincheng_jianchang,29.0,east_asia
chach,16.0,central_asia
dzisna,18.5,eastern_europe
shangdu,24.0,east_asia
beshbalik,3.0,east_asia
yuskus,0.5,north_america
sarkajpa,3.0,south_america
wimanja,-4.0,australasia
machynlleth,13.0,western_europe
temascaltepec,2.0,north_america
luchin,16.5,eastern_europe
tejend,14.0,central_asia
al_khums,13.0,north_africa
steigen,0.25,western_europe
verdun,21.0,western_europe
kuga,22.0,east_asia
buayan,8.0,south_east_asia
matawin,-3.0,north_america
zolotiinka,-1.0,north_asia
nowy_sacz,11.0,eastern_europe
pikwedina,4.0,north_america
chine,-4.0,south_america
geelong,3.5,australasia
buur_hakaba,9.0,east_africa
lebyazhye,-1.0,north_asia
haterk,9.0,eastern_europe
kalach,8.5,eastern_europe
qulensya,8.25,middle_east
skipton,15.0,western_europe
lasjerd,12.0,middle_east
fushan_muping,32.25,east_asia
kissidougou,-1.0,west_africa
baashalapache,3.0,north_america
kerbi,8.5,east_asia
hottah_ti,-11.0,north_america
mocoa,-2.0,south_america
kirs,-0.5,eastern_europe
burrum,-4.0,australasia
mrubicha,-4.0,south_america
autlan,2.0,north_america
mii,28.0,east_asia
maydh,3.0,east_africa
bada,22.5,east_asia
verkhnyaya_toyma,9.0,eastern_europe
nafpaktos,14.75,eastern_europe
xixiang,23.5,east_asia
qarr_unaq,-8.0,north_america
nandian,21.5,east_asia
kuala_lipis,16.0,south_east_asia
izboishchi,7.0,eastern_europe
wazakhwa,10.0,middle_east
mehsi,30.5,south_asia
hunyuan,23.0,east_asia
gurindji,-6.0,australasia
geynyan,0.0,australasia
aimi,27.0,east_asia
malili,13.0,south_east_asia
nitahende,3.5,north_america
chan_bo,17.5,south_east_asia
ramgad,21.5,south_asia
yongmingcheng,13.0,east_asia
bani_cuba,-6.5,north_america
amollan,4.0,north_america
rendova,-12.0,pacific_islands
bidungu,-6.0,australasia
hasankeyf,19.5,middle_east
naungyo,17.5,south_east_asia
kvinnherad,2.0,western_europe
pembroke,21.0,western_europe
amtogor,6.0,east_asia
nukunu,-8.0,australasia
suluklu,13.0,middle_east
denbigh,11.0,western_europe
turkmenevo,8.5,eastern_europe
arak,12.0,middle_east
oklan,-10.0,north_asia
igan,11.0,south_east_asia
marand,14.0,middle_east
tsana,16.5,east_africa
tinde,2.0,north_america
yuufutsu,-5.0,east_asia
bayambang,11.0,south_east_asia
elimaki,2.0,western_europe
yuannan,29.5,east_asia
datooga,1.0,east_africa
chicksawhe,1.0,north_america
biyang,34.0,east_asia
lelow,14.0,eastern_europe
katwe,-2.0,east_africa
kysyl_yuryuyya,-8.0,north_asia
fougeres,21.0,western_europe
darganata,9.0,central_asia
asir,11.0,middle_east
sepon,16.5,south_east_asia
mazar_i_sharif,7.0,central_asia
cupar,19.0,western_europe
kerbatch,1.0,west_africa
miahuatlan,5.5,north_america
asika,18.0,south_asia
anakovik,-7.0,north_america
karajarri,-6.0,australasia
ipatovo,4.0,eastern_europe
ngibelai,1.0,east_africa
aksay,4.5,eastern_europe
atfih,25.5,north_africa
tondibi,7.5,west_africa
thahnawate,1.0,north_america
hammerdal,1.5,western_europe
changyuan,31.0,east_asia
wuning,23.5,east_asia
avnagar,0.0,east_asia
adwa,11.0,east_africa
chinabajul,5.0,north_america
narangga,-5.0,australasia
chateaubriant,23.5,western_europe
xinkai,11.0,east_asia
krupina,17.0,eastern_europe
ayasuluk,16.0,middle_east
gongshan,21.5,east_asia
moito,-4.0,central_africa
samsu,11.5,east_asia
gengma,23.5,east_asia
renqiu,29.0,east_asia
awbare,5.0,east_africa
pitta_pitta,-4.0,australasia
yorta_yorta,-3.0,australasia
mulun,10.0,east_asia
flaming_gorge,-7.0,north_america
shiranuka,-5.0,east_asia
seongju,27.5,east_asia
udayagiri,15.5,south_asia
wizi,-4.0,central_africa
milano,36.0,western_europe
abe,19.0,east_asia
lanyang,37.0,east_asia
shouyang,25.0,east_asia
amarkantak,24.5,south_asia
sandusky,-1.0,north_america
cuitzeo,6.5,north_america
basawunena,-3.0,north_america
kilivila,-8.0,pacific_islands
puur_trail,-10.0,north_asia
shergarh,29.5,south_asia
jetarktetqal,-11.5,south_america
chengji,30.0,east_asia
mamboro,20.0,south_east_asia
chateau_porcien,21.5,western_europe
nurgan,6.5,east_asia
qala_kohistan,12.0,central_asia
marash,20.5,middle_east
olavsvik,-5.0,western_europe
birugarh,29.5,south_asia
dubrovna,14.0,eastern_europe
chiras,6.0,central_asia
heizhang,23.0,east_asia
siah_cheshmeh,11.0,middle_east
anchau,8.0,west_africa
imsdalen,3.5,western_europe
madwas,24.5,south_asia
mastigon,0.0,north_america
kuyatikka,-8.0,north_america
moyobamba,2.0,south_america
dori,9.0,west_africa
wirrai_durhai,-3.0,australasia
lyubun,16.0,eastern_europe
nanjanagud,15.0,south_asia
lower_pinda,-9.0,southern_africa
simontornya,17.0,eastern_europe
tiva,6.0,east_africa
anagni,19.0,western_europe
ishpeming,-3.75,north_america
ispir,14.5,eastern_europe
zaranj,18.0,middle_east
jintang,29.0,east_asia
yukte,-8.0,north_asia
munduruku,-11.0,south_america
lanka,19.0,south_asia
gaeryeong,21.0,east_asia
zhangqiu,30.5,east_asia
lahontan,8.0,north_america
moksobo,21.5,south_east_asia
vyskov,21.0,western_europe
ustye,9.5,eastern_europe
kamakura,33.0,east_asia
utbulaq,3.0,east_asia
taragui,-1.0,south_america
kabebe,-3.0,central_africa
drigung,3.5,east_asia
ninghua,25.0,east_asia
linzhang,29.5,east_asia
shish,-11.0,north_asia
yamasa,-8.0,north_america
ngousa,9.0,west_africa
hanshan,32.0,east_asia
liancheng,25.0,east_asia
kwachal,-5.0,north_america
develi,14.5,middle_east
kapova_pesera,-2.5,eastern_europe
schenectady,0.0,north_america
tinguindin,7.0,north_america
rudobelka,16.5,eastern_europe
sanshui_binzhou,21.0,east_asia
kraziai,16.0,eastern_europe
kolding,21.75,western_europe
karakorum,4.0,east_asia
makwanpur,26.5,south_asia
kavanga,-3.0,central_africa
shatyrlysay,5.0,central_asia
onatchiway,-10.0,north_america
yuzhou,25.0,east_asia
huangyan,29.0,east_asia
bosa,12.0,western_europe
fagaras,17.5,eastern_europe
tulak,12.0,central_asia
agra,30.5,south_asia
guaygata,-10.0,north_america
sakao,-8.0,pacific_islands
ohkweeo_owingeh,2.0,north_america
iguanacaera,-8.0,north_america
tagata,22.0,east_asia
nemecky_brod,17.0,western_europe
thakhek,14.5,south_east_asia
grancey,21.0,western_europe
saru,-5.0,east_asia
tuktoyukiuq,-12.0,north_america
shisou,20.0,east_asia
krosno_odrzanskie,18.5,eastern_europe
surgut,-11.0,north_asia
xingan_linjiang,23.5,east_asia
mombasa,7.0,east_africa
mapulana,2.5,southern_africa
malunga,5.0,central_africa
aire,23.0,western_europe
buleda,9.0,middle_east
xixi,32.0,east_asia
paranabuku,-2.0,south_america
luwu,13.0,south_east_asia
tanalyk,11.0,central_asia
mbanza_soyo,-1.0,central_africa
khotsy,9.0,eastern_europe
aheri,19.5,south_asia
luxiang,31.0,east_asia
bury,21.0,western_europe
tchakashapug,-11.0,north_america
bucharest,20.0,eastern_europe
phanat,19.5,south_east_asia
yaneka,1.0,north_america
chernyye_zemli,2.0,eastern_europe
el_eleila,7.5,east_africa
gladzor,12.0,eastern_europe
ziul_zkan,-2.0,north_asia
saparua,14.0,south_east_asia
sherda,3.0,west_africa
kazatlyk,13.0,central_asia
kinaskan_trail,-8.0,north_america
qingshen,29.5,east_asia
donegal,8.25,western_europe
taipengruodong,23.5,east_asia
wexford,20.5,western_europe
wetar,15.0,south_east_asia
qalyub,27.5,north_africa
vokhna,15.0,eastern_europe
sycow,19.0,eastern_europe
sieradz,18.0,eastern_europe
lysye_gory,8.0,eastern_europe
lhadrak,0.0,east_asia
boseongbu,20.0,east_asia
koptyuga,-0.5,eastern_europe
mbewe,1.5,southern_africa
lichtenberg,23.5,western_europe
luxi,26.5,east_asia
dayu,21.0,east_asia
phulbani,24.0,south_asia
przedborz,13.0,eastern_europe
bentheim,17.0,western_europe
chariguriqua,-3.0,southern_africa
czersk,12.5,eastern_europe
shalatenan,2.5,north_america
massinacak,1.0,north_america
taranagar,17.0,south_asia
minbya,19.5,south_east_asia
ura_tyube,14.0,central_asia
lizhou,26.0,east_asia
seyat,-13.0,north_asia
wabigoon,0.0,north_america
lyokyochyon,-8.0,north_asia
ellwangen,22.0,western_europe
tarascon,28.5,western_europe
belchite,17.5,western_europe
valenca,20.5,western_europe
hoorn,21.5,western_europe
macheng_luanzhou,33.5,east_asia
kaouara,7.0,west_africa
dehskan_ziibi,-1.0,north_america
muxima_ayo,4.0,central_africa
kerhiretarhu,3.0,north_america
ilyinskoye_khovanskoye,16.0,eastern_europe
komotini,22.0,eastern_europe
thuan_binh,21.5,south_east_asia
rano,12.0,west_africa
razgrad,13.0,eastern_europe
yongfeng,24.5,east_asia
atanari,6.0,south_america
huanzhou,22.0,east_asia
mirandela,19.0,western_europe
yunmeng,29.0,east_asia
kus_lecha,2.0,north_america
drysvyaty,13.0,eastern_europe
in_amenas,5.0,north_africa
lodenoye_pole,9.5,eastern_europe
takuru_puku,1.0,south_america
dreux,19.0,western_europe
chepoussa,3.0,north_america
millcayac,7.0,south_america
odonga,-6.0,southern_africa
eko,-3.0,west_africa
sarangpur,29.0,south_asia
ikongo,-1.0,east_africa
phankeska_wakpa,-2.0,north_america
kaninde,-3.0,south_america
fosna,9.25,western_europe
lulea,6.75,western_europe
duitama,4.0,south_america
bolkhov,16.5,eastern_europe
lubeck,33.0,western_europe
hajjiabad_zarrindasht,10.0,middle_east
kaymaz,17.5,middle_east
quawshelah,-5.0,north_america
guaja,-4.0,south_america
xoko,-2.0,south_america
toraja,13.0,south_east_asia
umbindhamu,-8.0,australasia
scheibbs,18.0,western_europe
viry,8.0,eastern_europe
suzuka,28.5,east_asia
kona,-6.0,pacific_islands
michichi,2.0,north_america
cokuurdaax,-10.0,north_asia
beer_dun,2.5,west_africa
bejaia,21.75,north_africa
tchoukafala,1.0,north_america
nadol,17.0,south_asia
kisatchie,6.0,north_america
phakphok,29.0,south_asia
lule,6.0,south_america
naghan,14.5,middle_east
xinping,21.0,east_asia
lushan_yazhou,24.0,east_asia
suzhou_fengyang,36.0,east_asia
haresabad,5.0,central_asia
lidzbark,16.0,eastern_europe
neguac,-2.0,north_america
bawean,17.0,south_east_asia
sao_joaquim,-3.0,south_america
salvatierra,17.0,western_europe
misinichikw,-9.0,north_america
sionomhudon,15.0,south_east_asia
chavand,20.0,south_asia
tongwei,22.0,east_asia
villemur,28.5,western_europe
tizu,20.0,south_east_asia
asheweig,-11.0,north_america
atikuan,-5.0,north_america
mitrovica,11.0,eastern_europe
kimotsuki,20.5,east_asia
nogolma,5.0,south_america
kusk,10.0,central_asia
paititi,4.0,south_america
lo_mustang,1.5,east_asia
imphal,17.5,south_asia
yingzhou,34.5,east_asia
changshou_changshou,30.5,east_asia
mogi_mirim,-1.0,south_america
tarazona,21.5,western_europe
shuntaneshnanga,8.0,north_america
sasykkol,3.0,north_asia
al_maslum,0.0,middle_east
fugeshi,22.0,east_asia
buassa,-1.0,central_africa
sampa,-1.0,west_africa
yor,9.5,east_asia
pokot,1.0,east_africa
qumbash,10.5,east_asia
sernur,5.5,eastern_europe
kargaly,7.0,central_asia
rongpo,5.0,east_asia
turtas,-11.0,north_asia
yugorenok,-9.0,north_asia
zankor,8.0,east_africa
yiman,11.5,east_asia
badr_hunayn,-1.0,middle_east
thagia,14.0,north_africa
egabeni,-5.5,southern_africa
fosdinovo,19.0,western_europe
kintyre,5.5,western_europe
nuciiq,-11.0,north_america
stordal,-1.0,western_europe
youzhou,26.0,east_asia
bore,7.0,west_africa
fermoy,12.0,western_europe
liw,13.0,eastern_europe
baibalyk,5.5,east_asia
alexeyevskaya,8.5,eastern_europe
lulong,33.5,east_asia
batumi,14.75,eastern_europe
al_ghazalah,0.0,middle_east
malpura,21.0,south_asia
necocli,-4.0,south_america
sudai,7.0,eastern_europe
bojamba,-3.0,central_africa
metkovic,14.5,eastern_europe
malye_derbety,2.0,eastern_europe
lakhpat,17.0,south_asia
formiga,-2.0,south_america
koudougou,11.0,west_africa
yauca,-1.0,south_america
sachchaa_mukku,9.0,south_america
simhapura,17.0,south_east_asia
igmu,6.0,north_america
paramaribo,-4.0,south_america
mchinji,1.0,east_africa
beryozovskoye,9.0,western_europe
hejiang,29.0,east_asia
kalisz,16.0,eastern_europe
pende_kongo,-3.0,central_africa
molumbo,-2.0,east_africa
yongcheng,34.0,east_asia
gushi,30.0,east_asia
miandoab,17.0,middle_east
egirdir,13.0,middle_east
lingbao,30.5,east_asia
malangke,17.0,south_east_asia
lingxian,22.0,east_asia
chebba,11.0,north_africa
taigu,25.0,east_asia
chitapur,21.0,south_asia
tropu,5.0,east_asia
kondavidu,20.0,south_asia
monopoli,26.0,western_europe
fogo,-3.0,west_africa
onyuu,20.0,east_asia
xingzi,25.0,east_asia
ishkul,11.0,central_asia
burraq,13.0,middle_east
dongartal,19.0,south_asia
lushai,15.0,south_asia
pontoosuck,-5.0,north_america
connatachequa,1.0,north_america
awaxaawi_ishiibisha,2.0,north_america
somogyvar,19.0,eastern_europe
ahsenisiipi,3.0,north_america
al_harrah,2.0,middle_east
silacayoapam,2.0,north_america
kaiwa,-4.0,south_america
ginebig,5.0,north_america
yunesit_in,-10.0,north_america
ravensburg,24.0,western_europe
kilconnell,9.0,western_europe
tul_kichan,-2.5,north_asia
songo_mnara,9.5,east_africa
mapungubwe,-0.5,southern_africa
mendong,0.0,east_asia
malta,25.0,western_europe
mayaimi,-10.0,north_america
maniani,3.0,north_america
waveroo,0.0,australasia
vo_nhai,24.5,south_east_asia
nis,23.0,eastern_europe
samxay,15.0,south_east_asia
sanhe_tongzhou,31.0,east_asia
vacaria,-3.0,south_america
mayuragiri,15.0,south_asia
aktas_kystagy,12.0,central_asia
pukamuru,7.0,south_america
simbirsk,8.5,eastern_europe
freyburg,19.0,western_europe
hattfjelldal,1.5,western_europe
ahe,-6.0,south_america
iwur,-9.0,pacific_islands
pirna,18.5,western_europe
pyalitsa,-7.0,western_europe
singhapala,8.0,south_east_asia
wayampi,-11.0,south_america
yanchuan,23.5,east_asia
torgo,-3.0,north_asia
ust_kut,-8.0,north_asia
al_ghulayfiqah,7.0,middle_east
sancoins,21.0,western_europe
suamprabon,23.5,south_east_asia
phu_wiang,20.0,south_east_asia
semnan,13.0,middle_east
shunsheng,23.0,east_asia
muang_ta_oi,21.0,south_east_asia
geneve,26.5,western_europe
altun_ha,-1.5,north_america
dubno,16.0,eastern_europe
rozkishna,14.0,eastern_europe
poytis,2.0,western_europe
hunguy,-4.0,east_asia
kalinganagara,19.0,south_asia
kamihei,14.0,east_asia
xakriaba,-1.0,south_america
ghampur,19.0,south_asia
dawhee,1.0,north_america
szubin,14.0,eastern_europe
tjust,12.0,western_europe
chumikan,0.5,north_asia
bosaso,2.0,east_africa
shatki,11.0,eastern_europe
saipan,-6.0,pacific_islands
jaraicejo,22.5,western_europe
lanciano,26.0,western_europe
capachequi,2.0,north_america
tripoli_syria,17.25,middle_east
olan,7.0,south_america
luthigh,-4.0,australasia
qastal,13.0,middle_east
cervera,21.0,western_europe
waldshut,21.5,western_europe
sangerhausen,16.0,western_europe
champavati,25.5,south_asia
etchemin,-2.0,north_america
kamiura,15.0,east_asia
itapirapua,-3.0,south_america
riberac,21.0,western_europe
bielsko,16.0,eastern_europe
that_nguyen,21.0,south_east_asia
brass,-3.0,west_africa
temirlik,1.0,east_asia
sahuaripa,-2.0,north_america
ashikaga_loc,21.0,east_asia
khamakar,-6.0,north_asia
feurs,21.5,western_europe
kubachi,10.0,eastern_europe
xianyou,27.0,east_asia
mattawasaga,0.0,north_america
hisse_yoyi_yoe,0.0,north_america
al_lith,2.0,middle_east
bhadohi,34.5,south_asia
mucajama,4.0,east_africa
gergal,15.0,western_europe
fehervar,23.5,eastern_europe
bariq,4.0,middle_east
lingshui,20.25,east_asia
swidnica,19.0,eastern_europe
shantar,3.0,east_asia
gorodechnya,16.0,eastern_europe
spittal,18.5,western_europe
masiko,2.5,central_africa
shanghai,36.5,east_asia
belfort,22.0,western_europe
alfeld,21.0,western_europe
mezhorje,14.0,eastern_europe
ulukulevo,6.5,eastern_europe
monza,34.5,western_europe
wuxing,34.0,east_asia
chucuito,4.0,south_america
myanaung,17.5,south_east_asia
alhambra_location,15.0,western_europe
deo,29.0,south_asia
biloxi,-4.0,north_america
klondike,-5.0,north_america
sittaung,19.5,south_east_asia
yoshkar_ola,3.0,eastern_europe
goupingguan,22.5,east_asia
suna,3.0,eastern_europe
chiang_saen,21.5,south_east_asia
arles,26.0,western_europe
pulilu,11.0,south_east_asia
mwangulla,-4.0,east_africa
parscov,10.0,eastern_europe
tha_tong,17.0,south_east_asia
funing_huaian,34.5,east_asia
batlagundu,22.0,south_asia
tanghe,32.0,east_asia
lyakhavichy,13.0,eastern_europe
collo,11.0,north_africa
safed,21.0,middle_east
kalfou,5.0,west_africa
karlovac,14.0,eastern_europe
surmene,14.0,middle_east
putna,7.0,eastern_europe
namakwa,-6.0,southern_africa
tamdegost,9.0,north_africa
tripolitsa,17.0,eastern_europe
halden,11.0,western_europe
teotenanco,10.0,north_america
aitbulat,7.0,central_asia
adyumba,-6.0,central_africa
nehbandan,10.0,middle_east
juiz_fora,-4.0,south_america
nariguala,6.0,south_america
waima,-5.0,pacific_islands
bauchi,-4.0,central_africa
maroantsetra,-2.25,east_africa
maevatanana,1.5,east_africa
tondikandia,7.0,west_africa
tsimanes,-1.0,south_america
owanburra,-4.0,australasia
darumbal,-1.0,australasia
bukawa,-12.0,pacific_islands
virudhunagar,21.0,south_asia
bhanvad,17.0,south_asia
astore,12.0,south_asia
etnemitane,-3.0,north_america
viswema,15.0,south_asia
korientze,4.5,west_africa
aalst,30.0,western_europe
eggenfelden,22.0,western_europe
licheng_yizhou,31.0,east_asia
qaryatayn,9.0,middle_east
jingle,25.0,east_asia
chenxi,28.5,east_asia
cherdakly,8.5,eastern_europe
onushkis,13.0,eastern_europe
suwayda,18.0,middle_east
chepes,4.0,south_america
atbara,7.5,east_africa
nizhny_tagil,-3.5,eastern_europe
ticonderoga,-3.0,north_america
bredasdorp,-3.0,southern_africa
maskwa,0.0,north_america
puel_co,-3.0,south_america
fort_simpson,-3.0,north_america
peerapper,-5.0,australasia
kaffa,10.75,eastern_europe
xochipillan,-4.0,north_america
toolse,8.0,eastern_europe
pingyang,27.0,east_asia
kachi,2.0,south_america
nisqually,3.0,north_america
hkamti,21.5,south_east_asia
farumad,8.0,central_asia
bazhai,22.5,east_asia
chaibasa,29.0,south_asia
luorong,29.5,east_asia
al_qatr,7.5,middle_east
forssa,-3.0,western_europe
lebesby,3.75,western_europe
kovin,16.5,eastern_europe
chalbukhan,-11.0,north_asia
alexandrov_gay,0.0,eastern_europe
utaya,-6.0,north_asia
shimoina,20.0,east_asia
onabeesh,5.0,north_america
maku,14.5,middle_east
xumani,-1.0,north_america
sheulec,1.0,south_america
silam,6.5,north_america
karur_punjab,24.5,south_asia
tauihu,-4.0,australasia
tsaukambo,-6.0,pacific_islands
tyagacho,-5.0,north_america
yidu,31.5,east_asia
blankenburg,15.0,western_europe
kalsi,24.0,south_asia
luchaze,2.0,central_africa
ishpiialawaache,0.0,north_america
aveh,13.0,middle_east
swazi,2.0,southern_africa
chilga,4.0,east_africa
dwarka,18.25,south_asia
libore,11.5,west_africa
southampton,27.75,western_europe
tubicha_mini,-1.0,south_america
warlmanpa,-4.0,australasia
madjul,6.0,north_africa
navan,20.0,western_europe
selemde,7.5,east_asia
pavlovo,11.5,eastern_europe
ontajarvi,-3.0,western_europe
ycuamandiyu,2.0,south_america
taipingzhuang,25.0,east_asia
golashkerd,8.0,middle_east
alysardakh,-10.0,north_asia
magan,-8.0,north_asia
mykonos,13.25,eastern_europe
khannya,-6.0,north_asia
sabe,1.5,west_africa
amahami,4.0,north_america
hambatus,10.0,south_america
tabas_al_unnab,10.0,middle_east
dingi,-4.0,central_africa
catoctin,-1.0,north_america
auneau,23.0,western_europe
dulan,2.0,east_asia
wesel,21.5,western_europe
quimper,26.0,western_europe
minden,21.5,western_europe
raguli,4.5,eastern_europe
waylula,4.5,east_africa
barquisimeto,-2.0,south_america
maxaas,9.0,east_africa
ananatuba,-11.0,south_america
curruhuinca,-2.0,south_america
oro_win,-6.0,south_america
yeongju,24.0,east_asia
birndal,2.0,western_europe
longyan,25.0,east_asia
tongjiang,25.0,east_asia
boai,22.5,east_asia
zamyany,-2.5,eastern_europe
sugaur,31.0,south_asia
sabangau,9.0,south_east_asia
guchung,1.0,east_asia
bailongdui,6.0,east_asia
kasevo,5.5,eastern_europe
mbegela,4.0,central_africa
bardera,11.5,east_africa
moana_kassongo,-1.0,east_africa
sozak,9.0,central_asia
ganserndorf,26.5,western_europe
mabu,25.0,east_asia
chorten_nyima,5.0,east_asia
manikandapuram,14.0,south_asia
west_makhuwa,6.5,east_africa
banda_ahenkro,2.5,west_africa
kaypikupau,-5.0,north_america
eseejja,-1.0,south_america
jacu,-1.0,south_america
haeju,23.0,east_asia
karas,-10.0,southern_africa
grand_manan,0.25,north_america
tak,21.5,south_east_asia
tuolba,-9.0,north_asia
mysore,25.5,south_asia
melnik,8.0,eastern_europe
florina,15.0,eastern_europe
mastung,10.0,middle_east
shelek,9.5,central_asia
zimnyatsky,4.5,eastern_europe
ngamring,5.0,east_asia
qingchuan,25.5,east_asia
chaiya,17.0,south_east_asia
echi,24.0,east_asia
kasenga,4.0,central_africa
mullheim,21.5,western_europe
axocopan,9.0,north_america
kargat,0.0,north_asia
olohose,-2.0,central_africa
waricoto,1.0,south_america
mahgas,10.0,middle_east
miranha,-11.0,south_america
yanahuara,-1.0,south_america
csanad,18.5,eastern_europe
perquilauquen,10.0,south_america
tzunun_kaab,5.5,north_america
koscierzyna,13.0,eastern_europe
jinxi,29.5,east_asia
gorrones,-1.0,south_america
kundal,-8.0,australasia
butyrskoe,-6.0,north_asia
murau,18.0,western_europe
mittersill,20.0,western_europe
ginzo_de_limia,18.0,western_europe
tembue,3.5,southern_africa
patawomeck,1.0,north_america
guaycura,1.0,north_america
thanesar,36.5,south_asia
sanshui,28.5,east_asia
hermagor,19.5,western_europe
izhma,-0.5,eastern_europe
tathlith,5.0,middle_east
askot,24.5,south_asia
lhaq_temish,0.0,north_america
tupialuviniq,-7.0,north_america
allegre,17.0,western_europe
itapetininga,-1.0,south_america
fuzhou_guangnan,17.0,east_asia
changshu,36.0,east_asia
murghab,6.0,central_asia
lau,-5.5,central_africa
bian_marind,-11.0,pacific_islands
hormuz,17.5,middle_east
texiguat,1.5,north_america
ndyuka,1.0,south_america
kokshetau,-5.0,north_asia
kaka,8.5,east_africa
moxos,-11.0,south_america
choele_choel,-1.0,south_america
makabana,-9.0,central_africa
al_bab,15.5,middle_east
puatane,-3.0,western_europe
kits_ixta,4.0,north_america
avis,20.0,western_europe
palas_pasemah,17.0,south_east_asia
cuilo,-4.0,central_africa
vaucouleurs,23.0,western_europe
uluborlu,19.0,middle_east
mbanza_mbata,-3.0,central_africa
bertoua,-8.5,central_africa
yuza,21.0,east_asia
matengo,8.5,east_africa
chacayacu,-2.0,south_america
bergen_zoom,22.75,western_europe
arroyo,24.5,western_europe
haderslev,18.0,western_europe
qusayr,24.0,middle_east
khampa,-11.0,north_asia
kal_gatana,-13.0,north_asia
petrovsk_rostov,14.0,eastern_europe
lanark,16.0,western_europe
canastra,-3.0,south_america
qinghe,33.5,east_asia
laoling,31.0,east_asia
zuba,-1.0,west_africa
cabimas,2.0,south_america
mogas,4.0,south_america
dunluce,14.0,western_europe
arques,19.0,western_europe
siyom,15.5,south_asia
henley,26.5,western_europe
farsala,19.0,eastern_europe
hikami,22.0,east_asia
dimapur,17.0,south_asia
tesenei,6.5,east_africa
tatahuitalpan,6.5,north_america
lidkoping,14.0,western_europe
mykytyn_rih,6.5,eastern_europe
lakhiyarvira,17.0,south_asia
liujiang,30.5,east_asia
guchuntikka,-7.0,north_america
charroux,23.0,western_europe
hukou,29.5,east_asia
doyahinee,-8.0,north_america
buitrago_de_lozoya,17.0,western_europe
battambang,21.5,south_east_asia
anaklia,15.0,eastern_europe
trim,18.0,western_europe
hancheng,30.5,east_asia
shinas,-1.0,middle_east
melnikovo,-6.0,north_asia
kazachye,-10.0,north_asia
oma,-2.0,eastern_europe
cheticamp,-5.0,north_america
caba_wakpa,-2.0,north_america
mevouillon,17.0,western_europe
tsybuliv,13.0,eastern_europe
herjolfsnes,-4.5,western_europe
tsherlung,0.0,east_asia
lipova,16.5,eastern_europe
lovech,11.0,eastern_europe
dulab,16.0,middle_east
lujiang_luzhou,32.0,east_asia
nurpur,27.5,south_asia
chinchon,19.5,western_europe
donzy,23.5,western_europe
chichawatni,24.5,south_asia
west_hehe,16.0,east_africa
mizda,9.0,north_africa
waco,8.0,north_america
tenawa,11.0,north_america
suan,21.0,east_asia
arghestan,12.0,middle_east
tabajara,-2.0,south_america
pikumche,10.0,south_america
urmi,11.5,east_asia
pahdteeahnooch,-7.0,north_america
zhenan,19.0,east_asia
riom,23.5,western_europe
lillehammer,5.5,western_europe
al_mamtir,15.0,middle_east
guaquire,4.0,south_america
agde,24.0,western_europe
chumphon,17.0,south_east_asia
sojas,15.0,middle_east
piedimonte,18.0,western_europe
mimbara,-5.0,australasia
ondonga,3.0,central_africa
asmara,6.0,east_africa
caguan,4.0,south_america
villablino,14.0,western_europe
agob,-5.0,pacific_islands
saadatshahr,14.0,middle_east
gotheye,11.5,west_africa
kanevskaya,6.0,eastern_europe
tlacolula,5.0,north_america
qingyang_luan,27.5,east_asia
perlis,17.0,south_east_asia
cochoqua,2.0,southern_africa
gaspe,-8.5,north_america
badabedi,8.0,east_africa
chignik,-7.0,north_america
kishima,25.0,east_asia
manas,5.5,east_asia
gelanggi,14.0,south_east_asia
kalskaq,-10.0,north_america
kotalipara,21.5,south_asia
yoniveem,-6.0,north_asia
mezen,-0.5,eastern_europe
mfumu_bekussu,-1.0,central_africa
kunduz,16.0,central_asia
ercis,9.0,eastern_europe
longvek,21.5,south_east_asia
mokrous,0.0,eastern_europe
morpeth,19.0,western_europe
tarvagatai,5.5,east_asia
lensk,-8.0,north_asia
serta,6.0,east_asia
volodymyr,15.5,eastern_europe
timisoara,18.0,eastern_europe
syanno,16.5,eastern_europe
bechyne,19.0,western_europe
liljendal,5.5,western_europe
srb,10.0,eastern_europe
sunggari,7.5,east_asia
pakuali,26.25,east_asia
angra,3.75,north_africa
yishui,33.0,east_asia
hondosaka,0.5,southern_africa
chiametlan,2.0,north_america
kangi_asinaq,-10.0,north_america
grant,-8.0,north_america
tollin,-5.0,north_america
gaaigosode,-4.0,south_america
pragelato,14.0,western_europe
az_zubayir,0.0,middle_east
lueyang,22.0,east_asia
salin,24.5,south_east_asia
sotachiro,3.0,south_america
nagapattinam,24.0,south_asia
shiraoi,-4.0,east_asia
ebeex,-11.0,north_asia
buri,2.0,east_africa
atepec,8.0,north_america
tera,9.0,west_africa
peledui,-8.0,north_asia
yazne,1.0,south_america
mahi_kulan,-4.0,australasia
kaukura_atoll,-7.0,pacific_islands
pannai,14.0,south_east_asia
sombai,17.0,south_east_asia
chinipi,-2.0,south_america
scahentowanen,0.0,north_america
sanguesa,18.0,western_europe
ilesa,-4.0,west_africa
ghatsila,24.5,south_asia
wetzlar,22.0,western_europe
kapyl,13.0,eastern_europe
jerichow,21.5,western_europe
nannup,-5.0,australasia
mbeiwum,-4.0,australasia
wanbiri,-7.0,australasia
toara,3.0,south_america
truku,25.0,east_asia
eretreia,11.0,eastern_europe
manujan,9.0,middle_east
sangacho,12.5,east_asia
arcos_de_la_frontera,20.0,western_europe
barda,12.5,eastern_europe
bortala,7.0,east_asia
deodar,17.0,south_asia
sayniabuli,14.5,south_east_asia
haniguayagua,-12.0,north_america
ajuchitlan,4.5,north_america
yashkul,2.0,eastern_europe
bembe_buyu,2.0,east_africa
maloshuyka,-1.0,eastern_europe
taluhe,8.0,east_asia
etharita,-4.0,north_america
boyabat,17.5,middle_east
mbam,-5.5,central_africa
dogo,4.5,west_africa
pilon,3.0,north_america
mazatlpilli,-2.0,north_america
hildesheim,21.0,western_europe
patna_us,-3.0,north_america
vertyazin,11.5,eastern_europe
ktsyn,14.0,eastern_europe
boshruyeh,10.0,middle_east
maskanah,14.5,middle_east
amud,2.0,east_africa
monongahela,-3.0,north_america
kunisaki,19.0,east_asia
ashaval,28.5,south_asia
belau,-6.0,pacific_islands
yama,14.0,eastern_europe
pingyuan_jinan,31.0,east_asia
nasoni,8.0,north_america
dobkuri,7.5,east_asia
zhatai,-11.0,north_asia
kizhi,-3.0,western_europe
sukhnah,12.0,middle_east
mymensingh,32.0,south_asia
guarasugwe,-6.0,south_america
katahdin,-4.0,north_america
charrua,5.0,south_america
hombori,11.0,west_africa
rochechouart,21.0,western_europe
shilik,12.0,central_asia
wengyuan,23.0,east_asia
lackawaxen,-2.0,north_america
mikshino,14.0,eastern_europe
olite,25.5,western_europe
khimzha,-0.5,eastern_europe
najran,3.0,middle_east
dharangaon,21.5,south_asia
ioannina,12.0,eastern_europe
uryupin,8.5,eastern_europe
maingkwan,18.0,south_east_asia
isiro,-7.0,central_africa
mataram,23.0,south_east_asia
kletskaya,2.5,eastern_europe
tsoka_ne_nde,-2.0,north_america
angoche,4.5,east_africa
tartu,18.0,eastern_europe
posad,6.0,eastern_europe
husinec,17.0,western_europe
taliwang,15.0,south_east_asia
yangzi,29.5,east_asia
dehloran,10.0,middle_east
kamiiso,-3.5,east_asia
anzourou,9.5,west_africa
ixtlahuaca,10.0,north_america
tutotepec,6.0,north_america
pryazha,-6.0,western_europe
qiuxian,27.0,east_asia
dundaga,13.0,eastern_europe
lhasa,16.5,east_asia
pitesti,13.0,eastern_europe
kawachisakau,-5.0,north_america
geregia,-1.0,west_africa
eglat_faisal,2.0,middle_east
missinaibi,0.0,north_america
itzalku,0.0,north_america
talanga,3.0,north_america
shaazan_tolgoi,-2.0,east_asia
manchac,1.0,south_america
saraveka,-4.0,south_america
malak_malak,-6.0,australasia
chlaande,0.5,north_america
white_horse,-6.0,north_america
kunjabangarh,24.5,south_asia
tetioneshohon,-1.0,north_america
chernyany,9.0,eastern_europe
itanhomi,-7.0,south_america
taurage,13.0,eastern_europe
hadiach,14.0,eastern_europe
carrickmacross,8.0,western_europe
madaba,12.0,middle_east
fuan,31.0,east_asia
qixian_taiyuan,25.0,east_asia
teqali,3.0,east_africa
gurgueia,-7.0,south_america
krenye,-4.0,south_america
ishma,1.0,south_america
gidi_tika,-9.0,north_america
katiba,3.0,central_africa
nanzewaspe,9.0,north_america
ain_sefra,9.0,north_africa
chakanbakan,4.0,north_america
ameca,11.0,north_america
miki,27.0,east_asia
jansath,34.5,south_asia
arnedo,23.0,western_europe
debar,14.5,eastern_europe
chelm,22.5,eastern_europe
husavik,-2.0,western_europe
nagyecsed,16.5,eastern_europe
aschach,20.0,western_europe
bolshoye_murashkino,6.0,eastern_europe
barchuk,7.0,east_asia
jijial,19.5,south_asia
gubakha,-3.5,eastern_europe
stipon,18.0,eastern_europe
altintas,14.0,middle_east
elsfleth,16.0,western_europe
esteriktyaax,-6.0,north_asia
muan,28.25,east_asia
mangona,20.0,western_europe
ranea,4.5,western_europe
pirmasens,19.0,western_europe
novhorod_siverskyi,15.5,eastern_europe
muksu,10.0,central_asia
sintang,16.0,south_east_asia
shinan,24.5,east_asia
troms,1.5,western_europe
havelberg,23.5,western_europe
east_sundarban,19.5,south_asia
el_bayadh,9.0,north_africa
zolotari,0.0,eastern_europe
xiaodong,24.0,east_asia
kavitaha,4.5,east_africa
vardo,1.25,western_europe
meymand,12.0,middle_east
kiyeng_yuryakh,-6.0,north_asia
kurunegala,17.0,south_asia
konyovo,-0.5,eastern_europe
sultanonu,14.0,middle_east
abadeh_tashk,10.0,middle_east
deychopan,13.0,middle_east
honnavara,19.0,south_asia
mekele,9.0,east_africa
buchach,18.5,eastern_europe
dzerzhinskoye,-7.5,north_asia
cherchell,19.0,north_africa
corbeil,27.5,western_europe
susa,19.0,western_europe
macina,11.5,west_africa
zhengjiatun,13.5,east_asia
caratunk,-3.0,north_america
kolokani,11.5,west_africa
iisaxpuatahcheeaashe,-1.0,north_america
wetaskiwin,-2.0,north_america
manialtepec,3.0,north_america
tlacotlalpan,1.5,north_america
bergen,16.75,western_europe
lewes,21.0,western_europe
french_ales,15.0,western_europe
doncaster,17.0,western_europe
huozhu,21.5,east_asia
paisley,19.0,western_europe
muang_thaeng,21.5,south_east_asia
fiorenzuola,29.5,western_europe
parpagoha,7.0,south_east_asia
barza,17.0,middle_east
andranomavo,1.5,east_africa
corycus,17.0,middle_east
guntur,21.5,south_asia
attaqua,-6.0,southern_africa
ouagadougou,13.0,west_africa
chambery,19.5,western_europe
pancevo,12.5,eastern_europe
poganovka,6.0,eastern_europe
haining,27.0,east_asia
baoan_baoan,24.0,east_asia
nioman,13.5,east_asia
yangshuo,23.5,east_asia
bol_shoy_uran,6.0,eastern_europe
chay,-11.0,north_asia
kokokachi,-3.0,north_america
susaco,4.75,eastern_europe
lycoming,-3.0,north_america
guayaquil,6.0,south_america
kichkas,6.5,eastern_europe
caraveli,0.0,south_america
savojbolagh,20.0,middle_east
linkava,11.5,eastern_europe
ullapool,12.0,western_europe
kandakura,23.0,south_asia
sts_ailes,-12.0,north_america
kinbasket,-10.0,north_america
qillu_uta,8.0,south_america
pykopcateje,-3.0,south_america
moqoit,4.0,south_america
khilgoson,1.0,east_asia
koppal,23.0,south_asia
pitlaxa,-4.0,south_america
mumbos,-3.0,central_africa
anxi,29.0,east_asia
dhlo_dhlo,-4.0,southern_africa
znobov,18.0,eastern_europe
waha_tunga,2.0,north_america
decin,20.5,western_europe
valderrobres,12.0,western_europe
saldus,16.0,eastern_europe
jungaa,-8.0,australasia
canoochee,2.0,north_america
oevemanaho,0.0,north_america
tongatapu,-8.0,pacific_islands
nakipa,-1.0,north_america
betsiamites,-9.0,north_america
antalo,10.0,east_africa
oppunda,8.0,western_europe
rampur_boalla,26.0,south_asia
patna,43.5,south_asia
mahdia,19.25,north_africa
medinaceli,16.0,western_europe
ypres,28.0,western_europe
piazza,17.0,western_europe
chamdo,19.5,east_asia
kapilkot,17.0,south_asia
lokan,16.0,south_east_asia
copa,4.75,eastern_europe
tereshka,8.5,eastern_europe
ogbomosho,1.0,west_africa
nansheng,27.0,east_asia
kolno,10.5,eastern_europe
hami,1.0,east_asia
zitong,29.0,east_asia
al_mashqar,2.0,middle_east
lutang,24.5,east_asia
banihal,21.5,south_asia
msus,9.0,north_africa
kalatay,-1.0,eastern_europe
arkhan,14.0,central_asia
altan_gadas,3.0,east_asia
sanzana,12.0,west_africa
zafra,17.0,western_europe
jihlava,19.0,western_europe
sarbaz,8.0,middle_east
bafan,21.0,east_asia
ponkhockie,0.0,north_america
melahuacan,3.0,north_america
bunol,17.0,western_europe
bzhedygu_kal,8.5,eastern_europe
yala,14.0,south_east_asia
potyguara,-4.0,south_america
morrinhos,-4.0,south_america
woking,26.0,western_europe
fianarantsoa,2.5,east_africa
berdsk,-6.0,north_asia
tucanca,-1.0,south_america
melsungen,23.0,western_europe
elhovo,19.0,eastern_europe
mauriac,18.0,western_europe
xuwen,29.0,east_asia
nguyi,-6.0,central_africa
hemang,-0.5,west_africa
miramichi,-0.75,north_america
adshusheer,1.0,north_america
asheyi,-5.0,north_america
zheshart,-0.5,eastern_europe
dingliao,11.0,east_asia
loyalhanna,-3.0,north_america
as_suwayriqiyah,2.0,middle_east
mushikitee,-5.0,north_america
ferrara,29.5,western_europe
tyokhtyur,-6.0,north_asia
kutubi,5.0,east_asia
chongan,25.0,east_asia
yundin,8.5,eastern_europe
cuvenai,-3.0,central_africa
tu_e_dine_de,-3.0,north_america
huseyinabad,19.0,middle_east
al_fuqarah,0.0,middle_east
vanua_balavu_atoll,-7.0,pacific_islands
dzierzgon,16.0,eastern_europe
noongar,-5.0,australasia
tadoussac,-0.5,north_america
lages,-3.0,south_america
ulm,28.5,western_europe
pestravka,6.0,eastern_europe
shatur,11.0,eastern_europe
anqiu,33.0,east_asia
kagoshima,26.0,east_asia
salehabad,11.0,central_asia
pyinmana,19.5,south_east_asia
turama,-8.0,north_asia
jannah,2.0,middle_east
lagoa_vermelha,-3.0,south_america
porto,30.0,western_europe
karymkary,-6.0,north_asia
buthelezi,-5.0,southern_africa
rosenheim,22.5,western_europe
linz,30.5,western_europe
kechemeche,0.0,north_america
wembo,-3.0,central_africa
stonehaven,18.25,western_europe
labolo,3.0,central_africa
tokachi,-4.0,east_asia
breteuil,25.0,western_europe
chamuhongo,-3.0,central_africa
culiacan,3.5,north_america
utkhupampa,4.0,south_america
monbetsu,-5.0,east_asia
borongan,8.0,south_east_asia
wyaconda,6.0,north_america
galaagu,-5.0,australasia
guanima,-11.0,north_america
harrand,22.0,south_asia
akokpaq,-10.0,north_america
yakawlang,8.0,central_asia
angoya,-10.0,north_asia
caka,1.0,east_asia
calpista,6.0,north_america
soyo,-1.0,central_africa
romorantin,16.0,western_europe
nsolu,-2.0,central_africa
badamgarh,24.5,south_asia
burg,23.5,western_europe
cercy,23.5,western_europe
east_sabaneque,-10.0,north_america
bermuda,-3.0,north_atlantic_ocean_sub_continent
changning,30.5,east_asia
sisteron,21.5,western_europe
north_meetto,6.5,east_africa
atinggola,14.0,south_east_asia
aulatsivik,-10.0,north_america
ho_bay,-3.0,north_america
maiawali,-4.0,australasia
sarata,7.0,eastern_europe
tuyuk,14.0,south_east_asia
cognac,23.0,western_europe
jilkaat,-12.0,north_america
tjungundji,-4.0,australasia
vohimasina,1.5,east_africa
utajarvi,4.5,western_europe
kapisillit,-5.5,western_europe
wenshan,24.0,east_asia
khandwa,22.5,south_asia
moma_moamba,1.0,east_africa
basra_al_hamra,12.0,north_africa
turna,15.0,eastern_europe
szeged,15.5,eastern_europe
shukden,10.0,east_asia
matahun,24.0,south_east_asia
yendi,4.5,west_africa
goumbou,7.0,west_africa
caniqaq,-12.0,north_america
grenoble,16.5,western_europe
luninets,10.5,eastern_europe
treuenbrietzen,21.5,western_europe
chuqiu,35.5,east_asia
s_awdaan,-10.0,north_america
shaftesbury,20.0,western_europe
nara,29.0,east_asia
grimma,21.0,western_europe
shaoxing,37.0,east_asia
almanzora,17.0,western_europe
icheon,26.5,east_asia
bambara_maounde,11.0,west_africa
barkinji,-4.0,australasia
nunggubuyu,-8.0,australasia
clifden,4.0,western_europe
hafar_al_batin,2.0,middle_east
lalan,12.0,south_east_asia
toumodi,-0.5,west_africa
amravati,24.0,south_asia
bolshaya_yakshanga,5.5,eastern_europe
tommot,-9.0,north_asia
zohan,9.0,middle_east
kunozh,9.5,eastern_europe
riva,17.0,western_europe
minamikamikawa,-6.0,east_asia
dongan,20.0,east_asia
kielce,13.0,eastern_europe
kumage,22.0,east_asia
kyparissia,18.25,eastern_europe
luoxiu,25.5,east_asia
jelgava,13.5,eastern_europe
kholm_zhirkovsky,18.0,eastern_europe
vetluga,15.5,eastern_europe
ilan_hala,9.5,east_asia
guizhou_guizhou,22.0,east_asia
anhua,21.0,east_asia
dungun,17.0,south_east_asia
bwambe,-0.5,west_africa
cahokia,10.0,north_america
eiowane,1.0,north_america
ancud,9.0,south_america
chignecto,-2.0,north_america
mulanay,11.0,south_east_asia
koba,17.0,south_east_asia
olawa,25.5,eastern_europe
nidaros,11.75,western_europe
khorbusuonka,-7.0,north_asia
kayen,9.0,eastern_europe
scharding,24.5,western_europe
waldburg,20.0,western_europe
gunt,6.0,central_asia
harat,11.0,middle_east
ishigaki,4.0,east_asia
guwevkabaya,-2.0,north_america
wiznay,-7.0,south_america
padas,14.0,south_east_asia
paici,-8.0,pacific_islands
dera_ismail_khan,22.5,south_asia
rasini,5.0,east_africa
sanandaj,13.0,middle_east
perigueux,23.0,western_europe
taka,24.0,east_asia
hoyu_ao_he,0.0,north_america
djiralay,2.0,australasia
maymaga,-6.0,north_asia
kaapiuara,-4.0,south_america
liroema,5.0,central_africa
chinchaga,-7.0,north_america
khust,17.5,eastern_europe
marawah,3.25,middle_east
amadiya,9.5,eastern_europe
fuyang_hangzhou,28.5,east_asia
tsou,24.0,east_asia
nandurbar,20.5,south_asia
groningen,17.25,western_europe
namunka,7.0,east_asia
renshou,32.0,east_asia
gayny,-0.5,eastern_europe
bellari,23.5,south_asia
talaky,-1.0,east_africa
okaisipi,-3.0,north_america
catahoula,2.0,north_america
augsburg,27.0,western_europe
abiward,9.0,central_asia
fin,9.0,middle_east
junk_river,-5.5,west_africa
inishowen,6.25,western_europe
bastam,13.0,middle_east
itarap,-6.0,south_america
sapponah,2.0,north_america
kharom_vosh,-11.0,north_asia
rupharupha,2.0,south_america
tsukuba,29.5,east_asia
yopurga,8.0,east_asia
habban,4.0,middle_east
flesberg,4.5,western_europe
furstenfeld,20.0,western_europe
didthul,-3.0,australasia
uolya_trail,-8.0,north_asia
frutigen,16.0,western_europe
karlstadt,24.0,western_europe
pathein,19.5,south_east_asia
malacca,17.0,south_east_asia
cocalico,-1.0,north_america
nyuele,-8.0,north_asia
ploesti,16.0,eastern_europe
nonantola,29.0,western_europe
bargarh,24.5,south_asia
balangir,29.0,south_asia
harricana,0.0,north_america
ankazobe,3.5,east_africa
guaynabo,-6.0,north_america
liwa_lampung,16.0,south_east_asia
kiso,19.0,east_asia
gorodok,18.5,eastern_europe
xianzhu,29.0,east_asia
sultanpur,20.5,south_asia
da_giang,27.5,south_east_asia
dax,25.5,western_europe
almudevar,17.0,western_europe
starodub_siverskyi,14.0,eastern_europe
tlatlasikwala,-3.5,north_america
boynak,9.0,eastern_europe
iznik,15.0,middle_east
atahachi,1.0,north_america
xilotepec,12.0,north_america
chiru,4.0,north_america
muang_yuam,13.0,south_east_asia
tafedna,8.0,north_africa
jardwajali,1.0,australasia
bacalhieu,-7.0,north_america
abaiang_atoll,-6.0,pacific_islands
yevoyakha,-10.0,north_asia
gode,10.5,east_africa
lingqiu,25.0,east_asia
tulguur,6.5,east_asia
kassinga,-1.0,central_africa
yongshun_yongshun,28.5,east_asia
unggarangi,-8.0,australasia
balat,15.5,middle_east
maatawamkeag,-2.0,north_america
glauchau,19.0,western_europe
ran,9.0,central_asia
kasekete,-1.5,southern_africa
qingaaluk,-8.0,north_america
whanganui,0.0,australasia
ka_u,-9.0,pacific_islands
keperveem,-5.0,north_asia
varnum,12.0,western_europe
ikere,-4.0,west_africa
roucy,23.0,western_europe
nikkaluokta,1.5,western_europe
pandua,41.5,south_asia
muong,24.5,south_east_asia
yukta,-6.0,north_asia
gacgatagyn,-10.0,north_asia
pankararu,-2.0,south_america
la_mamora,21.0,north_africa
quilongues,4.0,central_africa
palembang,23.0,south_east_asia
xukuru,-6.0,south_america
umba,-7.0,western_europe
orotko,-10.0,north_asia
sulkhari,4.5,east_asia
yerema,-6.0,north_asia
aparri,8.0,south_east_asia
namieta,5.5,central_africa
kahone,1.0,west_africa
ijebu_ode,-1.0,west_africa
qospemk,-5.0,north_america
foix,15.0,western_europe
chimay,19.0,western_europe
koloshma,7.0,eastern_europe
bunuba,-7.0,australasia
shizhou,25.5,east_asia
parkhali,12.5,eastern_europe
kariyarra,-8.0,australasia
soghan,10.0,middle_east
dongnae,30.25,east_asia
gagraun,21.5,south_asia
dukhovshchina,16.5,eastern_europe
butha_buthe,-2.0,southern_africa
aberfeldy,13.0,western_europe
lingfang,24.0,east_asia
loei,20.5,south_east_asia
pennagaram,19.5,south_asia
bykhaw,16.5,eastern_europe
paga,12.5,west_africa
kinaksisahtai,0.0,north_america
godthab,-1.25,western_europe
yangbei,21.5,east_asia
chandpur_garhi,24.5,south_asia
mosiko,4.0,central_africa
wenxiang,30.5,east_asia
orhei,13.5,eastern_europe
al_mahjal,3.0,middle_east
river_nomlaki,4.0,north_america
contornasa,2.0,south_america
berdychiv,13.0,eastern_europe
incheh_borun,17.0,middle_east
loa,-1.0,south_america
guarayo,-4.0,south_america
makunchawu,-7.0,south_america
xucheng,33.5,east_asia
kirkjubaejar,-7.0,western_europe
gampola,15.0,south_asia
radogosch,16.0,eastern_europe
sarvestan,13.0,middle_east
chuluutyn,2.5,east_asia
paltamo,-0.5,western_europe
gaoyang,23.0,east_asia
durgyeling,12.0,east_asia
mornei,3.0,east_africa
nevesinje,12.0,eastern_europe
pere,1.5,east_africa
osanamon,3.0,north_america
ptuj,25.5,western_europe
ust_chulasa,-0.5,eastern_europe
ngabo,-6.0,central_africa
puigcerda,14.0,western_europe
iaguarauna,2.0,south_america
pakamik,3.0,north_america
bor_volgo,14.0,eastern_europe
al_jubayl,3.25,middle_east
suzdal,18.0,eastern_europe
nagara_borneo,11.0,south_east_asia
ngoussa,7.0,north_africa
slano,12.25,eastern_europe
qimen,28.0,east_asia
shebeon,-7.0,north_america
koman,13.5,eastern_europe
chelmno,22.5,eastern_europe
bazhai_duyun,21.0,east_asia
stodolichi,9.0,eastern_europe
burkhaia,-11.0,north_asia
preah_vihear,21.0,south_east_asia
gaoyang_baoding,27.0,east_asia
youdian,20.5,east_asia
karo,17.0,south_east_asia
teramo,22.0,western_europe
tengxian,35.5,east_asia
nanchong,34.5,east_asia
muang_sua,18.5,south_east_asia
chipoudy,-4.0,north_america
madaran,29.5,south_asia
moss,13.5,western_europe
sebuku,14.0,south_east_asia
mashima,20.0,east_asia
sutiapan,3.0,north_america
iranmranhre,-3.0,south_america
linxian,28.5,east_asia
pinneberg,19.0,western_europe
enniskillen,8.0,western_europe
shkhancheriekhabl,8.5,eastern_europe
datong_xining,16.0,east_asia
khajuraho,27.5,south_asia
ahvaz,13.5,middle_east
neuss,27.5,western_europe
guanghai,24.0,east_asia
waigeo,14.0,south_east_asia
yuechi,30.5,east_asia
aarhus,19.25,western_europe
vijayapur,29.5,south_asia
dagandely,5.0,central_asia
sinu,1.0,south_america
tangyin,29.5,east_asia
zile,18.0,middle_east
ministik,-12.0,north_america
villarcayo,17.0,western_europe
zacatollan,5.5,north_america
zarand,20.0,eastern_europe
sangamon,3.0,north_america
siraya,32.0,east_asia
acre,28.75,middle_east
martapura,14.0,south_east_asia
nng,-4.0,southern_africa
shiping,21.5,east_asia
scarcies,-5.5,west_africa
hebin,20.5,east_asia
wahasah,0.0,north_america
buriti,-3.0,south_america
shad_kirman,8.5,eastern_europe
daolong,19.0,east_asia
rozhalovo,14.0,eastern_europe
antsiroamandidy,-0.5,east_africa
tobruk,16.0,north_africa
busal,26.5,south_asia
belaya_glina,6.0,eastern_europe
tachov,19.0,western_europe
sighet,16.0,eastern_europe
xinle,27.0,east_asia
landshut,26.5,western_europe
jinglong,23.5,east_asia
badau,17.0,south_east_asia
taunat,14.0,north_africa
nguidjilone,1.5,west_africa
siran,11.0,eastern_europe
edea,-3.5,west_africa
kinozhesipi,0.0,north_america
gourdon,23.5,western_europe
oitylo,19.0,eastern_europe
petawawa,-3.0,north_america
coosa,0.0,north_america
has,13.5,eastern_europe
saanya,-5.0,north_america
caparo,4.0,south_america
poti,-4.0,south_america
chan_chan,6.0,south_america
tanwakanwakaghe,6.0,north_america
cobija,1.0,south_america
malte,-8.5,south_america
terranova_pausania,18.75,western_europe
evreux,23.0,western_europe
kharkhul,1.0,east_asia
pecanha,-7.0,south_america
mount_athos,10.0,eastern_europe
mamterat,-7.0,north_america
chipangura,3.0,southern_africa
dmitrov,16.0,eastern_europe
kyyindy,-1.0,south_america
omaguacas,7.0,south_america
andaymarca,1.0,south_america
aruppukkottai,21.0,south_asia
siguiri,10.5,west_africa
bulun,-11.0,north_asia
biak,-8.0,pacific_islands
khurays,2.0,middle_east
qianwei,27.5,east_asia
dibrugarh,21.5,south_asia
bremen,24.75,western_europe
byuteydyakh,-6.0,north_asia
vukyl,-2.5,eastern_europe
kauthara,14.0,south_east_asia
nzwani,-2.0,east_africa
natinixwe,-6.0,north_america
sauipe,-6.0,south_america
malaya_ilesha,9.0,eastern_europe
ajehuac_yana,8.0,north_america
phakant,24.5,south_east_asia
idanha,24.5,western_europe
nyaki_nyaki,-5.0,australasia
binandere,-8.0,pacific_islands
bakhtinsky,-6.0,north_asia
chiveve,1.0,southern_africa
arrah,30.5,south_asia
jiyin,30.0,east_asia
gratesk,4.5,western_europe
nochpeem,-3.0,north_america
karaj,13.0,middle_east
mountain_maidu,-4.0,north_america
siton,-6.0,south_america
reriu,-4.0,south_america
magyarovar,18.5,eastern_europe
pecatonica,1.0,north_america
huallumarca,1.0,south_america
pelym,-3.0,eastern_europe
ilam,13.0,middle_east
soo,25.5,east_asia
sathyagala,18.5,south_asia
itapecuru,-4.0,south_america
asahan,17.0,south_east_asia
zharkhan,-9.0,north_asia
kherla,21.5,south_asia
biga,19.0,middle_east
kume_houki,25.0,east_asia
selennyakh,-5.0,north_asia
gunupur,19.0,south_asia
avlonya,16.75,eastern_europe
ningdu,27.5,east_asia
donjek,-6.0,north_america
kutarka,5.5,eastern_europe
abiy_addi,13.0,east_africa
naupa_huen,-6.0,south_america
muang_mang,19.5,south_east_asia
zhulino,16.0,eastern_europe
chaucalana,-1.0,south_america
rostaq,10.0,middle_east
vizianagaram,17.5,south_asia
brignoles,19.0,western_europe
sadovoye,6.0,eastern_europe
ghadames,9.0,north_africa
heinjoki,11.5,western_europe
sayda,13.0,western_europe
sondeled,15.25,western_europe
yanovo,14.0,eastern_europe
akilonda,-2.0,east_africa
ayamaco,-11.0,north_america
minsin,24.5,south_east_asia
lianping,22.0,east_asia
kassongo,3.0,central_africa
fofa,7.0,east_africa
xiangxiang,27.0,east_asia
madinat_alawiyyin,16.0,north_africa
tas_kichu,5.0,central_asia
eso,20.0,east_asia
kamyshnoye,1.0,north_asia
bankura,27.0,south_asia
gashowu,-3.0,north_america
jonkoping,16.0,western_europe
hequ_wuding,19.5,east_asia
qixian,31.0,east_asia
mukutawa,-13.0,north_america
kuanda,-3.0,north_asia
jawhar,14.0,south_asia
lunino,10.5,eastern_europe
ruanga,3.5,southern_africa
shira,10.0,west_africa
most,18.0,western_europe
nemag,0.0,north_america
kayeskikan,0.0,north_america
guajoquilla,-1.0,north_america
taki,23.5,east_asia
ky_son,20.5,south_east_asia
tahkeeosteh,-3.0,north_america
vielha,16.0,western_europe
vanch,8.0,central_asia
tooele,-9.0,north_america
kafsanji,-3.0,central_africa
meli_lema,-6.0,north_america
shincal,6.0,south_america
ibirapuita,4.0,south_america
ovech,10.0,eastern_europe
senonches,21.0,western_europe
luozuoguan,25.0,east_asia
konstantinovsk,4.5,eastern_europe
bannoye,8.5,eastern_europe
dandong,18.5,east_asia
ukhaa_khudag,-4.0,east_asia
harburg,21.5,western_europe
tepla,19.0,western_europe
yasawa,-11.0,pacific_islands
bayono,-6.0,pacific_islands
bolzano,23.5,western_europe
mino,22.0,east_asia
longan,23.5,east_asia
saarburg,24.5,western_europe
e_ometaeso,2.0,north_america
cili,28.5,east_asia
amarendrapura,17.0,south_east_asia
stora_tuna,6.5,western_europe
daugavpils,18.5,eastern_europe
atajal,11.0,north_america
anderson,-5.0,north_america
daman,21.25,south_asia
qumisha,10.0,middle_east
krasnopillia,4.0,eastern_europe
rashid,27.75,north_africa
miranda_de_ebro,20.0,western_europe
orokaiva,-8.0,pacific_islands
busuanga,11.0,south_east_asia
ahrweiler,22.5,western_europe
anyue,32.0,east_asia
dakkar,6.0,east_africa
huitzquilic,11.0,north_america
gilju,10.0,east_asia
patarabueye,1.5,north_america
kurannakh,-8.0,north_asia
pohnpei,-9.0,pacific_islands
andasy_merine,1.0,east_africa
emyakhsin,-6.0,north_asia
kurki,19.5,south_asia
canadaigua,3.0,north_america
ayagoz,13.0,central_asia
belkhandi,24.0,south_asia
kitasoo,-11.0,north_america
shar_yelpuk,12.5,east_asia
tecklenburg,19.0,western_europe
kawishiwi,5.0,north_america
wahzhazhe,3.0,north_america
karuk,-4.0,north_america
montmorency,27.5,western_europe
shalskii,-3.0,eastern_europe
huambo,4.0,central_africa
pate,-3.0,east_africa
rotondo,12.0,western_europe
cape_mount,0.75,west_africa
nirgua,-2.0,south_america
dulgalaax_trail,-10.0,north_asia
rohtak,22.0,south_asia
watauga,-5.0,north_america
rongcheng,20.5,east_asia
pawcatuck,-2.0,north_america
villena,15.0,western_europe
evora,22.0,western_europe
binalatongan,6.0,south_east_asia
oleron,18.5,western_europe
manysai,5.0,central_asia
uolbut,-8.0,north_asia
sciacca,20.0,western_europe
dyunkun,-8.0,north_asia
ugolney,-8.0,north_asia
kota_rentang,12.0,south_east_asia
gratia,14.0,eastern_europe
ganden_delingshar,-0.5,east_asia
mon,15.0,south_asia
kolomak,6.0,eastern_europe
winnemucca,-7.0,north_america
koh_kong,14.0,south_east_asia
kubenskoye,9.5,eastern_europe
oreshek,16.5,eastern_europe
buki,14.0,south_east_asia
ihosy,2.0,east_africa
ngwane,-1.0,southern_africa
corpen_aike,-2.0,south_america
djirbalgan,-4.0,australasia
kanawha,1.0,north_america
marajoara,-6.0,south_america
meissen,23.5,western_europe
wotje_atoll,-7.0,pacific_islands
ningbian,25.5,east_asia
xilotlan,4.0,north_america
shoindykol,-1.0,north_asia
oshogbo,-1.0,west_africa
chiquia,1.0,south_america
yaros,4.5,south_america
satapo,2.0,north_america
wanzhou,27.5,east_asia
misasa,7.0,east_africa
east_konongo,-0.5,east_africa
nyurum_yegan,-11.0,north_asia
chawchila,-1.0,north_america
karipuna,-6.0,south_america
dakawa,9.0,east_africa
makalondi,9.0,west_africa
itapua,2.0,south_america
jiangxian,31.0,east_asia
pacahuara,-6.0,south_america
newtownards,13.0,western_europe
onoto,1.0,south_america
poluwat_atoll,-7.0,pacific_islands
tom,11.5,east_asia
chariton,4.0,north_america
abu_qasr,2.0,middle_east
qingshui,20.0,east_asia
shiquan,23.5,east_asia
magway,22.5,south_east_asia
soderkoping,15.0,western_europe
qingyuan_baoding,27.0,east_asia
mandore,19.5,south_asia
banda_island,17.0,south_east_asia
ourique,20.0,western_europe
baekcheon,26.0,east_asia
nyon,17.0,western_europe
bangui,-3.0,central_africa
gestenthorpe,16.0,western_europe
sangmelima,-9.0,central_africa
bhalki,22.0,south_asia
demba,3.0,central_africa
belcoo,5.0,western_europe
tonggu_liping,22.5,east_asia
amora_gadal,4.0,east_africa
kuivaniemi,4.5,western_europe
saaka,6.5,east_africa
thu_vat,21.5,south_east_asia
wanapum,-3.0,north_america
guamuhaya,-9.0,north_america
sao_carlos,-1.0,south_america
mere_mere,2.0,central_africa
rutul,10.0,eastern_europe
gaotai,16.0,east_asia
ygana,1.0,south_america
whakatane,-5.0,australasia
nakshaparvat,19.5,south_asia
chabanais,21.0,western_europe
bobr,16.0,eastern_europe
sukadana,14.0,south_east_asia
piratinin,4.0,south_america
uka_town,-12.0,north_asia
bakas,-3.5,west_africa
chuya,-8.0,north_asia
cemuhi,-9.0,pacific_islands
chemnitz,17.0,western_europe
ndrumbea,-9.0,pacific_islands
irantxe,-3.0,south_america
portsmouth,27.0,western_europe
deventer,19.0,western_europe
guayacundo,5.0,south_america
gryfow,21.5,western_europe
caransebes,10.0,eastern_europe
nishikubiki,19.0,east_asia
goana_para,-1.0,south_america
bir_al_qurr,-1.0,middle_east
sbiba,8.0,north_africa
sipiweske,8.0,north_america
kiel,24.75,western_europe
tinainu,-5.0,north_america
blagodarnoye,2.0,eastern_europe
beichlingen,19.0,western_europe
tanna,-11.0,pacific_islands
meppel,19.0,western_europe
wigwomadensis,1.0,north_america
porokotan,8.0,east_asia
ningxiang_shizhou,25.0,east_asia
kalinjar,33.0,south_asia
khute,-8.0,southern_africa
suakin,5.75,east_africa
kibi,-3.5,west_africa
kongashuk,-6.0,north_america
tanahun,25.5,south_asia
watang,28.5,east_asia
baima_daming,29.0,east_asia
ristiina,-3.0,western_europe
mueng_thung_yai,17.0,south_east_asia
cetatea_alba,12.0,eastern_europe
tuckabutche,1.0,north_america
perija,4.0,south_america
atanuul,1.0,east_asia
khari_karoo,-3.0,southern_africa
xiotenko,1.5,north_america
gariep,-4.0,southern_africa
baler,7.0,south_east_asia
palani,19.0,south_asia
niort,21.0,western_europe
bhavani,18.5,south_asia
uyuni,1.0,south_america
gorontalo,16.0,south_east_asia
jiande,28.5,east_asia
hehvaitaneo,-3.0,north_america
tongling,29.5,east_asia
las_navas,15.0,western_europe
qarahziaoddin,12.0,middle_east
kampong_saom,16.5,south_east_asia
lichtenfels,20.0,western_europe
javanrud,13.5,middle_east
kobirhat,17.0,south_asia
jiayu,29.5,east_asia
bayan_tumen,2.5,east_asia
chosan,16.5,east_asia
sivukutaitiarruvik,-7.0,north_america
tegelspit,-8.0,north_asia
dehua_jiujiang,31.5,east_asia
menghua,21.5,east_asia
kazembe,-3.0,central_africa
ceepee,6.0,north_america
amsterdam,24.75,western_europe
akashi,27.0,east_asia
hiyama,19.0,east_asia
mandiana,2.5,west_africa
yaqui,-3.0,north_america
guadual,3.0,south_america
kumarakapay,1.0,south_america
toledo,24.5,western_europe
ukarangma,-11.0,south_america
liambye,2.5,central_africa
susques,0.0,south_america
batyrevo,6.0,eastern_europe
madawaska,-3.0,north_america
mikkeli,2.0,western_europe
yanyuwa,-9.0,australasia
kualuh,17.0,south_east_asia
ilambazar,34.5,south_asia
cuautla,6.0,north_america
bangban,22.0,east_asia
sauveterre_de_guyenne,25.5,western_europe
powassan,-5.0,north_america
ni_okaska,3.0,north_america
kangzuo,21.0,east_asia
lokoro,-11.0,central_africa
chhatarpur,29.0,south_asia
rawicz,14.0,eastern_europe
sarzana,25.75,western_europe
constantia_bul,26.5,eastern_europe
ath,23.0,western_europe
sosva,-1.0,eastern_europe
gartok,-0.5,east_asia
nyanja,3.5,east_africa
bavaro,-8.0,north_america
thammarat,19.0,south_east_asia
vorontsovo,-10.0,north_asia
stepanevka,4.5,eastern_europe
kadiri,18.0,south_asia
sellinkyla,-1.0,western_europe
chewaucan,-6.0,north_america
incahuasi,1.0,south_america
saryozen,9.0,central_asia
stranraer,19.75,western_europe
opemisca,-8.0,north_america
parapopeba,-2.0,south_america
khenifra,12.0,north_africa
sartang,-11.0,north_asia
dragasani,16.5,eastern_europe
west_wembere,-1.0,east_africa
aignay,16.0,western_europe
minsk,17.0,eastern_europe
tynda,8.5,east_asia
sandonnino,29.5,western_europe
dambai,-2.5,west_africa
sungai_penuh,17.0,south_east_asia
savannakhet,19.5,south_east_asia
ani,18.0,eastern_europe
linfen,27.0,east_asia
magorix,-3.0,north_america
detmold,21.5,western_europe
sandakan,12.75,south_east_asia
gambo,7.5,east_africa
uyapari,-2.0,south_america
sol_velikaya,16.5,eastern_europe
sahar,7.5,east_asia
dazhu,27.0,east_asia
kaxixo,-3.0,south_america
rongjing,23.0,east_asia
dharapuram,21.0,south_asia
ziyang,33.0,east_asia
stettin,30.0,western_europe
baracoa,-11.0,north_america
koostaaka,4.0,north_america
iningai,-6.0,australasia
tuasi,-2.0,north_america
utrecht,19.0,western_europe
yelets,8.5,eastern_europe
mormor,5.0,east_africa
kamabai,-1.5,west_africa
tbilisi,20.5,eastern_europe
silifke,14.0,middle_east
cibao,-5.0,north_america
warumungu,-6.0,australasia
zubtsov,18.5,eastern_europe
bjorneborg,5.5,western_europe
bautzen,20.5,western_europe
san_tash,11.0,central_asia
nemuro,0.0,east_asia
fashoda,4.5,east_africa
kai_kara,1.0,south_america
bureen,1.0,east_asia
hapcheon,23.5,east_asia
abu,22.0,east_asia
golpayegan,16.0,middle_east
masirah,2.0,middle_east
heinsberg,18.0,western_europe
kalmius,8.5,eastern_europe
burunda,11.5,east_asia
pagan,27.5,south_east_asia
okobojo,6.0,north_america
patsaliga,1.0,north_america
guanacevi,-2.0,north_america
muichi,-1.0,east_africa
guancheng_zhengzhou,36.5,east_asia
solatunum,4.5,western_europe
malapaz,1.0,north_america
niigugis,-6.0,north_america
karasuu,12.0,central_asia
mihaliccik,16.5,middle_east
marokau_atoll,-7.0,pacific_islands
dastgerdan,10.0,middle_east
pitea,5.75,western_europe
buchen,24.0,western_europe
nanning,27.5,east_asia
kontcha,-5.5,central_africa
kailu,9.5,east_asia
wunnumin,-6.0,north_america
tequemapo,-10.0,north_america
gunaaxoo,-10.0,north_america
wawaskesiwisakahikan,-6.0,north_america
acanti,-2.0,south_america
aquidauana,-3.0,south_america
khon_kaen,21.5,south_east_asia
arnhem,23.5,western_europe
anyuan,16.0,east_asia
panamahkas,0.5,north_america
soria,21.0,western_europe
rugao,32.0,east_asia
pobeda,-9.0,north_asia
jolom_konob,5.5,north_america
diez,23.0,western_europe
arches,18.0,western_europe
gex,19.5,western_europe
achit_nuur,-2.0,east_asia
zhanchuan,31.0,east_asia
dingbian,18.0,east_asia
gonganbao,7.5,east_asia
abalessa,5.0,north_africa
lamalama,-4.0,australasia
kezlev,2.0,eastern_europe
kavieng,-8.0,pacific_islands
costa,0.0,eastern_europe
shusef,10.0,middle_east
taviwac,-5.0,north_america
piranshahr,13.0,middle_east
tupran,24.0,south_asia
poyiitahtai,-2.0,north_america
yaroslavka,14.0,eastern_europe
huoqiu,34.5,east_asia
madhubani,30.5,south_asia
cumbum,16.0,south_asia
baynoa,-8.5,north_america
makoua,1.0,north_america
titaga,-2.0,north_america
sohagpur,24.5,south_asia
tseichi,1.5,north_america
sainiambu,-3.0,central_africa
jama,4.0,south_america
langensalza,19.0,western_europe
bugat,-5.0,east_asia
tiete,-7.0,south_america
rongmei,24.0,east_asia
hill_nomlaki,-3.0,north_america
indersdorf,22.0,western_europe
solovtsovo,8.5,eastern_europe
fingal,25.0,western_europe
pistoia,29.0,western_europe
lordegan,15.5,middle_east
murwara,27.0,south_asia
maloyaroslavets,14.0,eastern_europe
beauvais,25.0,western_europe
mengyin,26.0,east_asia
guadalajara,13.0,western_europe
ngape,18.5,south_east_asia
cairo_montenotte,21.0,western_europe
silli,16.0,middle_east
darab,10.0,middle_east
laish,6.5,eastern_europe
oonuma,14.0,east_asia
garmsir,12.0,middle_east
bugara,-1.5,east_africa
seyitgazi,16.0,middle_east
tavas,14.0,middle_east
togiaq,-7.0,north_america
pankshin,-2.5,central_africa
villanueva_del_fresno,22.5,western_europe
myaungmya,14.5,south_east_asia
qianjiang_binzhou,30.5,east_asia
asfan,4.0,middle_east
karnak,12.0,central_asia
eket,-5.5,west_africa
giessen,23.0,western_europe
buddu,2.5,east_africa
piombino,30.25,western_europe
tappan,-3.0,north_america
yuac,1.0,north_america
tver,25.5,eastern_europe
alba_de_tormes,19.0,western_europe
selpils,18.5,eastern_europe
tunguska_trail4,-9.0,north_asia
sarkisla,18.5,middle_east
duki,18.0,south_asia
tboli,7.0,south_east_asia
palyavaam,-10.0,north_asia
ameskour,10.0,north_africa
donggala,13.0,south_east_asia
isbijab,13.0,central_asia
minamimatsuura,21.0,east_asia
nakijin,9.0,east_asia
yongchang_ganzhou,13.0,east_asia
wishram,-2.0,north_america
huaiyuan,31.5,east_asia
bii,3.5,east_asia
valka,16.0,eastern_europe
tlazazalca,9.0,north_america
montanchez,20.0,western_europe
chao_de_couce,16.0,western_europe
north_juma,-1.0,central_africa
novosyolovo,0.0,north_asia
candia,15.25,eastern_europe
aspara,9.0,central_asia
monforte_de_lemos,25.5,western_europe
taihe_dali,28.5,east_asia
handan,36.0,east_asia
karvandar,9.0,middle_east
nalimsk,-8.0,north_asia
liova,-0.5,central_africa
kasesi,-0.5,central_africa
urua,-2.0,east_africa
biobio,10.0,south_america
koy_aike,-6.0,south_america
tamluk,21.5,south_asia
bayana,19.0,south_asia
brahin,18.5,eastern_europe
london,39.0,western_europe
mukachevo,14.0,eastern_europe
phon_nha,14.0,south_east_asia
tungi,4.5,east_africa
nashwaak,0.0,north_america
nowy_targ,11.0,eastern_europe
saygatsky,5.5,eastern_europe
traianopolis,21.5,eastern_europe
urda,29.0,south_asia
andaki,4.0,south_america
brataulung,-1.0,australasia
argenta,22.0,western_europe
berlanga,19.0,western_europe
pinghe,27.0,east_asia
senlis,25.5,western_europe
pendau,14.0,south_east_asia
prum,18.0,western_europe
nainpur,24.5,south_asia
tapaktuan,13.0,south_east_asia
kanegaok,-3.0,north_america
tullahoma,1.0,north_america
ussel,18.0,western_europe
amisk_sipi,-5.0,north_america
urumqi,5.0,east_asia
jabhua,24.5,south_asia
ningxiang,24.0,east_asia
al_hawra,4.0,middle_east
burra_burra,-5.0,australasia
agbonle,0.0,west_africa
kashin,18.5,eastern_europe
punial,12.0,south_asia
meyah,-9.0,pacific_islands
chao,6.0,south_america
boruma,3.5,central_africa
sarare,3.0,south_america
serebryanye_prudy,11.0,eastern_europe
rasony,9.0,eastern_europe
galbyn_gobi,-4.0,east_asia
manta,1.0,south_america
rekohu,-5.0,australasia
didao,27.0,east_asia
besni,16.0,middle_east
lomello,29.5,western_europe
reka_pur,-5.0,north_asia
debre_bizen,0.0,east_africa
msila,12.0,north_africa
cacheu,-6.0,west_africa
akora,19.0,south_asia
rankulche,-3.0,south_america
sanggau,16.0,south_east_asia
tarntanya,-4.0,australasia
walong,11.5,east_asia
valkall_an,-7.0,north_asia
maqqara,12.0,north_africa
yongan_sha,28.5,east_asia
cocollan,6.0,north_america
arachan,4.0,south_america
gallipoli,29.0,eastern_europe
khami,-3.0,southern_africa
kitcisakik,0.0,north_america
yeongwol,22.5,east_asia
dongliu,31.5,east_asia
shey,1.5,east_asia
yawnghwe,21.0,south_east_asia
korbach,23.0,western_europe
goalpara,12.5,south_asia
villafranca_del_penedes,18.0,western_europe
nurchuu,1.0,east_asia
dongan_shuntian,31.0,east_asia
mulhouse,30.5,western_europe
yanting,29.0,east_asia
phimai,21.5,south_east_asia
linchuan,31.5,east_asia
barulo,14.0,south_east_asia
tupuchikan,-6.0,north_asia
kalilayan,12.0,south_east_asia
tatarskaya_tesyu,-3.0,north_asia
ananiv,4.0,eastern_europe
tala,-9.0,north_asia
thalisain,25.5,south_asia
sunju,21.5,east_asia
bayan,0.0,east_asia
xoo,-8.0,southern_africa
yeji,0.0,west_africa
opequon,-2.0,north_america
chiquimula,2.0,north_america
puxian,24.0,east_asia
alamamas,-5.0,north_america
baghai,10.0,north_africa
igiugig,-10.0,north_america
kwita_tla,-9.0,north_america
yaguarzongo,1.0,south_america
khani,-4.0,north_asia
bikini_atoll,-7.0,pacific_islands
siena,34.0,western_europe
dakhkat,13.0,central_asia
tsakhalkho,14.5,east_asia
khiching,29.0,south_asia
jalna,21.0,south_asia
ya_kti_ki,-5.0,north_america
sha_ia_nde,3.0,north_america
kuydusun,-8.0,north_asia
kymi,12.0,eastern_europe
quimperle,24.0,western_europe
geshitsa,12.5,east_asia
huajuco,3.0,north_america
laredo,17.25,western_europe
matera,21.0,western_europe
