from,to,state,shore
pp_nav_00001,kengdey,navigable,True
pp_nav_00002,pp_nav_00003,navigable,False
pp_nav_00002,olenegorsk,navigable,True
pp_nav_00002,cokuurdaax,navigable,True
pp_nav_00003,pp_nav_00005,navigable,False
pp_nav_00003,vorontsovo,navigable,True
pp_nav_00003,olenegorsk,navigable,True
pp_nav_00003,nicalaax,navigable,True
pp_nav_00004,pp_nav_00007,navigable,False
pp_nav_00004,dudinka,navigable,True
pp_nav_00005,vorontsovo,navigable,True
pp_nav_00006,molodo,navigable,True
pp_nav_00007,pp_nav_00013,navigable,False
pp_nav_00007,dudinka,navigable,True
pp_nav_00008,pp_nav_00012,navigable,False
pp_nav_00008,inuviq,navigable,True
pp_nav_00009,khargytyr,improvable,True
pp_nav_00010,zharzhan,navigable,True
pp_nav_00011,pp_nav_00015,navigable,False
pp_nav_00011,kurung_yuryakh,navigable,True
pp_nav_00012,pp_nav_00016,navigable,False
pp_nav_00012,inuviq,navigable,True
pp_nav_00012,tuktoyukiuq,navigable,True
pp_nav_00013,pp_nav_00017,navigable,False
pp_nav_00013,dudinka,navigable,True
pp_nav_00014,pp_nav_00019,improvable,False
pp_nav_00014,kolymskoie,improvable,True
pp_nav_00014,omoloon,improvable,True
pp_nav_00014,timkino,improvable,True
pp_nav_00015,pp_nav_00018,navigable,False
pp_nav_00015,tuyandina,navigable,True
pp_nav_00015,kurung_yuryakh,navigable,True
pp_nav_00015,khachimcher,navigable,True
pp_nav_00016,pp_nav_00020,navigable,False
pp_nav_00016,inuviq,navigable,True
pp_nav_00017,dudinka,navigable,True
pp_nav_00018,tuyandina,navigable,True
pp_nav_00018,abyy,navigable,True
pp_nav_00019,omoloon,improvable,True
pp_nav_00020,aklaviq,navigable,True
pp_nav_00020,inuviq,navigable,True
pp_nav_00021,pp_nav_00023,navigable,False
pp_nav_00021,tuyandina,navigable,True
pp_nav_00021,abyy,navigable,True
pp_nav_00021,esteriktyaax,navigable,True
pp_nav_00022,pp_nav_00023,improvable,False
pp_nav_00022,pp_nav_00024,improvable,False
pp_nav_00022,syagannaax,improvable,True
pp_nav_00023,syagannaax,navigable,True
pp_nav_00023,abyy,navigable,True
pp_nav_00024,syagannaax,improvable,True
pp_nav_00025,pp_nav_00027,navigable,False
pp_nav_00025,khantayskoye,navigable,True
pp_nav_00025,dudinka,navigable,True
pp_nav_00026,pp_nav_00028,navigable,False
pp_nav_00026,dyryn_ebe,navigable,True
pp_nav_00026,kal_gatana,navigable,True
pp_nav_00026,kholongsolokh,navigable,True
pp_nav_00027,pp_nav_00036,navigable,False
pp_nav_00027,khantayskoye,navigable,True
pp_nav_00028,dyryn_ebe,navigable,True
pp_nav_00028,kal_gatana,navigable,True
pp_nav_00028,nalimsk,navigable,True
pp_nav_00029,mangazeya,navigable,True
pp_nav_00029,messoyakha,navigable,True
pp_nav_00030,pp_nav_00033,navigable,False
pp_nav_00030,xatingnaax,navigable,True
pp_nav_00030,nalimsk,navigable,True
pp_nav_00031,pustozersk,navigable,True
pp_nav_00032,pp_nav_00047,navigable,False
pp_nav_00032,pur,navigable,True
pp_nav_00033,pp_nav_00045,navigable,False
pp_nav_00033,xatingnaax,navigable,True
pp_nav_00033,sededema,navigable,True
pp_nav_00034,ob,navigable,True
pp_nav_00035,kulun_olbut,improvable,True
pp_nav_00036,pp_nav_00042,navigable,False
pp_nav_00036,khantayskoye,navigable,True
pp_nav_00037,ob,navigable,True
pp_nav_00038,khantayskoye,navigable,True
pp_nav_00039,pp_nav_00054,navigable,False
pp_nav_00039,pustozersk,navigable,True
pp_nav_00040,pp_nav_00050,navigable,False
pp_nav_00040,jigansk,navigable,True
pp_nav_00040,kystatyam,navigable,True
pp_nav_00041,shchuchya,navigable,True
pp_nav_00042,pp_nav_00044,navigable,False
pp_nav_00042,khantayskoye,navigable,True
pp_nav_00043,pp_nav_00049,improvable,False
pp_nav_00043,shchuchya,navigable,True
pp_nav_00044,pp_nav_00048,navigable,False
pp_nav_00044,khantayskoye,navigable,True
pp_nav_00045,sededema,navigable,True
pp_nav_00046,pp_nav_00052,improvable,False
pp_nav_00046,kittila,improvable,True
pp_nav_00046,rovaniemi,improvable,True
pp_nav_00046,sodankyla,improvable,True
pp_nav_00047,pp_nav_00056,navigable,False
pp_nav_00047,pur,navigable,True
pp_nav_00048,pp_nav_00053,navigable,False
pp_nav_00048,khantayskoye,navigable,True
pp_nav_00049,shchuchya,improvable,True
pp_nav_00049,shuryshkar,improvable,True
pp_nav_00050,jigansk,navigable,True
pp_nav_00050,bakhanay,navigable,True
pp_nav_00050,kystatyam,navigable,True
pp_nav_00051,chalkyitsik,improvable,True
pp_nav_00052,pp_nav_00061,improvable,False
pp_nav_00052,rovaniemi,navigable,True
pp_nav_00053,pp_nav_00060,navigable,False
pp_nav_00053,erachimo,navigable,True
pp_nav_00053,khantayskoye,navigable,True
pp_nav_00054,pustozersk,navigable,True
pp_nav_00055,pp_nav_00069,navigable,False
pp_nav_00055,shuryshkar,navigable,True
pp_nav_00056,pp_nav_00070,navigable,False
pp_nav_00056,pur,navigable,True
pp_nav_00057,pp_nav_00072,navigable,False
pp_nav_00057,mackenzie,navigable,True
pp_nav_00057,good_hope,navigable,True
pp_nav_00058,shuryshkar,navigable,True
pp_nav_00059,tala_kyuyel,navigable,True
pp_nav_00060,pp_nav_00068,improvable,False
pp_nav_00060,pp_nav_00071,navigable,False
pp_nav_00060,erachimo,navigable,True
pp_nav_00060,turukhansk,navigable,True
pp_nav_00061,rovaniemi,improvable,True
pp_nav_00062,pp_nav_00063,improvable,False
pp_nav_00062,pp_nav_00068,improvable,False
pp_nav_00062,erachimo,improvable,True
pp_nav_00063,erachimo,navigable,True
pp_nav_00064,bodebyn,improvable,True
pp_nav_00064,branna,improvable,True
pp_nav_00065,pp_nav_00075,improvable,False
pp_nav_00065,tala_kyuyel,navigable,True
pp_nav_00065,ziryanka,navigable,True
pp_nav_00065,utaya,navigable,True
pp_nav_00066,barents_sea10,navigable,False
pp_nav_00066,okladnikova_sloboda,navigable,True
pp_nav_00067,pravaya_khetta,navigable,True
pp_nav_00068,erachimo,improvable,True
pp_nav_00068,turukhansk,improvable,True
pp_nav_00069,shuryshkar,navigable,True
pp_nav_00070,yevoyakha,navigable,True
pp_nav_00070,pur,navigable,True
pp_nav_00071,pp_nav_00083,navigable,False
pp_nav_00071,erachimo,navigable,True
pp_nav_00071,turukhansk,navigable,True
pp_nav_00072,good_hope,navigable,True
pp_nav_00073,pp_nav_00078,improvable,False
pp_nav_00073,rampart,navigable,True
pp_nav_00073,allakaket,navigable,True
pp_nav_00074,pp_nav_00080,improvable,False
pp_nav_00074,circle,navigable,True
pp_nav_00075,ziryanka,improvable,True
pp_nav_00076,voikar,navigable,True
pp_nav_00077,ust_tsilma,navigable,True
pp_nav_00078,pp_nav_00082,improvable,False
pp_nav_00078,rampart,improvable,True
pp_nav_00078,tanana,improvable,True
pp_nav_00078,allakaket,improvable,True
pp_nav_00079,pechora,navigable,True
pp_nav_00080,circle,improvable,True
pp_nav_00081,pp_nav_00094,navigable,False
pp_nav_00081,voikar,navigable,True
pp_nav_00082,pp_nav_00086,barrier,False
pp_nav_00082,grant_creek,navigable,True
pp_nav_00082,tanana,navigable,True
pp_nav_00083,pp_nav_00101,navigable,False
pp_nav_00083,turukhansk,navigable,True
pp_nav_00084,pp_nav_00086,barrier,False
pp_nav_00084,pp_nav_00087,navigable,False
pp_nav_00084,grant_creek,navigable,True
pp_nav_00085,pechora,navigable,True
pp_nav_00086,grant_creek,barrier,True
pp_nav_00086,tanana,barrier,True
pp_nav_00087,grant_creek,navigable,True
pp_nav_00087,birches,navigable,True
pp_nav_00088,keelivtyn,navigable,True
pp_nav_00089,pp_nav_00102,navigable,False
pp_nav_00089,voikar,navigable,True
pp_nav_00089,zazhimchar,navigable,True
pp_nav_00090,koyukuk,navigable,True
pp_nav_00091,pp_nav_00093,improvable,False
pp_nav_00091,mahony,improvable,True
pp_nav_00092,rampart,navigable,True
pp_nav_00092,tanana,navigable,True
pp_nav_00093,mahony,improvable,True
pp_nav_00094,voikar,navigable,True
pp_nav_00094,kunovat,navigable,True
pp_nav_00095,birches,barrier,True
pp_nav_00096,pp_nav_00104,navigable,False
pp_nav_00096,tulita,navigable,True
pp_nav_00096,mahony,navigable,True
pp_nav_00097,pp_nav_00103,improvable,False
pp_nav_00097,glukharinyi,navigable,True
pp_nav_00098,koyukuk,navigable,True
pp_nav_00099,chena,navigable,True
pp_nav_00100,chena,improvable,True
pp_nav_00101,pp_nav_00110,navigable,False
pp_nav_00101,inbatskoye,navigable,True
pp_nav_00101,turukhansk,navigable,True
pp_nav_00102,pp_nav_00108,navigable,False
pp_nav_00102,zazhimchar,navigable,True
pp_nav_00102,kunovat,navigable,True
pp_nav_00103,glukharinyi,improvable,True
pp_nav_00104,tulita,navigable,True
pp_nav_00104,mahony,navigable,True
pp_nav_00105,salcha,improvable,True
pp_nav_00106,pp_nav_00115,navigable,False
pp_nav_00106,vukyl,navigable,True
pp_nav_00106,pechora,navigable,True
pp_nav_00107,pp_nav_00118,improvable,False
pp_nav_00107,blackwater,navigable,True
pp_nav_00107,tulita,navigable,True
pp_nav_00108,zazhimchar,navigable,True
pp_nav_00108,beryozovo,navigable,True
pp_nav_00109,arkhangelsk,navigable,True
pp_nav_00110,inbatskoye,navigable,True
pp_nav_00111,turu,navigable,True
pp_nav_00112,zazhimchar,navigable,True
pp_nav_00112,beryozovo,navigable,True
pp_nav_00113,pp_nav_00126,navigable,False
pp_nav_00113,ust_pinega,navigable,True
pp_nav_00113,kholmogory,navigable,True
pp_nav_00114,pp_nav_00124,improvable,False
pp_nav_00114,kaltag,improvable,True
pp_nav_00114,ungaliq,improvable,True
pp_nav_00115,pp_nav_00123,navigable,False
pp_nav_00115,vukyl,navigable,True
pp_nav_00115,pechora,navigable,True
pp_nav_00116,pp_nav_00128,navigable,False
pp_nav_00116,inbatskoye,navigable,True
pp_nav_00117,ulakhan_kyuyol,navigable,True
pp_nav_00118,blackwater,improvable,True
pp_nav_00119,bonanza,navigable,True
pp_nav_00119,upper_yukon,navigable,True
pp_nav_00120,pp_nav_00122,navigable,False
pp_nav_00120,khampa,navigable,True
pp_nav_00120,balagachchy,navigable,True
pp_nav_00121,inner_onega_bay,navigable,False
pp_nav_00121,pp_nav_00129,navigable,False
pp_nav_00121,village_onega,navigable,True
pp_nav_00121,nyonoksa,navigable,True
pp_nav_00122,seyat,navigable,True
pp_nav_00122,balagachchy,navigable,True
pp_nav_00123,pp_nav_00130,improvable,False
pp_nav_00123,vukyl,navigable,True
pp_nav_00124,pp_nav_00140,navigable,False
pp_nav_00124,kaltag,navigable,True
pp_nav_00124,ungaliq,navigable,True
pp_nav_00124,grayling,navigable,True
pp_nav_00125,pp_nav_00136,navigable,False
pp_nav_00125,sumgut_vosh,navigable,True
pp_nav_00125,beryozovo,navigable,True
pp_nav_00126,pp_nav_00133,navigable,False
pp_nav_00126,kholmogory,navigable,True
pp_nav_00126,siya,navigable,True
pp_nav_00127,pp_nav_00132,navigable,False
pp_nav_00127,khoro,navigable,True
pp_nav_00127,terbyas,navigable,True
pp_nav_00127,vilyuy,navigable,True
pp_nav_00128,inbatskoye,navigable,True
pp_nav_00129,pp_nav_00138,navigable,False
pp_nav_00129,malye_oserki,navigable,True
pp_nav_00129,village_onega,navigable,True
pp_nav_00129,nyonoksa,navigable,True
pp_nav_00130,pp_nav_00142,improvable,False
pp_nav_00130,vukyl,improvable,True
pp_nav_00131,bonanza,navigable,True
pp_nav_00132,pp_nav_00134,navigable,False
pp_nav_00132,khoro,navigable,True
pp_nav_00132,terbyas,navigable,True
pp_nav_00132,byuteydyakh,navigable,True
pp_nav_00133,pp_nav_00155,navigable,False
pp_nav_00133,siya,navigable,True
pp_nav_00134,pp_nav_00137,navigable,False
pp_nav_00134,byuteydyakh,navigable,True
pp_nav_00135,pp_nav_00139,navigable,False
pp_nav_00135,pp_nav_00145,navigable,False
pp_nav_00135,batamay,navigable,True
pp_nav_00135,segyan_kyuyol,navigable,True
pp_nav_00136,pp_nav_00151,navigable,False
pp_nav_00136,sumgut_vosh,navigable,True
pp_nav_00137,ynakhsyt,navigable,True
pp_nav_00137,byuteydyakh,navigable,True
pp_nav_00138,malye_oserki,navigable,True
pp_nav_00139,pp_nav_00146,navigable,False
pp_nav_00139,kele,navigable,True
pp_nav_00139,batamay,navigable,True
pp_nav_00139,segyan_kyuyol,navigable,True
pp_nav_00140,unalakleet,navigable,True
pp_nav_00140,grayling,navigable,True
pp_nav_00141,pp_nav_00147,navigable,False
pp_nav_00141,pp_nav_00152,navigable,False
pp_nav_00141,barayy,navigable,True
pp_nav_00141,tukulan,navigable,True
pp_nav_00142,pp_nav_00153,navigable,False
pp_nav_00142,vukyl,navigable,True
pp_nav_00143,wrigley,navigable,True
pp_nav_00144,pp_nav_00156,navigable,False
pp_nav_00144,inbatskoye,navigable,True
pp_nav_00144,verkhneimbatsk,navigable,True
pp_nav_00145,pp_nav_00160,navigable,False
pp_nav_00145,kele,navigable,True
pp_nav_00145,batamay,navigable,True
pp_nav_00145,khatas,navigable,True
pp_nav_00146,kele,navigable,True
pp_nav_00147,tukulan,navigable,True
pp_nav_00148,pp_nav_00150,improvable,False
pp_nav_00148,ynakhsyt,improvable,True
pp_nav_00148,niurba,improvable,True
pp_nav_00149,yemetsk,navigable,True
pp_nav_00149,siya,navigable,True
pp_nav_00150,pp_nav_00169,navigable,False
pp_nav_00150,bysyttakh,navigable,True
pp_nav_00150,niurba,navigable,True
pp_nav_00151,pp_nav_00167,navigable,False
pp_nav_00151,sumgut_vosh,navigable,True
pp_nav_00151,kaltysyany,navigable,True
pp_nav_00152,pp_nav_00157,improvable,False
pp_nav_00152,barayy,navigable,True
pp_nav_00153,pp_nav_00166,navigable,False
pp_nav_00153,vukyl,navigable,True
pp_nav_00153,troitsko_pechorsk,navigable,True
pp_nav_00154,anundsjo,navigable,True
pp_nav_00154,solatunum,navigable,True
pp_nav_00155,pp_nav_00164,navigable,False
pp_nav_00155,siya,navigable,True
pp_nav_00155,ust_vayenga,navigable,True
pp_nav_00156,pp_nav_00171,navigable,False
pp_nav_00156,verkhneimbatsk,navigable,True
pp_nav_00157,uyana,improvable,True
pp_nav_00157,pp_nav_00168,improvable,False
pp_nav_00157,barayy,improvable,True
pp_nav_00157,bulun,improvable,True
pp_nav_00158,donjek,navigable,True
pp_nav_00158,pp_nav_00165,navigable,False
pp_nav_00159,maymaga,navigable,True
pp_nav_00159,khatas,navigable,True
pp_nav_00160,pp_nav_00180,navigable,False
pp_nav_00160,khatas,navigable,True
pp_nav_00161,buiunda,improvable,True
pp_nav_00161,seymchan,improvable,True
pp_nav_00162,nunam_iqua_cove,navigable,False
pp_nav_00162,imangaq,navigable,True
pp_nav_00163,wrigley,navigable,True
pp_nav_00164,ust_vayenga,navigable,True
pp_nav_00164,sogra,navigable,True
pp_nav_00165,donjek,navigable,True
pp_nav_00165,pp_nav_00170,navigable,False
pp_nav_00165,hucha_hudan,navigable,True
pp_nav_00166,troitsko_pechorsk,navigable,True
pp_nav_00167,pp_nav_00178,navigable,False
pp_nav_00167,karymkary,navigable,True
pp_nav_00167,kaltysyany,navigable,True
pp_nav_00167,vezhakary,navigable,True
pp_nav_00168,uyana,navigable,True
pp_nav_00168,udamik,navigable,True
pp_nav_00169,arangastakh,navigable,True
pp_nav_00169,elgyai,navigable,True
pp_nav_00169,bysyttakh,navigable,True
pp_nav_00170,pp_nav_00174,improvable,False
pp_nav_00170,hucha_hudan,navigable,True
pp_nav_00171,pp_nav_00185,navigable,False
pp_nav_00171,verkhneimbatsk,navigable,True
pp_nav_00172,kysyl_syr,navigable,True
pp_nav_00172,maymaga,navigable,True
pp_nav_00172,khatas,navigable,True
pp_nav_00173,buiunda,improvable,True
pp_nav_00173,pp_nav_00179,improvable,False
pp_nav_00173,seymchan,improvable,True
pp_nav_00174,pp_nav_00184,improvable,False
pp_nav_00174,hucha_hudan,improvable,True
pp_nav_00174,carmacks,improvable,True
pp_nav_00175,khandyga,navigable,True
pp_nav_00175,udamik,navigable,True
pp_nav_00176,pp_nav_00186,navigable,False
pp_nav_00176,sogra,navigable,True
pp_nav_00177,seymchan,navigable,True
pp_nav_00178,pp_nav_00187,navigable,False
pp_nav_00178,nazym,navigable,True
pp_nav_00178,karymkary,navigable,True
pp_nav_00179,seymchan,improvable,True
pp_nav_00180,pp_nav_00192,navigable,False
pp_nav_00180,kysyl_syr,navigable,True
pp_nav_00180,chiryapchi,navigable,True
pp_nav_00180,khatas,navigable,True
pp_nav_00181,pp_nav_00193,improvable,False
pp_nav_00181,khandyga,navigable,True
pp_nav_00181,zhebariki_khaya,navigable,True
pp_nav_00182,deloy_ges,navigable,True
pp_nav_00183,wrigley,navigable,True
pp_nav_00184,pp_nav_00194,improvable,False
pp_nav_00184,pelly_faro,navigable,True
pp_nav_00184,carmacks,navigable,True
pp_nav_00185,pp_nav_00197,navigable,False
pp_nav_00185,bakhtinsky,navigable,True
pp_nav_00185,verkhneimbatsk,navigable,True
pp_nav_00186,nizhnyaya_toyma,navigable,True
pp_nav_00186,sogra,navigable,True
pp_nav_00187,nazym,navigable,True
pp_nav_00188,pp_nav_00202,navigable,False
pp_nav_00188,verkhnyaya_toyma,navigable,True
pp_nav_00188,nizhnyaya_toyma,navigable,True
pp_nav_00189,pp_nav_00201,improvable,False
pp_nav_00189,nazym,improvable,True
pp_nav_00189,bardak,improvable,True
pp_nav_00190,pp_nav_00191,navigable,False
pp_nav_00190,pp_nav_00195,navigable,False
pp_nav_00190,zheshart,navigable,True
pp_nav_00190,ust_vym,navigable,True
pp_nav_00191,pp_nav_00199,navigable,False
pp_nav_00191,ust_sysola,navigable,True
pp_nav_00191,zheshart,navigable,True
pp_nav_00191,ust_vym,navigable,True
pp_nav_00192,pp_nav_00211,navigable,False
pp_nav_00192,kysyl_syr,navigable,True
pp_nav_00192,zhatai,navigable,True
pp_nav_00192,khatas,navigable,True
pp_nav_00193,pp_nav_00206,improvable,False
pp_nav_00193,khandyga,improvable,True
pp_nav_00193,chymnaii,improvable,True
pp_nav_00193,zhebariki_khaya,improvable,True
pp_nav_00194,pp_nav_00198,improvable,False
pp_nav_00194,pelly_faro,improvable,True
pp_nav_00194,carmacks,improvable,True
pp_nav_00195,zheshart,navigable,True
pp_nav_00196,mayya,navigable,True
pp_nav_00196,zhatai,navigable,True
pp_nav_00196,tomtor,navigable,True
pp_nav_00197,pp_nav_00210,navigable,False
pp_nav_00197,bakhtinsky,navigable,True
pp_nav_00198,pelly_faro,navigable,True
pp_nav_00199,ust_sysola,navigable,True
pp_nav_00199,ust_vym,navigable,True
pp_nav_00200,krasny_bor,navigable,True
pp_nav_00200,voznesenskoye,navigable,True
pp_nav_00200,verkhnyaya_toyma,navigable,True
pp_nav_00200,nizhnyaya_toyma,navigable,True
pp_nav_00201,yendyr,improvable,True
pp_nav_00201,bardak,improvable,True
pp_nav_00202,verkhnyaya_toyma,navigable,True
pp_nav_00203,kuzmovka,navigable,True
pp_nav_00204,pp_nav_00219,improvable,False
pp_nav_00204,yarensk,navigable,True
pp_nav_00205,pp_nav_00220,improvable,False
pp_nav_00205,fort_simpson,improvable,True
pp_nav_00206,pp_nav_00215,navigable,False
pp_nav_00206,khanda,navigable,True
pp_nav_00206,chymnaii,navigable,True
pp_nav_00207,pp_nav_00214,barrier,False
pp_nav_00207,poligus,navigable,True
pp_nav_00208,tovisq_ol,barrier,True
pp_nav_00209,pelly_faro,barrier,True
pp_nav_00210,pp_nav_00212,navigable,False
pp_nav_00210,pp_nav_00217,navigable,False
pp_nav_00210,bakhtinsky,navigable,True
pp_nav_00211,pp_nav_00223,navigable,False
pp_nav_00211,tyokhtyur,navigable,True
pp_nav_00211,zhatai,navigable,True
pp_nav_00212,kuzmovka,navigable,True
pp_nav_00212,bakhtinsky,navigable,True
pp_nav_00213,jean_marie_river,improvable,True
pp_nav_00214,pp_nav_00224,barrier,False
pp_nav_00214,poligus,barrier,True
pp_nav_00214,baykit,barrier,True
pp_nav_00215,khanda,navigable,True
pp_nav_00216,pp_nav_00228,navigable,False
pp_nav_00216,verkhnyaya_toyma,navigable,True
pp_nav_00216,uftyuga,navigable,True
pp_nav_00217,pp_nav_00227,navigable,False
pp_nav_00217,bakhtinsky,navigable,True
pp_nav_00217,siberia_bor,navigable,True
pp_nav_00218,yendyr,navigable,True
pp_nav_00219,yarensk,improvable,True
pp_nav_00219,uftyuga,improvable,True
pp_nav_00220,pp_nav_00225,improvable,False
pp_nav_00220,fort_simpson,improvable,True
pp_nav_00221,kakisa,navigable,True
pp_nav_00222,pp_nav_00242,improvable,False
pp_nav_00222,klutina,improvable,True
pp_nav_00222,chitina,improvable,True
pp_nav_00223,pp_nav_00232,navigable,False
pp_nav_00223,tyokhtyur,navigable,True
pp_nav_00223,charang,navigable,True
pp_nav_00224,baykit,navigable,True
pp_nav_00225,fort_simpson,navigable,True
pp_nav_00226,kakisa,navigable,True
pp_nav_00226,tucho,navigable,True
pp_nav_00227,pp_nav_00254,navigable,False
pp_nav_00227,siberia_bor,navigable,True
pp_nav_00227,sulomay,navigable,True
pp_nav_00228,pp_nav_00255,navigable,False
pp_nav_00228,veliky_ustyug,navigable,True
pp_nav_00228,koryazhma,navigable,True
pp_nav_00228,uftyuga,navigable,True
pp_nav_00228,pyras,navigable,True
pp_nav_00229,irtysh,navigable,True
pp_nav_00230,pp_nav_00233,navigable,False
pp_nav_00230,surgut,navigable,True
pp_nav_00231,kakisa,navigable,True
pp_nav_00231,jean_marie_river,navigable,True
pp_nav_00232,pp_nav_00238,navigable,False
pp_nav_00232,tit_ary,navigable,True
pp_nav_00232,ulakhan_an,navigable,True
pp_nav_00232,charang,navigable,True
pp_nav_00233,pp_nav_00235,navigable,False
pp_nav_00233,surgut,navigable,True
pp_nav_00234,yendyr,navigable,True
pp_nav_00234,irtysh,navigable,True
pp_nav_00235,pp_nav_00236,navigable,False
pp_nav_00235,surgut,navigable,True
pp_nav_00236,pp_nav_00239,navigable,False
pp_nav_00236,surgut,navigable,True
pp_nav_00236,megion,navigable,True
pp_nav_00237,pp_nav_00249,navigable,False
pp_nav_00237,yendyr,navigable,True
pp_nav_00237,irtysh,navigable,True
pp_nav_00238,pp_nav_00244,navigable,False
pp_nav_00238,tit_ary,navigable,True
pp_nav_00238,yedey,navigable,True
pp_nav_00239,pp_nav_00245,navigable,False
pp_nav_00239,megion,navigable,True
pp_nav_00240,pp_nav_00250,navigable,False
pp_nav_00240,megion,navigable,True
pp_nav_00241,tumul,navigable,True
pp_nav_00241,pp_nav_00259,navigable,False
pp_nav_00242,pp_nav_00260,navigable,False
pp_nav_00242,chitina,navigable,True
pp_nav_00243,pp_nav_00248,improvable,False
pp_nav_00243,ostrechiny,navigable,True
pp_nav_00244,pp_nav_00252,improvable,False
pp_nav_00244,yedey,navigable,True
pp_nav_00245,pp_nav_00250,navigable,False
pp_nav_00245,megion,navigable,True
pp_nav_00246,turama,navigable,True
pp_nav_00247,korela,navigable,True
pp_nav_00247,jaskis,navigable,True
pp_nav_00248,pp_nav_00251,improvable,False
pp_nav_00248,ostrechiny,improvable,True
pp_nav_00248,vazhiny,improvable,True
pp_nav_00249,pp_nav_00257,navigable,False
pp_nav_00249,irtysh,navigable,True
pp_nav_00250,pp_nav_00261,navigable,False
pp_nav_00250,upper_ob,navigable,True
pp_nav_00250,megion,navigable,True
pp_nav_00251,lodenoye_pole,navigable,True
pp_nav_00251,vazhiny,navigable,True
pp_nav_00251,olonets,navigable,True
pp_nav_00252,yedey,improvable,True
pp_nav_00253,pp_nav_00267,navigable,False
pp_nav_00253,klewi,navigable,True
pp_nav_00253,tu_nedhe,navigable,True
pp_nav_00254,pp_nav_00275,navigable,False
pp_nav_00254,selo_yartsevo,navigable,True
pp_nav_00254,sulomay,navigable,True
pp_nav_00255,veliky_ustyug,navigable,True
pp_nav_00256,nahanni,navigable,True
pp_nav_00257,pp_nav_00273,navigable,False
pp_nav_00257,yukonda,navigable,True
pp_nav_00257,irtysh,navigable,True
pp_nav_00258,pp_nav_00262,navigable,False
pp_nav_00258,pp_nav_00263,navigable,False
pp_nav_00258,lensk,navigable,True
pp_nav_00258,nyuya,navigable,True
pp_nav_00258,chamcha,navigable,True
pp_nav_00259,tumul,navigable,True
pp_nav_00259,pp_nav_00274,navigable,False
pp_nav_00259,eldikan,navigable,True
pp_nav_00260,daxunhyuu,navigable,True
pp_nav_00260,chitina,navigable,True
pp_nav_00261,pp_nav_00269,navigable,False
pp_nav_00261,upper_ob,navigable,True
pp_nav_00262,pp_nav_00276,navigable,False
pp_nav_00262,lensk,navigable,True
pp_nav_00262,chamcha,navigable,True
pp_nav_00263,pp_nav_00272,improvable,False
pp_nav_00263,nyuya,navigable,True
pp_nav_00264,pp_nav_00281,improvable,False
pp_nav_00264,nahanni,improvable,True
pp_nav_00265,pp_nav_00268,navigable,False
pp_nav_00265,sanyyakhtakh,navigable,True
pp_nav_00266,pp_nav_00270,navigable,False
pp_nav_00266,pp_nav_00271,improvable,False
pp_nav_00266,balagannakh,navigable,True
pp_nav_00267,pp_nav_00278,navigable,False
pp_nav_00267,klewi,navigable,True
pp_nav_00267,deskenetlata,navigable,True
pp_nav_00268,pp_nav_00270,navigable,False
pp_nav_00268,sanyyakhtakh,navigable,True
pp_nav_00268,marxa,navigable,True
pp_nav_00269,pp_nav_00277,navigable,False
pp_nav_00269,upper_ob,navigable,True
pp_nav_00270,marxa,navigable,True
pp_nav_00270,balagannakh,navigable,True
pp_nav_00271,pp_nav_00279,improvable,False
pp_nav_00271,yunkyur,improvable,True
pp_nav_00271,balagannakh,improvable,True
pp_nav_00271,olekma,improvable,True
pp_nav_00272,pp_nav_00283,improvable,False
pp_nav_00272,tinnaya,improvable,True
pp_nav_00272,nyuya,improvable,True
pp_nav_00273,pp_nav_00284,navigable,False
pp_nav_00273,yukonda,navigable,True
pp_nav_00273,irtysh,navigable,True
pp_nav_00274,eldikan,navigable,True
pp_nav_00274,ust_maia,navigable,True
pp_nav_00275,sulomay,navigable,True
pp_nav_00276,khamra,navigable,True
pp_nav_00276,pp_nav_00288,navigable,False
pp_nav_00276,lensk,navigable,True
pp_nav_00277,pp_nav_00286,navigable,False
pp_nav_00277,upper_ob,navigable,True
pp_nav_00278,pp_nav_00287,navigable,False
pp_nav_00278,klewi,navigable,True
pp_nav_00279,pp_nav_00282,navigable,False
pp_nav_00279,yunkyur,navigable,True
pp_nav_00280,pp_nav_00290,navigable,False
pp_nav_00280,tis_reka,navigable,True
pp_nav_00280,sulomay,navigable,True
pp_nav_00281,pp_nav_00294,improvable,False
pp_nav_00281,nahanni,improvable,True
pp_nav_00281,ford_liard,improvable,True
pp_nav_00282,pp_nav_00291,improvable,False
pp_nav_00282,yunkyur,navigable,True
pp_nav_00282,daban,navigable,True
pp_nav_00283,pp_nav_00297,navigable,False
pp_nav_00283,macha,navigable,True
pp_nav_00283,tinnaya,navigable,True
pp_nav_00283,patom,navigable,True
pp_nav_00284,pp_nav_00299,navigable,False
pp_nav_00284,yukonda,navigable,True
pp_nav_00284,irtysh,navigable,True
pp_nav_00285,pp_nav_00303,improvable,False
pp_nav_00285,kongsvinger,navigable,True
pp_nav_00285,trogstad,navigable,True
pp_nav_00285,hamar,navigable,True
pp_nav_00285,ski,navigable,True
pp_nav_00285,eidsvoll,navigable,True
pp_nav_00286,upper_ob,navigable,True
pp_nav_00287,pp_nav_00298,navigable,False
pp_nav_00287,klewi,navigable,True
pp_nav_00287,tethul,navigable,True
pp_nav_00288,khamra,navigable,True
pp_nav_00288,pp_nav_00302,navigable,False
pp_nav_00289,pp_nav_00293,improvable,False
pp_nav_00289,pp_nav_00295,barrier,False
pp_nav_00289,ozanna,navigable,True
pp_nav_00290,pp_nav_00311,navigable,False
pp_nav_00290,tis_reka,navigable,True
pp_nav_00290,nazimovo,navigable,True
pp_nav_00291,pp_nav_00297,improvable,False
pp_nav_00291,macha,improvable,True
pp_nav_00291,daban,improvable,True
pp_nav_00292,oreshek,improvable,True
pp_nav_00292,neva,improvable,True
pp_nav_00293,tyagacho,improvable,True
pp_nav_00293,ozanna,improvable,True
pp_nav_00294,ford_liard,improvable,True
pp_nav_00295,pp_nav_00305,barrier,False
pp_nav_00295,ozanna,barrier,True
pp_nav_00296,pp_nav_00314,navigable,False
pp_nav_00296,solikamsk,navigable,True
pp_nav_00296,usolye,navigable,True
pp_nav_00296,cherdyn,navigable,True
pp_nav_00297,macha,navigable,True
pp_nav_00298,tethul,navigable,True
pp_nav_00299,pp_nav_00306,navigable,False
pp_nav_00299,turtas,navigable,True
pp_nav_00299,yukonda,navigable,True
pp_nav_00299,irtysh,navigable,True
pp_nav_00300,pp_nav_00312,navigable,False
pp_nav_00300,upper_ob,navigable,True
pp_nav_00301,tis_reka,navigable,True
pp_nav_00301,nazimovo,navigable,True
pp_nav_00301,selo_yartsevo,navigable,True
pp_nav_00302,khamra,navigable,True
pp_nav_00302,pp_nav_00308,navigable,False
pp_nav_00302,peledui,navigable,True
pp_nav_00303,pp_nav_00319,improvable,False
pp_nav_00303,moss,improvable,True
pp_nav_00303,trogstad,improvable,True
pp_nav_00303,ski,improvable,True
pp_nav_00304,ford_liard,improvable,True
pp_nav_00305,pp_nav_00313,improvable,False
pp_nav_00305,ozanna,improvable,True
pp_nav_00305,tsay_iona,improvable,True
pp_nav_00306,turtas,navigable,True
pp_nav_00306,yukonda,navigable,True
pp_nav_00307,ford_liard,navigable,True
pp_nav_00308,pp_nav_00317,navigable,False
pp_nav_00308,pp_nav_00321,navigable,False
pp_nav_00308,peledui,navigable,True
pp_nav_00308,witym,navigable,True
pp_nav_00308,vitim,navigable,True
pp_nav_00309,pp_nav_00322,navigable,False
pp_nav_00309,akokpaq,navigable,True
pp_nav_00310,staraya_ladoga,navigable,True
pp_nav_00310,pp_nav_00329,navigable,False
pp_nav_00310,lyuban,navigable,True
pp_nav_00310,chudovo,navigable,True
pp_nav_00310,soltsy_kirishi,navigable,True
pp_nav_00311,pp_nav_00327,navigable,False
pp_nav_00311,tis_reka,navigable,True
pp_nav_00311,kiya,navigable,True
pp_nav_00312,upper_ob,navigable,True
pp_nav_00313,pp_nav_00316,navigable,False
pp_nav_00313,tsay_iona,navigable,True
pp_nav_00314,pp_nav_00324,navigable,False
pp_nav_00314,solikamsk,navigable,True
pp_nav_00314,usolye,navigable,True
pp_nav_00314,kizel,navigable,True
pp_nav_00315,upper_ob,navigable,True
pp_nav_00316,tsay_iona,navigable,True
pp_nav_00317,pp_nav_00334,navigable,False
pp_nav_00317,witym,navigable,True
pp_nav_00318,gunaaxoo,improvable,True
pp_nav_00318,yaakwdaat,improvable,True
pp_nav_00319,borg,navigable,True
pp_nav_00319,moss,navigable,True
pp_nav_00320,pp_nav_00332,navigable,False
pp_nav_00320,turtas,navigable,True
pp_nav_00321,pp_nav_00326,navigable,False
pp_nav_00321,vitim,navigable,True
pp_nav_00322,pp_nav_00328,navigable,False
pp_nav_00322,akokpaq,navigable,True
pp_nav_00322,aguyaq,navigable,True
pp_nav_00323,pp_nav_00331,navigable,False
pp_nav_00323,tethul,navigable,True
pp_nav_00323,kai_theli_ke_hot_inne,navigable,True
pp_nav_00324,yusva,navigable,True
pp_nav_00324,usolye,navigable,True
pp_nav_00324,dobryanka,navigable,True
pp_nav_00325,upper_ob,navigable,True
pp_nav_00326,pp_nav_00337,improvable,False
pp_nav_00326,vitim,navigable,True
pp_nav_00326,yukte,navigable,True
pp_nav_00327,kiya,navigable,True
pp_nav_00328,kvichak_bay,navigable,False
pp_nav_00328,igushiq,navigable,True
pp_nav_00328,aguyaq,navigable,True
pp_nav_00329,pp_nav_00345,navigable,False
pp_nav_00329,chudovo,navigable,True
pp_nav_00330,pp_nav_00339,improvable,False
pp_nav_00330,mikkwa,improvable,True
pp_nav_00330,kai_theli_ke_hot_inne,improvable,True
pp_nav_00331,kai_theli_ke_hot_inne,navigable,True
pp_nav_00332,pp_nav_00342,navigable,False
pp_nav_00332,turtas,navigable,True
pp_nav_00332,qashliq,navigable,True
pp_nav_00333,pp_nav_00340,navigable,False
pp_nav_00333,kiya,navigable,True
pp_nav_00333,yeniseysk,navigable,True
pp_nav_00333,kamensk,navigable,True
pp_nav_00334,witym,navigable,True
pp_nav_00335,pp_nav_00336,navigable,False
pp_nav_00335,pp_nav_00343,navigable,False
pp_nav_00335,kezhma,navigable,True
pp_nav_00336,kezhma,navigable,True
pp_nav_00337,pp_nav_00347,improvable,False
pp_nav_00337,yukte,improvable,True
pp_nav_00338,pp_nav_00356,navigable,False
pp_nav_00338,chyormoz,navigable,True
pp_nav_00338,yusva,navigable,True
pp_nav_00338,dobryanka,navigable,True
pp_nav_00339,pp_nav_00346,navigable,False
pp_nav_00339,mikkwa,navigable,True
pp_nav_00340,yeniseysk,navigable,True
pp_nav_00340,kamensk,navigable,True
pp_nav_00341,pp_nav_00368,improvable,False
pp_nav_00341,kezhma,navigable,True
pp_nav_00341,lower_angara,navigable,True
pp_nav_00342,pp_nav_00359,navigable,False
pp_nav_00342,qashliq,navigable,True
pp_nav_00343,kezhma,navigable,True
pp_nav_00343,upper_angara,navigable,True
pp_nav_00344,pp_nav_00348,navigable,False
pp_nav_00344,pp_nav_00350,navigable,False
pp_nav_00344,yarkino,navigable,True
pp_nav_00344,upper_angara,navigable,True
pp_nav_00345,novgorod,navigable,True
pp_nav_00345,chudovo,navigable,True
pp_nav_00345,golino,navigable,True
pp_nav_00346,pp_nav_00358,improvable,False
pp_nav_00346,mikkwa,navigable,True
pp_nav_00347,pp_nav_00349,navigable,False
pp_nav_00347,yukte,navigable,True
pp_nav_00347,nikolsky_pogost,navigable,True
pp_nav_00348,pp_nav_00363,barrier,False
pp_nav_00348,upper_angara,navigable,True
pp_nav_00349,pp_nav_00367,navigable,False
pp_nav_00349,nikolsky_pogost,navigable,True
pp_nav_00349,ichera,navigable,True
pp_nav_00350,pp_nav_00361,improvable,False
pp_nav_00350,yarkino,navigable,True
pp_nav_00351,pp_nav_00352,improvable,False
pp_nav_00351,pp_nav_00360,improvable,False
pp_nav_00351,kamenka,improvable,True
pp_nav_00352,pp_nav_00361,improvable,False
pp_nav_00352,kamenka,navigable,True
pp_nav_00353,pp_nav_00364,navigable,False
pp_nav_00353,kolpashevo,navigable,True
pp_nav_00354,pp_nav_00373,improvable,False
pp_nav_00354,yeniseysk,improvable,True
pp_nav_00354,kamensk,improvable,True
pp_nav_00355,alukpaluk_bay,improvable,False
pp_nav_00355,kangiqsualujjuaq,improvable,True
pp_nav_00356,nytva,navigable,True
pp_nav_00356,chyormoz,navigable,True
pp_nav_00356,dobryanka,navigable,True
pp_nav_00357,pp_nav_00365,navigable,False
pp_nav_00357,wabasca,navigable,True
pp_nav_00358,wabasca,improvable,True
pp_nav_00358,mikkwa,improvable,True
pp_nav_00359,pp_nav_00375,navigable,False
pp_nav_00359,pp_nav_00379,navigable,False
pp_nav_00359,qashliq,navigable,True
pp_nav_00359,tobolsk,navigable,True
pp_nav_00360,pp_nav_00376,navigable,False
pp_nav_00360,kamenka,navigable,True
pp_nav_00360,motygino,navigable,True
pp_nav_00361,kamenka,improvable,True
pp_nav_00361,yarkino,improvable,True
pp_nav_00362,pp_nav_00388,navigable,False
pp_nav_00362,athabasca,navigable,True
pp_nav_00363,upper_angara,barrier,True
pp_nav_00364,pp_nav_00380,navigable,False
pp_nav_00364,kolpashevo,navigable,True
pp_nav_00365,pp_nav_00371,navigable,False
pp_nav_00365,wabasca,navigable,True
pp_nav_00366,pp_nav_00381,navigable,False
pp_nav_00366,koksharov,navigable,True
pp_nav_00366,orlov,navigable,True
pp_nav_00366,verkhoshizhemye,navigable,True
pp_nav_00367,pp_nav_00369,improvable,False
pp_nav_00367,nikolsky_pogost,navigable,True
pp_nav_00367,ichera,navigable,True
pp_nav_00368,pp_nav_00409,improvable,False
pp_nav_00368,reka_tuba,improvable,True
pp_nav_00368,educhanka,improvable,True
pp_nav_00368,lower_angara,improvable,True
pp_nav_00369,pp_nav_00395,improvable,False
pp_nav_00369,nikolsky_pogost,improvable,True
pp_nav_00370,pp_nav_00389,barrier,False
pp_nav_00370,kyakhtinskii,barrier,True
pp_nav_00370,kamniga,barrier,True
pp_nav_00371,wabasca,navigable,True
pp_nav_00372,pp_nav_00405,improvable,False
pp_nav_00372,kangiqsualujjuaq,navigable,True
pp_nav_00372,imaapik,navigable,True
pp_nav_00373,pp_nav_00374,improvable,False
pp_nav_00373,pp_nav_00386,improvable,False
pp_nav_00373,yeniseysk,improvable,True
pp_nav_00373,kamensk,improvable,True
pp_nav_00374,pp_nav_00378,navigable,False
pp_nav_00374,kamensk,navigable,True
pp_nav_00374,motygino,navigable,True
pp_nav_00375,pp_nav_00384,navigable,False
pp_nav_00375,qashliq,navigable,True
pp_nav_00375,tobolsk,navigable,True
pp_nav_00376,pp_nav_00378,navigable,False
pp_nav_00376,motygino,navigable,True
pp_nav_00377,perm,navigable,True
pp_nav_00377,pp_nav_00382,navigable,False
pp_nav_00377,nytva,navigable,True
pp_nav_00377,dobryanka,navigable,True
pp_nav_00378,pp_nav_00404,navigable,False
pp_nav_00378,motygino,navigable,True
pp_nav_00378,pashino,navigable,True
pp_nav_00379,pp_nav_00398,navigable,False
pp_nav_00379,tobolsk,navigable,True
pp_nav_00380,pp_nav_00403,navigable,False
pp_nav_00380,molchanovo,navigable,True
pp_nav_00380,kolpashevo,navigable,True
pp_nav_00381,pp_nav_00408,navigable,False
pp_nav_00381,koksharov,navigable,True
pp_nav_00381,verkhoshizhemye,navigable,True
pp_nav_00382,perm,navigable,True
pp_nav_00382,pp_nav_00397,navigable,False
pp_nav_00382,nytva,navigable,True
pp_nav_00383,konghalla,improvable,True
pp_nav_00383,lodose,improvable,True
pp_nav_00383,utlandet,improvable,True
pp_nav_00384,pp_nav_00387,navigable,False
pp_nav_00384,siberia_abalak,navigable,True
pp_nav_00384,qashliq,navigable,True
pp_nav_00385,kuujjuaq,navigable,True
pp_nav_00386,pp_nav_00416,improvable,False
pp_nav_00386,yeniseysk,navigable,True
pp_nav_00386,kazachinskoye,navigable,True
pp_nav_00386,kamensk,navigable,True
pp_nav_00386,taseyevo,navigable,True
pp_nav_00387,pp_nav_00391,navigable,False
pp_nav_00387,siberia_abalak,navigable,True
pp_nav_00388,pp_nav_00424,navigable,False
pp_nav_00388,athabasca,navigable,True
pp_nav_00388,thilane_hot_ine,navigable,True
pp_nav_00389,pp_nav_00396,navigable,False
pp_nav_00389,kyakhtinskii,navigable,True
pp_nav_00390,koskoak,navigable,True
pp_nav_00390,pp_nav_00412,improvable,False
pp_nav_00390,pp_nav_00417,improvable,False
pp_nav_00390,kuujjuaq,navigable,True
pp_nav_00391,pp_nav_00394,navigable,False
pp_nav_00391,pp_nav_00402,navigable,False
pp_nav_00391,siberia_abalak,navigable,True
pp_nav_00391,vagay,navigable,True
pp_nav_00391,ust_ishim,navigable,True
pp_nav_00392,pp_nav_00419,improvable,False
pp_nav_00392,wabasca,improvable,True
pp_nav_00393,pp_nav_00394,navigable,False
pp_nav_00393,siberia_abalak,navigable,True
pp_nav_00393,vagay,navigable,True
pp_nav_00394,siberia_abalak,navigable,True
pp_nav_00394,vagay,navigable,True
pp_nav_00395,nikolsky_pogost,navigable,True
pp_nav_00396,pp_nav_00400,navigable,False
pp_nav_00396,kyakhtinskii,navigable,True
pp_nav_00397,perm,navigable,True
pp_nav_00397,pp_nav_00422,navigable,False
pp_nav_00397,nytva,navigable,True
pp_nav_00397,okhannoye,navigable,True
pp_nav_00398,tobolsk,navigable,True
pp_nav_00399,pp_nav_00401,navigable,False
pp_nav_00399,pp_nav_00403,navigable,False
pp_nav_00399,molchanovo,navigable,True
pp_nav_00400,kyakhtinskii,navigable,True
pp_nav_00400,bodaybo,navigable,True
pp_nav_00401,pp_nav_00414,navigable,False
pp_nav_00401,pervomayskoye,navigable,True
pp_nav_00401,molchanovo,navigable,True
pp_nav_00402,pp_nav_00410,navigable,False
pp_nav_00402,ust_ishim,navigable,True
pp_nav_00403,pp_nav_00415,navigable,False
pp_nav_00403,molchanovo,navigable,True
pp_nav_00404,pashino,navigable,True
pp_nav_00405,siimitalik,improvable,True
pp_nav_00405,imaapik,improvable,True
pp_nav_00406,pp_nav_00411,navigable,False
pp_nav_00406,yaroslavl,navigable,True
pp_nav_00406,kurba,navigable,True
pp_nav_00406,romanov,navigable,True
pp_nav_00407,pp_nav_00413,navigable,False
pp_nav_00407,yaroslavl,navigable,True
pp_nav_00407,kostroma,navigable,True
pp_nav_00407,danilov,navigable,True
pp_nav_00408,pp_nav_00420,improvable,False
pp_nav_00408,kutarka,navigable,True
pp_nav_00408,nikolsky,navigable,True
pp_nav_00408,verkhoshizhemye,navigable,True
pp_nav_00409,reka_tuba,navigable,True
pp_nav_00409,educhanka,navigable,True
pp_nav_00410,pp_nav_00421,navigable,False
pp_nav_00410,ust_ishim,navigable,True
pp_nav_00411,yaroslavl,navigable,True
pp_nav_00411,nerekhta,navigable,True
pp_nav_00411,kostroma,navigable,True
pp_nav_00411,sol_velikaya,navigable,True
pp_nav_00412,koskoak,improvable,True
pp_nav_00412,kasuswapaskau,improvable,True
pp_nav_00413,pp_nav_00426,improvable,False
pp_nav_00413,pp_nav_00429,improvable,False
pp_nav_00413,nerekhta,navigable,True
pp_nav_00413,yakovlevskoye_bolshoye,navigable,True
pp_nav_00413,kostroma,navigable,True
pp_nav_00414,pp_nav_00438,navigable,False
pp_nav_00414,tomsk,navigable,True
pp_nav_00414,pervomayskoye,navigable,True
pp_nav_00415,pp_nav_00439,navigable,False
pp_nav_00415,tomsk,navigable,True
pp_nav_00415,molchanovo,navigable,True
pp_nav_00415,melnikovo,navigable,True
pp_nav_00416,pp_nav_00440,improvable,False
pp_nav_00416,kazachinskoye,improvable,True
pp_nav_00416,taseyevo,improvable,True
pp_nav_00417,koskoak,improvable,True
pp_nav_00417,pp_nav_00441,improvable,False
pp_nav_00417,kasakaupuyau,improvable,True
pp_nav_00418,kasuswapaskau,navigable,True
pp_nav_00419,pp_nav_00437,improvable,False
pp_nav_00419,mushikitee,improvable,True
pp_nav_00419,wabasca,improvable,True
pp_nav_00420,pp_nav_00431,improvable,False
pp_nav_00420,sernur,improvable,True
pp_nav_00420,kutarka,improvable,True
pp_nav_00420,nikolsky,improvable,True
pp_nav_00421,pp_nav_00425,navigable,False
pp_nav_00421,ust_ishim,navigable,True
pp_nav_00422,perm,navigable,True
pp_nav_00422,pp_nav_00433,navigable,False
pp_nav_00422,kungur,navigable,True
pp_nav_00422,okhannoye,navigable,True
pp_nav_00423,pp_nav_00444,barrier,False
pp_nav_00423,amalyk,navigable,True
pp_nav_00424,pp_nav_00446,navigable,False
pp_nav_00424,thilane_hot_ine,navigable,True
pp_nav_00425,pp_nav_00434,navigable,False
pp_nav_00425,ust_ishim,navigable,True
pp_nav_00426,pp_nav_00427,improvable,False
pp_nav_00426,kostroma,improvable,True
pp_nav_00426,ostrovskoye,improvable,True
pp_nav_00427,pp_nav_00432,navigable,False
pp_nav_00427,kostroma,navigable,True
pp_nav_00427,ostrovskoye,navigable,True
pp_nav_00427,kadyy,navigable,True
pp_nav_00428,siimitalik,barrier,True
pp_nav_00429,pp_nav_00430,improvable,False
pp_nav_00429,yakovlevskoye_bolshoye,improvable,True
pp_nav_00429,kostroma,improvable,True
pp_nav_00430,pp_nav_00436,navigable,False
pp_nav_00430,yakovlevskoye_bolshoye,navigable,True
pp_nav_00430,kostroma,navigable,True
pp_nav_00430,ostrovskoye,navigable,True
pp_nav_00430,yuryev_povolzhsk,navigable,True
pp_nav_00431,urzhum,navigable,True
pp_nav_00431,pp_nav_00443,navigable,False
pp_nav_00431,kilmez,navigable,True
pp_nav_00431,sernur,navigable,True
pp_nav_00431,nikolsky,navigable,True
pp_nav_00431,ural_nema,navigable,True
pp_nav_00432,kadyy,navigable,True
pp_nav_00433,pp_nav_00445,navigable,False
pp_nav_00433,pp_nav_00448,navigable,False
pp_nav_00433,yelovo,navigable,True
pp_nav_00433,osa,navigable,True
pp_nav_00433,okhannoye,navigable,True
pp_nav_00433,chastye,navigable,True
pp_nav_00434,pp_nav_00442,navigable,False
pp_nav_00434,ust_ishim,navigable,True
pp_nav_00434,shish,navigable,True
pp_nav_00435,mistutikumak,navigable,True
pp_nav_00436,pp_nav_00447,navigable,False
pp_nav_00436,korenevo,navigable,True
pp_nav_00436,ostrovskoye,navigable,True
pp_nav_00436,kadyy,navigable,True
pp_nav_00436,yuryev_povolzhsk,navigable,True
pp_nav_00437,pp_nav_00457,navigable,False
pp_nav_00437,mushikitee,navigable,True
pp_nav_00438,tomsk,navigable,True
pp_nav_00438,pervomayskoye,navigable,True
pp_nav_00439,pp_nav_00456,navigable,False
pp_nav_00439,tomsk,navigable,True
pp_nav_00439,melnikovo,navigable,True
pp_nav_00440,pp_nav_00462,improvable,False
pp_nav_00440,yemelyanovo,improvable,True
pp_nav_00440,kazachinskoye,improvable,True
pp_nav_00440,taseyevo,improvable,True
pp_nav_00441,pp_nav_00463,navigable,False
pp_nav_00441,kasakaupuyau,navigable,True
pp_nav_00442,pp_nav_00452,navigable,False
pp_nav_00442,tara,navigable,True
pp_nav_00442,muromtsevo,navigable,True
pp_nav_00442,shish,navigable,True
pp_nav_00443,urzhum,navigable,True
pp_nav_00443,pp_nav_00467,navigable,False
pp_nav_00443,kilmez,navigable,True
pp_nav_00444,pp_nav_00459,barrier,False
pp_nav_00444,amalyk,barrier,True
pp_nav_00444,bodaybo,barrier,True
pp_nav_00445,pp_nav_00455,navigable,False
pp_nav_00445,chastye,navigable,True
pp_nav_00445,votkings,navigable,True
pp_nav_00446,pp_nav_00470,barrier,False
pp_nav_00446,thilane_hot_ine,navigable,True
pp_nav_00447,pp_nav_00471,navigable,False
pp_nav_00447,korenevo,navigable,True
pp_nav_00447,yuryev_povolzhsk,navigable,True
pp_nav_00447,gorodets,navigable,True
pp_nav_00447,vasilyeva_sloboda,navigable,True
pp_nav_00448,pp_nav_00455,navigable,False
pp_nav_00448,yelovo,navigable,True
pp_nav_00448,chastye,navigable,True
pp_nav_00448,votkings,navigable,True
pp_nav_00449,educhanka,navigable,True
pp_nav_00450,pen_islands,improvable,False
pp_nav_00450,machichi,improvable,True
pp_nav_00451,pp_nav_00464,navigable,False
pp_nav_00451,gulf_of_riga,navigable,False
pp_nav_00451,salaspils,navigable,True
pp_nav_00451,riga,navigable,True
pp_nav_00451,koknese,navigable,True
pp_nav_00452,pp_nav_00472,navigable,False
pp_nav_00452,tara,navigable,True
pp_nav_00452,muromtsevo,navigable,True
pp_nav_00453,pervomayskoye,navigable,True
pp_nav_00454,pp_nav_00460,navigable,False
pp_nav_00454,sowunusiske,navigable,True
pp_nav_00455,pp_nav_00461,navigable,False
pp_nav_00455,yelovo,navigable,True
pp_nav_00455,votkings,navigable,True
pp_nav_00455,saygatsky,navigable,True
pp_nav_00456,pp_nav_00465,navigable,False
pp_nav_00456,pp_nav_00468,navigable,False
pp_nav_00456,bolotnye,navigable,True
pp_nav_00456,tomsk,navigable,True
pp_nav_00456,melnikovo,navigable,True
pp_nav_00457,pp_nav_00474,navigable,False
pp_nav_00457,mushikitee,navigable,True
pp_nav_00458,pen_islands,navigable,False
pp_nav_00458,machichi,navigable,True
pp_nav_00458,kanaskipenaski,navigable,True
pp_nav_00459,pp_nav_00473,navigable,False
pp_nav_00459,amalyk,navigable,True
pp_nav_00459,bodaybo,navigable,True
pp_nav_00460,pp_nav_00476,improvable,False
pp_nav_00460,poskatinak,navigable,True
pp_nav_00460,sowunusiske,navigable,True
pp_nav_00461,sarapul,navigable,True
pp_nav_00461,votkings,navigable,True
pp_nav_00461,saygatsky,navigable,True
pp_nav_00462,pp_nav_00478,navigable,False
pp_nav_00462,yemelyanovo,navigable,True
pp_nav_00462,krasnoyarsk,navigable,True
pp_nav_00462,taseyevo,navigable,True
pp_nav_00462,dzerzhinskoye,navigable,True
pp_nav_00463,pp_nav_00482,navigable,False
pp_nav_00463,wayustikw,navigable,True
pp_nav_00463,kasakaupuyau,navigable,True
pp_nav_00464,pp_nav_00469,navigable,False
pp_nav_00464,salaspils,navigable,True
pp_nav_00464,aizkraukle,navigable,True
pp_nav_00464,koknese,navigable,True
pp_nav_00465,pp_nav_00484,navigable,False
pp_nav_00465,bolotnye,navigable,True
pp_nav_00465,tomsk,navigable,True
pp_nav_00466,shtax_heen,navigable,True
pp_nav_00466,taant_a,navigable,True
pp_nav_00467,urzhum,navigable,True
pp_nav_00467,pp_nav_00480,navigable,False
pp_nav_00467,bogatye_saby,navigable,True
pp_nav_00467,kilmez,navigable,True
pp_nav_00467,vyatskiye_polyany,navigable,True
pp_nav_00467,oli_baraza,navigable,True
pp_nav_00468,pp_nav_00496,navigable,False
pp_nav_00468,bolotnye,navigable,True
pp_nav_00468,kozhevnikovo,navigable,True
pp_nav_00468,melnikovo,navigable,True
pp_nav_00469,selpils,navigable,True
pp_nav_00469,aizkraukle,navigable,True
pp_nav_00469,jekabpils,navigable,True
pp_nav_00469,koknese,navigable,True
pp_nav_00470,pp_nav_00475,barrier,False
pp_nav_00470,thilane_hot_ine,barrier,True
pp_nav_00470,sakawyiniw,barrier,True
pp_nav_00471,pp_nav_00483,navigable,False
pp_nav_00471,pp_nav_00487,navigable,False
pp_nav_00471,rastyapino,navigable,True
pp_nav_00471,nizhny_novgorod,navigable,True
pp_nav_00471,gorodets,navigable,True
pp_nav_00471,vasilyeva_sloboda,navigable,True
pp_nav_00472,pp_nav_00491,navigable,False
pp_nav_00472,tara,navigable,True
pp_nav_00472,muromtsevo,navigable,True
pp_nav_00473,pp_nav_00501,improvable,False
pp_nav_00473,kuanda,navigable,True
pp_nav_00473,taksimo,navigable,True
pp_nav_00473,amalyk,navigable,True
pp_nav_00474,pp_nav_00504,barrier,False
pp_nav_00474,mushikitee,navigable,True
pp_nav_00475,thilane_hot_ine,improvable,True
pp_nav_00475,sakawyiniw,improvable,True
pp_nav_00476,pp_nav_00477,improvable,False
pp_nav_00476,poskatinak,improvable,True
pp_nav_00477,anipitapiskow,improvable,True
pp_nav_00477,poskatinak,improvable,True
pp_nav_00478,pp_nav_00508,navigable,False
pp_nav_00478,yemelyanovo,navigable,True
pp_nav_00478,krasnoyarsk,navigable,True
pp_nav_00479,klyuchi,navigable,True
pp_nav_00480,pp_nav_00509,navigable,False
pp_nav_00480,bogatye_saby,navigable,True
pp_nav_00480,vyatskiye_polyany,navigable,True
pp_nav_00481,pp_nav_00490,navigable,False
pp_nav_00481,pp_nav_00494,navigable,False
pp_nav_00481,voskresenskoye,navigable,True
pp_nav_00481,kozmodemyansk,navigable,True
pp_nav_00482,pp_nav_00510,barrier,False
pp_nav_00482,chipisipi,navigable,True
pp_nav_00482,wayustikw,navigable,True
pp_nav_00483,pp_nav_00506,navigable,False
pp_nav_00483,dalneye_konstantinovo,navigable,True
pp_nav_00483,nizhny_novgorod,navigable,True
pp_nav_00483,khakhaly,navigable,True
pp_nav_00484,pp_nav_00517,navigable,False
pp_nav_00484,verkhotomsk,navigable,True
pp_nav_00484,bolotnye,navigable,True
pp_nav_00484,tomsk,navigable,True
pp_nav_00485,pp_nav_00489,improvable,False
pp_nav_00485,klyuchi,navigable,True
pp_nav_00485,kamchatsk,navigable,True
pp_nav_00486,pp_nav_00493,improvable,False
pp_nav_00486,pp_nav_00499,navigable,False
pp_nav_00486,ksituan,navigable,True
pp_nav_00487,pp_nav_00497,navigable,False
pp_nav_00487,rastyapino,navigable,True
pp_nav_00487,nizhny_novgorod,navigable,True
pp_nav_00487,meshchersk,navigable,True
pp_nav_00488,pp_nav_00492,improvable,False
pp_nav_00488,pp_nav_00498,improvable,False
pp_nav_00488,tsa_tinne,navigable,True
pp_nav_00489,kamchatsk,improvable,True
pp_nav_00490,pp_nav_00500,improvable,False
pp_nav_00490,voskresenskoye,navigable,True
pp_nav_00490,raznezhye,navigable,True
pp_nav_00491,pp_nav_00518,navigable,False
pp_nav_00491,gorkovskoye,navigable,True
pp_nav_00491,tara,navigable,True
pp_nav_00491,kolosovka,navigable,True
pp_nav_00491,muromtsevo,navigable,True
pp_nav_00492,pp_nav_00493,improvable,False
pp_nav_00492,chinchaga,improvable,True
pp_nav_00492,tsa_tinne,improvable,True
pp_nav_00493,ksituan,improvable,True
pp_nav_00493,chinchaga,improvable,True
pp_nav_00494,pp_nav_00505,navigable,False
pp_nav_00494,tsivilsk,navigable,True
pp_nav_00494,kozmodemyansk,navigable,True
pp_nav_00494,cheboksary,navigable,True
pp_nav_00495,pp_nav_00514,navigable,False
pp_nav_00495,sarapul,navigable,True
pp_nav_00495,saygatsky,navigable,True
pp_nav_00495,kasevo,navigable,True
pp_nav_00496,pp_nav_00526,navigable,False
pp_nav_00496,bolotnye,navigable,True
pp_nav_00496,kozhevnikovo,navigable,True
pp_nav_00497,pp_nav_00512,navigable,False
pp_nav_00497,rastyapino,navigable,True
pp_nav_00497,gorokhovets,navigable,True
pp_nav_00497,pavlovo,navigable,True
pp_nav_00497,meshchersk,navigable,True
pp_nav_00497,starodub_votsky,navigable,True
pp_nav_00498,pp_nav_00503,improvable,False
pp_nav_00498,unjegah,improvable,True
pp_nav_00498,tsa_tinne,improvable,True
pp_nav_00499,pp_nav_00504,barrier,False
pp_nav_00499,ksituan,navigable,True
pp_nav_00500,pp_nav_00506,improvable,False
pp_nav_00500,raznezhye,improvable,True
pp_nav_00500,lyskovo,improvable,True
pp_nav_00501,pp_nav_00534,improvable,False
pp_nav_00501,kuanda,improvable,True
pp_nav_00501,irakinda,improvable,True
pp_nav_00502,unjegah,navigable,True
pp_nav_00503,unjegah,navigable,True
pp_nav_00504,ksituan,barrier,True
pp_nav_00504,mushikitee,barrier,True
pp_nav_00505,pp_nav_00520,navigable,False
pp_nav_00505,tsivilsk,navigable,True
pp_nav_00505,atishchevo,navigable,True
pp_nav_00505,kabachischi,navigable,True
pp_nav_00506,raznezhye,navigable,True
pp_nav_00506,lyskovo,navigable,True
pp_nav_00506,khakhaly,navigable,True
pp_nav_00507,anipitapiskow,improvable,True
pp_nav_00508,pp_nav_00515,navigable,False
pp_nav_00508,yemelyanovo,navigable,True
pp_nav_00508,krasnoyarsk,navigable,True
pp_nav_00509,pp_nav_00527,navigable,False
pp_nav_00509,bogatye_saby,navigable,True
pp_nav_00509,vyatskiye_polyany,navigable,True
pp_nav_00509,mamadysh,navigable,True
pp_nav_00509,yelabuga,navigable,True
pp_nav_00510,pp_nav_00531,barrier,False
pp_nav_00510,chipisipi,barrier,True
pp_nav_00510,wayustikw,barrier,True
pp_nav_00511,washeo,improvable,True
pp_nav_00512,pp_nav_00525,navigable,False
pp_nav_00512,gorokhovets,navigable,True
pp_nav_00512,starodub_votsky,navigable,True
pp_nav_00513,pp_nav_00539,improvable,False
pp_nav_00513,k_alii_xkalaan,improvable,True
pp_nav_00514,pp_nav_00516,navigable,False
pp_nav_00514,pp_nav_00521,navigable,False
pp_nav_00514,lower_aktanyshbash,navigable,True
pp_nav_00514,sarapul,navigable,True
pp_nav_00514,chalninsky_pochinok,navigable,True
pp_nav_00514,menzelinsk,navigable,True
pp_nav_00514,kasevo,navigable,True
pp_nav_00515,pp_nav_00538,navigable,False
pp_nav_00515,yemelyanovo,navigable,True
pp_nav_00515,novosyolovo,navigable,True
pp_nav_00515,krasnoyarsk,navigable,True
pp_nav_00516,pp_nav_00522,navigable,False
pp_nav_00516,sarapul,navigable,True
pp_nav_00516,chalninsky_pochinok,navigable,True
pp_nav_00516,yelabuga,navigable,True
pp_nav_00517,pp_nav_00529,navigable,False
pp_nav_00517,kolchugino,navigable,True
pp_nav_00517,verkhotomsk,navigable,True
pp_nav_00517,bolotnye,navigable,True
pp_nav_00518,pp_nav_00528,improvable,False
pp_nav_00518,gorkovskoye,navigable,True
pp_nav_00518,kolosovka,navigable,True
pp_nav_00518,omsk,navigable,True
pp_nav_00519,pp_nav_00523,navigable,False
pp_nav_00519,pp_nav_00536,navigable,False
pp_nav_00519,kipahigan,navigable,True
pp_nav_00519,kapuskaywak,navigable,True
pp_nav_00520,pp_nav_00533,navigable,False
pp_nav_00520,dobyaz,navigable,True
pp_nav_00520,atishchevo,navigable,True
pp_nav_00520,kabachischi,navigable,True
pp_nav_00520,sviyazhsk,navigable,True
pp_nav_00520,kazan,navigable,True
pp_nav_00521,lower_aktanyshbash,navigable,True
pp_nav_00521,verkhneyarkeyevo,navigable,True
pp_nav_00521,kasevo,navigable,True
pp_nav_00522,pp_nav_00527,navigable,False
pp_nav_00522,zainsk,navigable,True
pp_nav_00522,chalninsky_pochinok,navigable,True
pp_nav_00522,yelabuga,navigable,True
pp_nav_00523,pp_nav_00524,navigable,False
pp_nav_00523,kapuskaywak,navigable,True
pp_nav_00524,kapuskaywak,navigable,True
pp_nav_00525,melenki,navigable,True
pp_nav_00525,pp_nav_00547,navigable,False
pp_nav_00525,ardatov,navigable,True
pp_nav_00525,starodub_votsky,navigable,True
pp_nav_00525,murom,navigable,True
pp_nav_00526,pp_nav_00542,navigable,False
pp_nav_00526,bolotnye,navigable,True
pp_nav_00526,kozhevnikovo,navigable,True
pp_nav_00527,pp_nav_00540,navigable,False
pp_nav_00527,mamadysh,navigable,True
pp_nav_00527,cukataw,navigable,True
pp_nav_00527,zainsk,navigable,True
pp_nav_00527,yelabuga,navigable,True
pp_nav_00528,pp_nav_00543,improvable,False
pp_nav_00528,kolosovka,improvable,True
pp_nav_00528,omsk,improvable,True
pp_nav_00529,pp_nav_00545,navigable,False
pp_nav_00529,kolchugino,navigable,True
pp_nav_00529,verkhotomsk,navigable,True
pp_nav_00530,anipitapiskow,navigable,True
pp_nav_00530,pikwitonei,navigable,True
pp_nav_00531,pp_nav_00546,barrier,False
pp_nav_00531,mistanipi,barrier,True
pp_nav_00531,chipisipi,barrier,True
pp_nav_00532,pp_nav_00535,navigable,False
pp_nav_00532,burayevo,navigable,True
pp_nav_00532,verkhneyarkeyevo,navigable,True
pp_nav_00532,kasevo,navigable,True
pp_nav_00533,pp_nav_00549,navigable,False
pp_nav_00533,sviyazhsk,navigable,True
pp_nav_00533,kazan,navigable,True
pp_nav_00534,irakinda,navigable,True
pp_nav_00535,pp_nav_00541,navigable,False
pp_nav_00535,burayevo,navigable,True
pp_nav_00535,chekmagush,navigable,True
pp_nav_00535,verkhneyarkeyevo,navigable,True
pp_nav_00536,pp_nav_00537,navigable,False
pp_nav_00536,kipahigan,navigable,True
pp_nav_00537,kipahigan,navigable,True
pp_nav_00538,pp_nav_00554,navigable,False
pp_nav_00538,novosyolovo,navigable,True
pp_nav_00538,kortuz,navigable,True
pp_nav_00538,krasnoyarsk,navigable,True
pp_nav_00539,pp_nav_00552,improvable,False
pp_nav_00539,k_alii_xkalaan,improvable,True
pp_nav_00539,gitxsanimaax,improvable,True
pp_nav_00540,pp_nav_00544,navigable,False
pp_nav_00540,mamadysh,navigable,True
pp_nav_00540,cukataw,navigable,True
pp_nav_00540,calli,navigable,True
pp_nav_00541,pp_nav_00553,navigable,False
pp_nav_00541,burayevo,navigable,True
pp_nav_00541,chekmagush,navigable,True
pp_nav_00541,ufa,navigable,True
pp_nav_00542,krivoshchekovo,navigable,True
pp_nav_00542,bolotnye,navigable,True
pp_nav_00542,kozhevnikovo,navigable,True
pp_nav_00543,pp_nav_00557,navigable,False
pp_nav_00543,kamyshnoye,navigable,True
pp_nav_00543,kolosovka,navigable,True
pp_nav_00543,omsk,navigable,True
pp_nav_00544,pp_nav_00549,navigable,False
pp_nav_00544,bolghar,navigable,True
pp_nav_00544,laish,navigable,True
pp_nav_00544,cukataw,navigable,True
pp_nav_00544,calli,navigable,True
pp_nav_00545,pp_nav_00555,navigable,False
pp_nav_00545,kolchugino,navigable,True
pp_nav_00545,verkhotomsk,navigable,True
pp_nav_00546,pp_nav_00556,improvable,False
pp_nav_00546,mistanipi,improvable,True
pp_nav_00547,melenki,navigable,True
pp_nav_00547,pp_nav_00567,navigable,False
pp_nav_00547,ardatov,navigable,True
pp_nav_00547,kasimov,navigable,True
pp_nav_00547,azeevo,navigable,True
pp_nav_00548,pp_nav_00561,barrier,False
pp_nav_00548,nisga_a,barrier,True
pp_nav_00548,hagwilget,barrier,True
pp_nav_00549,pp_nav_00562,navigable,False
pp_nav_00549,bolghar,navigable,True
pp_nav_00549,laish,navigable,True
pp_nav_00549,sviyazhsk,navigable,True
pp_nav_00549,kazan,navigable,True
pp_nav_00550,salikuit_islands,navigable,False
pp_nav_00550,kuujjuarapik,navigable,True
pp_nav_00551,ministik,improvable,True
pp_nav_00551,wabuk,improvable,True
pp_nav_00551,winisk,improvable,True
pp_nav_00552,gitxsanimaax,navigable,True
pp_nav_00553,pp_nav_00563,navigable,False
pp_nav_00553,chekmagush,navigable,True
pp_nav_00553,ufa,navigable,True
pp_nav_00553,chishmy,navigable,True
pp_nav_00554,pp_nav_00564,navigable,False
pp_nav_00554,novosyolovo,navigable,True
pp_nav_00554,kortuz,navigable,True
pp_nav_00555,verkh_chebula,navigable,True
pp_nav_00555,kolchugino,navigable,True
pp_nav_00555,verkhotomsk,navigable,True
pp_nav_00556,mistanipi,improvable,True
pp_nav_00556,caniapiscau,improvable,True
pp_nav_00557,kamyshnoye,navigable,True
pp_nav_00557,omsk,navigable,True
pp_nav_00558,pp_nav_00560,improvable,False
pp_nav_00558,jurbarkas,improvable,True
pp_nav_00558,panemune,improvable,True
pp_nav_00558,ragnit,improvable,True
pp_nav_00559,pp_nav_00569,navigable,False
pp_nav_00559,kolomna,navigable,True
pp_nav_00559,lyubichi,navigable,True
pp_nav_00559,perevitska,navigable,True
pp_nav_00560,tilsit,navigable,True
pp_nav_00560,ragnit,navigable,True
pp_nav_00561,pp_nav_00575,improvable,False
pp_nav_00561,nisga_a,navigable,True
pp_nav_00562,staraya_mayna,navigable,True
pp_nav_00562,pp_nav_00576,navigable,False
pp_nav_00562,bolghar,navigable,True
pp_nav_00562,sviyazhsk,navigable,True
pp_nav_00562,tetyushi,navigable,True
pp_nav_00563,ufa,navigable,True
pp_nav_00563,chishmy,navigable,True
pp_nav_00563,ulukulevo,navigable,True
pp_nav_00564,pp_nav_00580,navigable,False
pp_nav_00564,tatarskaya_tesyu,navigable,True
pp_nav_00564,novosyolovo,navigable,True
pp_nav_00564,kortuz,navigable,True
pp_nav_00565,pp_nav_00571,improvable,False
pp_nav_00565,pp_nav_00573,improvable,False
pp_nav_00565,kasimov,improvable,True
pp_nav_00565,tuma,improvable,True
pp_nav_00566,pp_nav_00579,navigable,False
pp_nav_00566,krivoshchekovo,navigable,True
pp_nav_00566,bolotnye,navigable,True
pp_nav_00566,berdsk,navigable,True
pp_nav_00567,kasimov,navigable,True
pp_nav_00567,azeevo,navigable,True
pp_nav_00568,salair,navigable,True
pp_nav_00568,kolchugino,navigable,True
pp_nav_00569,pp_nav_00581,navigable,False
pp_nav_00569,ryazan,navigable,True
pp_nav_00569,lyubichi,navigable,True
pp_nav_00569,perevitska,navigable,True
pp_nav_00569,kazari,navigable,True
pp_nav_00570,pp_nav_00577,navigable,False
pp_nav_00570,kamyshnoye,navigable,True
pp_nav_00570,cherlak,navigable,True
pp_nav_00570,omsk,navigable,True
pp_nav_00571,kasimov,navigable,True
pp_nav_00572,caniapiscau,navigable,True
pp_nav_00573,pp_nav_00583,improvable,False
pp_nav_00573,shilovo,navigable,True
pp_nav_00573,kasimov,navigable,True
pp_nav_00573,putyatino,navigable,True
pp_nav_00573,koponovo,navigable,True
pp_nav_00573,tuma,navigable,True
pp_nav_00574,chumikan,improvable,True
pp_nav_00575,pp_nav_00584,improvable,False
pp_nav_00575,sm_algyax,improvable,True
pp_nav_00575,nisga_a,improvable,True
pp_nav_00576,staraya_mayna,navigable,True
pp_nav_00576,pp_nav_00589,navigable,False
pp_nav_00576,cherdakly,navigable,True
pp_nav_00576,tetyushi,navigable,True
pp_nav_00576,simbirsk,navigable,True
pp_nav_00577,pp_nav_00585,navigable,False
pp_nav_00577,cherlak,navigable,True
pp_nav_00577,omsk,navigable,True
pp_nav_00578,salair,navigable,True
pp_nav_00579,pp_nav_00586,navigable,False
pp_nav_00579,krivoshchekovo,navigable,True
pp_nav_00579,suzun,navigable,True
pp_nav_00579,berdsk,navigable,True
pp_nav_00580,pp_nav_00590,navigable,False
pp_nav_00580,tatarskaya_tesyu,navigable,True
pp_nav_00580,kortuz,navigable,True
pp_nav_00580,idrinskoye,navigable,True
pp_nav_00581,pp_nav_00583,improvable,False
pp_nav_00581,ryazan,navigable,True
pp_nav_00581,staraya_ryazan,navigable,True
pp_nav_00581,kazari,navigable,True
pp_nav_00582,pp_nav_00591,navigable,False
pp_nav_00582,staraya_zima,navigable,True
pp_nav_00582,balagansk,navigable,True
pp_nav_00583,shilovo,improvable,True
pp_nav_00583,staraya_ryazan,improvable,True
pp_nav_00583,koponovo,improvable,True
pp_nav_00583,kazari,improvable,True
pp_nav_00584,lax_kw_alaams,improvable,False
pp_nav_00584,sm_algyax,improvable,True
pp_nav_00585,pp_nav_00595,navigable,False
pp_nav_00585,cherlak,navigable,True
pp_nav_00586,pp_nav_00593,navigable,False
pp_nav_00586,krivoshchekovo,navigable,True
pp_nav_00586,suzun,navigable,True
pp_nav_00586,kamen,navigable,True
pp_nav_00587,pp_nav_00598,navigable,False
pp_nav_00587,malbork,navigable,True
pp_nav_00587,tczew,navigable,True
pp_nav_00587,gniew,navigable,True
pp_nav_00587,gdansk,navigable,True
pp_nav_00588,pp_nav_00592,improvable,False
pp_nav_00588,hutton,improvable,True
pp_nav_00588,lheidlit_en,improvable,True
pp_nav_00589,pp_nav_00597,navigable,False
pp_nav_00589,pokrovskoye,navigable,True
pp_nav_00589,cherdakly,navigable,True
pp_nav_00589,simbirsk,navigable,True
pp_nav_00590,pp_nav_00602,improvable,False
pp_nav_00590,minusinsk,navigable,True
pp_nav_00590,tatarskaya_tesyu,navigable,True
pp_nav_00590,idrinskoye,navigable,True
pp_nav_00590,abakasnk,navigable,True
pp_nav_00591,pp_nav_00603,navigable,False
pp_nav_00591,zalari,navigable,True
pp_nav_00591,balagansk,navigable,True
pp_nav_00592,pp_nav_00604,improvable,False
pp_nav_00592,lheidlit_en,improvable,True
pp_nav_00593,pp_nav_00601,navigable,False
pp_nav_00593,suzun,navigable,True
pp_nav_00593,kamen,navigable,True
pp_nav_00594,pp_nav_00596,navigable,False
pp_nav_00594,saskatchewan,navigable,True
pp_nav_00595,pp_nav_00608,navigable,False
pp_nav_00595,cherlak,navigable,True
pp_nav_00595,zhalauly,navigable,True
pp_nav_00595,zhelezin,navigable,True
pp_nav_00596,opaskwayak,navigable,True
pp_nav_00596,saskatchewan,navigable,True
pp_nav_00597,pokrovskoye,navigable,True
pp_nav_00597,cherdakly,navigable,True
pp_nav_00597,morkvash,navigable,True
pp_nav_00597,shigony,navigable,True
pp_nav_00597,stavropol_na_volge,navigable,True
pp_nav_00598,pp_nav_00619,navigable,False
pp_nav_00598,malbork,navigable,True
pp_nav_00598,swiecie,navigable,True
pp_nav_00598,chelmno,navigable,True
pp_nav_00598,nowe,navigable,True
pp_nav_00598,grudziadz,navigable,True
pp_nav_00598,gniew,navigable,True
pp_nav_00598,kwidzyn,navigable,True
pp_nav_00599,chisasibi,improvable,True
pp_nav_00600,pp_nav_00621,improvable,False
pp_nav_00600,tynda,improvable,True
pp_nav_00600,tukuringra,improvable,True
pp_nav_00600,djee,improvable,True
pp_nav_00600,tygde,improvable,True
pp_nav_00601,pp_nav_00616,navigable,False
pp_nav_00601,barnaul,navigable,True
pp_nav_00601,suzun,navigable,True
pp_nav_00601,kamen,navigable,True
pp_nav_00602,minusinsk,improvable,True
pp_nav_00602,beya,improvable,True
pp_nav_00602,abakasnk,improvable,True
pp_nav_00603,pp_nav_00641,improvable,False
pp_nav_00603,cheremkhovo,navigable,True
pp_nav_00603,zalari,navigable,True
pp_nav_00603,osinsky,navigable,True
pp_nav_00603,balagansk,navigable,True
pp_nav_00604,pp_nav_00629,improvable,False
pp_nav_00604,saik_uz,navigable,True
pp_nav_00604,lheidlit_en,navigable,True
pp_nav_00604,nadleht_en,navigable,True
pp_nav_00605,stettin_lagoon,navigable,False
pp_nav_00605,pp_nav_00635,navigable,False
pp_nav_00605,gryfow,navigable,True
pp_nav_00605,goleniow,navigable,True
pp_nav_00605,stettin,navigable,True
pp_nav_00606,pp_nav_00609,improvable,False
pp_nav_00606,pp_nav_00614,improvable,False
pp_nav_00606,emuer,improvable,True
pp_nav_00606,ollo,improvable,True
pp_nav_00606,yakesa,improvable,True
pp_nav_00606,urka,improvable,True
pp_nav_00607,pp_nav_00622,navigable,False
pp_nav_00607,elbe_estuary,navigable,False
pp_nav_00607,winsen,navigable,True
pp_nav_00607,luneburg,navigable,True
pp_nav_00607,lauenburg,navigable,True
pp_nav_00607,hamburg,navigable,True
pp_nav_00607,harburg,navigable,True
pp_nav_00607,stade,navigable,True
pp_nav_00608,pp_nav_00631,navigable,False
pp_nav_00608,zhalauly,navigable,True
pp_nav_00608,zhelezin,navigable,True
pp_nav_00609,pp_nav_00625,improvable,False
pp_nav_00609,pangu,improvable,True
pp_nav_00609,emuer,improvable,True
pp_nav_00609,yakesa,improvable,True
pp_nav_00610,pp_nav_00627,improvable,False
pp_nav_00610,petaigan,improvable,True
pp_nav_00611,pp_nav_00616,navigable,False
pp_nav_00611,pp_nav_00617,navigable,False
pp_nav_00611,barnaul,navigable,True
pp_nav_00611,chesnokovka,navigable,True
pp_nav_00611,suzun,navigable,True
pp_nav_00612,pp_nav_00613,improvable,False
pp_nav_00612,pp_nav_00615,improvable,False
pp_nav_00612,silkari,improvable,True
pp_nav_00613,enhe_hada,navigable,True
pp_nav_00613,silkari,navigable,True
pp_nav_00614,pp_nav_00618,navigable,False
pp_nav_00614,emuer,navigable,True
pp_nav_00614,amazar,navigable,True
pp_nav_00614,urka,navigable,True
pp_nav_00615,pp_nav_00623,improvable,False
pp_nav_00615,silkari,improvable,True
pp_nav_00616,barnaul,navigable,True
pp_nav_00616,suzun,navigable,True
pp_nav_00617,pp_nav_00639,navigable,False
pp_nav_00617,barnaul,navigable,True
pp_nav_00617,chesnokovka,navigable,True
pp_nav_00617,kalmanka,navigable,True
pp_nav_00618,emuer,navigable,True
pp_nav_00618,amazar,navigable,True
pp_nav_00618,enhe_hada,navigable,True
pp_nav_00618,silkari,navigable,True
pp_nav_00619,pp_nav_00638,navigable,False
pp_nav_00619,swiecie,navigable,True
pp_nav_00619,chelmno,navigable,True
pp_nav_00619,bydgoszcz,navigable,True
pp_nav_00620,pp_nav_00637,barrier,False
pp_nav_00620,minusinsk,improvable,True
pp_nav_00620,beya,improvable,True
pp_nav_00620,shushenskoye,improvable,True
pp_nav_00621,pp_nav_00642,navigable,False
pp_nav_00621,dep,navigable,True
pp_nav_00621,djee,navigable,True
pp_nav_00621,tygde,navigable,True
pp_nav_00622,pp_nav_00636,navigable,False
pp_nav_00622,luneburg,navigable,True
pp_nav_00622,dannenberg,navigable,True
pp_nav_00622,lauenburg,navigable,True
pp_nav_00623,kara_shilka,navigable,True
pp_nav_00623,silkari,navigable,True
pp_nav_00624,pp_nav_00634,improvable,False
pp_nav_00624,kamassekuakamat,improvable,True
pp_nav_00624,winokapau,improvable,True
pp_nav_00625,pp_nav_00632,improvable,False
pp_nav_00625,pangu,navigable,True
pp_nav_00625,yakesa,navigable,True
pp_nav_00626,pp_nav_00633,improvable,False
pp_nav_00626,nipissu,navigable,True
pp_nav_00626,misha_shipu,navigable,True
pp_nav_00627,petaigan,improvable,True
pp_nav_00627,kistapinan,improvable,True
pp_nav_00628,pp_nav_00644,navigable,False
pp_nav_00628,solovtsovo,navigable,True
pp_nav_00628,morkvash,navigable,True
pp_nav_00628,khvorostyanka,navigable,True
pp_nav_00628,shigony,navigable,True
pp_nav_00629,pp_nav_00652,improvable,False
pp_nav_00629,nadleht_en,improvable,True
pp_nav_00630,pp_nav_00643,barrier,False
pp_nav_00630,dzhuk,barrier,True
pp_nav_00630,nurgan,barrier,True
pp_nav_00631,pp_nav_00646,navigable,False
pp_nav_00631,zhalauly,navigable,True
pp_nav_00631,zhelezin,navigable,True
pp_nav_00632,pp_nav_00640,improvable,False
pp_nav_00632,pangu,improvable,True
pp_nav_00632,yakesa,improvable,True
pp_nav_00633,pp_nav_00645,improvable,False
pp_nav_00633,nipissu,improvable,True
pp_nav_00634,pp_nav_00645,improvable,False
pp_nav_00634,nipissu,navigable,True
pp_nav_00634,winokapau,navigable,True
pp_nav_00635,pp_nav_00651,navigable,False
pp_nav_00635,freienwalde,navigable,True
pp_nav_00635,angermunde,navigable,True
pp_nav_00635,chojna,navigable,True
pp_nav_00635,gryfow,navigable,True
pp_nav_00636,wittenberge,navigable,True
pp_nav_00636,osterburg,navigable,True
pp_nav_00636,luchow,navigable,True
pp_nav_00636,dannenberg,navigable,True
pp_nav_00637,pp_nav_00653,barrier,False
pp_nav_00637,beya,barrier,True
pp_nav_00637,shushenskoye,barrier,True
pp_nav_00638,pp_nav_00647,improvable,False
pp_nav_00638,torun,navigable,True
pp_nav_00638,lipno,navigable,True
pp_nav_00638,chelmno,navigable,True
pp_nav_00638,inowroclaw,navigable,True
pp_nav_00638,bydgoszcz,navigable,True
pp_nav_00639,chesnokovka,navigable,True
pp_nav_00639,kalmanka,navigable,True
pp_nav_00640,pp_nav_00650,navigable,False
pp_nav_00640,pangu,navigable,True
pp_nav_00640,yakesa,navigable,True
pp_nav_00640,humar,navigable,True
pp_nav_00641,cheremkhovo,improvable,True
pp_nav_00641,osinsky,improvable,True
pp_nav_00642,pp_nav_00654,improvable,False
pp_nav_00642,gromatukha,navigable,True
pp_nav_00642,dep,navigable,True
pp_nav_00642,tygde,navigable,True
pp_nav_00643,pp_nav_00658,barrier,False
pp_nav_00643,bulava,barrier,True
pp_nav_00643,dzhuk,barrier,True
pp_nav_00643,nurgan,barrier,True
pp_nav_00644,sosnovy_ostrov,navigable,True
pp_nav_00644,pp_nav_00659,navigable,False
pp_nav_00644,solovtsovo,navigable,True
pp_nav_00644,dukhovnitskoye,navigable,True
pp_nav_00644,khvorostyanka,navigable,True
pp_nav_00645,nipissu,improvable,True
pp_nav_00646,pp_nav_00655,navigable,False
pp_nav_00646,zhalauly,navigable,True
pp_nav_00646,imakia,navigable,True
pp_nav_00646,tuzdysor,navigable,True
pp_nav_00646,zhelezin,navigable,True
pp_nav_00647,pp_nav_00656,improvable,False
pp_nav_00647,lipno,improvable,True
pp_nav_00647,wloclawek,improvable,True
pp_nav_00647,inowroclaw,improvable,True
pp_nav_00647,dobrzyn,improvable,True
pp_nav_00647,kowal,improvable,True
pp_nav_00648,osterburg,navigable,True
pp_nav_00648,stendal,navigable,True
pp_nav_00648,jerichow,navigable,True
pp_nav_00649,pp_nav_00662,navigable,False
pp_nav_00649,kalmanka,navigable,True
pp_nav_00649,smolenskoye,navigable,True
pp_nav_00650,pp_nav_00660,navigable,False
pp_nav_00650,yakesa,navigable,True
pp_nav_00650,bir_amur,navigable,True
pp_nav_00650,humar,navigable,True
pp_nav_00651,lebus,navigable,True
pp_nav_00651,freienwalde,navigable,True
pp_nav_00651,chojna,navigable,True
pp_nav_00652,pp_nav_00671,improvable,False
pp_nav_00652,esk_el,navigable,True
pp_nav_00652,stswecen_c,navigable,True
pp_nav_00652,nadleht_en,navigable,True
pp_nav_00653,pp_nav_00657,barrier,False
pp_nav_00653,shushenskoye,barrier,True
pp_nav_00654,pp_nav_00669,improvable,False
pp_nav_00654,gromatukha,improvable,True
pp_nav_00654,tygde,improvable,True
pp_nav_00655,pp_nav_00673,navigable,False
pp_nav_00655,imakia,navigable,True
pp_nav_00655,tuzdysor,navigable,True
pp_nav_00656,pp_nav_00661,navigable,False
pp_nav_00656,ciechanow,navigable,True
pp_nav_00656,gostynin,navigable,True
pp_nav_00656,gabin,navigable,True
pp_nav_00656,dobrzyn,navigable,True
pp_nav_00656,kowal,navigable,True
pp_nav_00656,plock,navigable,True
pp_nav_00657,pp_nav_00666,navigable,False
pp_nav_00657,usun,navigable,True
pp_nav_00657,shushenskoye,navigable,True
pp_nav_00658,bulava,navigable,True
pp_nav_00658,dzhuk,navigable,True
pp_nav_00659,sosnovy_ostrov,navigable,True
pp_nav_00659,pp_nav_00677,navigable,False
pp_nav_00659,balakovo,navigable,True
pp_nav_00659,malykovka,navigable,True
pp_nav_00659,dukhovnitskoye,navigable,True
pp_nav_00660,pp_nav_00674,improvable,False
pp_nav_00660,bir_amur,navigable,True
pp_nav_00660,humar,navigable,True
pp_nav_00661,pp_nav_00664,navigable,False
pp_nav_00661,sochaczew,navigable,True
pp_nav_00661,zakroczym,navigable,True
pp_nav_00661,ciechanow,navigable,True
pp_nav_00661,gabin,navigable,True
pp_nav_00661,warsaw,navigable,True
pp_nav_00662,smolenskoye,navigable,True
pp_nav_00663,magdeburg,navigable,True
pp_nav_00663,burg,navigable,True
pp_nav_00663,calbe,navigable,True
pp_nav_00663,wolmirstedt,navigable,True
pp_nav_00663,jerichow,navigable,True
pp_nav_00664,pp_nav_00683,navigable,False
pp_nav_00664,czersk,navigable,True
pp_nav_00664,warsaw,navigable,True
pp_nav_00665,pp_nav_00667,barrier,False
pp_nav_00665,caisaboscai,improvable,True
pp_nav_00665,chistamikap,improvable,True
pp_nav_00666,pp_nav_00685,navigable,False
pp_nav_00666,usun,navigable,True
pp_nav_00667,caisaboscai,barrier,True
pp_nav_00667,pitchibourenik,barrier,True
pp_nav_00668,chistamikap,navigable,True
pp_nav_00669,pp_nav_00684,improvable,False
pp_nav_00669,gromatukha,improvable,True
pp_nav_00670,pp_nav_00687,navigable,False
pp_nav_00670,bulava,navigable,True
pp_nav_00670,deren,navigable,True
pp_nav_00670,pilda,navigable,True
pp_nav_00670,bitki,navigable,True
pp_nav_00671,llenllenet_ten,improvable,True
pp_nav_00671,stswecen_c,improvable,True
pp_nav_00672,pp_nav_00676,navigable,False
pp_nav_00672,nasacauso,navigable,True
pp_nav_00673,pp_nav_00688,navigable,False
pp_nav_00673,imakia,navigable,True
pp_nav_00673,tuzdysor,navigable,True
pp_nav_00673,karasor,navigable,True
pp_nav_00673,lebyazhye,navigable,True
pp_nav_00674,kuanhe,improvable,True
pp_nav_00674,bir_amur,improvable,True
pp_nav_00674,humar,improvable,True
pp_nav_00675,pp_nav_00686,improvable,False
pp_nav_00675,selenge,navigable,True
pp_nav_00676,chistamikap,navigable,True
pp_nav_00676,nasacauso,navigable,True
pp_nav_00677,pp_nav_00681,navigable,False
pp_nav_00677,balakovo,navigable,True
pp_nav_00677,malykovka,navigable,True
pp_nav_00677,baronsk,navigable,True
pp_nav_00678,pp_nav_00680,navigable,False
pp_nav_00678,rhine_estuary,navigable,False
pp_nav_00678,amersfoort,navigable,True
pp_nav_00678,rotterdam,navigable,True
pp_nav_00678,tiel,navigable,True
pp_nav_00678,dordrecht,navigable,True
pp_nav_00679,pagashi,navigable,True
pp_nav_00680,arnhem,navigable,True
pp_nav_00680,amersfoort,navigable,True
pp_nav_00680,kleve,navigable,True
pp_nav_00680,nijmegen,navigable,True
pp_nav_00680,tiel,navigable,True
pp_nav_00681,pp_nav_00690,navigable,False
pp_nav_00681,malykovka,navigable,True
pp_nav_00681,baronsk,navigable,True
pp_nav_00681,pokrovsk,navigable,True
pp_nav_00681,tereshka,navigable,True
pp_nav_00682,pp_nav_00704,navigable,False
pp_nav_00682,brahin,navigable,True
pp_nav_00682,kholmyech,navigable,True
pp_nav_00682,liubech,navigable,True
pp_nav_00683,radom,navigable,True
pp_nav_00683,stezyca,navigable,True
pp_nav_00683,czersk,navigable,True
pp_nav_00683,zwolen,navigable,True
pp_nav_00684,pp_nav_00695,navigable,False
pp_nav_00684,gromatukha,navigable,True
pp_nav_00684,birma,navigable,True
pp_nav_00684,mamyn,navigable,True
pp_nav_00684,ulma,navigable,True
pp_nav_00685,pp_nav_00696,improvable,False
pp_nav_00685,khemchik,navigable,True
pp_nav_00685,usun,navigable,True
pp_nav_00685,den_terek,navigable,True
pp_nav_00686,pp_nav_00701,improvable,False
pp_nav_00686,selenge,improvable,True
pp_nav_00686,sulkhari,improvable,True
pp_nav_00687,pp_nav_00698,navigable,False
pp_nav_00687,deren,navigable,True
pp_nav_00687,pilda,navigable,True
pp_nav_00688,pp_nav_00708,navigable,False
pp_nav_00688,karasor,navigable,True
pp_nav_00688,lebyazhye,navigable,True
pp_nav_00689,pp_nav_00697,improvable,False
pp_nav_00689,abingdon,improvable,True
pp_nav_00689,oxford,improvable,True
pp_nav_00689,reading,improvable,True
pp_nav_00689,henley,improvable,True
pp_nav_00689,banbury,improvable,True
pp_nav_00690,pp_nav_00702,navigable,False
pp_nav_00690,ukek,navigable,True
pp_nav_00690,pokrovsk,navigable,True
pp_nav_00690,tereshka,navigable,True
pp_nav_00691,pp_nav_00716,barrier,False
pp_nav_00691,llenllenet_ten,navigable,True
pp_nav_00691,st_at_imcets,navigable,True
pp_nav_00692,pp_nav_00696,improvable,False
pp_nav_00692,den_terek,improvable,True
pp_nav_00692,ulug,improvable,True
pp_nav_00693,pp_nav_00712,improvable,False
pp_nav_00693,wabimeig,improvable,True
pp_nav_00694,kuanhe,navigable,True
pp_nav_00694,pp_nav_00715,improvable,False
pp_nav_00694,bir_amur,navigable,True
pp_nav_00695,pp_nav_00709,navigable,False
pp_nav_00695,yor,navigable,True
pp_nav_00695,gromatukha,navigable,True
pp_nav_00695,birma,navigable,True
pp_nav_00696,den_terek,improvable,True
pp_nav_00697,pp_nav_00700,improvable,False
pp_nav_00697,woking,improvable,True
pp_nav_00697,windsor,improvable,True
pp_nav_00697,reading,improvable,True
pp_nav_00697,wycombe,improvable,True
pp_nav_00697,henley,improvable,True
pp_nav_00697,harrow,improvable,True
pp_nav_00698,pp_nav_00711,navigable,False
pp_nav_00698,uschu,navigable,True
pp_nav_00698,deren,navigable,True
pp_nav_00699,pp_nav_00705,improvable,False
pp_nav_00699,pp_nav_00707,improvable,False
pp_nav_00699,kapitukamach,improvable,True
pp_nav_00700,thames,improvable,False
pp_nav_00700,woking,improvable,True
pp_nav_00700,kingston,improvable,True
pp_nav_00700,harrow,improvable,True
pp_nav_00700,london,improvable,True
pp_nav_00701,kyakhta,navigable,True
pp_nav_00701,khimni,navigable,True
pp_nav_00701,sulkhari,navigable,True
pp_nav_00702,pp_nav_00722,navigable,False
pp_nav_00702,ukek,navigable,True
pp_nav_00702,rovnoye,navigable,True
pp_nav_00702,pokrovsk,navigable,True
pp_nav_00702,goly_karamysh,navigable,True
pp_nav_00703,pp_nav_00710,improvable,False
pp_nav_00703,kaipeshimushich,improvable,True
pp_nav_00703,waskaganish,improvable,True
pp_nav_00703,nistam,improvable,True
pp_nav_00704,pp_nav_00718,navigable,False
pp_nav_00704,chornobyl,navigable,True
pp_nav_00704,brahin,navigable,True
pp_nav_00704,dymer,navigable,True
pp_nav_00704,lutava,navigable,True
pp_nav_00704,liubech,navigable,True
pp_nav_00704,chernihiv,navigable,True
pp_nav_00705,natastan,improvable,True
pp_nav_00705,kapitukamach,improvable,True
pp_nav_00706,pp_nav_00707,navigable,False
pp_nav_00706,pp_nav_00710,improvable,False
pp_nav_00706,kamashikamach,navigable,True
pp_nav_00706,nemasca,navigable,True
pp_nav_00707,kapitukamach,navigable,True
pp_nav_00707,nemasca,navigable,True
pp_nav_00708,pp_nav_00723,navigable,False
pp_nav_00708,karasor,navigable,True
pp_nav_00708,lebyazhye,navigable,True
pp_nav_00709,pp_nav_00719,navigable,False
pp_nav_00709,yor,navigable,True
pp_nav_00709,birma,navigable,True
pp_nav_00710,kaipeshimushich,improvable,True
pp_nav_00710,kamashikamach,improvable,True
pp_nav_00710,nemasca,improvable,True
pp_nav_00711,pp_nav_00720,navigable,False
pp_nav_00711,uschu,navigable,True
pp_nav_00712,tchakashapug,improvable,True
pp_nav_00712,wabimeig,improvable,True
pp_nav_00713,tchakashapug,improvable,True
pp_nav_00714,pp_nav_00721,navigable,False
pp_nav_00714,moosonee,navigable,True
pp_nav_00714,kagawask,navigable,True
pp_nav_00715,kuanhe,improvable,True
pp_nav_00715,pp_nav_00726,improvable,False
pp_nav_00715,bir_amur,improvable,True
pp_nav_00715,aigun,improvable,True
pp_nav_00716,pp_nav_00727,barrier,False
pp_nav_00716,scw_exmx,barrier,True
pp_nav_00716,st_at_imcets,barrier,True
pp_nav_00717,pp_nav_00724,barrier,False
pp_nav_00717,missicabi,barrier,True
pp_nav_00717,nottaway,barrier,True
pp_nav_00718,kyiv,navigable,True
pp_nav_00718,pp_nav_00739,navigable,False
pp_nav_00718,dymer,navigable,True
pp_nav_00718,lutava,navigable,True
pp_nav_00718,desnyanskyi_horodok,navigable,True
pp_nav_00719,pp_nav_00736,navigable,False
pp_nav_00719,yor,navigable,True
pp_nav_00719,birma,navigable,True
pp_nav_00719,bir_amur,navigable,True
pp_nav_00719,tehcha,navigable,True
pp_nav_00720,uschu,navigable,True
pp_nav_00721,kagawask,navigable,True
pp_nav_00721,kwetabohigan,navigable,True
pp_nav_00722,pp_nav_00732,navigable,False
pp_nav_00722,rovnoye,navigable,True
pp_nav_00722,goly_karamysh,navigable,True
pp_nav_00723,pp_nav_00731,navigable,False
pp_nav_00723,balyktykol,navigable,True
pp_nav_00723,karasor,navigable,True
pp_nav_00723,lebyazhye,navigable,True
pp_nav_00724,pp_nav_00734,improvable,False
pp_nav_00724,nottaway,improvable,True
pp_nav_00724,soscumica,improvable,True
pp_nav_00725,ahrweiler,improvable,True
pp_nav_00725,pp_nav_00735,improvable,False
pp_nav_00725,siegburg,improvable,True
pp_nav_00725,cologne,improvable,True
pp_nav_00725,wied,improvable,True
pp_nav_00725,bonn,improvable,True
pp_nav_00726,bir_amur,navigable,True
pp_nav_00726,aigun,navigable,True
pp_nav_00727,pp_nav_00737,navigable,False
pp_nav_00727,scw_exmx,navigable,True
pp_nav_00727,nlaka_pamux,navigable,True
pp_nav_00728,pp_nav_00729,improvable,False
pp_nav_00728,pp_nav_00737,navigable,False
pp_nav_00728,skitsetsen,navigable,True
pp_nav_00728,scw_exmx,navigable,True
pp_nav_00729,skitsetsen,improvable,True
pp_nav_00730,pp_nav_00747,navigable,False
pp_nav_00730,illecillewaet,navigable,True
pp_nav_00730,snk_mip,navigable,True
pp_nav_00730,q_espiea,navigable,True
pp_nav_00731,pp_nav_00733,navigable,False
pp_nav_00731,balyktykol,navigable,True
pp_nav_00731,takhir,navigable,True
pp_nav_00731,lebyazhye,navigable,True
pp_nav_00732,pp_nav_00746,navigable,False
pp_nav_00732,kamyshin,navigable,True
pp_nav_00732,berezhnovka,navigable,True
pp_nav_00732,rovnoye,navigable,True
pp_nav_00732,goly_karamysh,navigable,True
pp_nav_00733,pp_nav_00740,navigable,False
pp_nav_00733,takhir,navigable,True
pp_nav_00733,shemonayevskoye,navigable,True
pp_nav_00733,lebyazhye,navigable,True
pp_nav_00734,soscumica,navigable,True
pp_nav_00735,katzenelnbogen,improvable,True
pp_nav_00735,ahrweiler,improvable,True
pp_nav_00735,mayen,improvable,True
pp_nav_00735,coblenz,improvable,True
pp_nav_00735,wied,improvable,True
pp_nav_00736,pp_nav_00750,navigable,False
pp_nav_00736,bir_amur,navigable,True
pp_nav_00736,aigun,navigable,True
pp_nav_00736,tehcha,navigable,True
pp_nav_00737,pp_nav_00749,navigable,False
pp_nav_00737,scw_exmx,navigable,True
pp_nav_00737,nlaka_pamux,navigable,True
pp_nav_00738,pp_nav_00754,navigable,False
pp_nav_00738,toulnustouc,navigable,True
pp_nav_00738,capotigamau,navigable,True
pp_nav_00739,kyiv,navigable,True
pp_nav_00739,kaharlyk,navigable,True
pp_nav_00739,pp_nav_00753,navigable,False
pp_nav_00739,desnyanskyi_horodok,navigable,True
pp_nav_00740,pp_nav_00741,navigable,False
pp_nav_00740,takhir,navigable,True
pp_nav_00740,shemonayevskoye,navigable,True
pp_nav_00740,shar,navigable,True
pp_nav_00741,pp_nav_00745,navigable,False
pp_nav_00741,shemonayevskoye,navigable,True
pp_nav_00741,shar,navigable,True
pp_nav_00741,oskemen,navigable,True
pp_nav_00742,pp_nav_00743,improvable,False
pp_nav_00742,manigotagan,navigable,True
pp_nav_00742,maskwa,navigable,True
pp_nav_00742,wabaseemong,navigable,True
pp_nav_00743,maskwa,improvable,True
pp_nav_00744,katzenelnbogen,improvable,True
pp_nav_00744,pp_nav_00751,improvable,False
pp_nav_00744,mainz,improvable,True
pp_nav_00744,kreuznach,improvable,True
pp_nav_00744,simmern,improvable,True
pp_nav_00744,coblenz,improvable,True
pp_nav_00745,pp_nav_00752,navigable,False
pp_nav_00745,shar,navigable,True
pp_nav_00745,oskemen,navigable,True
pp_nav_00746,pp_nav_00760,navigable,False
pp_nav_00746,bykovo,navigable,True
pp_nav_00746,kamyshin,navigable,True
pp_nav_00746,berezhnovka,navigable,True
pp_nav_00746,zenzevatka,navigable,True
pp_nav_00747,pp_nav_00759,navigable,False
pp_nav_00747,snk_mip,navigable,True
pp_nav_00747,swarakxen,navigable,True
pp_nav_00747,q_espiea,navigable,True
pp_nav_00748,pp_nav_00758,improvable,False
pp_nav_00748,nioman,improvable,True
pp_nav_00749,sto_lo,navigable,True
pp_nav_00749,pp_nav_00767,improvable,False
pp_nav_00749,nlaka_pamux,navigable,True
pp_nav_00750,pp_nav_00763,navigable,False
pp_nav_00750,aigun,navigable,True
pp_nav_00750,tehcha,navigable,True
pp_nav_00751,darmstadt,improvable,True
pp_nav_00751,mainz,improvable,True
pp_nav_00751,wiesbaden,improvable,True
pp_nav_00751,oppenheim,improvable,True
pp_nav_00751,worms,improvable,True
pp_nav_00752,shar,navigable,True
pp_nav_00752,oskemen,navigable,True
pp_nav_00753,kaharlyk,navigable,True
pp_nav_00753,pp_nav_00757,navigable,False
pp_nav_00753,pereiaslav,navigable,True
pp_nav_00753,kaniv,navigable,True
pp_nav_00754,toulnustouc,navigable,True
pp_nav_00755,pp_nav_00761,barrier,False
pp_nav_00755,shar,barrier,True
pp_nav_00755,oskemen,barrier,True
pp_nav_00755,zyryan,barrier,True
pp_nav_00756,pp_nav_00770,navigable,False
pp_nav_00756,achan,navigable,True
pp_nav_00757,pp_nav_00762,navigable,False
pp_nav_00757,pereiaslav,navigable,True
pp_nav_00757,kaniv,navigable,True
pp_nav_00757,korsun,navigable,True
pp_nav_00758,pp_nav_00773,navigable,False
pp_nav_00758,pp_nav_00776,navigable,False
pp_nav_00758,nioman,navigable,True
pp_nav_00759,pp_nav_00777,navigable,False
pp_nav_00759,ntiltxitk,navigable,True
pp_nav_00759,swarakxen,navigable,True
pp_nav_00760,pp_nav_00780,navigable,False
pp_nav_00760,bykovo,navigable,True
pp_nav_00760,beljamen,navigable,True
pp_nav_00760,zenzevatka,navigable,True
pp_nav_00761,shar,navigable,True
pp_nav_00761,zyryan,navigable,True
pp_nav_00762,pp_nav_00778,navigable,False
pp_nav_00762,zolotonosha,navigable,True
pp_nav_00762,pereiaslav,navigable,True
pp_nav_00762,korsun,navigable,True
pp_nav_00762,cherkasy,navigable,True
pp_nav_00763,zhanhe,navigable,True
pp_nav_00763,pp_nav_00766,navigable,False
pp_nav_00763,xunhe,navigable,True
pp_nav_00763,aigun,navigable,True
pp_nav_00763,tehcha,navigable,True
pp_nav_00764,ntiltxitk,navigable,True
pp_nav_00764,akinka_nup,navigable,True
pp_nav_00765,pp_nav_00775,navigable,False
pp_nav_00765,ust_medveditskaya,navigable,True
pp_nav_00765,kletskaya,navigable,True
pp_nav_00765,zimnyatsky,navigable,True
pp_nav_00766,zhanhe,navigable,True
pp_nav_00766,nioman,navigable,True
pp_nav_00767,sto_lo,improvable,True
pp_nav_00768,pp_nav_00774,improvable,False
pp_nav_00768,rouen,improvable,True
pp_nav_00768,pont_audemer,improvable,True
pp_nav_00768,tancarville,improvable,True
pp_nav_00769,pp_nav_00775,navigable,False
pp_nav_00769,pp_nav_00779,navigable,False
pp_nav_00769,kremenskaya,navigable,True
pp_nav_00769,ilovlya,navigable,True
pp_nav_00769,zimnyatsky,navigable,True
pp_nav_00770,pp_nav_00784,navigable,False
pp_nav_00770,nemptu,navigable,True
pp_nav_00770,achan,navigable,True
pp_nav_00771,peribonka,improvable,True
pp_nav_00771,metabetchouane,improvable,True
pp_nav_00771,tchitogama,improvable,True
pp_nav_00772,toulnustouc,improvable,True
pp_nav_00772,piletisipuk,improvable,True
pp_nav_00773,zhanhe,navigable,True
pp_nav_00773,nioman,navigable,True
pp_nav_00774,rouen,navigable,True
pp_nav_00774,pont_audemer,navigable,True
pp_nav_00774,louviers,navigable,True
pp_nav_00775,kletskaya,navigable,True
pp_nav_00775,kremenskaya,navigable,True
pp_nav_00775,zimnyatsky,navigable,True
pp_nav_00776,zhanhe,navigable,True
pp_nav_00776,pp_nav_00787,navigable,False
pp_nav_00776,arkhara,navigable,True
pp_nav_00776,jiajin,navigable,True
pp_nav_00776,nioman,navigable,True
pp_nav_00777,pp_nav_00785,improvable,False
pp_nav_00777,pp_nav_00790,barrier,False
pp_nav_00777,ntiltxitk,navigable,True
pp_nav_00778,pp_nav_00782,navigable,False
pp_nav_00778,pp_nav_00783,navigable,False
pp_nav_00778,horoshino,navigable,True
pp_nav_00778,horodyshche,navigable,True
pp_nav_00778,cherkasy,navigable,True
pp_nav_00779,pp_nav_00791,navigable,False
pp_nav_00779,kremenskaya,navigable,True
pp_nav_00779,ilovlya,navigable,True
pp_nav_00779,beljamen,navigable,True
pp_nav_00779,mechet,navigable,True
pp_nav_00780,pp_nav_00796,navigable,False
pp_nav_00780,bykovo,navigable,True
pp_nav_00780,srednyaya_akhtuba,navigable,True
pp_nav_00780,beljamen,navigable,True
pp_nav_00780,mechet,navigable,True
pp_nav_00781,sto_lo,improvable,True
pp_nav_00781,nooksack,improvable,True
pp_nav_00781,whonnock,improvable,True
pp_nav_00782,pp_nav_00783,navigable,False
pp_nav_00782,pp_nav_00789,navigable,False
pp_nav_00782,kremenchuk,navigable,True
pp_nav_00782,usivka,navigable,True
pp_nav_00782,horodyshche,navigable,True
pp_nav_00782,cherkasy,navigable,True
pp_nav_00783,usivka,navigable,True
pp_nav_00783,cherkasy,navigable,True
pp_nav_00784,pp_nav_00795,navigable,False
pp_nav_00784,nemptu,navigable,True
pp_nav_00785,pp_nav_00805,improvable,False
pp_nav_00785,ntiltxitk,improvable,True
pp_nav_00785,sletewsi,improvable,True
pp_nav_00785,kalispel,improvable,True
pp_nav_00786,myshuryn_rih,navigable,True
pp_nav_00786,kremenchuk,navigable,True
pp_nav_00786,usivka,navigable,True
pp_nav_00786,oril,navigable,True
pp_nav_00787,pp_nav_00792,navigable,False
pp_nav_00787,arkhara,navigable,True
pp_nav_00787,jiajin,navigable,True
pp_nav_00788,lichtenberg,navigable,True
pp_nav_00788,pp_nav_00804,improvable,False
pp_nav_00788,germersheim,navigable,True
pp_nav_00788,strasbourg,navigable,True
pp_nav_00788,baden,navigable,True
pp_nav_00788,offenburg,navigable,True
pp_nav_00789,pp_nav_00794,navigable,False
pp_nav_00789,myshuryn_rih,navigable,True
pp_nav_00789,kremenchuk,navigable,True
pp_nav_00789,usivka,navigable,True
pp_nav_00789,oril,navigable,True
pp_nav_00790,pp_nav_00800,barrier,False
pp_nav_00790,ntiltxitk,barrier,True
pp_nav_00790,enselxcin,barrier,True
pp_nav_00791,pp_nav_00798,navigable,False
pp_nav_00791,nizhny_chir,navigable,True
pp_nav_00791,kremenskaya,navigable,True
pp_nav_00791,mechet,navigable,True
pp_nav_00792,pp_nav_00808,navigable,False
pp_nav_00792,arkhara,navigable,True
pp_nav_00792,jiajin,navigable,True
pp_nav_00792,sutara,navigable,True
pp_nav_00793,pp_nav_00799,improvable,False
pp_nav_00793,pp_nav_00801,improvable,False
pp_nav_00793,grafenau,improvable,True
pp_nav_00793,landau,improvable,True
pp_nav_00793,passau,improvable,True
pp_nav_00794,pp_nav_00802,navigable,False
pp_nav_00794,pp_nav_00806,navigable,False
pp_nav_00794,myshuryn_rih,navigable,True
pp_nav_00794,kodak,navigable,True
pp_nav_00794,oril,navigable,True
pp_nav_00795,pp_nav_00803,navigable,False
pp_nav_00795,nemptu,navigable,True
pp_nav_00795,boli,navigable,True
pp_nav_00796,pp_nav_00809,navigable,False
pp_nav_00796,srednyaya_akhtuba,navigable,True
pp_nav_00796,mechet,navigable,True
pp_nav_00796,sarai_al_jadid,navigable,True
pp_nav_00797,pp_nav_00803,navigable,False
pp_nav_00797,boli,navigable,True
pp_nav_00797,urmi,navigable,True
pp_nav_00798,pp_nav_00820,navigable,False
pp_nav_00798,nizhny_chir,navigable,True
pp_nav_00798,aksay,navigable,True
pp_nav_00798,stepanevka,navigable,True
pp_nav_00798,tormosin,navigable,True
pp_nav_00798,mechet,navigable,True
pp_nav_00799,pp_nav_00807,barrier,False
pp_nav_00799,linz,improvable,True
pp_nav_00799,scharding,improvable,True
pp_nav_00799,landau,improvable,True
pp_nav_00799,rohrbach,improvable,True
pp_nav_00799,passau,improvable,True
pp_nav_00800,pp_nav_00830,navigable,False
pp_nav_00800,n_pooh_le,navigable,True
pp_nav_00800,enselxcin,navigable,True
pp_nav_00800,snt_t_ulix,navigable,True
pp_nav_00801,pp_nav_00807,barrier,False
pp_nav_00801,pp_nav_00814,improvable,False
pp_nav_00801,scharding,navigable,True
pp_nav_00801,griesbach,navigable,True
pp_nav_00801,landau,navigable,True
pp_nav_00801,ried,navigable,True
pp_nav_00802,samarchyk,navigable,True
pp_nav_00802,kodak,navigable,True
pp_nav_00802,oril,navigable,True
pp_nav_00803,pp_nav_00812,navigable,False
pp_nav_00803,pp_nav_00815,navigable,False
pp_nav_00803,boli,navigable,True
pp_nav_00804,pp_nav_00831,improvable,False
pp_nav_00804,ensisheim,improvable,True
pp_nav_00804,strasbourg,improvable,True
pp_nav_00804,hachberg,improvable,True
pp_nav_00804,offenburg,improvable,True
pp_nav_00804,benfeld,improvable,True
pp_nav_00805,pp_nav_00818,improvable,False
pp_nav_00805,kalispel,improvable,True
pp_nav_00806,rozdory,navigable,True
pp_nav_00806,samarchyk,navigable,True
pp_nav_00806,kodak,navigable,True
pp_nav_00807,pp_nav_00813,barrier,False
pp_nav_00807,linz,barrier,True
pp_nav_00807,scharding,barrier,True
pp_nav_00807,rohrbach,barrier,True
pp_nav_00808,bidzhan,navigable,True
pp_nav_00808,tulguur,navigable,True
pp_nav_00808,jiajin,navigable,True
pp_nav_00808,sutara,navigable,True
pp_nav_00809,pp_nav_00811,navigable,False
pp_nav_00809,srednyaya_akhtuba,navigable,True
pp_nav_00809,chyorny_yar,navigable,True
pp_nav_00809,sarai_al_jadid,navigable,True
pp_nav_00810,rozdory,navigable,True
pp_nav_00810,pp_nav_00834,navigable,False
pp_nav_00810,kichkas,navigable,True
pp_nav_00810,tomakivka,navigable,True
pp_nav_00810,kodak,navigable,True
pp_nav_00811,pp_nav_00829,navigable,False
pp_nav_00811,bolkhuny,navigable,True
pp_nav_00811,chyorny_yar,navigable,True
pp_nav_00812,pp_nav_00817,navigable,False
pp_nav_00812,boli,navigable,True
pp_nav_00812,lahasusu,navigable,True
pp_nav_00813,linz,improvable,True
pp_nav_00813,wels,improvable,True
pp_nav_00813,amstetten,improvable,True
pp_nav_00813,freistadt,improvable,True
pp_nav_00813,rohrbach,improvable,True
pp_nav_00814,griesbach,improvable,True
pp_nav_00814,braunau,improvable,True
pp_nav_00814,ried,improvable,True
pp_nav_00815,pp_nav_00835,navigable,False
pp_nav_00815,boli,navigable,True
pp_nav_00815,lahasusu,navigable,True
pp_nav_00816,bolkhuny,navigable,True
pp_nav_00816,pologoye_zaymishche,navigable,True
pp_nav_00817,bira,navigable,True
pp_nav_00817,lahasusu,navigable,True
pp_nav_00818,pp_nav_00822,improvable,False
pp_nav_00818,qlispe,navigable,True
pp_nav_00818,kalispel,navigable,True
pp_nav_00819,krems,navigable,True
pp_nav_00819,scheibbs,navigable,True
pp_nav_00819,amstetten,navigable,True
pp_nav_00819,melk,navigable,True
pp_nav_00820,pp_nav_00839,navigable,False
pp_nav_00820,ust_tsimla,navigable,True
pp_nav_00820,aksay,navigable,True
pp_nav_00820,tormosin,navigable,True
pp_nav_00820,nagavskaya,navigable,True
pp_nav_00820,dubovskoye,navigable,True
pp_nav_00821,pp_nav_00827,improvable,False
pp_nav_00821,pp_nav_00832,improvable,False
pp_nav_00821,n_pooh_le,improvable,True
pp_nav_00821,chelan,improvable,True
pp_nav_00821,stata_ketux,improvable,True
pp_nav_00822,pp_nav_00838,improvable,False
pp_nav_00822,qlispe,improvable,True
pp_nav_00822,kaniksu,improvable,True
pp_nav_00823,pp_nav_00825,navigable,False
pp_nav_00823,pp_nav_00828,navigable,False
pp_nav_00823,koostaaka,navigable,True
pp_nav_00823,adixoodagoorahareesh,navigable,True
pp_nav_00824,bruck_leitha,improvable,True
pp_nav_00824,magyarovar,improvable,True
pp_nav_00824,gyor,improvable,True
pp_nav_00825,koostaaka,navigable,True
pp_nav_00825,waahukaahaanu,navigable,True
pp_nav_00825,adixoodagoorahareesh,navigable,True
pp_nav_00826,bira,navigable,True
pp_nav_00826,lahasusu,navigable,True
pp_nav_00827,pp_nav_00837,barrier,False
pp_nav_00827,chelan,improvable,True
pp_nav_00827,stata_ketux,improvable,True
pp_nav_00828,pp_nav_00841,navigable,False
pp_nav_00828,maanaagi_iixodagish,navigable,True
pp_nav_00828,adixoodagoorahareesh,navigable,True
pp_nav_00828,awatixa,navigable,True
pp_nav_00829,pp_nav_00845,navigable,False
pp_nav_00829,bolkhuny,navigable,True
pp_nav_00829,nikolskoye_pontic,navigable,True
pp_nav_00829,chyorny_yar,navigable,True
pp_nav_00830,n_pooh_le,navigable,True
pp_nav_00830,snt_t_ulix,navigable,True
pp_nav_00831,pp_nav_00846,improvable,False
pp_nav_00831,mullheim,improvable,True
pp_nav_00831,ensisheim,improvable,True
pp_nav_00831,basel,improvable,True
pp_nav_00831,hachberg,improvable,True
pp_nav_00831,ferrette,improvable,True
pp_nav_00831,freiburg,improvable,True
pp_nav_00831,mulhouse,improvable,True
pp_nav_00832,n_pooh_le,improvable,True
pp_nav_00832,scqescilni,improvable,True
pp_nav_00833,pp_nav_00853,navigable,False
pp_nav_00833,hajduszoboszlo,navigable,True
pp_nav_00833,miskolc,navigable,True
pp_nav_00833,heves,navigable,True
pp_nav_00833,karcag,navigable,True
pp_nav_00833,szabolcs,navigable,True
pp_nav_00834,pp_nav_00847,navigable,False
pp_nav_00834,pp_nav_00852,navigable,False
pp_nav_00834,kichkas,navigable,True
pp_nav_00834,tomakivka,navigable,True
pp_nav_00834,konski_vody,navigable,True
pp_nav_00834,kuchugur,navigable,True
pp_nav_00835,alchan,navigable,True
pp_nav_00835,pp_nav_00859,navigable,False
pp_nav_00835,boli,navigable,True
pp_nav_00835,lahasusu,navigable,True
pp_nav_00835,katen,navigable,True
pp_nav_00836,pp_nav_00840,improvable,False
pp_nav_00836,pp_nav_00843,improvable,False
pp_nav_00836,buda,improvable,True
pp_nav_00836,esztergom,improvable,True
pp_nav_00836,pest,improvable,True
pp_nav_00836,hont,improvable,True
pp_nav_00836,nograd,improvable,True
pp_nav_00837,pp_nav_00854,barrier,False
pp_nav_00837,pp_nav_00857,barrier,False
pp_nav_00837,wenatchi,barrier,True
pp_nav_00837,chelan,barrier,True
pp_nav_00837,stata_ketux,barrier,True
pp_nav_00838,qlispe,improvable,True
pp_nav_00838,saleesh,improvable,True
pp_nav_00839,pp_nav_00842,navigable,False
pp_nav_00839,ust_tsimla,navigable,True
pp_nav_00839,dubovskoye,navigable,True
pp_nav_00840,tata,navigable,True
pp_nav_00840,esztergom,navigable,True
pp_nav_00840,gyor,navigable,True
pp_nav_00841,pp_nav_00851,navigable,False
pp_nav_00841,awatixa,navigable,True
pp_nav_00842,pp_nav_00849,navigable,False
pp_nav_00842,ust_tsimla,navigable,True
pp_nav_00842,bol_shaya_martynovka,navigable,True
pp_nav_00842,dubovskoye,navigable,True
pp_nav_00843,pp_nav_00872,improvable,False
pp_nav_00843,fehervar,improvable,True
pp_nav_00843,buda,improvable,True
pp_nav_00843,abrahamtelke,improvable,True
pp_nav_00843,pest,improvable,True
pp_nav_00843,adony,improvable,True
pp_nav_00844,pp_nav_00866,navigable,False
pp_nav_00844,tulguur,navigable,True
pp_nav_00844,lahasusu,navigable,True
pp_nav_00844,futi,navigable,True
pp_nav_00845,pp_nav_00864,navigable,False
pp_nav_00845,yenotayevka,navigable,True
pp_nav_00845,rechnoye,navigable,True
pp_nav_00845,mikhaylovka_pontic,navigable,True
pp_nav_00845,nikolskoye_pontic,navigable,True
pp_nav_00846,basel,improvable,True
pp_nav_00846,aarau,improvable,True
pp_nav_00846,solothurn,improvable,True
pp_nav_00846,baden_im_aargau,improvable,True
pp_nav_00846,waldshut,improvable,True
pp_nav_00847,tomakivka,navigable,True
pp_nav_00847,mykytyn_rih,navigable,True
pp_nav_00847,kuchugur,navigable,True
pp_nav_00848,pp_nav_00849,navigable,False
pp_nav_00848,pp_nav_00855,improvable,False
pp_nav_00848,bol_shaya_martynovka,navigable,True
pp_nav_00848,semikarakorsk,navigable,True
pp_nav_00849,bol_shaya_martynovka,navigable,True
pp_nav_00849,semikarakorsk,navigable,True
pp_nav_00850,yenotayevka,navigable,True
pp_nav_00850,rechnoye,navigable,True
pp_nav_00850,mikhaylovka_pontic,navigable,True
pp_nav_00851,pp_nav_00863,navigable,False
pp_nav_00851,amahami,navigable,True
pp_nav_00851,awatixa,navigable,True
pp_nav_00852,pp_nav_00856,navigable,False
pp_nav_00852,velyka_lepetykha,navigable,True
pp_nav_00852,mykytyn_rih,navigable,True
pp_nav_00852,kuchugur,navigable,True
pp_nav_00853,pp_nav_00868,navigable,False
pp_nav_00853,heves,navigable,True
pp_nav_00853,karcag,navigable,True
pp_nav_00853,szolnok,navigable,True
pp_nav_00854,pp_nav_00874,barrier,False
pp_nav_00854,wenatchi,navigable,True
pp_nav_00854,wanapum,navigable,True
pp_nav_00855,pp_nav_00867,improvable,False
pp_nav_00855,shakhty,improvable,True
pp_nav_00855,bagayevskaya,improvable,True
pp_nav_00855,azok,improvable,True
pp_nav_00855,tana,improvable,True
pp_nav_00855,semikarakorsk,improvable,True
pp_nav_00856,pp_nav_00875,navigable,False
pp_nav_00856,velyka_oleksandrivka,navigable,True
pp_nav_00856,rohat_kermen,navigable,True
pp_nav_00856,velyka_lepetykha,navigable,True
pp_nav_00856,tavan,navigable,True
pp_nav_00857,nkee_us,barrier,True
pp_nav_00857,wenatchi,barrier,True
pp_nav_00857,wanapum,barrier,True
pp_nav_00857,stata_ketux,barrier,True
pp_nav_00858,beaupreau,navigable,True
pp_nav_00858,pp_nav_00862,navigable,False
pp_nav_00858,angers,navigable,True
pp_nav_00858,passavant,navigable,True
pp_nav_00858,chateaubriant,navigable,True
pp_nav_00859,alchan,navigable,True
pp_nav_00859,nuoluo,navigable,True
pp_nav_00860,pp_nav_00878,barrier,False
pp_nav_00860,shawinigan,navigable,True
pp_nav_00860,matawin,navigable,True
pp_nav_00860,wayagamac,navigable,True
pp_nav_00861,chinon,navigable,True
pp_nav_00861,angers,navigable,True
pp_nav_00861,saumur,navigable,True
pp_nav_00861,passavant,navigable,True
pp_nav_00861,loudun,navigable,True
pp_nav_00862,beaupreau,navigable,True
pp_nav_00862,pp_nav_00865,navigable,False
pp_nav_00862,nantes,navigable,True
pp_nav_00862,passavant,navigable,True
pp_nav_00862,chateaubriant,navigable,True
pp_nav_00863,pp_nav_00869,navigable,False
pp_nav_00863,pp_nav_00870,navigable,False
pp_nav_00863,ruhptare,navigable,True
pp_nav_00863,manatara,navigable,True
pp_nav_00863,amahami,navigable,True
pp_nav_00863,matootonha,navigable,True
pp_nav_00864,pp_nav_00876,navigable,False
pp_nav_00864,yenotayevka,navigable,True
pp_nav_00864,rechnoye,navigable,True
pp_nav_00865,machecoul,navigable,True
pp_nav_00865,nantes,navigable,True
pp_nav_00866,pp_nav_00871,navigable,False
pp_nav_00866,futi,navigable,True
pp_nav_00867,taganrog_gulf,improvable,False
pp_nav_00867,azok,improvable,True
pp_nav_00867,tana,improvable,True
pp_nav_00868,pp_nav_00881,navigable,False
pp_nav_00868,heves,navigable,True
pp_nav_00868,szeged,navigable,True
pp_nav_00868,szolnok,navigable,True
pp_nav_00869,pp_nav_00888,navigable,False
pp_nav_00869,matootonha,navigable,True
pp_nav_00870,pp_nav_00886,improvable,False
pp_nav_00870,ruhptare,navigable,True
pp_nav_00870,matootonha,navigable,True
pp_nav_00871,wehe,navigable,True
pp_nav_00871,futi,navigable,True
pp_nav_00872,pp_nav_00891,navigable,False
pp_nav_00872,solt,navigable,True
pp_nav_00872,abrahamtelke,navigable,True
pp_nav_00872,tolna,navigable,True
pp_nav_00872,kalocsa,navigable,True
pp_nav_00872,adony,navigable,True
pp_nav_00873,pp_nav_00889,improvable,False
pp_nav_00873,opimika,navigable,True
pp_nav_00873,matabichuan,navigable,True
pp_nav_00874,wanapum,barrier,True
pp_nav_00875,pp_nav_00885,navigable,False
pp_nav_00875,rohat_kermen,navigable,True
pp_nav_00875,aslan_horod,navigable,True
pp_nav_00875,tavan,navigable,True
pp_nav_00876,zamyany,navigable,True
pp_nav_00876,pp_nav_00894,navigable,False
pp_nav_00876,yenotayevka,navigable,True
pp_nav_00876,khosheutovo,navigable,True
pp_nav_00877,talaha,navigable,True
pp_nav_00877,pp_nav_00895,navigable,False
pp_nav_00877,taizhou_jurchen,navigable,True
pp_nav_00878,nebesek,barrier,True
pp_nav_00878,yamachiche,barrier,True
pp_nav_00878,ekwentondie,barrier,True
pp_nav_00878,shawinigan,barrier,True
pp_nav_00878,wolinak,barrier,True
pp_nav_00879,alchan,navigable,True
pp_nav_00879,pp_nav_00900,navigable,False
pp_nav_00879,nuoluo,navigable,True
pp_nav_00879,hulin,navigable,True
pp_nav_00880,mattawa,improvable,True
pp_nav_00880,pp_nav_00897,improvable,False
pp_nav_00880,opimika,improvable,True
pp_nav_00880,kippawa,improvable,True
pp_nav_00880,maganasipi,improvable,True
pp_nav_00881,pp_nav_00901,navigable,False
pp_nav_00881,szeged,navigable,True
pp_nav_00881,mako,navigable,True
pp_nav_00882,andawaohie,navigable,True
pp_nav_00882,wachilmezi,navigable,True
pp_nav_00882,stadacona,navigable,True
pp_nav_00882,kikonteku,navigable,True
pp_nav_00883,pp_nav_00890,improvable,False
pp_nav_00883,wanapum,improvable,True
pp_nav_00883,mamachatpam,improvable,True
pp_nav_00884,pp_nav_00903,improvable,False
pp_nav_00884,negoot,improvable,True
pp_nav_00884,aroostook,improvable,True
pp_nav_00884,becaguimec,improvable,True
pp_nav_00885,ordu_bazar,navigable,True
pp_nav_00885,oleshia,navigable,True
pp_nav_00885,aslan_horod,navigable,True
pp_nav_00886,pp_nav_00907,improvable,False
pp_nav_00886,ruhptare,improvable,True
pp_nav_00886,matootonha,improvable,True
pp_nav_00887,pp_nav_00892,barrier,False
pp_nav_00887,pp_nav_00893,barrier,False
pp_nav_00887,alpo_wa,barrier,True
pp_nav_00887,pa_lus_sa,barrier,True
pp_nav_00888,pp_nav_00906,navigable,False
pp_nav_00888,matootonha,navigable,True
pp_nav_00889,mattawa,improvable,True
pp_nav_00889,pp_nav_00902,improvable,False
pp_nav_00889,opimika,improvable,True
pp_nav_00890,pp_nav_00898,improvable,False
pp_nav_00890,wanapum,improvable,True
pp_nav_00890,mamachatpam,improvable,True
pp_nav_00891,pp_nav_00912,navigable,False
pp_nav_00891,mohacs,navigable,True
pp_nav_00891,baja_hungary,navigable,True
pp_nav_00891,tolna,navigable,True
pp_nav_00891,bodrog,navigable,True
pp_nav_00891,kalocsa,navigable,True
pp_nav_00892,pp_nav_00898,improvable,False
pp_nav_00892,alpo_wa,improvable,True
pp_nav_00893,pp_nav_00910,barrier,False
pp_nav_00893,pa_lus_sa,barrier,True
pp_nav_00893,hinsepu,barrier,True
pp_nav_00894,zamyany,navigable,True
pp_nav_00894,pp_nav_00911,navigable,False
pp_nav_00894,krasny_yar,navigable,True
pp_nav_00894,khosheutovo,navigable,True
pp_nav_00894,astrakhan,navigable,True
pp_nav_00895,talaha,navigable,True
pp_nav_00895,taizhou_jurchen,navigable,True
pp_nav_00895,hurle,navigable,True
pp_nav_00896,whitefish_bay,navigable,False
pp_nav_00896,manitoulin_channel,navigable,False
pp_nav_00896,mackinac,navigable,True
pp_nav_00897,mattawa,navigable,True
pp_nav_00897,pp_nav_00904,barrier,False
pp_nav_00897,maganasipi,navigable,True
pp_nav_00897,petawawa,navigable,True
pp_nav_00898,waluulapam,navigable,True
pp_nav_00898,pp_nav_00918,navigable,False
pp_nav_00898,alpo_wa,navigable,True
pp_nav_00898,mamachatpam,navigable,True
pp_nav_00898,umatilla,navigable,True
pp_nav_00899,pp_nav_00921,navigable,False
pp_nav_00899,chalin,navigable,True
pp_nav_00899,ilan_hala,navigable,True
pp_nav_00899,wehe,navigable,True
pp_nav_00900,alchan,navigable,True
pp_nav_00900,hulin,navigable,True
pp_nav_00900,yiman,navigable,True
pp_nav_00901,kikinda,navigable,True
pp_nav_00901,zenta,navigable,True
pp_nav_00901,szeged,navigable,True
pp_nav_00901,mako,navigable,True
pp_nav_00902,mattawa,navigable,True
pp_nav_00902,pp_nav_00909,navigable,False
pp_nav_00902,petawawa,navigable,True
pp_nav_00903,meductic,navigable,True
pp_nav_00903,pokiok,navigable,True
pp_nav_00903,becaguimec,navigable,True
pp_nav_00904,pp_nav_00913,barrier,False
pp_nav_00904,nichabau,barrier,True
pp_nav_00904,petawawa,barrier,True
pp_nav_00905,pp_nav_00916,improvable,False
pp_nav_00905,chinook_bay,improvable,False
pp_nav_00905,chinook,improvable,True
pp_nav_00905,tillamook,improvable,True
pp_nav_00905,multnomah,improvable,True
pp_nav_00906,pp_nav_00928,navigable,False
pp_nav_00906,marapa,navigable,True
pp_nav_00906,matootonha,navigable,True
pp_nav_00907,pocasse,navigable,True
pp_nav_00907,marapa,navigable,True
pp_nav_00907,matootonha,navigable,True
pp_nav_00908,manitoulin_channel,navigable,False
pp_nav_00908,northern_lake_huron,navigable,False
pp_nav_00908,mackinac,navigable,True
pp_nav_00909,pp_nav_00922,navigable,False
pp_nav_00909,kinozhesipi,navigable,True
pp_nav_00909,petawawa,navigable,True
pp_nav_00910,wallowa,improvable,True
pp_nav_00910,hinsepu,improvable,True
pp_nav_00911,zamyany,navigable,True
pp_nav_00911,ikryanoye,navigable,True
pp_nav_00911,caspian_sea15,navigable,False
pp_nav_00911,astrakhan,navigable,True
pp_nav_00912,pp_nav_00932,navigable,False
pp_nav_00912,mohacs,navigable,True
pp_nav_00912,bacs,navigable,True
pp_nav_00912,bodrog,navigable,True
pp_nav_00913,nichabau,navigable,True
pp_nav_00913,petawawa,navigable,True
pp_nav_00914,bayan_susu,navigable,True
pp_nav_00914,pp_nav_00915,navigable,False
pp_nav_00914,shangjing,navigable,True
pp_nav_00915,bayan_susu,navigable,True
pp_nav_00915,pp_nav_00919,navigable,False
pp_nav_00915,shangjing,navigable,True
pp_nav_00916,pp_nav_00941,navigable,False
pp_nav_00916,multnomah,navigable,True
pp_nav_00916,watlala,navigable,True
pp_nav_00917,nashwaak,navigable,True
pp_nav_00917,pokiok,navigable,True
pp_nav_00917,oromocto,navigable,True
pp_nav_00918,pp_nav_00925,navigable,False
pp_nav_00918,mamachatpam,navigable,True
pp_nav_00918,umatilla,navigable,True
pp_nav_00919,pp_nav_00921,navigable,False
pp_nav_00919,chalin,navigable,True
pp_nav_00919,ilan_hala,navigable,True
pp_nav_00919,shangjing,navigable,True
pp_nav_00920,pp_nav_00936,improvable,False
pp_nav_00920,riverie,improvable,True
pp_nav_00920,vienne,improvable,True
pp_nav_00920,villars,improvable,True
pp_nav_00920,lyon,improvable,True
pp_nav_00920,la_tour_du_pin,improvable,True
pp_nav_00921,chalin,navigable,True
pp_nav_00921,ilan_hala,navigable,True
pp_nav_00922,pp_nav_00930,improvable,False
pp_nav_00922,nichabau,navigable,True
pp_nav_00922,kinozhesipi,navigable,True
pp_nav_00922,quyon,navigable,True
pp_nav_00922,petawawa,navigable,True
pp_nav_00923,pp_nav_00937,improvable,False
pp_nav_00923,otnabog,navigable,True
pp_nav_00923,menahkwesk,navigable,True
pp_nav_00923,pokiok,navigable,True
pp_nav_00923,oromocto,navigable,True
pp_nav_00924,pp_nav_00931,navigable,False
pp_nav_00924,hulawen,navigable,True
pp_nav_00924,shangjing,navigable,True
pp_nav_00925,pp_nav_00927,navigable,False
pp_nav_00925,takspaslama,navigable,True
pp_nav_00925,tayxlama,navigable,True
pp_nav_00925,umatilla,navigable,True
pp_nav_00926,pp_nav_00947,improvable,False
pp_nav_00926,wallowa,improvable,True
pp_nav_00926,kamiahpu,improvable,True
pp_nav_00926,hinsepu,improvable,True
pp_nav_00927,pp_nav_00929,improvable,False
pp_nav_00927,wishram,navigable,True
pp_nav_00927,tayxlama,navigable,True
pp_nav_00928,pp_nav_00951,navigable,False
pp_nav_00928,cerwecerna,navigable,True
pp_nav_00928,pocasse,navigable,True
pp_nav_00928,marapa,navigable,True
pp_nav_00929,pp_nav_00934,improvable,False
pp_nav_00929,wishram,improvable,True
pp_nav_00929,watlala,improvable,True
pp_nav_00930,pp_nav_00942,improvable,False
pp_nav_00930,kinozhesipi,improvable,True
pp_nav_00930,quyon,improvable,True
pp_nav_00930,matoueska,improvable,True
pp_nav_00930,kitchissippi,improvable,True
pp_nav_00930,maizinaazibi,improvable,True
pp_nav_00931,pp_nav_00940,navigable,False
pp_nav_00931,boduna,navigable,True
pp_nav_00931,hulawen,navigable,True
pp_nav_00932,pp_nav_00944,navigable,False
pp_nav_00932,vukovar,navigable,True
pp_nav_00932,mohacs,navigable,True
pp_nav_00932,bacs,navigable,True
pp_nav_00932,osijek,navigable,True
pp_nav_00933,pp_nav_00939,navigable,False
pp_nav_00933,kitchissippi,navigable,True
pp_nav_00933,weskarini,navigable,True
pp_nav_00933,okaisipi,navigable,True
pp_nav_00933,onontchataronon,navigable,True
pp_nav_00934,watlala,navigable,True
pp_nav_00935,talaha,navigable,True
pp_nav_00935,pp_nav_00940,navigable,False
pp_nav_00935,pp_nav_00948,navigable,False
pp_nav_00935,boduna,navigable,True
pp_nav_00935,huolin,navigable,True
pp_nav_00935,zhaozhou_jurchen,navigable,True
pp_nav_00936,romans,navigable,True
pp_nav_00936,tournon,navigable,True
pp_nav_00936,riverie,navigable,True
pp_nav_00936,vienne,navigable,True
pp_nav_00936,saint_etienne,navigable,True
pp_nav_00937,bay_of_fundy,improvable,False
pp_nav_00937,menahkwesk,improvable,True
pp_nav_00938,pp_nav_00953,navigable,False
pp_nav_00938,pp_nav_00962,navigable,False
pp_nav_00938,titel,navigable,True
pp_nav_00938,modos,navigable,True
pp_nav_00938,petrovaradin,navigable,True
pp_nav_00938,pancevo,navigable,True
pp_nav_00938,veliky_beckerek,navigable,True
pp_nav_00939,kitchissippi,navigable,True
pp_nav_00939,okaisipi,navigable,True
pp_nav_00939,nagatinong,navigable,True
pp_nav_00940,boduna,navigable,True
pp_nav_00940,zhaozhou_jurchen,navigable,True
pp_nav_00941,pp_nav_00956,navigable,False
pp_nav_00941,atfalati,navigable,True
pp_nav_00941,multnomah,navigable,True
pp_nav_00941,watlala,navigable,True
pp_nav_00942,kitchissippi,navigable,True
pp_nav_00942,nagatinong,navigable,True
pp_nav_00943,ismail,navigable,True
pp_nav_00943,chilia,navigable,True
pp_nav_00943,tulcea,navigable,True
pp_nav_00944,pp_nav_00953,navigable,False
pp_nav_00944,vukovar,navigable,True
pp_nav_00944,bacs,navigable,True
pp_nav_00944,ilok,navigable,True
pp_nav_00945,pp_nav_00950,navigable,False
pp_nav_00945,pp_nav_00954,navigable,False
pp_nav_00945,braila,navigable,True
pp_nav_00945,isaccea,navigable,True
pp_nav_00945,galati,navigable,True
pp_nav_00945,reni,navigable,True
pp_nav_00946,pp_nav_00950,navigable,False
pp_nav_00946,north_danube_delta,navigable,False
pp_nav_00946,ismail,navigable,True
pp_nav_00946,tulcea,navigable,True
pp_nav_00947,pp_nav_00971,improvable,False
pp_nav_00947,wallowa,improvable,True
pp_nav_00947,kamiahpu,improvable,True
pp_nav_00948,pp_nav_00970,navigable,False
pp_nav_00948,boduna,navigable,True
pp_nav_00949,pp_nav_00952,navigable,False
pp_nav_00949,pp_nav_00955,navigable,False
pp_nav_00949,pp_nav_00960,navigable,False
pp_nav_00949,pakrac,navigable,True
pp_nav_00949,dubica,navigable,True
pp_nav_00949,pozega,navigable,True
pp_nav_00949,gradiski_brod,navigable,True
pp_nav_00950,ismail,navigable,True
pp_nav_00950,isaccea,navigable,True
pp_nav_00950,tulcea,navigable,True
pp_nav_00950,reni,navigable,True
pp_nav_00951,pp_nav_00975,navigable,False
pp_nav_00951,cerwecerna,navigable,True
pp_nav_00951,okobojo,navigable,True
pp_nav_00952,dubica,navigable,True
pp_nav_00952,gradiski_brod,navigable,True
pp_nav_00953,petrovaradin,navigable,True
pp_nav_00953,sremska_mitrovica,navigable,True
pp_nav_00953,ilok,navigable,True
pp_nav_00954,pp_nav_00981,navigable,False
pp_nav_00954,harsova,navigable,True
pp_nav_00954,braila,navigable,True
pp_nav_00954,orasul_de_floci,navigable,True
pp_nav_00954,viziru,navigable,True
pp_nav_00955,pp_nav_00958,navigable,False
pp_nav_00955,pp_nav_00960,navigable,False
pp_nav_00955,doboj,navigable,True
pp_nav_00955,pozega,navigable,True
pp_nav_00955,glaz,navigable,True
pp_nav_00955,gradiski_brod,navigable,True
pp_nav_00956,atfalati,navigable,True
pp_nav_00956,kalapuya,navigable,True
pp_nav_00957,pp_nav_00959,navigable,False
pp_nav_00957,fiorenzuola,navigable,True
pp_nav_00957,pavia,navigable,True
pp_nav_00957,voghera,navigable,True
pp_nav_00957,lodi,navigable,True
pp_nav_00957,piacenza,navigable,True
pp_nav_00957,cremona,navigable,True
pp_nav_00958,pp_nav_00964,navigable,False
pp_nav_00958,vukovar,navigable,True
pp_nav_00958,doboj,navigable,True
pp_nav_00958,srebrenik,navigable,True
pp_nav_00958,pozega,navigable,True
pp_nav_00959,pp_nav_00961,navigable,False
pp_nav_00959,fiorenzuola,navigable,True
pp_nav_00959,sandonnino,navigable,True
pp_nav_00959,cremona,navigable,True
pp_nav_00959,parma,navigable,True
pp_nav_00960,doboj,navigable,True
pp_nav_00960,glaz,navigable,True
pp_nav_00960,gradiski_brod,navigable,True
pp_nav_00961,guastalla,navigable,True
pp_nav_00961,casalmaggiore,navigable,True
pp_nav_00961,mantova,navigable,True
pp_nav_00961,parma,navigable,True
pp_nav_00962,pp_nav_00974,navigable,False
pp_nav_00962,pp_nav_00979,improvable,False
pp_nav_00962,belgrad,navigable,True
pp_nav_00962,petrovaradin,navigable,True
pp_nav_00962,pancevo,navigable,True
pp_nav_00963,pp_nav_00966,navigable,False
pp_nav_00963,mirandola,navigable,True
pp_nav_00963,nonantola,navigable,True
pp_nav_00963,ostiglia,navigable,True
pp_nav_00963,ficarolo,navigable,True
pp_nav_00963,guastalla,navigable,True
pp_nav_00963,ferrara,navigable,True
pp_nav_00964,teocak,navigable,True
pp_nav_00964,pp_nav_00968,navigable,False
pp_nav_00964,srebrenik,navigable,True
pp_nav_00964,ilok,navigable,True
pp_nav_00965,pp_nav_00977,navigable,False
pp_nav_00965,toniato,navigable,True
pp_nav_00965,kaniatarahontsi,navigable,True
pp_nav_00965,kahwenoke,navigable,True
pp_nav_00965,ahkwesasne_ny,navigable,True
pp_nav_00966,po_delta,navigable,False
pp_nav_00966,comacchio,navigable,True
pp_nav_00966,rovigo,navigable,True
pp_nav_00966,ferrara,navigable,True
pp_nav_00966,chioggia,navigable,True
pp_nav_00967,pp_nav_00983,improvable,False
pp_nav_00967,bazas,navigable,True
pp_nav_00967,bordeaux,navigable,True
pp_nav_00967,benauges,navigable,True
pp_nav_00967,la_teste_de_buch,navigable,True
pp_nav_00967,belin,navigable,True
pp_nav_00968,teocak,navigable,True
pp_nav_00968,pp_nav_00979,improvable,False
pp_nav_00968,sabac,navigable,True
pp_nav_00968,sremska_mitrovica,navigable,True
pp_nav_00968,ilok,navigable,True
pp_nav_00969,viviers,improvable,True
pp_nav_00969,tournon,improvable,True
pp_nav_00969,privas,improvable,True
pp_nav_00969,valence,improvable,True
pp_nav_00970,nongan,navigable,True
pp_nav_00970,boduna,navigable,True
pp_nav_00971,pp_nav_00987,navigable,False
pp_nav_00971,payette,navigable,True
pp_nav_00971,kamiahpu,navigable,True
pp_nav_00971,nyssa,navigable,True
pp_nav_00972,pp_nav_00976,improvable,False
pp_nav_00972,pp_nav_00982,barrier,False
pp_nav_00972,carasova,improvable,True
pp_nav_00972,branicevo,improvable,True
pp_nav_00972,kovin,improvable,True
pp_nav_00973,barchkend,navigable,True
pp_nav_00973,kamyskala,navigable,True
pp_nav_00973,asanas,navigable,True
pp_nav_00974,belgrad,navigable,True
pp_nav_00974,smederevo,navigable,True
pp_nav_00974,pancevo,navigable,True
pp_nav_00975,pp_nav_00985,navigable,False
pp_nav_00975,cerwecerna,navigable,True
pp_nav_00975,wakmua_oin,navigable,True
pp_nav_00975,okobojo,navigable,True
pp_nav_00975,shichah,navigable,True
pp_nav_00976,branicevo,navigable,True
pp_nav_00976,kovin,navigable,True
pp_nav_00976,smederevo,navigable,True
pp_nav_00977,bay_of_quinte,navigable,False
pp_nav_00977,nikahionhwakowa,navigable,True
pp_nav_00977,gananoque,navigable,True
pp_nav_00977,toniato,navigable,True
pp_nav_00977,kaniatarahontsi,navigable,True
pp_nav_00978,pp_nav_00986,navigable,False
pp_nav_00978,lahontan,navigable,True
pp_nav_00978,wapkawazioju,navigable,True
pp_nav_00979,belgrad,improvable,True
pp_nav_00979,sabac,improvable,True
pp_nav_00979,petrovaradin,improvable,True
pp_nav_00979,sremska_mitrovica,improvable,True
pp_nav_00979,debrc,improvable,True
pp_nav_00980,pp_nav_00982,barrier,False
pp_nav_00980,pp_nav_00984,improvable,False
pp_nav_00980,visesav,improvable,True
pp_nav_00980,kucevo,improvable,True
pp_nav_00980,mihalt,improvable,True
pp_nav_00981,pp_nav_00991,navigable,False
pp_nav_00981,cernavoda,navigable,True
pp_nav_00981,cegani,navigable,True
pp_nav_00981,harsova,navigable,True
pp_nav_00981,orasul_de_floci,navigable,True
pp_nav_00982,carasova,barrier,True
pp_nav_00982,branicevo,barrier,True
pp_nav_00982,kucevo,barrier,True
pp_nav_00983,marmande,improvable,True
pp_nav_00983,bazas,improvable,True
pp_nav_00983,agen,improvable,True
pp_nav_00984,pp_nav_00989,navigable,False
pp_nav_00984,visesav,navigable,True
pp_nav_00984,severin,navigable,True
pp_nav_00984,plenita,navigable,True
pp_nav_00985,pp_nav_00990,navigable,False
pp_nav_00985,shichah,navigable,True
pp_nav_00986,wapkawazioju,navigable,True
pp_nav_00986,hahawakpa,navigable,True
pp_nav_00987,payette,navigable,True
pp_nav_00987,nyssa,navigable,True
pp_nav_00988,st_ambroix,improvable,True
pp_nav_00988,avignon,improvable,True
pp_nav_00988,orange,improvable,True
pp_nav_00988,tarascon,improvable,True
pp_nav_00988,uzes,improvable,True
pp_nav_00989,pp_nav_00996,navigable,False
pp_nav_00989,visesav,navigable,True
pp_nav_00989,calafat,navigable,True
pp_nav_00989,plenita,navigable,True
pp_nav_00989,vidin,navigable,True
pp_nav_00990,pp_nav_00994,navigable,False
pp_nav_00990,wakmua_oin,navigable,True
pp_nav_00990,shichah,navigable,True
pp_nav_00991,pp_nav_00992,improvable,False
pp_nav_00991,pp_nav_00993,navigable,False
pp_nav_00991,cernavoda,navigable,True
pp_nav_00991,cegani,navigable,True
pp_nav_00991,lichiresti,navigable,True
pp_nav_00991,drastar,navigable,True
pp_nav_00992,tutrakan,improvable,True
pp_nav_00992,lichiresti,improvable,True
pp_nav_00992,drastar,improvable,True
pp_nav_00993,pp_nav_00995,navigable,False
pp_nav_00993,tutrakan,navigable,True
pp_nav_00993,drastar,navigable,True
pp_nav_00994,pp_nav_01004,navigable,False
pp_nav_00994,wakmua_oin,navigable,True
pp_nav_00994,chagu,navigable,True
pp_nav_00994,shichah,navigable,True
pp_nav_00994,kaya_paha,navigable,True
pp_nav_00995,pp_nav_01002,navigable,False
pp_nav_00995,tutrakan,navigable,True
pp_nav_00995,zimnicea,navigable,True
pp_nav_00995,giurgiu,navigable,True
pp_nav_00995,ruse,navigable,True
pp_nav_00995,cherven,navigable,True
pp_nav_00996,pp_nav_00999,navigable,False
pp_nav_00996,lom,navigable,True
pp_nav_00996,calafat,navigable,True
pp_nav_00996,archar,navigable,True
pp_nav_00996,vidin,navigable,True
pp_nav_00997,penaca,improvable,True
pp_nav_00997,pp_nav_01006,improvable,False
pp_nav_00997,hahawakpa,improvable,True
pp_nav_00998,kiwigapawa,navigable,True
pp_nav_00998,enookwasaneenah,navigable,True
pp_nav_00998,hahawakpa,navigable,True
pp_nav_00999,pp_nav_01001,navigable,False
pp_nav_00999,lom,navigable,True
pp_nav_00999,oryahovo,navigable,True
pp_nav_01000,pp_nav_01002,navigable,False
pp_nav_01000,pp_nav_01003,navigable,False
pp_nav_01000,nikopol,navigable,True
pp_nav_01000,zimnicea,navigable,True
pp_nav_01000,gigen,navigable,True
pp_nav_01000,turnu_magurele,navigable,True
pp_nav_01000,cherven,navigable,True
pp_nav_01001,pp_nav_01003,navigable,False
pp_nav_01001,nikopol,navigable,True
pp_nav_01001,gigen,navigable,True
pp_nav_01001,oryahovo,navigable,True
pp_nav_01002,nikopol,navigable,True
pp_nav_01002,zimnicea,navigable,True
pp_nav_01002,cherven,navigable,True
pp_nav_01003,nikopol,navigable,True
pp_nav_01004,pp_nav_01010,navigable,False
pp_nav_01004,kaya_paha,navigable,True
pp_nav_01005,pp_nav_01011,navigable,False
pp_nav_01005,otrar,navigable,True
pp_nav_01005,kyr_uzkand,navigable,True
pp_nav_01005,karnak,navigable,True
pp_nav_01005,sawran,navigable,True
pp_nav_01005,artyk_ata,navigable,True
pp_nav_01006,penaca,navigable,True
pp_nav_01006,pp_nav_01015,navigable,False
pp_nav_01006,kiwigapawa,navigable,True
pp_nav_01006,hahawakpa,navigable,True
pp_nav_01007,niagara,barrier,True
pp_nav_01007,eastern_erie_basin,barrier,False
pp_nav_01007,tiotoren,barrier,True
pp_nav_01007,niagara_basin,barrier,False
pp_nav_01007,thahnawate,barrier,True
pp_nav_01008,niagara,barrier,True
pp_nav_01008,eastern_erie_basin,barrier,False
pp_nav_01008,niagara_basin,barrier,False
pp_nav_01009,pp_nav_01017,navigable,False
pp_nav_01009,xojeli,navigable,True
pp_nav_01009,qonirat,navigable,True
pp_nav_01009,shimbay,navigable,True
pp_nav_01010,pp_nav_01014,navigable,False
pp_nav_01010,niobrara,navigable,True
pp_nav_01010,kaya_paha,navigable,True
pp_nav_01011,pp_nav_01018,navigable,False
pp_nav_01011,otrar,navigable,True
pp_nav_01011,zemukh,navigable,True
pp_nav_01011,mardankuyik,navigable,True
pp_nav_01011,artyk_ata,navigable,True
pp_nav_01012,lake_st_clair,navigable,False
pp_nav_01012,blue_point,navigable,False
pp_nav_01012,bkwejanong,navigable,True
pp_nav_01012,osaakiiwaki,navigable,True
pp_nav_01013,pp_nav_01014,improvable,False
pp_nav_01013,pp_nav_01016,improvable,False
pp_nav_01013,aowa,improvable,True
pp_nav_01013,oyate_shisha,improvable,True
pp_nav_01014,niobrara,navigable,True
pp_nav_01014,chagu,navigable,True
pp_nav_01014,aowa,navigable,True
pp_nav_01015,penaca,navigable,True
pp_nav_01015,pp_nav_01020,navigable,False
pp_nav_01015,wapsipinicon,navigable,True
pp_nav_01016,pp_nav_01019,navigable,False
pp_nav_01016,aowa,navigable,True
pp_nav_01017,pp_nav_01022,navigable,False
pp_nav_01017,xojeli,navigable,True
pp_nav_01017,nyzvar,navigable,True
pp_nav_01017,shimbay,navigable,True
pp_nav_01018,pp_nav_01024,navigable,False
pp_nav_01018,zhaushikumtobe,navigable,True
pp_nav_01018,sutkent,navigable,True
pp_nav_01018,zemukh,navigable,True
pp_nav_01018,mardankuyik,navigable,True
pp_nav_01019,pp_nav_01027,navigable,False
pp_nav_01019,monona,navigable,True
pp_nav_01019,aowa,navigable,True
pp_nav_01020,pp_nav_01026,navigable,False
pp_nav_01020,wapsipinicon,navigable,True
pp_nav_01021,waawiiyaataanong,navigable,True
pp_nav_01021,pelee_island,navigable,False
pp_nav_01021,ganatchio,navigable,True
pp_nav_01022,pp_nav_01025,navigable,False
pp_nav_01022,kath,navigable,True
pp_nav_01022,nyzvar,navigable,True
pp_nav_01022,kyat_kala,navigable,True
pp_nav_01022,shimbay,navigable,True
pp_nav_01023,pp_nav_01030,navigable,False
pp_nav_01023,ponkhockie,navigable,True
pp_nav_01023,kitchawanc,navigable,True
pp_nav_01023,poughkeepsie,navigable,True
pp_nav_01024,pp_nav_01032,navigable,False
pp_nav_01024,zhaushikumtobe,navigable,True
pp_nav_01024,sutkent,navigable,True
pp_nav_01024,zemukh,navigable,True
pp_nav_01025,pp_nav_01031,navigable,False
pp_nav_01025,kath,navigable,True
pp_nav_01025,kyat_kala,navigable,True
pp_nav_01026,pecatonica,navigable,True
pp_nav_01026,ahsenisiipi,navigable,True
pp_nav_01026,wapsipinicon,navigable,True
pp_nav_01027,pp_nav_01033,navigable,False
pp_nav_01027,omaha,navigable,True
pp_nav_01027,aowa,navigable,True
pp_nav_01028,long_island_sound,navigable,False
pp_nav_01028,saukiog,navigable,True
pp_nav_01028,quinnipiac,navigable,True
pp_nav_01028,nehantuck,navigable,True
pp_nav_01029,pp_nav_01035,navigable,False
pp_nav_01029,coiracoentanon,navigable,True
pp_nav_01029,ahsenisiipi,navigable,True
pp_nav_01029,wapsipinicon,navigable,True
pp_nav_01030,pp_nav_01040,navigable,False
pp_nav_01030,nochpeem,navigable,True
pp_nav_01030,kitchawanc,navigable,True
pp_nav_01030,manhattan,navigable,True
pp_nav_01030,tappan,navigable,True
pp_nav_01031,kath,navigable,True
pp_nav_01031,hazarasp,navigable,True
pp_nav_01031,kyat_kala,navigable,True
pp_nav_01032,pp_nav_01039,navigable,False
pp_nav_01032,zhaushikumtobe,navigable,True
pp_nav_01032,sutkent,navigable,True
pp_nav_01032,chach,navigable,True
pp_nav_01033,omaha,navigable,True
pp_nav_01033,nishnabotna,navigable,True
pp_nav_01034,shleter_cove,barrier,False
pp_nav_01034,humboldty_bay,barrier,False
pp_nav_01034,hoilkut,barrier,True
pp_nav_01034,oohl,barrier,True
pp_nav_01035,coiracoentanon,navigable,True
pp_nav_01035,ahsenisiipi,navigable,True
pp_nav_01036,flix,improvable,True
pp_nav_01036,caspe,improvable,True
pp_nav_01037,pp_nav_01049,navigable,False
pp_nav_01037,coiracoentanon,navigable,True
pp_nav_01037,moingwena,navigable,True
pp_nav_01037,peewareewa,navigable,True
pp_nav_01038,porto,barrier,True
pp_nav_01038,cape_mondego,barrier,False
pp_nav_01038,lamego,barrier,True
pp_nav_01038,feira,barrier,True
pp_nav_01039,chach,navigable,True
pp_nav_01040,raritan_bay,navigable,False
pp_nav_01040,hackensack,navigable,True
pp_nav_01040,manhattan,navigable,True
pp_nav_01040,tappan,navigable,True
pp_nav_01041,pp_nav_01054,navigable,False
pp_nav_01041,omaha,navigable,True
pp_nav_01041,nishnabotna,navigable,True
pp_nav_01041,nemaha,navigable,True
pp_nav_01042,pp_nav_01043,navigable,False
pp_nav_01042,pp_nav_01045,navigable,False
pp_nav_01042,uraqai,navigable,True
pp_nav_01042,aerzhai,navigable,True
pp_nav_01042,bayannur,navigable,True
pp_nav_01043,pp_nav_01052,navigable,False
pp_nav_01043,uraqai,navigable,True
pp_nav_01043,aerzhai,navigable,True
pp_nav_01044,pp_nav_01055,navigable,False
pp_nav_01044,mattawana,navigable,True
pp_nav_01044,shamokin,navigable,True
pp_nav_01044,juniata,navigable,True
pp_nav_01045,pp_nav_01057,navigable,False
pp_nav_01045,aerzhai,navigable,True
pp_nav_01045,bayannur,navigable,True
pp_nav_01046,mahoning_oh,improvable,True
pp_nav_01046,pp_nav_01048,improvable,False
pp_nav_01046,pp_nav_01051,improvable,False
pp_nav_01046,saucunk,improvable,True
pp_nav_01046,wihlink,improvable,True
pp_nav_01046,captina,improvable,True
pp_nav_01046,allegheny,improvable,True
pp_nav_01047,pp_nav_01061,improvable,False
pp_nav_01047,darganata,navigable,True
pp_nav_01048,saucunk,improvable,True
pp_nav_01048,allegheny,improvable,True
pp_nav_01049,pp_nav_01060,navigable,False
pp_nav_01049,moingwena,navigable,True
pp_nav_01049,wyaconda,navigable,True
pp_nav_01049,peewareewa,navigable,True
pp_nav_01050,pp_nav_01053,navigable,False
pp_nav_01050,pp_nav_01056,navigable,False
pp_nav_01050,yunnei,navigable,True
pp_nav_01050,yinshan,navigable,True
pp_nav_01050,hebin,navigable,True
pp_nav_01051,pp_nav_01065,barrier,False
pp_nav_01051,wihlink,navigable,True
pp_nav_01051,captina,navigable,True
pp_nav_01052,pp_nav_01053,navigable,False
pp_nav_01052,yinshan,navigable,True
pp_nav_01052,uraqai,navigable,True
pp_nav_01052,hebin,navigable,True
pp_nav_01052,aerzhai,navigable,True
pp_nav_01053,yinshan,navigable,True
pp_nav_01053,hebin,navigable,True
pp_nav_01054,pp_nav_01063,navigable,False
pp_nav_01054,shuntaneshnanga,navigable,True
pp_nav_01054,nemaha,navigable,True
pp_nav_01055,paxtang,navigable,True
pp_nav_01055,conewago,navigable,True
pp_nav_01055,connatachequa,navigable,True
pp_nav_01055,shamokin,navigable,True
pp_nav_01055,juniata,navigable,True
pp_nav_01056,pp_nav_01058,navigable,False
pp_nav_01056,yunnei,navigable,True
pp_nav_01056,hebin,navigable,True
pp_nav_01057,pp_nav_01068,navigable,False
pp_nav_01057,aerzhai,navigable,True
pp_nav_01057,bayannur,navigable,True
pp_nav_01058,pp_nav_01066,navigable,False
pp_nav_01058,yunnei,navigable,True
pp_nav_01058,hebin,navigable,True
pp_nav_01058,dongsheng,navigable,True
pp_nav_01058,ningbian,navigable,True
pp_nav_01059,amonokoa,navigable,True
pp_nav_01059,sangamon,navigable,True
pp_nav_01059,peoria,navigable,True
pp_nav_01060,pp_nav_01072,navigable,False
pp_nav_01060,oahaha,navigable,True
pp_nav_01060,wyaconda,navigable,True
pp_nav_01061,pp_nav_01071,improvable,False
pp_nav_01061,daya_kathyn,improvable,True
pp_nav_01061,darganata,improvable,True
pp_nav_01062,upper_chesapeake_bay,navigable,False
pp_nav_01062,conewago,navigable,True
pp_nav_01062,wicontiss,navigable,True
pp_nav_01062,attaock,navigable,True
pp_nav_01063,pp_nav_01070,navigable,False
pp_nav_01063,shuntaneshnanga,navigable,True
pp_nav_01063,nodaway,navigable,True
pp_nav_01064,pp_nav_01073,navigable,False
pp_nav_01064,amonokoa,navigable,True
pp_nav_01064,sangamon,navigable,True
pp_nav_01064,macoupin,navigable,True
pp_nav_01065,pp_nav_01074,barrier,False
pp_nav_01065,muskingum,barrier,True
pp_nav_01065,onimgohow,barrier,True
pp_nav_01065,wihlink,barrier,True
pp_nav_01065,captina,barrier,True
pp_nav_01066,pp_nav_01075,navigable,False
pp_nav_01066,piantouguan,navigable,True
pp_nav_01066,hequ,navigable,True
pp_nav_01066,hebin,navigable,True
pp_nav_01066,ningbian,navigable,True
pp_nav_01067,caspian_sea6,navigable,False
pp_nav_01067,salyan,navigable,True
pp_nav_01067,mahmudabad,navigable,True
pp_nav_01067,mughan,navigable,True
pp_nav_01068,pp_nav_01078,navigable,False
pp_nav_01068,dingyuan_lingzhou,navigable,True
pp_nav_01068,aerzhai,navigable,True
pp_nav_01069,upper_chesapeake_bay,improvable,False
pp_nav_01069,tesinigh,improvable,True
pp_nav_01069,wicontiss,improvable,True
pp_nav_01069,attaock,improvable,True
pp_nav_01070,pp_nav_01080,navigable,False
pp_nav_01070,shuntaneshnanga,navigable,True
pp_nav_01070,nodaway,navigable,True
pp_nav_01071,pp_nav_01079,navigable,False
pp_nav_01071,daya_kathyn,navigable,True
pp_nav_01071,alat,navigable,True
pp_nav_01071,amol_turkmenabad,navigable,True
pp_nav_01072,pp_nav_01081,improvable,False
pp_nav_01072,oahaha,navigable,True
pp_nav_01073,pp_nav_01081,improvable,False
pp_nav_01073,pp_nav_01090,navigable,False
pp_nav_01073,tamaroa,navigable,True
pp_nav_01073,macoupin,navigable,True
pp_nav_01074,pp_nav_01082,improvable,False
pp_nav_01074,muskingum,improvable,True
pp_nav_01074,onimgohow,improvable,True
pp_nav_01074,ethapetha,improvable,True
pp_nav_01075,pp_nav_01088,navigable,False
pp_nav_01075,baode,navigable,True
pp_nav_01075,hequ,navigable,True
pp_nav_01075,hebin,navigable,True
pp_nav_01075,fugu,navigable,True
pp_nav_01076,pp_nav_01083,navigable,False
pp_nav_01076,nudarcha,navigable,True
pp_nav_01077,emasulia,navigable,True
pp_nav_01077,nudarcha,navigable,True
pp_nav_01078,pp_nav_01094,navigable,False
pp_nav_01078,dingyuan_lingzhou,navigable,True
pp_nav_01078,otog,navigable,True
pp_nav_01079,pp_nav_01087,navigable,False
pp_nav_01079,alat,navigable,True
pp_nav_01079,amol_turkmenabad,navigable,True
pp_nav_01079,firabr,navigable,True
pp_nav_01080,pp_nav_01083,navigable,False
pp_nav_01080,nudarcha,navigable,True
pp_nav_01080,shuntaneshnanga,navigable,True
pp_nav_01080,kansas,navigable,True
pp_nav_01081,tamaroa,improvable,True
pp_nav_01081,oahaha,improvable,True
pp_nav_01081,macoupin,improvable,True
pp_nav_01082,pp_nav_01086,improvable,False
pp_nav_01082,onimgohow,navigable,True
pp_nav_01082,ethapetha,navigable,True
pp_nav_01082,kanawha,navigable,True
pp_nav_01083,nudarcha,navigable,True
pp_nav_01084,pp_nav_01085,navigable,False
pp_nav_01084,pp_nav_01091,navigable,False
pp_nav_01084,cuttawba,navigable,True
pp_nav_01084,assereniet,navigable,True
pp_nav_01084,oheyandewa,navigable,True
pp_nav_01085,cuttawba,navigable,True
pp_nav_01085,oheyandewa,navigable,True
pp_nav_01086,pp_nav_01096,improvable,False
pp_nav_01086,pp_nav_01102,improvable,False
pp_nav_01086,ethapetha,improvable,True
pp_nav_01086,kanawha,improvable,True
pp_nav_01087,pp_nav_01103,navigable,False
pp_nav_01087,khoja_idat_kala,navigable,True
pp_nav_01087,navidakh,navigable,True
pp_nav_01087,amol_turkmenabad,navigable,True
pp_nav_01087,firabr,navigable,True
pp_nav_01088,pp_nav_01105,navigable,False
pp_nav_01088,hehe,navigable,True
pp_nav_01088,baode,navigable,True
pp_nav_01088,shenmu,navigable,True
pp_nav_01088,fugu,navigable,True
pp_nav_01089,pp_nav_01101,navigable,False
pp_nav_01089,emasulia,navigable,True
pp_nav_01090,pp_nav_01093,navigable,False
pp_nav_01090,pp_nav_01097,navigable,False
pp_nav_01090,cahokia,navigable,True
pp_nav_01090,tamaroa,navigable,True
pp_nav_01090,kaskaskia,navigable,True
pp_nav_01091,pp_nav_01099,navigable,False
pp_nav_01091,cuttawba,navigable,True
pp_nav_01091,assereniet,navigable,True
pp_nav_01091,eskalapia,navigable,True
pp_nav_01092,pp_nav_01104,navigable,False
pp_nav_01092,arguvan,navigable,True
pp_nav_01092,malatya,navigable,True
pp_nav_01092,arapgir,navigable,True
pp_nav_01092,keban,navigable,True
pp_nav_01093,pp_nav_01100,improvable,False
pp_nav_01093,tamaroa,navigable,True
pp_nav_01094,pp_nav_01108,improvable,False
pp_nav_01094,dingyuan_lingzhou,navigable,True
pp_nav_01094,lingzhou,navigable,True
pp_nav_01094,ningxia,navigable,True
pp_nav_01094,otog,navigable,True
pp_nav_01095,ouasioto,navigable,True
pp_nav_01095,pp_nav_01102,improvable,False
pp_nav_01095,ethapetha,navigable,True
pp_nav_01095,scioto,navigable,True
pp_nav_01095,eskalapia,navigable,True
pp_nav_01096,moneton,improvable,True
pp_nav_01096,kanawha,improvable,True
pp_nav_01097,pp_nav_01110,navigable,False
pp_nav_01097,chepoussa,navigable,True
pp_nav_01097,tamaroa,navigable,True
pp_nav_01097,kaskaskia,navigable,True
pp_nav_01098,pp_nav_01107,navigable,False
pp_nav_01098,cuttawba,navigable,True
pp_nav_01098,lewekeomi,navigable,True
pp_nav_01098,oheyandewa,navigable,True
pp_nav_01099,scioto,navigable,True
pp_nav_01099,assereniet,navigable,True
pp_nav_01099,eskalapia,navigable,True
pp_nav_01100,emasulia,improvable,True
pp_nav_01100,tamaroa,improvable,True
pp_nav_01101,emasulia,navigable,True
pp_nav_01102,ouasioto,improvable,True
pp_nav_01102,ethapetha,improvable,True
pp_nav_01102,kanawha,improvable,True
pp_nav_01103,pp_nav_01112,navigable,False
pp_nav_01103,khoja_idat_kala,navigable,True
pp_nav_01103,navidakh,navigable,True
pp_nav_01104,pp_nav_01109,improvable,False
pp_nav_01104,gerger,navigable,True
pp_nav_01104,malatya,navigable,True
pp_nav_01104,harput,navigable,True
pp_nav_01104,sivrice,navigable,True
pp_nav_01104,keban,navigable,True
pp_nav_01105,pp_nav_01114,barrier,False
pp_nav_01105,kaiguang,navigable,True
pp_nav_01105,hehe,navigable,True
pp_nav_01105,jiazhou,navigable,True
pp_nav_01105,shenmu,navigable,True
pp_nav_01105,kehu,navigable,True
pp_nav_01106,pp_nav_01115,navigable,False
pp_nav_01106,pawwikamsipi,navigable,True
pp_nav_01106,patoka,navigable,True
pp_nav_01106,mitchigamea,navigable,True
pp_nav_01107,pp_nav_01111,navigable,False
pp_nav_01107,gichthanne,navigable,True
pp_nav_01107,tywhapita,navigable,True
pp_nav_01107,lewekeomi,navigable,True
pp_nav_01107,oheyandewa,navigable,True
pp_nav_01108,pp_nav_01120,improvable,False
pp_nav_01108,lingwu,improvable,True
pp_nav_01108,lingzhou,improvable,True
pp_nav_01108,mingsha,improvable,True
pp_nav_01108,ningxia,improvable,True
pp_nav_01109,pp_nav_01119,improvable,False
pp_nav_01109,gerger,improvable,True
pp_nav_01109,cermik,improvable,True
pp_nav_01109,kahta,improvable,True
pp_nav_01109,sivrice,improvable,True
pp_nav_01109,siverek,improvable,True
pp_nav_01110,pp_nav_01118,navigable,False
pp_nav_01110,chepoussa,navigable,True
pp_nav_01111,pp_nav_01113,navigable,False
pp_nav_01111,gichthanne,navigable,True
pp_nav_01111,tywhapita,navigable,True
pp_nav_01112,pp_nav_01123,navigable,False
pp_nav_01112,khoja_idat_kala,navigable,True
pp_nav_01112,navidakh,navigable,True
pp_nav_01112,kerki,navigable,True
pp_nav_01112,akhsisek,navigable,True
pp_nav_01113,pp_nav_01116,navigable,False
pp_nav_01113,aaboukingon,navigable,True
pp_nav_01113,gichthanne,navigable,True
pp_nav_01113,tywhapita,navigable,True
pp_nav_01114,pp_nav_01131,barrier,False
pp_nav_01114,linxian,barrier,True
pp_nav_01114,jiazhou,barrier,True
pp_nav_01114,dinghu,barrier,True
pp_nav_01114,kehu,barrier,True
pp_nav_01115,pp_nav_01116,navigable,False
pp_nav_01115,pp_nav_01121,navigable,False
pp_nav_01115,aaboukingon,navigable,True
pp_nav_01115,patoka,navigable,True
pp_nav_01115,mitchigamea,navigable,True
pp_nav_01115,kuttawa,navigable,True
pp_nav_01116,aaboukingon,navigable,True
pp_nav_01116,patoka,navigable,True
pp_nav_01117,pp_nav_01125,barrier,False
pp_nav_01117,araska,improvable,True
pp_nav_01117,ragh,improvable,True
pp_nav_01117,kham_bahar,improvable,True
pp_nav_01118,chepoussa,navigable,True
pp_nav_01119,pp_nav_01130,navigable,False
pp_nav_01119,samsat,navigable,True
pp_nav_01119,urfa,navigable,True
pp_nav_01119,kahta,navigable,True
pp_nav_01119,birecik,navigable,True
pp_nav_01119,siverek,navigable,True
pp_nav_01120,pp_nav_01129,improvable,False
pp_nav_01120,mingsha,improvable,True
pp_nav_01120,yingli,improvable,True
pp_nav_01121,pp_nav_01132,navigable,False
pp_nav_01121,mitchigamea,navigable,True
pp_nav_01121,kuttawa,navigable,True
pp_nav_01122,pp_nav_01134,barrier,False
pp_nav_01122,barqaid,barrier,True
pp_nav_01122,sirnak,barrier,True
pp_nav_01122,eruh,barrier,True
pp_nav_01122,cizre,barrier,True
pp_nav_01122,hasankeyf,barrier,True
pp_nav_01123,pp_nav_01128,navigable,False
pp_nav_01123,kerki,navigable,True
pp_nav_01123,kelif,navigable,True
pp_nav_01123,khamyab,navigable,True
pp_nav_01123,akhsisek,navigable,True
pp_nav_01124,pp_nav_01136,navigable,False
pp_nav_01124,farkhor,navigable,True
pp_nav_01124,vakhs,navigable,True
pp_nav_01124,arkhan,navigable,True
pp_nav_01124,qubodijon,navigable,True
pp_nav_01124,aiwanj,navigable,True
pp_nav_01125,pp_nav_01137,barrier,False
pp_nav_01125,farkhor,barrier,True
pp_nav_01125,araska,barrier,True
pp_nav_01126,pp_nav_01135,navigable,False
pp_nav_01126,gaoyuan_jinan,navigable,True
pp_nav_01126,bohai,navigable,True
pp_nav_01126,laizhou_bay,navigable,False
pp_nav_01126,lijin,navigable,True
pp_nav_01126,boxing,navigable,True
pp_nav_01127,pp_nav_01140,navigable,False
pp_nav_01127,chepoussa,navigable,True
pp_nav_01127,towosaghy,navigable,True
pp_nav_01127,mitchigamea,navigable,True
pp_nav_01128,pp_nav_01133,navigable,False
pp_nav_01128,kelif,navigable,True
pp_nav_01128,khamyab,navigable,True
pp_nav_01129,pp_nav_01139,improvable,False
pp_nav_01129,fuchuan_ningxia,improvable,True
pp_nav_01129,lutang,improvable,True
pp_nav_01129,yingli,improvable,True
pp_nav_01130,pp_nav_01143,navigable,False
pp_nav_01130,samsat,navigable,True
pp_nav_01130,birecik,navigable,True
pp_nav_01130,kaysun,navigable,True
pp_nav_01130,dluk,navigable,True
pp_nav_01131,pp_nav_01148,improvable,False
pp_nav_01131,jiazhou,navigable,True
pp_nav_01131,qingjian,navigable,True
pp_nav_01131,dinghu,navigable,True
pp_nav_01131,suide,navigable,True
pp_nav_01131,shilou,navigable,True
pp_nav_01132,pp_nav_01140,navigable,False
pp_nav_01132,pp_nav_01142,navigable,False
pp_nav_01132,charquis,navigable,True
pp_nav_01132,mitchigamea,navigable,True
pp_nav_01132,kuttawa,navigable,True
pp_nav_01133,termez,navigable,True
pp_nav_01133,pp_nav_01138,navigable,False
pp_nav_01133,kelif,navigable,True
pp_nav_01133,khamyab,navigable,True
pp_nav_01133,zadian,navigable,True
pp_nav_01134,barqaid,navigable,True
pp_nav_01134,sirnak,navigable,True
pp_nav_01135,yanci,navigable,True
pp_nav_01135,jiyang,navigable,True
pp_nav_01135,pp_nav_01145,navigable,False
pp_nav_01135,gaoyuan_jinan,navigable,True
pp_nav_01135,bohai,navigable,True
pp_nav_01135,qidong,navigable,True
pp_nav_01136,pp_nav_01137,improvable,False
pp_nav_01136,farkhor,navigable,True
pp_nav_01136,arkhan,navigable,True
pp_nav_01137,farkhor,improvable,True
pp_nav_01137,arkhan,improvable,True
pp_nav_01137,kishim,improvable,True
pp_nav_01137,araska,improvable,True
pp_nav_01138,termez,navigable,True
pp_nav_01138,kunduz,navigable,True
pp_nav_01138,zadian,navigable,True
pp_nav_01138,aiwanj,navigable,True
pp_nav_01138,khulm,navigable,True
pp_nav_01139,pp_nav_01151,improvable,False
pp_nav_01139,fuchuan_ningxia,navigable,True
pp_nav_01139,lutang,navigable,True
pp_nav_01140,pp_nav_01147,navigable,False
pp_nav_01140,charquis,navigable,True
pp_nav_01140,towosaghy,navigable,True
pp_nav_01140,mitchigamea,navigable,True
pp_nav_01141,pp_nav_01149,navigable,False
pp_nav_01141,kaibab,navigable,True
pp_nav_01141,shungopavi,navigable,True
pp_nav_01142,pp_nav_01146,navigable,False
pp_nav_01142,pp_nav_01150,navigable,False
pp_nav_01142,charquis,navigable,True
pp_nav_01142,kuttawa,navigable,True
pp_nav_01143,pp_nav_01154,navigable,False
pp_nav_01143,manbij,navigable,True
pp_nav_01143,suruc,navigable,True
pp_nav_01143,birecik,navigable,True
pp_nav_01143,dluk,navigable,True
pp_nav_01144,pp_nav_01153,improvable,False
pp_nav_01144,barqaid,improvable,True
pp_nav_01144,duhok,improvable,True
pp_nav_01144,balad,improvable,True
pp_nav_01145,jiyang,navigable,True
pp_nav_01145,pp_nav_01152,navigable,False
pp_nav_01145,licheng,navigable,True
pp_nav_01145,zhangqiu,navigable,True
pp_nav_01145,qidong,navigable,True
pp_nav_01145,qihe,navigable,True
pp_nav_01146,pp_nav_01156,navigable,False
pp_nav_01146,shawanoe,navigable,True
pp_nav_01146,cuttaway,navigable,True
pp_nav_01146,charquis,navigable,True
pp_nav_01146,kaskinampo,navigable,True
pp_nav_01146,kuttawa,navigable,True
pp_nav_01147,pp_nav_01155,navigable,False
pp_nav_01147,charquis,navigable,True
pp_nav_01147,towosaghy,navigable,True
pp_nav_01147,obion,navigable,True
pp_nav_01148,pp_nav_01159,improvable,False
pp_nav_01148,yanchang,improvable,True
pp_nav_01148,qingjian,improvable,True
pp_nav_01148,yonghe,improvable,True
pp_nav_01148,shilou,improvable,True
pp_nav_01148,yanchuan,improvable,True
pp_nav_01148,daning,improvable,True
pp_nav_01149,kaibab,navigable,True
pp_nav_01149,uinkaret,navigable,True
pp_nav_01149,shungopavi,navigable,True
pp_nav_01150,pp_nav_01163,navigable,False
pp_nav_01150,charquis,navigable,True
pp_nav_01150,kaskinampo,navigable,True
pp_nav_01151,pp_nav_01157,improvable,False
pp_nav_01151,fuchuan_ningxia,improvable,True
pp_nav_01151,kangu,improvable,True
pp_nav_01152,pp_nav_01161,navigable,False
pp_nav_01152,changqing,navigable,True
pp_nav_01152,licheng,navigable,True
pp_nav_01152,qihe,navigable,True
pp_nav_01152,pingyin,navigable,True
pp_nav_01152,donge,navigable,True
pp_nav_01153,pp_nav_01158,improvable,False
pp_nav_01153,mosul,navigable,True
pp_nav_01153,duhok,navigable,True
pp_nav_01153,balad,navigable,True
pp_nav_01154,pp_nav_01164,navigable,False
pp_nav_01154,manbij,navigable,True
pp_nav_01154,suruc,navigable,True
pp_nav_01154,al_bab,navigable,True
pp_nav_01154,jabar,navigable,True
pp_nav_01155,pp_nav_01162,navigable,False
pp_nav_01155,towosaghy,navigable,True
pp_nav_01155,obion,navigable,True
pp_nav_01156,pp_nav_01160,navigable,False
pp_nav_01156,shawanoe,navigable,True
pp_nav_01156,kaskinampo,navigable,True
pp_nav_01156,daguwanalahi,navigable,True
pp_nav_01156,spithota,navigable,True
pp_nav_01157,pp_nav_01165,improvable,False
pp_nav_01157,lanzhou,improvable,True
pp_nav_01157,kangu,improvable,True
pp_nav_01158,qayyarah,improvable,True
pp_nav_01158,mosul,improvable,True
pp_nav_01159,pp_nav_01182,improvable,False
pp_nav_01159,yanchang,improvable,True
pp_nav_01159,hancheng,improvable,True
pp_nav_01159,yichuan,improvable,True
pp_nav_01159,hejin,improvable,True
pp_nav_01159,jizhou,improvable,True
pp_nav_01159,daning,improvable,True
pp_nav_01159,xiangning,improvable,True
pp_nav_01160,daguwanalahi,navigable,True
pp_nav_01160,spithota,navigable,True
pp_nav_01161,pp_nav_01171,navigable,False
pp_nav_01161,pingyin,navigable,True
pp_nav_01161,yanggu_yanzhou,navigable,True
pp_nav_01161,donge,navigable,True
pp_nav_01161,xucheng,navigable,True
pp_nav_01162,pp_nav_01175,navigable,False
pp_nav_01162,casqui,navigable,True
pp_nav_01162,hatchie,navigable,True
pp_nav_01162,towosaghy,navigable,True
pp_nav_01162,obion,navigable,True
pp_nav_01163,pp_nav_01181,navigable,False
pp_nav_01163,kaskinampo,navigable,True
pp_nav_01163,cussate,navigable,True
pp_nav_01164,pp_nav_01174,navigable,False
pp_nav_01164,tabqah,navigable,True
pp_nav_01164,al_bab,navigable,True
pp_nav_01164,maskanah,navigable,True
pp_nav_01164,jabar,navigable,True
pp_nav_01165,pp_nav_01173,improvable,False
pp_nav_01165,lanzhou,navigable,True
pp_nav_01165,dingqiang,navigable,True
pp_nav_01165,kangu,navigable,True
pp_nav_01166,gushan,improvable,True
pp_nav_01166,pp_nav_01168,improvable,False
pp_nav_01166,pp_nav_01169,improvable,False
pp_nav_01166,guide,improvable,True
pp_nav_01166,jishi,improvable,True
pp_nav_01167,moapa,navigable,True
pp_nav_01167,hwalbay,navigable,True
pp_nav_01167,havasu,navigable,True
pp_nav_01168,pp_nav_01176,barrier,False
pp_nav_01168,chabcha,navigable,True
pp_nav_01168,guide,navigable,True
pp_nav_01169,gushan,improvable,True
pp_nav_01169,pp_nav_01173,improvable,False
pp_nav_01169,jishi,improvable,True
pp_nav_01170,pp_nav_01196,improvable,False
pp_nav_01170,qayyarah,improvable,True
pp_nav_01170,al_sinn,improvable,True
pp_nav_01171,pp_nav_01183,navigable,False
pp_nav_01171,yuncheng,navigable,True
pp_nav_01171,juancheng,navigable,True
pp_nav_01171,fanxian,navigable,True
pp_nav_01171,shouzhang,navigable,True
pp_nav_01171,yanggu_yanzhou,navigable,True
pp_nav_01171,xucheng,navigable,True
pp_nav_01172,satapo,navigable,True
pp_nav_01172,pp_nav_01177,navigable,False
pp_nav_01172,coste,navigable,True
pp_nav_01173,gushan,improvable,True
pp_nav_01173,dingqiang,improvable,True
pp_nav_01173,hezhou,improvable,True
pp_nav_01173,jishi,improvable,True
pp_nav_01174,pp_nav_01179,navigable,False
pp_nav_01174,tabqah,navigable,True
pp_nav_01174,raqqa,navigable,True
pp_nav_01174,jabar,navigable,True
pp_nav_01175,casqui,navigable,True
pp_nav_01175,hatchie,navigable,True
pp_nav_01175,chucalissa,navigable,True
pp_nav_01176,pp_nav_01192,barrier,False
pp_nav_01176,chabcha,barrier,True
pp_nav_01176,guide,barrier,True
pp_nav_01176,amnye_machen,barrier,True
pp_nav_01176,sailahai,barrier,True
pp_nav_01177,satapo,navigable,True
pp_nav_01177,chatanugi,navigable,True
pp_nav_01177,chestowee,navigable,True
pp_nav_01178,pp_nav_01188,barrier,False
pp_nav_01178,bunji,barrier,True
pp_nav_01178,skardu,barrier,True
pp_nav_01178,gilgit,barrier,True
pp_nav_01179,pp_nav_01186,navigable,False
pp_nav_01179,tabqah,navigable,True
pp_nav_01179,raqqa,navigable,True
pp_nav_01179,deir_ez_zor,navigable,True
pp_nav_01179,busayrah,navigable,True
pp_nav_01180,pp_nav_01191,navigable,False
pp_nav_01180,tulsa,navigable,True
pp_nav_01180,tawehash,navigable,True
pp_nav_01181,pp_nav_01200,navigable,False
pp_nav_01181,cussate,navigable,True
pp_nav_01182,pp_nav_01205,improvable,False
pp_nav_01182,wanquan,improvable,True
pp_nav_01182,hancheng,improvable,True
pp_nav_01182,hejin,improvable,True
pp_nav_01182,heyang_xian,improvable,True
pp_nav_01182,linjin,improvable,True
pp_nav_01183,pp_nav_01199,navigable,False
pp_nav_01183,puyang,navigable,True
pp_nav_01183,changyuan,navigable,True
pp_nav_01183,jiyin,navigable,True
pp_nav_01183,juancheng,navigable,True
pp_nav_01183,fanxian,navigable,True
pp_nav_01183,dongming,navigable,True
pp_nav_01184,palisema,navigable,True
pp_nav_01184,calpista,navigable,True
pp_nav_01184,coligua,navigable,True
pp_nav_01185,pp_nav_01198,barrier,False
pp_nav_01185,skardu,barrier,True
pp_nav_01186,pp_nav_01204,navigable,False
pp_nav_01186,rahba,navigable,True
pp_nav_01186,deir_ez_zor,navigable,True
pp_nav_01186,busayrah,navigable,True
pp_nav_01187,pp_nav_01188,barrier,False
pp_nav_01187,pp_nav_01195,navigable,False
pp_nav_01187,chilas,navigable,True
pp_nav_01187,tangir,navigable,True
pp_nav_01187,dasu,navigable,True
pp_nav_01188,bunji,barrier,True
pp_nav_01188,chilas,barrier,True
pp_nav_01188,astore,barrier,True
pp_nav_01189,casqui,navigable,True
pp_nav_01189,chucalissa,navigable,True
pp_nav_01189,pacaha,navigable,True
pp_nav_01190,pp_nav_01191,navigable,False
pp_nav_01190,pp_nav_01193,navigable,False
pp_nav_01190,quipana,navigable,True
pp_nav_01190,tula_ark,navigable,True
pp_nav_01190,tanico,navigable,True
pp_nav_01191,tula_ark,navigable,True
pp_nav_01191,tawehash,navigable,True
pp_nav_01192,pp_nav_01214,barrier,False
pp_nav_01192,lungkya,barrier,True
pp_nav_01192,amnye_machen,barrier,True
pp_nav_01192,sailahai,barrier,True
pp_nav_01193,pp_nav_01201,improvable,False
pp_nav_01193,quipana,navigable,True
pp_nav_01193,tutilcoya,navigable,True
pp_nav_01193,tanico,navigable,True
pp_nav_01193,anoixi,navigable,True
pp_nav_01194,chatanugi,navigable,True
pp_nav_01194,utsutigway,navigable,True
pp_nav_01195,jijial,navigable,True
pp_nav_01195,baligram,navigable,True
pp_nav_01195,dasu,navigable,True
pp_nav_01196,pp_nav_01210,improvable,False
pp_nav_01196,al_sinn,navigable,True
pp_nav_01196,tikrit,navigable,True
pp_nav_01197,pp_nav_01219,navigable,False
pp_nav_01197,aha_macav,navigable,True
pp_nav_01197,havasu,navigable,True
pp_nav_01198,skardu,barrier,True
pp_nav_01198,lamayuru,barrier,True
pp_nav_01199,pp_nav_01209,navigable,False
pp_nav_01199,kaifeng,navigable,True
pp_nav_01199,lanyang,navigable,True
pp_nav_01199,fengqiu,navigable,True
pp_nav_01199,changyuan,navigable,True
pp_nav_01199,dongming,navigable,True
pp_nav_01200,ongoulastoga,navigable,True
pp_nav_01200,pp_nav_01213,navigable,False
pp_nav_01200,hogehege,navigable,True
pp_nav_01200,cussate,navigable,True
pp_nav_01200,cootcla,navigable,True
pp_nav_01201,pp_nav_01211,improvable,False
pp_nav_01201,tutilcoya,improvable,True
pp_nav_01201,utiangue,improvable,True
pp_nav_01201,anoixi,improvable,True
pp_nav_01202,pp_nav_01222,navigable,False
pp_nav_01202,tutilpinco,navigable,True
pp_nav_01202,calpista,navigable,True
pp_nav_01202,utiangue,navigable,True
pp_nav_01202,quigate,navigable,True
pp_nav_01203,pp_nav_01217,navigable,False
pp_nav_01203,chucalissa,navigable,True
pp_nav_01203,quizquiz,navigable,True
pp_nav_01203,quigate,navigable,True
pp_nav_01203,pacaha,navigable,True
pp_nav_01204,pp_nav_01221,navigable,False
pp_nav_01204,rahba,navigable,True
pp_nav_01204,abu_kemal,navigable,True
pp_nav_01204,busayrah,navigable,True
pp_nav_01205,huayin,navigable,True
pp_nav_01205,hedong,navigable,True
pp_nav_01205,ruicheng,navigable,True
pp_nav_01205,tongzhou,navigable,True
pp_nav_01205,heyang_xian,navigable,True
pp_nav_01205,linjin,navigable,True
pp_nav_01206,pp_nav_01212,improvable,False
pp_nav_01206,mengjin,improvable,True
pp_nav_01206,xiaxian,improvable,True
pp_nav_01206,pinglu,improvable,True
pp_nav_01206,mianchi,improvable,True
pp_nav_01206,xinan,improvable,True
pp_nav_01206,yuanqu,improvable,True
pp_nav_01206,jiyuan,improvable,True
pp_nav_01207,pp_nav_01216,navigable,False
pp_nav_01207,utsutigway,navigable,True
pp_nav_01207,callamaco,navigable,True
pp_nav_01207,hytop,navigable,True
pp_nav_01208,pp_nav_01209,navigable,False
pp_nav_01208,gongxian,navigable,True
pp_nav_01208,xingyang,navigable,True
pp_nav_01208,guancheng_zhengzhou,navigable,True
pp_nav_01208,yuanyang,navigable,True
pp_nav_01208,wuzhi,navigable,True
pp_nav_01208,wenxian,navigable,True
pp_nav_01209,kaifeng,navigable,True
pp_nav_01209,fengqiu,navigable,True
pp_nav_01209,guancheng_zhengzhou,navigable,True
pp_nav_01209,zhongmu,navigable,True
pp_nav_01209,yuanyang,navigable,True
pp_nav_01210,pp_nav_01227,improvable,False
pp_nav_01210,samarra,improvable,True
pp_nav_01210,ukbara,improvable,True
pp_nav_01210,tikrit,improvable,True
pp_nav_01211,pp_nav_01226,navigable,False
pp_nav_01211,ayays,navigable,True
pp_nav_01211,utiangue,navigable,True
pp_nav_01212,pp_nav_01220,navigable,False
pp_nav_01212,ruicheng,navigable,True
pp_nav_01212,shanxian,navigable,True
pp_nav_01212,lingbao,navigable,True
pp_nav_01212,pinglu,navigable,True
pp_nav_01212,mianchi,navigable,True
pp_nav_01213,hogehege,navigable,True
pp_nav_01213,cootcla,navigable,True
pp_nav_01214,lungkya,navigable,True
pp_nav_01214,sailahai,navigable,True
pp_nav_01215,pp_nav_01230,improvable,False
pp_nav_01215,agror,improvable,True
pp_nav_01215,baligram,improvable,True
pp_nav_01216,pp_nav_01223,improvable,False
pp_nav_01216,koasati,navigable,True
pp_nav_01216,callamaco,navigable,True
pp_nav_01216,hytop,navigable,True
pp_nav_01217,taposa,navigable,True
pp_nav_01217,pp_nav_01229,navigable,False
pp_nav_01217,anilco,navigable,True
pp_nav_01217,quizquiz,navigable,True
pp_nav_01217,quigate,navigable,True
pp_nav_01218,pp_nav_01223,improvable,False
pp_nav_01218,koasati,navigable,True
pp_nav_01218,hogehege,navigable,True
pp_nav_01218,cootcla,navigable,True
pp_nav_01219,pp_nav_01232,navigable,False
pp_nav_01219,aha_macav,navigable,True
pp_nav_01219,halchidoma,navigable,True
pp_nav_01220,huayin,navigable,True
pp_nav_01220,ruicheng,navigable,True
pp_nav_01220,lingbao,navigable,True
pp_nav_01220,wenxiang,navigable,True
pp_nav_01221,abu_kemal,navigable,True
pp_nav_01221,anah,navigable,True
pp_nav_01222,pp_nav_01234,navigable,False
pp_nav_01222,tutilpinco,navigable,True
pp_nav_01222,anilco,navigable,True
pp_nav_01222,quigate,navigable,True
pp_nav_01223,koasati,improvable,True
pp_nav_01224,pp_nav_01228,improvable,False
pp_nav_01224,jalalabad,improvable,True
pp_nav_01224,asadabad_kunar,improvable,True
pp_nav_01224,lalpur,improvable,True
pp_nav_01225,anah,navigable,True
pp_nav_01225,haditha,navigable,True
pp_nav_01226,pp_nav_01234,navigable,False
pp_nav_01226,ayays,navigable,True
pp_nav_01227,samarra,navigable,True
pp_nav_01227,khalis,navigable,True
pp_nav_01227,ukbara,navigable,True
pp_nav_01228,pp_nav_01233,improvable,False
pp_nav_01228,jalalabad,improvable,True
pp_nav_01228,peshawar,improvable,True
pp_nav_01228,lalpur,improvable,True
pp_nav_01228,mardan,improvable,True
pp_nav_01229,taposa,navigable,True
pp_nav_01229,pp_nav_01234,navigable,False
pp_nav_01229,quigualtam,navigable,True
pp_nav_01229,anilco,navigable,True
pp_nav_01230,pp_nav_01233,improvable,False
pp_nav_01230,pp_nav_01236,improvable,False
pp_nav_01230,attock,improvable,True
pp_nav_01230,sherwan,improvable,True
pp_nav_01230,agror,improvable,True
pp_nav_01230,peshawar,improvable,True
pp_nav_01230,baligram,improvable,True
pp_nav_01230,mardan,improvable,True
pp_nav_01231,pp_nav_01237,navigable,False
pp_nav_01231,haditha,navigable,True
pp_nav_01231,hit,navigable,True
pp_nav_01231,ar_rabb,navigable,True
pp_nav_01232,pp_nav_01239,navigable,False
pp_nav_01232,halchidoma,navigable,True
pp_nav_01233,peshawar,navigable,True
pp_nav_01233,mardan,navigable,True
pp_nav_01234,pp_nav_01238,navigable,False
pp_nav_01234,tutilpinco,navigable,True
pp_nav_01234,ayays,navigable,True
pp_nav_01234,anilco,navigable,True
pp_nav_01235,pp_nav_01245,navigable,False
pp_nav_01235,khalis,navigable,True
pp_nav_01235,baqubah,navigable,True
pp_nav_01235,ukbara,navigable,True
pp_nav_01236,pp_nav_01246,improvable,False
pp_nav_01236,attock,improvable,True
pp_nav_01236,pindi_gheb,improvable,True
pp_nav_01236,kohat,improvable,True
pp_nav_01236,peshawar,improvable,True
pp_nav_01236,mardan,improvable,True
pp_nav_01237,hit,navigable,True
pp_nav_01237,ar_rabb,navigable,True
pp_nav_01237,al_anbar,navigable,True
pp_nav_01238,pp_nav_01248,navigable,False
pp_nav_01238,quigualtam,navigable,True
pp_nav_01238,anilco,navigable,True
pp_nav_01238,guachoyo,navigable,True
pp_nav_01239,pp_nav_01255,improvable,False
pp_nav_01239,halchidoma,navigable,True
pp_nav_01239,kwatsaan,navigable,True
pp_nav_01240,pp_nav_01244,navigable,False
pp_nav_01240,winnee,navigable,True
pp_nav_01240,santee,navigable,True
pp_nav_01240,hymahi,navigable,True
pp_nav_01240,etiwan,navigable,True
pp_nav_01241,pp_nav_01257,navigable,False
pp_nav_01241,naguatex,navigable,True
pp_nav_01241,amaye,navigable,True
pp_nav_01242,winyah,navigable,True
pp_nav_01243,pp_nav_01258,navigable,False
pp_nav_01243,tiou,navigable,True
pp_nav_01243,koroa,navigable,True
pp_nav_01244,wando,navigable,True
pp_nav_01244,winnee,navigable,True
pp_nav_01244,winyah,navigable,True
pp_nav_01244,etiwan,navigable,True
pp_nav_01245,baghdad,navigable,True
pp_nav_01245,baqubah,navigable,True
pp_nav_01246,pp_nav_01260,navigable,False
pp_nav_01246,dinkot,navigable,True
pp_nav_01246,isakhel,navigable,True
pp_nav_01246,pindi_gheb,navigable,True
pp_nav_01246,kohat,navigable,True
pp_nav_01247,pp_nav_01259,navigable,False
pp_nav_01247,baghdad,navigable,True
pp_nav_01247,karbala,navigable,True
pp_nav_01247,ar_rabb,navigable,True
pp_nav_01247,al_anbar,navigable,True
pp_nav_01248,yazoo,navigable,True
pp_nav_01248,pp_nav_01269,navigable,False
pp_nav_01248,quigualtam,navigable,True
pp_nav_01248,guachoyo,navigable,True
pp_nav_01248,tunica,navigable,True
pp_nav_01249,zhaoxin,navigable,True
pp_nav_01249,wuhe,navigable,True
pp_nav_01249,linhuai,navigable,True
pp_nav_01250,pp_nav_01253,navigable,False
pp_nav_01250,pp_nav_01256,improvable,False
pp_nav_01250,rasyal,navigable,True
pp_nav_01250,kishtwar,navigable,True
pp_nav_01250,banihal,navigable,True
pp_nav_01250,udamphur,navigable,True
pp_nav_01251,pp_nav_01264,navigable,False
pp_nav_01251,baghdad,navigable,True
pp_nav_01251,dayr_aqul,navigable,True
pp_nav_01251,an_nil,navigable,True
pp_nav_01252,pp_nav_01271,navigable,False
pp_nav_01252,gujrat,navigable,True
pp_nav_01252,kohtali,navigable,True
pp_nav_01252,khewra,navigable,True
pp_nav_01252,dina,navigable,True
pp_nav_01253,kishtwar,navigable,True
pp_nav_01254,pp_nav_01261,navigable,False
pp_nav_01254,zhongli,navigable,True
pp_nav_01254,zhaoxin,navigable,True
pp_nav_01254,wuhe,navigable,True
pp_nav_01255,kwatsaan,improvable,True
pp_nav_01256,pp_nav_01274,improvable,False
pp_nav_01256,gujrat,improvable,True
pp_nav_01256,rasyal,improvable,True
pp_nav_01256,sialkot,improvable,True
pp_nav_01256,jammu,improvable,True
pp_nav_01256,udamphur,improvable,True
pp_nav_01256,bhimber,improvable,True
pp_nav_01257,pp_nav_01284,navigable,False
pp_nav_01257,naguatex,navigable,True
pp_nav_01257,doustioni,navigable,True
pp_nav_01258,yazoo,navigable,True
pp_nav_01258,koroa,navigable,True
pp_nav_01259,pp_nav_01281,navigable,False
pp_nav_01259,baghdad,navigable,True
pp_nav_01259,karbala,navigable,True
pp_nav_01259,an_nil,navigable,True
pp_nav_01259,hillah,navigable,True
pp_nav_01260,dinkot,navigable,True
pp_nav_01260,isakhel,navigable,True
pp_nav_01261,guzhen,navigable,True
pp_nav_01261,zhongli,navigable,True
pp_nav_01261,huaiyuan,navigable,True
pp_nav_01261,wuhe,navigable,True
pp_nav_01262,pp_nav_01265,barrier,False
pp_nav_01262,pp_nav_01268,barrier,False
pp_nav_01262,shangjin,barrier,True
pp_nav_01262,xunyang,barrier,True
pp_nav_01263,pp_nav_01272,navigable,False
pp_nav_01263,xiacai,navigable,True
pp_nav_01263,zhongli,navigable,True
pp_nav_01263,shouchun,navigable,True
pp_nav_01263,huaiyuan,navigable,True
pp_nav_01264,pp_nav_01273,navigable,False
pp_nav_01264,dayr_aqul,navigable,True
pp_nav_01264,an_nil,navigable,True
pp_nav_01264,numaniyyah,navigable,True
pp_nav_01265,yun,navigable,True
pp_nav_01265,pp_nav_01266,improvable,False
pp_nav_01265,shangjin,navigable,True
pp_nav_01265,xunyang,navigable,True
pp_nav_01265,yunxi,navigable,True
pp_nav_01265,huanglong,navigable,True
pp_nav_01266,yun,improvable,True
pp_nav_01266,pp_nav_01275,improvable,False
pp_nav_01266,wudang,improvable,True
pp_nav_01266,huanglong,improvable,True
pp_nav_01267,taliepacana,navigable,True
pp_nav_01267,consha,navigable,True
pp_nav_01268,xunyang,barrier,True
pp_nav_01268,xicheng,barrier,True
pp_nav_01268,goupingguan,barrier,True
pp_nav_01269,yazoo,navigable,True
pp_nav_01269,pp_nav_01287,navigable,False
pp_nav_01269,tunica,navigable,True
pp_nav_01270,pp_nav_01291,navigable,False
pp_nav_01270,tensas,navigable,True
pp_nav_01270,ouachita,navigable,True
pp_nav_01271,pp_nav_01279,navigable,False
pp_nav_01271,gujrat,navigable,True
pp_nav_01271,busal,navigable,True
pp_nav_01271,khewra,navigable,True
pp_nav_01271,bhera,navigable,True
pp_nav_01272,xiacai,navigable,True
pp_nav_01272,shouchun,navigable,True
pp_nav_01272,yingshang,navigable,True
pp_nav_01273,pp_nav_01276,navigable,False
pp_nav_01273,dayr_aqul,navigable,True
pp_nav_01273,numaniyyah,navigable,True
pp_nav_01273,bakusaya,navigable,True
pp_nav_01273,wasit,navigable,True
pp_nav_01274,pp_nav_01285,navigable,False
pp_nav_01274,gujrat,navigable,True
pp_nav_01274,busal,navigable,True
pp_nav_01274,eminabad,navigable,True
pp_nav_01274,sialkot,navigable,True
pp_nav_01275,wudang,improvable,True
pp_nav_01275,gucheng,improvable,True
pp_nav_01275,guanghua,improvable,True
pp_nav_01276,pp_nav_01292,navigable,False
pp_nav_01276,bakusaya,navigable,True
pp_nav_01276,al_tib,navigable,True
pp_nav_01276,wasit,navigable,True
pp_nav_01277,shouchun,navigable,True
pp_nav_01277,huoqiu,navigable,True
pp_nav_01277,yingshang,navigable,True
pp_nav_01278,pp_nav_01283,navigable,False
pp_nav_01278,humati,navigable,True
pp_nav_01278,mabila,navigable,True
pp_nav_01278,piachi,navigable,True
pp_nav_01278,atahachi,navigable,True
pp_nav_01279,shahpur,navigable,True
pp_nav_01279,khushab,navigable,True
pp_nav_01279,khewra,navigable,True
pp_nav_01279,bhera,navigable,True
pp_nav_01280,pp_nav_01294,navigable,False
pp_nav_01280,dinkot,navigable,True
pp_nav_01280,dera_ismail_khan,navigable,True
pp_nav_01280,bhakkar,navigable,True
pp_nav_01281,pp_nav_01300,navigable,False
pp_nav_01281,karbala,navigable,True
pp_nav_01281,kufa,navigable,True
pp_nav_01281,hillah,navigable,True
pp_nav_01282,pp_nav_01299,navigable,False
pp_nav_01282,tombigbee,navigable,True
pp_nav_01282,consha,navigable,True
pp_nav_01283,pp_nav_01290,navigable,False
pp_nav_01283,tohome,navigable,True
pp_nav_01283,mabila,navigable,True
pp_nav_01283,piachi,navigable,True
pp_nav_01284,ya_ttaish,navigable,True
pp_nav_01284,doustioni,navigable,True
pp_nav_01285,pp_nav_01295,navigable,False
pp_nav_01285,busal,navigable,True
pp_nav_01285,eminabad,navigable,True
pp_nav_01285,pindi_bhattian,navigable,True
pp_nav_01285,lalian,navigable,True
pp_nav_01286,pp_nav_01303,improvable,False
pp_nav_01286,zhaohua,improvable,True
pp_nav_01286,puan,improvable,True
pp_nav_01286,cangxi,improvable,True
pp_nav_01286,miangu,improvable,True
pp_nav_01287,yazoo,navigable,True
pp_nav_01287,pp_nav_01298,navigable,False
pp_nav_01287,tensas,navigable,True
pp_nav_01287,chittaloosa,navigable,True
pp_nav_01287,tunica,navigable,True
pp_nav_01288,xiangyang,navigable,True
pp_nav_01288,fancheng,navigable,True
pp_nav_01288,gucheng,navigable,True
pp_nav_01288,guanghua,navigable,True
pp_nav_01289,pp_nav_01304,navigable,False
pp_nav_01289,ya_ttaish,navigable,True
pp_nav_01289,calcasieu,navigable,True
pp_nav_01290,pp_nav_01301,navigable,False
pp_nav_01290,tombigbee,navigable,True
pp_nav_01290,tohome,navigable,True
pp_nav_01291,pp_nav_01309,navigable,False
pp_nav_01291,tensas,navigable,True
pp_nav_01291,catahoula,navigable,True
pp_nav_01292,pp_nav_01305,navigable,False
pp_nav_01292,abdas,navigable,True
pp_nav_01292,al_madar,navigable,True
pp_nav_01292,al_tib,navigable,True
pp_nav_01292,wasit,navigable,True
pp_nav_01293,taixing,navigable,True
pp_nav_01293,yantze_estuary,navigable,False
pp_nav_01293,dantu,navigable,True
pp_nav_01293,jiangyin,navigable,True
pp_nav_01293,wujin,navigable,True
pp_nav_01294,pp_nav_01317,navigable,False
pp_nav_01294,karor,navigable,True
pp_nav_01294,karor_2,navigable,True
pp_nav_01294,dera_ismail_khan,navigable,True
pp_nav_01294,bhakkar,navigable,True
pp_nav_01295,pp_nav_01306,navigable,False
pp_nav_01295,sillanwali,navigable,True
pp_nav_01295,chiniot,navigable,True
pp_nav_01295,pindi_bhattian,navigable,True
pp_nav_01295,lalian,navigable,True
pp_nav_01296,yicheng,navigable,True
pp_nav_01296,pp_nav_01310,navigable,False
pp_nav_01296,xiangyang,navigable,True
pp_nav_01296,fengle,navigable,True
pp_nav_01297,wujiang_yingtian,navigable,True
pp_nav_01297,shangyuan,navigable,True
pp_nav_01297,jiangning,navigable,True
pp_nav_01297,hezhou_he,navigable,True
pp_nav_01297,wuhu,navigable,True
pp_nav_01297,dangtu,navigable,True
pp_nav_01298,pp_nav_01320,navigable,False
pp_nav_01298,tensas,navigable,True
pp_nav_01298,chittaloosa,navigable,True
pp_nav_01298,natchez,navigable,True
pp_nav_01298,catahoula,navigable,True
pp_nav_01299,pp_nav_01316,navigable,False
pp_nav_01299,tombigbee,navigable,True
pp_nav_01299,escatawppa,navigable,True
pp_nav_01300,pp_nav_01312,navigable,False
pp_nav_01300,samawa,navigable,True
pp_nav_01300,kufa,navigable,True
pp_nav_01300,hillah,navigable,True
pp_nav_01300,qadisiyyah,navigable,True
pp_nav_01301,pp_nav_01316,navigable,False
pp_nav_01301,tombigbee,navigable,True
pp_nav_01301,tohome,navigable,True
pp_nav_01302,pp_nav_01308,barrier,False
pp_nav_01302,sarahan,barrier,True
pp_nav_01302,nako,barrier,True
pp_nav_01303,pp_nav_01321,navigable,False
pp_nav_01303,cangxi,navigable,True
pp_nav_01303,langzhong,navigable,True
pp_nav_01303,nanbu,navigable,True
pp_nav_01304,pp_nav_01319,navigable,False
pp_nav_01304,kisatchie,navigable,True
pp_nav_01304,calcasieu,navigable,True
pp_nav_01305,pp_nav_01326,navigable,False
pp_nav_01305,abdas,navigable,True
pp_nav_01305,al_madar,navigable,True
pp_nav_01306,pp_nav_01307,navigable,False
pp_nav_01306,pp_nav_01324,navigable,False
pp_nav_01306,sillanwali,navigable,True
pp_nav_01306,jhang,navigable,True
pp_nav_01306,chiniot,navigable,True
pp_nav_01307,sillanwali,navigable,True
pp_nav_01307,mankera,navigable,True
pp_nav_01308,sarahan,barrier,True
pp_nav_01308,suket,barrier,True
pp_nav_01309,pp_nav_01319,navigable,False
pp_nav_01309,pp_nav_01320,navigable,False
pp_nav_01309,kisatchie,navigable,True
pp_nav_01309,opelousa,navigable,True
pp_nav_01309,catahoula,navigable,True
pp_nav_01310,pp_nav_01342,navigable,False
pp_nav_01310,shayang,navigable,True
pp_nav_01310,fengle,navigable,True
pp_nav_01310,zhongxiang,navigable,True
pp_nav_01310,shipai,navigable,True
pp_nav_01311,rosetta_mouth,navigable,False
pp_nav_01311,pp_nav_01341,navigable,False
pp_nav_01311,rashid,navigable,True
pp_nav_01311,damanhur,navigable,True
pp_nav_01311,el_burullus,navigable,True
pp_nav_01311,el_mahalla,navigable,True
pp_nav_01311,fuwa,navigable,True
pp_nav_01312,pp_nav_01322,navigable,False
pp_nav_01312,samawa,navigable,True
pp_nav_01312,nasiriyah,navigable,True
pp_nav_01312,hillah,navigable,True
pp_nav_01313,pp_nav_01325,navigable,False
pp_nav_01313,tongling,navigable,True
pp_nav_01313,fanchang,navigable,True
pp_nav_01313,wuwei,navigable,True
pp_nav_01313,wuhu,navigable,True
pp_nav_01314,pp_nav_01315,improvable,False
pp_nav_01314,kahlur,navigable,True
pp_nav_01314,suket,navigable,True
pp_nav_01315,pp_nav_01334,improvable,False
pp_nav_01315,kahlur,improvable,True
pp_nav_01315,sirhind,improvable,True
pp_nav_01315,kutlehar,improvable,True
pp_nav_01315,rahon,improvable,True
pp_nav_01316,pp_nav_01340,navigable,False
pp_nav_01316,tombigbee,navigable,True
pp_nav_01316,tohome,navigable,True
pp_nav_01316,escatawppa,navigable,True
pp_nav_01317,pp_nav_01348,navigable,False
pp_nav_01317,karor,navigable,True
pp_nav_01317,karor_2,navigable,True
pp_nav_01317,dera_ghazi_khan,navigable,True
pp_nav_01318,gonjo,navigable,True
pp_nav_01318,tangkya,navigable,True
pp_nav_01318,jomda,navigable,True
pp_nav_01318,katok,navigable,True
pp_nav_01318,kharak,navigable,True
pp_nav_01319,kisatchie,navigable,True
pp_nav_01319,opelousa,navigable,True
pp_nav_01319,calcasieu,navigable,True
pp_nav_01320,pp_nav_01335,navigable,False
pp_nav_01320,natchez,navigable,True
pp_nav_01320,opelousa,navigable,True
pp_nav_01320,catahoula,navigable,True
pp_nav_01320,itihumma,navigable,True
pp_nav_01321,pp_nav_01345,navigable,False
pp_nav_01321,nanchong,navigable,True
pp_nav_01321,xiangru,navigable,True
pp_nav_01321,yilong,navigable,True
pp_nav_01321,nanbu,navigable,True
pp_nav_01322,pp_nav_01336,navigable,False
pp_nav_01322,samawa,navigable,True
pp_nav_01322,nasiriyah,navigable,True
pp_nav_01322,suq_al_shuyukh,navigable,True
pp_nav_01322,al_qatr,navigable,True
pp_nav_01323,pp_nav_01327,navigable,False
pp_nav_01323,pp_nav_01333,navigable,False
pp_nav_01323,kapurthala,navigable,True
pp_nav_01323,fatehabad,navigable,True
pp_nav_01323,hajner,navigable,True
pp_nav_01323,jalandhar,navigable,True
pp_nav_01323,firozpur,navigable,True
pp_nav_01323,kasur,navigable,True
pp_nav_01324,jhang,navigable,True
pp_nav_01324,mankera,navigable,True
pp_nav_01324,shorkot,navigable,True
pp_nav_01325,pp_nav_01351,navigable,False
pp_nav_01325,guichi,navigable,True
pp_nav_01325,tongling,navigable,True
pp_nav_01325,wuwei,navigable,True
pp_nav_01325,zongyang,navigable,True
pp_nav_01326,pp_nav_01336,navigable,False
pp_nav_01326,pp_nav_01346,navigable,False
pp_nav_01326,abdas,navigable,True
pp_nav_01326,al_madar,navigable,True
pp_nav_01326,basra,navigable,True
pp_nav_01326,muhammerah,navigable,True
pp_nav_01326,hoveyzeh,navigable,True
pp_nav_01326,al_qatr,navigable,True
pp_nav_01327,pp_nav_01353,navigable,False
pp_nav_01327,firozpur,navigable,True
pp_nav_01327,dipalpur,navigable,True
pp_nav_01327,muktsar,navigable,True
pp_nav_01327,kasur,navigable,True
pp_nav_01328,pp_nav_01329,improvable,False
pp_nav_01328,wushan,improvable,True
pp_nav_01328,badong,improvable,True
pp_nav_01328,fengjie,improvable,True
pp_nav_01329,badong,navigable,True
pp_nav_01329,zigui,navigable,True
pp_nav_01330,pp_nav_01360,barrier,False
pp_nav_01330,gonjo,barrier,True
pp_nav_01330,shar_yelpuk,barrier,True
pp_nav_01330,katok,barrier,True
pp_nav_01331,pp_nav_01356,navigable,False
pp_nav_01331,qujiang_guangan,navigable,True
pp_nav_01331,liujiang,navigable,True
pp_nav_01332,fengjie,navigable,True
pp_nav_01332,yunyang,navigable,True
pp_nav_01333,pp_nav_01334,navigable,False
pp_nav_01333,hajner,navigable,True
pp_nav_01333,jalandhar,navigable,True
pp_nav_01333,rahon,navigable,True
pp_nav_01333,raikot,navigable,True
pp_nav_01334,sirhind,navigable,True
pp_nav_01334,rahon,navigable,True
pp_nav_01334,raikot,navigable,True
pp_nav_01335,pp_nav_01355,navigable,False
pp_nav_01335,opelousa,navigable,True
pp_nav_01335,itihumma,navigable,True
pp_nav_01336,basra,navigable,True
pp_nav_01336,suq_al_shuyukh,navigable,True
pp_nav_01336,al_qatr,navigable,True
pp_nav_01337,pasho,barrier,True
pp_nav_01337,shopando,barrier,True
pp_nav_01338,pp_nav_01349,improvable,False
pp_nav_01338,yunyang,improvable,True
pp_nav_01338,wanzhou,improvable,True
pp_nav_01339,pp_nav_01354,improvable,False
pp_nav_01339,zigui,improvable,True
pp_nav_01339,yiling,improvable,True
pp_nav_01340,mobile,navigable,True
pp_nav_01340,tohome,navigable,True
pp_nav_01340,escatawppa,navigable,True
pp_nav_01341,pp_nav_01365,navigable,False
pp_nav_01341,damanhur,navigable,True
pp_nav_01341,tarrana,navigable,True
pp_nav_01341,ramsis,navigable,True
pp_nav_01341,el_mahalla,navigable,True
pp_nav_01341,menouf,navigable,True
pp_nav_01341,kharibta,navigable,True
pp_nav_01342,pp_nav_01357,navigable,False
pp_nav_01342,qianjiang,navigable,True
pp_nav_01342,jingling,navigable,True
pp_nav_01342,shayang,navigable,True
pp_nav_01342,shipai,navigable,True
pp_nav_01343,haining,improvable,True
pp_nav_01343,jiaxing,improvable,True
pp_nav_01343,hangzhou,improvable,True
pp_nav_01343,wujiang,improvable,True
pp_nav_01343,chongde,improvable,True
pp_nav_01344,pp_nav_01369,barrier,False
pp_nav_01344,zhanggu,improvable,True
pp_nav_01344,durgyeling,improvable,True
pp_nav_01344,dartsedo,improvable,True
pp_nav_01345,pp_nav_01367,improvable,False
pp_nav_01345,yuechi,navigable,True
pp_nav_01345,nanchong,navigable,True
pp_nav_01345,dingyuan,navigable,True
pp_nav_01346,pp_nav_01362,navigable,False
pp_nav_01346,basra,navigable,True
pp_nav_01346,zuwayr,navigable,True
pp_nav_01346,muhammerah,navigable,True
pp_nav_01347,pp_nav_01376,navigable,False
pp_nav_01347,watappo,navigable,True
pp_nav_01347,apalachee,navigable,True
pp_nav_01348,pp_nav_01377,navigable,False
pp_nav_01348,karor,navigable,True
pp_nav_01348,kot_addu,navigable,True
pp_nav_01348,dera_ghazi_khan,navigable,True
pp_nav_01349,pp_nav_01373,navigable,False
pp_nav_01349,shizhu,navigable,True
pp_nav_01349,linjiang,navigable,True
pp_nav_01349,wanzhou,navigable,True
pp_nav_01350,pp_nav_01352,navigable,False
pp_nav_01350,hanyang,navigable,True
pp_nav_01350,huanggang,navigable,True
pp_nav_01350,jiangxia,navigable,True
pp_nav_01350,wuchang,navigable,True
pp_nav_01350,huangpi,navigable,True
pp_nav_01351,huaining,navigable,True
pp_nav_01351,guichi,navigable,True
pp_nav_01351,dongliu,navigable,True
pp_nav_01351,wangjiang,navigable,True
pp_nav_01351,zongyang,navigable,True
pp_nav_01352,pp_nav_01357,navigable,False
pp_nav_01352,hanyang,navigable,True
pp_nav_01352,yusha,navigable,True
pp_nav_01352,jiangxia,navigable,True
pp_nav_01352,hanchuan,navigable,True
pp_nav_01353,pp_nav_01366,navigable,False
pp_nav_01353,pakpattan,navigable,True
pp_nav_01353,chishtian,navigable,True
pp_nav_01353,dipalpur,navigable,True
pp_nav_01353,muktsar,navigable,True
pp_nav_01354,pp_nav_01363,improvable,False
pp_nav_01354,songzi,improvable,True
pp_nav_01354,zhijiang,improvable,True
pp_nav_01354,yidu,improvable,True
pp_nav_01354,yiling,improvable,True
pp_nav_01355,bulbancha,navigable,True
pp_nav_01355,atchafalaya,navigable,True
pp_nav_01355,opelousa,navigable,True
pp_nav_01356,shizhao,navigable,True
pp_nav_01356,pp_nav_01367,improvable,False
pp_nav_01356,yuechi,navigable,True
pp_nav_01356,huaying,navigable,True
pp_nav_01356,qujiang_guangan,navigable,True
pp_nav_01357,qianjiang,navigable,True
pp_nav_01357,yusha,navigable,True
pp_nav_01357,jingling,navigable,True
pp_nav_01357,hanchuan,navigable,True
pp_nav_01358,huanggang,navigable,True
pp_nav_01358,qishui,navigable,True
pp_nav_01358,wuchang,navigable,True
pp_nav_01359,pasho,barrier,True
pp_nav_01359,pema,barrier,True
pp_nav_01359,lhakhang,barrier,True
pp_nav_01360,pp_nav_01390,navigable,False
pp_nav_01360,batang,navigable,True
pp_nav_01360,shar_yelpuk,navigable,True
pp_nav_01360,markham,navigable,True
pp_nav_01361,hanyang,navigable,True
pp_nav_01361,xindi,navigable,True
pp_nav_01361,jiangxia,navigable,True
pp_nav_01361,jinkou,navigable,True
pp_nav_01361,jiayu,navigable,True
pp_nav_01362,abadan,navigable,True
pp_nav_01362,zuwayr,navigable,True
pp_nav_01362,muhammerah,navigable,True
pp_nav_01363,pp_nav_01375,navigable,False
pp_nav_01363,gongan,navigable,True
pp_nav_01363,jiangling,navigable,True
pp_nav_01363,songzi,navigable,True
pp_nav_01363,zhijiang,navigable,True
pp_nav_01364,pp_nav_01391,improvable,False
pp_nav_01364,pengshan,improvable,True
pp_nav_01364,shuangliu,improvable,True
pp_nav_01364,qingshen,improvable,True
pp_nav_01364,meizhou,improvable,True
pp_nav_01365,pp_nav_01380,navigable,False
pp_nav_01365,giza,navigable,True
pp_nav_01365,tarrana,navigable,True
pp_nav_01365,qalyub,navigable,True
pp_nav_01365,menouf,navigable,True
pp_nav_01365,cairo,navigable,True
pp_nav_01366,pp_nav_01381,navigable,False
pp_nav_01366,pakpattan,navigable,True
pp_nav_01366,mailsi,navigable,True
pp_nav_01366,chishtian,navigable,True
pp_nav_01366,dunga_bunga,navigable,True
pp_nav_01367,shizhao,improvable,True
pp_nav_01367,pp_nav_01382,improvable,False
pp_nav_01367,tongliang,improvable,True
pp_nav_01367,dingyuan,improvable,True
pp_nav_01368,daye,navigable,True
pp_nav_01368,guangji,navigable,True
pp_nav_01368,qichun,navigable,True
pp_nav_01368,qishui,navigable,True
pp_nav_01368,yongxing_xingguo,navigable,True
pp_nav_01368,wuchang,navigable,True
pp_nav_01369,pp_nav_01398,barrier,False
pp_nav_01369,diaomen,barrier,True
pp_nav_01369,dartsedo,barrier,True
pp_nav_01370,pp_nav_01385,improvable,False
pp_nav_01370,qiantang_estuary,improvable,False
pp_nav_01370,xiaoshan,improvable,True
pp_nav_01370,fuyang_hangzhou,improvable,True
pp_nav_01370,hangzhou,improvable,True
pp_nav_01370,tonglu,improvable,True
pp_nav_01371,pp_nav_01396,navigable,False
pp_nav_01371,kot_addu,navigable,True
pp_nav_01371,sitpur,navigable,True
pp_nav_01371,multan,navigable,True
pp_nav_01371,jalalpur_pirwala,navigable,True
pp_nav_01372,dzogon,navigable,True
pp_nav_01372,kazhi,navigable,True
pp_nav_01372,nyachukha,navigable,True
pp_nav_01373,pp_nav_01384,barrier,False
pp_nav_01373,fengdu,navigable,True
pp_nav_01373,linjiang,navigable,True
pp_nav_01373,fuzhou_sichuan,navigable,True
pp_nav_01374,pp_nav_01383,navigable,False
pp_nav_01374,xindi,navigable,True
pp_nav_01374,jiayu,navigable,True
pp_nav_01375,pp_nav_01388,navigable,False
pp_nav_01375,gongan,navigable,True
pp_nav_01375,jiangling,navigable,True
pp_nav_01375,shishou,navigable,True
pp_nav_01376,saint_andrew_bay,navigable,False
pp_nav_01376,watappo,navigable,True
pp_nav_01377,pp_nav_01402,navigable,False
pp_nav_01377,dajal,navigable,True
pp_nav_01377,kot_addu,navigable,True
pp_nav_01377,mithankot,navigable,True
pp_nav_01377,sitpur,navigable,True
pp_nav_01377,dera_ghazi_khan,navigable,True
pp_nav_01378,pp_nav_01397,improvable,False
pp_nav_01378,pema,improvable,True
pp_nav_01378,dzogang,improvable,True
pp_nav_01379,pp_nav_01389,barrier,False
pp_nav_01379,pp_nav_01392,barrier,False
pp_nav_01379,rigyal,barrier,True
pp_nav_01379,metog,barrier,True
pp_nav_01380,pp_nav_01401,navigable,False
pp_nav_01380,giza,navigable,True
pp_nav_01380,atfih,navigable,True
pp_nav_01380,beni_suef,navigable,True
pp_nav_01380,cairo,navigable,True
pp_nav_01381,pp_nav_01394,navigable,False
pp_nav_01381,mailsi,navigable,True
pp_nav_01381,karur_punjab,navigable,True
pp_nav_01381,khairpur,navigable,True
pp_nav_01381,dunga_bunga,navigable,True
pp_nav_01382,shizhao,improvable,True
pp_nav_01382,pp_nav_01387,improvable,False
pp_nav_01382,pp_nav_01400,improvable,False
pp_nav_01382,banan,improvable,True
pp_nav_01382,bishan,improvable,True
pp_nav_01382,baxian,improvable,True
pp_nav_01383,baling,navigable,True
pp_nav_01383,linxiang,navigable,True
pp_nav_01383,xindi,navigable,True
pp_nav_01383,puqi,navigable,True
pp_nav_01383,jianli,navigable,True
pp_nav_01383,jiayu,navigable,True
pp_nav_01384,pp_nav_01387,barrier,False
pp_nav_01384,fuzhou_sichuan,barrier,True
pp_nav_01385,lanxi,navigable,True
pp_nav_01385,jiande,navigable,True
pp_nav_01385,fuyang_hangzhou,navigable,True
pp_nav_01385,tonglu,navigable,True
pp_nav_01386,dehua_jiujiang,navigable,True
pp_nav_01386,huangmei,navigable,True
pp_nav_01386,guangji,navigable,True
pp_nav_01386,ruichang,navigable,True
pp_nav_01386,yongxing_xingguo,navigable,True
pp_nav_01387,banan,improvable,True
pp_nav_01387,changshou_changshou,improvable,True
pp_nav_01387,baxian,improvable,True
pp_nav_01387,fuzhou_sichuan,improvable,True
pp_nav_01388,baling,navigable,True
pp_nav_01388,shishou,navigable,True
pp_nav_01388,huarong,navigable,True
pp_nav_01388,jianli,navigable,True
pp_nav_01389,pp_nav_01405,navigable,False
pp_nav_01389,buchu,navigable,True
pp_nav_01389,rigyal,navigable,True
pp_nav_01390,pp_nav_01422,barrier,False
pp_nav_01390,batang,navigable,True
pp_nav_01390,dzingcho,navigable,True
pp_nav_01390,adeqiu,navigable,True
pp_nav_01390,markham,navigable,True
pp_nav_01391,pp_nav_01403,barrier,False
pp_nav_01391,pp_nav_01410,improvable,False
pp_nav_01391,longyou_jiading,improvable,True
pp_nav_01391,qingshen,improvable,True
pp_nav_01392,pp_nav_01416,barrier,False
pp_nav_01392,tirkong,barrier,True
pp_nav_01392,metog,barrier,True
pp_nav_01393,pp_nav_01417,navigable,False
pp_nav_01393,chandpur_uttar_pradesh,navigable,True
pp_nav_01393,jansath,navigable,True
pp_nav_01393,nagina,navigable,True
pp_nav_01393,thalisain,navigable,True
pp_nav_01393,piran_i_kaliyar,navigable,True
pp_nav_01393,mirat,navigable,True
pp_nav_01394,pp_nav_01404,navigable,False
pp_nav_01394,karur_punjab,navigable,True
pp_nav_01394,khairpur,navigable,True
pp_nav_01394,jalalpur_pirwala,navigable,True
pp_nav_01394,channan_pir,navigable,True
pp_nav_01395,barataria_bay,navigable,False
pp_nav_01395,chawasha,navigable,True
pp_nav_01396,pp_nav_01402,navigable,False
pp_nav_01396,pp_nav_01404,navigable,False
pp_nav_01396,uch,navigable,True
pp_nav_01396,sitpur,navigable,True
pp_nav_01396,jalalpur_pirwala,navigable,True
pp_nav_01397,pp_nav_01420,improvable,False
pp_nav_01397,dzogang,improvable,True
pp_nav_01397,mengung,improvable,True
pp_nav_01398,shimian,barrier,True
pp_nav_01398,pp_nav_01414,barrier,False
pp_nav_01398,diaomen,barrier,True
pp_nav_01398,hanyuan,barrier,True
pp_nav_01399,pp_nav_01406,barrier,False
pp_nav_01399,pengshui,barrier,True
pp_nav_01399,wulong,barrier,True
pp_nav_01399,fuzhou_sichuan,barrier,True
pp_nav_01400,pp_nav_01421,improvable,False
pp_nav_01400,banan,improvable,True
pp_nav_01400,bishan,improvable,True
pp_nav_01400,jiangjin,improvable,True
pp_nav_01401,pp_nav_01427,navigable,False
pp_nav_01401,atfih,navigable,True
pp_nav_01401,beni_suef,navigable,True
pp_nav_01401,sharuna,navigable,True
pp_nav_01401,el_bahnasa,navigable,True
pp_nav_01402,pp_nav_01423,navigable,False
pp_nav_01402,derawar,navigable,True
pp_nav_01402,uch,navigable,True
pp_nav_01402,mithankot,navigable,True
pp_nav_01402,sitpur,navigable,True
pp_nav_01403,pp_nav_01414,barrier,False
pp_nav_01403,qianwei,barrier,True
pp_nav_01403,longyou_jiading,barrier,True
pp_nav_01403,muchuan,barrier,True
pp_nav_01403,emei,barrier,True
pp_nav_01404,uch,navigable,True
pp_nav_01404,jalalpur_pirwala,navigable,True
pp_nav_01404,channan_pir,navigable,True
pp_nav_01405,buchu,navigable,True
pp_nav_01406,pp_nav_01426,improvable,False
pp_nav_01406,youyang,improvable,True
pp_nav_01406,pengshui,improvable,True
pp_nav_01406,yanhe,improvable,True
pp_nav_01407,pp_nav_01408,improvable,False
pp_nav_01407,jonang,improvable,True
pp_nav_01407,shigatse,improvable,True
pp_nav_01408,pp_nav_01409,improvable,False
pp_nav_01408,namling,improvable,True
pp_nav_01408,tsangdram,improvable,True
pp_nav_01408,shigatse,improvable,True
pp_nav_01409,pp_nav_01411,improvable,False
pp_nav_01409,gongkar,improvable,True
pp_nav_01409,tsangdram,improvable,True
pp_nav_01409,rinpung_yarlung,improvable,True
pp_nav_01409,nyemo,improvable,True
pp_nav_01410,pp_nav_01428,navigable,False
pp_nav_01410,qianwei,navigable,True
pp_nav_01410,longyou_jiading,navigable,True
pp_nav_01410,xuanhua,navigable,True
pp_nav_01410,muchuan,navigable,True
pp_nav_01411,pp_nav_01412,improvable,False
pp_nav_01411,gongkar,improvable,True
pp_nav_01411,lho_taklung,improvable,True
pp_nav_01412,pp_nav_01415,improvable,False
pp_nav_01412,nedong,navigable,True
pp_nav_01412,samye,navigable,True
pp_nav_01412,gongkar,navigable,True
pp_nav_01412,densatil,navigable,True
pp_nav_01413,pp_nav_01433,barrier,False
pp_nav_01413,baurang,navigable,True
pp_nav_01413,kheong,navigable,True
pp_nav_01413,nyachukha,navigable,True
pp_nav_01414,zhenxi_lizhou,navigable,True
pp_nav_01414,emei,navigable,True
pp_nav_01414,hanyuan,navigable,True
pp_nav_01415,pp_nav_01419,improvable,False
pp_nav_01415,nedong,improvable,True
pp_nav_01415,daklha_gampo,improvable,True
pp_nav_01415,densatil,improvable,True
pp_nav_01416,pp_nav_01431,barrier,False
pp_nav_01416,tirkong,barrier,True
pp_nav_01416,siang,barrier,True
pp_nav_01416,metog,barrier,True
pp_nav_01417,pp_nav_01441,improvable,False
pp_nav_01417,chandpur_uttar_pradesh,navigable,True
pp_nav_01417,baran,navigable,True
pp_nav_01417,sambhal,navigable,True
pp_nav_01417,mirat,navigable,True
pp_nav_01418,pp_nav_01419,improvable,False
pp_nav_01418,buchu,improvable,True
pp_nav_01418,daklha_gampo,improvable,True
pp_nav_01419,daklha_gampo,navigable,True
pp_nav_01420,mengung,navigable,True
pp_nav_01421,pp_nav_01425,improvable,False
pp_nav_01421,jiangjin,improvable,True
pp_nav_01421,yongchuan,improvable,True
pp_nav_01421,hejiang,improvable,True
pp_nav_01421,luzhou,improvable,True
pp_nav_01422,pp_nav_01445,barrier,False
pp_nav_01422,dzingcho,barrier,True
pp_nav_01422,sangme,barrier,True
pp_nav_01422,adeqiu,barrier,True
pp_nav_01422,zhuluo,barrier,True
pp_nav_01423,pp_nav_01436,navigable,False
pp_nav_01423,derawar,navigable,True
pp_nav_01423,omerkot,navigable,True
pp_nav_01423,mithankot,navigable,True
pp_nav_01423,aror,navigable,True
pp_nav_01424,pp_nav_01432,improvable,False
pp_nav_01424,dipayal,navigable,True
pp_nav_01424,kailali,navigable,True
pp_nav_01424,acham,navigable,True
pp_nav_01425,pp_nav_01429,improvable,False
pp_nav_01425,jiangan,improvable,True
pp_nav_01425,naxi,improvable,True
pp_nav_01425,hejiang,improvable,True
pp_nav_01425,luzhou,improvable,True
pp_nav_01426,pp_nav_01444,navigable,False
pp_nav_01426,youyang,navigable,True
pp_nav_01426,yanhe,navigable,True
pp_nav_01427,pp_nav_01450,navigable,False
pp_nav_01427,minya,navigable,True
pp_nav_01427,sharuna,navigable,True
pp_nav_01427,el_bahnasa,navigable,True
pp_nav_01427,tahna,navigable,True
pp_nav_01428,pp_nav_01435,improvable,False
pp_nav_01428,xuanhua,navigable,True
pp_nav_01428,mahu,navigable,True
pp_nav_01428,yibin,navigable,True
pp_nav_01429,changning_changning,improvable,True
pp_nav_01429,jiangan,improvable,True
pp_nav_01429,nanxi,improvable,True
pp_nav_01429,yibin,improvable,True
pp_nav_01430,pp_nav_01434,improvable,False
pp_nav_01430,taoyuan,improvable,True
pp_nav_01430,madi_yuanling,improvable,True
pp_nav_01430,yuannan,improvable,True
pp_nav_01431,pp_nav_01448,navigable,False
pp_nav_01431,tirkong,navigable,True
pp_nav_01431,siang,navigable,True
pp_nav_01432,pp_nav_01453,improvable,False
pp_nav_01432,kherigarh,improvable,True
pp_nav_01432,kailali,improvable,True
pp_nav_01432,firuzabad_bahraich,improvable,True
pp_nav_01433,baurang,barrier,True
pp_nav_01433,kheong,barrier,True
pp_nav_01434,yuanling,navigable,True
pp_nav_01434,madi_yuanling,navigable,True
pp_nav_01435,pp_nav_01447,improvable,False
pp_nav_01435,leibo,improvable,True
pp_nav_01435,yongshan,improvable,True
pp_nav_01435,mahu,improvable,True
pp_nav_01436,pp_nav_01452,navigable,False
pp_nav_01436,omerkot,navigable,True
pp_nav_01436,kashmore,navigable,True
pp_nav_01436,ghotki,navigable,True
pp_nav_01436,aror,navigable,True
pp_nav_01437,pp_nav_01461,improvable,False
pp_nav_01437,dibang,improvable,True
pp_nav_01437,sadiya,improvable,True
pp_nav_01438,pp_nav_01449,barrier,False
pp_nav_01438,baurang,improvable,True
pp_nav_01438,suzhou,improvable,True
pp_nav_01439,pp_nav_01459,navigable,False
pp_nav_01439,mengung,navigable,True
pp_nav_01439,gongshan,navigable,True
pp_nav_01440,pp_nav_01446,improvable,False
pp_nav_01440,anhua_anhua,navigable,True
pp_nav_01440,yiyang_changsha,navigable,True
pp_nav_01441,pp_nav_01457,improvable,False
pp_nav_01441,gunnaur,improvable,True
pp_nav_01441,kol,improvable,True
pp_nav_01441,baran,improvable,True
pp_nav_01441,sambhal,improvable,True
pp_nav_01442,pp_nav_01463,improvable,False
pp_nav_01442,yuanling,improvable,True
pp_nav_01442,luxi,improvable,True
pp_nav_01442,chenxi,improvable,True
pp_nav_01443,pp_nav_01460,navigable,False
pp_nav_01443,qingjiang,navigable,True
pp_nav_01443,nanchang,navigable,True
pp_nav_01443,fengcheng_fengcheng,navigable,True
pp_nav_01443,xinjian,navigable,True
pp_nav_01444,pp_nav_01464,barrier,False
pp_nav_01444,shuitejiang,navigable,True
pp_nav_01444,yanhe,navigable,True
pp_nav_01444,dejiang,navigable,True
pp_nav_01445,pp_nav_01467,improvable,False
pp_nav_01445,sangme,navigable,True
pp_nav_01445,xiaodandang,navigable,True
pp_nav_01445,nixi,navigable,True
pp_nav_01445,zhuluo,navigable,True
pp_nav_01446,dongping,improvable,True
pp_nav_01446,anhua_anhua,improvable,True
pp_nav_01447,leibo,navigable,True
pp_nav_01447,yongshan,navigable,True
pp_nav_01448,pp_nav_01456,navigable,False
pp_nav_01448,gomsi,navigable,True
pp_nav_01448,siyom,navigable,True
pp_nav_01448,siang,navigable,True
pp_nav_01449,pp_nav_01469,barrier,False
pp_nav_01449,jianchang_sichuan,barrier,True
pp_nav_01449,suzhou,barrier,True
pp_nav_01449,pingchuan,barrier,True
pp_nav_01450,pp_nav_01471,navigable,False
pp_nav_01450,minya,navigable,True
pp_nav_01450,ashmunayn,navigable,True
pp_nav_01450,tahna,navigable,True
pp_nav_01451,pp_nav_01465,navigable,False
pp_nav_01451,xiangtan,navigable,True
pp_nav_01451,lukou,navigable,True
pp_nav_01451,qiaokou,navigable,True
pp_nav_01451,changsha,navigable,True
pp_nav_01452,kashmore,navigable,True
pp_nav_01452,ghotki,navigable,True
pp_nav_01452,sukkur,navigable,True
pp_nav_01452,rohri,navigable,True
pp_nav_01453,bahraich,navigable,True
pp_nav_01453,firuzabad_bahraich,navigable,True
pp_nav_01454,walong,navigable,True
pp_nav_01455,pp_nav_01473,navigable,False
pp_nav_01455,kamla,navigable,True
pp_nav_01455,kurung,navigable,True
pp_nav_01455,konwargaon,navigable,True
pp_nav_01455,lakhimpur,navigable,True
pp_nav_01455,subansiri,navigable,True
pp_nav_01456,pp_nav_01461,navigable,False
pp_nav_01456,pp_nav_01474,navigable,False
pp_nav_01456,gomsi,navigable,True
pp_nav_01456,bengmara,navigable,True
pp_nav_01456,sadiya,navigable,True
pp_nav_01457,budaun,navigable,True
pp_nav_01457,pp_nav_01470,navigable,False
pp_nav_01457,gunnaur,navigable,True
pp_nav_01457,sargadwari,navigable,True
pp_nav_01457,kol,navigable,True
pp_nav_01458,pp_nav_01478,barrier,False
pp_nav_01458,puge,barrier,True
pp_nav_01458,leibo,barrier,True
pp_nav_01458,yongshan,barrier,True
pp_nav_01458,wumeng,barrier,True
pp_nav_01459,pp_nav_01485,improvable,False
pp_nav_01459,zhiziluo,navigable,True
pp_nav_01459,gongshan,navigable,True
pp_nav_01460,pp_nav_01481,navigable,False
pp_nav_01460,jishui,navigable,True
pp_nav_01460,qingjiang,navigable,True
pp_nav_01460,xingan_linjiang,navigable,True
pp_nav_01461,bengmara,navigable,True
pp_nav_01461,sadiya,navigable,True
pp_nav_01461,tengapani,navigable,True
pp_nav_01462,sadiya,improvable,True
pp_nav_01462,tengapani,improvable,True
pp_nav_01463,pp_nav_01483,improvable,False
pp_nav_01463,huaihua,improvable,True
pp_nav_01463,chenxi,improvable,True
pp_nav_01463,xupu,improvable,True
pp_nav_01464,pp_nav_01480,barrier,False
pp_nav_01464,shuitejiang,barrier,True
pp_nav_01464,shiqian,barrier,True
pp_nav_01464,longquanping,barrier,True
pp_nav_01464,baini,barrier,True
pp_nav_01465,pp_nav_01484,navigable,False
pp_nav_01465,liling,navigable,True
pp_nav_01465,hengshan,navigable,True
pp_nav_01465,xiangtan,navigable,True
pp_nav_01465,lukou,navigable,True
pp_nav_01466,tanahun,improvable,True
pp_nav_01466,dhading,improvable,True
pp_nav_01466,upardang,improvable,True
pp_nav_01466,tansen,improvable,True
pp_nav_01467,pp_nav_01490,improvable,False
pp_nav_01467,jujin,improvable,True
pp_nav_01467,linxi,improvable,True
pp_nav_01467,xiaodandang,improvable,True
pp_nav_01467,zhuluo,improvable,True
pp_nav_01468,pp_nav_01479,barrier,False
pp_nav_01468,pp_nav_01482,navigable,False
pp_nav_01468,dadandang,navigable,True
pp_nav_01468,yongning_baisheng,navigable,True
pp_nav_01468,muli,navigable,True
pp_nav_01468,tongan_lijiang,navigable,True
pp_nav_01469,mingyi,improvable,True
pp_nav_01469,pp_nav_01494,improvable,False
pp_nav_01469,jianchang_sichuan,improvable,True
pp_nav_01469,pingchuan,improvable,True
pp_nav_01469,dechang,improvable,True
pp_nav_01470,budaun,navigable,True
pp_nav_01470,sargadwari,navigable,True
pp_nav_01470,pali_uttar_pradesh,navigable,True
pp_nav_01470,kanauj,navigable,True
pp_nav_01471,pp_nav_01489,navigable,False
pp_nav_01471,manfalut,navigable,True
pp_nav_01471,ashmunayn,navigable,True
pp_nav_01471,el_buwit,navigable,True
pp_nav_01471,asyut,navigable,True
pp_nav_01471,tahna,navigable,True
pp_nav_01472,pp_nav_01498,navigable,False
pp_nav_01472,biswan,navigable,True
pp_nav_01472,bahraich,navigable,True
pp_nav_01472,firuzabad_bahraich,navigable,True
pp_nav_01472,ibrahimabad,navigable,True
pp_nav_01472,gonda,navigable,True
pp_nav_01473,konwargaon,navigable,True
pp_nav_01473,lakhimpur,navigable,True
pp_nav_01474,pp_nav_01486,navigable,False
pp_nav_01474,gomsi,navigable,True
pp_nav_01474,malinithan,navigable,True
pp_nav_01474,bengmara,navigable,True
pp_nav_01474,dibrugarh,navigable,True
pp_nav_01475,pp_nav_01500,barrier,False
pp_nav_01475,linxi,navigable,True
pp_nav_01476,pp_nav_01497,navigable,False
pp_nav_01476,kandiaro,navigable,True
pp_nav_01476,shadodkot,navigable,True
pp_nav_01476,sukkur,navigable,True
pp_nav_01476,paat,navigable,True
pp_nav_01476,dubbi,navigable,True
pp_nav_01477,pp_nav_01495,improvable,False
pp_nav_01477,lumbini,improvable,True
pp_nav_01477,ramnagar_bihar,improvable,True
pp_nav_01477,kushinagar,improvable,True
pp_nav_01477,tansen,improvable,True
pp_nav_01478,pp_nav_01496,navigable,False
pp_nav_01478,qiaojia,navigable,True
pp_nav_01478,kuozhou,navigable,True
pp_nav_01478,puge,navigable,True
pp_nav_01478,wumeng,navigable,True
pp_nav_01479,dadandang,barrier,True
pp_nav_01479,xiaodandang,barrier,True
pp_nav_01479,tongan_lijiang,barrier,True
pp_nav_01480,pp_nav_01487,improvable,False
pp_nav_01480,rongshan,navigable,True
pp_nav_01480,shiqian,navigable,True
pp_nav_01480,suidong,navigable,True
pp_nav_01480,wengshui,navigable,True
pp_nav_01480,baini,navigable,True
pp_nav_01481,luling,navigable,True
pp_nav_01481,pp_nav_01501,navigable,False
pp_nav_01481,taihe_taihe,navigable,True
pp_nav_01481,futian,navigable,True
pp_nav_01481,jishui,navigable,True
pp_nav_01481,xingan_linjiang,navigable,True
pp_nav_01482,pp_nav_01506,barrier,False
pp_nav_01482,langqu,navigable,True
pp_nav_01482,yongning_baisheng,navigable,True
pp_nav_01482,beisheng,navigable,True
pp_nav_01482,tongan_lijiang,navigable,True
pp_nav_01483,huaihua,navigable,True
pp_nav_01483,huitong,navigable,True
pp_nav_01483,qianyang_yuanzhou,navigable,True
pp_nav_01484,hengshan,navigable,True
pp_nav_01484,xiangtan,navigable,True
pp_nav_01485,pp_nav_01513,barrier,False
pp_nav_01485,zhiziluo,improvable,True
pp_nav_01486,charagua,navigable,True
pp_nav_01486,pp_nav_01499,navigable,False
pp_nav_01486,malinithan,navigable,True
pp_nav_01486,dibrugarh,navigable,True
pp_nav_01486,konwargaon,navigable,True
pp_nav_01486,charaideo,navigable,True
pp_nav_01487,wujiang_bozhou,improvable,True
pp_nav_01487,suidong,improvable,True
pp_nav_01487,wengshui,improvable,True
pp_nav_01487,dizhai,improvable,True
pp_nav_01488,pp_nav_01511,navigable,False
pp_nav_01488,putao,navigable,True
pp_nav_01488,suamprabon,navigable,True
pp_nav_01489,pp_nav_01509,navigable,False
pp_nav_01489,el_balyana,navigable,True
pp_nav_01489,el_buwit,navigable,True
pp_nav_01489,asyut,navigable,True
pp_nav_01489,akhmim,navigable,True
pp_nav_01490,jujin,navigable,True
pp_nav_01490,xiaodandang,navigable,True
pp_nav_01490,tongan_lijiang,navigable,True
pp_nav_01491,pp_nav_01510,navigable,False
pp_nav_01491,bilgram,navigable,True
pp_nav_01491,makanpur,navigable,True
pp_nav_01491,pali_uttar_pradesh,navigable,True
pp_nav_01491,kanauj,navigable,True
pp_nav_01492,pp_nav_01508,navigable,False
pp_nav_01492,hengshan,navigable,True
pp_nav_01492,xincheng,navigable,True
pp_nav_01492,hengyang,navigable,True
pp_nav_01493,pp_nav_01499,navigable,False
pp_nav_01493,morangi,navigable,True
pp_nav_01493,itanagar,navigable,True
pp_nav_01493,dergaon,navigable,True
pp_nav_01493,konwargaon,navigable,True
pp_nav_01493,lakhimpur,navigable,True
pp_nav_01494,mingyi,navigable,True
pp_nav_01494,pp_nav_01515,improvable,False
pp_nav_01494,pp_nav_01516,navigable,False
pp_nav_01494,juque,navigable,True
pp_nav_01494,mala,navigable,True
pp_nav_01494,pingchuan,navigable,True
pp_nav_01495,pp_nav_01514,navigable,False
pp_nav_01495,ramnagar_bihar,navigable,True
pp_nav_01495,kushinagar,navigable,True
pp_nav_01495,bettiah,navigable,True
pp_nav_01495,thawe,navigable,True
pp_nav_01496,huili,navigable,True
pp_nav_01496,pp_nav_01523,barrier,False
pp_nav_01496,qiaojia,navigable,True
pp_nav_01496,kuozhou,navigable,True
pp_nav_01496,tangdan,navigable,True
pp_nav_01496,dongchuan,navigable,True
pp_nav_01497,pp_nav_01519,navigable,False
pp_nav_01497,kandiaro,navigable,True
pp_nav_01497,sehwan,navigable,True
pp_nav_01497,paat,navigable,True
pp_nav_01498,pp_nav_01505,navigable,False
pp_nav_01498,awadh,navigable,True
pp_nav_01498,ibrahimabad,navigable,True
pp_nav_01498,gonda,navigable,True
pp_nav_01499,dergaon,navigable,True
pp_nav_01499,konwargaon,navigable,True
pp_nav_01499,lakhimpur,navigable,True
pp_nav_01499,charaideo,navigable,True
pp_nav_01500,pp_nav_01529,barrier,False
pp_nav_01500,lanzhou_lanzhou,barrier,True
pp_nav_01500,linxi,barrier,True
pp_nav_01501,luling,navigable,True
pp_nav_01501,pp_nav_01522,navigable,False
pp_nav_01501,taihe_taihe,navigable,True
pp_nav_01501,wanan,navigable,True
pp_nav_01502,pp_nav_01521,improvable,False
pp_nav_01502,ranibas,improvable,True
pp_nav_01502,chaudandi,improvable,True
pp_nav_01502,vijayapur,improvable,True
pp_nav_01502,rajanari,improvable,True
pp_nav_01502,kosi,improvable,True
pp_nav_01503,agra,navigable,True
pp_nav_01503,etawah,navigable,True
pp_nav_01503,chandwar,navigable,True
pp_nav_01504,pp_nav_01520,navigable,False
pp_nav_01504,tezpur,navigable,True
pp_nav_01504,bordowa,navigable,True
pp_nav_01504,nakshaparvat,navigable,True
pp_nav_01505,pp_nav_01518,navigable,False
pp_nav_01505,basti,navigable,True
pp_nav_01505,awadh,navigable,True
pp_nav_01505,gonda,navigable,True
pp_nav_01505,akbarpur,navigable,True
pp_nav_01506,pp_nav_01527,barrier,False
pp_nav_01506,beisheng,barrier,True
pp_nav_01506,jinshajiang,barrier,True
pp_nav_01506,heqing,barrier,True
pp_nav_01506,tongan_lijiang,barrier,True
pp_nav_01507,morangi,navigable,True
pp_nav_01507,bordowa,navigable,True
pp_nav_01507,itanagar,navigable,True
pp_nav_01507,nakshaparvat,navigable,True
pp_nav_01508,pp_nav_01517,navigable,False
pp_nav_01508,guiyang_hengyang,navigable,True
pp_nav_01508,xincheng,navigable,True
pp_nav_01508,changning,navigable,True
pp_nav_01508,qiyang,navigable,True
pp_nav_01509,pp_nav_01532,navigable,False
pp_nav_01509,qena,navigable,True
pp_nav_01509,el_balyana,navigable,True
pp_nav_01509,akhmim,navigable,True
pp_nav_01510,pp_nav_01538,navigable,False
pp_nav_01510,bilgram,navigable,True
pp_nav_01510,makanpur,navigable,True
pp_nav_01510,korra,navigable,True
pp_nav_01510,unnao,navigable,True
pp_nav_01511,injangyang,navigable,True
pp_nav_01511,suamprabon,navigable,True
pp_nav_01512,minqing,navigable,True
pp_nav_01512,pp_nav_01530,improvable,False
pp_nav_01512,nanping,navigable,True
pp_nav_01512,gutian,navigable,True
pp_nav_01513,pp_nav_01549,barrier,False
pp_nav_01513,zhiziluo,barrier,True
pp_nav_01513,luzhang,barrier,True
pp_nav_01514,pp_nav_01540,navigable,False
pp_nav_01514,sonepur_bihar,navigable,True
pp_nav_01514,hajipur,navigable,True
pp_nav_01514,bettiah,navigable,True
pp_nav_01514,mehsi,navigable,True
pp_nav_01514,thawe,navigable,True
pp_nav_01515,pp_nav_01527,barrier,False
pp_nav_01515,juque,improvable,True
pp_nav_01515,dayao,improvable,True
pp_nav_01515,ningfan,improvable,True
pp_nav_01515,jinshajiang,improvable,True
pp_nav_01516,pp_nav_01528,improvable,False
pp_nav_01516,juque,navigable,True
pp_nav_01516,yuanmou,navigable,True
pp_nav_01516,huichuan_dechang,navigable,True
pp_nav_01517,lengshuitan,navigable,True
pp_nav_01517,lingling,navigable,True
pp_nav_01517,qiyang,navigable,True
pp_nav_01518,pp_nav_01531,navigable,False
pp_nav_01518,basti,navigable,True
pp_nav_01518,azamgarh,navigable,True
pp_nav_01518,chillupar,navigable,True
pp_nav_01518,akbarpur,navigable,True
pp_nav_01519,pp_nav_01542,navigable,False
pp_nav_01519,kandiaro,navigable,True
pp_nav_01519,ranikot,navigable,True
pp_nav_01519,sehwan,navigable,True
pp_nav_01519,moro_sindh,navigable,True
pp_nav_01520,pp_nav_01533,navigable,False
pp_nav_01520,guwahati,navigable,True
pp_nav_01520,tezpur,navigable,True
pp_nav_01520,bordowa,navigable,True
pp_nav_01520,rowta,navigable,True
pp_nav_01520,durjaya,navigable,True
pp_nav_01521,pp_nav_01543,improvable,False
pp_nav_01521,jhanjharpur,improvable,True
pp_nav_01521,chaudandi,improvable,True
pp_nav_01521,saharsa,improvable,True
pp_nav_01521,kosi,improvable,True
pp_nav_01522,ganxian,navigable,True
pp_nav_01522,wanan,navigable,True
pp_nav_01523,huili,barrier,True
pp_nav_01523,pp_nav_01528,barrier,False
pp_nav_01523,tangdan,barrier,True
pp_nav_01523,luquan,barrier,True
pp_nav_01524,pp_nav_01539,navigable,False
pp_nav_01524,kalpi,navigable,True
pp_nav_01524,makanpur,navigable,True
pp_nav_01524,etawah,navigable,True
pp_nav_01524,konch,navigable,True
pp_nav_01525,pp_nav_01550,navigable,False
pp_nav_01525,chibwe,navigable,True
pp_nav_01526,pp_nav_01544,navigable,False
pp_nav_01526,hkamti,navigable,True
pp_nav_01526,minsin,navigable,True
pp_nav_01527,dayao,barrier,True
pp_nav_01527,binchuan,barrier,True
pp_nav_01527,jinshajiang,barrier,True
pp_nav_01528,huili,improvable,True
pp_nav_01528,yuanmou,improvable,True
pp_nav_01528,hequ_wuding,improvable,True
pp_nav_01528,luquan,improvable,True
pp_nav_01528,huichuan_dechang,improvable,True
pp_nav_01529,pp_nav_01555,barrier,False
pp_nav_01529,lanzhou_lanzhou,improvable,True
pp_nav_01529,yunlong,improvable,True
pp_nav_01529,wujing,improvable,True
pp_nav_01530,minqing,improvable,True
pp_nav_01530,houguan,improvable,True
pp_nav_01530,minxian,improvable,True
pp_nav_01531,pp_nav_01541,navigable,False
pp_nav_01531,rudrapur,navigable,True
pp_nav_01531,ballia,navigable,True
pp_nav_01531,andar,navigable,True
pp_nav_01531,azamgarh,navigable,True
pp_nav_01531,chillupar,navigable,True
pp_nav_01532,pp_nav_01537,navigable,False
pp_nav_01532,qena,navigable,True
pp_nav_01532,hiw,navigable,True
pp_nav_01532,el_balyana,navigable,True
pp_nav_01533,guwahati,navigable,True
pp_nav_01533,hajo,navigable,True
pp_nav_01533,durjaya,navigable,True
pp_nav_01534,guwahati,navigable,True
pp_nav_01534,barpeta,navigable,True
pp_nav_01534,goalpara,navigable,True
pp_nav_01534,bijni,navigable,True
pp_nav_01534,hajo,navigable,True
pp_nav_01535,dhubri,navigable,True
pp_nav_01535,goalpara,navigable,True
pp_nav_01535,bijni,navigable,True
pp_nav_01536,guwahati,navigable,True
pp_nav_01536,bordowa,navigable,True
pp_nav_01536,daboka,navigable,True
pp_nav_01537,pp_nav_01552,navigable,False
pp_nav_01537,qus,navigable,True
pp_nav_01537,qena,navigable,True
pp_nav_01537,hiw,navigable,True
pp_nav_01537,esna,navigable,True
pp_nav_01538,pp_nav_01548,navigable,False
pp_nav_01538,asni,navigable,True
pp_nav_01538,korra,navigable,True
pp_nav_01538,manikpur,navigable,True
pp_nav_01538,unnao,navigable,True
pp_nav_01539,kalpi,navigable,True
pp_nav_01539,makanpur,navigable,True
pp_nav_01539,korra,navigable,True
pp_nav_01540,pp_nav_01556,navigable,False
pp_nav_01540,sonepur_bihar,navigable,True
pp_nav_01540,patna,navigable,True
pp_nav_01540,hajipur,navigable,True
pp_nav_01541,pp_nav_01551,navigable,False
pp_nav_01541,arrah,navigable,True
pp_nav_01541,ballia,navigable,True
pp_nav_01541,andar,navigable,True
pp_nav_01541,sonepur_bihar,navigable,True
pp_nav_01542,pp_nav_01560,navigable,False
pp_nav_01542,naserpur,navigable,True
pp_nav_01542,hala,navigable,True
pp_nav_01542,kotri,navigable,True
pp_nav_01542,ranikot,navigable,True
pp_nav_01542,moro_sindh,navigable,True
pp_nav_01543,darbhanga,navigable,True
pp_nav_01543,jhanjharpur,navigable,True
pp_nav_01543,saharsa,navigable,True
pp_nav_01543,madhubani,navigable,True
pp_nav_01544,hkamti,navigable,True
pp_nav_01544,minsin,navigable,True
pp_nav_01545,pp_nav_01565,navigable,False
pp_nav_01545,dhubri,navigable,True
pp_nav_01545,rangpur_bengal,navigable,True
pp_nav_01545,dura,navigable,True
pp_nav_01545,kamatapur,navigable,True
pp_nav_01545,goalpara,navigable,True
pp_nav_01546,pp_nav_01550,navigable,False
pp_nav_01546,pp_nav_01558,navigable,False
pp_nav_01546,waingmaw,navigable,True
pp_nav_01546,chibwe,navigable,True
pp_nav_01546,myitkyina,navigable,True
pp_nav_01546,injangyang,navigable,True
pp_nav_01547,pp_nav_01554,navigable,False
pp_nav_01547,rath,navigable,True
pp_nav_01547,asni,navigable,True
pp_nav_01547,korra,navigable,True
pp_nav_01547,banda,navigable,True
pp_nav_01548,pp_nav_01561,navigable,False
pp_nav_01548,kara,navigable,True
pp_nav_01548,prayag,navigable,True
pp_nav_01548,asni,navigable,True
pp_nav_01548,manikpur,navigable,True
pp_nav_01548,bhadohi,navigable,True
pp_nav_01549,pp_nav_01579,navigable,False
pp_nav_01549,yunlong,navigable,True
pp_nav_01549,luzhang,navigable,True
pp_nav_01549,lujiang,navigable,True
pp_nav_01550,waingmaw,navigable,True
pp_nav_01550,chibwe,navigable,True
pp_nav_01551,arrah,navigable,True
pp_nav_01551,ballia,navigable,True
pp_nav_01551,ghazipur,navigable,True
pp_nav_01551,buxar,navigable,True
pp_nav_01552,pp_nav_01573,navigable,False
pp_nav_01552,esna,navigable,True
pp_nav_01553,khagaria,navigable,True
pp_nav_01553,darbhanga,navigable,True
pp_nav_01553,bihariganj,navigable,True
pp_nav_01553,saharsa,navigable,True
pp_nav_01554,pp_nav_01567,navigable,False
pp_nav_01554,kara,navigable,True
pp_nav_01554,prayag,navigable,True
pp_nav_01554,asni,navigable,True
pp_nav_01554,chitrakuta,navigable,True
pp_nav_01554,banda,navigable,True
pp_nav_01555,pp_nav_01577,barrier,False
pp_nav_01555,yunlong,barrier,True
pp_nav_01555,yongping_yongchang,barrier,True
pp_nav_01555,yongchang_yongchang,barrier,True
pp_nav_01555,wujing,barrier,True
pp_nav_01556,pp_nav_01564,navigable,False
pp_nav_01556,samastipur,navigable,True
pp_nav_01556,bihar_sharif,navigable,True
pp_nav_01556,patna,navigable,True
pp_nav_01556,hajipur,navigable,True
pp_nav_01557,pp_nav_01559,navigable,False
pp_nav_01557,chunar,navigable,True
pp_nav_01557,ghazipur,navigable,True
pp_nav_01557,buxar,navigable,True
pp_nav_01558,pp_nav_01570,navigable,False
pp_nav_01558,waingmaw,navigable,True
pp_nav_01558,myitkyina,navigable,True
pp_nav_01559,pp_nav_01574,navigable,False
pp_nav_01559,chunar,navigable,True
pp_nav_01559,varanasi,navigable,True
pp_nav_01559,ghazipur,navigable,True
pp_nav_01559,jaunpur,navigable,True
pp_nav_01560,pp_nav_01583,navigable,False
pp_nav_01560,naserpur,navigable,True
pp_nav_01560,thatta,navigable,True
pp_nav_01560,kotri,navigable,True
pp_nav_01560,sonda,navigable,True
pp_nav_01561,pp_nav_01567,navigable,False
pp_nav_01561,pp_nav_01571,navigable,False
pp_nav_01561,prayag,navigable,True
pp_nav_01561,shankargah,navigable,True
pp_nav_01561,bhadohi,navigable,True
pp_nav_01562,khagaria,navigable,True
pp_nav_01562,pp_nav_01568,navigable,False
pp_nav_01562,samastipur,navigable,True
pp_nav_01562,monghyr,navigable,True
pp_nav_01563,khagaria,navigable,True
pp_nav_01563,pp_nav_01568,navigable,False
pp_nav_01563,bihariganj,navigable,True
pp_nav_01563,bhagalpur,navigable,True
pp_nav_01563,purnia,navigable,True
pp_nav_01563,katihar,navigable,True
pp_nav_01563,teliagarhi,navigable,True
pp_nav_01564,samastipur,navigable,True
pp_nav_01564,bihar_sharif,navigable,True
pp_nav_01565,muktagacha,navigable,True
pp_nav_01565,rangpur_bengal,navigable,True
pp_nav_01565,dura,navigable,True
pp_nav_01566,pp_nav_01580,navigable,False
pp_nav_01566,gaur,navigable,True
pp_nav_01566,pandua_adina,navigable,True
pp_nav_01566,katihar,navigable,True
pp_nav_01566,teliagarhi,navigable,True
pp_nav_01566,rajmahal,navigable,True
pp_nav_01567,prayag,navigable,True
pp_nav_01567,shankargah,navigable,True
pp_nav_01567,chitrakuta,navigable,True
pp_nav_01568,khagaria,navigable,True
pp_nav_01568,bhagalpur,navigable,True
pp_nav_01568,monghyr,navigable,True
pp_nav_01569,pp_nav_01588,improvable,False
pp_nav_01569,htamanthi,improvable,True
pp_nav_01569,minsin,improvable,True
pp_nav_01570,pp_nav_01589,navigable,False
pp_nav_01570,manmaw,navigable,True
pp_nav_01570,waingmaw,navigable,True
pp_nav_01570,myitkyina,navigable,True
pp_nav_01570,mongkawng,navigable,True
pp_nav_01571,pp_nav_01574,navigable,False
pp_nav_01571,varanasi,navigable,True
pp_nav_01571,kantit,navigable,True
pp_nav_01571,shankargah,navigable,True
pp_nav_01571,bhadohi,navigable,True
pp_nav_01572,pp_nav_01581,navigable,False
pp_nav_01572,tongle,navigable,True
pp_nav_01572,nadi,navigable,True
pp_nav_01572,wangmu,navigable,True
pp_nav_01572,luodian,navigable,True
pp_nav_01573,pp_nav_01597,barrier,False
pp_nav_01573,kom_ombo,navigable,True
pp_nav_01573,esna,navigable,True
pp_nav_01573,edfu,navigable,True
pp_nav_01574,chunar,navigable,True
pp_nav_01574,varanasi,navigable,True
pp_nav_01574,kantit,navigable,True
pp_nav_01575,pp_nav_01594,improvable,False
pp_nav_01575,liucheng,navigable,True
pp_nav_01575,luocheng,navigable,True
pp_nav_01575,changan,navigable,True
pp_nav_01575,rongshui,navigable,True
pp_nav_01576,pp_nav_01593,navigable,False
pp_nav_01576,donglan,navigable,True
pp_nav_01576,nandan,navigable,True
pp_nav_01576,nadi,navigable,True
pp_nav_01577,pp_nav_01592,barrier,False
pp_nav_01577,youdian,improvable,True
pp_nav_01577,yongping_yongchang,improvable,True
pp_nav_01577,yongchang_yongchang,improvable,True
pp_nav_01577,shunning,improvable,True
pp_nav_01578,pp_nav_01590,navigable,False
pp_nav_01578,sylhet,navigable,True
pp_nav_01578,shaharpara,navigable,True
pp_nav_01578,khaliajuri,navigable,True
pp_nav_01578,nabagram,navigable,True
pp_nav_01578,sohra,navigable,True
pp_nav_01579,pp_nav_01602,barrier,False
pp_nav_01579,lujiang,navigable,True
pp_nav_01579,shidian,navigable,True
pp_nav_01579,rouyuan,navigable,True
pp_nav_01580,pp_nav_01599,navigable,False
pp_nav_01580,jangipur,navigable,True
pp_nav_01580,chandrabad,navigable,True
pp_nav_01580,gaur,navigable,True
pp_nav_01580,rajmahal,navigable,True
pp_nav_01581,pp_nav_01584,barrier,False
pp_nav_01581,lucheng,navigable,True
pp_nav_01581,ceheng,navigable,True
pp_nav_01581,tongle,navigable,True
pp_nav_01581,wangmu,navigable,True
pp_nav_01582,pp_nav_01584,barrier,False
pp_nav_01582,pp_nav_01591,improvable,False
pp_nav_01582,machang,improvable,True
pp_nav_01582,xilong,improvable,True
pp_nav_01582,huangcaoba,improvable,True
pp_nav_01582,anlong,improvable,True
pp_nav_01583,pp_nav_01598,navigable,False
pp_nav_01583,muhammad_tur,navigable,True
pp_nav_01583,thatta,navigable,True
pp_nav_01583,laribandar,navigable,True
pp_nav_01583,sonda,navigable,True
pp_nav_01584,lucheng,barrier,True
pp_nav_01584,ceheng,barrier,True
pp_nav_01584,xilong,barrier,True
pp_nav_01584,anlong,barrier,True
pp_nav_01585,pp_nav_01595,navigable,False
pp_nav_01585,sylhet,navigable,True
pp_nav_01585,khaspur,navigable,True
pp_nav_01585,rajnagar,navigable,True
pp_nav_01585,shaharpara,navigable,True
pp_nav_01585,jaintiapur,navigable,True
pp_nav_01585,patharkandi,navigable,True
pp_nav_01586,khaspur,navigable,True
pp_nav_01586,patharkandi,navigable,True
pp_nav_01587,pp_nav_01607,navigable,False
pp_nav_01587,atiya,navigable,True
pp_nav_01587,muktagacha,navigable,True
pp_nav_01587,shahjadpur,navigable,True
pp_nav_01587,bogra,navigable,True
pp_nav_01588,pp_nav_01605,improvable,False
pp_nav_01588,zalon_taung,navigable,True
pp_nav_01588,thaungdut,navigable,True
pp_nav_01588,htamanthi,navigable,True
pp_nav_01589,mongyang,navigable,True
pp_nav_01589,manmaw,navigable,True
pp_nav_01590,pp_nav_01600,navigable,False
pp_nav_01590,belabo,navigable,True
pp_nav_01590,khaliajuri,navigable,True
pp_nav_01591,bada,navigable,True
pp_nav_01591,machang,navigable,True
pp_nav_01591,xilong,navigable,True
pp_nav_01591,huangcaoba,navigable,True
pp_nav_01592,pp_nav_01601,barrier,False
pp_nav_01592,baotong,barrier,True
pp_nav_01592,baodian,barrier,True
pp_nav_01592,dingbian_shunning,barrier,True
pp_nav_01592,shunning,barrier,True
pp_nav_01593,pp_nav_01609,navigable,False
pp_nav_01593,donglan,navigable,True
pp_nav_01593,duyang,navigable,True
pp_nav_01594,pp_nav_01606,improvable,False
pp_nav_01594,liucheng,improvable,True
pp_nav_01594,maping,improvable,True
pp_nav_01594,luorong,improvable,True
pp_nav_01595,rajnagar,navigable,True
pp_nav_01595,shaharpara,navigable,True
pp_nav_01595,khaliajuri,navigable,True
pp_nav_01595,chandrapur,navigable,True
pp_nav_01595,baniachang,navigable,True
pp_nav_01596,pp_nav_01612,improvable,False
pp_nav_01596,mengli,navigable,True
pp_nav_01596,yingde,navigable,True
pp_nav_01596,qujiang,navigable,True
pp_nav_01597,pp_nav_01617,barrier,False
pp_nav_01597,aswan,barrier,True
pp_nav_01597,kom_ombo,barrier,True
pp_nav_01598,muhammad_tur,navigable,True
pp_nav_01598,laribandar,navigable,True
pp_nav_01599,godagari,navigable,True
pp_nav_01599,pp_nav_01610,navigable,False
pp_nav_01599,chandrabad,navigable,True
pp_nav_01599,sreepur,navigable,True
pp_nav_01599,gaur,navigable,True
pp_nav_01599,rampur_boalla,navigable,True
pp_nav_01600,pp_nav_01613,navigable,False
pp_nav_01600,laskarpur,navigable,True
pp_nav_01600,belabo,navigable,True
pp_nav_01600,khaliajuri,navigable,True
pp_nav_01600,baniachang,navigable,True
pp_nav_01601,pp_nav_01621,navigable,False
pp_nav_01601,gengma,navigable,True
pp_nav_01601,mengtong,navigable,True
pp_nav_01601,baotong,navigable,True
pp_nav_01601,baodian,navigable,True
pp_nav_01602,pp_nav_01614,barrier,False
pp_nav_01602,zhenkang,barrier,True
pp_nav_01602,mangshi,barrier,True
pp_nav_01602,shidian,barrier,True
pp_nav_01602,ta_shwe_htan,barrier,True
pp_nav_01602,kongwei,barrier,True
pp_nav_01602,rouyuan,barrier,True
pp_nav_01603,wanga_bazar,navigable,True
pp_nav_01604,pp_nav_01611,navigable,False
pp_nav_01604,mongyang,navigable,True
pp_nav_01604,shwegu,navigable,True
pp_nav_01604,katha,navigable,True
pp_nav_01605,thaungdut,improvable,True
pp_nav_01605,tamu,improvable,True
pp_nav_01606,pp_nav_01619,improvable,False
pp_nav_01606,maping,improvable,True
pp_nav_01606,wuxian_liuzhou,improvable,True
pp_nav_01606,luorong,improvable,True
pp_nav_01606,yangshou,improvable,True
pp_nav_01607,pp_nav_01623,navigable,False
pp_nav_01607,atiya,navigable,True
pp_nav_01607,pabna,navigable,True
pp_nav_01607,shahjadpur,navigable,True
pp_nav_01607,savar,navigable,True
pp_nav_01607,bikrampur,navigable,True
pp_nav_01608,cangwu,navigable,True
pp_nav_01608,pp_nav_01629,improvable,False
pp_nav_01608,longping_pingle,navigable,True
pp_nav_01609,pp_nav_01615,navigable,False
pp_nav_01609,bama,navigable,True
pp_nav_01609,sienzhou,navigable,True
pp_nav_01609,duyang,navigable,True
pp_nav_01610,sreepur,navigable,True
pp_nav_01610,pabna,navigable,True
pp_nav_01610,rampur_boalla,navigable,True
pp_nav_01611,pp_nav_01618,navigable,False
pp_nav_01611,pp_nav_01626,navigable,False
pp_nav_01611,shwegu,navigable,True
pp_nav_01611,htigyaing,navigable,True
pp_nav_01611,mabein,navigable,True
pp_nav_01611,takawng,navigable,True
pp_nav_01611,katha,navigable,True
pp_nav_01612,pp_nav_01628,improvable,False
pp_nav_01612,hanguang,improvable,True
pp_nav_01612,yingde,improvable,True
pp_nav_01612,qingyuan,improvable,True
pp_nav_01612,huiqi,improvable,True
pp_nav_01613,laskarpur,navigable,True
pp_nav_01613,belabo,navigable,True
pp_nav_01613,sonargaon,navigable,True
pp_nav_01613,bikrampur,navigable,True
pp_nav_01614,pp_nav_01627,navigable,False
pp_nav_01614,muse,navigable,True
pp_nav_01614,mangshi,navigable,True
pp_nav_01614,ta_shwe_htan,navigable,True
pp_nav_01615,anding_mashan,navigable,True
pp_nav_01615,yongshun,navigable,True
pp_nav_01615,baishan,navigable,True
pp_nav_01615,sienzhou,navigable,True
pp_nav_01615,duyang,navigable,True
pp_nav_01616,pp_nav_01625,navigable,False
pp_nav_01616,yongshun,navigable,True
pp_nav_01616,baishan,navigable,True
pp_nav_01616,xincheng_xincheng,navigable,True
pp_nav_01616,qianjiang_binzhou,navigable,True
pp_nav_01617,pp_nav_01638,barrier,False
pp_nav_01617,aswan,barrier,True
pp_nav_01617,kalabsha,barrier,True
pp_nav_01618,pp_nav_01632,improvable,False
pp_nav_01618,mongmit,navigable,True
pp_nav_01618,mabein,navigable,True
pp_nav_01618,takawng,navigable,True
pp_nav_01619,pp_nav_01625,navigable,False
pp_nav_01619,pp_nav_01630,navigable,False
pp_nav_01619,wuxian_liuzhou,navigable,True
pp_nav_01619,yangshou,navigable,True
pp_nav_01619,laibin,navigable,True
pp_nav_01620,pp_nav_01640,improvable,False
pp_nav_01620,kale,improvable,True
pp_nav_01620,thaungdut,improvable,True
pp_nav_01620,tamu,improvable,True
pp_nav_01621,mengmeng,navigable,True
pp_nav_01621,mengban_weiyuan,navigable,True
pp_nav_01621,gengma,navigable,True
pp_nav_01621,mengtong,navigable,True
pp_nav_01621,weiyuan,navigable,True
pp_nav_01622,haiyang,navigable,True
pp_nav_01622,pantian,navigable,True
pp_nav_01623,pp_nav_01633,navigable,False
pp_nav_01623,pabna,navigable,True
pp_nav_01623,qasba,navigable,True
pp_nav_01623,fathabad,navigable,True
pp_nav_01623,bikrampur,navigable,True
pp_nav_01624,pp_nav_01632,improvable,False
pp_nav_01624,shwegu,navigable,True
pp_nav_01624,luchuan_mangshi,navigable,True
pp_nav_01624,namhkan,navigable,True
pp_nav_01625,qianjiang_binzhou,navigable,True
pp_nav_01625,laibin,navigable,True
pp_nav_01626,pp_nav_01647,navigable,False
pp_nav_01626,htigyaing,navigable,True
pp_nav_01626,ngasingu,navigable,True
pp_nav_01626,myedu,navigable,True
pp_nav_01626,wuntho,navigable,True
pp_nav_01626,takawng,navigable,True
pp_nav_01627,pp_nav_01641,barrier,False
pp_nav_01627,muse,navigable,True
pp_nav_01627,nam_thing,navigable,True
pp_nav_01627,ta_shwe_htan,navigable,True
pp_nav_01628,sanshui,navigable,True
pp_nav_01628,qingyuan,navigable,True
pp_nav_01628,sihui,navigable,True
pp_nav_01628,huiqi,navigable,True
pp_nav_01629,cangwu,improvable,True
pp_nav_01629,pp_nav_01634,improvable,False
pp_nav_01629,pp_nav_01636,improvable,False
pp_nav_01629,tanjin,improvable,True
pp_nav_01629,rongcheng,improvable,True
pp_nav_01629,fengchuan,improvable,True
pp_nav_01630,pp_nav_01631,navigable,False
pp_nav_01630,pp_nav_01637,navigable,False
pp_nav_01630,wuxian_liuzhou,navigable,True
pp_nav_01630,guiping,navigable,True
pp_nav_01631,pp_nav_01634,improvable,False
pp_nav_01631,tanjin,navigable,True
pp_nav_01631,pingnan,navigable,True
pp_nav_01631,wutun,navigable,True
pp_nav_01631,guiping,navigable,True
pp_nav_01632,shwegu,improvable,True
pp_nav_01632,mongmit,improvable,True
pp_nav_01632,namhkan,improvable,True
pp_nav_01632,mabein,improvable,True
pp_nav_01633,indian_coast63,navigable,False
pp_nav_01633,chandpur,navigable,True
pp_nav_01633,qasba,navigable,True
pp_nav_01633,bikrampur,navigable,True
pp_nav_01634,cangwu,improvable,True
pp_nav_01634,tanjin,improvable,True
pp_nav_01634,wutun,improvable,True
pp_nav_01635,khuzhupai,navigable,True
pp_nav_01635,boluo,navigable,True
pp_nav_01635,guishan,navigable,True
pp_nav_01636,duanxi,navigable,True
pp_nav_01636,fengchuan,navigable,True
pp_nav_01636,ducheng,navigable,True
pp_nav_01637,pp_nav_01650,navigable,False
pp_nav_01637,watang,navigable,True
pp_nav_01637,guizhou_xunzhou,navigable,True
pp_nav_01637,luoxiu,navigable,True
pp_nav_01637,guiping,navigable,True
pp_nav_01638,pp_nav_01656,barrier,False
pp_nav_01638,qasr_ibrim,barrier,True
pp_nav_01638,kalabsha,barrier,True
pp_nav_01639,pp_nav_01657,navigable,False
pp_nav_01639,pandua,navigable,True
pp_nav_01639,satgaon,navigable,True
pp_nav_01639,husaynabad,navigable,True
pp_nav_01639,nadia,navigable,True
pp_nav_01640,pp_nav_01649,navigable,False
pp_nav_01640,butalin,navigable,True
pp_nav_01640,kale,navigable,True
pp_nav_01641,pangyang,barrier,True
pp_nav_01641,pp_nav_01654,barrier,False
pp_nav_01641,mong_yai,barrier,True
pp_nav_01641,muse,barrier,True
pp_nav_01641,lashio,barrier,True
pp_nav_01641,nam_thing,barrier,True
pp_nav_01642,pp_nav_01653,navigable,False
pp_nav_01642,gaoyao,navigable,True
pp_nav_01642,nanhai,navigable,True
pp_nav_01642,sanshui,navigable,True
pp_nav_01642,sihui,navigable,True
pp_nav_01642,gaoming,navigable,True
pp_nav_01643,yinshaluo,navigable,True
pp_nav_01643,mengmeng,navigable,True
pp_nav_01643,sime,navigable,True
pp_nav_01643,mengban_weiyuan,navigable,True
pp_nav_01643,menglei,navigable,True
pp_nav_01644,duanxi,improvable,True
pp_nav_01644,gaoyao,improvable,True
pp_nav_01644,jinkang,improvable,True
pp_nav_01644,ducheng,improvable,True
pp_nav_01645,pp_nav_01646,navigable,False
pp_nav_01645,zhengcheng,navigable,True
pp_nav_01645,boluo,navigable,True
pp_nav_01645,dongguan,navigable,True
pp_nav_01645,guishan,navigable,True
pp_nav_01646,pearl_river_delta,navigable,False
pp_nav_01646,zhengcheng,navigable,True
pp_nav_01646,guangzhou,navigable,True
pp_nav_01646,dongguan,navigable,True
pp_nav_01646,panyu,navigable,True
pp_nav_01647,moksobo,navigable,True
pp_nav_01647,sagaing,navigable,True
pp_nav_01647,ngasingu,navigable,True
pp_nav_01647,myedu,navigable,True
pp_nav_01648,nanhai,navigable,True
pp_nav_01648,shunde,navigable,True
pp_nav_01649,pp_nav_01655,navigable,False
pp_nav_01649,butalin,navigable,True
pp_nav_01649,kale,navigable,True
pp_nav_01649,mingin,navigable,True
pp_nav_01650,pp_nav_01652,navigable,False
pp_nav_01650,watang,navigable,True
pp_nav_01650,guizhou_xunzhou,navigable,True
pp_nav_01650,ningpu,navigable,True
pp_nav_01651,pp_nav_01652,navigable,False
pp_nav_01651,pp_nav_01658,navigable,False
pp_nav_01651,xuanhua_nanning,navigable,True
pp_nav_01651,guwan,navigable,True
pp_nav_01651,qianlong,navigable,True
pp_nav_01652,xuanhua_nanning,navigable,True
pp_nav_01652,yongning_hengzhou,navigable,True
pp_nav_01652,qianlong,navigable,True
pp_nav_01652,ningpu,navigable,True
pp_nav_01653,xiangshan_xinhui,navigable,True
pp_nav_01653,xinhui,navigable,True
pp_nav_01653,nanhai,navigable,True
pp_nav_01653,gaoming,navigable,True
pp_nav_01653,shunde,navigable,True
pp_nav_01654,pangyang,navigable,True
pp_nav_01654,pp_nav_01665,improvable,False
pp_nav_01654,mong_yai,navigable,True
pp_nav_01654,monghsu,navigable,True
pp_nav_01655,pp_nav_01661,navigable,False
pp_nav_01655,butalin,navigable,True
pp_nav_01655,kanna,navigable,True
pp_nav_01655,mingin,navigable,True
pp_nav_01656,pp_nav_01659,barrier,False
pp_nav_01656,qasr_ibrim,barrier,True
pp_nav_01656,daw_sud,barrier,True
pp_nav_01657,indian_coast60,navigable,False
pp_nav_01657,satgaon,navigable,True
pp_nav_01657,kulpi,navigable,True
pp_nav_01657,husaynabad,navigable,True
pp_nav_01658,guwan,navigable,True
pp_nav_01658,siming,navigable,True
pp_nav_01658,chongshan,navigable,True
pp_nav_01658,longzhou_longzhou,navigable,True
pp_nav_01659,pp_nav_01666,barrier,False
pp_nav_01659,daw_sud,barrier,True
pp_nav_01659,faras,barrier,True
pp_nav_01660,pp_nav_01667,improvable,False
pp_nav_01660,thuy_vi,navigable,True
pp_nav_01660,quy_hoa,navigable,True
pp_nav_01660,lihua,navigable,True
pp_nav_01660,van_ban,navigable,True
pp_nav_01661,pp_nav_01669,navigable,False
pp_nav_01661,butalin,navigable,True
pp_nav_01661,kanna,navigable,True
pp_nav_01661,amyint,navigable,True
pp_nav_01661,pakokku,navigable,True
pp_nav_01662,pp_nav_01673,improvable,False
pp_nav_01662,jinglong,improvable,True
pp_nav_01662,mengban_jihong,improvable,True
pp_nav_01662,gengdang,improvable,True
pp_nav_01662,mengla,improvable,True
pp_nav_01663,pp_nav_01671,improvable,False
pp_nav_01663,sagaing,navigable,True
pp_nav_01663,amyint,navigable,True
pp_nav_01663,wetwin,navigable,True
pp_nav_01663,pinya,navigable,True
pp_nav_01663,kyaukse,navigable,True
pp_nav_01664,pp_nav_01668,improvable,False
pp_nav_01664,muong_cha,navigable,True
pp_nav_01664,lai_chau,navigable,True
pp_nav_01664,phong_tho,navigable,True
pp_nav_01664,muong_te,navigable,True
pp_nav_01664,thuan_chau,navigable,True
pp_nav_01665,pangyang,improvable,True
pp_nav_01665,pp_nav_01675,improvable,False
pp_nav_01665,matman,improvable,True
pp_nav_01665,monghsu,improvable,True
pp_nav_01666,pp_nav_01677,barrier,False
pp_nav_01666,faras,barrier,True
pp_nav_01667,pp_nav_01676,improvable,False
pp_nav_01667,thu_vat,improvable,True
pp_nav_01667,quy_hoa,improvable,True
pp_nav_01667,tam_dai,improvable,True
pp_nav_01668,pp_nav_01679,improvable,False
pp_nav_01668,son_la,improvable,True
pp_nav_01668,thuan_chau,improvable,True
pp_nav_01669,pp_nav_01680,navigable,False
pp_nav_01669,amyint,navigable,True
pp_nav_01669,talok,navigable,True
pp_nav_01669,pinya,navigable,True
pp_nav_01670,pp_nav_01676,navigable,False
pp_nav_01670,tuyen_quang,navigable,True
pp_nav_01670,tam_dai,navigable,True
pp_nav_01671,wetwin,improvable,True
pp_nav_01671,kyaukse,improvable,True
pp_nav_01672,sambalpur,navigable,True
pp_nav_01672,bargarh,navigable,True
pp_nav_01672,sarangarh,navigable,True
pp_nav_01672,raigadh,navigable,True
pp_nav_01672,samasingha,navigable,True
pp_nav_01672,kashigarh,navigable,True
pp_nav_01673,muang_sing,navigable,True
pp_nav_01673,pp_nav_01681,barrier,False
pp_nav_01673,mengla,navigable,True
pp_nav_01673,mong_yawng,navigable,True
pp_nav_01674,pp_nav_01684,navigable,False
pp_nav_01674,weithali,navigable,True
pp_nav_01674,lai_lin_pi,navigable,True
pp_nav_01675,pp_nav_01688,improvable,False
pp_nav_01675,matman,navigable,True
pp_nav_01675,monghsu,navigable,True
pp_nav_01675,mongping,navigable,True
pp_nav_01675,kengkham,navigable,True
pp_nav_01676,pp_nav_01682,navigable,False
pp_nav_01676,pp_nav_01683,navigable,False
pp_nav_01676,thang_long,navigable,True
pp_nav_01676,da_giang,navigable,True
pp_nav_01676,tam_dai,navigable,True
pp_nav_01677,pp_nav_01686,barrier,False
pp_nav_01677,faras,barrier,True
pp_nav_01677,sai,barrier,True
pp_nav_01678,pp_nav_01690,improvable,False
pp_nav_01678,sambalpur,improvable,True
pp_nav_01678,sonepur,improvable,True
pp_nav_01678,bargarh,improvable,True
pp_nav_01679,pp_nav_01685,improvable,False
pp_nav_01679,mang_viet,navigable,True
pp_nav_01679,son_la,navigable,True
pp_nav_01679,thuan_chau,navigable,True
pp_nav_01680,pagan,navigable,True
pp_nav_01680,saw,navigable,True
pp_nav_01680,pp_nav_01689,navigable,False
pp_nav_01680,pakokku,navigable,True
pp_nav_01680,talok,navigable,True
pp_nav_01681,muang_sing,barrier,True
pp_nav_01681,pp_nav_01692,barrier,False
pp_nav_01681,mong_yawng,barrier,True
pp_nav_01681,mong_hpayak,barrier,True
pp_nav_01682,pp_nav_01691,navigable,False
pp_nav_01682,thang_long,navigable,True
pp_nav_01682,khoai_chau,navigable,True
pp_nav_01682,tam_dai,navigable,True
pp_nav_01682,vu_ninh,navigable,True
pp_nav_01683,pp_nav_01685,improvable,False
pp_nav_01683,thang_long,navigable,True
pp_nav_01683,da_giang,navigable,True
pp_nav_01683,muong,navigable,True
pp_nav_01684,weithali,navigable,True
pp_nav_01684,mrauk_u,navigable,True
pp_nav_01685,muong,improvable,True
pp_nav_01685,mang_viet,improvable,True
pp_nav_01686,pp_nav_01697,barrier,False
pp_nav_01686,sai,barrier,True
pp_nav_01687,pp_nav_01700,barrier,False
pp_nav_01687,muang_thaeng,navigable,True
pp_nav_01687,nam_xuang,navigable,True
pp_nav_01687,ban_luang_cheng,navigable,True
pp_nav_01688,mongping,improvable,True
pp_nav_01688,kengkham,improvable,True
pp_nav_01689,pagan,navigable,True
pp_nav_01689,saw,navigable,True
pp_nav_01689,salay,navigable,True
pp_nav_01689,sagu,navigable,True
pp_nav_01689,salin,navigable,True
pp_nav_01689,magway,navigable,True
pp_nav_01690,pp_nav_01694,improvable,False
pp_nav_01690,sonepur,improvable,True
pp_nav_01690,athmallik,improvable,True
pp_nav_01690,redhakhol,improvable,True
pp_nav_01690,baud,improvable,True
pp_nav_01691,thien_truong,navigable,True
pp_nav_01691,thang_long,navigable,True
pp_nav_01691,khoai_chau,navigable,True
pp_nav_01691,bo_hai_khau,navigable,True
pp_nav_01691,thai_binh,navigable,True
pp_nav_01692,muang_sing,navigable,True
pp_nav_01692,vieng_phouka,navigable,True
pp_nav_01692,mong_hpayak,navigable,True
pp_nav_01693,kengtawng,barrier,True
pp_nav_01693,pp_nav_01706,barrier,False
pp_nav_01693,mongping,barrier,True
pp_nav_01693,mongtung,barrier,True
pp_nav_01693,kengkham,barrier,True
pp_nav_01694,pp_nav_01702,navigable,False
pp_nav_01694,kunjabangarh,navigable,True
pp_nav_01694,athmallik,navigable,True
pp_nav_01694,angul,navigable,True
pp_nav_01694,narsinghpur,navigable,True
pp_nav_01694,baud,navigable,True
pp_nav_01695,bhadrak,navigable,True
pp_nav_01695,ratnagiri,navigable,True
pp_nav_01695,jajnagar,navigable,True
pp_nav_01696,vieng_phouka,improvable,True
pp_nav_01696,chiang_saen,improvable,True
pp_nav_01696,mong_hsat,improvable,True
pp_nav_01696,mong_hpayak,improvable,True
pp_nav_01697,pp_nav_01708,barrier,False
pp_nav_01697,kerma,barrier,True
pp_nav_01697,sai,barrier,True
pp_nav_01698,pp_nav_01699,navigable,False
pp_nav_01698,pp_nav_01702,navigable,False
pp_nav_01698,kataka,navigable,True
pp_nav_01698,khurda,navigable,True
pp_nav_01698,narsinghpur,navigable,True
pp_nav_01699,kataka,navigable,True
pp_nav_01699,ratnagiri,navigable,True
pp_nav_01700,pp_nav_01707,barrier,False
pp_nav_01700,nam_xuang,barrier,True
pp_nav_01700,muang_xay,barrier,True
pp_nav_01700,ban_luang_cheng,barrier,True
pp_nav_01700,hongsa,barrier,True
pp_nav_01701,kataka,navigable,True
pp_nav_01701,harishpur,navigable,True
pp_nav_01701,ratnagiri,navigable,True
pp_nav_01702,khurda,navigable,True
pp_nav_01702,kunjabangarh,navigable,True
pp_nav_01702,narsinghpur,navigable,True
pp_nav_01703,vieng_phouka,improvable,True
pp_nav_01703,chiang_khong,improvable,True
pp_nav_01703,chom_khao_maneerat,improvable,True
pp_nav_01703,chiang_saen,improvable,True
pp_nav_01704,indian_coast59,navigable,False
pp_nav_01704,harishpur,navigable,True
pp_nav_01704,ratnagiri,navigable,True
pp_nav_01705,pp_nav_01711,navigable,False
pp_nav_01705,chiang_khong,navigable,True
pp_nav_01705,chom_khao_maneerat,navigable,True
pp_nav_01706,pp_nav_01710,navigable,False
pp_nav_01706,mawkmai,navigable,True
pp_nav_01706,mongtung,navigable,True
pp_nav_01707,pp_nav_01711,improvable,False
pp_nav_01707,muang_xay,improvable,True
pp_nav_01707,hongsa,improvable,True
pp_nav_01708,pp_nav_01714,barrier,False
pp_nav_01708,kerma,barrier,True
pp_nav_01709,thayet,navigable,True
pp_nav_01709,pp_nav_01718,navigable,False
pp_nav_01709,sagu,navigable,True
pp_nav_01709,taungdwingyi,navigable,True
pp_nav_01709,myede,navigable,True
pp_nav_01709,magway,navigable,True
pp_nav_01710,mawkmai,navigable,True
pp_nav_01710,mongpai,navigable,True
pp_nav_01711,chiang_khong,navigable,True
pp_nav_01711,muang_xay,navigable,True
pp_nav_01711,chom_khao_maneerat,navigable,True
pp_nav_01711,hongsa,navigable,True
pp_nav_01712,pp_nav_01715,navigable,False
pp_nav_01712,sayniabuli,navigable,True
pp_nav_01712,hongsa,navigable,True
pp_nav_01712,muang_sua,navigable,True
pp_nav_01713,pp_nav_01716,barrier,False
pp_nav_01713,pp_nav_01717,barrier,False
pp_nav_01713,shemkhiya,barrier,True
pp_nav_01713,abu_hamed,barrier,True
pp_nav_01714,pp_nav_01724,barrier,False
pp_nav_01714,kerma,barrier,True
pp_nav_01714,dongola,barrier,True
pp_nav_01715,sayniabuli,navigable,True
pp_nav_01715,muang_sua,navigable,True
pp_nav_01715,vang_vieng,navigable,True
pp_nav_01716,pp_nav_01720,barrier,False
pp_nav_01716,shemkhiya,barrier,True
pp_nav_01716,abu_hamed,barrier,True
pp_nav_01717,pp_nav_01725,navigable,False
pp_nav_01717,shemkhiya,navigable,True
pp_nav_01717,abu_hamed,navigable,True
pp_nav_01717,berber,navigable,True
pp_nav_01718,thayet,navigable,True
pp_nav_01718,pyay,navigable,True
pp_nav_01718,mindon,navigable,True
pp_nav_01718,myede,navigable,True
pp_nav_01719,siri_do,navigable,True
pp_nav_01719,papun,navigable,True
pp_nav_01719,mongpai,navigable,True
pp_nav_01720,pp_nav_01734,barrier,False
pp_nav_01720,shemkhiya,barrier,True
pp_nav_01720,abu_hamed,barrier,True
pp_nav_01720,karima,barrier,True
pp_nav_01721,pp_nav_01728,navigable,False
pp_nav_01721,palampet,navigable,True
pp_nav_01721,bhadrachalam,navigable,True
pp_nav_01721,barasuru,navigable,True
pp_nav_01721,chennur,navigable,True
pp_nav_01722,pyay,navigable,True
pp_nav_01722,mindon,navigable,True
pp_nav_01723,ban_khon,improvable,True
pp_nav_01724,pp_nav_01745,barrier,False
pp_nav_01724,dongola,barrier,True
pp_nav_01725,pp_nav_01744,navigable,False
pp_nav_01725,shemkhiya,navigable,True
pp_nav_01725,berber,navigable,True
pp_nav_01726,tlacotlalpan,navigable,True
pp_nav_01726,puctlan,navigable,True
pp_nav_01726,cosamaloapan,navigable,True
pp_nav_01727,pp_nav_01732,improvable,False
pp_nav_01727,pp_nav_01741,improvable,False
pp_nav_01727,churumekua,improvable,True
pp_nav_01727,chucutitlan,improvable,True
pp_nav_01727,aguacana,improvable,True
pp_nav_01728,pp_nav_01746,navigable,False
pp_nav_01728,palampet,navigable,True
pp_nav_01728,barasuru,navigable,True
pp_nav_01728,mangapet,navigable,True
pp_nav_01728,rekapalle,navigable,True
pp_nav_01729,pp_nav_01741,improvable,False
pp_nav_01729,churumekua,navigable,True
pp_nav_01729,zacatollan,navigable,True
pp_nav_01729,chucutitlan,navigable,True
pp_nav_01730,pp_nav_01752,navigable,False
pp_nav_01730,kawliya,navigable,True
pp_nav_01730,thandaunggyi,navigable,True
pp_nav_01730,kyaukkyi,navigable,True
pp_nav_01730,phyu,navigable,True
pp_nav_01731,pp_nav_01750,navigable,False
pp_nav_01731,myanaung,navigable,True
pp_nav_01731,paungde,navigable,True
pp_nav_01731,pyay,navigable,True
pp_nav_01731,tharrawaddy,navigable,True
pp_nav_01732,churumekua,navigable,True
pp_nav_01732,cuitzeo,navigable,True
pp_nav_01732,cutzamala,navigable,True
pp_nav_01733,mecoacan_lagoon,navigable,False
pp_nav_01733,pp_nav_01739,navigable,False
pp_nav_01733,cupilco,navigable,True
pp_nav_01734,pp_nav_01745,barrier,False
pp_nav_01734,korti,barrier,True
pp_nav_01734,shemkhiya,barrier,True
pp_nav_01734,karima,barrier,True
pp_nav_01734,ed_debba,barrier,True
pp_nav_01735,pak_huei_lang,navigable,True
pp_nav_01735,thoulakhom,navigable,True
pp_nav_01735,bolikham,navigable,True
pp_nav_01736,pak_huei_lang,navigable,True
pp_nav_01736,pp_nav_01748,navigable,False
pp_nav_01736,muang_nakhon,navigable,True
pp_nav_01736,ngoc_ma,navigable,True
pp_nav_01736,thakhek,navigable,True
pp_nav_01736,bolikham,navigable,True
pp_nav_01737,pak_huei_lang,navigable,True
pp_nav_01737,vientiane,navigable,True
pp_nav_01737,pp_nav_01743,navigable,False
pp_nav_01737,pp_nav_01749,navigable,False
pp_nav_01737,nong_khay,navigable,True
pp_nav_01737,thoulakhom,navigable,True
pp_nav_01738,otatitlan,navigable,True
pp_nav_01738,tochtepec,navigable,True
pp_nav_01738,oxitlan,navigable,True
pp_nav_01738,cosamaloapan,navigable,True
pp_nav_01739,pp_nav_01753,navigable,False
pp_nav_01739,zahuatan,navigable,True
pp_nav_01739,baak,navigable,True
pp_nav_01739,cupilco,navigable,True
pp_nav_01739,xicallanco,navigable,True
pp_nav_01739,tatahuitalpan,navigable,True
pp_nav_01740,pp_nav_01755,navigable,False
pp_nav_01740,tubigarao,navigable,True
pp_nav_01740,babuyan_channel,navigable,False
pp_nav_01740,gattaran,navigable,True
pp_nav_01740,balbalan,navigable,True
pp_nav_01740,aparri,navigable,True
pp_nav_01741,zacatollan,improvable,True
pp_nav_01741,chucutitlan,improvable,True
pp_nav_01742,vientiane,navigable,True
pp_nav_01742,pp_nav_01747,navigable,False
pp_nav_01742,pp_nav_01749,navigable,False
pp_nav_01742,chiang_khan,navigable,True
pp_nav_01742,phon_hong,navigable,True
pp_nav_01743,vientiane,navigable,True
pp_nav_01744,pp_nav_01758,navigable,False
pp_nav_01744,shemkhiya,navigable,True
pp_nav_01744,atbara,navigable,True
pp_nav_01744,ed_damer,navigable,True
pp_nav_01744,berber,navigable,True
pp_nav_01745,dongola,barrier,True
pp_nav_01745,karima,barrier,True
pp_nav_01745,ed_debba,barrier,True
pp_nav_01746,pp_nav_01756,navigable,False
pp_nav_01746,mangapet,navigable,True
pp_nav_01746,kothagudem,navigable,True
pp_nav_01746,rekapalle,navigable,True
pp_nav_01747,loei,navigable,True
pp_nav_01747,chiang_khan,navigable,True
pp_nav_01747,dan_sai,navigable,True
pp_nav_01747,phon_hong,navigable,True
pp_nav_01748,pp_nav_01757,navigable,False
pp_nav_01748,muang_nakhon,navigable,True
pp_nav_01748,thakhek,navigable,True
pp_nav_01749,vientiane,navigable,True
pp_nav_01749,nong_khay,navigable,True
pp_nav_01749,chiang_khan,navigable,True
pp_nav_01750,pp_nav_01759,navigable,False
pp_nav_01750,ingapu,navigable,True
pp_nav_01750,hinthada,navigable,True
pp_nav_01750,myanaung,navigable,True
pp_nav_01750,tharrawaddy,navigable,True
pp_nav_01751,pp_nav_01760,barrier,False
pp_nav_01751,sariang,barrier,True
pp_nav_01751,papun,barrier,True
pp_nav_01751,hpa_an,barrier,True
pp_nav_01752,kawliya,navigable,True
pp_nav_01752,pegu,navigable,True
pp_nav_01752,sittaung,navigable,True
pp_nav_01752,kyaukkyi,navigable,True
pp_nav_01753,pp_nav_01754,navigable,False
pp_nav_01753,baak,navigable,True
pp_nav_01753,tatahuitalpan,navigable,True
pp_nav_01754,pp_nav_01761,navigable,False
pp_nav_01754,baak,navigable,True
pp_nav_01754,tatahuitalpan,navigable,True
pp_nav_01755,tubigarao,navigable,True
pp_nav_01755,bolo,navigable,True
pp_nav_01755,mallig,navigable,True
pp_nav_01756,pp_nav_01762,navigable,False
pp_nav_01756,kothagudem,navigable,True
pp_nav_01756,rekapalle,navigable,True
pp_nav_01756,rampa,navigable,True
pp_nav_01757,muang_nakhon,navigable,True
pp_nav_01757,that_phanom,navigable,True
pp_nav_01757,thakhek,navigable,True
pp_nav_01757,nong_bok,navigable,True
pp_nav_01758,pp_nav_01765,navigable,False
pp_nav_01758,shendi,navigable,True
pp_nav_01758,shemkhiya,navigable,True
pp_nav_01758,ed_damer,navigable,True
pp_nav_01758,el_metemma,navigable,True
pp_nav_01759,pp_nav_01767,navigable,False
pp_nav_01759,hmawbi,navigable,True
pp_nav_01759,danubyu,navigable,True
pp_nav_01759,hinthada,navigable,True
pp_nav_01759,twante,navigable,True
pp_nav_01759,tharrawaddy,navigable,True
pp_nav_01760,martaban,navigable,True
pp_nav_01760,thaton,navigable,True
pp_nav_01760,hpa_an,navigable,True
pp_nav_01761,baak,navigable,True
pp_nav_01761,pochutla,navigable,True
pp_nav_01761,tatahuitalpan,navigable,True
pp_nav_01762,pithapuram,navigable,True
pp_nav_01762,pallakolu,navigable,True
pp_nav_01762,rampa,navigable,True
pp_nav_01762,rajamahendry,navigable,True
pp_nav_01763,pp_nav_01764,navigable,False
pp_nav_01763,bamba,navigable,True
pp_nav_01763,bourem,navigable,True
pp_nav_01764,pp_nav_01773,navigable,False
pp_nav_01764,bourem,navigable,True
pp_nav_01764,tondibi,navigable,True
pp_nav_01765,pp_nav_01775,navigable,False
pp_nav_01765,shendi,navigable,True
pp_nav_01765,el_metemma,navigable,True
pp_nav_01766,pp_nav_01771,navigable,False
pp_nav_01766,bamba,navigable,True
pp_nav_01766,gourma_rharous,navigable,True
pp_nav_01767,maubin,navigable,True
pp_nav_01767,naungyo,navigable,True
pp_nav_01767,danubyu,navigable,True
pp_nav_01767,twante,navigable,True
pp_nav_01768,pp_nav_01779,navigable,False
pp_nav_01768,mukdahan,navigable,True
pp_nav_01768,that_phanom,navigable,True
pp_nav_01768,nong_bok,navigable,True
pp_nav_01768,savannakhet,navigable,True
pp_nav_01769,pachan,improvable,True
pp_nav_01769,pochutla,improvable,True
pp_nav_01770,pp_nav_01772,improvable,False
pp_nav_01770,pp_nav_01774,navigable,False
pp_nav_01770,macherla,navigable,True
pp_nav_01770,wazirabad,navigable,True
pp_nav_01770,kondapalli,navigable,True
pp_nav_01770,guntur,navigable,True
pp_nav_01771,pp_nav_01777,navigable,False
pp_nav_01771,arlal,navigable,True
pp_nav_01771,goundam,navigable,True
pp_nav_01771,kabara,navigable,True
pp_nav_01771,timbuktu,navigable,True
pp_nav_01771,gourma_rharous,navigable,True
pp_nav_01772,pp_nav_01778,barrier,False
pp_nav_01772,devarakonda,improvable,True
pp_nav_01772,macherla,improvable,True
pp_nav_01772,wazirabad,improvable,True
pp_nav_01773,pp_nav_01783,navigable,False
pp_nav_01773,gao,navigable,True
pp_nav_01773,tondibi,navigable,True
pp_nav_01774,pp_nav_01781,navigable,False
pp_nav_01774,masulipatnam,navigable,True
pp_nav_01774,kondapalli,navigable,True
pp_nav_01774,guntur,navigable,True
pp_nav_01774,peddapalli,navigable,True
pp_nav_01775,pp_nav_01780,navigable,False
pp_nav_01775,shendi,navigable,True
pp_nav_01775,qerri,navigable,True
pp_nav_01775,omdurman,navigable,True
pp_nav_01775,el_metemma,navigable,True
pp_nav_01776,jolom_konob,navigable,True
pp_nav_01776,pachan,navigable,True
pp_nav_01776,ceibal,navigable,True
pp_nav_01777,arlal,navigable,True
pp_nav_01777,goundam,navigable,True
pp_nav_01777,tindirma,navigable,True
pp_nav_01778,amrabad,barrier,True
pp_nav_01778,devarakonda,barrier,True
pp_nav_01778,macherla,barrier,True
pp_nav_01778,markapur,barrier,True
pp_nav_01779,mukdahan,navigable,True
pp_nav_01779,muang_khemarat,navigable,True
pp_nav_01779,savannakhet,navigable,True
pp_nav_01779,thuan_binh,navigable,True
pp_nav_01780,pp_nav_01785,navigable,False
pp_nav_01780,pp_nav_01788,navigable,False
pp_nav_01780,qerri,navigable,True
pp_nav_01780,omdurman,navigable,True
pp_nav_01780,soba,navigable,True
pp_nav_01780,arbaji,navigable,True
pp_nav_01781,indian_coast51,navigable,False
pp_nav_01781,masulipatnam,navigable,True
pp_nav_01781,peddapalli,navigable,True
pp_nav_01782,amrabad,navigable,True
pp_nav_01782,panugallu,navigable,True
pp_nav_01782,srisailam,navigable,True
pp_nav_01783,pp_nav_01787,navigable,False
pp_nav_01783,gao,navigable,True
pp_nav_01783,ansongo,navigable,True
pp_nav_01784,pp_nav_01786,improvable,False
pp_nav_01784,muang_khemarat,navigable,True
pp_nav_01784,muang_mang,navigable,True
pp_nav_01784,muang_phalan,navigable,True
pp_nav_01784,thuan_binh,navigable,True
pp_nav_01785,pp_nav_01791,navigable,False
pp_nav_01785,soba,navigable,True
pp_nav_01785,arbaji,navigable,True
pp_nav_01785,branko,navigable,True
pp_nav_01786,pp_nav_01789,improvable,False
pp_nav_01786,pp_nav_01790,improvable,False
pp_nav_01786,prasat_thong_lang,improvable,True
pp_nav_01786,champasak,improvable,True
pp_nav_01786,muang_khemarat,improvable,True
pp_nav_01786,muang_mang,improvable,True
pp_nav_01787,pp_nav_01792,navigable,False
pp_nav_01787,ansongo,navigable,True
pp_nav_01787,kukiya,navigable,True
pp_nav_01788,pp_nav_01794,navigable,False
pp_nav_01788,omdurman,navigable,True
pp_nav_01788,arbaji,navigable,True
pp_nav_01788,el_manaqil,navigable,True
pp_nav_01789,khukhan,navigable,True
pp_nav_01789,prasat_thong_lang,navigable,True
pp_nav_01789,muang_khemarat,navigable,True
pp_nav_01789,yasothon,navigable,True
pp_nav_01790,champasak,navigable,True
pp_nav_01790,vat_phou,navigable,True
pp_nav_01791,arbaji,navigable,True
pp_nav_01791,branko,navigable,True
pp_nav_01791,el_eleila,navigable,True
pp_nav_01792,pp_nav_01799,navigable,False
pp_nav_01792,ayerou,navigable,True
pp_nav_01792,kokorou,navigable,True
pp_nav_01792,kukiya,navigable,True
pp_nav_01792,anzourou,navigable,True
pp_nav_01793,pp_nav_01797,navigable,False
pp_nav_01793,bismuna_lagoon,navigable,False
pp_nav_01793,tawahka,navigable,True
pp_nav_01793,silam,navigable,True
pp_nav_01793,ahuya_yari,navigable,True
pp_nav_01793,awastara,navigable,True
pp_nav_01794,pp_nav_01803,navigable,False
pp_nav_01794,omdurman,navigable,True
pp_nav_01794,waylula,navigable,True
pp_nav_01794,el_manaqil,navigable,True
pp_nav_01795,pp_nav_01805,navigable,False
pp_nav_01795,lopburi,navigable,True
pp_nav_01795,chai_nat,navigable,True
pp_nav_01795,ayodhya,navigable,True
pp_nav_01796,pp_nav_01802,navigable,False
pp_nav_01796,tonle_kong,navigable,True
pp_nav_01796,idkabue,navigable,True
pp_nav_01797,tawahka,navigable,True
pp_nav_01797,silam,navigable,True
pp_nav_01797,ku,navigable,True
pp_nav_01798,pp_nav_01804,navigable,False
pp_nav_01798,dia,navigable,True
pp_nav_01798,sanga,navigable,True
pp_nav_01799,pp_nav_01806,navigable,False
pp_nav_01799,gotheye,navigable,True
pp_nav_01799,dargol,navigable,True
pp_nav_01799,kokorou,navigable,True
pp_nav_01799,anzourou,navigable,True
pp_nav_01800,pp_nav_01811,navigable,False
pp_nav_01800,preah_ko,navigable,True
pp_nav_01800,vat_phou,navigable,True
pp_nav_01801,pp_nav_01810,navigable,False
pp_nav_01801,arbaji,navigable,True
pp_nav_01801,el_eleila,navigable,True
pp_nav_01801,sennar,navigable,True
pp_nav_01801,wad_madani,navigable,True
pp_nav_01802,pp_nav_01811,navigable,False
pp_nav_01802,tonle_kong,navigable,True
pp_nav_01802,stung_treng,navigable,True
pp_nav_01803,pp_nav_01813,navigable,False
pp_nav_01803,kosa,navigable,True
pp_nav_01803,waylula,navigable,True
pp_nav_01803,alays,navigable,True
pp_nav_01803,el_manaqil,navigable,True
pp_nav_01804,pp_nav_01808,navigable,False
pp_nav_01804,dia,navigable,True
pp_nav_01804,macina,navigable,True
pp_nav_01805,ayodhya,navigable,True
pp_nav_01806,pp_nav_01814,navigable,False
pp_nav_01806,gotheye,navigable,True
pp_nav_01806,dargol,navigable,True
pp_nav_01806,goudel,navigable,True
pp_nav_01806,namaro,navigable,True
pp_nav_01806,boubon,navigable,True
pp_nav_01806,sikieye,navigable,True
pp_nav_01807,bight_ayodhya,navigable,False
pp_nav_01807,kanchanaburi,navigable,True
pp_nav_01807,chaisri,navigable,True
pp_nav_01807,ratchaburi,navigable,True
pp_nav_01808,pp_nav_01812,navigable,False
pp_nav_01808,segou,navigable,True
pp_nav_01808,macina,navigable,True
pp_nav_01808,sansanding,navigable,True
pp_nav_01809,pp_nav_01811,navigable,False
pp_nav_01809,pp_nav_01815,navigable,False
pp_nav_01809,banlung,navigable,True
pp_nav_01809,stung_treng,navigable,True
pp_nav_01810,pp_nav_01819,navigable,False
pp_nav_01810,singa,navigable,True
pp_nav_01810,sennar,navigable,True
pp_nav_01810,wad_madani,navigable,True
pp_nav_01811,pp_nav_01817,navigable,False
pp_nav_01811,stung_treng,navigable,True
pp_nav_01811,preah_ko,navigable,True
pp_nav_01812,pp_nav_01818,navigable,False
pp_nav_01812,nyamina,navigable,True
pp_nav_01812,segou,navigable,True
pp_nav_01813,pp_nav_01822,navigable,False
pp_nav_01813,kosa,navigable,True
pp_nav_01813,alays,navigable,True
pp_nav_01814,pp_nav_01825,navigable,False
pp_nav_01814,goudel,navigable,True
pp_nav_01814,libore,navigable,True
pp_nav_01814,say,navigable,True
pp_nav_01814,koure,navigable,True
pp_nav_01815,pp_nav_01816,navigable,False
pp_nav_01815,lumphat,navigable,True
pp_nav_01815,stung_treng,navigable,True
pp_nav_01816,doh_kromum,navigable,True
pp_nav_01816,lumphat,navigable,True
pp_nav_01817,sampheak_borak,navigable,True
pp_nav_01817,sandan,navigable,True
pp_nav_01817,stung_treng,navigable,True
pp_nav_01818,pp_nav_01823,improvable,False
pp_nav_01818,nyamina,navigable,True
pp_nav_01818,koulikoro,navigable,True
pp_nav_01818,segou,navigable,True
pp_nav_01819,pp_nav_01826,navigable,False
pp_nav_01819,singa,navigable,True
pp_nav_01819,sennar,navigable,True
pp_nav_01819,karkuj,navigable,True
pp_nav_01820,doh_kromum,improvable,True
pp_nav_01820,lumphat,improvable,True
pp_nav_01821,pp_nav_01824,navigable,False
pp_nav_01821,boas,navigable,True
pp_nav_01821,prinzus,navigable,True
pp_nav_01821,karawala,navigable,True
pp_nav_01822,pp_nav_01830,navigable,False
pp_nav_01822,kosa,navigable,True
pp_nav_01822,alays,navigable,True
pp_nav_01822,renk,navigable,True
pp_nav_01823,pp_nav_01828,improvable,False
pp_nav_01823,koulikoro,improvable,True
pp_nav_01823,bamako,improvable,True
pp_nav_01824,kukra,navigable,True
pp_nav_01824,prinzus,navigable,True
pp_nav_01824,karawala,navigable,True
pp_nav_01825,pp_nav_01829,navigable,False
pp_nav_01825,libore,navigable,True
pp_nav_01825,say,navigable,True
pp_nav_01826,pp_nav_01831,navigable,False
pp_nav_01826,singa,navigable,True
pp_nav_01826,dabarqi,navigable,True
pp_nav_01826,karkuj,navigable,True
pp_nav_01827,phnom_santuk,navigable,True
pp_nav_01827,sampheak_borak,navigable,True
pp_nav_01827,sandan,navigable,True
pp_nav_01827,kracheh,navigable,True
pp_nav_01828,kirina,navigable,True
pp_nav_01828,bamako,navigable,True
pp_nav_01829,pp_nav_01834,navigable,False
pp_nav_01829,say,navigable,True
pp_nav_01829,tanda,navigable,True
pp_nav_01830,pp_nav_01841,navigable,False
pp_nav_01830,kosa,navigable,True
pp_nav_01830,kaka,navigable,True
pp_nav_01830,renk,navigable,True
pp_nav_01831,pp_nav_01842,improvable,False
pp_nav_01831,al_rusayrisi,navigable,True
pp_nav_01831,fazughli,navigable,True
pp_nav_01831,dabarqi,navigable,True
pp_nav_01831,karkuj,navigable,True
pp_nav_01832,tenasserim,improvable,True
pp_nav_01832,mergui,improvable,True
pp_nav_01833,pp_nav_01838,navigable,False
pp_nav_01833,srey_sarchhor,navigable,True
pp_nav_01833,phnom_santuk,navigable,True
pp_nav_01833,tboung_khmum,navigable,True
pp_nav_01833,indrapura_khmer,navigable,True
pp_nav_01834,pp_nav_01839,navigable,False
pp_nav_01834,tounouga,navigable,True
pp_nav_01834,gaia,navigable,True
pp_nav_01834,tanda,navigable,True
pp_nav_01835,pp_nav_01840,navigable,False
pp_nav_01835,gaoui,navigable,True
pp_nav_01835,logone_birni,navigable,True
pp_nav_01835,mser,navigable,True
pp_nav_01836,pp_nav_01844,navigable,False
pp_nav_01836,kaba,navigable,True
pp_nav_01836,kirina,navigable,True
pp_nav_01837,pp_nav_01838,navigable,False
pp_nav_01837,pp_nav_01843,navigable,False
pp_nav_01837,longvek,navigable,True
pp_nav_01837,srey_sarchhor,navigable,True
pp_nav_01837,phnom_penh,navigable,True
pp_nav_01837,indrapura_khmer,navigable,True
pp_nav_01838,srey_sarchhor,navigable,True
pp_nav_01838,indrapura_khmer,navigable,True
pp_nav_01839,tounouga,navigable,True
pp_nav_01840,pp_nav_01849,navigable,False
pp_nav_01840,logone_birni,navigable,True
pp_nav_01840,pouss,navigable,True
pp_nav_01841,pp_nav_01850,navigable,False
pp_nav_01841,kaka,navigable,True
pp_nav_01841,renk,navigable,True
pp_nav_01841,assosa,navigable,True
pp_nav_01842,pp_nav_01846,improvable,False
pp_nav_01842,al_rusayrisi,improvable,True
pp_nav_01842,fazughli,improvable,True
pp_nav_01843,pp_nav_01852,navigable,False
pp_nav_01843,srey_sarchhor,navigable,True
pp_nav_01843,vyadhapura,navigable,True
pp_nav_01843,phnom_penh,navigable,True
pp_nav_01844,kaba,navigable,True
pp_nav_01844,nounkonkan,navigable,True
pp_nav_01844,dieribakoro,navigable,True
pp_nav_01844,siguiri,navigable,True
pp_nav_01845,pp_nav_01851,navigable,False
pp_nav_01845,tounouga,navigable,True
pp_nav_01845,yauri,navigable,True
pp_nav_01846,guba,improvable,True
pp_nav_01846,al_rusayrisi,improvable,True
pp_nav_01846,fazughli,improvable,True
pp_nav_01847,pp_nav_01854,navigable,False
pp_nav_01847,kampong_sraka_trey,navigable,True
pp_nav_01847,tuol_ta_mouk,navigable,True
pp_nav_01847,prey_nokor,navigable,True
pp_nav_01848,pp_nav_01862,navigable,False
pp_nav_01848,mocana,navigable,True
pp_nav_01848,mahates,navigable,True
pp_nav_01848,galerazamba_coast,navigable,False
pp_nav_01848,kamach,navigable,True
pp_nav_01849,pp_nav_01855,navigable,False
pp_nav_01849,pouss,navigable,True
pp_nav_01849,guelengdeng,navigable,True
pp_nav_01850,pp_nav_01859,navigable,False
pp_nav_01850,kaka,navigable,True
pp_nav_01850,assosa,navigable,True
pp_nav_01851,kontagora,navigable,True
pp_nav_01851,yauri,navigable,True
pp_nav_01852,pp_nav_01861,navigable,False
pp_nav_01852,vyadhapura,navigable,True
pp_nav_01852,phsar_dek,navigable,True
pp_nav_01852,or_keo,navigable,True
pp_nav_01853,guba,improvable,True
pp_nav_01853,fazughli,improvable,True
pp_nav_01854,chan_bo,navigable,True
pp_nav_01854,kampong_sraka_trey,navigable,True
pp_nav_01854,prey_nokor,navigable,True
pp_nav_01855,pp_nav_01857,navigable,False
pp_nav_01855,bousso,navigable,True
pp_nav_01855,guelengdeng,navigable,True
pp_nav_01856,pp_nav_01868,navigable,False
pp_nav_01856,babana,navigable,True
pp_nav_01856,kontagora,navigable,True
pp_nav_01856,bussa,navigable,True
pp_nav_01857,pp_nav_01864,navigable,False
pp_nav_01857,bousso,navigable,True
pp_nav_01858,pp_nav_01865,barrier,False
pp_nav_01858,gimbi,improvable,True
pp_nav_01858,fazughli,improvable,True
pp_nav_01859,pp_nav_01870,navigable,False
pp_nav_01859,fashoda,navigable,True
pp_nav_01859,kaka,navigable,True
pp_nav_01859,assosa,navigable,True
pp_nav_01859,naser,navigable,True
pp_nav_01860,pp_nav_01863,barrier,False
pp_nav_01860,pp_nav_01865,barrier,False
pp_nav_01860,gimbi,navigable,True
pp_nav_01860,enjebara,navigable,True
pp_nav_01860,maldarede,navigable,True
pp_nav_01861,pp_nav_01869,navigable,False
pp_nav_01861,srok_khleang,navigable,True
pp_nav_01861,phsar_dek,navigable,True
pp_nav_01861,or_keo,navigable,True
pp_nav_01862,pp_nav_01871,navigable,False
pp_nav_01862,mahates,navigable,True
pp_nav_01862,one,navigable,True
pp_nav_01862,zarate,navigable,True
pp_nav_01863,pp_nav_01867,barrier,False
pp_nav_01863,enjebara,barrier,True
pp_nav_01863,dima,barrier,True
pp_nav_01863,maldarede,barrier,True
pp_nav_01864,pp_nav_01872,navigable,False
pp_nav_01864,goundi,navigable,True
pp_nav_01864,bousso,navigable,True
pp_nav_01864,bahr_salamat,navigable,True
pp_nav_01865,gimbi,barrier,True
pp_nav_01866,pp_nav_01867,navigable,False
pp_nav_01866,gambo,navigable,True
pp_nav_01866,debre_libanos,navigable,True
pp_nav_01866,wej,navigable,True
pp_nav_01866,dima,navigable,True
pp_nav_01867,gambo,navigable,True
pp_nav_01867,dima,navigable,True
pp_nav_01867,maldarede,navigable,True
pp_nav_01868,pp_nav_01883,navigable,False
pp_nav_01868,bussa,navigable,True
pp_nav_01868,mokwa,navigable,True
pp_nav_01868,kaiama,navigable,True
pp_nav_01868,jebba,navigable,True
pp_nav_01869,srok_khleang,navigable,True
pp_nav_01869,phsar_dek,navigable,True
pp_nav_01870,pp_nav_01878,navigable,False
pp_nav_01870,fashoda,navigable,True
pp_nav_01870,naser,navigable,True
pp_nav_01870,sobat,navigable,True
pp_nav_01871,one,navigable,True
pp_nav_01871,mompoj,navigable,True
pp_nav_01871,zarate,navigable,True
pp_nav_01872,goundi,navigable,True
pp_nav_01872,sarh,navigable,True
pp_nav_01872,bahr_salamat,navigable,True
pp_nav_01873,pp_nav_01888,navigable,False
pp_nav_01873,tada,navigable,True
pp_nav_01873,nupeko,navigable,True
pp_nav_01873,bida,navigable,True
pp_nav_01874,pp_nav_01880,navigable,False
pp_nav_01874,yola,navigable,True
pp_nav_01874,bi_pi,navigable,True
pp_nav_01874,wuro_yolde,navigable,True
pp_nav_01875,pp_nav_01884,navigable,False
pp_nav_01875,bi_pi,navigable,True
pp_nav_01875,lau,navigable,True
pp_nav_01876,pp_nav_01878,navigable,False
pp_nav_01876,pp_nav_01879,navigable,False
pp_nav_01876,pp_nav_01882,navigable,False
pp_nav_01876,fashoda,navigable,True
pp_nav_01876,nuba_sud,navigable,True
pp_nav_01876,sobat,navigable,True
pp_nav_01876,meshra_er_req,navigable,True
pp_nav_01877,bongor,navigable,True
pp_nav_01877,doba,navigable,True
pp_nav_01878,fashoda,navigable,True
pp_nav_01878,sobat,navigable,True
pp_nav_01879,pp_nav_01885,navigable,False
pp_nav_01879,nuba_sud,navigable,True
pp_nav_01879,meshra_er_req,navigable,True
pp_nav_01880,yola,navigable,True
pp_nav_01881,maracaibo_lake,navigable,False
pp_nav_01881,jauregui,navigable,True
pp_nav_01881,yukpa,navigable,True
pp_nav_01882,pp_nav_01894,navigable,False
pp_nav_01882,sobat,navigable,True
pp_nav_01882,meshra_er_req,navigable,True
pp_nav_01883,pp_nav_01888,navigable,False
pp_nav_01883,tada,navigable,True
pp_nav_01883,mokwa,navigable,True
pp_nav_01883,jebba,navigable,True
pp_nav_01884,pp_nav_01891,navigable,False
pp_nav_01884,lau,navigable,True
pp_nav_01885,wau,navigable,True
pp_nav_01885,nuba_sud,navigable,True
pp_nav_01885,meshra_er_req,navigable,True
pp_nav_01886,pp_nav_01890,navigable,False
pp_nav_01886,pp_nav_01895,navigable,False
pp_nav_01886,norosi,navigable,True
pp_nav_01886,mompoj,navigable,True
pp_nav_01887,yawri_bay,navigable,False
pp_nav_01887,bunce_island,navigable,True
pp_nav_01888,pp_nav_01892,navigable,False
pp_nav_01888,tada,navigable,True
pp_nav_01888,nupeko,navigable,True
pp_nav_01889,butuan_bay,navigable,False
pp_nav_01889,butuan,navigable,True
pp_nav_01890,tamalameque,navigable,True
pp_nav_01890,curumanao,navigable,True
pp_nav_01890,norosi,navigable,True
pp_nav_01890,mompoj,navigable,True
pp_nav_01891,pp_nav_01901,navigable,False
pp_nav_01891,pankshin,navigable,True
pp_nav_01891,kwararafa,navigable,True
pp_nav_01891,lau,navigable,True
pp_nav_01892,nupeko,navigable,True
pp_nav_01893,pp_nav_01905,navigable,False
pp_nav_01893,lapai,navigable,True
pp_nav_01893,nupeko,navigable,True
pp_nav_01893,lokoja,navigable,True
pp_nav_01894,pp_nav_01916,navigable,False
pp_nav_01894,rumbek,navigable,True
pp_nav_01894,sobat,navigable,True
pp_nav_01894,meshra_er_req,navigable,True
pp_nav_01895,pp_nav_01911,navigable,False
pp_nav_01895,mayaba,navigable,True
pp_nav_01895,nechi,navigable,True
pp_nav_01895,mompoj,navigable,True
pp_nav_01896,salaga,navigable,True
pp_nav_01897,pp_nav_01921,navigable,False
pp_nav_01897,macaregua,navigable,True
pp_nav_01897,simiti,navigable,True
pp_nav_01897,norosi,navigable,True
pp_nav_01898,macaregua,navigable,True
pp_nav_01898,curumanao,navigable,True
pp_nav_01898,hacaritamas,navigable,True
pp_nav_01898,simiti,navigable,True
pp_nav_01898,norosi,navigable,True
pp_nav_01899,pp_nav_01900,navigable,False
pp_nav_01899,pp_nav_01902,navigable,False
pp_nav_01899,uyapari,navigable,True
pp_nav_01899,orinucu,navigable,True
pp_nav_01900,uyapari,navigable,True
pp_nav_01900,orinucu,navigable,True
pp_nav_01901,pp_nav_01908,navigable,False
pp_nav_01901,pankshin,navigable,True
pp_nav_01901,kwararafa,navigable,True
pp_nav_01901,ibi,navigable,True
pp_nav_01902,pp_nav_01904,navigable,False
pp_nav_01902,pp_nav_01907,navigable,False
pp_nav_01902,caroni,navigable,True
pp_nav_01902,cachamay,navigable,True
pp_nav_01902,uyapari,navigable,True
pp_nav_01902,guanipa,navigable,True
pp_nav_01903,pp_nav_01917,navigable,False
pp_nav_01903,pp_nav_01922,navigable,False
pp_nav_01903,guamontey,navigable,True
pp_nav_01903,guaquire,navigable,True
pp_nav_01903,guarico,navigable,True
pp_nav_01904,pp_nav_01910,navigable,False
pp_nav_01904,caroni,navigable,True
pp_nav_01904,guanipa,navigable,True
pp_nav_01905,pp_nav_01915,navigable,False
pp_nav_01905,pp_nav_01929,navigable,False
pp_nav_01905,lokoja,navigable,True
pp_nav_01906,dambai,navigable,True
pp_nav_01906,salaga,navigable,True
pp_nav_01907,pp_nav_01936,navigable,False
pp_nav_01907,caroni,navigable,True
pp_nav_01907,cachamay,navigable,True
pp_nav_01908,pp_nav_01925,navigable,False
pp_nav_01908,katsina_ala,navigable,True
pp_nav_01908,wukari,navigable,True
pp_nav_01908,ibi,navigable,True
pp_nav_01909,darien_gulf,navigable,False
pp_nav_01909,murri,navigable,True
pp_nav_01909,acanti,navigable,True
pp_nav_01910,pp_nav_01918,navigable,False
pp_nav_01910,caroni,navigable,True
pp_nav_01910,guanipa,navigable,True
pp_nav_01910,aro,navigable,True
pp_nav_01911,pp_nav_01919,navigable,False
pp_nav_01911,mayaba,navigable,True
pp_nav_01911,nechi,navigable,True
pp_nav_01912,pp_nav_01917,navigable,False
pp_nav_01912,apure,navigable,True
pp_nav_01912,arechuna,navigable,True
pp_nav_01912,guaquire,navigable,True
pp_nav_01912,barinas,navigable,True
pp_nav_01912,guaritico,navigable,True
pp_nav_01913,segbwema,navigable,True
pp_nav_01914,caparo,navigable,True
pp_nav_01914,arechuna,navigable,True
pp_nav_01914,barinas,navigable,True
pp_nav_01915,pp_nav_01920,navigable,False
pp_nav_01915,lokoja,navigable,True
pp_nav_01915,kuje,navigable,True
pp_nav_01916,pp_nav_01938,navigable,False
pp_nav_01916,rumbek,navigable,True
pp_nav_01916,sobat,navigable,True
pp_nav_01916,shambe,navigable,True
pp_nav_01917,apure,navigable,True
pp_nav_01917,guaquire,navigable,True
pp_nav_01918,pp_nav_01926,navigable,False
pp_nav_01918,guanipa,navigable,True
pp_nav_01918,aro,navigable,True
pp_nav_01919,pp_nav_01940,barrier,False
pp_nav_01919,mayaba,navigable,True
pp_nav_01919,sotachiro,navigable,True
pp_nav_01919,nechi,navigable,True
pp_nav_01919,noris,navigable,True
pp_nav_01920,pp_nav_01925,navigable,False
pp_nav_01920,katsina_ala,navigable,True
pp_nav_01920,kuje,navigable,True
pp_nav_01921,pp_nav_01943,navigable,False
pp_nav_01921,macaregua,navigable,True
pp_nav_01921,simiti,navigable,True
pp_nav_01922,pp_nav_01928,navigable,False
pp_nav_01922,apure,navigable,True
pp_nav_01922,guamontey,navigable,True
pp_nav_01922,guaquire,navigable,True
pp_nav_01923,pp_nav_01926,navigable,False
pp_nav_01923,guanipa,navigable,True
pp_nav_01923,kai_kara,navigable,True
pp_nav_01923,ipire,navigable,True
pp_nav_01924,pp_nav_01941,improvable,False
pp_nav_01924,mano,improvable,True
pp_nav_01924,segbwema,improvable,True
pp_nav_01925,pp_nav_01934,navigable,False
pp_nav_01925,katsina_ala,navigable,True
pp_nav_01926,pp_nav_01932,navigable,False
pp_nav_01926,guanipa,navigable,True
pp_nav_01926,kai_kara,navigable,True
pp_nav_01926,aro,navigable,True
pp_nav_01927,sherbro_coast,navigable,False
pp_nav_01927,sherbro_island,navigable,True
pp_nav_01927,galinhas,navigable,True
pp_nav_01928,pp_nav_01935,navigable,False
pp_nav_01928,apure,navigable,True
pp_nav_01928,guamontey,navigable,True
pp_nav_01928,kai_kara,navigable,True
pp_nav_01929,pp_nav_01954,navigable,False
pp_nav_01929,idah,navigable,True
pp_nav_01929,lokoja,navigable,True
pp_nav_01930,pp_nav_01937,navigable,False
pp_nav_01930,apure,navigable,True
pp_nav_01931,pp_nav_01935,navigable,False
pp_nav_01931,apure,navigable,True
pp_nav_01932,kai_kara,navigable,True
pp_nav_01932,aro,navigable,True
pp_nav_01933,pp_nav_01953,navigable,False
pp_nav_01933,dambai,navigable,True
pp_nav_01933,kpalime,navigable,True
pp_nav_01934,katsina_ala,navigable,True
pp_nav_01934,wukari,navigable,True
pp_nav_01935,apure,navigable,True
pp_nav_01935,kai_kara,navigable,True
pp_nav_01936,caroni,navigable,True
pp_nav_01936,cachamay,navigable,True
pp_nav_01937,pp_nav_01946,navigable,False
pp_nav_01937,apure,navigable,True
pp_nav_01938,pp_nav_01952,navigable,False
pp_nav_01938,shambe,navigable,True
pp_nav_01939,murri,navigable,True
pp_nav_01940,pp_nav_01948,barrier,False
pp_nav_01940,ebejico,barrier,True
pp_nav_01940,sotachiro,barrier,True
pp_nav_01940,noris,barrier,True
pp_nav_01941,cape_mount_coast,navigable,False
pp_nav_01941,mano,navigable,True
pp_nav_01942,pp_nav_01956,barrier,False
pp_nav_01942,soddo,barrier,True
pp_nav_01943,macaregua,navigable,True
pp_nav_01943,simiti,navigable,True
pp_nav_01943,yolombo,navigable,True
pp_nav_01943,tora,navigable,True
pp_nav_01944,moro_gulf,navigable,False
pp_nav_01944,buayan,navigable,True
pp_nav_01944,kuta_watu,navigable,True
pp_nav_01945,pp_nav_01955,improvable,False
pp_nav_01945,mesurado,navigable,True
pp_nav_01945,saint_paul_river,navigable,True
pp_nav_01945,bopolu,navigable,True
pp_nav_01946,pp_nav_01950,navigable,False
pp_nav_01946,arauca,navigable,True
pp_nav_01946,apure,navigable,True
pp_nav_01946,arechuna,navigable,True
pp_nav_01947,guajobos,navigable,True
pp_nav_01947,apure,navigable,True
pp_nav_01947,kai_kara,navigable,True
pp_nav_01948,pp_nav_01961,improvable,False
pp_nav_01948,ebejico,improvable,True
pp_nav_01948,sotachiro,improvable,True
pp_nav_01949,pp_nav_01950,navigable,False
pp_nav_01949,arauca,navigable,True
pp_nav_01949,sarare,navigable,True
pp_nav_01949,arechuna,navigable,True
pp_nav_01949,guadual,navigable,True
pp_nav_01950,arauca,navigable,True
pp_nav_01950,arechuna,navigable,True
pp_nav_01951,parepona,navigable,True
pp_nav_01952,pp_nav_01966,navigable,False
pp_nav_01952,lado,navigable,True
pp_nav_01952,bor,navigable,True
pp_nav_01952,shambe,navigable,True
pp_nav_01953,pp_nav_01975,navigable,False
pp_nav_01953,kpalime,navigable,True
pp_nav_01953,keta,navigable,True
pp_nav_01953,kibi,navigable,True
pp_nav_01953,akropong,navigable,True
pp_nav_01954,ugbodu,navigable,True
pp_nav_01954,idah,navigable,True
pp_nav_01954,ukunzu,navigable,True
pp_nav_01955,cape_mesurado,improvable,False
pp_nav_01955,mesurado,improvable,True
pp_nav_01955,saint_paul_river,improvable,True
pp_nav_01956,pp_nav_01959,navigable,False
pp_nav_01956,soddo,navigable,True
pp_nav_01957,pp_nav_01974,navigable,False
pp_nav_01957,bojaya,navigable,True
pp_nav_01957,kuna,navigable,True
pp_nav_01958,ebejico,navigable,True
pp_nav_01958,catios,navigable,True
pp_nav_01959,pp_nav_01965,improvable,False
pp_nav_01959,soddo,navigable,True
pp_nav_01959,omo,navigable,True
pp_nav_01960,pp_nav_01969,navigable,False
pp_nav_01960,pp_nav_01976,navigable,False
pp_nav_01960,guajobos,navigable,True
pp_nav_01960,atanari,navigable,True
pp_nav_01961,pp_nav_01968,improvable,False
pp_nav_01961,ebejico,improvable,True
pp_nav_01961,amaga,improvable,True
pp_nav_01961,guarzo,improvable,True
pp_nav_01962,chipata,navigable,True
pp_nav_01962,pp_nav_01977,navigable,False
pp_nav_01962,pantagoras,navigable,True
pp_nav_01962,ondaimas,navigable,True
pp_nav_01962,cocorna,navigable,True
pp_nav_01963,essequibo_mouth,navigable,False
pp_nav_01963,essequibo,navigable,True
pp_nav_01964,pp_nav_01985,navigable,False
pp_nav_01964,nnewi,navigable,True
pp_nav_01964,ugbodu,navigable,True
pp_nav_01964,ozoro,navigable,True
pp_nav_01964,onitsha,navigable,True
pp_nav_01965,pp_nav_01982,improvable,False
pp_nav_01965,omo,improvable,True
pp_nav_01966,pp_nav_01983,navigable,False
pp_nav_01966,lado,navigable,True
pp_nav_01966,bor,navigable,True
pp_nav_01967,cestos_point,improvable,False
pp_nav_01967,bassa,improvable,True
pp_nav_01967,junk_river,improvable,True
pp_nav_01968,ebejico,navigable,True
pp_nav_01968,amaga,navigable,True
pp_nav_01968,guarzo,navigable,True
pp_nav_01968,tahamies,navigable,True
pp_nav_01969,pp_nav_01973,navigable,False
pp_nav_01969,guajobos,navigable,True
pp_nav_01969,atanari,navigable,True
pp_nav_01970,arauca,navigable,True
pp_nav_01970,yopo,navigable,True
pp_nav_01970,tame,navigable,True
pp_nav_01970,atanari,navigable,True
pp_nav_01971,pp_nav_01973,navigable,False
pp_nav_01971,arauca,navigable,True
pp_nav_01971,guajobos,navigable,True
pp_nav_01971,atanari,navigable,True
pp_nav_01972,pp_nav_01980,navigable,False
pp_nav_01972,ugbo,navigable,True
pp_nav_01972,afikpo,navigable,True
pp_nav_01973,guajobos,navigable,True
pp_nav_01973,atanari,navigable,True
pp_nav_01974,quibdo,navigable,True
pp_nav_01974,bojaya,navigable,True
pp_nav_01975,cape_saint_paul,navigable,False
pp_nav_01975,keta,navigable,True
pp_nav_01975,akropong,navigable,True
pp_nav_01976,atanari,navigable,True
pp_nav_01977,pp_nav_01996,improvable,False
pp_nav_01977,ondaimas,navigable,True
pp_nav_01977,cocorna,navigable,True
pp_nav_01978,pp_nav_01994,navigable,False
pp_nav_01978,afikpo,navigable,True
pp_nav_01978,arochukwu,navigable,True
pp_nav_01978,awka_etiti,navigable,True
pp_nav_01979,pp_nav_01995,improvable,False
pp_nav_01979,mobaye,improvable,True
pp_nav_01980,afikpo,navigable,True
pp_nav_01980,ikom,navigable,True
pp_nav_01981,essequibo,navigable,True
pp_nav_01981,tumatumari,navigable,True
pp_nav_01982,pp_nav_01992,improvable,False
pp_nav_01982,omo,improvable,True
pp_nav_01983,pp_nav_02003,navigable,False
pp_nav_01983,gondokoro,navigable,True
pp_nav_01983,lado,navigable,True
pp_nav_01983,bor,navigable,True
pp_nav_01984,neekeari,navigable,True
pp_nav_01985,pp_nav_02000,navigable,False
pp_nav_01985,azia,navigable,True
pp_nav_01985,nnewi,navigable,True
pp_nav_01985,warri,navigable,True
pp_nav_01985,ozoro,navigable,True
pp_nav_01986,kinabatangan,navigable,True
pp_nav_01986,sandakan_harbour,navigable,False
pp_nav_01987,pp_nav_01999,navigable,False
pp_nav_01987,maracoa,navigable,True
pp_nav_01987,atanari,navigable,True
pp_nav_01988,pp_nav_01997,navigable,False
pp_nav_01988,cumaribo,navigable,True
pp_nav_01988,yopo,navigable,True
pp_nav_01988,atanari,navigable,True
pp_nav_01989,ndyuka,navigable,True
pp_nav_01989,iaremappo,navigable,True
pp_nav_01990,pp_nav_01993,navigable,False
pp_nav_01990,maracoa,navigable,True
pp_nav_01990,atanari,navigable,True
pp_nav_01991,umbra,navigable,True
pp_nav_01991,otun,navigable,True
pp_nav_01991,cauroma,navigable,True
pp_nav_01992,daasanach,navigable,True
pp_nav_01992,omo,navigable,True
pp_nav_01993,cumaribo,navigable,True
pp_nav_01993,maracoa,navigable,True
pp_nav_01993,atanari,navigable,True
pp_nav_01994,calabar,navigable,True
pp_nav_01994,eket,navigable,True
pp_nav_01994,arochukwu,navigable,True
pp_nav_01995,pp_nav_02016,navigable,False
pp_nav_01995,mobaye,navigable,True
pp_nav_01996,pp_nav_02021,improvable,False
pp_nav_01996,guarinoes,improvable,True
pp_nav_01996,ondaimas,improvable,True
pp_nav_01996,colombayma,improvable,True
pp_nav_01997,cumaribo,navigable,True
pp_nav_01997,yopo,navigable,True
pp_nav_01998,pp_nav_02007,improvable,False
pp_nav_01998,yoko,improvable,True
pp_nav_01998,sanaga,improvable,True
pp_nav_01998,bertoua,improvable,True
pp_nav_01999,pp_nav_02011,navigable,False
pp_nav_01999,pp_nav_02014,navigable,False
pp_nav_01999,maracoa,navigable,True
pp_nav_02000,pp_nav_02018,navigable,False
pp_nav_02000,warri,navigable,True
pp_nav_02000,cabo_formoso,navigable,True
pp_nav_02000,brass,navigable,True
pp_nav_02001,pp_nav_02005,navigable,False
pp_nav_02001,pp_nav_02008,navigable,False
pp_nav_02001,krebedje,navigable,True
pp_nav_02001,ouaka,navigable,True
pp_nav_02001,bosobolo,navigable,True
pp_nav_02002,tribuga_gulf,navigable,False
pp_nav_02002,choco,navigable,True
pp_nav_02003,pp_nav_02029,navigable,False
pp_nav_02003,gondokoro,navigable,True
pp_nav_02003,lado,navigable,True
pp_nav_02003,rejaf,navigable,True
pp_nav_02004,cape_palmas,navigable,False
pp_nav_02004,tabou,navigable,True
pp_nav_02004,san_pedro,navigable,True
pp_nav_02005,pp_nav_02019,navigable,False
pp_nav_02005,ouaka,navigable,True
pp_nav_02005,bosobolo,navigable,True
pp_nav_02006,noanama,navigable,True
pp_nav_02007,pp_nav_02015,improvable,False
pp_nav_02007,yoko,navigable,True
pp_nav_02007,sanaga,navigable,True
pp_nav_02008,pp_nav_02028,navigable,False
pp_nav_02008,krebedje,navigable,True
pp_nav_02008,bangui,navigable,True
pp_nav_02008,boali,navigable,True
pp_nav_02008,bosobolo,navigable,True
pp_nav_02009,pp_nav_02024,improvable,False
pp_nav_02009,pp_nav_02025,improvable,False
pp_nav_02009,batchingou,improvable,True
pp_nav_02009,yambasa,improvable,True
pp_nav_02010,tauramena,navigable,True
pp_nav_02010,orocue,navigable,True
pp_nav_02011,pp_nav_02017,navigable,False
pp_nav_02011,maracoa,navigable,True
pp_nav_02012,pp_nav_02013,improvable,False
pp_nav_02012,pp_nav_02023,navigable,False
pp_nav_02012,kotto,navigable,True
pp_nav_02013,uele_ca,improvable,True
pp_nav_02013,kotto,improvable,True
pp_nav_02014,maracoa,navigable,True
pp_nav_02015,pp_nav_02025,improvable,False
pp_nav_02015,yoko,improvable,True
pp_nav_02015,sanaga,improvable,True
pp_nav_02015,yambasa,improvable,True
pp_nav_02016,mobaye,navigable,True
pp_nav_02017,pp_nav_02026,navigable,False
pp_nav_02017,cumaribo,navigable,True
pp_nav_02017,maracoa,navigable,True
pp_nav_02018,west_niger_mouth,navigable,False
pp_nav_02018,cabo_formoso,navigable,True
pp_nav_02018,brass,navigable,True
pp_nav_02019,pp_nav_02030,navigable,False
pp_nav_02019,ouaka,navigable,True
pp_nav_02019,mobaye,navigable,True
pp_nav_02019,bosobolo,navigable,True
pp_nav_02020,pp_nav_02027,navigable,False
pp_nav_02020,pp_nav_02034,navigable,False
pp_nav_02020,tauramena,navigable,True
pp_nav_02020,orocue,navigable,True
pp_nav_02020,metica,navigable,True
pp_nav_02021,pp_nav_02038,navigable,False
pp_nav_02021,tocaima,navigable,True
pp_nav_02021,colombayma,navigable,True
pp_nav_02021,quicuima,navigable,True
pp_nav_02022,cape_baram,navigable,False
pp_nav_02022,tinjar,navigable,True
pp_nav_02022,niah,navigable,True
pp_nav_02022,baram,navigable,True
pp_nav_02022,tutong,navigable,True
pp_nav_02023,mobaye,navigable,True
pp_nav_02023,kotto,navigable,True
pp_nav_02024,pp_nav_02036,improvable,False
pp_nav_02024,yambasa,improvable,True
pp_nav_02024,eseka,improvable,True
pp_nav_02024,edea,improvable,True
pp_nav_02025,yambasa,improvable,True
pp_nav_02026,pp_nav_02032,navigable,False
pp_nav_02026,cumaribo,navigable,True
pp_nav_02027,pp_nav_02033,navigable,False
pp_nav_02027,tauramena,navigable,True
pp_nav_02027,metica,navigable,True
pp_nav_02027,upia,navigable,True
pp_nav_02028,mbaiki,navigable,True
pp_nav_02028,bangui,navigable,True
pp_nav_02028,boali,navigable,True
pp_nav_02029,pp_nav_02042,navigable,False
pp_nav_02029,gondokoro,navigable,True
pp_nav_02029,rejaf,navigable,True
pp_nav_02030,mobaye,navigable,True
pp_nav_02030,bosobolo,navigable,True
pp_nav_02031,cape_debundsha,navigable,False
pp_nav_02031,cameroons,navigable,True
pp_nav_02031,bimbia,navigable,True
pp_nav_02032,cumaribo,navigable,True
pp_nav_02032,orocue,navigable,True
pp_nav_02033,metica,navigable,True
pp_nav_02033,upia,navigable,True
pp_nav_02033,humadea,navigable,True
pp_nav_02034,metica,navigable,True
pp_nav_02035,approuage_mouth,navigable,False
pp_nav_02035,palikur,navigable,True
pp_nav_02036,pp_nav_02041,improvable,False
pp_nav_02036,eseka,improvable,True
pp_nav_02036,edea,improvable,True
pp_nav_02037,manjung,navigable,True
pp_nav_02038,yaporox,navigable,True
pp_nav_02038,coyaima,navigable,True
pp_nav_02038,tocaima,navigable,True
pp_nav_02038,quicuima,navigable,True
pp_nav_02039,pp_nav_02043,improvable,False
pp_nav_02039,pp_nav_02044,navigable,False
pp_nav_02039,uele_ca,navigable,True
pp_nav_02039,bomokandi,navigable,True
pp_nav_02040,pp_nav_02044,navigable,False
pp_nav_02040,uele_ca,navigable,True
pp_nav_02040,bomokandi,navigable,True
pp_nav_02040,dungu,navigable,True
pp_nav_02041,cape_debundsha,improvable,False
pp_nav_02041,fifinda,improvable,True
pp_nav_02041,cameroons,improvable,True
pp_nav_02041,edea,improvable,True
pp_nav_02042,pp_nav_02055,navigable,False
pp_nav_02042,gondokoro,navigable,True
pp_nav_02042,pubungu,navigable,True
pp_nav_02042,acholi,navigable,True
pp_nav_02042,rejaf,navigable,True
pp_nav_02043,pp_nav_02046,improvable,False
pp_nav_02043,uele_ca,improvable,True
pp_nav_02043,bomokandi,improvable,True
pp_nav_02044,uele_ca,navigable,True
pp_nav_02044,bomokandi,navigable,True
pp_nav_02045,sesayap,navigable,True
pp_nav_02046,pp_nav_02053,improvable,False
pp_nav_02046,uele_ca,improvable,True
pp_nav_02046,bomokandi,improvable,True
pp_nav_02047,pp_nav_02057,navigable,False
pp_nav_02047,takutu,navigable,True
pp_nav_02047,ingariko,navigable,True
pp_nav_02047,macuxi,navigable,True
pp_nav_02048,cape_debundsha,navigable,False
pp_nav_02048,fifinda,navigable,True
pp_nav_02048,eseka,navigable,True
pp_nav_02048,edea,navigable,True
pp_nav_02049,pahang,navigable,True
pp_nav_02049,pahang_coast,navigable,False
pp_nav_02049,kuantan,navigable,True
pp_nav_02050,jerantut,navigable,True
pp_nav_02050,pahang,navigable,True
pp_nav_02050,kuantan,navigable,True
pp_nav_02050,bera,navigable,True
pp_nav_02051,sangha,navigable,True
pp_nav_02052,bangui,navigable,True
pp_nav_02053,uele_ca,improvable,True
pp_nav_02054,pp_nav_02056,improvable,False
pp_nav_02054,pp_nav_02057,navigable,False
pp_nav_02054,macuxi,navigable,True
pp_nav_02055,pubungu,navigable,True
pp_nav_02056,macuxi,improvable,True
pp_nav_02057,pp_nav_02064,navigable,False
pp_nav_02057,takutu,navigable,True
pp_nav_02057,macuxi,navigable,True
pp_nav_02058,pp_nav_02062,improvable,False
pp_nav_02058,tanjung_palas,navigable,True
pp_nav_02058,kayan,navigable,True
pp_nav_02059,guaviare,navigable,True
pp_nav_02059,ariari,navigable,True
pp_nav_02060,pp_nav_02068,navigable,False
pp_nav_02060,guaviare,navigable,True
pp_nav_02060,ariari,navigable,True
pp_nav_02061,pp_nav_02069,navigable,False
pp_nav_02061,bosobolo,navigable,True
pp_nav_02062,kayan,improvable,True
pp_nav_02063,pp_nav_02066,navigable,False
pp_nav_02063,belaga,navigable,True
pp_nav_02063,plieran,navigable,True
pp_nav_02063,rejang,navigable,True
pp_nav_02064,pp_nav_02074,navigable,False
pp_nav_02064,mucajai,navigable,True
pp_nav_02064,takutu,navigable,True
pp_nav_02064,macuxi,navigable,True
pp_nav_02065,bangui,navigable,True
pp_nav_02066,rejang,navigable,True
pp_nav_02067,timbiqui_bay,navigable,False
pp_nav_02067,narino,navigable,True
pp_nav_02067,iscuande,navigable,True
pp_nav_02068,caguan,navigable,True
pp_nav_02068,guaviare,navigable,True
pp_nav_02068,ariari,navigable,True
pp_nav_02069,bosobolo,navigable,True
pp_nav_02070,pp_nav_02075,navigable,False
pp_nav_02070,igan,navigable,True
pp_nav_02070,sarikei,navigable,True
pp_nav_02070,julau,navigable,True
pp_nav_02071,punta_de_campo,barrier,False
pp_nav_02071,punta_mbonda,barrier,False
pp_nav_02071,bata,barrier,True
pp_nav_02071,bwambe,barrier,True
pp_nav_02072,pp_nav_02076,navigable,False
pp_nav_02072,katibas,navigable,True
pp_nav_02072,rejang,navigable,True
pp_nav_02073,pawir,navigable,True
pp_nav_02073,pubungu,navigable,True
pp_nav_02073,lango,navigable,True
pp_nav_02074,mucajai,navigable,True
pp_nav_02075,katibas,navigable,True
pp_nav_02075,julau,navigable,True
pp_nav_02076,rejang,navigable,True
pp_nav_02076,baleh,navigable,True
pp_nav_02077,tanah_putih,navigable,True
pp_nav_02078,pp_nav_02087,navigable,False
pp_nav_02078,chaira,navigable,True
pp_nav_02079,pp_nav_02083,navigable,False
pp_nav_02079,lokono,navigable,True
pp_nav_02079,araguari,navigable,True
pp_nav_02080,pp_nav_02081,navigable,False
pp_nav_02080,pp_nav_02088,navigable,False
pp_nav_02080,andaki,navigable,True
pp_nav_02081,andaki,navigable,True
pp_nav_02081,mocoa,navigable,True
pp_nav_02082,pp_nav_02089,navigable,False
pp_nav_02082,kinja,navigable,True
pp_nav_02083,lokono,navigable,True
pp_nav_02083,araguari,navigable,True
pp_nav_02084,atacames,navigable,True
pp_nav_02085,pp_nav_02091,improvable,False
pp_nav_02085,hulu_mahakam,navigable,True
pp_nav_02086,pp_nav_02090,navigable,False
pp_nav_02086,selimbau,navigable,True
pp_nav_02086,bunut,navigable,True
pp_nav_02086,jongkong,navigable,True
pp_nav_02087,chaira,navigable,True
pp_nav_02088,andaki,navigable,True
pp_nav_02089,kinja,navigable,True
pp_nav_02090,pp_nav_02095,navigable,False
pp_nav_02090,silat,navigable,True
pp_nav_02090,selimbau,navigable,True
pp_nav_02090,sintang,navigable,True
pp_nav_02091,mahakam,improvable,True
pp_nav_02091,hulu_mahakam,improvable,True
pp_nav_02092,siona,navigable,True
pp_nav_02092,inga,navigable,True
pp_nav_02093,pangkalan_kerinci,navigable,True
pp_nav_02093,pelalawan,navigable,True
pp_nav_02094,muarakaman,navigable,True
pp_nav_02094,telen,navigable,True
pp_nav_02095,pp_nav_02096,navigable,False
pp_nav_02095,pp_nav_02097,navigable,False
pp_nav_02095,sepauk,navigable,True
pp_nav_02095,sintang,navigable,True
pp_nav_02095,sekadau,navigable,True
pp_nav_02096,tayan,navigable,True
pp_nav_02096,sanggau,navigable,True
pp_nav_02096,sekadau,navigable,True
pp_nav_02097,pp_nav_02107,improvable,False
pp_nav_02097,sepauk,navigable,True
pp_nav_02097,pinoh,navigable,True
pp_nav_02097,kayan_melawai,navigable,True
pp_nav_02097,sintang,navigable,True
pp_nav_02098,pp_nav_02103,navigable,False
pp_nav_02098,tayan,navigable,True
pp_nav_02098,pontianak,navigable,True
pp_nav_02099,pp_nav_02105,improvable,False
pp_nav_02099,boowe,improvable,True
pp_nav_02099,bakele_kongo,improvable,True
pp_nav_02099,ogoowe_kongo,improvable,True
pp_nav_02100,mariua,navigable,True
pp_nav_02100,kinja,navigable,True
pp_nav_02100,waiwai,navigable,True
pp_nav_02101,pp_nav_02110,improvable,False
pp_nav_02101,boowe,navigable,True
pp_nav_02101,mitsogo_kongo,navigable,True
pp_nav_02102,pp_nav_02114,navigable,False
pp_nav_02102,laung,navigable,True
pp_nav_02102,hulu_barito,navigable,True
pp_nav_02103,pontianak,navigable,True
pp_nav_02104,tenggarong,navigable,True
pp_nav_02104,pp_nav_02106,navigable,False
pp_nav_02104,muarakaman,navigable,True
pp_nav_02105,pp_nav_02115,navigable,False
pp_nav_02105,pp_nav_02116,improvable,False
pp_nav_02105,adyumba,navigable,True
pp_nav_02105,bakele_kongo,navigable,True
pp_nav_02105,lambarene,navigable,True
pp_nav_02105,ogoowe_kongo,navigable,True
pp_nav_02106,tenggarong,navigable,True
pp_nav_02106,kutai_lama,navigable,True
pp_nav_02106,muarakaman,navigable,True
pp_nav_02106,jembayan,navigable,True
pp_nav_02107,pinoh,improvable,True
pp_nav_02107,hulu_melawai,improvable,True
pp_nav_02107,kayan_melawai,improvable,True
pp_nav_02108,pp_nav_02109,navigable,False
pp_nav_02108,talang_mamak,navigable,True
pp_nav_02108,rengat,navigable,True
pp_nav_02109,talang_mamak,navigable,True
pp_nav_02109,rengat,navigable,True
pp_nav_02109,peranap,navigable,True
pp_nav_02110,pp_nav_02118,improvable,False
pp_nav_02110,mitsogo_kongo,improvable,True
pp_nav_02110,shake_kongo,improvable,True
pp_nav_02111,napo,navigable,True
pp_nav_02112,napo,navigable,True
pp_nav_02113,pp_nav_02125,improvable,False
pp_nav_02113,oiampi,improvable,True
pp_nav_02113,wayampi,improvable,True
pp_nav_02114,pp_nav_02120,navigable,False
pp_nav_02114,lahei,navigable,True
pp_nav_02114,laung,navigable,True
pp_nav_02115,pp_nav_02121,navigable,False
pp_nav_02115,adyumba,navigable,True
pp_nav_02115,lambarene,navigable,True
pp_nav_02115,nguyi,navigable,True
pp_nav_02116,pp_nav_02127,improvable,False
pp_nav_02116,lolo,improvable,True
pp_nav_02116,bakele_kongo,improvable,True
pp_nav_02116,lambarene,improvable,True
pp_nav_02117,kichwa,navigable,True
pp_nav_02117,napo,navigable,True
pp_nav_02118,pp_nav_02129,navigable,False
pp_nav_02118,banjabi,navigable,True
pp_nav_02118,okanja,navigable,True
pp_nav_02118,mitsogo_kongo,navigable,True
pp_nav_02118,shake_kongo,navigable,True
pp_nav_02119,fura_dos_araiolos,navigable,False
pp_nav_02119,mariocai,navigable,True
pp_nav_02119,vieira_grande_bay,navigable,False
pp_nav_02120,pp_nav_02135,navigable,False
pp_nav_02120,lahei,navigable,True
pp_nav_02120,teweh,navigable,True
pp_nav_02120,barito,navigable,True
pp_nav_02121,ogoowe_coast,navigable,False
pp_nav_02121,adyumba,navigable,True
pp_nav_02121,nguyi,navigable,True
pp_nav_02122,pp_nav_02132,navigable,False
pp_nav_02122,djundu,navigable,True
pp_nav_02122,bobangi,navigable,True
pp_nav_02123,pp_nav_02124,navigable,False
pp_nav_02123,pp_nav_02136,navigable,False
pp_nav_02123,mariua,navigable,True
pp_nav_02124,mariua,navigable,True
pp_nav_02125,fura_dos_araiolos,navigable,False
pp_nav_02125,oiampi,navigable,True
pp_nav_02125,wayampi,navigable,True
pp_nav_02126,jambi,navigable,True
pp_nav_02126,pp_nav_02139,navigable,False
pp_nav_02126,muara_sabak,navigable,True
pp_nav_02127,lolo,navigable,True
pp_nav_02127,ngume,navigable,True
pp_nav_02127,lambarene,navigable,True
pp_nav_02128,pp_nav_02140,navigable,False
pp_nav_02128,sungai_jujuhan,navigable,True
pp_nav_02128,batang_tabir,navigable,True
pp_nav_02128,batang_tebo,navigable,True
pp_nav_02129,banjabi,navigable,True
pp_nav_02129,okanja,navigable,True
pp_nav_02130,pp_nav_02132,navigable,False
pp_nav_02130,pp_nav_02144,navigable,False
pp_nav_02130,boma,navigable,True
pp_nav_02130,bobangi,navigable,True
pp_nav_02131,tupinamba,navigable,True
pp_nav_02131,kaapor,navigable,True
pp_nav_02132,bobangi,navigable,True
pp_nav_02133,cape_bawang,navigable,False
pp_nav_02133,tanjungpura,navigable,True
pp_nav_02133,pesaguan,navigable,True
pp_nav_02133,hulu_pawan,navigable,True
pp_nav_02134,fura_dos_araiolos,navigable,False
pp_nav_02134,paru,navigable,True
pp_nav_02135,pp_nav_02149,navigable,False
pp_nav_02135,barito,navigable,True
pp_nav_02135,karau,navigable,True
pp_nav_02136,pp_nav_02146,navigable,False
pp_nav_02136,mariua,navigable,True
pp_nav_02137,zoe,navigable,True
pp_nav_02138,marajo_bay,navigable,False
pp_nav_02138,mairi,navigable,True
pp_nav_02139,jambi,navigable,True
pp_nav_02139,pp_nav_02140,navigable,False
pp_nav_02139,batang_tembesi,navigable,True
pp_nav_02140,pp_nav_02145,navigable,False
pp_nav_02140,batang_tabir,navigable,True
pp_nav_02140,batang_tembesi,navigable,True
pp_nav_02141,fura_dos_araiolos,navigable,False
pp_nav_02141,kuruaya,navigable,True
pp_nav_02142,fura_dos_araiolos,navigable,False
pp_nav_02142,paru,navigable,True
pp_nav_02142,prainha,navigable,True
pp_nav_02142,kuruaya,navigable,True
pp_nav_02143,pp_nav_02152,navigable,False
pp_nav_02143,samba,navigable,True
pp_nav_02143,katingan,navigable,True
pp_nav_02144,pp_nav_02154,navigable,False
pp_nav_02144,nunu,navigable,True
pp_nav_02144,boma,navigable,True
pp_nav_02144,bobangi,navigable,True
pp_nav_02144,bobaka,navigable,True
pp_nav_02145,karang_brahi,navigable,True
pp_nav_02145,batang_tembesi,navigable,True
pp_nav_02146,mariua,navigable,True
pp_nav_02146,bares,navigable,True
pp_nav_02147,sangay,improvable,True
pp_nav_02148,guayaquil,navigable,True
pp_nav_02148,yaguachi,navigable,True
pp_nav_02148,daule,navigable,True
pp_nav_02149,pp_nav_02166,navigable,False
pp_nav_02149,kuripan,navigable,True
pp_nav_02149,muara_bahan,navigable,True
pp_nav_02149,karau,navigable,True
pp_nav_02149,banua_lawas,navigable,True
pp_nav_02150,pp_nav_02161,navigable,False
pp_nav_02150,curuai,navigable,True
pp_nav_02150,tapajo,navigable,True
pp_nav_02150,tupinambarana,navigable,True
pp_nav_02150,zoe,navigable,True
pp_nav_02151,bares,navigable,True
pp_nav_02152,pp_nav_02171,navigable,False
pp_nav_02152,mendawai,navigable,True
pp_nav_02152,katingan,navigable,True
pp_nav_02153,pp_nav_02172,navigable,False
pp_nav_02153,kahayan,navigable,True
pp_nav_02154,nunu,navigable,True
pp_nav_02154,ubangi,navigable,True
pp_nav_02154,ngato,navigable,True
pp_nav_02154,bobaka,navigable,True
pp_nav_02154,ngabo,navigable,True
pp_nav_02155,pp_nav_02166,navigable,False
pp_nav_02155,kuripan,navigable,True
pp_nav_02155,kapuas,navigable,True
pp_nav_02156,kwerba,navigable,True
pp_nav_02156,bauzi,navigable,True
pp_nav_02157,pp_nav_02162,improvable,False
pp_nav_02157,urucurituba,navigable,True
pp_nav_02157,uatuma,navigable,True
pp_nav_02158,sampit,navigable,True
pp_nav_02159,curuai,navigable,True
pp_nav_02159,tupulicus,navigable,True
pp_nav_02160,pp_nav_02178,navigable,False
pp_nav_02160,musi_hilir,navigable,True
pp_nav_02160,palembang,navigable,True
pp_nav_02161,pp_nav_02163,navigable,False
pp_nav_02161,tapajo,navigable,True
pp_nav_02161,urucurituba,navigable,True
pp_nav_02161,tupinambarana,navigable,True
pp_nav_02162,uatuma,improvable,True
pp_nav_02163,pp_nav_02173,navigable,False
pp_nav_02163,tupinambarana,navigable,True
pp_nav_02164,pp_nav_02200,navigable,False
pp_nav_02164,asurini,navigable,True
pp_nav_02164,anambe,navigable,True
pp_nav_02165,pp_nav_02193,navigable,False
pp_nav_02165,zimba,navigable,True
pp_nav_02165,kusu_mangbetu,navigable,True
pp_nav_02166,banjar,navigable,True
pp_nav_02166,kuripan,navigable,True
pp_nav_02166,muara_bahan,navigable,True
pp_nav_02167,musi,navigable,True
pp_nav_02167,tingkip,navigable,True
pp_nav_02168,pp_nav_02177,navigable,False
pp_nav_02168,nunu,navigable,True
pp_nav_02168,fimi,navigable,True
pp_nav_02168,ngabo,navigable,True
pp_nav_02168,chuapa,navigable,True
pp_nav_02169,pp_nav_02185,navigable,False
pp_nav_02169,fimi,navigable,True
pp_nav_02169,chuapa,navigable,True
pp_nav_02169,yans,navigable,True
pp_nav_02170,lega_kongo,improvable,True
pp_nav_02170,zimba,improvable,True
pp_nav_02171,sampit_bay,navigable,False
pp_nav_02171,mendawai,navigable,True
pp_nav_02172,kahayan,navigable,True
pp_nav_02172,kahayan_hilir,navigable,True
pp_nav_02173,pp_nav_02187,navigable,False
pp_nav_02173,apoquitaua,navigable,True
pp_nav_02173,urucurituba,navigable,True
pp_nav_02173,tupinambarana,navigable,True
pp_nav_02174,bapunu,improvable,True
pp_nav_02174,ndongo_coast,improvable,False
pp_nav_02174,kwilu,improvable,True
pp_nav_02175,igaracu,navigable,True
pp_nav_02175,tapuios,navigable,True
pp_nav_02176,tumba_ikoko,navigable,True
pp_nav_02176,pp_nav_02180,navigable,False
pp_nav_02176,pp_nav_02195,navigable,False
pp_nav_02176,ubangi,navigable,True
pp_nav_02176,ngabo,navigable,True
pp_nav_02177,pp_nav_02180,navigable,False
pp_nav_02177,pp_nav_02183,navigable,False
pp_nav_02177,bikoro,navigable,True
pp_nav_02177,ngabo,navigable,True
pp_nav_02177,chuapa,navigable,True
pp_nav_02178,leko,navigable,True
pp_nav_02178,palembang,navigable,True
pp_nav_02178,musi,navigable,True
pp_nav_02178,bumi_ayu,navigable,True
pp_nav_02179,manaos,navigable,True
pp_nav_02180,tumba_ikoko,navigable,True
pp_nav_02180,bikoro,navigable,True
pp_nav_02180,ngabo,navigable,True
pp_nav_02181,pp_nav_02184,navigable,False
pp_nav_02181,pp_nav_02186,navigable,False
pp_nav_02181,manaos,navigable,True
pp_nav_02181,maues,navigable,True
pp_nav_02182,pp_nav_02184,navigable,False
pp_nav_02182,pp_nav_02194,navigable,False
pp_nav_02182,pp_nav_02198,navigable,False
pp_nav_02182,munduruku,navigable,True
pp_nav_02182,juris,navigable,True
pp_nav_02183,pp_nav_02190,navigable,False
pp_nav_02183,pp_nav_02199,navigable,False
pp_nav_02183,pp_nav_02201,navigable,False
pp_nav_02183,north_juma,navigable,True
pp_nav_02183,bikoro,navigable,True
pp_nav_02183,chuapa,navigable,True
pp_nav_02184,maues,navigable,True
pp_nav_02184,munduruku,navigable,True
pp_nav_02185,pp_nav_02192,navigable,False
pp_nav_02185,chuapa,navigable,True
pp_nav_02185,yans,navigable,True
pp_nav_02186,mura,navigable,True
pp_nav_02186,manaos,navigable,True
pp_nav_02186,maues,navigable,True
pp_nav_02187,pp_nav_02205,navigable,False
pp_nav_02187,apoquitaua,navigable,True
pp_nav_02188,miranha,navigable,True
pp_nav_02189,pp_nav_02208,navigable,False
pp_nav_02189,tapuios,navigable,True
pp_nav_02189,potyguara,navigable,True
pp_nav_02190,pp_nav_02203,navigable,False
pp_nav_02190,north_juma,navigable,True
pp_nav_02190,chuapa,navigable,True
pp_nav_02191,krenye,navigable,True
pp_nav_02191,upaon_acu,navigable,True
pp_nav_02191,tapuitapera,navigable,True
pp_nav_02192,yans,navigable,True
pp_nav_02193,pp_nav_02226,navigable,False
pp_nav_02193,nguera,navigable,True
pp_nav_02193,zimba,navigable,True
pp_nav_02193,kusu_mangbetu,navigable,True
pp_nav_02194,pp_nav_02207,navigable,False
pp_nav_02194,munduruku,navigable,True
pp_nav_02195,tumba_ikoko,navigable,True
pp_nav_02195,pp_nav_02218,barrier,False
pp_nav_02195,ubangi,navigable,True
pp_nav_02195,monsol,navigable,True
pp_nav_02196,pp_nav_02222,navigable,False
pp_nav_02196,mundurukania,navigable,True
pp_nav_02197,pp_nav_02223,navigable,False
pp_nav_02197,tetela_boa,navigable,True
pp_nav_02197,kusu_mangbetu,navigable,True
pp_nav_02198,turas,navigable,True
pp_nav_02198,munduruku,navigable,True
pp_nav_02198,juris,navigable,True
pp_nav_02199,pp_nav_02211,improvable,False
pp_nav_02199,north_juma,navigable,True
pp_nav_02200,asurini,navigable,True
pp_nav_02201,pp_nav_02219,navigable,False
pp_nav_02201,south_juma,navigable,True
pp_nav_02201,north_juma,navigable,True
pp_nav_02201,bikoro,navigable,True
pp_nav_02201,muene_kwako,navigable,True
pp_nav_02202,ncando,navigable,True
pp_nav_02202,pp_nav_02217,navigable,False
pp_nav_02202,yumba,navigable,True
pp_nav_02202,gabun,navigable,True
pp_nav_02202,loeme,navigable,True
pp_nav_02203,pp_nav_02210,navigable,False
pp_nav_02203,north_juma,navigable,True
pp_nav_02203,bankutu,navigable,True
pp_nav_02203,chuapa,navigable,True
pp_nav_02204,pp_nav_02206,navigable,False
pp_nav_02204,mura,navigable,True
pp_nav_02204,kambeba,navigable,True
pp_nav_02205,apoquitaua,navigable,True
pp_nav_02205,turas,navigable,True
pp_nav_02206,pp_nav_02212,navigable,False
pp_nav_02206,kambeba,navigable,True
pp_nav_02207,munduruku,navigable,True
pp_nav_02208,pp_nav_02236,navigable,False
pp_nav_02208,uruaitis,navigable,True
pp_nav_02208,tapuios,navigable,True
pp_nav_02208,potyguara,navigable,True
pp_nav_02209,miranha,navigable,True
pp_nav_02209,arua,navigable,True
pp_nav_02210,pp_nav_02228,improvable,False
pp_nav_02210,bankutu,navigable,True
pp_nav_02210,gana_damate,navigable,True
pp_nav_02211,pp_nav_02234,improvable,False
pp_nav_02211,north_juma,improvable,True
pp_nav_02211,mfumu_bekussu,improvable,True
pp_nav_02212,kambeba,navigable,True
pp_nav_02212,arua,navigable,True
pp_nav_02213,turas,navigable,True
pp_nav_02214,angoram,navigable,True
pp_nav_02215,pp_nav_02216,navigable,False
pp_nav_02215,pp_nav_02221,navigable,False
pp_nav_02215,lukenie,navigable,True
pp_nav_02215,bumbuli,navigable,True
pp_nav_02215,mabale,navigable,True
pp_nav_02216,pp_nav_02231,improvable,False
pp_nav_02216,lukenie,navigable,True
pp_nav_02216,lubefu,navigable,True
pp_nav_02216,bumbuli,navigable,True
pp_nav_02217,massabo,navigable,True
pp_nav_02217,mayumba_coast,navigable,False
pp_nav_02217,yumba,navigable,True
pp_nav_02217,mayumba,navigable,True
pp_nav_02217,loeme,navigable,True
pp_nav_02218,pumbo,barrier,True
pp_nav_02218,monsol,barrier,True
pp_nav_02219,pp_nav_02238,improvable,False
pp_nav_02219,cuango,navigable,True
pp_nav_02219,bikoro,navigable,True
pp_nav_02219,muene_kwako,navigable,True
pp_nav_02220,kwomtari,navigable,True
pp_nav_02220,abau,navigable,True
pp_nav_02220,maia_papua,navigable,True
pp_nav_02221,pp_nav_02232,improvable,False
pp_nav_02221,lukenie,navigable,True
pp_nav_02221,bendi,navigable,True
pp_nav_02221,mabale,navigable,True
pp_nav_02222,mundurukania,navigable,True
pp_nav_02222,satere_mawe,navigable,True
pp_nav_02223,pp_nav_02243,navigable,False
pp_nav_02223,kitete,navigable,True
pp_nav_02223,lukulunga,navigable,True
pp_nav_02223,tetela_boa,navigable,True
pp_nav_02223,kassali,navigable,True
pp_nav_02223,kusu_mangbetu,navigable,True
pp_nav_02224,abau,navigable,True
pp_nav_02225,girgir_cape,navigable,False
pp_nav_02225,rao,navigable,True
pp_nav_02225,aruamu,navigable,True
pp_nav_02225,mum,navigable,True
pp_nav_02225,angoram,navigable,True
pp_nav_02226,pp_nav_02241,improvable,False
pp_nav_02226,lussuna,navigable,True
pp_nav_02226,moana_kassongo,navigable,True
pp_nav_02226,nguera,navigable,True
pp_nav_02227,asurini,navigable,True
pp_nav_02227,parakana,navigable,True
pp_nav_02227,para_gaviao,navigable,True
pp_nav_02228,pp_nav_02232,improvable,False
pp_nav_02228,gana_damate,improvable,True
pp_nav_02228,bendi,improvable,True
pp_nav_02229,wogamusin,navigable,True
pp_nav_02229,boiken,navigable,True
pp_nav_02230,banaro,navigable,True
pp_nav_02230,angoram,navigable,True
pp_nav_02231,pp_nav_02242,improvable,False
pp_nav_02231,lubefu,improvable,True
pp_nav_02231,bumbuli,improvable,True
pp_nav_02231,ikongo_boa,improvable,True
pp_nav_02232,pp_nav_02239,improvable,False
pp_nav_02232,bendi,improvable,True
pp_nav_02233,abau,improvable,True
pp_nav_02234,inzia,improvable,True
pp_nav_02234,pambala,improvable,True
pp_nav_02234,mfumu_bekussu,improvable,True
pp_nav_02235,wogamusin,navigable,True
pp_nav_02236,timbira,navigable,True
pp_nav_02236,uruaitis,navigable,True
pp_nav_02236,poti,navigable,True
pp_nav_02236,potyguara,navigable,True
pp_nav_02237,mbanza_nsundi,barrier,True
pp_nav_02237,pumbo,barrier,True
pp_nav_02237,sanga_pumbo,barrier,True
pp_nav_02237,monsol,barrier,True
pp_nav_02238,pp_nav_02252,improvable,False
pp_nav_02238,cuango,improvable,True
pp_nav_02238,ocanga,improvable,True
pp_nav_02238,muene_kwako,improvable,True
pp_nav_02238,cundi,improvable,True
pp_nav_02239,bakongo,navigable,True
pp_nav_02239,lindi_kwila,navigable,True
pp_nav_02239,bendi,navigable,True
pp_nav_02239,mabale,navigable,True
pp_nav_02239,buassa,navigable,True
pp_nav_02240,awajun,navigable,True
pp_nav_02241,lussuna,improvable,True
pp_nav_02241,moana_kassongo,improvable,True
pp_nav_02242,pp_nav_02249,improvable,False
pp_nav_02242,chibango,navigable,True
pp_nav_02242,ikongo_boa,navigable,True
pp_nav_02243,kitete,navigable,True
pp_nav_02243,golo_muiassa,navigable,True
pp_nav_02243,lusambo_qandu,navigable,True
pp_nav_02243,kassali,navigable,True
pp_nav_02244,pp_nav_02257,navigable,False
pp_nav_02244,lussuna,navigable,True
pp_nav_02244,moana_kassongo,navigable,True
pp_nav_02244,kabambare,navigable,True
pp_nav_02244,lukuga,navigable,True
pp_nav_02245,mbanza_nsundi,barrier,True
pp_nav_02245,pp_nav_02247,barrier,False
pp_nav_02245,mindouli,barrier,True
pp_nav_02245,sanga_pumbo,barrier,True
pp_nav_02246,inzia,navigable,True
pp_nav_02246,pambala,navigable,True
pp_nav_02247,mbanza_nsundi,barrier,True
pp_nav_02247,pp_nav_02255,barrier,False
pp_nav_02247,mindouli,barrier,True
pp_nav_02247,dingi,barrier,True
pp_nav_02247,bula_kongo,barrier,True
pp_nav_02248,bagua,navigable,True
pp_nav_02248,ingatambo,navigable,True
pp_nav_02249,pp_nav_02260,improvable,False
pp_nav_02249,bayombe,improvable,True
pp_nav_02249,chibango,improvable,True
pp_nav_02249,ikongo_boa,improvable,True
pp_nav_02249,batubenge,improvable,True
pp_nav_02250,pp_nav_02261,navigable,False
pp_nav_02250,lindi_kwila,navigable,True
pp_nav_02251,pp_nav_02259,navigable,False
pp_nav_02251,gurgueia,navigable,True
pp_nav_02251,timbira,navigable,True
pp_nav_02251,poti,navigable,True
pp_nav_02252,pp_nav_02265,improvable,False
pp_nav_02252,muene_kwako,navigable,True
pp_nav_02252,amulaca,navigable,True
pp_nav_02252,cuilo,navigable,True
pp_nav_02252,muene_ndinga,navigable,True
pp_nav_02252,cundi,navigable,True
pp_nav_02253,pp_nav_02254,navigable,False
pp_nav_02253,pyti,navigable,True
pp_nav_02253,parkateje,navigable,True
pp_nav_02254,pp_nav_02258,navigable,False
pp_nav_02254,pyti,navigable,True
pp_nav_02254,tocantis,navigable,True
pp_nav_02254,parkateje,navigable,True
pp_nav_02255,bungu_kongo,barrier,True
pp_nav_02255,nogui,barrier,True
pp_nav_02255,dingi,barrier,True
pp_nav_02255,bula_kongo,barrier,True
pp_nav_02256,pp_nav_02271,navigable,False
pp_nav_02256,kaeti,navigable,True
pp_nav_02256,tsaukambo,navigable,True
pp_nav_02256,awyu,navigable,True
pp_nav_02256,kombai,navigable,True
pp_nav_02257,pp_nav_02266,navigable,False
pp_nav_02257,pp_nav_02270,navigable,False
pp_nav_02257,lussuna,navigable,True
pp_nav_02257,moana_mussumba,navigable,True
pp_nav_02257,muichi,navigable,True
pp_nav_02257,lukuga,navigable,True
pp_nav_02258,pyti,navigable,True
pp_nav_02259,gurgueia,navigable,True
pp_nav_02260,bayombe,navigable,True
pp_nav_02260,batubenge,navigable,True
pp_nav_02260,tchikunga,navigable,True
pp_nav_02261,pp_nav_02276,improvable,False
pp_nav_02261,lindi_kwila,navigable,True
pp_nav_02261,kangule,navigable,True
pp_nav_02261,pende_kwila,navigable,True
pp_nav_02262,pp_nav_02266,improvable,False
pp_nav_02262,pp_nav_02267,improvable,False
pp_nav_02262,miketo,improvable,True
pp_nav_02262,akilonda,improvable,True
pp_nav_02262,lukuga,improvable,True
pp_nav_02263,pp_nav_02273,barrier,False
pp_nav_02263,ilucan,improvable,True
pp_nav_02263,utkhupampa,improvable,True
pp_nav_02263,chetilla,improvable,True
pp_nav_02263,karajia,improvable,True
pp_nav_02263,ingatambo,improvable,True
pp_nav_02264,congo_river_coast,navigable,False
pp_nav_02264,cabinda_kongo,navigable,True
pp_nav_02264,bungu_kongo,navigable,True
pp_nav_02264,mbanza_soyo,navigable,True
pp_nav_02264,nogui,navigable,True
pp_nav_02265,pp_nav_02281,improvable,False
pp_nav_02265,muene_puto,improvable,True
pp_nav_02265,cuilo,improvable,True
pp_nav_02265,muene_ndinga,improvable,True
pp_nav_02266,muichi,navigable,True
pp_nav_02266,lukuga,navigable,True
pp_nav_02267,miketo,improvable,True
pp_nav_02267,akilonda,improvable,True
pp_nav_02267,mtowa,improvable,True
pp_nav_02268,yurimagua,navigable,True
pp_nav_02269,aekyom,navigable,True
pp_nav_02270,ankoro,navigable,True
pp_nav_02270,pp_nav_02283,navigable,False
pp_nav_02270,moana_mussumba,navigable,True
pp_nav_02270,mussimi,navigable,True
pp_nav_02270,muichi,navigable,True
pp_nav_02271,kaeti,navigable,True
pp_nav_02271,awyu,navigable,True
pp_nav_02272,beami,improvable,True
pp_nav_02273,pp_nav_02279,barrier,False
pp_nav_02273,pp_nav_02280,barrier,False
pp_nav_02273,ilucan,barrier,True
pp_nav_02273,chumuch,barrier,True
pp_nav_02273,chetilla,barrier,True
pp_nav_02273,congona,barrier,True
pp_nav_02273,karajia,barrier,True
pp_nav_02274,pp_nav_02282,navigable,False
pp_nav_02274,yurimagua,navigable,True
pp_nav_02274,chatuza,navigable,True
pp_nav_02275,pp_nav_02285,navigable,False
pp_nav_02275,pyti,navigable,True
pp_nav_02275,paranaidji,navigable,True
pp_nav_02275,caraja,navigable,True
pp_nav_02276,kikassa,improvable,True
pp_nav_02276,kangule,improvable,True
pp_nav_02276,tumba,improvable,True
pp_nav_02276,bojamba,improvable,True
pp_nav_02277,kaeti,navigable,True
pp_nav_02278,itaueira,navigable,True
pp_nav_02278,gurgueia,navigable,True
pp_nav_02279,pp_nav_02289,barrier,False
pp_nav_02279,chumuch,improvable,True
pp_nav_02279,congona,improvable,True
pp_nav_02279,pirca_pirca,improvable,True
pp_nav_02280,chumuch,barrier,True
pp_nav_02280,pirca_pirca,barrier,True
pp_nav_02281,berbela,navigable,True
pp_nav_02281,pp_nav_02292,improvable,False
pp_nav_02281,jaggas,navigable,True
pp_nav_02281,muene_puto,navigable,True
pp_nav_02281,cuilo,navigable,True
pp_nav_02282,cocamas,navigable,True
pp_nav_02282,chatuza,navigable,True
pp_nav_02282,lamas,navigable,True
pp_nav_02283,ankoro,navigable,True
pp_nav_02283,pp_nav_02286,navigable,False
pp_nav_02283,pp_nav_02291,navigable,False
pp_nav_02283,mukalombo,navigable,True
pp_nav_02283,lubile,navigable,True
pp_nav_02283,luapula,navigable,True
pp_nav_02284,pp_nav_02287,navigable,False
pp_nav_02284,itaueira,navigable,True
pp_nav_02284,gurgueia,navigable,True
pp_nav_02285,paranaidji,navigable,True
pp_nav_02285,mehin,navigable,True
pp_nav_02285,caraja,navigable,True
pp_nav_02286,pp_nav_02293,improvable,False
pp_nav_02286,mukalombo,navigable,True
pp_nav_02286,lubile,navigable,True
pp_nav_02286,luapula,navigable,True
pp_nav_02287,itaueira,navigable,True
pp_nav_02287,gurgueia,navigable,True
pp_nav_02287,manuais,navigable,True
pp_nav_02288,kerewo,navigable,True
pp_nav_02288,rumu,navigable,True
pp_nav_02289,llucho,barrier,True
pp_nav_02289,kaxa_marca,barrier,True
pp_nav_02289,pirca_pirca,barrier,True
pp_nav_02290,cocamas,improvable,True
pp_nav_02291,mukalombo,navigable,True
pp_nav_02291,luapula,navigable,True
pp_nav_02291,songye_kongo,navigable,True
pp_nav_02291,kilemba,navigable,True
pp_nav_02292,berbela,improvable,True
pp_nav_02292,jaggas,improvable,True
pp_nav_02292,sanga_kongo,improvable,True
pp_nav_02293,pp_nav_02298,improvable,False
pp_nav_02293,lubile,improvable,True
pp_nav_02293,luapula,improvable,True
pp_nav_02293,urua,improvable,True
pp_nav_02293,lusongui,improvable,True
pp_nav_02294,urama_island,navigable,False
pp_nav_02294,namau,navigable,True
pp_nav_02295,mehin,navigable,True
pp_nav_02295,caraja,navigable,True
pp_nav_02296,pp_nav_02310,navigable,False
pp_nav_02296,para,navigable,True
pp_nav_02297,jaggas,improvable,True
pp_nav_02297,sanga_kongo,improvable,True
pp_nav_02297,marimba,improvable,True
pp_nav_02297,mumbos,improvable,True
pp_nav_02297,makunda,improvable,True
pp_nav_02298,mpueto,improvable,True
pp_nav_02298,urua,improvable,True
pp_nav_02298,lusongui,improvable,True
pp_nav_02299,pp_nav_02302,navigable,False
pp_nav_02299,mitimiri,navigable,True
pp_nav_02299,kisiju,navigable,True
pp_nav_02299,mbinga,navigable,True
pp_nav_02300,pp_nav_02302,improvable,False
pp_nav_02300,pp_nav_02305,improvable,False
pp_nav_02300,mbinga,improvable,True
pp_nav_02300,kutu,improvable,True
pp_nav_02301,suki,navigable,True
pp_nav_02302,kisiju,navigable,True
pp_nav_02302,mbinga,navigable,True
pp_nav_02302,kutu,navigable,True
pp_nav_02303,pp_nav_02312,navigable,False
pp_nav_02303,huacrachuco,navigable,True
pp_nav_02303,kachi,navigable,True
pp_nav_02304,pp_nav_02315,navigable,False
pp_nav_02304,kraho,navigable,True
pp_nav_02304,acroas,navigable,True
pp_nav_02304,caraja,navigable,True
pp_nav_02305,north_ngindo,improvable,True
pp_nav_02305,mbinga,improvable,True
pp_nav_02306,pp_nav_02308,navigable,False
pp_nav_02306,pp_nav_02309,navigable,False
pp_nav_02306,may_ushin,navigable,True
pp_nav_02307,purutu_island,navigable,False
pp_nav_02307,suki,navigable,True
pp_nav_02308,may_ushin,navigable,True
pp_nav_02308,kakataibo,navigable,True
pp_nav_02309,may_ushin,navigable,True
pp_nav_02310,pp_nav_02320,navigable,False
pp_nav_02310,tupirama,navigable,True
pp_nav_02310,para,navigable,True
pp_nav_02311,pp_nav_02314,navigable,False
pp_nav_02311,pp_nav_02318,navigable,False
pp_nav_02311,yjxa,navigable,True
pp_nav_02312,huacrachuco,navigable,True
pp_nav_02312,rupharupha,navigable,True
pp_nav_02312,kachi,navigable,True
pp_nav_02313,pp_nav_02319,navigable,False
pp_nav_02313,tumbalala,navigable,True
pp_nav_02313,truka,navigable,True
pp_nav_02313,pankara,navigable,True
pp_nav_02313,tuxa,navigable,True
pp_nav_02314,pp_nav_02323,navigable,False
pp_nav_02314,yjxa,navigable,True
pp_nav_02315,pp_nav_02327,navigable,False
pp_nav_02315,kraho,navigable,True
pp_nav_02315,akwe,navigable,True
pp_nav_02315,acroas,navigable,True
pp_nav_02316,pp_nav_02324,navigable,False
pp_nav_02316,tumbalala,navigable,True
pp_nav_02316,paranabuku,navigable,True
pp_nav_02316,truka,navigable,True
pp_nav_02317,ashaninka,navigable,True
pp_nav_02318,pp_nav_02332,navigable,False
pp_nav_02318,karipuna,navigable,True
pp_nav_02318,yjxa,navigable,True
pp_nav_02319,pp_nav_02322,improvable,False
pp_nav_02319,pankararu,navigable,True
pp_nav_02319,pankara,navigable,True
pp_nav_02319,tuxa,navigable,True
pp_nav_02320,coco,navigable,True
pp_nav_02320,apyawa,navigable,True
pp_nav_02320,tupirama,navigable,True
pp_nav_02320,para,navigable,True
pp_nav_02321,pp_nav_02326,navigable,False
pp_nav_02321,kawahib,navigable,True
pp_nav_02321,amundava,navigable,True
pp_nav_02322,pp_nav_02335,barrier,False
pp_nav_02322,pankararu,improvable,True
pp_nav_02322,tuxa,improvable,True
pp_nav_02323,ahe,navigable,True
pp_nav_02323,yjxa,navigable,True
pp_nav_02324,pp_nav_02334,navigable,False
pp_nav_02324,tumbalala,navigable,True
pp_nav_02324,paranabuku,navigable,True
pp_nav_02324,jaguarari,navigable,True
pp_nav_02325,pp_nav_02340,improvable,False
pp_nav_02325,ashaninka,navigable,True
pp_nav_02326,pp_nav_02344,navigable,False
pp_nav_02326,amundava,navigable,True
pp_nav_02327,pp_nav_02346,navigable,False
pp_nav_02327,akwe,navigable,True
pp_nav_02327,xerente,navigable,True
pp_nav_02327,acroas,navigable,True
pp_nav_02328,pp_nav_02330,navigable,False
pp_nav_02328,cape_ledo_coast,navigable,False
pp_nav_02328,luanda,navigable,True
pp_nav_02328,calumbo,navigable,True
pp_nav_02328,ambaca,navigable,True
pp_nav_02329,akwe,navigable,True
pp_nav_02329,xerente,navigable,True
pp_nav_02330,pp_nav_02339,barrier,False
pp_nav_02330,muxima_ayo,navigable,True
pp_nav_02330,dondo,navigable,True
pp_nav_02330,muxima,navigable,True
pp_nav_02330,calumbo,navigable,True
pp_nav_02330,ambaca,navigable,True
pp_nav_02331,pp_nav_02347,navigable,False
pp_nav_02331,pp_nav_02348,navigable,False
pp_nav_02331,apyawa,navigable,True
pp_nav_02331,karaja,navigable,True
pp_nav_02332,karipuna,navigable,True
pp_nav_02333,apiacas,navigable,True
pp_nav_02334,jaguarari,navigable,True
pp_nav_02335,pp_nav_02342,barrier,False
pp_nav_02335,pankararu,barrier,True
pp_nav_02335,caete,barrier,True
pp_nav_02335,xoko,barrier,True
pp_nav_02335,tuxa,barrier,True
pp_nav_02336,wari,navigable,True
pp_nav_02337,wari,navigable,True
pp_nav_02337,kaxarari,navigable,True
pp_nav_02338,apiacas,navigable,True
pp_nav_02339,pp_nav_02343,barrier,False
pp_nav_02339,muxima_ayo,barrier,True
pp_nav_02339,ayo,barrier,True
pp_nav_02339,lucala,barrier,True
pp_nav_02339,dondo,barrier,True
pp_nav_02339,aco,barrier,True
pp_nav_02340,ashaninka,improvable,True
pp_nav_02340,panatahuas,improvable,True
pp_nav_02340,yanesha,improvable,True
pp_nav_02341,pp_nav_02352,navigable,False
pp_nav_02341,acoroazes,navigable,True
pp_nav_02342,pp_nav_02351,improvable,False
pp_nav_02342,kariri,improvable,True
pp_nav_02342,arakaiu,improvable,True
pp_nav_02342,xoko,improvable,True
pp_nav_02343,pp_nav_02345,improvable,False
pp_nav_02343,gunza_anbamba,improvable,True
pp_nav_02343,lucala,improvable,True
pp_nav_02343,pungo_ndongo,improvable,True
pp_nav_02343,aco,improvable,True
pp_nav_02344,pp_nav_02358,navigable,False
pp_nav_02344,uru_eu_wau_wau,navigable,True
pp_nav_02344,amundava,navigable,True
pp_nav_02344,jiparana,navigable,True
pp_nav_02345,bondo,navigable,True
pp_nav_02345,mussende,navigable,True
pp_nav_02345,gunza_anbamba,navigable,True
pp_nav_02345,pungo_ndongo,navigable,True
pp_nav_02346,xerente,navigable,True
pp_nav_02346,gurupi,navigable,True
pp_nav_02346,acroas,navigable,True
pp_nav_02347,karaja,navigable,True
pp_nav_02348,tapirape,navigable,True
pp_nav_02348,apyawa,navigable,True
pp_nav_02348,karaja,navigable,True
pp_nav_02349,apiaka,navigable,True
pp_nav_02350,kaiabi,navigable,True
pp_nav_02350,apiacas,navigable,True
pp_nav_02351,kariri,navigable,True
pp_nav_02351,sao_francisco_mouth,navigable,False
pp_nav_02351,arakaiu,navigable,True
pp_nav_02352,pp_nav_02360,navigable,False
pp_nav_02352,acoroazes,navigable,True
pp_nav_02352,ipueira,navigable,True
pp_nav_02353,pp_nav_02363,navigable,False
pp_nav_02353,moona_mpanda,navigable,True
pp_nav_02353,kalassa,navigable,True
pp_nav_02353,kaluba,navigable,True
pp_nav_02354,karaja,navigable,True
pp_nav_02355,pp_nav_02369,navigable,False
pp_nav_02355,tapirape,navigable,True
pp_nav_02355,karaja,navigable,True
pp_nav_02355,auwe,navigable,True
pp_nav_02356,imbangala,navigable,True
pp_nav_02356,bailundo,navigable,True
pp_nav_02356,mussende,navigable,True
pp_nav_02357,gurupi,navigable,True
pp_nav_02358,jiparana,navigable,True
pp_nav_02359,pp_nav_02367,navigable,False
pp_nav_02359,tungi,navigable,True
pp_nav_02359,mikindani,navigable,True
pp_nav_02360,pp_nav_02372,navigable,False
pp_nav_02360,ipueira,navigable,True
pp_nav_02361,imbangala,navigable,True
pp_nav_02361,pp_nav_02370,improvable,False
pp_nav_02361,bailundo,navigable,True
pp_nav_02361,kapela,navigable,True
pp_nav_02362,pp_nav_02371,navigable,False
pp_nav_02362,kaiabi,navigable,True
pp_nav_02363,pp_nav_02379,improvable,False
pp_nav_02363,kafaila,navigable,True
pp_nav_02363,kalassa,navigable,True
pp_nav_02363,kaluba,navigable,True
pp_nav_02363,kinyama,navigable,True
pp_nav_02364,pp_nav_02377,navigable,False
pp_nav_02364,rikbaktsa,navigable,True
pp_nav_02365,gurupi,navigable,True
pp_nav_02365,gameleira,navigable,True
pp_nav_02366,nomatsigenga,improvable,True
pp_nav_02366,chanchacc,improvable,True
pp_nav_02367,tungi,navigable,True
pp_nav_02367,mikindani,navigable,True
pp_nav_02367,makonde,navigable,True
pp_nav_02367,north_meetto,navigable,True
pp_nav_02368,uru_pa_in,navigable,True
pp_nav_02368,itarap,navigable,True
pp_nav_02368,djeoromitxi,navigable,True
pp_nav_02368,jiparana,navigable,True
pp_nav_02369,pp_nav_02385,navigable,False
pp_nav_02369,auwe,navigable,True
pp_nav_02370,kapela,improvable,True
pp_nav_02371,kaiabi,navigable,True
pp_nav_02371,kajabi,navigable,True
pp_nav_02372,pp_nav_02386,navigable,False
pp_nav_02372,ipueira,navigable,True
pp_nav_02373,pp_nav_02375,improvable,False
pp_nav_02373,pp_nav_02383,improvable,False
pp_nav_02373,central_meetto,navigable,True
pp_nav_02373,makonde,navigable,True
pp_nav_02373,north_meetto,navigable,True
pp_nav_02374,rikbaktsa,navigable,True
pp_nav_02375,pp_nav_02382,improvable,False
pp_nav_02375,central_meetto,improvable,True
pp_nav_02375,north_meetto,improvable,True
pp_nav_02375,north_yao,improvable,True
pp_nav_02375,east_yao,improvable,True
pp_nav_02376,pp_nav_02387,navigable,False
pp_nav_02376,porangatu,navigable,True
pp_nav_02376,gurupi,navigable,True
pp_nav_02376,gameleira,navigable,True
pp_nav_02377,rikbaktsa,navigable,True
pp_nav_02378,rikbaktsa,navigable,True
pp_nav_02379,pp_nav_02392,improvable,False
pp_nav_02379,lokera,improvable,True
pp_nav_02379,mulilimu,improvable,True
pp_nav_02379,kinyama,improvable,True
pp_nav_02380,nomatsigenga,improvable,True
pp_nav_02381,pp_nav_02388,navigable,False
pp_nav_02381,bamgweolo,navigable,True
pp_nav_02381,kisomba,navigable,True
pp_nav_02382,pp_nav_02384,improvable,False
pp_nav_02382,north_yao,improvable,True
pp_nav_02382,east_yao,improvable,True
pp_nav_02383,central_meetto,improvable,True
pp_nav_02383,makonde,improvable,True
pp_nav_02384,nindi,navigable,True
pp_nav_02384,north_yao,navigable,True
pp_nav_02384,west_yao,navigable,True
pp_nav_02384,east_yao,navigable,True
pp_nav_02385,pp_nav_02391,navigable,False
pp_nav_02385,pp_nav_02393,navigable,False
pp_nav_02385,auwe,navigable,True
pp_nav_02386,pp_nav_02399,navigable,False
pp_nav_02386,ipueira,navigable,True
pp_nav_02386,ibotirama,navigable,True
pp_nav_02387,pp_nav_02402,navigable,False
pp_nav_02387,porangatu,navigable,True
pp_nav_02388,pp_nav_02398,navigable,False
pp_nav_02388,itaboa,navigable,True
pp_nav_02388,bamgweolo,navigable,True
pp_nav_02388,kisomba,navigable,True
pp_nav_02389,pp_nav_02395,barrier,False
pp_nav_02389,tayaccasa,improvable,True
pp_nav_02389,tampu_machay,improvable,True
pp_nav_02390,pp_nav_02404,navigable,False
pp_nav_02390,cayubaba,navigable,True
pp_nav_02390,pacahuara,navigable,True
pp_nav_02391,pp_nav_02406,navigable,False
pp_nav_02391,iny_karaja,navigable,True
pp_nav_02391,auwe,navigable,True
pp_nav_02392,pp_nav_02398,navigable,False
pp_nav_02392,lokera,navigable,True
pp_nav_02392,itaboa,navigable,True
pp_nav_02392,kinyama,navigable,True
pp_nav_02393,pp_nav_02408,navigable,False
pp_nav_02393,iny_karaja,navigable,True
pp_nav_02393,auwe,navigable,True
pp_nav_02394,kuhikugu,navigable,True
pp_nav_02395,churkampa,barrier,True
pp_nav_02395,tampu_machay,barrier,True
pp_nav_02395,allpas,barrier,True
pp_nav_02396,pp_nav_02411,navigable,False
pp_nav_02396,eseejja,navigable,True
pp_nav_02397,pp_nav_02410,barrier,False
pp_nav_02397,choccalpata,barrier,True
pp_nav_02397,pampahuaylla,barrier,True
pp_nav_02398,lokera,navigable,True
pp_nav_02398,moira,navigable,True
pp_nav_02398,itaboa,navigable,True
pp_nav_02399,pp_nav_02412,navigable,False
pp_nav_02399,guanambi,navigable,True
pp_nav_02399,ipueira,navigable,True
pp_nav_02399,ibotirama,navigable,True
pp_nav_02400,pp_nav_02401,navigable,False
pp_nav_02400,pp_nav_02405,navigable,False
pp_nav_02400,pp_nav_02407,navigable,False
pp_nav_02400,itonama,navigable,True
pp_nav_02400,towa_panka,navigable,True
pp_nav_02401,itonama,navigable,True
pp_nav_02401,towa_panka,navigable,True
pp_nav_02402,pp_nav_02409,navigable,False
pp_nav_02402,porangatu,navigable,True
pp_nav_02402,arraias,navigable,True
pp_nav_02403,pp_nav_02413,navigable,False
pp_nav_02403,south_letota,navigable,True
pp_nav_02403,kaonde,navigable,True
pp_nav_02403,libonta,navigable,True
pp_nav_02403,liambye,navigable,True
pp_nav_02403,barotse_kongo,navigable,True
pp_nav_02404,pp_nav_02414,navigable,False
pp_nav_02404,cayubaba,navigable,True
pp_nav_02404,movima,navigable,True
pp_nav_02405,siriono,navigable,True
pp_nav_02405,itonama,navigable,True
pp_nav_02406,pp_nav_02415,navigable,False
pp_nav_02406,iny_karaja,navigable,True
pp_nav_02407,pp_nav_02416,navigable,False
pp_nav_02407,siriono,navigable,True
pp_nav_02407,itonama,navigable,True
pp_nav_02408,canastra,navigable,True
pp_nav_02408,iny_karaja,navigable,True
pp_nav_02409,pp_nav_02419,improvable,False
pp_nav_02409,ava_canoeiro,navigable,True
pp_nav_02409,porangatu,navigable,True
pp_nav_02409,arraias,navigable,True
pp_nav_02410,choccalpata,barrier,True
pp_nav_02410,sondor,barrier,True
pp_nav_02411,eseejja,navigable,True
pp_nav_02412,pp_nav_02422,improvable,False
pp_nav_02412,guanambi,navigable,True
pp_nav_02412,ibotirama,navigable,True
pp_nav_02412,kayapo,navigable,True
pp_nav_02413,pp_nav_02420,navigable,False
pp_nav_02413,sekkosi,navigable,True
pp_nav_02413,kaonde,navigable,True
pp_nav_02413,libonta,navigable,True
pp_nav_02413,nariele,navigable,True
pp_nav_02414,movima,navigable,True
pp_nav_02415,kukuro_kalapalo,navigable,True
pp_nav_02415,iny_karaja,navigable,True
pp_nav_02415,xavante,navigable,True
pp_nav_02416,siriono,navigable,True
pp_nav_02417,pp_nav_02425,navigable,False
pp_nav_02417,kiriras,navigable,True
pp_nav_02417,iny_karaja,navigable,True
pp_nav_02418,auccapana,improvable,True
pp_nav_02418,sondor,improvable,True
pp_nav_02418,willka_pampa,improvable,True
pp_nav_02419,ava_canoeiro,improvable,True
pp_nav_02420,sekkosi,navigable,True
pp_nav_02420,sesheke,navigable,True
pp_nav_02420,nariele,navigable,True
pp_nav_02420,linyanti,navigable,True
pp_nav_02420,marimbi,navigable,True
pp_nav_02421,guarasugwa,navigable,True
pp_nav_02422,pp_nav_02427,improvable,False
pp_nav_02422,guanambi,improvable,True
pp_nav_02422,kayapo,improvable,True
pp_nav_02422,xakriaba,improvable,True
pp_nav_02423,pp_nav_02429,navigable,False
pp_nav_02423,movima,navigable,True
pp_nav_02423,kanisianas,navigable,True
pp_nav_02424,pp_nav_02431,navigable,False
pp_nav_02424,iny_karaja,navigable,True
pp_nav_02424,xavante,navigable,True
pp_nav_02425,pp_nav_02432,navigable,False
pp_nav_02425,kiriras,navigable,True
pp_nav_02425,iny_karaja,navigable,True
pp_nav_02426,pp_nav_02428,navigable,False
pp_nav_02426,ava_canoeiro,navigable,True
pp_nav_02426,awa_brazil,navigable,True
pp_nav_02427,kayapo,navigable,True
pp_nav_02427,itapiracaba,navigable,True
pp_nav_02427,xakriaba,navigable,True
pp_nav_02428,ava_canoeiro,navigable,True
pp_nav_02428,uracu,navigable,True
pp_nav_02428,awa_brazil,navigable,True
pp_nav_02429,moxos,navigable,True
pp_nav_02429,kanisianas,navigable,True
pp_nav_02430,kakenje,navigable,True
pp_nav_02430,marimbi,navigable,True
pp_nav_02431,awen,navigable,True
pp_nav_02431,xavante,navigable,True
pp_nav_02432,pp_nav_02438,navigable,False
pp_nav_02432,kiriras,navigable,True
pp_nav_02432,itapirapua,navigable,True
pp_nav_02433,jaiba,navigable,True
pp_nav_02433,pp_nav_02440,navigable,False
pp_nav_02433,itapiracaba,navigable,True
pp_nav_02434,pp_nav_02439,navigable,False
pp_nav_02434,nkata,navigable,True
pp_nav_02434,kahinga,navigable,True
pp_nav_02434,kamimbe,navigable,True
pp_nav_02435,pp_nav_02441,navigable,False
pp_nav_02435,pp_nav_02443,navigable,False
pp_nav_02435,moxos,navigable,True
pp_nav_02436,pp_nav_02446,navigable,False
pp_nav_02436,kakenje,navigable,True
pp_nav_02436,kinhama,navigable,True
pp_nav_02436,loengowe,navigable,True
pp_nav_02436,nalolo,navigable,True
pp_nav_02436,zambesia_katongo,navigable,True
pp_nav_02437,pp_nav_02451,navigable,False
pp_nav_02437,mukariva,navigable,True
pp_nav_02437,zumbo,navigable,True
pp_nav_02437,boruma,navigable,True
pp_nav_02437,chirowe,navigable,True
pp_nav_02438,pp_nav_02445,navigable,False
pp_nav_02438,kiriras,navigable,True
pp_nav_02438,araes,navigable,True
pp_nav_02438,itapirapua,navigable,True
pp_nav_02438,areia,navigable,True
pp_nav_02439,pp_nav_02453,navigable,False
pp_nav_02439,nkata,navigable,True
pp_nav_02439,minenga,navigable,True
pp_nav_02439,kamimbe,navigable,True
pp_nav_02440,jaiba,navigable,True
pp_nav_02440,pp_nav_02454,navigable,False
pp_nav_02440,anais,navigable,True
pp_nav_02440,itapiracaba,navigable,True
pp_nav_02440,buriti,navigable,True
pp_nav_02441,moxos,navigable,True
pp_nav_02441,yuracare,navigable,True
pp_nav_02442,pp_nav_02457,barrier,False
pp_nav_02442,matope,barrier,True
pp_nav_02442,nyangu,barrier,True
pp_nav_02443,pp_nav_02458,navigable,False
pp_nav_02443,moxos,navigable,True
pp_nav_02443,bia_mbya,navigable,True
pp_nav_02443,yuracare,navigable,True
pp_nav_02444,mahajambe_bay,improvable,False
pp_nav_02444,tsaratanana,improvable,True
pp_nav_02444,boeny,improvable,True
pp_nav_02444,andranoboka,improvable,True
pp_nav_02445,guiratinga,navigable,True
pp_nav_02445,araes,navigable,True
pp_nav_02445,areia,navigable,True
pp_nav_02446,pp_nav_02462,navigable,False
pp_nav_02446,namieta,navigable,True
pp_nav_02446,loengowe,navigable,True
pp_nav_02446,nalolo,navigable,True
pp_nav_02447,pp_nav_02449,improvable,False
pp_nav_02447,pp_nav_02452,navigable,False
pp_nav_02447,tete,navigable,True
pp_nav_02447,massanza,navigable,True
pp_nav_02447,chikowa,navigable,True
pp_nav_02448,pp_nav_02453,navigable,False
pp_nav_02448,minenga,navigable,True
pp_nav_02449,pp_nav_02459,improvable,False
pp_nav_02449,tete,improvable,True
pp_nav_02449,massanza,improvable,True
pp_nav_02449,ancuase,improvable,True
pp_nav_02450,pp_nav_02451,navigable,False
pp_nav_02450,pp_nav_02455,improvable,False
pp_nav_02450,mukariva,navigable,True
pp_nav_02450,muyove,navigable,True
pp_nav_02450,ingombe_ilede,navigable,True
pp_nav_02451,pp_nav_02452,navigable,False
pp_nav_02451,kasekete,navigable,True
pp_nav_02451,mukariva,navigable,True
pp_nav_02451,mutota,navigable,True
pp_nav_02451,zumbo,navigable,True
pp_nav_02451,muyove,navigable,True
pp_nav_02452,mutota,navigable,True
pp_nav_02452,zumbo,navigable,True
pp_nav_02452,massanza,navigable,True
pp_nav_02452,chikowa,navigable,True
pp_nav_02453,minenga,navigable,True
pp_nav_02453,kamimbe,navigable,True
pp_nav_02454,anais,navigable,True
pp_nav_02454,buriti,navigable,True
pp_nav_02455,pp_nav_02460,improvable,False
pp_nav_02455,muyove,improvable,True
pp_nav_02455,ingombe_ilede,improvable,True
pp_nav_02456,pp_nav_02463,navigable,False
pp_nav_02456,antetikala,navigable,True
pp_nav_02456,ambalanjakomby,navigable,True
pp_nav_02456,maevatanana,navigable,True
pp_nav_02456,mahajanga,navigable,True
pp_nav_02456,marovoay,navigable,True
pp_nav_02457,pp_nav_02464,navigable,False
pp_nav_02457,matope,navigable,True
pp_nav_02457,mbewe,navigable,True
pp_nav_02458,bia_mbya,navigable,True
pp_nav_02458,yuracare,navigable,True
pp_nav_02459,pp_nav_02465,improvable,False
pp_nav_02459,tete,improvable,True
pp_nav_02459,massangano,improvable,True
pp_nav_02459,ancuase,improvable,True
pp_nav_02460,pp_nav_02467,navigable,False
pp_nav_02460,chedzurgwe,navigable,True
pp_nav_02460,muyove,navigable,True
pp_nav_02460,ingombe_ilede,navigable,True
pp_nav_02460,abutua,navigable,True
pp_nav_02461,pp_nav_02468,navigable,False
pp_nav_02461,pp_nav_02469,navigable,False
pp_nav_02461,akwen,navigable,True
pp_nav_02461,anais,navigable,True
pp_nav_02461,pinheiro,navigable,True
pp_nav_02461,buriti,navigable,True
pp_nav_02462,pp_nav_02466,navigable,False
pp_nav_02462,namieta,navigable,True
pp_nav_02462,nalolo,navigable,True
pp_nav_02462,njoko,navigable,True
pp_nav_02463,ambalanjakomby,navigable,True
pp_nav_02463,maevatanana,navigable,True
pp_nav_02464,pp_nav_02471,navigable,False
pp_nav_02464,milange,navigable,True
pp_nav_02464,mbewe,navigable,True
pp_nav_02464,chamo,navigable,True
pp_nav_02465,pp_nav_02470,improvable,False
pp_nav_02465,chiramba,improvable,True
pp_nav_02465,massangano,improvable,True
pp_nav_02465,ancuase,improvable,True
pp_nav_02466,bombwi,navigable,True
pp_nav_02466,pp_nav_02474,improvable,False
pp_nav_02466,namieta,navigable,True
pp_nav_02466,liova,navigable,True
pp_nav_02466,sioma,navigable,True
pp_nav_02466,njoko,navigable,True
pp_nav_02467,pp_nav_02472,navigable,False
pp_nav_02467,shoma,navigable,True
pp_nav_02467,ingombe_ilede,navigable,True
pp_nav_02467,abutua,navigable,True
pp_nav_02468,akwen,navigable,True
pp_nav_02468,pinheiro,navigable,True
pp_nav_02469,pp_nav_02476,navigable,False
pp_nav_02469,pirapora,navigable,True
pp_nav_02469,pinheiro,navigable,True
pp_nav_02470,pp_nav_02477,improvable,False
pp_nav_02470,chiramba,improvable,True
pp_nav_02470,ancuase,improvable,True
pp_nav_02471,pp_nav_02477,navigable,False
pp_nav_02471,chamo,navigable,True
pp_nav_02472,pp_nav_02479,navigable,False
pp_nav_02472,shoma,navigable,True
pp_nav_02472,dambwe,navigable,True
pp_nav_02472,abutua,navigable,True
pp_nav_02473,pp_nav_02478,improvable,False
pp_nav_02473,kori_bara_karaa_ancas,navigable,True
pp_nav_02473,machaqa,navigable,True
pp_nav_02473,axawiri,navigable,True
pp_nav_02474,pp_nav_02480,improvable,False
pp_nav_02474,liova,improvable,True
pp_nav_02474,sioma,improvable,True
pp_nav_02474,katima,improvable,True
pp_nav_02475,tintingue_bay,improvable,False
pp_nav_02475,fenoarivo_east,improvable,True
pp_nav_02476,pirapora,navigable,True
pp_nav_02476,pinheiro,navigable,True
pp_nav_02477,pp_nav_02485,navigable,False
pp_nav_02477,sena,navigable,True
pp_nav_02477,chamo,navigable,True
pp_nav_02477,ancuase,navigable,True
pp_nav_02478,pp_nav_02481,improvable,False
pp_nav_02478,kori_bara_karaa_ancas,improvable,True
pp_nav_02478,ayo_ayo,improvable,True
pp_nav_02478,curahuara,improvable,True
pp_nav_02478,callapa,improvable,True
pp_nav_02479,pp_nav_02487,barrier,False
pp_nav_02479,dambwe,navigable,True
pp_nav_02479,abutua,navigable,True
pp_nav_02480,pp_nav_02482,barrier,False
pp_nav_02480,kazungala,navigable,True
pp_nav_02480,katima,navigable,True
pp_nav_02481,pp_nav_02483,navigable,False
pp_nav_02481,pp_nav_02484,improvable,False
pp_nav_02481,matarjawira,navigable,True
pp_nav_02481,sicasica,navigable,True
pp_nav_02481,curahuara,navigable,True
pp_nav_02481,sura,navigable,True
pp_nav_02482,veekuhane,barrier,True
pp_nav_02482,pp_nav_02486,barrier,False
pp_nav_02482,dambwe,barrier,True
pp_nav_02482,bumbuzi,barrier,True
pp_nav_02482,kazungala,barrier,True
pp_nav_02482,katima,barrier,True
pp_nav_02483,pp_nav_02484,improvable,False
pp_nav_02483,matarjawira,navigable,True
pp_nav_02483,sura,navigable,True
pp_nav_02484,matarjawira,improvable,True
pp_nav_02484,curahuara,improvable,True
pp_nav_02485,pp_nav_02489,navigable,False
pp_nav_02485,sena,navigable,True
pp_nav_02485,chupanga,navigable,True
pp_nav_02485,mopeia,navigable,True
pp_nav_02485,chamo,navigable,True
pp_nav_02485,chindre,navigable,True
pp_nav_02486,pp_nav_02487,barrier,False
pp_nav_02486,dambwe,barrier,True
pp_nav_02486,bumbuzi,barrier,True
pp_nav_02487,dambwe,barrier,True
pp_nav_02487,bumbuzi,barrier,True
pp_nav_02487,abutua,barrier,True
pp_nav_02488,kaxixo,navigable,True
pp_nav_02488,goianas,navigable,True
pp_nav_02489,mouth_zambezi,navigable,False
pp_nav_02489,cuama,navigable,True
pp_nav_02489,chupanga,navigable,True
pp_nav_02489,chindre,navigable,True
pp_nav_02490,pp_nav_02491,navigable,False
pp_nav_02490,morrinhos,navigable,True
pp_nav_02490,bororos,navigable,True
pp_nav_02490,cayapo,navigable,True
pp_nav_02491,morrinhos,navigable,True
pp_nav_02491,bororos,navigable,True
pp_nav_02491,araripocone,navigable,True
pp_nav_02492,pp_nav_02496,navigable,False
pp_nav_02492,bororos,navigable,True
pp_nav_02492,araripocone,navigable,True
pp_nav_02492,iranmranhre,navigable,True
pp_nav_02493,pp_nav_02495,improvable,False
pp_nav_02493,caratinga,improvable,True
pp_nav_02493,itabira,improvable,True
pp_nav_02493,porte,improvable,True
pp_nav_02493,itanhomi,improvable,True
pp_nav_02493,borun,improvable,True
pp_nav_02494,eexiwa,navigable,True
pp_nav_02495,pp_nav_02498,navigable,False
pp_nav_02495,krenak,navigable,True
pp_nav_02495,itanhomi,navigable,True
pp_nav_02496,paranaiba,navigable,True
pp_nav_02496,bororos,navigable,True
pp_nav_02496,iranmranhre,navigable,True
pp_nav_02497,doce_delta,improvable,False
pp_nav_02497,pp_nav_02498,improvable,False
pp_nav_02497,coutins,improvable,True
pp_nav_02497,malalis,improvable,True
pp_nav_02498,nandu,navigable,True
pp_nav_02498,krenak,navigable,True
pp_nav_02498,malalis,navigable,True
pp_nav_02499,pp_nav_02502,navigable,False
pp_nav_02499,pp_nav_02509,navigable,False
pp_nav_02499,tanabi,navigable,True
pp_nav_02499,paranaiba,navigable,True
pp_nav_02499,bororos,navigable,True
pp_nav_02500,pp_nav_02501,navigable,False
pp_nav_02500,mania_delta,navigable,False
pp_nav_02500,tsimanandrafozana,navigable,True
pp_nav_02501,malaimbandy,navigable,True
pp_nav_02501,miandrivazo,navigable,True
pp_nav_02501,tsimanandrafozana,navigable,True
pp_nav_02502,tanabi,navigable,True
pp_nav_02502,paranaiba,navigable,True
pp_nav_02502,bororos,navigable,True
pp_nav_02503,pp_nav_02507,improvable,False
pp_nav_02503,tanabi,navigable,True
pp_nav_02503,uberaba,navigable,True
pp_nav_02503,bororos,navigable,True
pp_nav_02504,pp_nav_02505,improvable,False
pp_nav_02504,pp_nav_02510,improvable,False
pp_nav_02504,uberaba,improvable,True
pp_nav_02504,sapukaia,improvable,True
pp_nav_02504,pium_i,improvable,True
pp_nav_02505,pp_nav_02506,improvable,False
pp_nav_02505,uberaba,navigable,True
pp_nav_02505,sapukaia,navigable,True
pp_nav_02506,pp_nav_02511,improvable,False
pp_nav_02506,pp_nav_02512,improvable,False
pp_nav_02506,barretos,improvable,True
pp_nav_02506,uberaba,improvable,True
pp_nav_02506,sapukaia,improvable,True
pp_nav_02507,pp_nav_02511,improvable,False
pp_nav_02507,barretos,improvable,True
pp_nav_02507,sao_jose_preto,improvable,True
pp_nav_02507,uberaba,improvable,True
pp_nav_02508,yshyr,navigable,True
pp_nav_02509,pp_nav_02514,navigable,False
pp_nav_02509,tanabi,navigable,True
pp_nav_02509,paranaiba,navigable,True
pp_nav_02510,piumhi,navigable,True
pp_nav_02510,pp_nav_02513,navigable,False
pp_nav_02510,sao_sebastiao_paraiso,navigable,True
pp_nav_02510,passos,navigable,True
pp_nav_02510,sapukaia,navigable,True
pp_nav_02510,pium_i,navigable,True
pp_nav_02511,barretos,navigable,True
pp_nav_02511,uberaba,navigable,True
pp_nav_02512,jaboticabal,navigable,True
pp_nav_02512,barretos,navigable,True
pp_nav_02512,sapukaia,navigable,True
pp_nav_02512,caiapo,navigable,True
pp_nav_02513,piumhi,navigable,True
pp_nav_02513,passos,navigable,True
pp_nav_02514,pp_nav_02515,navigable,False
pp_nav_02514,tanabi,navigable,True
pp_nav_02514,paranaiba,navigable,True
pp_nav_02514,valparaiso,navigable,True
pp_nav_02514,ofaie,navigable,True
pp_nav_02515,pp_nav_02517,navigable,False
pp_nav_02515,sao_jose_preto,navigable,True
pp_nav_02515,tanabi,navigable,True
pp_nav_02515,valparaiso,navigable,True
pp_nav_02515,tiete,navigable,True
pp_nav_02516,valparaiso,navigable,True
pp_nav_02516,ofaie,navigable,True
pp_nav_02517,pp_nav_02519,navigable,False
pp_nav_02517,sao_jose_preto,navigable,True
pp_nav_02517,tiete,navigable,True
pp_nav_02518,pp_nav_02524,navigable,False
pp_nav_02518,valparaiso,navigable,True
pp_nav_02518,porto_tibirica,navigable,True
pp_nav_02518,taquarucu,navigable,True
pp_nav_02518,ofaie,navigable,True
pp_nav_02519,pp_nav_02523,navigable,False
pp_nav_02519,sao_jose_preto,navigable,True
pp_nav_02519,araquara,navigable,True
pp_nav_02519,tiete,navigable,True
pp_nav_02519,bauru,navigable,True
pp_nav_02520,pp_nav_02526,navigable,False
pp_nav_02520,guana,navigable,True
pp_nav_02521,pp_nav_02525,barrier,False
pp_nav_02521,cantagalo,improvable,True
pp_nav_02521,sao_fidelis,improvable,True
pp_nav_02521,leopoldina,improvable,True
pp_nav_02522,sao_fidelis,navigable,True
pp_nav_02522,guaitaka,navigable,True
pp_nav_02523,pp_nav_02527,navigable,False
pp_nav_02523,araquara,navigable,True
pp_nav_02523,bauru,navigable,True
pp_nav_02523,brotas,navigable,True
pp_nav_02524,pp_nav_02528,navigable,False
pp_nav_02524,porto_tibirica,navigable,True
pp_nav_02524,taquarucu,navigable,True
pp_nav_02525,cantagalo,barrier,True
pp_nav_02525,praiba_sul,barrier,True
pp_nav_02525,leopoldina,barrier,True
pp_nav_02526,ayvu_pora,navigable,True
pp_nav_02526,nenlhet,navigable,True
pp_nav_02526,guana,navigable,True
pp_nav_02527,botucatu,navigable,True
pp_nav_02527,bauru,navigable,True
pp_nav_02527,brotas,navigable,True
pp_nav_02527,abare_i,navigable,True
pp_nav_02528,pp_nav_02530,navigable,False
pp_nav_02528,pp_nav_02532,navigable,False
pp_nav_02528,porto_tibirica,navigable,True
pp_nav_02528,taquarucu,navigable,True
pp_nav_02528,kaiwa,navigable,True
pp_nav_02529,pp_nav_02530,improvable,False
pp_nav_02529,pp_nav_02531,improvable,False
pp_nav_02529,apucarana,improvable,True
pp_nav_02529,jataizinho,improvable,True
pp_nav_02529,porto_tibirica,improvable,True
pp_nav_02530,apucarana,navigable,True
pp_nav_02530,porto_tibirica,navigable,True
pp_nav_02531,jataizinho,navigable,True
pp_nav_02531,porto_tibirica,navigable,True
pp_nav_02532,apucarana,navigable,True
pp_nav_02532,chiripa,navigable,True
pp_nav_02532,kaiwa,navigable,True
pp_nav_02533,pp_nav_02535,navigable,False
pp_nav_02533,ayvu_pora,navigable,True
pp_nav_02533,enenlhet,navigable,True
pp_nav_02533,nenlhet,navigable,True
pp_nav_02534,pp_nav_02536,improvable,False
pp_nav_02534,pp_nav_02538,navigable,False
pp_nav_02534,apucarana,navigable,True
pp_nav_02534,umuarama,navigable,True
pp_nav_02534,chiripa,navigable,True
pp_nav_02535,ayvu_pora,navigable,True
pp_nav_02535,enenlhet,navigable,True
pp_nav_02536,pp_nav_02537,improvable,False
pp_nav_02536,apucarana,improvable,True
pp_nav_02536,umuarama,improvable,True
pp_nav_02537,campo_mourao,navigable,True
pp_nav_02537,apucarana,navigable,True
pp_nav_02537,umuarama,navigable,True
pp_nav_02538,canindeyu,navigable,True
pp_nav_02538,umuarama,navigable,True
pp_nav_02538,chiripa,navigable,True
pp_nav_02539,pp_nav_02540,navigable,False
pp_nav_02539,enxet,navigable,True
pp_nav_02539,enenlhet,navigable,True
pp_nav_02539,ycuamandiyu,navigable,True
pp_nav_02540,pp_nav_02544,navigable,False
pp_nav_02540,kuarepoti,navigable,True
pp_nav_02540,enxet,navigable,True
pp_nav_02540,ycuamandiyu,navigable,True
pp_nav_02541,pp_nav_02542,navigable,False
pp_nav_02541,pp_nav_02543,navigable,False
pp_nav_02541,canindeyu,navigable,True
pp_nav_02541,umuarama,navigable,True
pp_nav_02541,mbya,navigable,True
pp_nav_02542,umuarama,navigable,True
pp_nav_02542,mbya,navigable,True
pp_nav_02543,canindeyu,navigable,True
pp_nav_02543,mbya,navigable,True
pp_nav_02544,kuarepoti,navigable,True
pp_nav_02544,ipholhhelhlhup,navigable,True
pp_nav_02544,enxet,navigable,True
pp_nav_02544,nemby,navigable,True
pp_nav_02545,small_sea,navigable,False
pp_nav_02545,iguape,navigable,True
pp_nav_02545,cananeia,navigable,True
pp_nav_02546,pp_nav_02548,improvable,False
pp_nav_02546,mbya,navigable,True
pp_nav_02546,takuru_puku,navigable,True
pp_nav_02547,pp_nav_02554,navigable,False
pp_nav_02547,kyyindy,navigable,True
pp_nav_02547,tacshic,navigable,True
pp_nav_02548,pp_nav_02550,improvable,False
pp_nav_02548,kaarendy,improvable,True
pp_nav_02548,mbya,improvable,True
pp_nav_02548,yguazu,improvable,True
pp_nav_02548,takuru_puku,improvable,True
pp_nav_02549,iguazu,navigable,True
pp_nav_02549,pp_nav_02550,improvable,False
pp_nav_02549,pp_nav_02551,navigable,False
pp_nav_02549,santo_antonio,navigable,True
pp_nav_02549,mbya,navigable,True
pp_nav_02550,santo_antonio,improvable,True
pp_nav_02550,mbya,improvable,True
pp_nav_02550,yguazu,improvable,True
pp_nav_02551,palmas,navigable,True
pp_nav_02551,iguazu,navigable,True
pp_nav_02551,santo_antonio,navigable,True
pp_nav_02552,kaarendy,navigable,True
pp_nav_02552,yguazu,navigable,True
pp_nav_02552,ygana,navigable,True
pp_nav_02553,palmas,improvable,True
pp_nav_02553,iguazu,improvable,True
pp_nav_02553,pp_nav_02555,improvable,False
pp_nav_02553,guarapuava,improvable,True
pp_nav_02554,kyyindy,navigable,True
pp_nav_02554,agaes,navigable,True
pp_nav_02554,tacshic,navigable,True
pp_nav_02554,lanagashec,navigable,True
pp_nav_02555,palmas,improvable,True
pp_nav_02555,taquara,improvable,True
pp_nav_02555,guarapuava,improvable,True
pp_nav_02556,pp_nav_02558,improvable,False
pp_nav_02556,ygana,navigable,True
pp_nav_02557,avaes,navigable,True
pp_nav_02557,lanagashec,navigable,True
pp_nav_02558,pp_nav_02563,improvable,False
pp_nav_02558,itapua,improvable,True
pp_nav_02558,ygana,improvable,True
pp_nav_02558,tsiripa,improvable,True
pp_nav_02559,pp_nav_02564,navigable,False
pp_nav_02559,pp_nav_02567,navigable,False
pp_nav_02559,avaes,navigable,True
pp_nav_02559,lanagashec,navigable,True
pp_nav_02559,mepenes,navigable,True
pp_nav_02560,chopim,improvable,True
pp_nav_02560,pp_nav_02561,improvable,False
pp_nav_02560,yguazu,improvable,True
pp_nav_02560,palmeira,improvable,True
pp_nav_02561,chopim,navigable,True
pp_nav_02561,chapeco,navigable,True
pp_nav_02561,pp_nav_02565,improvable,False
pp_nav_02561,passo_fundo,navigable,True
pp_nav_02561,palmeira,navigable,True
pp_nav_02562,pp_nav_02569,improvable,False
pp_nav_02562,cruz_alta,navigable,True
pp_nav_02562,yguazu,navigable,True
pp_nav_02562,uruguay,navigable,True
pp_nav_02562,palmeira,navigable,True
pp_nav_02563,pp_nav_02566,navigable,False
pp_nav_02563,itapua,navigable,True
pp_nav_02563,tsiripa,navigable,True
pp_nav_02564,pp_nav_02568,navigable,False
pp_nav_02564,avaes,navigable,True
pp_nav_02564,mepenes,navigable,True
pp_nav_02565,chapeco,improvable,True
pp_nav_02565,curitibanos,improvable,True
pp_nav_02565,passo_fundo,improvable,True
pp_nav_02565,lagoa_vermelha,improvable,True
pp_nav_02566,pp_nav_02568,navigable,False
pp_nav_02566,itapua,navigable,True
pp_nav_02566,tsiripa,navigable,True
pp_nav_02567,pp_nav_02571,navigable,False
pp_nav_02567,lanagashec,navigable,True
pp_nav_02567,mepenes,navigable,True
pp_nav_02567,qollaxalec,navigable,True
pp_nav_02568,avaes,navigable,True
pp_nav_02568,mepenes,navigable,True
pp_nav_02568,tsiripa,navigable,True
pp_nav_02569,pp_nav_02570,improvable,False
pp_nav_02569,cruz_alta,improvable,True
pp_nav_02569,uruguay,improvable,True
pp_nav_02570,pp_nav_02572,navigable,False
pp_nav_02570,cruz_alta,navigable,True
pp_nav_02570,uruguay,navigable,True
pp_nav_02570,jeguakava,navigable,True
pp_nav_02571,pp_nav_02574,navigable,False
pp_nav_02571,qompi,navigable,True
pp_nav_02571,qollaxalec,navigable,True
pp_nav_02572,pp_nav_02573,navigable,False
pp_nav_02572,uruguay,navigable,True
pp_nav_02572,jeguakava,navigable,True
pp_nav_02573,pp_nav_02575,navigable,False
pp_nav_02573,uruguay,navigable,True
pp_nav_02573,jeguakava,navigable,True
pp_nav_02574,pp_nav_02576,navigable,False
pp_nav_02574,qompi,navigable,True
pp_nav_02575,pp_nav_02578,navigable,False
pp_nav_02575,yapeyu,navigable,True
pp_nav_02575,uruguay,navigable,True
pp_nav_02575,ibicui,navigable,True
pp_nav_02575,jeguakava,navigable,True
pp_nav_02576,pp_nav_02582,navigable,False
pp_nav_02576,romang,navigable,True
pp_nav_02576,taragui,navigable,True
pp_nav_02576,qompi,navigable,True
pp_nav_02576,nakaigetergehe,navigable,True
pp_nav_02577,pp_nav_02583,improvable,False
pp_nav_02577,patos,improvable,True
pp_nav_02578,pp_nav_02579,navigable,False
pp_nav_02578,pp_nav_02581,navigable,False
pp_nav_02578,yapeyu,navigable,True
pp_nav_02578,inhandui,navigable,True
pp_nav_02578,ibirapuita,navigable,True
pp_nav_02578,ibicui,navigable,True
pp_nav_02579,inhandui,navigable,True
pp_nav_02579,ibicui,navigable,True
pp_nav_02580,inhandui,navigable,True
pp_nav_02580,ibicui,navigable,True
pp_nav_02581,pp_nav_02586,navigable,False
pp_nav_02581,yapeyu,navigable,True
pp_nav_02581,ibirapuita,navigable,True
pp_nav_02582,pp_nav_02588,navigable,False
pp_nav_02582,romang,navigable,True
pp_nav_02582,taragui,navigable,True
pp_nav_02583,pp_nav_02584,navigable,False
pp_nav_02583,patos,navigable,True
pp_nav_02583,jacui,navigable,True
pp_nav_02583,sao_leopoldo,navigable,True
pp_nav_02584,pp_nav_02585,navigable,False
pp_nav_02584,patos,navigable,True
pp_nav_02584,umbu,navigable,True
pp_nav_02584,jacui,navigable,True
pp_nav_02585,umbu,navigable,True
pp_nav_02586,mandisobi,navigable,True
pp_nav_02586,cuareim,navigable,True
pp_nav_02586,yapeyu,navigable,True
pp_nav_02586,ibirapuita,navigable,True
pp_nav_02587,mandisobi,navigable,True
pp_nav_02587,cuareim,navigable,True
pp_nav_02588,pp_nav_02589,navigable,False
pp_nav_02588,romang,navigable,True
pp_nav_02588,qom_caia,navigable,True
pp_nav_02589,pp_nav_02592,navigable,False
pp_nav_02589,qom_caia,navigable,True
pp_nav_02590,pp_nav_02593,navigable,False
pp_nav_02590,mandisobi,navigable,True
pp_nav_02590,cuareim,navigable,True
pp_nav_02591,pp_nav_02594,navigable,False
pp_nav_02591,nogoya,navigable,True
pp_nav_02591,qom_caia,navigable,True
pp_nav_02591,pairindi,navigable,True
pp_nav_02592,pp_nav_02596,navigable,False
pp_nav_02592,qom_caia,navigable,True
pp_nav_02593,pp_nav_02597,navigable,False
pp_nav_02593,mandisobi,navigable,True
pp_nav_02593,bohan,navigable,True
pp_nav_02593,cuareim,navigable,True
pp_nav_02593,yaguari_guazu,navigable,True
pp_nav_02594,pp_nav_02598,navigable,False
pp_nav_02594,nogoya,navigable,True
pp_nav_02594,karendo,navigable,True
pp_nav_02594,qom_caia,navigable,True
pp_nav_02595,cangucu,navigable,True
pp_nav_02595,piratinin,navigable,True
pp_nav_02596,karendo,navigable,True
pp_nav_02596,qom_caia,navigable,True
pp_nav_02596,lalek_cotaa,navigable,True
pp_nav_02597,bohan,navigable,True
pp_nav_02597,chana,navigable,True
pp_nav_02597,yaguari_guazu,navigable,True
pp_nav_02598,nogoya,navigable,True
pp_nav_02598,karendo,navigable,True
pp_nav_02599,pp_nav_02603,navigable,False
pp_nav_02599,karendo,navigable,True
pp_nav_02599,mbegua,navigable,True
pp_nav_02599,lalek_cotaa,navigable,True
pp_nav_02600,pp_nav_02601,navigable,False
pp_nav_02600,hum,navigable,True
pp_nav_02600,guenoa,navigable,True
pp_nav_02601,pp_nav_02602,navigable,False
pp_nav_02601,hum,navigable,True
pp_nav_02601,yaros,navigable,True
pp_nav_02602,pp_nav_02604,navigable,False
pp_nav_02602,hum,navigable,True
pp_nav_02602,bohan,navigable,True
pp_nav_02602,chana,navigable,True
pp_nav_02602,yaros,navigable,True
pp_nav_02603,pp_nav_02605,navigable,False
pp_nav_02603,mbegua,navigable,True
pp_nav_02603,lalek_cotaa,navigable,True
pp_nav_02604,uruguay_river,navigable,False
pp_nav_02604,chana,navigable,True
pp_nav_02604,yaros,navigable,True
pp_nav_02605,pp_nav_02606,navigable,False
pp_nav_02605,carapachay,navigable,True
pp_nav_02605,mbegua,navigable,True
pp_nav_02605,timbu,navigable,True
pp_nav_02606,pp_nav_02607,navigable,False
pp_nav_02606,carapachay,navigable,True
pp_nav_02606,timbu,navigable,True
pp_nav_02607,carapachay,navigable,True
pp_nav_02607,ituzaingo,navigable,True
pp_nav_02608,pp_nav_02610,navigable,False
pp_nav_02608,chivilco,navigable,True
pp_nav_02608,tubicha_mini,navigable,True
pp_nav_02608,tuvicha_mini,navigable,True
pp_nav_02609,tubicha_mini,navigable,True
pp_nav_02610,tubicha_mini,navigable,True
pp_nav_02611,concepcion_bay_plata,navigable,False
pp_nav_02611,biobio,navigable,True
pp_nav_02611,lafkenmapu,navigable,True
pp_nav_02611,lelbunmapu,navigable,True
pp_nav_02611,puchacay,navigable,True
pp_nav_02612,pp_nav_02613,improvable,False
pp_nav_02612,pp_nav_02615,improvable,False
pp_nav_02612,newenken,improvable,True
pp_nav_02612,fisque_menuco,improvable,True
pp_nav_02613,pp_nav_02616,improvable,False
pp_nav_02613,fisque_menuco,improvable,True
pp_nav_02614,pp_nav_02617,improvable,False
pp_nav_02614,pp_nav_02618,improvable,False
pp_nav_02614,newenken,improvable,True
pp_nav_02614,fisque_menuco,improvable,True
pp_nav_02614,elcui,improvable,True
pp_nav_02615,pp_nav_02623,navigable,False
pp_nav_02615,newenken,navigable,True
pp_nav_02616,pp_nav_02620,improvable,False
pp_nav_02616,choele_choel,improvable,True
pp_nav_02616,fisque_menuco,improvable,True
pp_nav_02617,pp_nav_02619,improvable,False
pp_nav_02617,fisque_menuco,improvable,True
pp_nav_02617,elcui,improvable,True
pp_nav_02618,pp_nav_02624,improvable,False
pp_nav_02618,newenken,navigable,True
pp_nav_02618,elcui,navigable,True
pp_nav_02619,pp_nav_02621,improvable,False
pp_nav_02619,choele_choel,navigable,True
pp_nav_02619,balcheta,navigable,True
pp_nav_02619,fisque_menuco,navigable,True
pp_nav_02619,elcui,navigable,True
pp_nav_02620,pp_nav_02622,improvable,False
pp_nav_02620,choele_choel,improvable,True
pp_nav_02620,balcheta,improvable,True
pp_nav_02621,choele_choel,improvable,True
pp_nav_02621,balcheta,improvable,True
pp_nav_02622,pp_nav_02626,improvable,False
pp_nav_02622,choele_choel,improvable,True
pp_nav_02622,balcheta,improvable,True
pp_nav_02623,pp_nav_02625,improvable,False
pp_nav_02623,newenken,navigable,True
pp_nav_02623,catan_lil,navigable,True
pp_nav_02624,pp_nav_02627,improvable,False
pp_nav_02624,naupa_huen,improvable,True
pp_nav_02624,newenken,improvable,True
pp_nav_02624,catan_lil,improvable,True
pp_nav_02624,elcui,improvable,True
pp_nav_02625,pp_nav_02630,improvable,False
pp_nav_02625,catan_lil,improvable,True
pp_nav_02626,pp_nav_02628,navigable,False
pp_nav_02626,choele_choel,navigable,True
pp_nav_02626,balcheta,navigable,True
pp_nav_02627,naupa_huen,improvable,True
pp_nav_02627,catan_lil,improvable,True
pp_nav_02628,pp_nav_02631,improvable,False
pp_nav_02628,choele_choel,navigable,True
pp_nav_02628,curu_leufvu,navigable,True
pp_nav_02629,mansa_bay,navigable,False
pp_nav_02629,pikunwijimapu,navigable,True
pp_nav_02630,catan_lil,navigable,True
pp_nav_02631,pp_nav_02632,improvable,False
pp_nav_02631,curu_leufvu,improvable,True
pp_nav_02632,curu_leufvu,improvable,True
pp_nav_02633,pp_nav_02634,improvable,False
pp_nav_02633,otakou,navigable,True
pp_nav_02634,kaitangata,improvable,True
pp_nav_02634,otakou,improvable,True
pp_nav_02635,pp_nav_02636,improvable,False
pp_nav_02635,corpen_aike,navigable,True
pp_nav_02636,pp_nav_02637,improvable,False
pp_nav_02636,chalten,improvable,True
pp_nav_02636,corpen_aike,improvable,True
pp_nav_02637,pp_nav_02639,improvable,False
pp_nav_02637,chalten,improvable,True
pp_nav_02638,pp_nav_02639,improvable,False
pp_nav_02638,chalten,improvable,True
pp_nav_02639,chalten,improvable,True
