location_tag,water_location,state,shore_pixels
konghalla,pp_nav_00383,improvable,88
pagan,pp_nav_01680,navigable,42
pagan,pp_nav_01689,navigable,7
talaha,pp_nav_00877,navigable,76
talaha,pp_nav_00895,navigable,55
talaha,pp_nav_00935,navigable,3
borg,pp_nav_00319,navigable,23
taposa,pp_nav_01217,navigable,76
taposa,pp_nav_01229,navigable,21
berbela,pp_nav_02281,navigable,46
berbela,pp_nav_02292,improvable,27
yinshaluo,pp_nav_01643,navigable,45
katzenelnbogen,pp_nav_00735,improvable,1
katzenelnbogen,pp_nav_00744,improvable,13
uyana,pp_nav_00157,improvable,23
uyana,pp_nav_00168,navigable,67
teocak,pp_nav_00964,navigable,51
teocak,pp_nav_00968,navigable,17
perm,pp_nav_00377,navigable,22
perm,pp_nav_00382,navigable,24
perm,pp_nav_00397,navigable,33
perm,pp_nav_00422,navigable,25
yazoo,pp_nav_01248,navigable,35
yazoo,pp_nav_01258,navigable,33
yazoo,pp_nav_01269,navigable,36
yazoo,pp_nav_01287,navigable,32
rozdory,pp_nav_00806,navigable,9
rozdory,pp_nav_00810,navigable,27
chopim,pp_nav_02560,improvable,55
chopim,pp_nav_02561,navigable,7
urzhum,pp_nav_00431,navigable,19
urzhum,pp_nav_00443,navigable,61
urzhum,pp_nav_00467,navigable,1
yanci,pp_nav_01135,navigable,38
ncando,pp_nav_02202,navigable,63
sto_lo,pp_nav_00749,navigable,26
sto_lo,pp_nav_00767,improvable,127
sto_lo,pp_nav_00781,improvable,44
kyiv,pp_nav_00718,navigable,22
kyiv,pp_nav_00739,navigable,27
duanxi,pp_nav_01636,navigable,11
duanxi,pp_nav_01644,improvable,31
mbanza_nsundi,pp_nav_02237,barrier,2
mbanza_nsundi,pp_nav_02245,barrier,54
mbanza_nsundi,pp_nav_02247,barrier,23
chipata,pp_nav_01962,navigable,32
khagaria,pp_nav_01553,navigable,49
khagaria,pp_nav_01562,navigable,35
khagaria,pp_nav_01563,navigable,21
khagaria,pp_nav_01568,navigable,22
mingyi,pp_nav_01469,improvable,2
mingyi,pp_nav_01494,navigable,39
gushan,pp_nav_01166,improvable,39
gushan,pp_nav_01169,improvable,81
gushan,pp_nav_01173,improvable,13
bayan_susu,pp_nav_00914,navigable,18
bayan_susu,pp_nav_00915,navigable,34
waluulapam,pp_nav_00898,navigable,44
mattawa,pp_nav_00880,improvable,28
mattawa,pp_nav_00889,improvable,86
mattawa,pp_nav_00897,navigable,30
mattawa,pp_nav_00902,navigable,44
melenki,pp_nav_00525,navigable,9
melenki,pp_nav_00547,navigable,36
termez,pp_nav_01133,navigable,70
termez,pp_nav_01138,navigable,27
bondo,pp_nav_02345,navigable,51
budaun,pp_nav_01457,navigable,9
budaun,pp_nav_01470,navigable,15
pangyang,pp_nav_01641,barrier,24
pangyang,pp_nav_01654,navigable,47
pangyang,pp_nav_01665,improvable,4
yaporox,pp_nav_02038,navigable,26
veekuhane,pp_nav_02482,barrier,7
huili,pp_nav_01496,navigable,27
huili,pp_nav_01523,barrier,46
huili,pp_nav_01528,improvable,5
thayet,pp_nav_01709,navigable,47
thayet,pp_nav_01718,navigable,20
buiunda,pp_nav_00161,improvable,36
buiunda,pp_nav_00173,improvable,46
kuanhe,pp_nav_00674,improvable,3
kuanhe,pp_nav_00694,navigable,66
kuanhe,pp_nav_00715,improvable,36
sosnovy_ostrov,pp_nav_00644,navigable,28
sosnovy_ostrov,pp_nav_00659,navigable,50
tumul,pp_nav_00241,navigable,95
tumul,pp_nav_00259,navigable,2
piumhi,pp_nav_02510,navigable,65
piumhi,pp_nav_02513,navigable,53
anding_mashan,pp_nav_01615,navigable,29
koskoak,pp_nav_00390,navigable,92
koskoak,pp_nav_00412,improvable,19
koskoak,pp_nav_00417,improvable,66
ongoulastoga,pp_nav_01200,navigable,17
chan_bo,pp_nav_01854,navigable,22
yicheng,pp_nav_01296,navigable,68
shizhao,pp_nav_01356,navigable,25
shizhao,pp_nav_01367,improvable,84
shizhao,pp_nav_01382,improvable,11
staraya_ladoga,pp_nav_00310,navigable,4
palmas,pp_nav_02551,navigable,41
palmas,pp_nav_02553,improvable,51
palmas,pp_nav_02555,improvable,52
kengtawng,pp_nav_01693,barrier,32
jambi,pp_nav_02126,navigable,53
jambi,pp_nav_02139,navigable,58
krasny_bor,pp_nav_00200,navigable,2
donjek,pp_nav_00158,navigable,97
donjek,pp_nav_00165,navigable,21
jerantut,pp_nav_02050,navigable,25
staraya_mayna,pp_nav_00562,navigable,22
staraya_mayna,pp_nav_00576,navigable,13
ouasioto,pp_nav_01095,navigable,4
ouasioto,pp_nav_01102,improvable,15
amrabad,pp_nav_01778,barrier,30
amrabad,pp_nav_01782,navigable,26
imbangala,pp_nav_02356,navigable,38
imbangala,pp_nav_02361,navigable,50
shimian,pp_nav_01398,barrier,62
anipitapiskow,pp_nav_00477,improvable,73
anipitapiskow,pp_nav_00507,improvable,54
anipitapiskow,pp_nav_00530,navigable,1
ankoro,pp_nav_02270,navigable,59
ankoro,pp_nav_02283,navigable,32
tenggarong,pp_nav_02104,navigable,75
tenggarong,pp_nav_02106,navigable,23
lichtenberg,pp_nav_00788,navigable,30
beaupreau,pp_nav_00858,navigable,15
beaupreau,pp_nav_00862,navigable,38
chapeco,pp_nav_02561,navigable,57
chapeco,pp_nav_02565,improvable,38
jaboticabal,pp_nav_02512,navigable,16
saw,pp_nav_01680,navigable,32
saw,pp_nav_01689,navigable,20
mobile,pp_nav_01340,navigable,43
zamyany,pp_nav_00876,navigable,31
zamyany,pp_nav_00894,navigable,56
zamyany,pp_nav_00911,navigable,19
umbra,pp_nav_01991,navigable,35
muang_sing,pp_nav_01673,navigable,36
muang_sing,pp_nav_01681,barrier,49
muang_sing,pp_nav_01692,navigable,3
koyukuk,pp_nav_00090,navigable,41
koyukuk,pp_nav_00098,navigable,95
charagua,pp_nav_01486,navigable,37
tumba_ikoko,pp_nav_02176,navigable,32
tumba_ikoko,pp_nav_02180,navigable,10
tumba_ikoko,pp_nav_02195,navigable,45
bombwi,pp_nav_02466,navigable,32
zhanhe,pp_nav_00763,navigable,19
zhanhe,pp_nav_00766,navigable,86
zhanhe,pp_nav_00773,navigable,53
zhanhe,pp_nav_00776,navigable,29
ahrweiler,pp_nav_00725,improvable,15
ahrweiler,pp_nav_00735,improvable,7
jiyang,pp_nav_01135,navigable,30
jiyang,pp_nav_01145,navigable,54
campo_mourao,pp_nav_02537,navigable,5
minqing,pp_nav_01512,navigable,13
minqing,pp_nav_01530,improvable,17
penaca,pp_nav_00997,improvable,3
penaca,pp_nav_01006,navigable,74
penaca,pp_nav_01015,navigable,25
yun,pp_nav_01265,navigable,18
yun,pp_nav_01266,improvable,16
peribonka,pp_nav_00771,improvable,4
pak_huei_lang,pp_nav_01735,navigable,25
pak_huei_lang,pp_nav_01736,navigable,69
pak_huei_lang,pp_nav_01737,navigable,40
luling,pp_nav_01481,navigable,38
luling,pp_nav_01501,navigable,1
godagari,pp_nav_01599,navigable,18
niagara,pp_nav_01007,barrier,33
niagara,pp_nav_01008,barrier,59
alchan,pp_nav_00835,navigable,54
alchan,pp_nav_00859,navigable,84
alchan,pp_nav_00879,navigable,57
alchan,pp_nav_00900,navigable,19
tanahun,pp_nav_01466,improvable,13
vientiane,pp_nav_01737,navigable,47
vientiane,pp_nav_01742,navigable,3
vientiane,pp_nav_01743,navigable,45
vientiane,pp_nav_01749,navigable,55
jaiba,pp_nav_02433,navigable,68
jaiba,pp_nav_02440,navigable,21
kaharlyk,pp_nav_00739,navigable,39
kaharlyk,pp_nav_00753,navigable,24
st_ambroix,pp_nav_00988,improvable,10
iguazu,pp_nav_02549,navigable,35
iguazu,pp_nav_02551,navigable,58
iguazu,pp_nav_02553,improvable,20
darmstadt,pp_nav_00751,improvable,24
khamra,pp_nav_00276,navigable,49
khamra,pp_nav_00288,navigable,96
khamra,pp_nav_00302,navigable,60
mengmeng,pp_nav_01621,navigable,23
mengmeng,pp_nav_01643,navigable,1
cangwu,pp_nav_01608,navigable,26
cangwu,pp_nav_01629,improvable,64
cangwu,pp_nav_01634,improvable,28
nandu,pp_nav_02498,navigable,1
satapo,pp_nav_01172,navigable,63
satapo,pp_nav_01177,navigable,15
mahoning_oh,pp_nav_01046,improvable,32
karor,pp_nav_01294,navigable,3
karor,pp_nav_01317,navigable,51
karor,pp_nav_01348,navigable,3
pithapuram,pp_nav_01762,navigable,22
agra,pp_nav_01503,navigable,12
sambalpur,pp_nav_01672,navigable,6
sambalpur,pp_nav_01678,improvable,54
shendi,pp_nav_01758,navigable,9
shendi,pp_nav_01765,navigable,92
shendi,pp_nav_01775,navigable,4
pankshin,pp_nav_01891,navigable,77
pankshin,pp_nav_01901,navigable,6
bodebyn,pp_nav_00064,improvable,25
devarakonda,pp_nav_01772,improvable,12
devarakonda,pp_nav_01778,barrier,3
khemchik,pp_nav_00685,navigable,65
kittila,pp_nav_00046,improvable,47
nikopol,pp_nav_01000,navigable,43
nikopol,pp_nav_01001,navigable,21
nikopol,pp_nav_01002,navigable,2
nikopol,pp_nav_01003,navigable,70
bonanza,pp_nav_00119,navigable,2
bonanza,pp_nav_00131,navigable,63
kaiguang,pp_nav_01105,navigable,32
haiyang,pp_nav_01622,navigable,63
torun,pp_nav_00638,navigable,58
taliepacana,pp_nav_01267,navigable,26
quipana,pp_nav_01190,navigable,14
quipana,pp_nav_01193,navigable,84
batang,pp_nav_01360,navigable,25
batang,pp_nav_01390,navigable,9
carasova,pp_nav_00972,improvable,34
carasova,pp_nav_00982,barrier,6
cerwecerna,pp_nav_00928,navigable,40
cerwecerna,pp_nav_00951,navigable,72
cerwecerna,pp_nav_00975,navigable,75
cantagalo,pp_nav_02521,improvable,19
cantagalo,pp_nav_02525,barrier,12
muang_nakhon,pp_nav_01736,navigable,7
muang_nakhon,pp_nav_01748,navigable,92
muang_nakhon,pp_nav_01757,navigable,66
ntiltxitk,pp_nav_00759,navigable,16
ntiltxitk,pp_nav_00764,navigable,36
ntiltxitk,pp_nav_00777,navigable,95
ntiltxitk,pp_nav_00785,improvable,26
ntiltxitk,pp_nav_00790,barrier,35
vukovar,pp_nav_00932,navigable,38
vukovar,pp_nav_00944,navigable,19
vukovar,pp_nav_00958,navigable,1
barretos,pp_nav_02506,improvable,52
barretos,pp_nav_02507,improvable,37
barretos,pp_nav_02511,navigable,38
barretos,pp_nav_02512,navigable,42
magdeburg,pp_nav_00663,navigable,18
casqui,pp_nav_01162,navigable,21
casqui,pp_nav_01175,navigable,39
casqui,pp_nav_01189,navigable,4
emasulia,pp_nav_01077,navigable,30
emasulia,pp_nav_01089,navigable,97
emasulia,pp_nav_01100,improvable,66
emasulia,pp_nav_01101,navigable,97
lanzhou_lanzhou,pp_nav_01500,barrier,92
lanzhou_lanzhou,pp_nav_01529,improvable,28
longvek,pp_nav_01837,navigable,13
liling,pp_nav_01465,navigable,7
coutins,pp_nav_02497,improvable,79
monona,pp_nav_01019,navigable,3
bakongo,pp_nav_02239,navigable,25
krebedje,pp_nav_02001,navigable,48
krebedje,pp_nav_02008,navigable,4
koksharov,pp_nav_00366,navigable,65
koksharov,pp_nav_00381,navigable,42
yaroslavl,pp_nav_00406,navigable,58
yaroslavl,pp_nav_00407,navigable,32
yaroslavl,pp_nav_00411,navigable,51
mirandola,pp_nav_00963,navigable,18
fiorenzuola,pp_nav_00957,navigable,5
fiorenzuola,pp_nav_00959,navigable,14
dalneye_konstantinovo,pp_nav_00483,navigable,11
sariang,pp_nav_01751,barrier,14
ruhptare,pp_nav_00863,navigable,10
ruhptare,pp_nav_00870,navigable,49
ruhptare,pp_nav_00886,improvable,40
hengshan,pp_nav_01465,navigable,7
hengshan,pp_nav_01484,navigable,38
hengshan,pp_nav_01492,navigable,33
mainz,pp_nav_00744,improvable,67
mainz,pp_nav_00751,improvable,42
sylhet,pp_nav_01578,navigable,31
sylhet,pp_nav_01585,navigable,13
qiaojia,pp_nav_01478,navigable,34
qiaojia,pp_nav_01496,navigable,38
nanping,pp_nav_01512,navigable,83
mullheim,pp_nav_00831,improvable,36
grafenau,pp_nav_00793,improvable,12
nonantola,pp_nav_00963,navigable,16
tit_ary,pp_nav_00232,navigable,14
tit_ary,pp_nav_00238,navigable,78
krems,pp_nav_00819,navigable,3
chandpur,pp_nav_01633,navigable,20
pavia,pp_nav_00957,navigable,7
chumikan,pp_nav_00574,improvable,74
bogatye_saby,pp_nav_00467,navigable,19
bogatye_saby,pp_nav_00480,navigable,58
bogatye_saby,pp_nav_00509,navigable,7
hajduszoboszlo,pp_nav_00833,navigable,35
daya_kathyn,pp_nav_01061,improvable,90
daya_kathyn,pp_nav_01071,navigable,42
sletewsi,pp_nav_00785,improvable,64
mukalombo,pp_nav_02283,navigable,50
mukalombo,pp_nav_02286,navigable,10
mukalombo,pp_nav_02291,navigable,34
pahang,pp_nav_02049,navigable,25
pahang,pp_nav_02050,navigable,23
juque,pp_nav_01494,navigable,10
juque,pp_nav_01515,improvable,61
juque,pp_nav_01516,navigable,54
avignon,pp_nav_00988,improvable,15
pokrovskoye,pp_nav_00589,navigable,38
pokrovskoye,pp_nav_00597,navigable,13
ministik,pp_nav_00551,improvable,4
nerekhta,pp_nav_00411,navigable,15
nerekhta,pp_nav_00413,navigable,8
bidzhan,pp_nav_00808,navigable,33
kuozhou,pp_nav_01478,navigable,10
kuozhou,pp_nav_01496,navigable,19
darbhanga,pp_nav_01543,navigable,1
darbhanga,pp_nav_01553,navigable,2
sao_fidelis,pp_nav_02521,improvable,61
sao_fidelis,pp_nav_02522,navigable,31
zahuatan,pp_nav_01739,navigable,35
arangastakh,pp_nav_00169,navigable,6
yuanmou,pp_nav_01516,navigable,23
yuanmou,pp_nav_01528,improvable,13
zhenkang,pp_nav_01602,barrier,17
kasuswapaskau,pp_nav_00412,improvable,28
kasuswapaskau,pp_nav_00418,navigable,126
shoma,pp_nav_02467,navigable,17
shoma,pp_nav_02472,navigable,53
pangu,pp_nav_00609,improvable,2
pangu,pp_nav_00625,navigable,55
pangu,pp_nav_00632,improvable,47
pangu,pp_nav_00640,navigable,28
lipno,pp_nav_00638,navigable,25
lipno,pp_nav_00647,improvable,29
tsivilsk,pp_nav_00494,navigable,6
tsivilsk,pp_nav_00505,navigable,51
sime,pp_nav_01643,navigable,11
sanyyakhtakh,pp_nav_00265,navigable,95
sanyyakhtakh,pp_nav_00268,navigable,54
gunaaxoo,pp_nav_00318,improvable,6
dayao,pp_nav_01515,improvable,14
dayao,pp_nav_01527,barrier,24
dehua_jiujiang,pp_nav_01386,navigable,21
baling,pp_nav_01383,navigable,17
baling,pp_nav_01388,navigable,17
pakrac,pp_nav_00949,navigable,32
mistanipi,pp_nav_00531,barrier,7
mistanipi,pp_nav_00546,improvable,96
mistanipi,pp_nav_00556,improvable,74
pandua,pp_nav_01639,navigable,49
khoja_idat_kala,pp_nav_01087,navigable,26
khoja_idat_kala,pp_nav_01103,navigable,50
khoja_idat_kala,pp_nav_01112,navigable,22
shawanoe,pp_nav_01146,navigable,18
shawanoe,pp_nav_01156,navigable,95
guwahati,pp_nav_01520,navigable,8
guwahati,pp_nav_01533,navigable,33
guwahati,pp_nav_01534,navigable,29
guwahati,pp_nav_01536,navigable,9
sepauk,pp_nav_02095,navigable,42
sepauk,pp_nav_02097,navigable,19
matman,pp_nav_01665,improvable,46
matman,pp_nav_01675,navigable,9
south_juma,pp_nav_02201,navigable,3
jianchang_sichuan,pp_nav_01449,barrier,30
jianchang_sichuan,pp_nav_01469,improvable,22
wujiang_bozhou,pp_nav_01487,improvable,26
barchkend,pp_nav_00973,navigable,20
kikinda,pp_nav_00901,navigable,27
changqing,pp_nav_01152,navigable,29
lussuna,pp_nav_02226,navigable,29
lussuna,pp_nav_02241,improvable,38
lussuna,pp_nav_02244,navigable,45
lussuna,pp_nav_02257,navigable,11
pelly_faro,pp_nav_00184,navigable,26
pelly_faro,pp_nav_00194,improvable,82
pelly_faro,pp_nav_00198,navigable,54
pelly_faro,pp_nav_00209,barrier,42
deloy_ges,pp_nav_00182,navigable,86
youdian,pp_nav_01577,improvable,47
khukhan,pp_nav_01789,navigable,5
tulguur,pp_nav_00808,navigable,3
tulguur,pp_nav_00844,navigable,41
yuechi,pp_nav_01345,navigable,9
yuechi,pp_nav_01356,navigable,6
mengban_weiyuan,pp_nav_01621,navigable,30
mengban_weiyuan,pp_nav_01643,navigable,38
banan,pp_nav_01382,improvable,16
banan,pp_nav_01387,improvable,28
banan,pp_nav_01400,improvable,14
saik_uz,pp_nav_00604,navigable,1
lokera,pp_nav_02379,improvable,18
lokera,pp_nav_02392,navigable,48
lokera,pp_nav_02398,navigable,13
moksobo,pp_nav_01647,navigable,31
srey_sarchhor,pp_nav_01833,navigable,20
srey_sarchhor,pp_nav_01837,navigable,14
srey_sarchhor,pp_nav_01838,navigable,32
srey_sarchhor,pp_nav_01843,navigable,32
dadandang,pp_nav_01468,navigable,20
dadandang,pp_nav_01479,barrier,18
taquara,pp_nav_02555,improvable,11
xiangshan_xinhui,pp_nav_01653,navigable,24
xinhui,pp_nav_01653,navigable,44
gujrat,pp_nav_01252,navigable,26
gujrat,pp_nav_01256,improvable,11
gujrat,pp_nav_01271,navigable,1
gujrat,pp_nav_01274,navigable,44
kara,pp_nav_01548,navigable,26
kara,pp_nav_01554,navigable,33
kataka,pp_nav_01698,navigable,44
kataka,pp_nav_01699,navigable,15
kataka,pp_nav_01701,navigable,28
pakpattan,pp_nav_01353,navigable,4
pakpattan,pp_nav_01366,navigable,37
derawar,pp_nav_01402,navigable,26
derawar,pp_nav_01423,navigable,4
dambwe,pp_nav_02472,navigable,4
dambwe,pp_nav_02479,navigable,50
dambwe,pp_nav_02482,barrier,55
dambwe,pp_nav_02486,barrier,82
dambwe,pp_nav_02487,barrier,47
wanga_bazar,pp_nav_01603,navigable,46
mailsi,pp_nav_01366,navigable,11
mailsi,pp_nav_01381,navigable,33
ismail,pp_nav_00943,navigable,21
ismail,pp_nav_00946,navigable,47
ismail,pp_nav_00950,navigable,20
korti,pp_nav_01734,barrier,32
qerri,pp_nav_01775,navigable,80
qerri,pp_nav_01780,navigable,29
bamba,pp_nav_01763,navigable,72
bamba,pp_nav_01766,navigable,10
porto,pp_nav_01038,barrier,21
gao,pp_nav_01773,navigable,54
gao,pp_nav_01783,navigable,23
gotheye,pp_nav_01799,navigable,7
gotheye,pp_nav_01806,navigable,49
arlal,pp_nav_01771,navigable,2
arlal,pp_nav_01777,navigable,28
kilmez,pp_nav_00431,navigable,25
kilmez,pp_nav_00443,navigable,52
kilmez,pp_nav_00467,navigable,24
azia,pp_nav_01985,navigable,48
viviers,pp_nav_00969,improvable,14
chinon,pp_nav_00861,navigable,4
elgyai,pp_nav_00169,navigable,56
jinglong,pp_nav_01662,improvable,65
massabo,pp_nav_02217,navigable,23
orange,pp_nav_00988,improvable,15
kuanda,pp_nav_00473,navigable,57
kuanda,pp_nav_00501,improvable,40
yunnei,pp_nav_01050,navigable,14
yunnei,pp_nav_01056,navigable,31
yunnei,pp_nav_01058,navigable,3
dobyaz,pp_nav_00520,navigable,34
kherigarh,pp_nav_01432,improvable,15
opaskwayak,pp_nav_00596,navigable,2
quigualtam,pp_nav_01229,navigable,80
quigualtam,pp_nav_01238,navigable,84
quigualtam,pp_nav_01248,navigable,57
branicevo,pp_nav_00972,improvable,49
branicevo,pp_nav_00976,navigable,46
branicevo,pp_nav_00982,barrier,4
dambai,pp_nav_01906,navigable,84
dambai,pp_nav_01933,navigable,38
tyagacho,pp_nav_00293,improvable,24
gongan,pp_nav_01363,navigable,17
gongan,pp_nav_01375,navigable,33
tenasserim,pp_nav_01832,improvable,28
ksituan,pp_nav_00486,navigable,96
ksituan,pp_nav_00493,improvable,26
ksituan,pp_nav_00499,navigable,126
ksituan,pp_nav_00504,barrier,49
hanguang,pp_nav_01612,improvable,14
ust_tsimla,pp_nav_00820,navigable,27
ust_tsimla,pp_nav_00839,navigable,25
ust_tsimla,pp_nav_00842,navigable,18
babana,pp_nav_01856,navigable,15
ikryanoye,pp_nav_00911,navigable,50
zenta,pp_nav_00901,navigable,1
puge,pp_nav_01458,barrier,30
puge,pp_nav_01478,navigable,34
palisema,pp_nav_01184,navigable,10
tezpur,pp_nav_01504,navigable,43
tezpur,pp_nav_01520,navigable,3
kovin,pp_nav_00972,improvable,18
kovin,pp_nav_00976,navigable,26
nudarcha,pp_nav_01076,navigable,95
nudarcha,pp_nav_01077,navigable,58
nudarcha,pp_nav_01080,navigable,84
nudarcha,pp_nav_01083,navigable,76
rudrapur,pp_nav_01531,navigable,26
chinchaga,pp_nav_00492,improvable,94
chinchaga,pp_nav_00493,improvable,36
xuanhua_nanning,pp_nav_01651,navigable,71
xuanhua_nanning,pp_nav_01652,navigable,3
wiesbaden,pp_nav_00751,improvable,29
kunduz,pp_nav_01138,navigable,11
taoyuan,pp_nav_01430,improvable,4
kinabatangan,pp_nav_01986,navigable,79
coiracoentanon,pp_nav_01029,navigable,34
coiracoentanon,pp_nav_01035,navigable,44
coiracoentanon,pp_nav_01037,navigable,38
tis_reka,pp_nav_00280,navigable,50
tis_reka,pp_nav_00290,navigable,92
tis_reka,pp_nav_00301,navigable,24
tis_reka,pp_nav_00311,navigable,84
arnhem,pp_nav_00680,navigable,24
mongyang,pp_nav_01589,navigable,52
mongyang,pp_nav_01604,navigable,30
tayan,pp_nav_02096,navigable,18
tayan,pp_nav_02098,navigable,50
jolom_konob,pp_nav_01776,navigable,21
krasny_yar,pp_nav_00894,navigable,21
phnom_santuk,pp_nav_01827,navigable,20
phnom_santuk,pp_nav_01833,navigable,26
yenotayevka,pp_nav_00845,navigable,63
yenotayevka,pp_nav_00850,navigable,20
yenotayevka,pp_nav_00864,navigable,91
yenotayevka,pp_nav_00876,navigable,20
mohacs,pp_nav_00891,navigable,2
mohacs,pp_nav_00912,navigable,77
mohacs,pp_nav_00932,navigable,8
mahakam,pp_nav_02091,improvable,44
yunkyur,pp_nav_00271,improvable,3
yunkyur,pp_nav_00279,navigable,98
yunkyur,pp_nav_00282,navigable,21
zolotonosha,pp_nav_00762,navigable,7
voghera,pp_nav_00957,navigable,36
ostiglia,pp_nav_00963,navigable,14
romans,pp_nav_00936,navigable,32
chabcha,pp_nav_01168,navigable,52
chabcha,pp_nav_01176,barrier,32
xiangtan,pp_nav_01451,navigable,26
xiangtan,pp_nav_01465,navigable,4
xiangtan,pp_nav_01484,navigable,5
nebesek,pp_nav_00878,barrier,16
vyadhapura,pp_nav_01843,navigable,53
vyadhapura,pp_nav_01852,navigable,68
pontianak,pp_nav_02098,navigable,49
pontianak,pp_nav_02103,navigable,53
liucheng,pp_nav_01575,navigable,17
liucheng,pp_nav_01594,improvable,81
linz,pp_nav_00799,improvable,19
linz,pp_nav_00807,barrier,65
linz,pp_nav_00813,improvable,24
macha,pp_nav_00283,navigable,18
macha,pp_nav_00291,improvable,17
macha,pp_nav_00297,navigable,98
coyaima,pp_nav_02038,navigable,55
imangaq,pp_nav_00162,navigable,95
nichabau,pp_nav_00904,barrier,52
nichabau,pp_nav_00913,navigable,23
nichabau,pp_nav_00922,navigable,9
shwegu,pp_nav_01604,navigable,55
shwegu,pp_nav_01611,navigable,24
shwegu,pp_nav_01624,navigable,8
shwegu,pp_nav_01632,improvable,8
irakinda,pp_nav_00501,improvable,62
irakinda,pp_nav_00534,navigable,111
paxtang,pp_nav_01055,navigable,35
tuyen_quang,pp_nav_01670,navigable,38
kampong_sraka_trey,pp_nav_01847,navigable,67
kampong_sraka_trey,pp_nav_01854,navigable,9
ardatov,pp_nav_00525,navigable,8
ardatov,pp_nav_00547,navigable,51
navidakh,pp_nav_01087,navigable,7
navidakh,pp_nav_01103,navigable,82
navidakh,pp_nav_01112,navigable,31
moana_kassongo,pp_nav_02226,navigable,42
moana_kassongo,pp_nav_02241,improvable,61
moana_kassongo,pp_nav_02244,navigable,8
mawkmai,pp_nav_01706,navigable,52
mawkmai,pp_nav_01710,navigable,45
hmawbi,pp_nav_01759,navigable,19
moana_mussumba,pp_nav_02257,navigable,22
moana_mussumba,pp_nav_02270,navigable,12
ensisheim,pp_nav_00804,improvable,7
ensisheim,pp_nav_00831,improvable,10
emuer,pp_nav_00606,improvable,50
emuer,pp_nav_00609,improvable,45
emuer,pp_nav_00614,navigable,60
emuer,pp_nav_00618,navigable,24
tanah_putih,pp_nav_02077,navigable,50
rastyapino,pp_nav_00471,navigable,65
rastyapino,pp_nav_00487,navigable,47
rastyapino,pp_nav_00497,navigable,4
lanxi,pp_nav_01385,navigable,24
weithali,pp_nav_01674,navigable,31
weithali,pp_nav_01684,navigable,48
nunu,pp_nav_02144,navigable,67
nunu,pp_nav_02154,navigable,20
nunu,pp_nav_02168,navigable,22
baak,pp_nav_01739,navigable,2
baak,pp_nav_01753,navigable,26
baak,pp_nav_01754,navigable,15
baak,pp_nav_01761,navigable,20
seyat,pp_nav_00122,navigable,22
poligus,pp_nav_00207,navigable,92
poligus,pp_nav_00214,barrier,42
rouen,pp_nav_00768,improvable,17
rouen,pp_nav_00774,navigable,33
kara_shilka,pp_nav_00623,navigable,5
moosonee,pp_nav_00714,navigable,28
changning_changning,pp_nav_01429,improvable,24
licheng,pp_nav_01145,navigable,30
licheng,pp_nav_01152,navigable,8
khandyga,pp_nav_00175,navigable,52
khandyga,pp_nav_00181,navigable,85
khandyga,pp_nav_00193,improvable,5
saukiog,pp_nav_01028,navigable,13
peledui,pp_nav_00302,navigable,38
peledui,pp_nav_00308,navigable,41
banlung,pp_nav_01809,navigable,49
kolomna,pp_nav_00559,navigable,29
amersfoort,pp_nav_00678,navigable,34
amersfoort,pp_nav_00680,navigable,22
caratinga,pp_nav_02493,improvable,11
qianwei,pp_nav_01403,barrier,3
qianwei,pp_nav_01410,navigable,55
otrar,pp_nav_01005,navigable,5
otrar,pp_nav_01011,navigable,27
watang,pp_nav_01637,navigable,24
watang,pp_nav_01650,navigable,17
sekkosi,pp_nav_02413,navigable,14
sekkosi,pp_nav_02420,navigable,52
kiya,pp_nav_00311,navigable,12
kiya,pp_nav_00327,navigable,53
kiya,pp_nav_00333,navigable,44
otnabog,pp_nav_00923,navigable,48
siimitalik,pp_nav_00405,improvable,52
siimitalik,pp_nav_00428,barrier,60
tubigarao,pp_nav_01740,navigable,18
tubigarao,pp_nav_01755,navigable,46
tilsit,pp_nav_00560,navigable,25
kyr_uzkand,pp_nav_01005,navigable,3
pengshan,pp_nav_01364,improvable,29
salaspils,pp_nav_00451,navigable,61
salaspils,pp_nav_00464,navigable,24
wakmua_oin,pp_nav_00975,navigable,2
wakmua_oin,pp_nav_00990,navigable,21
wakmua_oin,pp_nav_00994,navigable,20
hatchie,pp_nav_01162,navigable,46
hatchie,pp_nav_01175,navigable,54
gaoyuan_jinan,pp_nav_01126,navigable,6
gaoyuan_jinan,pp_nav_01135,navigable,29
moona_mpanda,pp_nav_02353,navigable,83
germersheim,pp_nav_00788,navigable,8
tuol_ta_mouk,pp_nav_01847,navigable,31
tlacotlalpan,pp_nav_01726,navigable,7
sillanwali,pp_nav_01295,navigable,8
sillanwali,pp_nav_01306,navigable,48
sillanwali,pp_nav_01307,navigable,32
sena,pp_nav_02477,navigable,46
sena,pp_nav_02485,navigable,20
palampet,pp_nav_01721,navigable,49
palampet,pp_nav_01728,navigable,25
naserpur,pp_nav_01542,navigable,2
naserpur,pp_nav_01560,navigable,36
sonepur,pp_nav_01678,improvable,34
sonepur,pp_nav_01690,improvable,35
kapurthala,pp_nav_01323,navigable,11
khurda,pp_nav_01698,navigable,19
khurda,pp_nav_01702,navigable,10
dajal,pp_nav_01377,navigable,32
fatehabad,pp_nav_01323,navigable,21
tungi,pp_nav_02359,navigable,53
tungi,pp_nav_02367,navigable,45
chedzurgwe,pp_nav_02460,navigable,53
oreshek,pp_nav_00292,improvable,39
tada,pp_nav_01873,navigable,31
tada,pp_nav_01883,navigable,12
tada,pp_nav_01888,navigable,91
gambo,pp_nav_01866,navigable,6
gambo,pp_nav_01867,navigable,28
omdurman,pp_nav_01775,navigable,6
omdurman,pp_nav_01780,navigable,46
omdurman,pp_nav_01788,navigable,51
omdurman,pp_nav_01794,navigable,5
fashoda,pp_nav_01859,navigable,40
fashoda,pp_nav_01870,navigable,60
fashoda,pp_nav_01876,navigable,9
fashoda,pp_nav_01878,navigable,48
gimbi,pp_nav_01858,improvable,73
gimbi,pp_nav_01860,navigable,57
gimbi,pp_nav_01865,barrier,96
dargol,pp_nav_01799,navigable,58
dargol,pp_nav_01806,navigable,4
gaoui,pp_nav_01835,navigable,8
goudel,pp_nav_01806,navigable,6
goudel,pp_nav_01814,navigable,49
thuy_vi,pp_nav_01660,navigable,48
guzhen,pp_nav_01261,navigable,26
qayyarah,pp_nav_01158,improvable,13
qayyarah,pp_nav_01170,improvable,67
lukenie,pp_nav_02215,navigable,47
lukenie,pp_nav_02216,navigable,3
lukenie,pp_nav_02221,navigable,57
kongsvinger,pp_nav_00285,navigable,55
tboung_khmum,pp_nav_01833,navigable,43
zhanggu,pp_nav_01344,improvable,17
zhengcheng,pp_nav_01645,navigable,8
zhengcheng,pp_nav_01646,navigable,12
kunjabangarh,pp_nav_01694,navigable,34
kunjabangarh,pp_nav_01702,navigable,16
banjar,pp_nav_02166,navigable,16
yinshan,pp_nav_01050,navigable,49
yinshan,pp_nav_01052,navigable,12
yinshan,pp_nav_01053,navigable,26
strasbourg,pp_nav_00788,navigable,25
strasbourg,pp_nav_00804,improvable,18
langqu,pp_nav_01482,navigable,6
manmaw,pp_nav_01570,navigable,13
manmaw,pp_nav_01589,navigable,50
shuitejiang,pp_nav_01444,navigable,32
shuitejiang,pp_nav_01464,barrier,56
talang_mamak,pp_nav_02108,navigable,7
talang_mamak,pp_nav_02109,navigable,27
binchuan,pp_nav_01527,barrier,12
solt,pp_nav_00872,navigable,56
changshou_changshou,pp_nav_01387,improvable,12
doboj,pp_nav_00955,navigable,27
doboj,pp_nav_00958,navigable,65
doboj,pp_nav_00960,navigable,4
gaoyao,pp_nav_01642,navigable,49
gaoyao,pp_nav_01644,improvable,45
nochpeem,pp_nav_01030,navigable,36
sarahan,pp_nav_01302,barrier,23
sarahan,pp_nav_01308,barrier,63
huangmei,pp_nav_01386,navigable,23
basel,pp_nav_00831,improvable,12
basel,pp_nav_00846,improvable,38
shakhty,pp_nav_00855,improvable,25
musi_hilir,pp_nav_02160,navigable,78
yuanling,pp_nav_01434,navigable,25
yuanling,pp_nav_01442,improvable,44
miskolc,pp_nav_00833,navigable,44
nongan,pp_nav_00970,navigable,19
lengshuitan,pp_nav_01517,navigable,49
burg,pp_nav_00663,navigable,79
sagaing,pp_nav_01647,navigable,38
sagaing,pp_nav_01663,navigable,48
comacchio,pp_nav_00966,navigable,27
tangdan,pp_nav_01496,navigable,1
tangdan,pp_nav_01523,barrier,28
tombigbee,pp_nav_01282,navigable,46
tombigbee,pp_nav_01290,navigable,6
tombigbee,pp_nav_01299,navigable,94
tombigbee,pp_nav_01301,navigable,50
tombigbee,pp_nav_01316,navigable,33
uschu,pp_nav_00698,navigable,4
uschu,pp_nav_00711,navigable,96
uschu,pp_nav_00720,navigable,123
hachberg,pp_nav_00804,improvable,30
hachberg,pp_nav_00831,improvable,15
hanyang,pp_nav_01350,navigable,31
hanyang,pp_nav_01352,navigable,12
hanyang,pp_nav_01361,navigable,36
farkhor,pp_nav_01124,navigable,26
farkhor,pp_nav_01125,barrier,39
farkhor,pp_nav_01136,navigable,109
farkhor,pp_nav_01137,improvable,36
scharding,pp_nav_00799,improvable,21
scharding,pp_nav_00801,navigable,50
scharding,pp_nav_00807,barrier,11
mushikitee,pp_nav_00419,improvable,8
mushikitee,pp_nav_00437,navigable,94
mushikitee,pp_nav_00457,navigable,86
mushikitee,pp_nav_00474,navigable,96
mushikitee,pp_nav_00504,barrier,49
north_juma,pp_nav_02183,navigable,30
north_juma,pp_nav_02190,navigable,47
north_juma,pp_nav_02199,navigable,94
north_juma,pp_nav_02201,navigable,31
north_juma,pp_nav_02203,navigable,20
north_juma,pp_nav_02211,improvable,30
linxiang,pp_nav_01383,navigable,20
khoro,pp_nav_00127,navigable,66
khoro,pp_nav_00132,navigable,45
chornobyl,pp_nav_00704,navigable,36
zhangqiu,pp_nav_01145,navigable,18
menahkwesk,pp_nav_00923,navigable,12
menahkwesk,pp_nav_00937,improvable,69
wittenberge,pp_nav_00636,navigable,32
bishan,pp_nav_01382,improvable,49
bishan,pp_nav_01400,improvable,31
zhiziluo,pp_nav_01459,navigable,16
zhiziluo,pp_nav_01485,improvable,75
zhiziluo,pp_nav_01513,barrier,31
niobrara,pp_nav_01010,navigable,40
niobrara,pp_nav_01014,navigable,75
ingapu,pp_nav_01750,navigable,13
shtax_heen,pp_nav_00466,navigable,41
vakhs,pp_nav_01124,navigable,11
south_letota,pp_nav_02403,navigable,31
tutilpinco,pp_nav_01202,navigable,30
tutilpinco,pp_nav_01222,navigable,73
tutilpinco,pp_nav_01234,navigable,21
meductic,pp_nav_00903,navigable,47
opimika,pp_nav_00873,navigable,89
opimika,pp_nav_00880,improvable,19
opimika,pp_nav_00889,improvable,11
quinnipiac,pp_nav_01028,navigable,37
prayag,pp_nav_01548,navigable,20
prayag,pp_nav_01554,navigable,9
prayag,pp_nav_01561,navigable,25
prayag,pp_nav_01567,navigable,29
kitete,pp_nav_02223,navigable,17
kitete,pp_nav_02243,navigable,63
bohai,pp_nav_01126,navigable,33
bohai,pp_nav_01135,navigable,11
maubin,pp_nav_01767,navigable,59
gomsi,pp_nav_01448,navigable,18
gomsi,pp_nav_01456,navigable,81
gomsi,pp_nav_01474,navigable,18
daye,pp_nav_01368,navigable,14
gengma,pp_nav_01601,navigable,9
gengma,pp_nav_01621,navigable,47
toulnustouc,pp_nav_00738,navigable,18
toulnustouc,pp_nav_00754,navigable,86
toulnustouc,pp_nav_00772,improvable,24
prasat_thong_lang,pp_nav_01786,improvable,11
prasat_thong_lang,pp_nav_01789,navigable,36
malbork,pp_nav_00587,navigable,64
malbork,pp_nav_00598,navigable,16
bada,pp_nav_01591,navigable,5
jaggas,pp_nav_02281,navigable,38
jaggas,pp_nav_02292,improvable,74
jaggas,pp_nav_02297,improvable,36
lubile,pp_nav_02283,navigable,13
lubile,pp_nav_02286,navigable,97
lubile,pp_nav_02293,improvable,47
siyom,pp_nav_01448,navigable,21
bol_shaya_martynovka,pp_nav_00842,navigable,32
bol_shaya_martynovka,pp_nav_00848,navigable,3
bol_shaya_martynovka,pp_nav_00849,navigable,75
lom,pp_nav_00996,navigable,47
lom,pp_nav_00999,navigable,42
butalin,pp_nav_01640,navigable,10
butalin,pp_nav_01649,navigable,45
butalin,pp_nav_01655,navigable,49
butalin,pp_nav_01661,navigable,5
kippawa,pp_nav_00880,improvable,45
amazar,pp_nav_00614,navigable,8
amazar,pp_nav_00618,navigable,24
koostaaka,pp_nav_00823,navigable,11
koostaaka,pp_nav_00825,navigable,29
zhenxi_lizhou,pp_nav_01414,navigable,20
lebus,pp_nav_00651,navigable,9
bulava,pp_nav_00643,barrier,21
bulava,pp_nav_00658,navigable,67
bulava,pp_nav_00670,navigable,31
atishchevo,pp_nav_00505,navigable,21
atishchevo,pp_nav_00520,navigable,59
khampa,pp_nav_00120,navigable,18
amonokoa,pp_nav_01059,navigable,12
amonokoa,pp_nav_01064,navigable,15
voskresenskoye,pp_nav_00481,navigable,32
voskresenskoye,pp_nav_00490,navigable,5
cruz_alta,pp_nav_02562,navigable,17
cruz_alta,pp_nav_02569,improvable,77
cruz_alta,pp_nav_02570,navigable,23
miketo,pp_nav_02262,improvable,33
miketo,pp_nav_02267,improvable,50
bihariganj,pp_nav_01553,navigable,29
bihariganj,pp_nav_01563,navigable,10
qianjiang,pp_nav_01342,navigable,21
qianjiang,pp_nav_01357,navigable,3
aaboukingon,pp_nav_01113,navigable,33
aaboukingon,pp_nav_01115,navigable,6
aaboukingon,pp_nav_01116,navigable,76
chatanugi,pp_nav_01177,navigable,16
chatanugi,pp_nav_01194,navigable,67
huaining,pp_nav_01351,navigable,40
yunlong,pp_nav_01529,improvable,69
yunlong,pp_nav_01549,navigable,6
yunlong,pp_nav_01555,barrier,18
tauramena,pp_nav_02010,navigable,48
tauramena,pp_nav_02020,navigable,50
tauramena,pp_nav_02027,navigable,33
kreuznach,pp_nav_00744,improvable,15
hehe,pp_nav_01088,navigable,27
hehe,pp_nav_01105,navigable,26
petaigan,pp_nav_00610,improvable,99
petaigan,pp_nav_00627,improvable,19
kutai_lama,pp_nav_02106,navigable,81
selenge,pp_nav_00675,navigable,113
selenge,pp_nav_00686,improvable,68
otatitlan,pp_nav_01738,navigable,21
kasekete,pp_nav_02451,navigable,32
kot_addu,pp_nav_01348,navigable,48
kot_addu,pp_nav_01371,navigable,25
kot_addu,pp_nav_01377,navigable,11
chiramba,pp_nav_02465,improvable,37
chiramba,pp_nav_02470,improvable,49
matope,pp_nav_02442,barrier,81
matope,pp_nav_02457,navigable,39
mukariva,pp_nav_02437,navigable,29
mukariva,pp_nav_02450,navigable,86
mukariva,pp_nav_02451,navigable,19
jhang,pp_nav_01306,navigable,33
jhang,pp_nav_01324,navigable,8
milange,pp_nav_02464,navigable,37
kohtali,pp_nav_01252,navigable,25
athmallik,pp_nav_01690,improvable,20
athmallik,pp_nav_01694,navigable,17
bumbuzi,pp_nav_02482,barrier,38
bumbuzi,pp_nav_02486,barrier,50
bumbuzi,pp_nav_02487,barrier,27
mutota,pp_nav_02451,navigable,25
mutota,pp_nav_02452,navigable,52
kalpi,pp_nav_01524,navigable,6
kalpi,pp_nav_01539,navigable,39
cuama,pp_nav_02489,navigable,46
attock,pp_nav_01230,improvable,24
attock,pp_nav_01236,improvable,17
kpalime,pp_nav_01933,navigable,63
kpalime,pp_nav_01953,navigable,23
nnewi,pp_nav_01964,navigable,21
nnewi,pp_nav_01985,navigable,6
tabou,pp_nav_02004,navigable,46
shemkhiya,pp_nav_01713,barrier,64
shemkhiya,pp_nav_01716,barrier,79
shemkhiya,pp_nav_01717,navigable,52
shemkhiya,pp_nav_01720,barrier,59
shemkhiya,pp_nav_01725,navigable,51
shemkhiya,pp_nav_01734,barrier,20
shemkhiya,pp_nav_01744,navigable,45
shemkhiya,pp_nav_01758,navigable,4
soba,pp_nav_01780,navigable,24
soba,pp_nav_01785,navigable,47
wau,pp_nav_01885,navigable,33
katsina_ala,pp_nav_01908,navigable,30
katsina_ala,pp_nav_01920,navigable,16
katsina_ala,pp_nav_01925,navigable,95
katsina_ala,pp_nav_01934,navigable,52
fifinda,pp_nav_02041,improvable,19
fifinda,pp_nav_02048,navigable,60
goundam,pp_nav_01771,navigable,15
goundam,pp_nav_01777,navigable,19
kaba,pp_nav_01836,navigable,96
kaba,pp_nav_01844,navigable,2
libore,pp_nav_01814,navigable,27
libore,pp_nav_01825,navigable,9
namaro,pp_nav_01806,navigable,1
say,pp_nav_01814,navigable,16
say,pp_nav_01825,navigable,87
say,pp_nav_01829,navigable,48
yola,pp_nav_01874,navigable,52
yola,pp_nav_01880,navigable,45
yongping_yongchang,pp_nav_01555,barrier,35
yongping_yongchang,pp_nav_01577,improvable,14
calpista,pp_nav_01184,navigable,55
calpista,pp_nav_01202,navigable,34
muxima_ayo,pp_nav_02330,navigable,5
muxima_ayo,pp_nav_02339,barrier,23
jiangan,pp_nav_01425,improvable,8
jiangan,pp_nav_01429,improvable,28
mayen,pp_nav_00735,improvable,31
kolymskoie,pp_nav_00014,improvable,76
samarchyk,pp_nav_00802,navigable,14
samarchyk,pp_nav_00806,navigable,2
sumgut_vosh,pp_nav_00125,navigable,15
sumgut_vosh,pp_nav_00136,navigable,94
sumgut_vosh,pp_nav_00151,navigable,44
dingyuan_lingzhou,pp_nav_01068,navigable,73
dingyuan_lingzhou,pp_nav_01078,navigable,80
dingyuan_lingzhou,pp_nav_01094,navigable,9
winsen,pp_nav_00607,navigable,23
baja_hungary,pp_nav_00891,navigable,26
brahin,pp_nav_00682,navigable,27
brahin,pp_nav_00704,navigable,33
khaspur,pp_nav_01585,navigable,8
khaspur,pp_nav_01586,navigable,34
wabuk,pp_nav_00551,improvable,52
vyatskiye_polyany,pp_nav_00467,navigable,30
vyatskiye_polyany,pp_nav_00480,navigable,61
vyatskiye_polyany,pp_nav_00509,navigable,21
nanchong,pp_nav_01321,navigable,22
nanchong,pp_nav_01345,navigable,53
kale,pp_nav_01620,improvable,29
kale,pp_nav_01640,navigable,96
kale,pp_nav_01649,navigable,7
chepoussa,pp_nav_01097,navigable,3
chepoussa,pp_nav_01110,navigable,96
chepoussa,pp_nav_01118,navigable,55
chepoussa,pp_nav_01127,navigable,41
moingwena,pp_nav_01037,navigable,33
moingwena,pp_nav_01049,navigable,33
taihe_taihe,pp_nav_01481,navigable,3
taihe_taihe,pp_nav_01501,navigable,55
itabira,pp_nav_02493,improvable,6
waingmaw,pp_nav_01546,navigable,19
waingmaw,pp_nav_01550,navigable,13
waingmaw,pp_nav_01558,navigable,60
waingmaw,pp_nav_01570,navigable,1
leibo,pp_nav_01435,improvable,12
leibo,pp_nav_01447,navigable,41
leibo,pp_nav_01458,barrier,19
huayin,pp_nav_01205,navigable,4
huayin,pp_nav_01220,navigable,4
luzhang,pp_nav_01513,barrier,74
luzhang,pp_nav_01549,navigable,32
muang_thaeng,pp_nav_01687,navigable,40
belgrad,pp_nav_00962,navigable,19
belgrad,pp_nav_00974,navigable,16
belgrad,pp_nav_00979,improvable,13
cameroons,pp_nav_02031,navigable,29
cameroons,pp_nav_02041,improvable,38
dubica,pp_nav_00949,navigable,10
dubica,pp_nav_00952,navigable,6
zalon_taung,pp_nav_01588,navigable,20
bapunu,pp_nav_02174,improvable,34
naungyo,pp_nav_01767,navigable,48
enhe_hada,pp_nav_00613,navigable,4
enhe_hada,pp_nav_00618,navigable,3
huacrachuco,pp_nav_02303,navigable,4
huacrachuco,pp_nav_02312,navigable,13
bailundo,pp_nav_02356,navigable,9
bailundo,pp_nav_02361,navigable,10
mukdahan,pp_nav_01768,navigable,51
mukdahan,pp_nav_01779,navigable,22
nanxi,pp_nav_01429,improvable,18
balakovo,pp_nav_00659,navigable,23
balakovo,pp_nav_00677,navigable,42
dzingcho,pp_nav_01390,navigable,72
dzingcho,pp_nav_01422,barrier,2
vieng_phouka,pp_nav_01692,navigable,24
vieng_phouka,pp_nav_01696,improvable,33
vieng_phouka,pp_nav_01703,improvable,30
tinjar,pp_nav_02022,navigable,7
chibwe,pp_nav_01525,navigable,88
chibwe,pp_nav_01546,navigable,1
chibwe,pp_nav_01550,navigable,59
gorokhovets,pp_nav_00497,navigable,53
gorokhovets,pp_nav_00512,navigable,11
cuango,pp_nav_02219,navigable,46
cuango,pp_nav_02238,improvable,6
salcha,pp_nav_00105,improvable,116
mong_yai,pp_nav_01641,barrier,26
mong_yai,pp_nav_01654,navigable,61
luchuan_mangshi,pp_nav_01624,navigable,22
tindirma,pp_nav_01777,navigable,21
niah,pp_nav_02022,navigable,62
kyakhta,pp_nav_00701,navigable,2
golo_muiassa,pp_nav_02243,navigable,16
pachan,pp_nav_01769,improvable,59
pachan,pp_nav_01776,navigable,15
wabasca,pp_nav_00357,navigable,123
wabasca,pp_nav_00358,improvable,27
wabasca,pp_nav_00365,navigable,82
wabasca,pp_nav_00371,navigable,47
wabasca,pp_nav_00392,improvable,88
wabasca,pp_nav_00419,improvable,92
piantouguan,pp_nav_01066,navigable,17
molodo,pp_nav_00006,navigable,37
batchingou,pp_nav_02009,improvable,24
ilucan,pp_nav_02263,improvable,30
ilucan,pp_nav_02273,barrier,3
tynda,pp_nav_00600,improvable,33
namieta,pp_nav_02446,navigable,10
namieta,pp_nav_02462,navigable,42
namieta,pp_nav_02466,navigable,1
nizhny_novgorod,pp_nav_00471,navigable,33
nizhny_novgorod,pp_nav_00483,navigable,69
nizhny_novgorod,pp_nav_00487,navigable,20
ashaninka,pp_nav_02317,navigable,71
ashaninka,pp_nav_02325,navigable,93
ashaninka,pp_nav_02340,improvable,14
keta,pp_nav_01953,navigable,64
keta,pp_nav_01975,navigable,74
horoshino,pp_nav_00778,navigable,22
ouaka,pp_nav_02001,navigable,4
ouaka,pp_nav_02005,navigable,48
ouaka,pp_nav_02019,navigable,11
waawiiyaataanong,pp_nav_01021,navigable,18
baram,pp_nav_02022,navigable,13
skitsetsen,pp_nav_00728,navigable,45
skitsetsen,pp_nav_00729,improvable,47
kanna,pp_nav_01655,navigable,32
kanna,pp_nav_01661,navigable,21
lahei,pp_nav_02114,navigable,56
lahei,pp_nav_02120,navigable,2
otun,pp_nav_01991,navigable,34
eldikan,pp_nav_00259,navigable,124
eldikan,pp_nav_00274,navigable,56
laskarpur,pp_nav_01600,navigable,27
laskarpur,pp_nav_01613,navigable,13
doh_kromum,pp_nav_01816,navigable,15
doh_kromum,pp_nav_01820,improvable,37
ngoc_ma,pp_nav_01736,navigable,13
tiou,pp_nav_01243,navigable,73
chena,pp_nav_00099,navigable,38
chena,pp_nav_00100,improvable,50
cuttaway,pp_nav_01146,navigable,46
fort_simpson,pp_nav_00205,improvable,90
fort_simpson,pp_nav_00220,improvable,98
fort_simpson,pp_nav_00225,navigable,95
kibi,pp_nav_01953,navigable,32
muskingum,pp_nav_01065,barrier,39
muskingum,pp_nav_01074,improvable,66
apucarana,pp_nav_02529,improvable,48
apucarana,pp_nav_02530,navigable,47
apucarana,pp_nav_02532,navigable,46
apucarana,pp_nav_02534,navigable,23
apucarana,pp_nav_02536,improvable,68
apucarana,pp_nav_02537,navigable,81
tournon,pp_nav_00936,navigable,38
tournon,pp_nav_00969,improvable,4
mengtong,pp_nav_01601,navigable,10
mengtong,pp_nav_01621,navigable,4
naguatex,pp_nav_01241,navigable,96
naguatex,pp_nav_01257,navigable,14
guiyang_hengyang,pp_nav_01508,navigable,28
terbyas,pp_nav_00127,navigable,32
terbyas,pp_nav_00132,navigable,8
zhaushikumtobe,pp_nav_01018,navigable,10
zhaushikumtobe,pp_nav_01024,navigable,50
zhaushikumtobe,pp_nav_01032,navigable,56
chawasha,pp_nav_01395,navigable,124
gonjo,pp_nav_01318,navigable,3
gonjo,pp_nav_01330,barrier,11
lijin,pp_nav_01126,navigable,50
baurang,pp_nav_01413,navigable,36
baurang,pp_nav_01433,barrier,4
baurang,pp_nav_01438,improvable,28
wushan,pp_nav_01328,improvable,57
nahanni,pp_nav_00256,navigable,49
nahanni,pp_nav_00264,improvable,96
nahanni,pp_nav_00281,improvable,23
youyang,pp_nav_01406,improvable,10
youyang,pp_nav_01426,navigable,30
tata,pp_nav_00840,navigable,62
andawaohie,pp_nav_00882,navigable,49
pocasse,pp_nav_00907,navigable,23
pocasse,pp_nav_00928,navigable,10
utsutigway,pp_nav_01194,navigable,17
utsutigway,pp_nav_01207,navigable,32
pinoh,pp_nav_02097,navigable,19
pinoh,pp_nav_02107,improvable,31
okobojo,pp_nav_00951,navigable,44
okobojo,pp_nav_00975,navigable,6
sochaczew,pp_nav_00661,navigable,28
guarinoes,pp_nav_01996,improvable,38
balagachchy,pp_nav_00120,navigable,85
balagachchy,pp_nav_00122,navigable,34
xojeli,pp_nav_01009,navigable,9
xojeli,pp_nav_01017,navigable,67
cernavoda,pp_nav_00981,navigable,28
cernavoda,pp_nav_00991,navigable,14
rechnoye,pp_nav_00845,navigable,2
rechnoye,pp_nav_00850,navigable,34
rechnoye,pp_nav_00864,navigable,5
mussende,pp_nav_02345,navigable,12
mussende,pp_nav_02356,navigable,25
shuntaneshnanga,pp_nav_01054,navigable,20
shuntaneshnanga,pp_nav_01063,navigable,93
shuntaneshnanga,pp_nav_01070,navigable,81
shuntaneshnanga,pp_nav_01080,navigable,9
ollo,pp_nav_00606,improvable,48
pawir,pp_nav_02073,navigable,48
chupanga,pp_nav_02485,navigable,28
chupanga,pp_nav_02489,navigable,9
bargarh,pp_nav_01672,navigable,39
bargarh,pp_nav_01678,improvable,13
masulipatnam,pp_nav_01774,navigable,6
masulipatnam,pp_nav_01781,navigable,36
bunji,pp_nav_01178,barrier,88
bunji,pp_nav_01188,barrier,6
mopeia,pp_nav_02485,navigable,58
kahlur,pp_nav_01314,navigable,76
kahlur,pp_nav_01315,improvable,54
uch,pp_nav_01396,navigable,29
uch,pp_nav_01402,navigable,2
uch,pp_nav_01404,navigable,7
kandiaro,pp_nav_01476,navigable,15
kandiaro,pp_nav_01497,navigable,49
kandiaro,pp_nav_01519,navigable,4
karor_2,pp_nav_01294,navigable,19
karor_2,pp_nav_01317,navigable,39
tete,pp_nav_02447,navigable,20
tete,pp_nav_02449,improvable,47
tete,pp_nav_02459,improvable,26
hajner,pp_nav_01323,navigable,12
hajner,pp_nav_01333,navigable,28
chiniot,pp_nav_01295,navigable,43
chiniot,pp_nav_01306,navigable,16
bhadrachalam,pp_nav_01721,navigable,36
mano,pp_nav_01924,improvable,72
mano,pp_nav_01941,navigable,58
qasr_ibrim,pp_nav_01638,barrier,79
qasr_ibrim,pp_nav_01656,barrier,63
abu_hamed,pp_nav_01713,barrier,54
abu_hamed,pp_nav_01716,barrier,46
abu_hamed,pp_nav_01717,navigable,43
abu_hamed,pp_nav_01720,barrier,21
arbaji,pp_nav_01780,navigable,11
arbaji,pp_nav_01785,navigable,49
arbaji,pp_nav_01788,navigable,36
arbaji,pp_nav_01791,navigable,58
arbaji,pp_nav_01801,navigable,3
gondokoro,pp_nav_01983,navigable,37
gondokoro,pp_nav_02003,navigable,71
gondokoro,pp_nav_02029,navigable,50
gondokoro,pp_nav_02042,navigable,1
bi_pi,pp_nav_01874,navigable,33
bi_pi,pp_nav_01875,navigable,90
kabara,pp_nav_01771,navigable,52
logone_birni,pp_nav_01835,navigable,19
logone_birni,pp_nav_01840,navigable,67
nyamina,pp_nav_01812,navigable,1
nyamina,pp_nav_01818,navigable,64
xiacai,pp_nav_01263,navigable,47
xiacai,pp_nav_01272,navigable,16
baotong,pp_nav_01592,barrier,40
baotong,pp_nav_01601,navigable,63
lungkya,pp_nav_01192,barrier,21
lungkya,pp_nav_01214,navigable,44
moss,pp_nav_00303,improvable,47
moss,pp_nav_00319,navigable,27
visesav,pp_nav_00980,improvable,71
visesav,pp_nav_00984,navigable,69
visesav,pp_nav_00989,navigable,6
tutrakan,pp_nav_00992,improvable,14
tutrakan,pp_nav_00993,navigable,53
tutrakan,pp_nav_00995,navigable,10
sesheke,pp_nav_02420,navigable,33
salair,pp_nav_00568,navigable,42
salair,pp_nav_00578,navigable,64
qlispe,pp_nav_00818,navigable,82
qlispe,pp_nav_00822,improvable,62
qlispe,pp_nav_00838,improvable,25
jangipur,pp_nav_01580,navigable,41
bulbancha,pp_nav_01355,navigable,10
eseejja,pp_nav_02396,navigable,95
eseejja,pp_nav_02411,navigable,62
siegburg,pp_nav_00725,improvable,6
dongping,pp_nav_01446,improvable,72
morrinhos,pp_nav_02490,navigable,42
morrinhos,pp_nav_02491,navigable,76
churumekua,pp_nav_01727,improvable,43
churumekua,pp_nav_01729,navigable,25
churumekua,pp_nav_01732,navigable,45
bykovo,pp_nav_00746,navigable,36
bykovo,pp_nav_00760,navigable,48
bykovo,pp_nav_00780,navigable,1
paru,pp_nav_02134,navigable,40
paru,pp_nav_02142,navigable,33
arkhara,pp_nav_00776,navigable,27
arkhara,pp_nav_00787,navigable,33
arkhara,pp_nav_00792,navigable,7
bolo,pp_nav_01755,navigable,37
nanhai,pp_nav_01642,navigable,12
nanhai,pp_nav_01648,navigable,32
nanhai,pp_nav_01653,navigable,8
zakroczym,pp_nav_00661,navigable,28
thien_truong,pp_nav_01691,navigable,41
manigotagan,pp_nav_00742,navigable,26
chandrabad,pp_nav_01580,navigable,3
chandrabad,pp_nav_01599,navigable,47
marmande,pp_nav_00983,improvable,26
balyktykol,pp_nav_00723,navigable,37
balyktykol,pp_nav_00731,navigable,17
burayevo,pp_nav_00532,navigable,47
burayevo,pp_nav_00535,navigable,54
burayevo,pp_nav_00541,navigable,16
cegani,pp_nav_00981,navigable,23
cegani,pp_nav_00991,navigable,54
fehervar,pp_nav_00843,improvable,29
charquis,pp_nav_01132,navigable,17
charquis,pp_nav_01140,navigable,104
charquis,pp_nav_01142,navigable,48
charquis,pp_nav_01146,navigable,18
charquis,pp_nav_01147,navigable,65
charquis,pp_nav_01150,navigable,38
mala,pp_nav_01494,navigable,39
osterburg,pp_nav_00636,navigable,5
osterburg,pp_nav_00648,navigable,4
gichthanne,pp_nav_01107,navigable,41
gichthanne,pp_nav_01111,navigable,43
gichthanne,pp_nav_01113,navigable,68
thang_long,pp_nav_01676,navigable,7
thang_long,pp_nav_01682,navigable,75
thang_long,pp_nav_01683,navigable,56
thang_long,pp_nav_01691,navigable,22
tanjungpura,pp_nav_02133,navigable,93
huanggang,pp_nav_01350,navigable,27
huanggang,pp_nav_01358,navigable,15
ficarolo,pp_nav_00963,navigable,30
bilgram,pp_nav_01491,navigable,44
bilgram,pp_nav_01510,navigable,17
velyka_oleksandrivka,pp_nav_00856,navigable,63
kleve,pp_nav_00680,navigable,15
kukra,pp_nav_01824,navigable,16
kipahigan,pp_nav_00519,navigable,65
kipahigan,pp_nav_00536,navigable,98
kipahigan,pp_nav_00537,navigable,45
kerki,pp_nav_01112,navigable,25
kerki,pp_nav_01123,navigable,33
gunnaur,pp_nav_01441,improvable,37
gunnaur,pp_nav_01457,navigable,39
rotterdam,pp_nav_00678,navigable,6
bacs,pp_nav_00912,navigable,3
bacs,pp_nav_00932,navigable,48
bacs,pp_nav_00944,navigable,22
flix,pp_nav_01036,improvable,52
rohat_kermen,pp_nav_00856,navigable,9
rohat_kermen,pp_nav_00875,navigable,21
sayniabuli,pp_nav_01712,navigable,10
sayniabuli,pp_nav_01715,navigable,28
mangazeya,pp_nav_00029,navigable,2
jhanjharpur,pp_nav_01521,improvable,34
jhanjharpur,pp_nav_01543,navigable,7
radom,pp_nav_00683,navigable,16
kelif,pp_nav_01123,navigable,18
kelif,pp_nav_01128,navigable,96
kelif,pp_nav_01133,navigable,16
shizhu,pp_nav_01349,navigable,12
atchafalaya,pp_nav_01355,navigable,44
monghsu,pp_nav_01654,navigable,7
monghsu,pp_nav_01665,improvable,62
monghsu,pp_nav_01675,navigable,17
kaifeng,pp_nav_01199,navigable,12
kaifeng,pp_nav_01209,navigable,17
suzhou,pp_nav_01438,improvable,67
suzhou,pp_nav_01449,barrier,34
piletisipuk,pp_nav_00772,improvable,36
rongshan,pp_nav_01480,navigable,11
kaonde,pp_nav_02403,navigable,6
kaonde,pp_nav_02413,navigable,48
champasak,pp_nav_01786,improvable,50
champasak,pp_nav_01790,navigable,72
matarjawira,pp_nav_02481,navigable,5
matarjawira,pp_nav_02483,navigable,43
matarjawira,pp_nav_02484,improvable,41
timbuktu,pp_nav_01771,navigable,48
ciechanow,pp_nav_00656,navigable,5
ciechanow,pp_nav_00661,navigable,33
chiang_khong,pp_nav_01703,improvable,1
chiang_khong,pp_nav_01705,navigable,58
chiang_khong,pp_nav_01711,navigable,13
linxian,pp_nav_01114,barrier,13
chalkyitsik,pp_nav_00051,improvable,48
baden,pp_nav_00788,navigable,27
kiwigapawa,pp_nav_00998,navigable,31
kiwigapawa,pp_nav_01006,navigable,13
yarensk,pp_nav_00204,navigable,99
yarensk,pp_nav_00219,improvable,42
mackenzie,pp_nav_00057,navigable,37
bankutu,pp_nav_02203,navigable,59
bankutu,pp_nav_02210,navigable,68
tirkong,pp_nav_01392,barrier,7
tirkong,pp_nav_01416,barrier,93
tirkong,pp_nav_01431,navigable,8
lahontan,pp_nav_00978,navigable,42
harsova,pp_nav_00954,navigable,20
harsova,pp_nav_00981,navigable,46
trogstad,pp_nav_00285,navigable,8
trogstad,pp_nav_00303,improvable,43
erachimo,pp_nav_00053,navigable,18
erachimo,pp_nav_00060,navigable,41
erachimo,pp_nav_00062,improvable,98
erachimo,pp_nav_00063,navigable,67
erachimo,pp_nav_00068,improvable,37
erachimo,pp_nav_00071,navigable,3
nemptu,pp_nav_00770,navigable,43
nemptu,pp_nav_00784,navigable,98
nemptu,pp_nav_00795,navigable,16
mamadysh,pp_nav_00509,navigable,41
mamadysh,pp_nav_00527,navigable,26
mamadysh,pp_nav_00540,navigable,22
longyou_jiading,pp_nav_01391,improvable,73
longyou_jiading,pp_nav_01403,barrier,59
longyou_jiading,pp_nav_01410,navigable,8
mongmit,pp_nav_01618,navigable,19
mongmit,pp_nav_01632,improvable,5
biswan,pp_nav_01472,navigable,43
sabac,pp_nav_00968,navigable,62
sabac,pp_nav_00979,improvable,7
buchu,pp_nav_01389,navigable,11
buchu,pp_nav_01405,navigable,91
buchu,pp_nav_01418,improvable,61
titel,pp_nav_00938,navigable,35
katibas,pp_nav_02072,navigable,38
katibas,pp_nav_02075,navigable,22
akilonda,pp_nav_02262,improvable,13
akilonda,pp_nav_02267,improvable,45
dhubri,pp_nav_01535,navigable,28
dhubri,pp_nav_01545,navigable,29
braila,pp_nav_00945,navigable,24
braila,pp_nav_00954,navigable,13
ranibas,pp_nav_01502,improvable,2
sernur,pp_nav_00420,improvable,9
sernur,pp_nav_00431,navigable,30
guaitaka,pp_nav_02522,navigable,87
lucheng,pp_nav_01581,navigable,21
lucheng,pp_nav_01584,barrier,23
rajnagar,pp_nav_01585,navigable,42
rajnagar,pp_nav_01595,navigable,4
khuzhupai,pp_nav_01635,navigable,2
isaccea,pp_nav_00945,navigable,54
isaccea,pp_nav_00950,navigable,40
chipisipi,pp_nav_00482,navigable,1
chipisipi,pp_nav_00510,barrier,93
chipisipi,pp_nav_00531,barrier,91
manatara,pp_nav_00863,navigable,18
thu_vat,pp_nav_01667,improvable,46
xuanhua,pp_nav_01410,navigable,30
xuanhua,pp_nav_01428,navigable,24
xunhe,pp_nav_00763,navigable,25
durgyeling,pp_nav_01344,improvable,19
mpueto,pp_nav_02298,improvable,1
thaungdut,pp_nav_01588,navigable,52
thaungdut,pp_nav_01605,improvable,70
thaungdut,pp_nav_01620,improvable,35
htigyaing,pp_nav_01611,navigable,30
htigyaing,pp_nav_01626,navigable,18
hucha_hudan,pp_nav_00165,navigable,77
hucha_hudan,pp_nav_00170,navigable,94
hucha_hudan,pp_nav_00174,improvable,14
sao_jose_preto,pp_nav_02507,improvable,12
sao_jose_preto,pp_nav_02515,navigable,59
sao_jose_preto,pp_nav_02517,navigable,87
sao_jose_preto,pp_nav_02519,navigable,18
seymchan,pp_nav_00161,improvable,26
seymchan,pp_nav_00173,improvable,87
seymchan,pp_nav_00177,navigable,34
seymchan,pp_nav_00179,improvable,97
nuoluo,pp_nav_00859,navigable,15
nuoluo,pp_nav_00879,navigable,42
huaihua,pp_nav_01463,improvable,34
huaihua,pp_nav_01483,navigable,5
kakisa,pp_nav_00221,navigable,96
kakisa,pp_nav_00226,navigable,68
kakisa,pp_nav_00231,navigable,53
unjegah,pp_nav_00498,improvable,4
unjegah,pp_nav_00502,navigable,33
unjegah,pp_nav_00503,navigable,47
atiya,pp_nav_01587,navigable,39
atiya,pp_nav_01607,navigable,2
missicabi,pp_nav_00717,barrier,14
arkhan,pp_nav_01124,navigable,3
arkhan,pp_nav_01136,navigable,62
arkhan,pp_nav_01137,improvable,7
machang,pp_nav_01582,improvable,8
machang,pp_nav_01591,navigable,40
malykovka,pp_nav_00659,navigable,3
malykovka,pp_nav_00677,navigable,81
malykovka,pp_nav_00681,navigable,1
chalin,pp_nav_00899,navigable,51
chalin,pp_nav_00919,navigable,20
chalin,pp_nav_00921,navigable,1
freienwalde,pp_nav_00635,navigable,20
freienwalde,pp_nav_00651,navigable,16
jujin,pp_nav_01467,improvable,27
jujin,pp_nav_01490,navigable,36
bongor,pp_nav_01877,navigable,9
arauca,pp_nav_01946,navigable,38
arauca,pp_nav_01949,navigable,59
arauca,pp_nav_01950,navigable,45
arauca,pp_nav_01970,navigable,28
arauca,pp_nav_01971,navigable,38
kuripan,pp_nav_02149,navigable,55
kuripan,pp_nav_02155,navigable,114
kuripan,pp_nav_02166,navigable,75
chaudandi,pp_nav_01502,improvable,34
chaudandi,pp_nav_01521,improvable,19
phnom_penh,pp_nav_01837,navigable,31
phnom_penh,pp_nav_01843,navigable,24
yongshan,pp_nav_01435,improvable,2
yongshan,pp_nav_01447,navigable,44
yongshan,pp_nav_01458,barrier,50
tczew,pp_nav_00587,navigable,14
ilan_hala,pp_nav_00899,navigable,68
ilan_hala,pp_nav_00919,navigable,70
ilan_hala,pp_nav_00921,navigable,37
luchow,pp_nav_00636,navigable,19
pavlovo,pp_nav_00497,navigable,10
muse,pp_nav_01614,navigable,50
muse,pp_nav_01627,navigable,62
muse,pp_nav_01641,barrier,6
grant_creek,pp_nav_00082,navigable,4
grant_creek,pp_nav_00084,navigable,97
grant_creek,pp_nav_00086,barrier,41
grant_creek,pp_nav_00087,navigable,29
sampheak_borak,pp_nav_01817,navigable,33
sampheak_borak,pp_nav_01827,navigable,3
tensas,pp_nav_01270,navigable,20
tensas,pp_nav_01287,navigable,30
tensas,pp_nav_01291,navigable,41
tensas,pp_nav_01298,navigable,19
mayya,pp_nav_00196,navigable,11
kaskinampo,pp_nav_01146,navigable,26
kaskinampo,pp_nav_01150,navigable,60
kaskinampo,pp_nav_01156,navigable,10
kaskinampo,pp_nav_01163,navigable,95
danubyu,pp_nav_01759,navigable,29
danubyu,pp_nav_01767,navigable,14
pasho,pp_nav_01337,barrier,42
pasho,pp_nav_01359,barrier,66
krivoshchekovo,pp_nav_00542,navigable,4
krivoshchekovo,pp_nav_00566,navigable,45
krivoshchekovo,pp_nav_00579,navigable,48
krivoshchekovo,pp_nav_00586,navigable,45
nyangu,pp_nav_02442,barrier,16
makanpur,pp_nav_01491,navigable,23
makanpur,pp_nav_01510,navigable,40
makanpur,pp_nav_01524,navigable,28
makanpur,pp_nav_01539,navigable,17
barasuru,pp_nav_01721,navigable,19
barasuru,pp_nav_01728,navigable,1
omerkot,pp_nav_01423,navigable,38
omerkot,pp_nav_01436,navigable,27
muhammad_tur,pp_nav_01583,navigable,28
muhammad_tur,pp_nav_01598,navigable,46
karur_punjab,pp_nav_01381,navigable,15
karur_punjab,pp_nav_01394,navigable,42
sargadwari,pp_nav_01457,navigable,48
sargadwari,pp_nav_01470,navigable,48
zumbo,pp_nav_02437,navigable,41
zumbo,pp_nav_02451,navigable,52
zumbo,pp_nav_02452,navigable,59
arrah,pp_nav_01541,navigable,12
arrah,pp_nav_01551,navigable,25
kwararafa,pp_nav_01891,navigable,3
kwararafa,pp_nav_01901,navigable,7
nounkonkan,pp_nav_01844,navigable,5
ugbo,pp_nav_01972,navigable,17
kosa,pp_nav_01803,navigable,31
kosa,pp_nav_01813,navigable,48
kosa,pp_nav_01822,navigable,44
kosa,pp_nav_01830,navigable,13
kaka,pp_nav_01830,navigable,35
kaka,pp_nav_01841,navigable,49
kaka,pp_nav_01850,navigable,48
kaka,pp_nav_01859,navigable,7
daw_sud,pp_nav_01656,barrier,33
daw_sud,pp_nav_01659,barrier,59
atbara,pp_nav_01744,navigable,21
branko,pp_nav_01785,navigable,1
branko,pp_nav_01791,navigable,51
dia,pp_nav_01798,navigable,62
dia,pp_nav_01804,navigable,43
doba,pp_nav_01877,navigable,59
goundi,pp_nav_01864,navigable,23
goundi,pp_nav_01872,navigable,43
basti,pp_nav_01505,navigable,39
basti,pp_nav_01518,navigable,11
lolo,pp_nav_02116,improvable,46
lolo,pp_nav_02127,navigable,30
ozanna,pp_nav_00289,navigable,96
ozanna,pp_nav_00293,improvable,35
ozanna,pp_nav_00295,barrier,98
ozanna,pp_nav_00305,improvable,21
wujiang_yingtian,pp_nav_01297,navigable,14
zimnicea,pp_nav_00995,navigable,10
zimnicea,pp_nav_01000,navigable,28
zimnicea,pp_nav_01002,navigable,23
guichi,pp_nav_01325,navigable,26
guichi,pp_nav_01351,navigable,33
xiaoshan,pp_nav_01370,improvable,23
woking,pp_nav_00697,improvable,4
woking,pp_nav_00700,improvable,11
riga,pp_nav_00451,navigable,13
kraho,pp_nav_02304,navigable,30
kraho,pp_nav_02315,navigable,49
hum,pp_nav_02600,navigable,61
hum,pp_nav_02601,navigable,86
hum,pp_nav_02602,navigable,17
uele_ca,pp_nav_02013,improvable,50
uele_ca,pp_nav_02039,navigable,56
uele_ca,pp_nav_02040,navigable,30
uele_ca,pp_nav_02043,improvable,47
uele_ca,pp_nav_02044,navigable,31
uele_ca,pp_nav_02046,improvable,59
uele_ca,pp_nav_02053,improvable,70
gigen,pp_nav_01000,navigable,8
gigen,pp_nav_01001,navigable,63
barnaul,pp_nav_00601,navigable,32
barnaul,pp_nav_00611,navigable,50
barnaul,pp_nav_00616,navigable,20
barnaul,pp_nav_00617,navigable,22
moira,pp_nav_02398,navigable,9
siriono,pp_nav_02405,navigable,3
siriono,pp_nav_02407,navigable,59
siriono,pp_nav_02416,navigable,84
lower_aktanyshbash,pp_nav_00514,navigable,48
lower_aktanyshbash,pp_nav_00521,navigable,38
selpils,pp_nav_00469,navigable,57
ferrette,pp_nav_00831,improvable,11
cabinda_kongo,pp_nav_02264,navigable,23
guizhou_xunzhou,pp_nav_01637,navigable,26
guizhou_xunzhou,pp_nav_01650,navigable,15
meshchersk,pp_nav_00487,navigable,76
meshchersk,pp_nav_00497,navigable,46
raznezhye,pp_nav_00490,navigable,93
raznezhye,pp_nav_00500,improvable,57
raznezhye,pp_nav_00506,navigable,5
bungu_kongo,pp_nav_02255,barrier,43
bungu_kongo,pp_nav_02264,navigable,48
yumba,pp_nav_02202,navigable,7
yumba,pp_nav_02217,navigable,32
malinithan,pp_nav_01474,navigable,36
malinithan,pp_nav_01486,navigable,4
mattawana,pp_nav_01044,navigable,9
martaban,pp_nav_01760,navigable,34
korenevo,pp_nav_00436,navigable,32
korenevo,pp_nav_00447,navigable,8
hedong,pp_nav_01205,navigable,36
angermunde,pp_nav_00635,navigable,34
starodub_votsky,pp_nav_00497,navigable,4
starodub_votsky,pp_nav_00512,navigable,87
starodub_votsky,pp_nav_00525,navigable,4
boowe,pp_nav_02099,improvable,15
boowe,pp_nav_02101,navigable,33
tinnaya,pp_nav_00272,improvable,82
tinnaya,pp_nav_00283,navigable,10
jiangjin,pp_nav_01400,improvable,57
jiangjin,pp_nav_01421,improvable,33
yanchang,pp_nav_01148,improvable,27
yanchang,pp_nav_01159,improvable,4
nam_xuang,pp_nav_01687,navigable,13
nam_xuang,pp_nav_01700,barrier,50
dibang,pp_nav_01437,improvable,71
voznesenskoye,pp_nav_00200,navigable,17
ruicheng,pp_nav_01205,navigable,3
ruicheng,pp_nav_01212,navigable,7
ruicheng,pp_nav_01220,navigable,59
guiratinga,pp_nav_02445,navigable,6
kwerba,pp_nav_02156,navigable,50
futian,pp_nav_01481,navigable,4
mengjin,pp_nav_01206,improvable,2
tywhapita,pp_nav_01107,navigable,26
tywhapita,pp_nav_01111,navigable,78
tywhapita,pp_nav_01113,navigable,29
nipissu,pp_nav_00626,navigable,10
nipissu,pp_nav_00633,improvable,96
nipissu,pp_nav_00634,navigable,44
nipissu,pp_nav_00645,improvable,60
kwilu,pp_nav_02174,improvable,42
akwe,pp_nav_02315,navigable,34
akwe,pp_nav_02327,navigable,64
akwe,pp_nav_02329,navigable,56
shanxian,pp_nav_01212,navigable,37
nong_khay,pp_nav_01737,navigable,2
nong_khay,pp_nav_01749,navigable,60
riverie,pp_nav_00920,improvable,8
riverie,pp_nav_00936,navigable,16
bira,pp_nav_00817,navigable,32
bira,pp_nav_00826,navigable,1
shangjin,pp_nav_01262,barrier,21
shangjin,pp_nav_01265,navigable,5
kakenje,pp_nav_02430,navigable,24
kakenje,pp_nav_02436,navigable,21
atacames,pp_nav_02084,navigable,104
klewi,pp_nav_00253,navigable,5
klewi,pp_nav_00267,navigable,85
klewi,pp_nav_00278,navigable,86
klewi,pp_nav_00287,navigable,87
dongchuan,pp_nav_01496,navigable,9
panatahuas,pp_nav_02340,improvable,9
novgorod,pp_nav_00345,navigable,9
lingwu,pp_nav_01108,improvable,58
hoilkut,pp_nav_01034,barrier,3
kamassekuakamat,pp_nav_00624,improvable,63
karang_brahi,pp_nav_02145,navigable,39
loei,pp_nav_01747,navigable,8
qubodijon,pp_nav_01124,navigable,65
muang_khemarat,pp_nav_01779,navigable,21
muang_khemarat,pp_nav_01784,navigable,47
muang_khemarat,pp_nav_01786,improvable,41
muang_khemarat,pp_nav_01789,navigable,26
kath,pp_nav_01022,navigable,72
kath,pp_nav_01025,navigable,84
kath,pp_nav_01031,navigable,34
ayays,pp_nav_01211,navigable,12
ayays,pp_nav_01226,navigable,96
ayays,pp_nav_01234,navigable,9
kamyshin,pp_nav_00732,navigable,53
kamyshin,pp_nav_00746,navigable,46
khamyab,pp_nav_01123,navigable,10
khamyab,pp_nav_01128,navigable,50
khamyab,pp_nav_01133,navigable,9
boduna,pp_nav_00931,navigable,46
boduna,pp_nav_00935,navigable,42
boduna,pp_nav_00940,navigable,78
boduna,pp_nav_00948,navigable,96
boduna,pp_nav_00970,navigable,85
taizhou_jurchen,pp_nav_00877,navigable,43
taizhou_jurchen,pp_nav_00895,navigable,4
pema,pp_nav_01359,barrier,38
pema,pp_nav_01378,improvable,42
wachilmezi,pp_nav_00882,navigable,29
hkamti,pp_nav_01526,navigable,62
hkamti,pp_nav_01544,navigable,9
stezyca,pp_nav_00683,navigable,38
machecoul,pp_nav_00865,navigable,47
silat,pp_nav_02090,navigable,34
muktagacha,pp_nav_01565,navigable,56
muktagacha,pp_nav_01587,navigable,13
ynakhsyt,pp_nav_00137,navigable,35
ynakhsyt,pp_nav_00148,improvable,38
sutkent,pp_nav_01018,navigable,1
sutkent,pp_nav_01024,navigable,57
sutkent,pp_nav_01032,navigable,57
apoquitaua,pp_nav_02173,navigable,18
apoquitaua,pp_nav_02187,navigable,97
apoquitaua,pp_nav_02205,navigable,23
hulin,pp_nav_00879,navigable,34
hulin,pp_nav_00900,navigable,102
kori_bara_karaa_ancas,pp_nav_02473,navigable,40
kori_bara_karaa_ancas,pp_nav_02478,improvable,5
kawliya,pp_nav_01730,navigable,26
kawliya,pp_nav_01752,navigable,37
czersk,pp_nav_00664,navigable,43
czersk,pp_nav_00683,navigable,42
wando,pp_nav_01244,navigable,33
weiyuan,pp_nav_01621,navigable,5
guastalla,pp_nav_00961,navigable,30
guastalla,pp_nav_00963,navigable,16
lubefu,pp_nav_02216,navigable,45
lubefu,pp_nav_02231,improvable,22
ayo_ayo,pp_nav_02478,improvable,23
maping,pp_nav_01594,improvable,22
maping,pp_nav_01606,improvable,27
yor,pp_nav_00695,navigable,58
yor,pp_nav_00709,navigable,70
yor,pp_nav_00719,navigable,21
nyzvar,pp_nav_01017,navigable,7
nyzvar,pp_nav_01022,navigable,44
lyuban,pp_nav_00310,navigable,63
zhongli,pp_nav_01254,navigable,25
zhongli,pp_nav_01261,navigable,16
zhongli,pp_nav_01263,navigable,26
griesbach,pp_nav_00801,navigable,44
griesbach,pp_nav_00814,improvable,44
dymer,pp_nav_00704,navigable,5
dymer,pp_nav_00718,navigable,27
pegu,pp_nav_01752,navigable,22
shiqian,pp_nav_01464,barrier,19
shiqian,pp_nav_01480,navigable,4
tangkya,pp_nav_01318,navigable,11
mengli,pp_nav_01596,navigable,27
lumphat,pp_nav_01815,navigable,86
lumphat,pp_nav_01816,navigable,58
lumphat,pp_nav_01820,improvable,9
bolghar,pp_nav_00544,navigable,53
bolghar,pp_nav_00549,navigable,78
bolghar,pp_nav_00562,navigable,47
jonang,pp_nav_01407,improvable,64
myshuryn_rih,pp_nav_00786,navigable,3
myshuryn_rih,pp_nav_00789,navigable,39
myshuryn_rih,pp_nav_00794,navigable,29
mbewe,pp_nav_02457,navigable,58
mbewe,pp_nav_02464,navigable,19
giurgiu,pp_nav_00995,navigable,66
huolin,pp_nav_00935,navigable,28
casalmaggiore,pp_nav_00961,navigable,8
tanabi,pp_nav_02499,navigable,15
tanabi,pp_nav_02502,navigable,62
tanabi,pp_nav_02503,navigable,6
tanabi,pp_nav_02509,navigable,70
tanabi,pp_nav_02514,navigable,59
tanabi,pp_nav_02515,navigable,29
lensk,pp_nav_00258,navigable,3
lensk,pp_nav_00262,navigable,79
lensk,pp_nav_00276,navigable,47
kyakhtinskii,pp_nav_00370,barrier,92
kyakhtinskii,pp_nav_00389,navigable,100
kyakhtinskii,pp_nav_00396,navigable,98
kyakhtinskii,pp_nav_00400,navigable,107
htamanthi,pp_nav_01569,improvable,96
htamanthi,pp_nav_01588,navigable,22
luneburg,pp_nav_00607,navigable,8
luneburg,pp_nav_00622,navigable,12
yusha,pp_nav_01352,navigable,7
yusha,pp_nav_01357,navigable,47
jauregui,pp_nav_01881,navigable,48
rashid,pp_nav_01311,navigable,17
giza,pp_nav_01365,navigable,30
giza,pp_nav_01380,navigable,32
fenoarivo_east,pp_nav_02475,improvable,65
antetikala,pp_nav_02456,navigable,14
shangyuan,pp_nav_01297,navigable,2
boli,pp_nav_00795,navigable,82
boli,pp_nav_00797,navigable,64
boli,pp_nav_00803,navigable,94
boli,pp_nav_00812,navigable,37
boli,pp_nav_00815,navigable,82
boli,pp_nav_00835,navigable,3
achan,pp_nav_00756,navigable,99
achan,pp_nav_00770,navigable,52
mikkwa,pp_nav_00330,improvable,90
mikkwa,pp_nav_00339,navigable,93
mikkwa,pp_nav_00346,navigable,96
mikkwa,pp_nav_00358,improvable,56
maskwa,pp_nav_00742,navigable,69
maskwa,pp_nav_00743,improvable,81
aizkraukle,pp_nav_00464,navigable,66
aizkraukle,pp_nav_00469,navigable,18
chilia,pp_nav_00943,navigable,32
jingling,pp_nav_01342,navigable,31
jingling,pp_nav_01357,navigable,41
dannenberg,pp_nav_00622,navigable,86
dannenberg,pp_nav_00636,navigable,14
tonle_kong,pp_nav_01796,navigable,51
tonle_kong,pp_nav_01802,navigable,42
bagayevskaya,pp_nav_00855,improvable,43
yemetsk,pp_nav_00149,navigable,38
luapula,pp_nav_02283,navigable,2
luapula,pp_nav_02286,navigable,38
luapula,pp_nav_02291,navigable,33
luapula,pp_nav_02293,improvable,31
naxi,pp_nav_01425,improvable,16
yongchuan,pp_nav_01421,improvable,44
tarascon,pp_nav_00988,improvable,13
muchuan,pp_nav_01403,barrier,12
muchuan,pp_nav_01410,navigable,8
jiangling,pp_nav_01363,navigable,48
jiangling,pp_nav_01375,navigable,26
onimgohow,pp_nav_01065,barrier,17
onimgohow,pp_nav_01074,improvable,51
onimgohow,pp_nav_01082,navigable,4
chojna,pp_nav_00635,navigable,38
chojna,pp_nav_00651,navigable,44
yamachiche,pp_nav_00878,barrier,34
iguape,pp_nav_02545,navigable,21
swiecie,pp_nav_00598,navigable,11
swiecie,pp_nav_00619,navigable,32
ust_medveditskaya,pp_nav_00765,navigable,74
zhaohua,pp_nav_01286,improvable,44
kafaila,pp_nav_02363,navigable,29
yurimagua,pp_nav_02268,navigable,48
yurimagua,pp_nav_02274,navigable,14
vilyuy,pp_nav_00127,navigable,22
amyint,pp_nav_01661,navigable,57
amyint,pp_nav_01663,navigable,3
amyint,pp_nav_01669,navigable,48
srok_khleang,pp_nav_01861,navigable,11
srok_khleang,pp_nav_01869,navigable,27
saleesh,pp_nav_00838,improvable,74
kele,pp_nav_00139,navigable,49
kele,pp_nav_00145,navigable,35
kele,pp_nav_00146,navigable,54
witym,pp_nav_00308,navigable,38
witym,pp_nav_00317,navigable,96
witym,pp_nav_00334,navigable,104
shishou,pp_nav_01375,navigable,37
shishou,pp_nav_01388,navigable,21
negoot,pp_nav_00884,improvable,15
dinkot,pp_nav_01246,navigable,10
dinkot,pp_nav_01260,navigable,38
dinkot,pp_nav_01280,navigable,26
vijayapur,pp_nav_01502,improvable,38
nkee_us,pp_nav_00857,barrier,32
koasati,pp_nav_01216,navigable,20
koasati,pp_nav_01218,navigable,52
koasati,pp_nav_01223,improvable,46
khosheutovo,pp_nav_00876,navigable,85
khosheutovo,pp_nav_00894,navigable,18
chucalissa,pp_nav_01175,navigable,2
chucalissa,pp_nav_01189,navigable,20
chucalissa,pp_nav_01203,navigable,19
sanshui,pp_nav_01628,navigable,30
sanshui,pp_nav_01642,navigable,19
moapa,pp_nav_01167,navigable,76
lopburi,pp_nav_01795,navigable,56
lingling,pp_nav_01517,navigable,6
santo_antonio,pp_nav_02549,navigable,59
santo_antonio,pp_nav_02550,improvable,17
santo_antonio,pp_nav_02551,navigable,12
tayaccasa,pp_nav_02389,improvable,63
sungai_jujuhan,pp_nav_02128,navigable,78
ekwentondie,pp_nav_00878,barrier,11
bruck_leitha,pp_nav_00824,improvable,5
illecillewaet,pp_nav_00730,navigable,3
byuteydyakh,pp_nav_00132,navigable,55
byuteydyakh,pp_nav_00134,navigable,96
byuteydyakh,pp_nav_00137,navigable,6
dzogon,pp_nav_01372,navigable,4
blackwater,pp_nav_00107,navigable,54
blackwater,pp_nav_00118,improvable,123
nedong,pp_nav_01412,navigable,17
nedong,pp_nav_01415,improvable,17
porte,pp_nav_02493,improvable,17
lukulunga,pp_nav_02223,navigable,27
donglan,pp_nav_01576,navigable,9
donglan,pp_nav_01593,navigable,92
jalalabad,pp_nav_01224,improvable,43
jalalabad,pp_nav_01228,improvable,5
pouss,pp_nav_01840,navigable,29
pouss,pp_nav_01849,navigable,71
isakhel,pp_nav_01246,navigable,10
isakhel,pp_nav_01260,navigable,41
bhadrak,pp_nav_01695,navigable,33
sarangarh,pp_nav_01672,navigable,27
chamo,pp_nav_02464,navigable,41
chamo,pp_nav_02471,navigable,98
chamo,pp_nav_02477,navigable,62
chamo,pp_nav_02485,navigable,8
shahpur,pp_nav_01279,navigable,18
rath,pp_nav_01547,navigable,26
rasyal,pp_nav_01250,navigable,17
rasyal,pp_nav_01256,improvable,7
chishtian,pp_nav_01353,navigable,21
chishtian,pp_nav_01366,navigable,43
mankera,pp_nav_01307,navigable,30
mankera,pp_nav_01324,navigable,7
angul,pp_nav_01694,navigable,13
chunar,pp_nav_01557,navigable,16
chunar,pp_nav_01559,navigable,50
chunar,pp_nav_01574,navigable,16
mesurado,pp_nav_01945,navigable,79
mesurado,pp_nav_01955,improvable,71
hala,pp_nav_01542,navigable,42
ugbodu,pp_nav_01954,navigable,7
ugbodu,pp_nav_01964,navigable,53
warri,pp_nav_01985,navigable,21
warri,pp_nav_02000,navigable,59
waylula,pp_nav_01794,navigable,44
waylula,pp_nav_01803,navigable,18
faras,pp_nav_01659,barrier,37
faras,pp_nav_01666,barrier,98
faras,pp_nav_01677,barrier,27
rovaniemi,pp_nav_00046,improvable,18
rovaniemi,pp_nav_00052,navigable,96
rovaniemi,pp_nav_00061,improvable,57
el_eleila,pp_nav_01791,navigable,13
el_eleila,pp_nav_01801,navigable,5
koulikoro,pp_nav_01818,navigable,29
koulikoro,pp_nav_01823,improvable,67
segou,pp_nav_01808,navigable,5
segou,pp_nav_01812,navigable,99
segou,pp_nav_01818,navigable,4
tounouga,pp_nav_01834,navigable,11
tounouga,pp_nav_01839,navigable,97
tounouga,pp_nav_01845,navigable,18
puyang,pp_nav_01183,navigable,47
oohl,pp_nav_01034,barrier,55
cumaribo,pp_nav_01988,navigable,58
cumaribo,pp_nav_01993,navigable,8
cumaribo,pp_nav_01997,navigable,37
cumaribo,pp_nav_02017,navigable,47
cumaribo,pp_nav_02026,navigable,94
cumaribo,pp_nav_02032,navigable,39
hamar,pp_nav_00285,navigable,35
bumbuli,pp_nav_02215,navigable,39
bumbuli,pp_nav_02216,navigable,50
bumbuli,pp_nav_02231,improvable,19
rangpur_bengal,pp_nav_01545,navigable,18
rangpur_bengal,pp_nav_01565,navigable,13
thoulakhom,pp_nav_01735,navigable,10
thoulakhom,pp_nav_01737,navigable,20
hutton,pp_nav_00588,improvable,12
shadodkot,pp_nav_01476,navigable,46
kabachischi,pp_nav_00505,navigable,49
kabachischi,pp_nav_00520,navigable,10
lodose,pp_nav_00383,improvable,27
khanda,pp_nav_00206,navigable,74
khanda,pp_nav_00215,navigable,95
moneton,pp_nav_01096,improvable,1
skardu,pp_nav_01178,barrier,3
skardu,pp_nav_01185,barrier,95
skardu,pp_nav_01198,barrier,57
tulita,pp_nav_00096,navigable,2
tulita,pp_nav_00104,navigable,56
tulita,pp_nav_00107,navigable,41
kalassa,pp_nav_02353,navigable,12
kalassa,pp_nav_02363,navigable,50
nytva,pp_nav_00356,navigable,12
nytva,pp_nav_00377,navigable,84
nytva,pp_nav_00382,navigable,84
nytva,pp_nav_00397,navigable,45
yakesa,pp_nav_00606,improvable,8
yakesa,pp_nav_00609,improvable,49
yakesa,pp_nav_00625,navigable,47
yakesa,pp_nav_00632,improvable,53
yakesa,pp_nav_00640,navigable,56
yakesa,pp_nav_00650,navigable,27
curuai,pp_nav_02150,navigable,67
curuai,pp_nav_02159,navigable,67
bengmara,pp_nav_01456,navigable,15
bengmara,pp_nav_01461,navigable,22
bengmara,pp_nav_01474,navigable,16
jinkang,pp_nav_01644,improvable,26
hulu_mahakam,pp_nav_02085,navigable,90
hulu_mahakam,pp_nav_02091,improvable,51
n_pooh_le,pp_nav_00800,navigable,26
n_pooh_le,pp_nav_00821,improvable,96
n_pooh_le,pp_nav_00830,navigable,40
n_pooh_le,pp_nav_00832,improvable,85
yongning_baisheng,pp_nav_01468,navigable,24
yongning_baisheng,pp_nav_01482,navigable,28
mbanza_soyo,pp_nav_02264,navigable,20
xindi,pp_nav_01361,navigable,27
xindi,pp_nav_01374,navigable,55
xindi,pp_nav_01383,navigable,33
aklaviq,pp_nav_00020,navigable,55
calafat,pp_nav_00989,navigable,19
calafat,pp_nav_00996,navigable,39
kinhama,pp_nav_02436,navigable,12
kletskaya,pp_nav_00765,navigable,9
kletskaya,pp_nav_00775,navigable,20
pecatonica,pp_nav_01026,navigable,15
parepona,pp_nav_01951,navigable,128
ocanga,pp_nav_02238,improvable,23
zadian,pp_nav_01133,navigable,41
zadian,pp_nav_01138,navigable,5
indrapura_khmer,pp_nav_01833,navigable,24
indrapura_khmer,pp_nav_01837,navigable,37
indrapura_khmer,pp_nav_01838,navigable,30
igushiq,pp_nav_00328,navigable,11
wuxian_liuzhou,pp_nav_01606,improvable,5
wuxian_liuzhou,pp_nav_01619,navigable,34
wuxian_liuzhou,pp_nav_01630,navigable,34
buda,pp_nav_00836,improvable,18
buda,pp_nav_00843,improvable,22
canindeyu,pp_nav_02538,navigable,8
canindeyu,pp_nav_02541,navigable,44
canindeyu,pp_nav_02543,navigable,41
kamla,pp_nav_01455,navigable,35
nazym,pp_nav_00178,navigable,30
nazym,pp_nav_00187,navigable,59
nazym,pp_nav_00189,improvable,66
yemelyanovo,pp_nav_00440,improvable,16
yemelyanovo,pp_nav_00462,navigable,49
yemelyanovo,pp_nav_00478,navigable,49
yemelyanovo,pp_nav_00508,navigable,48
yemelyanovo,pp_nav_00515,navigable,52
inzia,pp_nav_02234,improvable,29
inzia,pp_nav_02246,navigable,50
gongxian,pp_nav_01208,navigable,6
ayo,pp_nav_02339,barrier,33
esztergom,pp_nav_00836,improvable,36
esztergom,pp_nav_00840,navigable,29
urua,pp_nav_02293,improvable,35
urua,pp_nav_02298,improvable,80
jomda,pp_nav_01318,navigable,18
llenllenet_ten,pp_nav_00671,improvable,30
llenllenet_ten,pp_nav_00691,navigable,22
loengowe,pp_nav_02436,navigable,18
loengowe,pp_nav_02446,navigable,36
sarapul,pp_nav_00461,navigable,35
sarapul,pp_nav_00495,navigable,46
sarapul,pp_nav_00514,navigable,30
sarapul,pp_nav_00516,navigable,26
hazarasp,pp_nav_01031,navigable,61
bikoro,pp_nav_02177,navigable,26
bikoro,pp_nav_02180,navigable,13
bikoro,pp_nav_02183,navigable,30
bikoro,pp_nav_02201,navigable,46
bikoro,pp_nav_02219,navigable,5
kikassa,pp_nav_02276,improvable,29
dyryn_ebe,pp_nav_00026,navigable,12
dyryn_ebe,pp_nav_00028,navigable,4
aarau,pp_nav_00846,improvable,42
taksimo,pp_nav_00473,navigable,39
kaxixo,pp_nav_02488,navigable,76
songzi,pp_nav_01354,improvable,39
songzi,pp_nav_01363,navigable,26
yelovo,pp_nav_00433,navigable,10
yelovo,pp_nav_00448,navigable,48
yelovo,pp_nav_00455,navigable,8
tapirape,pp_nav_02348,navigable,27
tapirape,pp_nav_02355,navigable,30
payette,pp_nav_00971,navigable,19
payette,pp_nav_00987,navigable,5
ganxian,pp_nav_01522,navigable,37
koroa,pp_nav_01243,navigable,28
koroa,pp_nav_01258,navigable,63
gromatukha,pp_nav_00642,navigable,20
gromatukha,pp_nav_00654,improvable,93
gromatukha,pp_nav_00669,improvable,120
gromatukha,pp_nav_00684,navigable,27
gromatukha,pp_nav_00695,navigable,27
lingzhou,pp_nav_01094,navigable,13
lingzhou,pp_nav_01108,improvable,31
samye,pp_nav_01412,navigable,61
utkhupampa,pp_nav_02263,improvable,42
tethul,pp_nav_00287,navigable,7
tethul,pp_nav_00298,navigable,99
tethul,pp_nav_00323,navigable,10
suki,pp_nav_02301,navigable,46
suki,pp_nav_02307,navigable,42
kaibab,pp_nav_01141,navigable,52
kaibab,pp_nav_01149,navigable,106
cahokia,pp_nav_01090,navigable,8
fengdu,pp_nav_01373,navigable,54
hogehege,pp_nav_01200,navigable,11
hogehege,pp_nav_01213,navigable,55
hogehege,pp_nav_01218,navigable,24
dzhuk,pp_nav_00630,barrier,16
dzhuk,pp_nav_00643,barrier,61
dzhuk,pp_nav_00658,navigable,22
simmern,pp_nav_00744,improvable,23
tala_kyuyel,pp_nav_00059,navigable,40
tala_kyuyel,pp_nav_00065,navigable,50
laish,pp_nav_00544,navigable,22
laish,pp_nav_00549,navigable,23
sangamon,pp_nav_01059,navigable,15
sangamon,pp_nav_01064,navigable,40
sicasica,pp_nav_02481,navigable,5
ethapetha,pp_nav_01074,improvable,4
ethapetha,pp_nav_01082,navigable,52
ethapetha,pp_nav_01086,improvable,44
ethapetha,pp_nav_01095,navigable,8
ethapetha,pp_nav_01102,improvable,46
ust_pinega,pp_nav_00113,navigable,70
macaregua,pp_nav_01897,navigable,69
macaregua,pp_nav_01898,navigable,49
macaregua,pp_nav_01921,navigable,34
macaregua,pp_nav_01943,navigable,48
osa,pp_nav_00433,navigable,18
selimbau,pp_nav_02086,navigable,33
selimbau,pp_nav_02090,navigable,17
putao,pp_nav_01488,navigable,57
kuarepoti,pp_nav_02540,navigable,73
kuarepoti,pp_nav_02544,navigable,53
mitimiri,pp_nav_02299,navigable,50
shaharpara,pp_nav_01578,navigable,11
shaharpara,pp_nav_01585,navigable,24
shaharpara,pp_nav_01595,navigable,30
nehantuck,pp_nav_01028,navigable,55
misha_shipu,pp_nav_00626,navigable,89
san_pedro,pp_nav_02004,navigable,81
leko,pp_nav_02178,navigable,2
mantova,pp_nav_00961,navigable,19
tamaroa,pp_nav_01073,navigable,7
tamaroa,pp_nav_01081,improvable,33
tamaroa,pp_nav_01090,navigable,70
tamaroa,pp_nav_01093,navigable,98
tamaroa,pp_nav_01097,navigable,46
tamaroa,pp_nav_01100,improvable,9
turnu_magurele,pp_nav_01000,navigable,18
lodi,pp_nav_00957,navigable,25
akinka_nup,pp_nav_00764,navigable,64
salay,pp_nav_01689,navigable,43
dipayal,pp_nav_01424,navigable,11
abrahamtelke,pp_nav_00843,improvable,25
abrahamtelke,pp_nav_00872,navigable,7
sadiya,pp_nav_01437,improvable,28
sadiya,pp_nav_01456,navigable,2
sadiya,pp_nav_01461,navigable,47
sadiya,pp_nav_01462,improvable,32
aiwanj,pp_nav_01124,navigable,4
aiwanj,pp_nav_01138,navigable,63
lanyang,pp_nav_01199,navigable,18
damanhur,pp_nav_01311,navigable,31
damanhur,pp_nav_01341,navigable,4
atfih,pp_nav_01380,navigable,53
atfih,pp_nav_01401,navigable,14
qus,pp_nav_01537,navigable,34
tsaratanana,pp_nav_02444,improvable,6
ambalanjakomby,pp_nav_02456,navigable,9
ambalanjakomby,pp_nav_02463,navigable,59
malaimbandy,pp_nav_02501,navigable,14
qena,pp_nav_01509,navigable,4
qena,pp_nav_01532,navigable,47
qena,pp_nav_01537,navigable,18
nantes,pp_nav_00862,navigable,32
nantes,pp_nav_00865,navigable,28
samarra,pp_nav_01210,improvable,30
samarra,pp_nav_01227,navigable,53
baghdad,pp_nav_01245,navigable,52
baghdad,pp_nav_01247,navigable,42
baghdad,pp_nav_01251,navigable,25
baghdad,pp_nav_01259,navigable,16
dayr_aqul,pp_nav_01251,navigable,48
dayr_aqul,pp_nav_01264,navigable,71
dayr_aqul,pp_nav_01273,navigable,37
abdas,pp_nav_01292,navigable,23
abdas,pp_nav_01305,navigable,48
abdas,pp_nav_01326,navigable,17
tabqah,pp_nav_01164,navigable,6
tabqah,pp_nav_01174,navigable,50
tabqah,pp_nav_01179,navigable,34
raqqa,pp_nav_01174,navigable,60
raqqa,pp_nav_01179,navigable,55
jean_marie_river,pp_nav_00213,improvable,81
jean_marie_river,pp_nav_00231,navigable,14
curahuara,pp_nav_02478,improvable,42
curahuara,pp_nav_02481,navigable,64
curahuara,pp_nav_02484,improvable,1
lyskovo,pp_nav_00500,improvable,50
lyskovo,pp_nav_00506,navigable,8
lujiang,pp_nav_01549,navigable,62
lujiang,pp_nav_01579,navigable,40
chelmno,pp_nav_00598,navigable,7
chelmno,pp_nav_00619,navigable,43
chelmno,pp_nav_00638,navigable,3
nandan,pp_nav_01576,navigable,17
quibdo,pp_nav_01974,navigable,27
bunce_island,pp_nav_01887,navigable,61
rupharupha,pp_nav_02312,navigable,64
shar_yelpuk,pp_nav_01330,barrier,78
shar_yelpuk,pp_nav_01360,navigable,56
xingyang,pp_nav_01208,navigable,28
baode,pp_nav_01075,navigable,15
baode,pp_nav_01088,navigable,24
oppenheim,pp_nav_00751,improvable,10
aha_macav,pp_nav_01197,navigable,91
aha_macav,pp_nav_01219,navigable,91
mangapet,pp_nav_01728,navigable,27
mangapet,pp_nav_01746,navigable,30
hinthada,pp_nav_01750,navigable,48
hinthada,pp_nav_01759,navigable,20
birches,pp_nav_00087,navigable,86
birches,pp_nav_00095,barrier,56
vitim,pp_nav_00308,navigable,16
vitim,pp_nav_00321,navigable,96
vitim,pp_nav_00326,navigable,8
chach,pp_nav_01032,navigable,4
chach,pp_nav_01039,navigable,87
bazas,pp_nav_00967,navigable,8
bazas,pp_nav_00983,improvable,63
sreepur,pp_nav_01599,navigable,2
sreepur,pp_nav_01610,navigable,49
tongzhou,pp_nav_01205,navigable,32
kamyskala,pp_nav_00973,navigable,58
bassa,pp_nav_01967,improvable,63
namhkan,pp_nav_01624,navigable,71
namhkan,pp_nav_01632,improvable,3
gunza_anbamba,pp_nav_02343,improvable,28
gunza_anbamba,pp_nav_02345,navigable,35
da_giang,pp_nav_01676,navigable,26
da_giang,pp_nav_01683,navigable,32
birma,pp_nav_00684,navigable,19
birma,pp_nav_00695,navigable,52
birma,pp_nav_00709,navigable,46
birma,pp_nav_00719,navigable,67
gaur,pp_nav_01566,navigable,25
gaur,pp_nav_01580,navigable,48
gaur,pp_nav_01599,navigable,9
lahasusu,pp_nav_00812,navigable,59
lahasusu,pp_nav_00815,navigable,17
lahasusu,pp_nav_00817,navigable,91
lahasusu,pp_nav_00826,navigable,97
lahasusu,pp_nav_00835,navigable,37
lahasusu,pp_nav_00844,navigable,22
mongping,pp_nav_01675,navigable,41
mongping,pp_nav_01688,improvable,29
mongping,pp_nav_01693,barrier,9
hequ,pp_nav_01066,navigable,10
hequ,pp_nav_01075,navigable,32
nijmegen,pp_nav_00680,navigable,38
muong,pp_nav_01683,navigable,39
muong,pp_nav_01685,improvable,4
winnee,pp_nav_01240,navigable,6
winnee,pp_nav_01244,navigable,37
nashwaak,pp_nav_00917,navigable,2
bir_amur,pp_nav_00650,navigable,32
bir_amur,pp_nav_00660,navigable,55
bir_amur,pp_nav_00674,improvable,66
bir_amur,pp_nav_00694,navigable,66
bir_amur,pp_nav_00715,improvable,62
bir_amur,pp_nav_00719,navigable,16
bir_amur,pp_nav_00726,navigable,62
bir_amur,pp_nav_00736,navigable,51
tamalameque,pp_nav_01890,navigable,15
xincheng,pp_nav_01492,navigable,47
xincheng,pp_nav_01508,navigable,50
daklha_gampo,pp_nav_01415,improvable,22
daklha_gampo,pp_nav_01418,improvable,38
daklha_gampo,pp_nav_01419,navigable,76
hulu_melawai,pp_nav_02107,improvable,29
aroostook,pp_nav_00884,improvable,18
emei,pp_nav_01403,barrier,41
emei,pp_nav_01414,navigable,41
namling,pp_nav_01408,improvable,31
watappo,pp_nav_01347,navigable,28
watappo,pp_nav_01376,navigable,63
lauenburg,pp_nav_00607,navigable,14
lauenburg,pp_nav_00622,navigable,6
pabna,pp_nav_01607,navigable,31
pabna,pp_nav_01610,navigable,31
pabna,pp_nav_01623,navigable,2
sanga_kongo,pp_nav_02292,improvable,21
sanga_kongo,pp_nav_02297,improvable,6
pochutla,pp_nav_01761,navigable,24
pochutla,pp_nav_01769,improvable,2
kontagora,pp_nav_01851,navigable,25
kontagora,pp_nav_01856,navigable,32
llucho,pp_nav_02289,barrier,4
wloclawek,pp_nav_00647,improvable,30
hengyang,pp_nav_01492,navigable,31
ryazan,pp_nav_00569,navigable,19
ryazan,pp_nav_00581,navigable,22
that_phanom,pp_nav_01757,navigable,7
that_phanom,pp_nav_01768,navigable,16
srebrenik,pp_nav_00958,navigable,31
srebrenik,pp_nav_00964,navigable,34
palembang,pp_nav_02160,navigable,39
palembang,pp_nav_02178,navigable,61
poskatinak,pp_nav_00460,navigable,92
poskatinak,pp_nav_00476,improvable,100
poskatinak,pp_nav_00477,improvable,26
gongkar,pp_nav_01409,improvable,5
gongkar,pp_nav_01411,improvable,86
gongkar,pp_nav_01412,navigable,17
dep,pp_nav_00621,navigable,10
dep,pp_nav_00642,navigable,28
ballia,pp_nav_01531,navigable,21
ballia,pp_nav_01541,navigable,47
ballia,pp_nav_01551,navigable,42
salyan,pp_nav_01067,navigable,31
varanasi,pp_nav_01559,navigable,35
varanasi,pp_nav_01571,navigable,14
varanasi,pp_nav_01574,navigable,28
dera_ismail_khan,pp_nav_01280,navigable,45
dera_ismail_khan,pp_nav_01294,navigable,36
kothagudem,pp_nav_01746,navigable,29
kothagudem,pp_nav_01756,navigable,30
kishtwar,pp_nav_01250,navigable,22
kishtwar,pp_nav_01253,navigable,51
central_meetto,pp_nav_02373,navigable,15
central_meetto,pp_nav_02375,improvable,44
central_meetto,pp_nav_02383,improvable,86
kashmore,pp_nav_01436,navigable,21
kashmore,pp_nav_01452,navigable,39
mikindani,pp_nav_02359,navigable,56
mikindani,pp_nav_02367,navigable,45
raigadh,pp_nav_01672,navigable,15
windsor,pp_nav_00697,improvable,41
etawah,pp_nav_01503,navigable,78
etawah,pp_nav_01524,navigable,29
harishpur,pp_nav_01701,navigable,20
harishpur,pp_nav_01704,navigable,20
asadabad_kunar,pp_nav_01224,improvable,9
banihal,pp_nav_01250,navigable,23
kantit,pp_nav_01571,navigable,35
kantit,pp_nav_01574,navigable,14
sherwan,pp_nav_01230,improvable,19
muyove,pp_nav_02450,navigable,47
muyove,pp_nav_02451,navigable,3
muyove,pp_nav_02455,improvable,48
muyove,pp_nav_02460,navigable,19
massanza,pp_nav_02447,navigable,79
massanza,pp_nav_02449,improvable,71
massanza,pp_nav_02452,navigable,11
pubungu,pp_nav_02042,navigable,11
pubungu,pp_nav_02055,navigable,97
pubungu,pp_nav_02073,navigable,16
massangano,pp_nav_02459,improvable,24
massangano,pp_nav_02465,improvable,13
konch,pp_nav_01524,navigable,38
ingombe_ilede,pp_nav_02450,navigable,4
ingombe_ilede,pp_nav_02455,improvable,54
ingombe_ilede,pp_nav_02460,navigable,25
ingombe_ilede,pp_nav_02467,navigable,47
lapai,pp_nav_01893,navigable,15
ozoro,pp_nav_01964,navigable,15
ozoro,pp_nav_01985,navigable,28
nupeko,pp_nav_01873,navigable,13
nupeko,pp_nav_01888,navigable,9
nupeko,pp_nav_01892,navigable,41
nupeko,pp_nav_01893,navigable,69
yoko,pp_nav_01998,improvable,9
yoko,pp_nav_02007,navigable,48
yoko,pp_nav_02015,improvable,25
debre_libanos,pp_nav_01866,navigable,4
singa,pp_nav_01810,navigable,5
singa,pp_nav_01819,navigable,44
singa,pp_nav_01826,navigable,8
rumbek,pp_nav_01894,navigable,7
rumbek,pp_nav_01916,navigable,46
alays,pp_nav_01803,navigable,40
alays,pp_nav_01813,navigable,55
alays,pp_nav_01822,navigable,29
ed_damer,pp_nav_01744,navigable,23
ed_damer,pp_nav_01758,navigable,65
bourem,pp_nav_01763,navigable,25
bourem,pp_nav_01764,navigable,81
mandisobi,pp_nav_02586,navigable,6
mandisobi,pp_nav_02587,navigable,53
mandisobi,pp_nav_02590,navigable,94
mandisobi,pp_nav_02593,navigable,10
koure,pp_nav_01814,navigable,14
macina,pp_nav_01804,navigable,58
macina,pp_nav_01808,navigable,23
gourma_rharous,pp_nav_01766,navigable,89
gourma_rharous,pp_nav_01771,navigable,11
lau,pp_nav_01875,navigable,7
lau,pp_nav_01884,navigable,96
lau,pp_nav_01891,navigable,16
yingde,pp_nav_01596,navigable,62
yingde,pp_nav_01612,improvable,34
nizhny_chir,pp_nav_00791,navigable,17
nizhny_chir,pp_nav_00798,navigable,80
kaltag,pp_nav_00114,improvable,92
kaltag,pp_nav_00124,navigable,39
metabetchouane,pp_nav_00771,improvable,6
kariri,pp_nav_02342,improvable,19
kariri,pp_nav_02351,navigable,23
jiazhou,pp_nav_01105,navigable,30
jiazhou,pp_nav_01114,barrier,54
jiazhou,pp_nav_01131,navigable,12
jiangning,pp_nav_01297,navigable,13
taixing,pp_nav_01293,navigable,9
lichiresti,pp_nav_00991,navigable,5
lichiresti,pp_nav_00992,improvable,36
shouchun,pp_nav_01263,navigable,32
shouchun,pp_nav_01272,navigable,31
shouchun,pp_nav_01277,navigable,10
jiande,pp_nav_01385,navigable,45
chesnokovka,pp_nav_00611,navigable,25
chesnokovka,pp_nav_00617,navigable,56
chesnokovka,pp_nav_00639,navigable,2
tarrana,pp_nav_01341,navigable,24
tarrana,pp_nav_01365,navigable,15
khantayskoye,pp_nav_00025,navigable,95
khantayskoye,pp_nav_00027,navigable,98
khantayskoye,pp_nav_00036,navigable,96
khantayskoye,pp_nav_00038,navigable,53
khantayskoye,pp_nav_00042,navigable,102
khantayskoye,pp_nav_00044,navigable,96
khantayskoye,pp_nav_00048,navigable,96
khantayskoye,pp_nav_00053,navigable,76
belabo,pp_nav_01590,navigable,24
belabo,pp_nav_01600,navigable,21
belabo,pp_nav_01613,navigable,11
kansas,pp_nav_01080,navigable,26
badong,pp_nav_01328,improvable,28
badong,pp_nav_01329,navigable,13
ust_tsilma,pp_nav_00077,navigable,76
botucatu,pp_nav_02527,navigable,12
andar,pp_nav_01531,navigable,7
andar,pp_nav_01541,navigable,41
krenak,pp_nav_02495,navigable,48
krenak,pp_nav_02498,navigable,20
callamaco,pp_nav_01207,navigable,61
callamaco,pp_nav_01216,navigable,73
solovtsovo,pp_nav_00628,navigable,13
solovtsovo,pp_nav_00644,navigable,18
reka_tuba,pp_nav_00368,improvable,12
reka_tuba,pp_nav_00409,navigable,5
inowroclaw,pp_nav_00638,navigable,36
inowroclaw,pp_nav_00647,improvable,7
gorkovskoye,pp_nav_00491,navigable,55
gorkovskoye,pp_nav_00518,navigable,35
cuttawba,pp_nav_01084,navigable,73
cuttawba,pp_nav_01085,navigable,90
cuttawba,pp_nav_01091,navigable,55
cuttawba,pp_nav_01098,navigable,46
orocue,pp_nav_02010,navigable,60
orocue,pp_nav_02020,navigable,39
orocue,pp_nav_02032,navigable,46
mariua,pp_nav_02100,navigable,16
mariua,pp_nav_02123,navigable,88
mariua,pp_nav_02124,navigable,41
mariua,pp_nav_02136,navigable,85
mariua,pp_nav_02146,navigable,12
jekabpils,pp_nav_00469,navigable,26
wenatchi,pp_nav_00837,barrier,54
wenatchi,pp_nav_00854,navigable,72
wenatchi,pp_nav_00857,barrier,38
liova,pp_nav_02466,navigable,15
liova,pp_nav_02474,improvable,29
lanzhou,pp_nav_01157,improvable,72
lanzhou,pp_nav_01165,navigable,62
sanggau,pp_nav_02096,navigable,84
siberia_abalak,pp_nav_00384,navigable,89
siberia_abalak,pp_nav_00387,navigable,98
siberia_abalak,pp_nav_00391,navigable,53
siberia_abalak,pp_nav_00393,navigable,51
siberia_abalak,pp_nav_00394,navigable,25
bata,pp_nav_02071,barrier,22
enselxcin,pp_nav_00790,barrier,61
enselxcin,pp_nav_00800,navigable,64
pawwikamsipi,pp_nav_01106,navigable,53
suzun,pp_nav_00579,navigable,32
suzun,pp_nav_00586,navigable,50
suzun,pp_nav_00593,navigable,45
suzun,pp_nav_00601,navigable,49
suzun,pp_nav_00611,navigable,41
suzun,pp_nav_00616,navigable,22
ndyuka,pp_nav_01989,navigable,56
itaueira,pp_nav_02278,navigable,38
itaueira,pp_nav_02284,navigable,62
itaueira,pp_nav_02287,navigable,54
dingqiang,pp_nav_01165,navigable,55
dingqiang,pp_nav_01173,improvable,95
sangme,pp_nav_01422,barrier,47
sangme,pp_nav_01445,navigable,23
lewekeomi,pp_nav_01098,navigable,32
lewekeomi,pp_nav_01107,navigable,50
sao_sebastiao_paraiso,pp_nav_02510,navigable,32
uberaba,pp_nav_02503,navigable,82
uberaba,pp_nav_02504,improvable,20
uberaba,pp_nav_02505,navigable,78
uberaba,pp_nav_02506,improvable,43
uberaba,pp_nav_02507,improvable,80
uberaba,pp_nav_02511,navigable,24
kezhma,pp_nav_00335,navigable,96
kezhma,pp_nav_00336,navigable,105
kezhma,pp_nav_00341,navigable,2
kezhma,pp_nav_00343,navigable,38
omaha,pp_nav_01027,navigable,89
omaha,pp_nav_01033,navigable,86
omaha,pp_nav_01041,navigable,32
chyormoz,pp_nav_00338,navigable,52
chyormoz,pp_nav_00356,navigable,44
mobaye,pp_nav_01979,improvable,97
mobaye,pp_nav_01995,navigable,96
mobaye,pp_nav_02016,navigable,102
mobaye,pp_nav_02019,navigable,38
mobaye,pp_nav_02023,navigable,11
mobaye,pp_nav_02030,navigable,27
klyuchi,pp_nav_00479,navigable,78
klyuchi,pp_nav_00485,navigable,41
vienne,pp_nav_00920,improvable,49
vienne,pp_nav_00936,navigable,51
afikpo,pp_nav_01972,navigable,84
afikpo,pp_nav_01978,navigable,51
afikpo,pp_nav_01980,navigable,15
lyubichi,pp_nav_00559,navigable,32
lyubichi,pp_nav_00569,navigable,27
curitibanos,pp_nav_02565,improvable,21
mayumba,pp_nav_02217,navigable,20
kaeti,pp_nav_02256,navigable,31
kaeti,pp_nav_02271,navigable,38
kaeti,pp_nav_02277,navigable,94
sanaga,pp_nav_01998,improvable,19
sanaga,pp_nav_02007,navigable,61
sanaga,pp_nav_02015,improvable,31
xiangru,pp_nav_01321,navigable,48
abingdon,pp_nav_00689,improvable,38
karymkary,pp_nav_00167,navigable,68
karymkary,pp_nav_00178,navigable,66
ziryanka,pp_nav_00065,navigable,42
ziryanka,pp_nav_00075,improvable,87
k_alii_xkalaan,pp_nav_00513,improvable,99
k_alii_xkalaan,pp_nav_00539,improvable,33
romang,pp_nav_02576,navigable,26
romang,pp_nav_02582,navigable,95
romang,pp_nav_02588,navigable,68
nishnabotna,pp_nav_01033,navigable,1
nishnabotna,pp_nav_01041,navigable,10
kwomtari,pp_nav_02220,navigable,3
fengjie,pp_nav_01328,improvable,12
fengjie,pp_nav_01332,navigable,42
siang,pp_nav_01416,barrier,3
siang,pp_nav_01431,navigable,84
siang,pp_nav_01448,navigable,51
chymnaii,pp_nav_00193,improvable,72
chymnaii,pp_nav_00206,navigable,26
diaomen,pp_nav_01369,barrier,73
diaomen,pp_nav_01398,barrier,7
shilovo,pp_nav_00573,navigable,3
shilovo,pp_nav_00583,improvable,14
boma,pp_nav_02130,navigable,48
boma,pp_nav_02144,navigable,3
umuarama,pp_nav_02534,navigable,50
umuarama,pp_nav_02536,improvable,45
umuarama,pp_nav_02537,navigable,44
umuarama,pp_nav_02538,navigable,95
umuarama,pp_nav_02541,navigable,29
umuarama,pp_nav_02542,navigable,45
kawahib,pp_nav_02321,navigable,60
shayang,pp_nav_01310,navigable,1
shayang,pp_nav_01342,navigable,29
ostrechiny,pp_nav_00243,navigable,95
ostrechiny,pp_nav_00248,improvable,19
orlov,pp_nav_00366,navigable,3
lucala,pp_nav_02339,barrier,36
lucala,pp_nav_02343,improvable,28
biobio,pp_nav_02611,navigable,6
xiaxian,pp_nav_01206,improvable,8
maganasipi,pp_nav_00880,improvable,7
maganasipi,pp_nav_00897,navigable,46
khulm,pp_nav_01138,navigable,46
lingbao,pp_nav_01212,navigable,7
lingbao,pp_nav_01220,navigable,17
jataizinho,pp_nav_02529,improvable,12
jataizinho,pp_nav_02531,navigable,69
heves,pp_nav_00833,navigable,15
heves,pp_nav_00853,navigable,90
heves,pp_nav_00868,navigable,3
puqi,pp_nav_01383,navigable,12
kagawask,pp_nav_00714,navigable,67
kagawask,pp_nav_00721,navigable,9
pinglu,pp_nav_01206,improvable,7
pinglu,pp_nav_01212,navigable,66
thatta,pp_nav_01560,navigable,3
thatta,pp_nav_01583,navigable,34
vorontsovo,pp_nav_00003,navigable,12
vorontsovo,pp_nav_00005,navigable,107
paranaiba,pp_nav_02496,navigable,8
paranaiba,pp_nav_02499,navigable,54
paranaiba,pp_nav_02502,navigable,2
paranaiba,pp_nav_02509,navigable,44
paranaiba,pp_nav_02514,navigable,11
barpeta,pp_nav_01534,navigable,15
aksay,pp_nav_00798,navigable,16
aksay,pp_nav_00820,navigable,12
srednyaya_akhtuba,pp_nav_00780,navigable,47
srednyaya_akhtuba,pp_nav_00796,navigable,16
srednyaya_akhtuba,pp_nav_00809,navigable,8
mianchi,pp_nav_01206,improvable,27
mianchi,pp_nav_01212,navigable,5
bohan,pp_nav_02593,navigable,82
bohan,pp_nav_02597,navigable,89
bohan,pp_nav_02602,navigable,13
bares,pp_nav_02146,navigable,60
bares,pp_nav_02151,navigable,120
upper_ob,pp_nav_00250,navigable,5
upper_ob,pp_nav_00261,navigable,96
upper_ob,pp_nav_00269,navigable,98
upper_ob,pp_nav_00277,navigable,90
upper_ob,pp_nav_00286,navigable,87
upper_ob,pp_nav_00300,navigable,97
upper_ob,pp_nav_00312,navigable,87
upper_ob,pp_nav_00315,navigable,82
upper_ob,pp_nav_00325,navigable,54
caguan,pp_nav_02068,navigable,57
gostynin,pp_nav_00656,navigable,13
tsangdram,pp_nav_01408,improvable,43
tsangdram,pp_nav_01409,improvable,14
sioma,pp_nav_02466,navigable,38
sioma,pp_nav_02474,improvable,41
conewago,pp_nav_01055,navigable,5
conewago,pp_nav_01062,navigable,1
kysyl_syr,pp_nav_00172,navigable,9
kysyl_syr,pp_nav_00180,navigable,16
kysyl_syr,pp_nav_00192,navigable,8
thakhek,pp_nav_01736,navigable,11
thakhek,pp_nav_01748,navigable,47
thakhek,pp_nav_01757,navigable,33
qingjian,pp_nav_01131,navigable,54
qingjian,pp_nav_01148,improvable,2
metica,pp_nav_02020,navigable,28
metica,pp_nav_02027,navigable,64
metica,pp_nav_02033,navigable,38
metica,pp_nav_02034,navigable,63
tongliang,pp_nav_01367,improvable,3
myitkyina,pp_nav_01546,navigable,5
myitkyina,pp_nav_01558,navigable,54
myitkyina,pp_nav_01570,navigable,36
qingyuan,pp_nav_01612,improvable,43
qingyuan,pp_nav_01628,navigable,32
kanawha,pp_nav_01082,navigable,65
kanawha,pp_nav_01086,improvable,73
kanawha,pp_nav_01096,improvable,54
kanawha,pp_nav_01102,improvable,36
cherdakly,pp_nav_00576,navigable,43
cherdakly,pp_nav_00589,navigable,70
cherdakly,pp_nav_00597,navigable,12
muong_cha,pp_nav_01664,navigable,42
snk_mip,pp_nav_00730,navigable,78
snk_mip,pp_nav_00747,navigable,40
curumanao,pp_nav_01890,navigable,20
curumanao,pp_nav_01898,navigable,15
chekmagush,pp_nav_00535,navigable,26
chekmagush,pp_nav_00541,navigable,45
chekmagush,pp_nav_00553,navigable,59
natastan,pp_nav_00705,improvable,14
asanas,pp_nav_00973,navigable,4
yilong,pp_nav_01321,navigable,9
mingsha,pp_nav_01108,improvable,6
mingsha,pp_nav_01120,improvable,71
marxa,pp_nav_00268,navigable,78
marxa,pp_nav_00270,navigable,25
kahayan,pp_nav_02153,navigable,99
kahayan,pp_nav_02172,navigable,34
wanquan,pp_nav_01182,improvable,26
hwalbay,pp_nav_01167,navigable,2
sarare,pp_nav_01949,navigable,36
wayustikw,pp_nav_00463,navigable,45
wayustikw,pp_nav_00482,navigable,95
wayustikw,pp_nav_00510,barrier,1
fuchuan_ningxia,pp_nav_01129,improvable,6
fuchuan_ningxia,pp_nav_01139,navigable,51
fuchuan_ningxia,pp_nav_01151,improvable,95
auccapana,pp_nav_02418,improvable,67
tetela_boa,pp_nav_02197,navigable,25
tetela_boa,pp_nav_02223,navigable,33
choccalpata,pp_nav_02397,barrier,5
choccalpata,pp_nav_02410,barrier,89
landau,pp_nav_00793,improvable,64
landau,pp_nav_00799,improvable,12
landau,pp_nav_00801,navigable,18
uraqai,pp_nav_01042,navigable,28
uraqai,pp_nav_01043,navigable,92
uraqai,pp_nav_01052,navigable,35
kinozhesipi,pp_nav_00909,navigable,3
kinozhesipi,pp_nav_00922,navigable,60
kinozhesipi,pp_nav_00930,improvable,44
dhading,pp_nav_01466,improvable,11
gattaran,pp_nav_01740,navigable,23
solikamsk,pp_nav_00296,navigable,73
solikamsk,pp_nav_00314,navigable,21
perevitska,pp_nav_00559,navigable,47
perevitska,pp_nav_00569,navigable,30
cupilco,pp_nav_01733,navigable,113
cupilco,pp_nav_01739,navigable,32
kungur,pp_nav_00422,navigable,18
rovigo,pp_nav_00966,navigable,31
jishui,pp_nav_01460,navigable,3
jishui,pp_nav_01481,navigable,69
kholmogory,pp_nav_00113,navigable,27
kholmogory,pp_nav_00126,navigable,80
ebejico,pp_nav_01940,barrier,41
ebejico,pp_nav_01948,improvable,86
ebejico,pp_nav_01958,navigable,54
ebejico,pp_nav_01961,improvable,94
ebejico,pp_nav_01968,navigable,49
winokapau,pp_nav_00624,improvable,36
winokapau,pp_nav_00634,navigable,54
sansanding,pp_nav_01808,navigable,68
quyon,pp_nav_00922,navigable,19
quyon,pp_nav_00930,improvable,5
kremenskaya,pp_nav_00769,navigable,69
kremenskaya,pp_nav_00775,navigable,2
kremenskaya,pp_nav_00779,navigable,68
kremenskaya,pp_nav_00791,navigable,55
voikar,pp_nav_00076,navigable,91
voikar,pp_nav_00081,navigable,95
voikar,pp_nav_00089,navigable,86
voikar,pp_nav_00094,navigable,33
nyuya,pp_nav_00258,navigable,7
nyuya,pp_nav_00263,navigable,98
nyuya,pp_nav_00272,improvable,14
jiangxia,pp_nav_01350,navigable,52
jiangxia,pp_nav_01352,navigable,16
jiangxia,pp_nav_01361,navigable,2
azok,pp_nav_00855,improvable,4
azok,pp_nav_00867,improvable,48
capotigamau,pp_nav_00738,navigable,81
anilco,pp_nav_01217,navigable,4
anilco,pp_nav_01222,navigable,26
anilco,pp_nav_01229,navigable,60
anilco,pp_nav_01234,navigable,74
anilco,pp_nav_01238,navigable,22
wels,pp_nav_00813,improvable,25
ramsis,pp_nav_01341,navigable,11
beni_suef,pp_nav_01380,navigable,9
beni_suef,pp_nav_01401,navigable,27
aswan,pp_nav_01597,barrier,46
aswan,pp_nav_01617,barrier,30
minya,pp_nav_01427,navigable,15
minya,pp_nav_01450,navigable,18
maevatanana,pp_nav_02456,navigable,5
maevatanana,pp_nav_02463,navigable,84
sharuna,pp_nav_01401,navigable,41
sharuna,pp_nav_01427,navigable,31
lango,pp_nav_02073,navigable,39
makonde,pp_nav_02367,navigable,11
makonde,pp_nav_02373,navigable,44
makonde,pp_nav_02383,improvable,27
gerger,pp_nav_01104,navigable,23
gerger,pp_nav_01109,improvable,46
rahba,pp_nav_01186,navigable,1
rahba,pp_nav_01204,navigable,59
khalis,pp_nav_01227,navigable,1
khalis,pp_nav_01235,navigable,21
karbala,pp_nav_01247,navigable,27
karbala,pp_nav_01259,navigable,46
karbala,pp_nav_01281,navigable,6
an_nil,pp_nav_01251,navigable,34
an_nil,pp_nav_01259,navigable,8
an_nil,pp_nav_01264,navigable,33
al_madar,pp_nav_01292,navigable,16
al_madar,pp_nav_01305,navigable,57
al_madar,pp_nav_01326,navigable,15
barqaid,pp_nav_01122,barrier,1
barqaid,pp_nav_01134,navigable,23
barqaid,pp_nav_01144,improvable,1
xiangyang,pp_nav_01288,navigable,28
xiangyang,pp_nav_01296,navigable,18
mergui,pp_nav_01832,improvable,30
alpo_wa,pp_nav_00887,barrier,29
alpo_wa,pp_nav_00892,improvable,96
alpo_wa,pp_nav_00898,navigable,41
anhua_anhua,pp_nav_01440,navigable,26
anhua_anhua,pp_nav_01446,improvable,9
mussimi,pp_nav_02270,navigable,9
darganata,pp_nav_01047,navigable,93
darganata,pp_nav_01061,improvable,10
tutilcoya,pp_nav_01193,navigable,3
tutilcoya,pp_nav_01201,improvable,43
santee,pp_nav_01240,navigable,82
chumuch,pp_nav_02273,barrier,10
chumuch,pp_nav_02279,improvable,43
chumuch,pp_nav_02280,barrier,95
zhaoxin,pp_nav_01249,navigable,17
zhaoxin,pp_nav_01254,navigable,48
myanaung,pp_nav_01731,navigable,58
myanaung,pp_nav_01750,navigable,2
ulakhan_an,pp_nav_00232,navigable,67
dibrugarh,pp_nav_01474,navigable,29
dibrugarh,pp_nav_01486,navigable,27
nodaway,pp_nav_01063,navigable,12
nodaway,pp_nav_01070,navigable,17
satgaon,pp_nav_01639,navigable,32
satgaon,pp_nav_01657,navigable,40
mendawai,pp_nav_02152,navigable,56
mendawai,pp_nav_02171,navigable,61
coblenz,pp_nav_00735,improvable,44
coblenz,pp_nav_00744,improvable,13
luorong,pp_nav_01594,improvable,8
luorong,pp_nav_01606,improvable,23
muene_kwako,pp_nav_02201,navigable,23
muene_kwako,pp_nav_02219,navigable,60
muene_kwako,pp_nav_02238,improvable,84
muene_kwako,pp_nav_02252,navigable,14
caisaboscai,pp_nav_00665,improvable,91
caisaboscai,pp_nav_00667,barrier,55
jurbarkas,pp_nav_00558,improvable,62
cologne,pp_nav_00725,improvable,2
fengqiu,pp_nav_01199,navigable,39
fengqiu,pp_nav_01209,navigable,25
quy_hoa,pp_nav_01660,navigable,13
quy_hoa,pp_nav_01667,improvable,68
ngume,pp_nav_02127,navigable,71
jigansk,pp_nav_00040,navigable,14
jigansk,pp_nav_00050,navigable,36
bama,pp_nav_01609,navigable,8
suidong,pp_nav_01480,navigable,12
suidong,pp_nav_01487,improvable,20
bydgoszcz,pp_nav_00619,navigable,25
bydgoszcz,pp_nav_00638,navigable,10
yanesha,pp_nav_02340,improvable,71
lashio,pp_nav_01641,barrier,26
hancheng,pp_nav_01159,improvable,13
hancheng,pp_nav_01182,improvable,34
chelan,pp_nav_00821,improvable,5
chelan,pp_nav_00827,improvable,26
chelan,pp_nav_00837,barrier,6
kachi,pp_nav_02303,navigable,95
kachi,pp_nav_02312,navigable,28
fancheng,pp_nav_01288,navigable,50
ya_ttaish,pp_nav_01284,navigable,27
ya_ttaish,pp_nav_01289,navigable,59
daxunhyuu,pp_nav_00260,navigable,53
kasimov,pp_nav_00547,navigable,18
kasimov,pp_nav_00565,improvable,83
kasimov,pp_nav_00567,navigable,18
kasimov,pp_nav_00571,navigable,75
kasimov,pp_nav_00573,navigable,8
balagannakh,pp_nav_00266,navigable,98
balagannakh,pp_nav_00270,navigable,73
balagannakh,pp_nav_00271,improvable,104
bussa,pp_nav_01856,navigable,50
bussa,pp_nav_01868,navigable,56
gana_damate,pp_nav_02210,navigable,30
gana_damate,pp_nav_02228,improvable,43
bagua,pp_nav_02248,navigable,84
panemune,pp_nav_00558,improvable,26
nottaway,pp_nav_00717,barrier,85
nottaway,pp_nav_00724,improvable,60
igan,pp_nav_02070,navigable,38
adeqiu,pp_nav_01390,navigable,9
adeqiu,pp_nav_01422,barrier,30
ordu_bazar,pp_nav_00885,navigable,23
khimni,pp_nav_00701,navigable,75
lhakhang,pp_nav_01359,barrier,8
songye_kongo,pp_nav_02291,navigable,26
veliky_ustyug,pp_nav_00228,navigable,47
veliky_ustyug,pp_nav_00255,navigable,53
may_ushin,pp_nav_02306,navigable,77
may_ushin,pp_nav_02308,navigable,38
may_ushin,pp_nav_02309,navigable,80
mahu,pp_nav_01428,navigable,10
mahu,pp_nav_01435,improvable,89
wapkawazioju,pp_nav_00978,navigable,57
wapkawazioju,pp_nav_00986,navigable,42
itanhomi,pp_nav_02493,improvable,70
itanhomi,pp_nav_02495,navigable,50
pitchibourenik,pp_nav_00667,barrier,50
nowe,pp_nav_00598,navigable,23
nalolo,pp_nav_02436,navigable,1
nalolo,pp_nav_02446,navigable,63
nalolo,pp_nav_02462,navigable,7
tanjin,pp_nav_01629,improvable,4
tanjin,pp_nav_01631,navigable,17
tanjin,pp_nav_01634,improvable,27
wehe,pp_nav_00871,navigable,4
wehe,pp_nav_00899,navigable,4
chandpur_uttar_pradesh,pp_nav_01393,navigable,7
chandpur_uttar_pradesh,pp_nav_01417,navigable,37
idkabue,pp_nav_01796,navigable,48
kuantan,pp_nav_02049,navigable,27
kuantan,pp_nav_02050,navigable,17
yukte,pp_nav_00326,navigable,88
yukte,pp_nav_00337,improvable,96
yukte,pp_nav_00347,navigable,87
kotri,pp_nav_01542,navigable,15
kotri,pp_nav_01560,navigable,47
sirhind,pp_nav_01315,improvable,4
sirhind,pp_nav_01334,navigable,14
mithankot,pp_nav_01377,navigable,1
mithankot,pp_nav_01402,navigable,34
mithankot,pp_nav_01423,navigable,8
ranikot,pp_nav_01519,navigable,28
ranikot,pp_nav_01542,navigable,32
khushab,pp_nav_01279,navigable,42
agror,pp_nav_01215,improvable,57
agror,pp_nav_01230,improvable,8
macherla,pp_nav_01770,navigable,9
macherla,pp_nav_01772,improvable,57
macherla,pp_nav_01778,barrier,18
kol,pp_nav_01441,improvable,20
kol,pp_nav_01457,navigable,2
samasingha,pp_nav_01672,navigable,33
asni,pp_nav_01538,navigable,39
asni,pp_nav_01547,navigable,33
asni,pp_nav_01548,navigable,5
asni,pp_nav_01554,navigable,8
kashigarh,pp_nav_01672,navigable,14
redhakhol,pp_nav_01690,improvable,2
jansath,pp_nav_01393,navigable,18
busal,pp_nav_01271,navigable,27
busal,pp_nav_01274,navigable,11
busal,pp_nav_01285,navigable,36
sitpur,pp_nav_01371,navigable,21
sitpur,pp_nav_01377,navigable,36
sitpur,pp_nav_01396,navigable,36
sitpur,pp_nav_01402,navigable,35
pindi_gheb,pp_nav_01236,improvable,31
pindi_gheb,pp_nav_01246,navigable,57
mokwa,pp_nav_01868,navigable,30
mokwa,pp_nav_01883,navigable,53
salaga,pp_nav_01896,navigable,104
salaga,pp_nav_01906,navigable,26
wukari,pp_nav_01908,navigable,18
wukari,pp_nav_01934,navigable,62
soddo,pp_nav_01942,barrier,97
soddo,pp_nav_01956,navigable,98
soddo,pp_nav_01959,navigable,70
el_metemma,pp_nav_01758,navigable,42
el_metemma,pp_nav_01765,navigable,49
el_metemma,pp_nav_01775,navigable,42
korela,pp_nav_00247,navigable,5
ayerou,pp_nav_01792,navigable,56
bousso,pp_nav_01855,navigable,42
bousso,pp_nav_01857,navigable,96
bousso,pp_nav_01864,navigable,56
kirina,pp_nav_01828,navigable,65
kirina,pp_nav_01836,navigable,1
lodenoye_pole,pp_nav_00251,navigable,17
galati,pp_nav_00945,navigable,34
kom_ombo,pp_nav_01573,navigable,22
kom_ombo,pp_nav_01597,barrier,50
tongling,pp_nav_01313,navigable,12
tongling,pp_nav_01325,navigable,23
huoqiu,pp_nav_01277,navigable,22
fuyang_hangzhou,pp_nav_01370,improvable,50
fuyang_hangzhou,pp_nav_01385,navigable,6
shenmu,pp_nav_01088,navigable,31
shenmu,pp_nav_01105,navigable,15
humati,pp_nav_01278,navigable,51
ust_sysola,pp_nav_00191,navigable,4
ust_sysola,pp_nav_00199,navigable,75
caniapiscau,pp_nav_00556,improvable,26
caniapiscau,pp_nav_00572,navigable,66
luxi,pp_nav_01442,improvable,20
wudang,pp_nav_01266,improvable,62
wudang,pp_nav_01275,improvable,19
inuviq,pp_nav_00008,navigable,92
inuviq,pp_nav_00012,navigable,74
inuviq,pp_nav_00016,navigable,107
inuviq,pp_nav_00020,navigable,37
chittaloosa,pp_nav_01287,navigable,44
chittaloosa,pp_nav_01298,navigable,4
mayaba,pp_nav_01895,navigable,14
mayaba,pp_nav_01911,navigable,27
mayaba,pp_nav_01919,navigable,5
minusinsk,pp_nav_00590,navigable,19
minusinsk,pp_nav_00602,improvable,51
minusinsk,pp_nav_00620,improvable,2
lukou,pp_nav_01451,navigable,8
lukou,pp_nav_01465,navigable,80
lutava,pp_nav_00704,navigable,33
lutava,pp_nav_00718,navigable,15
tiotoren,pp_nav_01007,barrier,15
linjiang,pp_nav_01349,navigable,37
linjiang,pp_nav_01373,navigable,23
guangji,pp_nav_01368,navigable,8
guangji,pp_nav_01386,navigable,17
cangucu,pp_nav_02595,navigable,40
cuareim,pp_nav_02586,navigable,10
cuareim,pp_nav_02587,navigable,91
cuareim,pp_nav_02590,navigable,1
cuareim,pp_nav_02593,navigable,1
yeniseysk,pp_nav_00333,navigable,6
yeniseysk,pp_nav_00340,navigable,31
yeniseysk,pp_nav_00354,improvable,7
yeniseysk,pp_nav_00373,improvable,3
yeniseysk,pp_nav_00386,navigable,75
lindi_kwila,pp_nav_02239,navigable,11
lindi_kwila,pp_nav_02250,navigable,97
lindi_kwila,pp_nav_02261,navigable,12
guajobos,pp_nav_01947,navigable,32
guajobos,pp_nav_01960,navigable,84
guajobos,pp_nav_01969,navigable,50
guajobos,pp_nav_01971,navigable,18
guajobos,pp_nav_01973,navigable,25
musi,pp_nav_02167,navigable,97
musi,pp_nav_02178,navigable,8
baykit,pp_nav_00214,barrier,53
baykit,pp_nav_00224,navigable,91
coco,pp_nav_02320,navigable,6
pambala,pp_nav_02234,improvable,21
pambala,pp_nav_02246,navigable,55
scw_exmx,pp_nav_00716,barrier,84
scw_exmx,pp_nav_00727,navigable,74
scw_exmx,pp_nav_00728,navigable,53
scw_exmx,pp_nav_00737,navigable,27
uinkaret,pp_nav_01149,navigable,9
deren,pp_nav_00670,navigable,1
deren,pp_nav_00687,navigable,71
deren,pp_nav_00698,navigable,94
cabo_formoso,pp_nav_02000,navigable,12
cabo_formoso,pp_nav_02018,navigable,19
kaarendy,pp_nav_02548,improvable,15
kaarendy,pp_nav_02552,navigable,60
naupa_huen,pp_nav_02624,improvable,26
naupa_huen,pp_nav_02627,improvable,49
baronsk,pp_nav_00677,navigable,8
baronsk,pp_nav_00681,navigable,42
banjabi,pp_nav_02118,navigable,5
banjabi,pp_nav_02129,navigable,31
araquara,pp_nav_02519,navigable,68
araquara,pp_nav_02523,navigable,26
pantagoras,pp_nav_01962,navigable,39
newenken,pp_nav_02612,improvable,76
newenken,pp_nav_02614,improvable,39
newenken,pp_nav_02615,navigable,96
newenken,pp_nav_02618,navigable,48
newenken,pp_nav_02623,navigable,21
newenken,pp_nav_02624,improvable,5
bayombe,pp_nav_02249,improvable,7
bayombe,pp_nav_02260,navigable,27
okhannoye,pp_nav_00397,navigable,46
okhannoye,pp_nav_00422,navigable,63
okhannoye,pp_nav_00433,navigable,28
bordeaux,pp_nav_00967,navigable,23
atfalati,pp_nav_00941,navigable,79
atfalati,pp_nav_00956,navigable,71
modos,pp_nav_00938,navigable,17
omoloon,pp_nav_00014,improvable,21
omoloon,pp_nav_00019,improvable,109
hacaritamas,pp_nav_01898,navigable,25
verkhnyaya_toyma,pp_nav_00188,navigable,24
verkhnyaya_toyma,pp_nav_00200,navigable,24
verkhnyaya_toyma,pp_nav_00202,navigable,99
verkhnyaya_toyma,pp_nav_00216,navigable,26
nizhnyaya_toyma,pp_nav_00186,navigable,43
nizhnyaya_toyma,pp_nav_00188,navigable,72
nizhnyaya_toyma,pp_nav_00200,navigable,1
rao,pp_nav_02225,navigable,48
kaiama,pp_nav_01868,navigable,7
ipholhhelhlhup,pp_nav_02544,navigable,32
wrigley,pp_nav_00143,navigable,62
wrigley,pp_nav_00163,navigable,81
wrigley,pp_nav_00183,navigable,111
nazimovo,pp_nav_00290,navigable,4
nazimovo,pp_nav_00301,navigable,26
choele_choel,pp_nav_02616,improvable,53
choele_choel,pp_nav_02619,navigable,27
choele_choel,pp_nav_02620,improvable,86
choele_choel,pp_nav_02621,improvable,31
choele_choel,pp_nav_02622,improvable,66
choele_choel,pp_nav_02626,navigable,92
choele_choel,pp_nav_02628,navigable,24
koryazhma,pp_nav_00228,navigable,44
tolna,pp_nav_00872,navigable,21
tolna,pp_nav_00891,navigable,61
kucevo,pp_nav_00980,improvable,5
kucevo,pp_nav_00982,barrier,73
shawinigan,pp_nav_00860,navigable,17
shawinigan,pp_nav_00878,barrier,67
gurgueia,pp_nav_02251,navigable,7
gurgueia,pp_nav_02259,navigable,105
gurgueia,pp_nav_02278,navigable,74
gurgueia,pp_nav_02284,navigable,59
gurgueia,pp_nav_02287,navigable,1
pyti,pp_nav_02253,navigable,42
pyti,pp_nav_02254,navigable,69
pyti,pp_nav_02258,navigable,71
pyti,pp_nav_02275,navigable,60
ngasingu,pp_nav_01626,navigable,5
ngasingu,pp_nav_01647,navigable,58
valparaiso,pp_nav_02514,navigable,45
valparaiso,pp_nav_02515,navigable,20
valparaiso,pp_nav_02516,navigable,36
valparaiso,pp_nav_02518,navigable,21
dukhovnitskoye,pp_nav_00644,navigable,14
dukhovnitskoye,pp_nav_00659,navigable,25
upardang,pp_nav_01466,improvable,27
sihui,pp_nav_01628,navigable,6
sihui,pp_nav_01642,navigable,5
szeged,pp_nav_00868,navigable,8
szeged,pp_nav_00881,navigable,81
szeged,pp_nav_00901,navigable,30
barayy,pp_nav_00141,navigable,72
barayy,pp_nav_00152,navigable,96
barayy,pp_nav_00157,improvable,30
kiriras,pp_nav_02417,navigable,82
kiriras,pp_nav_02425,navigable,87
kiriras,pp_nav_02432,navigable,78
kiriras,pp_nav_02438,navigable,1
esk_el,pp_nav_00652,navigable,44
patos,pp_nav_02577,improvable,99
patos,pp_nav_02583,navigable,50
patos,pp_nav_02584,navigable,7
shungopavi,pp_nav_01141,navigable,68
shungopavi,pp_nav_01149,navigable,6
mengban_jihong,pp_nav_01662,improvable,1
dura,pp_nav_01545,navigable,39
dura,pp_nav_01565,navigable,22
guide,pp_nav_01166,improvable,50
guide,pp_nav_01168,navigable,58
guide,pp_nav_01176,barrier,29
pest,pp_nav_00836,improvable,5
pest,pp_nav_00843,improvable,31
buayan,pp_nav_01944,navigable,28
kai_theli_ke_hot_inne,pp_nav_00323,navigable,93
kai_theli_ke_hot_inne,pp_nav_00330,improvable,16
kai_theli_ke_hot_inne,pp_nav_00331,navigable,87
siri_do,pp_nav_01719,navigable,85
goianas,pp_nav_02488,navigable,76
libonta,pp_nav_02403,navigable,18
libonta,pp_nav_02413,navigable,15
tumbalala,pp_nav_02313,navigable,32
tumbalala,pp_nav_02316,navigable,72
tumbalala,pp_nav_02324,navigable,71
laung,pp_nav_02102,navigable,70
laung,pp_nav_02114,navigable,45
krenye,pp_nav_02191,navigable,2
ahe,pp_nav_02323,navigable,43
nagina,pp_nav_01393,navigable,42
araes,pp_nav_02438,navigable,43
araes,pp_nav_02445,navigable,54
guanambi,pp_nav_02399,navigable,66
guanambi,pp_nav_02412,navigable,72
guanambi,pp_nav_02422,improvable,16
staraya_zima,pp_nav_00582,navigable,1
guachoyo,pp_nav_01238,navigable,27
guachoyo,pp_nav_01248,navigable,27
karcag,pp_nav_00833,navigable,8
karcag,pp_nav_00853,navigable,10
kishim,pp_nav_01137,improvable,13
moxos,pp_nav_02429,navigable,72
moxos,pp_nav_02435,navigable,88
moxos,pp_nav_02441,navigable,74
moxos,pp_nav_02443,navigable,56
tupinamba,pp_nav_02131,navigable,59
shuangliu,pp_nav_01364,improvable,9
changyuan,pp_nav_01183,navigable,7
changyuan,pp_nav_01199,navigable,46
petrovaradin,pp_nav_00938,navigable,17
petrovaradin,pp_nav_00953,navigable,35
petrovaradin,pp_nav_00962,navigable,44
petrovaradin,pp_nav_00979,improvable,36
hebin,pp_nav_01050,navigable,41
hebin,pp_nav_01052,navigable,55
hebin,pp_nav_01053,navigable,36
hebin,pp_nav_01056,navigable,78
hebin,pp_nav_01058,navigable,44
hebin,pp_nav_01066,navigable,73
hebin,pp_nav_01075,navigable,18
stepanevka,pp_nav_00798,navigable,34
kurung,pp_nav_01455,navigable,13
takhir,pp_nav_00731,navigable,29
takhir,pp_nav_00733,navigable,49
takhir,pp_nav_00740,navigable,42
nako,pp_nav_01302,barrier,74
tohome,pp_nav_01283,navigable,20
tohome,pp_nav_01290,navigable,88
tohome,pp_nav_01301,navigable,79
tohome,pp_nav_01316,navigable,70
tohome,pp_nav_01340,navigable,2
carapachay,pp_nav_02605,navigable,24
carapachay,pp_nav_02606,navigable,83
carapachay,pp_nav_02607,navigable,47
staraya_ryazan,pp_nav_00581,navigable,31
staraya_ryazan,pp_nav_00583,improvable,24
calabar,pp_nav_01994,navigable,24
tuktoyukiuq,pp_nav_00012,navigable,34
caparo,pp_nav_01914,navigable,30
bhagalpur,pp_nav_01563,navigable,5
bhagalpur,pp_nav_01568,navigable,18
sandan,pp_nav_01817,navigable,60
sandan,pp_nav_01827,navigable,3
scioto,pp_nav_01095,navigable,6
scioto,pp_nav_01099,navigable,15
yusva,pp_nav_00324,navigable,17
yusva,pp_nav_00338,navigable,8
qujiang,pp_nav_01596,navigable,7
puan,pp_nav_01286,improvable,31
kal_gatana,pp_nav_00026,navigable,79
kal_gatana,pp_nav_00028,navigable,11
kangiqsualujjuaq,pp_nav_00355,improvable,41
kangiqsualujjuaq,pp_nav_00372,navigable,14
karipuna,pp_nav_02318,navigable,55
karipuna,pp_nav_02332,navigable,37
muang_xay,pp_nav_01700,barrier,29
muang_xay,pp_nav_01707,improvable,49
muang_xay,pp_nav_01711,navigable,20
tapajo,pp_nav_02150,navigable,61
tapajo,pp_nav_02161,navigable,81
nikahionhwakowa,pp_nav_00977,navigable,24
piacenza,pp_nav_00957,navigable,43
kaskaskia,pp_nav_01090,navigable,10
kaskaskia,pp_nav_01097,navigable,76
nogoya,pp_nav_02591,navigable,1
nogoya,pp_nav_02594,navigable,48
nogoya,pp_nav_02598,navigable,22
ponkhockie,pp_nav_01023,navigable,60
huaying,pp_nav_01356,navigable,39
tormosin,pp_nav_00798,navigable,1
tormosin,pp_nav_00820,navigable,41
turtas,pp_nav_00299,navigable,71
turtas,pp_nav_00306,navigable,71
turtas,pp_nav_00320,navigable,104
turtas,pp_nav_00332,navigable,41
passos,pp_nav_02510,navigable,11
passos,pp_nav_02513,navigable,37
freiburg,pp_nav_00831,improvable,7
wetwin,pp_nav_01663,navigable,35
wetwin,pp_nav_01671,improvable,35
tatarskaya_tesyu,pp_nav_00564,navigable,27
tatarskaya_tesyu,pp_nav_00580,navigable,69
tatarskaya_tesyu,pp_nav_00590,navigable,45
essequibo,pp_nav_01963,navigable,80
essequibo,pp_nav_01981,navigable,69
prainha,pp_nav_02142,navigable,9
timbira,pp_nav_02236,navigable,89
timbira,pp_nav_02251,navigable,70
kholmyech,pp_nav_00682,navigable,29
offenburg,pp_nav_00788,navigable,22
offenburg,pp_nav_00804,improvable,33
prey_nokor,pp_nav_01847,navigable,4
prey_nokor,pp_nav_01854,navigable,35
nkata,pp_nav_02434,navigable,1
nkata,pp_nav_02439,navigable,49
morkvash,pp_nav_00597,navigable,2
morkvash,pp_nav_00628,navigable,1
dongsheng,pp_nav_01058,navigable,53
muang_mang,pp_nav_01784,navigable,41
muang_mang,pp_nav_01786,improvable,4
athabasca,pp_nav_00362,navigable,97
athabasca,pp_nav_00388,navigable,63
kuzmovka,pp_nav_00203,navigable,97
kuzmovka,pp_nav_00212,navigable,17
berezhnovka,pp_nav_00732,navigable,19
berezhnovka,pp_nav_00746,navigable,12
ningbian,pp_nav_01058,navigable,16
ningbian,pp_nav_01066,navigable,27
pengshui,pp_nav_01399,barrier,8
pengshui,pp_nav_01406,improvable,71
selo_yartsevo,pp_nav_00254,navigable,15
selo_yartsevo,pp_nav_00301,navigable,4
ceibal,pp_nav_01776,navigable,7
chana,pp_nav_02597,navigable,32
chana,pp_nav_02602,navigable,19
chana,pp_nav_02604,navigable,60
apyawa,pp_nav_02320,navigable,52
apyawa,pp_nav_02331,navigable,70
apyawa,pp_nav_02348,navigable,6
malye_oserki,pp_nav_00129,navigable,36
malye_oserki,pp_nav_00138,navigable,51
pereiaslav,pp_nav_00753,navigable,12
pereiaslav,pp_nav_00757,navigable,25
pereiaslav,pp_nav_00762,navigable,2
morangi,pp_nav_01493,navigable,7
morangi,pp_nav_01507,navigable,27
ukek,pp_nav_00690,navigable,36
ukek,pp_nav_00702,navigable,25
lumbini,pp_nav_01477,improvable,13
kaxa_marca,pp_nav_02289,barrier,10
olenegorsk,pp_nav_00002,navigable,56
olenegorsk,pp_nav_00003,navigable,64
bkwejanong,pp_nav_01012,navigable,61
palikur,pp_nav_02035,navigable,45
yiman,pp_nav_00900,navigable,54
huitong,pp_nav_01483,navigable,14
paungde,pp_nav_01731,navigable,38
nagavskaya,pp_nav_00820,navigable,31
kamatapur,pp_nav_01545,navigable,4
el_burullus,pp_nav_01311,navigable,20
hiw,pp_nav_01532,navigable,57
hiw,pp_nav_01537,navigable,41
manfalut,pp_nav_01471,navigable,37
nuba_sud,pp_nav_01876,navigable,24
nuba_sud,pp_nav_01879,navigable,48
nuba_sud,pp_nav_01885,navigable,26
north_ngindo,pp_nav_02305,improvable,3
daasanach,pp_nav_01992,navigable,15
cermik,pp_nav_01109,improvable,13
samsat,pp_nav_01119,navigable,29
samsat,pp_nav_01130,navigable,10
mosul,pp_nav_01153,navigable,14
mosul,pp_nav_01158,improvable,56
abu_kemal,pp_nav_01204,navigable,18
abu_kemal,pp_nav_01221,navigable,38
samawa,pp_nav_01300,navigable,9
samawa,pp_nav_01312,navigable,50
samawa,pp_nav_01322,navigable,42
basra,pp_nav_01326,navigable,40
basra,pp_nav_01336,navigable,5
basra,pp_nav_01346,navigable,30
numaniyyah,pp_nav_01264,navigable,32
numaniyyah,pp_nav_01273,navigable,7
pravaya_khetta,pp_nav_00067,navigable,45
avaes,pp_nav_02557,navigable,17
avaes,pp_nav_02559,navigable,73
avaes,pp_nav_02564,navigable,54
avaes,pp_nav_02568,navigable,23
yapeyu,pp_nav_02575,navigable,12
yapeyu,pp_nav_02578,navigable,46
yapeyu,pp_nav_02581,navigable,69
yapeyu,pp_nav_02586,navigable,19
patoka,pp_nav_01106,navigable,72
patoka,pp_nav_01115,navigable,41
patoka,pp_nav_01116,navigable,52
shigatse,pp_nav_01407,improvable,35
shigatse,pp_nav_01408,improvable,26
yevoyakha,pp_nav_00070,navigable,27
ramnagar_bihar,pp_nav_01477,improvable,60
ramnagar_bihar,pp_nav_01495,navigable,20
ob,pp_nav_00034,navigable,76
ob,pp_nav_00037,navigable,97
benauges,pp_nav_00967,navigable,80
pangkalan_kerinci,pp_nav_02093,navigable,61
gabin,pp_nav_00656,navigable,29
gabin,pp_nav_00661,navigable,12
kaniv,pp_nav_00753,navigable,67
kaniv,pp_nav_00757,navigable,22
maanaagi_iixodagish,pp_nav_00828,navigable,16
kracheh,pp_nav_01827,navigable,20
zharzhan,pp_nav_00010,navigable,60
unalakleet,pp_nav_00140,navigable,12
zhijiang,pp_nav_01354,improvable,18
zhijiang,pp_nav_01363,navigable,12
baxian,pp_nav_01382,improvable,38
baxian,pp_nav_01387,improvable,30
yakovlevskoye_bolshoye,pp_nav_00413,navigable,16
yakovlevskoye_bolshoye,pp_nav_00429,improvable,49
yakovlevskoye_bolshoye,pp_nav_00430,navigable,14
tana,pp_nav_00855,improvable,35
tana,pp_nav_00867,improvable,94
aigun,pp_nav_00715,improvable,14
aigun,pp_nav_00726,navigable,53
aigun,pp_nav_00736,navigable,31
aigun,pp_nav_00750,navigable,65
aigun,pp_nav_00763,navigable,13
rovnoye,pp_nav_00702,navigable,24
rovnoye,pp_nav_00722,navigable,66
rovnoye,pp_nav_00732,navigable,52
amaye,pp_nav_01241,navigable,3
matoueska,pp_nav_00930,improvable,36
eket,pp_nav_01994,navigable,22
qingjiang,pp_nav_01443,navigable,23
qingjiang,pp_nav_01460,navigable,22
zacatollan,pp_nav_01729,navigable,29
zacatollan,pp_nav_01741,improvable,10
kisatchie,pp_nav_01304,navigable,6
kisatchie,pp_nav_01309,navigable,10
kisatchie,pp_nav_01319,navigable,69
yasothon,pp_nav_01789,navigable,17
sm_algyax,pp_nav_00575,improvable,14
sm_algyax,pp_nav_00584,improvable,88
goalpara,pp_nav_01534,navigable,18
goalpara,pp_nav_01535,navigable,39
goalpara,pp_nav_01545,navigable,7
ilovlya,pp_nav_00769,navigable,15
ilovlya,pp_nav_00779,navigable,7
pingchuan,pp_nav_01449,barrier,30
pingchuan,pp_nav_01469,improvable,45
pingchuan,pp_nav_01494,navigable,5
usolye,pp_nav_00296,navigable,28
usolye,pp_nav_00314,navigable,76
usolye,pp_nav_00324,navigable,23
kasakaupuyau,pp_nav_00417,improvable,32
kasakaupuyau,pp_nav_00441,navigable,98
kasakaupuyau,pp_nav_00463,navigable,52
tyokhtyur,pp_nav_00211,navigable,50
tyokhtyur,pp_nav_00223,navigable,36
carmacks,pp_nav_00174,improvable,82
carmacks,pp_nav_00184,navigable,79
carmacks,pp_nav_00194,improvable,27
cocamas,pp_nav_02282,navigable,28
cocamas,pp_nav_02290,improvable,80
mbaiki,pp_nav_02028,navigable,2
scqescilni,pp_nav_00832,improvable,12
nlaka_pamux,pp_nav_00727,navigable,29
nlaka_pamux,pp_nav_00737,navigable,68
nlaka_pamux,pp_nav_00749,navigable,72
lai_lin_pi,pp_nav_01674,navigable,64
mackinac,pp_nav_00896,navigable,50
mackinac,pp_nav_00908,navigable,41
thilane_hot_ine,pp_nav_00388,navigable,33
thilane_hot_ine,pp_nav_00424,navigable,92
thilane_hot_ine,pp_nav_00446,navigable,98
thilane_hot_ine,pp_nav_00470,barrier,95
thilane_hot_ine,pp_nav_00475,improvable,1
andaki,pp_nav_02080,navigable,92
andaki,pp_nav_02081,navigable,77
andaki,pp_nav_02088,navigable,76
szabolcs,pp_nav_00833,navigable,21
wishram,pp_nav_00927,navigable,46
wishram,pp_nav_00929,improvable,39
arguvan,pp_nav_01092,navigable,18
kakataibo,pp_nav_02308,navigable,31
mocoa,pp_nav_02081,navigable,26
guancheng_zhengzhou,pp_nav_01208,navigable,16
guancheng_zhengzhou,pp_nav_01209,navigable,6
kapuskaywak,pp_nav_00519,navigable,29
kapuskaywak,pp_nav_00523,navigable,96
kapuskaywak,pp_nav_00524,navigable,57
chetilla,pp_nav_02263,improvable,40
chetilla,pp_nav_02273,barrier,38
sampit,pp_nav_02158,navigable,66
sagu,pp_nav_01689,navigable,7
sagu,pp_nav_01709,navigable,10
yongshun,pp_nav_01615,navigable,6
yongshun,pp_nav_01616,navigable,11
daban,pp_nav_00282,navigable,76
daban,pp_nav_00291,improvable,95
zhongmu,pp_nav_01209,navigable,26
villars,pp_nav_00920,improvable,24
amaga,pp_nav_01961,improvable,18
amaga,pp_nav_01968,navigable,40
chinook,pp_nav_00905,improvable,71
baishan,pp_nav_01615,navigable,50
baishan,pp_nav_01616,navigable,3
wanapum,pp_nav_00854,navigable,28
wanapum,pp_nav_00857,barrier,35
wanapum,pp_nav_00874,barrier,43
wanapum,pp_nav_00883,improvable,80
wanapum,pp_nav_00890,improvable,25
cukataw,pp_nav_00527,navigable,17
cukataw,pp_nav_00540,navigable,55
cukataw,pp_nav_00544,navigable,25
deskenetlata,pp_nav_00267,navigable,9
mongkawng,pp_nav_01570,navigable,48
sviyazhsk,pp_nav_00520,navigable,26
sviyazhsk,pp_nav_00533,navigable,49
sviyazhsk,pp_nav_00549,navigable,16
sviyazhsk,pp_nav_00562,navigable,8
kotto,pp_nav_02012,navigable,94
kotto,pp_nav_02013,improvable,57
kotto,pp_nav_02023,navigable,69
apure,pp_nav_01912,navigable,24
apure,pp_nav_01917,navigable,26
apure,pp_nav_01922,navigable,44
apure,pp_nav_01928,navigable,47
apure,pp_nav_01930,navigable,99
apure,pp_nav_01931,navigable,99
apure,pp_nav_01935,navigable,108
apure,pp_nav_01937,navigable,98
apure,pp_nav_01946,navigable,32
apure,pp_nav_01947,navigable,35
ahsenisiipi,pp_nav_01026,navigable,8
ahsenisiipi,pp_nav_01029,navigable,47
ahsenisiipi,pp_nav_01035,navigable,19
doustioni,pp_nav_01257,navigable,86
doustioni,pp_nav_01284,navigable,18
chatuza,pp_nav_02274,navigable,77
chatuza,pp_nav_02282,navigable,56
upper_yukon,pp_nav_00119,navigable,69
gitxsanimaax,pp_nav_00539,improvable,65
gitxsanimaax,pp_nav_00552,navigable,57
samastipur,pp_nav_01556,navigable,7
samastipur,pp_nav_01562,navigable,17
samastipur,pp_nav_01564,navigable,26
kaipeshimushich,pp_nav_00703,improvable,30
kaipeshimushich,pp_nav_00710,improvable,62
wazirabad,pp_nav_01770,navigable,24
wazirabad,pp_nav_01772,improvable,37
eminabad,pp_nav_01274,navigable,28
eminabad,pp_nav_01285,navigable,15
sialkot,pp_nav_01256,improvable,16
sialkot,pp_nav_01274,navigable,20
pindi_bhattian,pp_nav_01285,navigable,32
pindi_bhattian,pp_nav_01295,navigable,12
kondapalli,pp_nav_01770,navigable,24
kondapalli,pp_nav_01774,navigable,43
chindre,pp_nav_02485,navigable,23
chindre,pp_nav_02489,navigable,80
jammu,pp_nav_01256,improvable,23
panugallu,pp_nav_01782,navigable,28
pallakolu,pp_nav_01762,navigable,21
kingston,pp_nav_00700,improvable,20
chikowa,pp_nav_02447,navigable,30
chikowa,pp_nav_02452,navigable,30
baran,pp_nav_01417,navigable,4
baran,pp_nav_01441,improvable,29
oxford,pp_nav_00689,improvable,10
shorkot,pp_nav_01324,navigable,43
ghazipur,pp_nav_01551,navigable,2
ghazipur,pp_nav_01557,navigable,52
ghazipur,pp_nav_01559,navigable,4
kisiju,pp_nav_02299,navigable,75
kisiju,pp_nav_02302,navigable,38
dera_ghazi_khan,pp_nav_01317,navigable,8
dera_ghazi_khan,pp_nav_01348,navigable,47
dera_ghazi_khan,pp_nav_01377,navigable,20
korra,pp_nav_01510,navigable,7
korra,pp_nav_01538,navigable,9
korra,pp_nav_01539,navigable,24
korra,pp_nav_01547,navigable,18
chilas,pp_nav_01187,navigable,73
chilas,pp_nav_01188,barrier,75
jaunpur,pp_nav_01559,navigable,16
sherbro_island,pp_nav_01927,navigable,56
el_manaqil,pp_nav_01788,navigable,29
el_manaqil,pp_nav_01794,navigable,73
el_manaqil,pp_nav_01803,navigable,7
kerma,pp_nav_01697,barrier,36
kerma,pp_nav_01708,barrier,96
kerma,pp_nav_01714,barrier,15
renk,pp_nav_01822,navigable,30
renk,pp_nav_01830,navigable,55
renk,pp_nav_01841,navigable,57
guba,pp_nav_01846,improvable,23
guba,pp_nav_01853,improvable,1
al_rusayrisi,pp_nav_01831,navigable,51
al_rusayrisi,pp_nav_01842,improvable,47
al_rusayrisi,pp_nav_01846,improvable,8
ansongo,pp_nav_01783,navigable,75
ansongo,pp_nav_01787,navigable,36
gaia,pp_nav_01834,navigable,20
tu_nedhe,pp_nav_00253,navigable,92
hezhou_he,pp_nav_01297,navigable,35
dongliu,pp_nav_01351,navigable,40
st_at_imcets,pp_nav_00691,navigable,75
st_at_imcets,pp_nav_00716,barrier,12
bordowa,pp_nav_01504,navigable,30
bordowa,pp_nav_01507,navigable,10
bordowa,pp_nav_01520,navigable,50
bordowa,pp_nav_01536,navigable,39
pokiok,pp_nav_00903,navigable,15
pokiok,pp_nav_00917,navigable,6
pokiok,pp_nav_00923,navigable,3
usun,pp_nav_00657,navigable,41
usun,pp_nav_00666,navigable,92
usun,pp_nav_00685,navigable,24
drastar,pp_nav_00991,navigable,43
drastar,pp_nav_00992,improvable,29
drastar,pp_nav_00993,navigable,48
katok,pp_nav_01318,navigable,65
katok,pp_nav_01330,barrier,8
ondaimas,pp_nav_01962,navigable,39
ondaimas,pp_nav_01977,navigable,92
ondaimas,pp_nav_01996,improvable,23
nogui,pp_nav_02255,barrier,3
nogui,pp_nav_02264,navigable,40
privas,pp_nav_00969,improvable,31
qingshen,pp_nav_01364,improvable,26
qingshen,pp_nav_01391,improvable,14
tukulan,pp_nav_00141,navigable,37
tukulan,pp_nav_00147,navigable,110
mongtung,pp_nav_01693,barrier,62
mongtung,pp_nav_01706,navigable,46
chistamikap,pp_nav_00665,improvable,30
chistamikap,pp_nav_00668,navigable,98
chistamikap,pp_nav_00676,navigable,50
praiba_sul,pp_nav_02525,barrier,32
nguera,pp_nav_02193,navigable,66
nguera,pp_nav_02226,navigable,54
utlandet,pp_nav_00383,improvable,5
verkh_chebula,pp_nav_00555,navigable,38
ufa,pp_nav_00541,navigable,42
ufa,pp_nav_00553,navigable,53
ufa,pp_nav_00563,navigable,63
luocheng,pp_nav_01575,navigable,3
ava_canoeiro,pp_nav_02409,navigable,48
ava_canoeiro,pp_nav_02419,improvable,85
ava_canoeiro,pp_nav_02426,navigable,82
ava_canoeiro,pp_nav_02428,navigable,29
marimba,pp_nav_02297,improvable,48
uzes,pp_nav_00988,improvable,70
guangzhou,pp_nav_01646,navigable,9
kyat_kala,pp_nav_01022,navigable,3
kyat_kala,pp_nav_01025,navigable,49
kyat_kala,pp_nav_01031,navigable,19
stung_treng,pp_nav_01802,navigable,66
stung_treng,pp_nav_01809,navigable,49
stung_treng,pp_nav_01811,navigable,50
stung_treng,pp_nav_01815,navigable,10
stung_treng,pp_nav_01817,navigable,15
xerente,pp_nav_02327,navigable,18
xerente,pp_nav_02329,navigable,18
xerente,pp_nav_02346,navigable,77
lyon,pp_nav_00920,improvable,38
chastye,pp_nav_00433,navigable,32
chastye,pp_nav_00445,navigable,44
chastye,pp_nav_00448,navigable,20
purnia,pp_nav_01563,navigable,26
bia_mbya,pp_nav_02443,navigable,26
bia_mbya,pp_nav_02458,navigable,37
khakhaly,pp_nav_00483,navigable,23
khakhaly,pp_nav_00506,navigable,55
muarakaman,pp_nav_02094,navigable,23
muarakaman,pp_nav_02104,navigable,47
muarakaman,pp_nav_02106,navigable,10
kutarka,pp_nav_00408,navigable,43
kutarka,pp_nav_00420,improvable,53
putyatino,pp_nav_00573,navigable,21
kitchissippi,pp_nav_00930,improvable,16
kitchissippi,pp_nav_00933,navigable,10
kitchissippi,pp_nav_00939,navigable,22
kitchissippi,pp_nav_00942,navigable,65
lheidlit_en,pp_nav_00588,improvable,89
lheidlit_en,pp_nav_00592,improvable,88
lheidlit_en,pp_nav_00604,navigable,9
reading,pp_nav_00689,improvable,10
reading,pp_nav_00697,improvable,2
shopando,pp_nav_01337,barrier,82
oleshia,pp_nav_00885,navigable,8
sittaung,pp_nav_01752,navigable,25
luoxiu,pp_nav_01637,navigable,31
cangxi,pp_nav_01286,improvable,34
cangxi,pp_nav_01303,navigable,16
cayubaba,pp_nav_02390,navigable,31
cayubaba,pp_nav_02404,navigable,56
kolchugino,pp_nav_00517,navigable,44
kolchugino,pp_nav_00529,navigable,83
kolchugino,pp_nav_00545,navigable,77
kolchugino,pp_nav_00555,navigable,76
kolchugino,pp_nav_00568,navigable,26
mocana,pp_nav_01848,navigable,85
tillamook,pp_nav_00905,improvable,2
kostroma,pp_nav_00407,navigable,46
kostroma,pp_nav_00411,navigable,14
kostroma,pp_nav_00413,navigable,61
kostroma,pp_nav_00426,improvable,97
kostroma,pp_nav_00427,navigable,3
kostroma,pp_nav_00429,improvable,47
kostroma,pp_nav_00430,navigable,9
oahaha,pp_nav_01060,navigable,45
oahaha,pp_nav_01072,navigable,96
oahaha,pp_nav_01081,improvable,16
yichuan,pp_nav_01159,improvable,35
hamburg,pp_nav_00607,navigable,46
koponovo,pp_nav_00573,navigable,58
koponovo,pp_nav_00583,improvable,14
sapukaia,pp_nav_02504,improvable,45
sapukaia,pp_nav_02505,navigable,54
sapukaia,pp_nav_02506,improvable,12
sapukaia,pp_nav_02510,navigable,5
sapukaia,pp_nav_02512,navigable,4
murri,pp_nav_01909,navigable,1
murri,pp_nav_01939,navigable,38
magyarovar,pp_nav_00824,improvable,83
kyyindy,pp_nav_02547,navigable,42
kyyindy,pp_nav_02554,navigable,18
ban_luang_cheng,pp_nav_01687,navigable,46
ban_luang_cheng,pp_nav_01700,barrier,13
caroni,pp_nav_01902,navigable,55
caroni,pp_nav_01904,navigable,70
caroni,pp_nav_01907,navigable,83
caroni,pp_nav_01910,navigable,44
caroni,pp_nav_01936,navigable,62
porangatu,pp_nav_02376,navigable,64
porangatu,pp_nav_02387,navigable,100
porangatu,pp_nav_02402,navigable,45
porangatu,pp_nav_02409,navigable,38
ceheng,pp_nav_01581,navigable,42
ceheng,pp_nav_01584,barrier,40
kalispel,pp_nav_00785,improvable,8
kalispel,pp_nav_00805,improvable,112
kalispel,pp_nav_00818,navigable,25
hezhou,pp_nav_01173,improvable,6
xincheng_xincheng,pp_nav_01616,navigable,57
qonirat,pp_nav_01009,navigable,35
chom_khao_maneerat,pp_nav_01703,improvable,9
chom_khao_maneerat,pp_nav_01705,navigable,46
chom_khao_maneerat,pp_nav_01711,navigable,15
kazhi,pp_nav_01372,navigable,48
ibi,pp_nav_01901,navigable,87
ibi,pp_nav_01908,navigable,55
kichkas,pp_nav_00810,navigable,34
kichkas,pp_nav_00834,navigable,15
nong_bok,pp_nav_01757,navigable,20
nong_bok,pp_nav_01768,navigable,10
myedu,pp_nav_01626,navigable,11
myedu,pp_nav_01647,navigable,1
kamchatsk,pp_nav_00485,navigable,55
kamchatsk,pp_nav_00489,improvable,44
kalapuya,pp_nav_00956,navigable,16
aruamu,pp_nav_02225,navigable,76
boluo,pp_nav_01635,navigable,37
boluo,pp_nav_01645,navigable,32
gananoque,pp_nav_00977,navigable,46
pyay,pp_nav_01718,navigable,16
pyay,pp_nav_01722,navigable,26
pyay,pp_nav_01731,navigable,11
bakhtinsky,pp_nav_00185,navigable,37
bakhtinsky,pp_nav_00197,navigable,96
bakhtinsky,pp_nav_00210,navigable,97
bakhtinsky,pp_nav_00212,navigable,96
bakhtinsky,pp_nav_00217,navigable,71
porto_tibirica,pp_nav_02518,navigable,40
porto_tibirica,pp_nav_02524,navigable,77
porto_tibirica,pp_nav_02528,navigable,56
porto_tibirica,pp_nav_02529,improvable,74
porto_tibirica,pp_nav_02530,navigable,60
porto_tibirica,pp_nav_02531,navigable,45
yunyang,pp_nav_01332,navigable,24
yunyang,pp_nav_01338,improvable,46
angers,pp_nav_00858,navigable,18
angers,pp_nav_00861,navigable,17
chudovo,pp_nav_00310,navigable,15
chudovo,pp_nav_00329,navigable,98
chudovo,pp_nav_00345,navigable,60
akwen,pp_nav_02461,navigable,41
akwen,pp_nav_02468,navigable,24
tsa_tinne,pp_nav_00488,navigable,96
tsa_tinne,pp_nav_00492,improvable,4
tsa_tinne,pp_nav_00498,improvable,94
mrauk_u,pp_nav_01684,navigable,25
piratinin,pp_nav_02595,navigable,24
xunyang,pp_nav_01262,barrier,75
xunyang,pp_nav_01265,navigable,6
xunyang,pp_nav_01268,barrier,18
qashliq,pp_nav_00332,navigable,54
qashliq,pp_nav_00342,navigable,92
qashliq,pp_nav_00359,navigable,79
qashliq,pp_nav_00375,navigable,88
qashliq,pp_nav_00384,navigable,19
mang_viet,pp_nav_01679,navigable,38
mang_viet,pp_nav_01685,improvable,78
chai_nat,pp_nav_01795,navigable,1
uru_pa_in,pp_nav_02368,navigable,12
towosaghy,pp_nav_01127,navigable,51
towosaghy,pp_nav_01140,navigable,14
towosaghy,pp_nav_01147,navigable,22
towosaghy,pp_nav_01155,navigable,65
towosaghy,pp_nav_01162,navigable,22
tawahka,pp_nav_01793,navigable,23
tawahka,pp_nav_01797,navigable,14
jiyin,pp_nav_01183,navigable,10
tetyushi,pp_nav_00562,navigable,39
tetyushi,pp_nav_00576,navigable,3
tucho,pp_nav_00226,navigable,30
rajanari,pp_nav_01502,improvable,6
bororos,pp_nav_02490,navigable,54
bororos,pp_nav_02491,navigable,52
bororos,pp_nav_02492,navigable,62
bororos,pp_nav_02496,navigable,40
bororos,pp_nav_02499,navigable,60
bororos,pp_nav_02502,navigable,79
bororos,pp_nav_02503,navigable,7
educhanka,pp_nav_00368,improvable,2
educhanka,pp_nav_00409,navigable,79
educhanka,pp_nav_00449,navigable,107
verkhotomsk,pp_nav_00484,navigable,22
verkhotomsk,pp_nav_00517,navigable,47
verkhotomsk,pp_nav_00529,navigable,49
verkhotomsk,pp_nav_00545,navigable,49
verkhotomsk,pp_nav_00555,navigable,15
xicheng,pp_nav_01268,barrier,33
beya,pp_nav_00602,improvable,50
beya,pp_nav_00620,improvable,78
beya,pp_nav_00637,barrier,49
jishi,pp_nav_01166,improvable,23
jishi,pp_nav_01169,improvable,50
jishi,pp_nav_01173,improvable,4
chagu,pp_nav_00994,navigable,16
chagu,pp_nav_01014,navigable,8
sodankyla,pp_nav_00046,improvable,30
halchidoma,pp_nav_01219,navigable,7
halchidoma,pp_nav_01232,navigable,96
halchidoma,pp_nav_01239,navigable,50
wied,pp_nav_00725,improvable,8
wied,pp_nav_00735,improvable,18
akokpaq,pp_nav_00309,navigable,94
akokpaq,pp_nav_00322,navigable,28
chiripa,pp_nav_02532,navigable,15
chiripa,pp_nav_02534,navigable,34
chiripa,pp_nav_02538,navigable,44
weskarini,pp_nav_00933,navigable,31
xicallanco,pp_nav_01739,navigable,34
araska,pp_nav_01117,improvable,30
araska,pp_nav_01125,barrier,71
araska,pp_nav_01137,improvable,12
maracoa,pp_nav_01987,navigable,13
maracoa,pp_nav_01990,navigable,74
maracoa,pp_nav_01993,navigable,69
maracoa,pp_nav_01999,navigable,97
maracoa,pp_nav_02011,navigable,98
maracoa,pp_nav_02014,navigable,43
maracoa,pp_nav_02017,navigable,61
changan,pp_nav_01575,navigable,50
mucajai,pp_nav_02064,navigable,53
mucajai,pp_nav_02074,navigable,94
itanagar,pp_nav_01493,navigable,33
itanagar,pp_nav_01507,navigable,4
itaboa,pp_nav_02388,navigable,80
itaboa,pp_nav_02392,navigable,91
itaboa,pp_nav_02398,navigable,27
silam,pp_nav_01793,navigable,33
silam,pp_nav_01797,navigable,16
ferrara,pp_nav_00963,navigable,21
ferrara,pp_nav_00966,navigable,45
batamay,pp_nav_00135,navigable,56
batamay,pp_nav_00139,navigable,31
batamay,pp_nav_00145,navigable,31
pakokku,pp_nav_01661,navigable,44
pakokku,pp_nav_01680,navigable,25
alat,pp_nav_01071,navigable,54
alat,pp_nav_01079,navigable,28
sandonnino,pp_nav_00959,navigable,11
mumbos,pp_nav_02297,improvable,2
aslan_horod,pp_nav_00875,navigable,59
aslan_horod,pp_nav_00885,navigable,62
cheremkhovo,pp_nav_00603,navigable,17
cheremkhovo,pp_nav_00641,improvable,53
kalmanka,pp_nav_00617,navigable,20
kalmanka,pp_nav_00639,navigable,53
kalmanka,pp_nav_00649,navigable,104
adyumba,pp_nav_02105,navigable,18
adyumba,pp_nav_02115,navigable,52
adyumba,pp_nav_02121,navigable,65
guarzo,pp_nav_01961,improvable,9
guarzo,pp_nav_01968,navigable,30
yukonda,pp_nav_00257,navigable,3
yukonda,pp_nav_00273,navigable,69
yukonda,pp_nav_00284,navigable,27
yukonda,pp_nav_00299,navigable,22
yukonda,pp_nav_00306,navigable,46
paranabuku,pp_nav_02316,navigable,42
paranabuku,pp_nav_02324,navigable,61
chucutitlan,pp_nav_01727,improvable,51
chucutitlan,pp_nav_01729,navigable,44
chucutitlan,pp_nav_01741,improvable,78
kangu,pp_nav_01151,improvable,6
kangu,pp_nav_01157,improvable,71
kangu,pp_nav_01165,navigable,3
sakawyiniw,pp_nav_00470,barrier,4
sakawyiniw,pp_nav_00475,improvable,75
mum,pp_nav_02225,navigable,19
novosyolovo,pp_nav_00515,navigable,20
novosyolovo,pp_nav_00538,navigable,47
novosyolovo,pp_nav_00554,navigable,48
novosyolovo,pp_nav_00564,navigable,39
liubech,pp_nav_00682,navigable,55
liubech,pp_nav_00704,navigable,4
madi_yuanling,pp_nav_01430,improvable,53
madi_yuanling,pp_nav_01434,navigable,24
mindon,pp_nav_01718,navigable,14
mindon,pp_nav_01722,navigable,18
bimbia,pp_nav_02031,navigable,27
liambye,pp_nav_02403,navigable,5
lega_kongo,pp_nav_02170,improvable,19
amnye_machen,pp_nav_01176,barrier,21
amnye_machen,pp_nav_01192,barrier,25
kapuas,pp_nav_02155,navigable,1
solothurn,pp_nav_00846,improvable,3
gucheng,pp_nav_01275,improvable,28
gucheng,pp_nav_01288,navigable,21
zimba,pp_nav_02165,navigable,67
zimba,pp_nav_02170,improvable,71
zimba,pp_nav_02193,navigable,48
acoroazes,pp_nav_02341,navigable,99
acoroazes,pp_nav_02352,navigable,32
ostrovskoye,pp_nav_00426,improvable,3
ostrovskoye,pp_nav_00427,navigable,86
ostrovskoye,pp_nav_00430,navigable,40
ostrovskoye,pp_nav_00436,navigable,4
tamu,pp_nav_01605,improvable,26
tamu,pp_nav_01620,improvable,35
kaitangata,pp_nav_02634,improvable,6
siya,pp_nav_00126,navigable,14
siya,pp_nav_00133,navigable,96
siya,pp_nav_00149,navigable,40
siya,pp_nav_00155,navigable,56
scheibbs,pp_nav_00819,navigable,9
tomakivka,pp_nav_00810,navigable,18
tomakivka,pp_nav_00834,navigable,56
tomakivka,pp_nav_00847,navigable,13
amstetten,pp_nav_00813,improvable,31
amstetten,pp_nav_00819,navigable,5
freistadt,pp_nav_00813,improvable,18
wycombe,pp_nav_00697,improvable,21
mariocai,pp_nav_02119,navigable,44
brass,pp_nav_02000,navigable,26
brass,pp_nav_02018,navigable,38
tanjung_palas,pp_nav_02058,navigable,54
qichun,pp_nav_01368,navigable,21
yaguari_guazu,pp_nav_02593,navigable,38
yaguari_guazu,pp_nav_02597,navigable,43
kengkham,pp_nav_01675,navigable,55
kengkham,pp_nav_01688,improvable,29
kengkham,pp_nav_01693,barrier,2
tulsa,pp_nav_01180,navigable,46
kamyshnoye,pp_nav_00543,navigable,51
kamyshnoye,pp_nav_00557,navigable,24
kamyshnoye,pp_nav_00570,navigable,8
glukharinyi,pp_nav_00097,navigable,93
glukharinyi,pp_nav_00103,improvable,47
araripocone,pp_nav_02491,navigable,6
araripocone,pp_nav_02492,navigable,47
tula_ark,pp_nav_01190,navigable,81
tula_ark,pp_nav_01191,navigable,64
mbya,pp_nav_02541,navigable,22
mbya,pp_nav_02542,navigable,37
mbya,pp_nav_02543,navigable,11
mbya,pp_nav_02546,navigable,40
mbya,pp_nav_02548,improvable,70
mbya,pp_nav_02549,navigable,31
mbya,pp_nav_02550,improvable,26
idah,pp_nav_01929,navigable,82
idah,pp_nav_01954,navigable,3
awadh,pp_nav_01498,navigable,31
awadh,pp_nav_01505,navigable,45
tehcha,pp_nav_00719,navigable,10
tehcha,pp_nav_00736,navigable,43
tehcha,pp_nav_00750,navigable,56
tehcha,pp_nav_00763,navigable,81
el_mahalla,pp_nav_01311,navigable,6
el_mahalla,pp_nav_01341,navigable,5
qalyub,pp_nav_01365,navigable,32
el_bahnasa,pp_nav_01401,navigable,21
el_bahnasa,pp_nav_01427,navigable,37
el_balyana,pp_nav_01489,navigable,5
el_balyana,pp_nav_01509,navigable,46
el_balyana,pp_nav_01532,navigable,6
acholi,pp_nav_02042,navigable,71
nindi,pp_nav_02384,navigable,49
urfa,pp_nav_01119,navigable,21
malatya,pp_nav_01092,navigable,17
malatya,pp_nav_01104,navigable,49
saumur,pp_nav_00861,navigable,70
kahta,pp_nav_01109,improvable,9
kahta,pp_nav_01119,navigable,40
anah,pp_nav_01221,navigable,15
anah,pp_nav_01225,navigable,33
kufa,pp_nav_01281,navigable,40
kufa,pp_nav_01300,navigable,7
bakusaya,pp_nav_01273,navigable,24
bakusaya,pp_nav_01276,navigable,17
abadan,pp_nav_01362,navigable,77
nasiriyah,pp_nav_01312,navigable,35
nasiriyah,pp_nav_01322,navigable,49
manbij,pp_nav_01143,navigable,30
manbij,pp_nav_01154,navigable,26
aguacana,pp_nav_01727,improvable,9
orasul_de_floci,pp_nav_00954,navigable,18
orasul_de_floci,pp_nav_00981,navigable,28
amahami,pp_nav_00851,navigable,23
amahami,pp_nav_00863,navigable,15
yunxi,pp_nav_01265,navigable,32
lamas,pp_nav_02282,navigable,26
nasacauso,pp_nav_00672,navigable,97
nasacauso,pp_nav_00676,navigable,21
kamashikamach,pp_nav_00706,navigable,21
kamashikamach,pp_nav_00710,improvable,6
churkampa,pp_nav_02395,barrier,71
segyan_kyuyol,pp_nav_00135,navigable,56
segyan_kyuyol,pp_nav_00139,navigable,29
kitchawanc,pp_nav_01023,navigable,38
kitchawanc,pp_nav_01030,navigable,23
matabichuan,pp_nav_00873,navigable,6
tesinigh,pp_nav_01069,improvable,2
pesaguan,pp_nav_02133,navigable,34
marapa,pp_nav_00906,navigable,65
marapa,pp_nav_00907,navigable,58
marapa,pp_nav_00928,navigable,57
kazungala,pp_nav_02480,navigable,40
kazungala,pp_nav_02482,barrier,18
ayodhya,pp_nav_01795,navigable,43
ayodhya,pp_nav_01805,navigable,75
chennur,pp_nav_01721,navigable,2
monghyr,pp_nav_01562,navigable,45
monghyr,pp_nav_01568,navigable,2
muichi,pp_nav_02257,navigable,21
muichi,pp_nav_02266,navigable,31
muichi,pp_nav_02270,navigable,24
ganatchio,pp_nav_01021,navigable,40
yguazu,pp_nav_02548,improvable,43
yguazu,pp_nav_02550,improvable,13
yguazu,pp_nav_02552,navigable,99
yguazu,pp_nav_02560,improvable,8
yguazu,pp_nav_02562,navigable,42
qianyang_yuanzhou,pp_nav_01483,navigable,67
dzogang,pp_nav_01378,improvable,53
dzogang,pp_nav_01397,improvable,89
connatachequa,pp_nav_01055,navigable,29
ayvu_pora,pp_nav_02526,navigable,84
ayvu_pora,pp_nav_02533,navigable,71
ayvu_pora,pp_nav_02535,navigable,45
aguyaq,pp_nav_00322,navigable,67
aguyaq,pp_nav_00328,navigable,50
twante,pp_nav_01759,navigable,22
twante,pp_nav_01767,navigable,7
saskatchewan,pp_nav_00594,navigable,99
saskatchewan,pp_nav_00596,navigable,87
lamego,pp_nav_01038,barrier,68
humar,pp_nav_00640,navigable,18
humar,pp_nav_00650,navigable,49
humar,pp_nav_00660,navigable,61
humar,pp_nav_00674,improvable,59
lai_chau,pp_nav_01664,navigable,9
yidu,pp_nav_01354,improvable,30
kharak,pp_nav_01318,navigable,1
chalten,pp_nav_02636,improvable,27
chalten,pp_nav_02637,improvable,96
chalten,pp_nav_02638,improvable,99
chalten,pp_nav_02639,improvable,48
fengle,pp_nav_01296,navigable,11
fengle,pp_nav_01310,navigable,35
khoai_chau,pp_nav_01682,navigable,1
khoai_chau,pp_nav_01691,navigable,25
ust_maia,pp_nav_00274,navigable,43
kheong,pp_nav_01413,navigable,35
kheong,pp_nav_01433,barrier,93
tutong,pp_nav_02022,navigable,24
ruichang,pp_nav_01386,navigable,12
tampu_machay,pp_nav_02389,improvable,48
tampu_machay,pp_nav_02395,barrier,22
tocaima,pp_nav_02021,navigable,68
tocaima,pp_nav_02038,navigable,6
kistapinan,pp_nav_00627,improvable,82
wolinak,pp_nav_00878,barrier,6
guayaquil,pp_nav_02148,navigable,7
calli,pp_nav_00540,navigable,26
calli,pp_nav_00544,navigable,24
kwatsaan,pp_nav_01239,navigable,48
kwatsaan,pp_nav_01255,improvable,51
thandaunggyi,pp_nav_01730,navigable,6
syagannaax,pp_nav_00022,improvable,98
syagannaax,pp_nav_00023,navigable,34
syagannaax,pp_nav_00024,improvable,69
dinghu,pp_nav_01114,barrier,18
dinghu,pp_nav_01131,navigable,21
mamyn,pp_nav_00684,navigable,54
yedey,pp_nav_00238,navigable,20
yedey,pp_nav_00244,navigable,98
yedey,pp_nav_00252,improvable,75
saint_paul_river,pp_nav_01945,navigable,23
saint_paul_river,pp_nav_01955,improvable,42
lihua,pp_nav_01660,navigable,4
dergaon,pp_nav_01493,navigable,26
dergaon,pp_nav_01499,navigable,7
amalyk,pp_nav_00423,navigable,97
amalyk,pp_nav_00444,barrier,77
amalyk,pp_nav_00459,navigable,79
amalyk,pp_nav_00473,navigable,22
hulu_pawan,pp_nav_02133,navigable,3
yuanyang,pp_nav_01208,navigable,25
yuanyang,pp_nav_01209,navigable,48
dobrzyn,pp_nav_00647,improvable,53
dobrzyn,pp_nav_00656,navigable,18
la_tour_du_pin,pp_nav_00920,improvable,5
boas,pp_nav_01821,navigable,7
goupingguan,pp_nav_01268,barrier,52
dechang,pp_nav_01469,improvable,29
belaga,pp_nav_02063,navigable,22
nomatsigenga,pp_nav_02366,improvable,53
nomatsigenga,pp_nav_02380,improvable,52
mahony,pp_nav_00091,improvable,123
mahony,pp_nav_00093,improvable,53
mahony,pp_nav_00096,navigable,93
mahony,pp_nav_00104,navigable,3
mahates,pp_nav_01848,navigable,4
mahates,pp_nav_01862,navigable,56
nurgan,pp_nav_00630,barrier,93
nurgan,pp_nav_00643,barrier,28
barotse_kongo,pp_nav_02403,navigable,49
kangule,pp_nav_02261,navigable,61
kangule,pp_nav_02276,improvable,25
mulhouse,pp_nav_00831,improvable,22
sura,pp_nav_02481,navigable,19
sura,pp_nav_02483,navigable,51
junk_river,pp_nav_01967,improvable,47
langzhong,pp_nav_01303,navigable,48
tiel,pp_nav_00678,navigable,17
tiel,pp_nav_00680,navigable,23
rampart,pp_nav_00073,navigable,81
rampart,pp_nav_00078,improvable,55
rampart,pp_nav_00092,navigable,52
machaqa,pp_nav_02473,navigable,2
huarong,pp_nav_01388,navigable,19
talok,pp_nav_01669,navigable,24
talok,pp_nav_01680,navigable,9
kadyy,pp_nav_00427,navigable,10
kadyy,pp_nav_00432,navigable,41
kadyy,pp_nav_00436,navigable,23
archar,pp_nav_00996,navigable,22
makunda,pp_nav_02297,improvable,36
bakele_kongo,pp_nav_02099,improvable,50
bakele_kongo,pp_nav_02105,navigable,49
bakele_kongo,pp_nav_02116,improvable,32
huaiyuan,pp_nav_01261,navigable,9
huaiyuan,pp_nav_01263,navigable,21
akhsisek,pp_nav_01112,navigable,44
akhsisek,pp_nav_01123,navigable,48
khaliajuri,pp_nav_01578,navigable,21
khaliajuri,pp_nav_01590,navigable,80
khaliajuri,pp_nav_01595,navigable,16
khaliajuri,pp_nav_01600,navigable,31
simiti,pp_nav_01897,navigable,49
simiti,pp_nav_01898,navigable,9
simiti,pp_nav_01921,navigable,81
simiti,pp_nav_01943,navigable,2
mallig,pp_nav_01755,navigable,46
puctlan,pp_nav_01726,navigable,10
narsinghpur,pp_nav_01694,navigable,17
narsinghpur,pp_nav_01698,navigable,26
narsinghpur,pp_nav_01702,navigable,22
jalandhar,pp_nav_01323,navigable,18
jalandhar,pp_nav_01333,navigable,32
ghotki,pp_nav_01436,navigable,21
ghotki,pp_nav_01452,navigable,28
bihar_sharif,pp_nav_01556,navigable,20
bihar_sharif,pp_nav_01564,navigable,25
buxar,pp_nav_01551,navigable,11
buxar,pp_nav_01557,navigable,35
abutua,pp_nav_02460,navigable,9
abutua,pp_nav_02467,navigable,52
abutua,pp_nav_02472,navigable,58
abutua,pp_nav_02479,navigable,61
abutua,pp_nav_02487,barrier,9
rekapalle,pp_nav_01728,navigable,47
rekapalle,pp_nav_01746,navigable,47
rekapalle,pp_nav_01756,navigable,26
kohat,pp_nav_01236,improvable,22
kohat,pp_nav_01246,navigable,31
ancuase,pp_nav_02449,improvable,26
ancuase,pp_nav_02459,improvable,88
ancuase,pp_nav_02465,improvable,89
ancuase,pp_nav_02470,improvable,88
ancuase,pp_nav_02477,navigable,21
khairpur,pp_nav_01381,navigable,27
khairpur,pp_nav_01394,navigable,15
suket,pp_nav_01308,barrier,36
suket,pp_nav_01314,navigable,31
jijial,pp_nav_01195,navigable,64
firozpur,pp_nav_01323,navigable,33
firozpur,pp_nav_01327,navigable,44
sehwan,pp_nav_01497,navigable,9
sehwan,pp_nav_01519,navigable,20
shankargah,pp_nav_01561,navigable,37
shankargah,pp_nav_01567,navigable,14
shankargah,pp_nav_01571,navigable,21
peshawar,pp_nav_01228,improvable,43
peshawar,pp_nav_01230,improvable,2
peshawar,pp_nav_01233,navigable,46
peshawar,pp_nav_01236,improvable,40
moro_sindh,pp_nav_01519,navigable,49
moro_sindh,pp_nav_01542,navigable,9
lalpur,pp_nav_01224,improvable,72
lalpur,pp_nav_01228,improvable,70
tangir,pp_nav_01187,navigable,12
ukunzu,pp_nav_01954,navigable,47
arochukwu,pp_nav_01978,navigable,12
arochukwu,pp_nav_01994,navigable,68
dongola,pp_nav_01714,barrier,83
dongola,pp_nav_01724,barrier,98
dongola,pp_nav_01745,barrier,17
sennar,pp_nav_01801,navigable,16
sennar,pp_nav_01810,navigable,86
sennar,pp_nav_01819,navigable,26
fazughli,pp_nav_01831,navigable,3
fazughli,pp_nav_01842,improvable,52
fazughli,pp_nav_01846,improvable,34
fazughli,pp_nav_01853,improvable,41
fazughli,pp_nav_01858,improvable,48
sai,pp_nav_01677,barrier,71
sai,pp_nav_01686,barrier,94
sai,pp_nav_01697,barrier,62
dieribakoro,pp_nav_01844,navigable,30
cananeia,pp_nav_02545,navigable,30
dantu,pp_nav_01293,navigable,8
kilemba,pp_nav_02291,navigable,17
assereniet,pp_nav_01084,navigable,41
assereniet,pp_nav_01091,navigable,1
assereniet,pp_nav_01099,navigable,1
guntur,pp_nav_01770,navigable,43
guntur,pp_nav_01774,navigable,32
jiangyin,pp_nav_01293,navigable,27
fanchang,pp_nav_01313,navigable,27
wuwei,pp_nav_01313,navigable,48
wuwei,pp_nav_01325,navigable,15
yingshang,pp_nav_01272,navigable,8
yingshang,pp_nav_01277,navigable,31
wujin,pp_nav_01293,navigable,5
haining,pp_nav_01343,improvable,37
mindouli,pp_nav_02245,barrier,18
mindouli,pp_nav_02247,barrier,3
inbatskoye,pp_nav_00101,navigable,43
inbatskoye,pp_nav_00110,navigable,43
inbatskoye,pp_nav_00116,navigable,99
inbatskoye,pp_nav_00128,navigable,44
inbatskoye,pp_nav_00144,navigable,70
apiaka,pp_nav_02349,navigable,48
surgut,pp_nav_00230,navigable,99
surgut,pp_nav_00233,navigable,98
surgut,pp_nav_00235,navigable,98
surgut,pp_nav_00236,navigable,55
kozmodemyansk,pp_nav_00481,navigable,64
kozmodemyansk,pp_nav_00494,navigable,9
arraias,pp_nav_02402,navigable,53
arraias,pp_nav_02409,navigable,18
kailali,pp_nav_01424,navigable,69
kailali,pp_nav_01432,improvable,60
karendo,pp_nav_02594,navigable,14
karendo,pp_nav_02596,navigable,72
karendo,pp_nav_02598,navigable,19
karendo,pp_nav_02599,navigable,10
grudziadz,pp_nav_00598,navigable,21
dubovskoye,pp_nav_00820,navigable,6
dubovskoye,pp_nav_00839,navigable,59
dubovskoye,pp_nav_00842,navigable,31
teweh,pp_nav_02120,navigable,61
tanana,pp_nav_00078,improvable,27
tanana,pp_nav_00082,navigable,94
tanana,pp_nav_00086,barrier,1
tanana,pp_nav_00092,navigable,46
samba,pp_nav_02143,navigable,35
kortuz,pp_nav_00538,navigable,45
kortuz,pp_nav_00554,navigable,59
kortuz,pp_nav_00564,navigable,46
kortuz,pp_nav_00580,navigable,36
taragui,pp_nav_02576,navigable,22
taragui,pp_nav_02582,navigable,1
kushinagar,pp_nav_01477,improvable,24
kushinagar,pp_nav_01495,navigable,21
ahuya_yari,pp_nav_01793,navigable,24
astrakhan,pp_nav_00894,navigable,26
astrakhan,pp_nav_00911,navigable,33
valence,pp_nav_00969,improvable,57
takspaslama,pp_nav_00925,navigable,38
uruguay,pp_nav_02562,navigable,12
uruguay,pp_nav_02569,improvable,45
uruguay,pp_nav_02570,navigable,40
uruguay,pp_nav_02572,navigable,46
uruguay,pp_nav_02573,navigable,48
uruguay,pp_nav_02575,navigable,36
zhaozhou_jurchen,pp_nav_00935,navigable,36
zhaozhou_jurchen,pp_nav_00940,navigable,32
sienzhou,pp_nav_01609,navigable,4
sienzhou,pp_nav_01615,navigable,3
zhatai,pp_nav_00192,navigable,89
zhatai,pp_nav_00196,navigable,38
zhatai,pp_nav_00211,navigable,46
kuruaya,pp_nav_02141,navigable,72
kuruaya,pp_nav_02142,navigable,41
allakaket,pp_nav_00073,navigable,16
allakaket,pp_nav_00078,improvable,43
bolotnye,pp_nav_00456,navigable,77
bolotnye,pp_nav_00465,navigable,83
bolotnye,pp_nav_00468,navigable,73
bolotnye,pp_nav_00484,navigable,70
bolotnye,pp_nav_00496,navigable,67
bolotnye,pp_nav_00517,navigable,31
bolotnye,pp_nav_00526,navigable,81
bolotnye,pp_nav_00542,navigable,72
bolotnye,pp_nav_00566,navigable,3
bangui,pp_nav_02008,navigable,48
bangui,pp_nav_02028,navigable,69
bangui,pp_nav_02052,navigable,105
bangui,pp_nav_02065,navigable,45
kaapor,pp_nav_02131,navigable,33
kulpi,pp_nav_01657,navigable,10
barito,pp_nav_02120,navigable,31
barito,pp_nav_02135,navigable,55
wari,pp_nav_02336,navigable,46
wari,pp_nav_02337,navigable,29
rampa,pp_nav_01756,navigable,44
rampa,pp_nav_01762,navigable,6
qasba,pp_nav_01623,navigable,3
qasba,pp_nav_01633,navigable,35
mamachatpam,pp_nav_00883,improvable,24
mamachatpam,pp_nav_00890,improvable,79
mamachatpam,pp_nav_00898,navigable,28
mamachatpam,pp_nav_00918,navigable,3
konwargaon,pp_nav_01455,navigable,17
konwargaon,pp_nav_01473,navigable,66
konwargaon,pp_nav_01486,navigable,16
konwargaon,pp_nav_01493,navigable,9
konwargaon,pp_nav_01499,navigable,23
pelalawan,pp_nav_02093,navigable,55
cayapo,pp_nav_02490,navigable,20
yibin,pp_nav_01428,navigable,62
yibin,pp_nav_01429,improvable,26
bodrog,pp_nav_00891,navigable,13
bodrog,pp_nav_00912,navigable,28
snt_t_ulix,pp_nav_00800,navigable,27
snt_t_ulix,pp_nav_00830,navigable,5
zainsk,pp_nav_00522,navigable,43
zainsk,pp_nav_00527,navigable,56
hytop,pp_nav_01207,navigable,25
hytop,pp_nav_01216,navigable,38
linxi,pp_nav_01467,improvable,8
linxi,pp_nav_01475,navigable,99
linxi,pp_nav_01500,barrier,6
zheshart,pp_nav_00190,navigable,79
zheshart,pp_nav_00191,navigable,6
zheshart,pp_nav_00195,navigable,123
nikolsky_pogost,pp_nav_00347,navigable,15
nikolsky_pogost,pp_nav_00349,navigable,81
nikolsky_pogost,pp_nav_00367,navigable,113
nikolsky_pogost,pp_nav_00369,improvable,96
nikolsky_pogost,pp_nav_00395,navigable,67
ragnit,pp_nav_00558,improvable,16
ragnit,pp_nav_00560,navigable,63
tongle,pp_nav_01572,navigable,27
tongle,pp_nav_01581,navigable,15
siberia_bor,pp_nav_00217,navigable,27
siberia_bor,pp_nav_00227,navigable,42
natchez,pp_nav_01298,navigable,49
natchez,pp_nav_01320,navigable,47
smederevo,pp_nav_00974,navigable,50
smederevo,pp_nav_00976,navigable,6
qiaokou,pp_nav_01451,navigable,11
sailahai,pp_nav_01176,barrier,16
sailahai,pp_nav_01192,barrier,48
sailahai,pp_nav_01214,navigable,55
batang_tabir,pp_nav_02128,navigable,10
batang_tabir,pp_nav_02140,navigable,45
qidong,pp_nav_01135,navigable,12
qidong,pp_nav_01145,navigable,3
tansen,pp_nav_01466,improvable,23
tansen,pp_nav_01477,improvable,15
pozega,pp_nav_00949,navigable,4
pozega,pp_nav_00955,navigable,40
pozega,pp_nav_00958,navigable,1
tiete,pp_nav_02515,navigable,29
tiete,pp_nav_02517,navigable,49
tiete,pp_nav_02519,navigable,7
utaya,pp_nav_00065,navigable,13
gurupi,pp_nav_02346,navigable,5
gurupi,pp_nav_02357,navigable,68
gurupi,pp_nav_02365,navigable,67
gurupi,pp_nav_02376,navigable,29
hejiang,pp_nav_01421,improvable,27
hejiang,pp_nav_01425,improvable,9
nadi,pp_nav_01572,navigable,25
nadi,pp_nav_01576,navigable,73
semikarakorsk,pp_nav_00848,navigable,97
semikarakorsk,pp_nav_00849,navigable,2
semikarakorsk,pp_nav_00855,improvable,11
agen,pp_nav_00983,improvable,9
nariele,pp_nav_02413,navigable,29
nariele,pp_nav_02420,navigable,23
igaracu,pp_nav_02175,navigable,42
markham,pp_nav_01360,navigable,17
markham,pp_nav_01390,navigable,8
sol_velikaya,pp_nav_00411,navigable,47
bida,pp_nav_01873,navigable,82
vazhiny,pp_nav_00248,improvable,77
vazhiny,pp_nav_00251,navigable,34
arechuna,pp_nav_01912,navigable,37
arechuna,pp_nav_01914,navigable,41
arechuna,pp_nav_01946,navigable,34
arechuna,pp_nav_01949,navigable,23
arechuna,pp_nav_01950,navigable,34
bojaya,pp_nav_01957,navigable,60
bojaya,pp_nav_01974,navigable,52
gaoming,pp_nav_01642,navigable,18
gaoming,pp_nav_01653,navigable,2
jiajin,pp_nav_00776,navigable,21
jiajin,pp_nav_00787,navigable,82
jiajin,pp_nav_00792,navigable,70
jiajin,pp_nav_00808,navigable,60
kurba,pp_nav_00406,navigable,1
hont,pp_nav_00836,improvable,56
kamniga,pp_nav_00370,barrier,10
pumbo,pp_nav_02218,barrier,1
pumbo,pp_nav_02237,barrier,58
tupirama,pp_nav_02310,navigable,23
tupirama,pp_nav_02320,navigable,38
enxet,pp_nav_02539,navigable,12
enxet,pp_nav_02540,navigable,49
enxet,pp_nav_02544,navigable,14
minsin,pp_nav_01526,navigable,9
minsin,pp_nav_01544,navigable,78
minsin,pp_nav_01569,improvable,1
phong_tho,pp_nav_01664,navigable,29
matootonha,pp_nav_00863,navigable,46
matootonha,pp_nav_00869,navigable,94
matootonha,pp_nav_00870,navigable,47
matootonha,pp_nav_00886,improvable,58
matootonha,pp_nav_00888,navigable,92
matootonha,pp_nav_00906,navigable,29
matootonha,pp_nav_00907,navigable,24
kazachinskoye,pp_nav_00386,navigable,8
kazachinskoye,pp_nav_00416,improvable,73
kazachinskoye,pp_nav_00440,improvable,53
nanchang,pp_nav_01443,navigable,12
village_onega,pp_nav_00121,navigable,64
village_onega,pp_nav_00129,navigable,50
suide,pp_nav_01131,navigable,15
wallowa,pp_nav_00910,improvable,13
wallowa,pp_nav_00926,improvable,71
wallowa,pp_nav_00947,improvable,47
zhongxiang,pp_nav_01310,navigable,23
chalninsky_pochinok,pp_nav_00514,navigable,7
chalninsky_pochinok,pp_nav_00516,navigable,89
chalninsky_pochinok,pp_nav_00522,navigable,47
sremska_mitrovica,pp_nav_00953,navigable,56
sremska_mitrovica,pp_nav_00968,navigable,28
sremska_mitrovica,pp_nav_00979,improvable,24
klutina,pp_nav_00222,improvable,87
nabagram,pp_nav_01578,navigable,19
swarakxen,pp_nav_00747,navigable,45
swarakxen,pp_nav_00759,navigable,80
dingi,pp_nav_02247,barrier,46
dingi,pp_nav_02255,barrier,24
chiang_khan,pp_nav_01742,navigable,54
chiang_khan,pp_nav_01747,navigable,20
chiang_khan,pp_nav_01749,navigable,10
megion,pp_nav_00236,navigable,45
megion,pp_nav_00239,navigable,98
megion,pp_nav_00240,navigable,94
megion,pp_nav_00245,navigable,98
megion,pp_nav_00250,navigable,118
kowal,pp_nav_00647,improvable,14
kowal,pp_nav_00656,navigable,10
nisga_a,pp_nav_00548,barrier,79
nisga_a,pp_nav_00561,navigable,98
nisga_a,pp_nav_00575,improvable,82
chiang_saen,pp_nav_01696,improvable,8
chiang_saen,pp_nav_01703,improvable,30
zalari,pp_nav_00591,navigable,24
zalari,pp_nav_00603,navigable,55
ratnagiri,pp_nav_01695,navigable,33
ratnagiri,pp_nav_01699,navigable,57
ratnagiri,pp_nav_01701,navigable,2
ratnagiri,pp_nav_01704,navigable,32
truka,pp_nav_02313,navigable,48
truka,pp_nav_02316,navigable,13
dan_sai,pp_nav_01747,navigable,5
simbirsk,pp_nav_00576,navigable,46
simbirsk,pp_nav_00589,navigable,10
rinpung_yarlung,pp_nav_01409,improvable,47
yopo,pp_nav_01970,navigable,39
yopo,pp_nav_01988,navigable,51
yopo,pp_nav_01997,navigable,37
bauru,pp_nav_02519,navigable,40
bauru,pp_nav_02523,navigable,73
bauru,pp_nav_02527,navigable,19
feira,pp_nav_01038,barrier,29
wumeng,pp_nav_01458,barrier,4
wumeng,pp_nav_01478,navigable,18
tara,pp_nav_00442,navigable,31
tara,pp_nav_00452,navigable,73
tara,pp_nav_00472,navigable,57
tara,pp_nav_00491,navigable,45
tanico,pp_nav_01190,navigable,11
tanico,pp_nav_01193,navigable,12
uracu,pp_nav_02428,navigable,24
gengdang,pp_nav_01662,improvable,48
hejin,pp_nav_01159,improvable,5
hejin,pp_nav_01182,improvable,14
jiaxing,pp_nav_01343,improvable,17
yuryev_povolzhsk,pp_nav_00430,navigable,35
yuryev_povolzhsk,pp_nav_00436,navigable,43
yuryev_povolzhsk,pp_nav_00447,navigable,2
bonn,pp_nav_00725,improvable,44
soscumica,pp_nav_00724,improvable,38
soscumica,pp_nav_00734,navigable,93
mura,pp_nav_02186,navigable,60
mura,pp_nav_02204,navigable,23
lakhimpur,pp_nav_01455,navigable,27
lakhimpur,pp_nav_01473,navigable,39
lakhimpur,pp_nav_01493,navigable,54
lakhimpur,pp_nav_01499,navigable,15
yanhe,pp_nav_01406,improvable,13
yanhe,pp_nav_01426,navigable,68
yanhe,pp_nav_01444,navigable,25
kremenchuk,pp_nav_00782,navigable,29
kremenchuk,pp_nav_00786,navigable,34
kremenchuk,pp_nav_00789,navigable,2
guamontey,pp_nav_01903,navigable,23
guamontey,pp_nav_01922,navigable,69
guamontey,pp_nav_01928,navigable,46
hackensack,pp_nav_01040,navigable,20
mikhaylovka_pontic,pp_nav_00845,navigable,10
mikhaylovka_pontic,pp_nav_00850,navigable,35
olekma,pp_nav_00271,improvable,17
kahayan_hilir,pp_nav_02172,navigable,39
manuais,pp_nav_02287,navigable,37
asurini,pp_nav_02164,navigable,27
asurini,pp_nav_02200,navigable,65
asurini,pp_nav_02227,navigable,2
rohrbach,pp_nav_00799,improvable,22
rohrbach,pp_nav_00807,barrier,15
rohrbach,pp_nav_00813,improvable,8
mengla,pp_nav_01662,improvable,15
mengla,pp_nav_01673,navigable,18
jizhou,pp_nav_01159,improvable,28
pende_kwila,pp_nav_02261,navigable,25
tahamies,pp_nav_01968,navigable,28
canastra,pp_nav_02408,navigable,39
bahraich,pp_nav_01453,navigable,3
bahraich,pp_nav_01472,navigable,30
bunut,pp_nav_02086,navigable,36
anais,pp_nav_02440,navigable,45
anais,pp_nav_02454,navigable,60
anais,pp_nav_02461,navigable,57
itapua,pp_nav_02558,improvable,55
itapua,pp_nav_02563,navigable,70
itapua,pp_nav_02566,navigable,34
tam_dai,pp_nav_01667,improvable,7
tam_dai,pp_nav_01670,navigable,61
tam_dai,pp_nav_01676,navigable,68
tam_dai,pp_nav_01682,navigable,18
qujiang_guangan,pp_nav_01331,navigable,20
qujiang_guangan,pp_nav_01356,navigable,56
eskalapia,pp_nav_01091,navigable,42
eskalapia,pp_nav_01095,navigable,85
eskalapia,pp_nav_01099,navigable,73
bakhanay,pp_nav_00050,navigable,77
narino,pp_nav_02067,navigable,69
velyka_lepetykha,pp_nav_00852,navigable,17
velyka_lepetykha,pp_nav_00856,navigable,42
yonghe,pp_nav_01148,improvable,25
calbe,pp_nav_00663,navigable,18
muong_te,pp_nav_01664,navigable,17
kolosovka,pp_nav_00491,navigable,16
kolosovka,pp_nav_00518,navigable,47
kolosovka,pp_nav_00528,improvable,48
kolosovka,pp_nav_00543,navigable,12
oryahovo,pp_nav_00999,navigable,56
oryahovo,pp_nav_01001,navigable,18
sambhal,pp_nav_01417,navigable,11
sambhal,pp_nav_01441,improvable,10
wanan,pp_nav_01501,navigable,38
wanan,pp_nav_01522,navigable,60
thaton,pp_nav_01760,navigable,27
pandua_adina,pp_nav_01566,navigable,15
wuhe,pp_nav_01249,navigable,19
wuhe,pp_nav_01254,navigable,49
wuhe,pp_nav_01261,navigable,3
rigyal,pp_nav_01379,barrier,57
rigyal,pp_nav_01389,navigable,78
xilong,pp_nav_01582,improvable,45
xilong,pp_nav_01584,barrier,21
xilong,pp_nav_01591,navigable,5
cremona,pp_nav_00957,navigable,2
cremona,pp_nav_00959,navigable,40
chioggia,pp_nav_00966,navigable,10
phon_hong,pp_nav_01742,navigable,47
phon_hong,pp_nav_01747,navigable,23
fathabad,pp_nav_01623,navigable,62
guaviare,pp_nav_02059,navigable,60
guaviare,pp_nav_02060,navigable,19
guaviare,pp_nav_02068,navigable,26
cherlak,pp_nav_00570,navigable,53
cherlak,pp_nav_00577,navigable,79
cherlak,pp_nav_00585,navigable,98
cherlak,pp_nav_00595,navigable,35
karnak,pp_nav_01005,navigable,20
maymaga,pp_nav_00159,navigable,28
maymaga,pp_nav_00172,navigable,17
dondo,pp_nav_02330,navigable,8
dondo,pp_nav_02339,barrier,46
yaros,pp_nav_02601,navigable,9
yaros,pp_nav_02602,navigable,83
yaros,pp_nav_02604,navigable,7
shilou,pp_nav_01131,navigable,28
shilou,pp_nav_01148,improvable,9
huangcaoba,pp_nav_01582,improvable,32
huangcaoba,pp_nav_01591,navigable,31
menouf,pp_nav_01341,navigable,51
menouf,pp_nav_01365,navigable,26
ashmunayn,pp_nav_01450,navigable,27
ashmunayn,pp_nav_01471,navigable,12
esna,pp_nav_01537,navigable,14
esna,pp_nav_01552,navigable,94
esna,pp_nav_01573,navigable,3
el_buwit,pp_nav_01471,navigable,40
el_buwit,pp_nav_01489,navigable,30
north_meetto,pp_nav_02367,navigable,9
north_meetto,pp_nav_02373,navigable,58
north_meetto,pp_nav_02375,improvable,48
sirnak,pp_nav_01122,barrier,28
sirnak,pp_nav_01134,navigable,28
suruc,pp_nav_01143,navigable,52
suruc,pp_nav_01154,navigable,14
birecik,pp_nav_01119,navigable,6
birecik,pp_nav_01130,navigable,49
birecik,pp_nav_01143,navigable,27
al_sinn,pp_nav_01170,improvable,26
al_sinn,pp_nav_01196,navigable,49
haditha,pp_nav_01225,navigable,11
haditha,pp_nav_01231,navigable,35
hillah,pp_nav_01259,navigable,29
hillah,pp_nav_01281,navigable,59
hillah,pp_nav_01300,navigable,56
hillah,pp_nav_01312,navigable,18
al_tib,pp_nav_01276,navigable,46
al_tib,pp_nav_01292,navigable,41
suq_al_shuyukh,pp_nav_01322,navigable,6
suq_al_shuyukh,pp_nav_01336,navigable,40
al_bab,pp_nav_01154,navigable,22
al_bab,pp_nav_01164,navigable,1
yongchang_yongchang,pp_nav_01555,barrier,35
yongchang_yongchang,pp_nav_01577,improvable,2
severin,pp_nav_00984,navigable,3
tumba,pp_nav_02276,improvable,25
havasu,pp_nav_01167,navigable,6
havasu,pp_nav_01197,navigable,4
la_teste_de_buch,pp_nav_00967,navigable,4
lusongui,pp_nav_02293,improvable,19
lusongui,pp_nav_02298,improvable,51
wogamusin,pp_nav_02229,navigable,5
wogamusin,pp_nav_02235,navigable,41
mundurukania,pp_nav_02196,navigable,95
mundurukania,pp_nav_02222,navigable,22
ban_khon,pp_nav_01723,improvable,70
xinan,pp_nav_01206,improvable,21
saint_etienne,pp_nav_00936,navigable,6
subansiri,pp_nav_01455,navigable,53
opelousa,pp_nav_01309,navigable,43
opelousa,pp_nav_01319,navigable,20
opelousa,pp_nav_01320,navigable,29
opelousa,pp_nav_01335,navigable,61
opelousa,pp_nav_01355,navigable,49
iscuande,pp_nav_02067,navigable,44
yaguachi,pp_nav_02148,navigable,21
leopoldina,pp_nav_02521,improvable,19
leopoldina,pp_nav_02525,barrier,41
ulma,pp_nav_00684,navigable,25
colombayma,pp_nav_01996,improvable,46
colombayma,pp_nav_02021,navigable,34
kaluba,pp_nav_02353,navigable,6
kaluba,pp_nav_02363,navigable,19
yolombo,pp_nav_01943,navigable,77
omo,pp_nav_01959,navigable,24
omo,pp_nav_01965,improvable,96
omo,pp_nav_01982,improvable,96
omo,pp_nav_01992,navigable,84
bijni,pp_nav_01534,navigable,6
bijni,pp_nav_01535,navigable,13
tomsk,pp_nav_00414,navigable,7
tomsk,pp_nav_00415,navigable,22
tomsk,pp_nav_00438,navigable,23
tomsk,pp_nav_00439,navigable,73
tomsk,pp_nav_00456,navigable,28
tomsk,pp_nav_00465,navigable,50
tomsk,pp_nav_00484,navigable,38
shahjadpur,pp_nav_01587,navigable,50
shahjadpur,pp_nav_01607,navigable,23
ningfan,pp_nav_01515,improvable,20
congona,pp_nav_02273,barrier,17
congona,pp_nav_02279,improvable,46
savannakhet,pp_nav_01768,navigable,41
savannakhet,pp_nav_01779,navigable,8
ningxia,pp_nav_01094,navigable,86
ningxia,pp_nav_01108,improvable,16
taungdwingyi,pp_nav_01709,navigable,18
gabun,pp_nav_02202,navigable,19
guanghua,pp_nav_01275,improvable,28
guanghua,pp_nav_01288,navigable,6
kayan,pp_nav_02058,navigable,45
kayan,pp_nav_02062,improvable,80
oli_baraza,pp_nav_00467,navigable,52
phsar_dek,pp_nav_01852,navigable,10
phsar_dek,pp_nav_01861,navigable,47
phsar_dek,pp_nav_01869,navigable,50
cachamay,pp_nav_01902,navigable,8
cachamay,pp_nav_01907,navigable,22
cachamay,pp_nav_01936,navigable,33
firuzabad_bahraich,pp_nav_01432,improvable,23
firuzabad_bahraich,pp_nav_01453,navigable,66
firuzabad_bahraich,pp_nav_01472,navigable,1
baden_im_aargau,pp_nav_00846,improvable,19
cussate,pp_nav_01163,navigable,3
cussate,pp_nav_01181,navigable,98
cussate,pp_nav_01200,navigable,39
liujiang,pp_nav_01331,navigable,69
machichi,pp_nav_00450,improvable,31
machichi,pp_nav_00458,navigable,38
sesayap,pp_nav_02045,navigable,59
sotachiro,pp_nav_01919,navigable,6
sotachiro,pp_nav_01940,barrier,35
sotachiro,pp_nav_01948,improvable,2
myede,pp_nav_01709,navigable,27
myede,pp_nav_01718,navigable,15
savar,pp_nav_01607,navigable,18
qishui,pp_nav_01358,navigable,11
qishui,pp_nav_01368,navigable,10
thalisain,pp_nav_01393,navigable,3
bysyttakh,pp_nav_00150,navigable,72
bysyttakh,pp_nav_00169,navigable,31
nemby,pp_nav_02544,navigable,32
gryfow,pp_nav_00605,navigable,37
gryfow,pp_nav_00635,navigable,18
pungo_ndongo,pp_nav_02343,improvable,47
pungo_ndongo,pp_nav_02345,navigable,3
yongxing_xingguo,pp_nav_01368,navigable,23
yongxing_xingguo,pp_nav_01386,navigable,5
mahmudabad,pp_nav_01067,navigable,75
siona,pp_nav_02092,navigable,60
tochtepec,pp_nav_01738,navigable,30
multnomah,pp_nav_00905,improvable,23
multnomah,pp_nav_00916,navigable,77
multnomah,pp_nav_00941,navigable,4
karajia,pp_nav_02263,improvable,6
karajia,pp_nav_02273,barrier,22
mfumu_bekussu,pp_nav_02211,improvable,68
mfumu_bekussu,pp_nav_02234,improvable,58
saharsa,pp_nav_01521,improvable,47
saharsa,pp_nav_01543,navigable,25
saharsa,pp_nav_01553,navigable,19
saucunk,pp_nav_01046,improvable,7
saucunk,pp_nav_01048,improvable,33
nograd,pp_nav_00836,improvable,13
beisheng,pp_nav_01482,navigable,18
beisheng,pp_nav_01506,barrier,23
bomokandi,pp_nav_02039,navigable,47
bomokandi,pp_nav_02040,navigable,55
bomokandi,pp_nav_02043,improvable,49
bomokandi,pp_nav_02044,navigable,32
bomokandi,pp_nav_02046,improvable,41
huanglong,pp_nav_01265,navigable,43
huanglong,pp_nav_01266,improvable,18
shchuchya,pp_nav_00041,navigable,98
shchuchya,pp_nav_00043,navigable,93
shchuchya,pp_nav_00049,improvable,38
callapa,pp_nav_02478,improvable,33
mangshi,pp_nav_01602,barrier,1
mangshi,pp_nav_01614,navigable,8
oromocto,pp_nav_00917,navigable,46
oromocto,pp_nav_00923,navigable,34
mong_hsat,pp_nav_01696,improvable,13
heyang_xian,pp_nav_01182,improvable,16
heyang_xian,pp_nav_01205,navigable,24
pur,pp_nav_00032,navigable,95
pur,pp_nav_00047,navigable,98
pur,pp_nav_00056,navigable,92
pur,pp_nav_00070,navigable,72
wolmirstedt,pp_nav_00663,navigable,29
worms,pp_nav_00751,improvable,5
dongguan,pp_nav_01645,navigable,28
dongguan,pp_nav_01646,navigable,24
jianli,pp_nav_01383,navigable,18
jianli,pp_nav_01388,navigable,44
desnyanskyi_horodok,pp_nav_00718,navigable,68
desnyanskyi_horodok,pp_nav_00739,navigable,59
sanga,pp_nav_01798,navigable,39
chanchacc,pp_nav_02366,improvable,56
lusambo_qandu,pp_nav_02243,navigable,31
sondor,pp_nav_02410,barrier,16
sondor,pp_nav_02418,improvable,10
aowa,pp_nav_01013,improvable,81
aowa,pp_nav_01014,navigable,25
aowa,pp_nav_01016,navigable,94
aowa,pp_nav_01019,navigable,95
aowa,pp_nav_01027,navigable,7
becaguimec,pp_nav_00884,improvable,68
becaguimec,pp_nav_00903,navigable,45
danilov,pp_nav_00407,navigable,25
vu_ninh,pp_nav_01682,navigable,32
quicuima,pp_nav_02021,navigable,4
quicuima,pp_nav_02038,navigable,32
tondibi,pp_nav_01764,navigable,15
tondibi,pp_nav_01773,navigable,44
houguan,pp_nav_01530,improvable,55
enookwasaneenah,pp_nav_00998,navigable,38
qihe,pp_nav_01145,navigable,28
qihe,pp_nav_01152,navigable,63
rongcheng,pp_nav_01629,improvable,20
harburg,pp_nav_00607,navigable,15
son_la,pp_nav_01668,improvable,5
son_la,pp_nav_01679,navigable,38
laribandar,pp_nav_01583,navigable,12
laribandar,pp_nav_01598,navigable,41
sonepur_bihar,pp_nav_01514,navigable,35
sonepur_bihar,pp_nav_01540,navigable,46
sonepur_bihar,pp_nav_01541,navigable,17
mtowa,pp_nav_02267,improvable,10
baud,pp_nav_01690,improvable,50
baud,pp_nav_01694,navigable,27
dipalpur,pp_nav_01327,navigable,12
dipalpur,pp_nav_01353,navigable,44
srisailam,pp_nav_01782,navigable,46
chitrakuta,pp_nav_01554,navigable,23
chitrakuta,pp_nav_01567,navigable,25
banda,pp_nav_01547,navigable,22
banda,pp_nav_01554,navigable,23
kutlehar,pp_nav_01315,improvable,12
peddapalli,pp_nav_01774,navigable,17
peddapalli,pp_nav_01781,navigable,29
aror,pp_nav_01423,navigable,57
aror,pp_nav_01436,navigable,30
jajnagar,pp_nav_01695,navigable,15
baligram,pp_nav_01195,navigable,16
baligram,pp_nav_01215,improvable,53
baligram,pp_nav_01230,improvable,3
sonda,pp_nav_01560,navigable,12
sonda,pp_nav_01583,navigable,24
rahon,pp_nav_01315,improvable,28
rahon,pp_nav_01333,navigable,18
rahon,pp_nav_01334,navigable,20
patna,pp_nav_01540,navigable,7
patna,pp_nav_01556,navigable,29
multan,pp_nav_01371,navigable,28
lalian,pp_nav_01285,navigable,13
lalian,pp_nav_01295,navigable,39
dunga_bunga,pp_nav_01366,navigable,9
dunga_bunga,pp_nav_01381,navigable,24
astore,pp_nav_01188,barrier,4
lokoja,pp_nav_01893,navigable,15
lokoja,pp_nav_01905,navigable,91
lokoja,pp_nav_01915,navigable,56
lokoja,pp_nav_01929,navigable,14
onitsha,pp_nav_01964,navigable,7
wad_madani,pp_nav_01801,navigable,73
wad_madani,pp_nav_01810,navigable,8
berber,pp_nav_01717,navigable,9
berber,pp_nav_01725,navigable,55
berber,pp_nav_01744,navigable,28
karima,pp_nav_01720,barrier,29
karima,pp_nav_01734,barrier,44
karima,pp_nav_01745,barrier,40
dabarqi,pp_nav_01826,navigable,42
dabarqi,pp_nav_01831,navigable,46
assosa,pp_nav_01841,navigable,14
assosa,pp_nav_01850,navigable,83
assosa,pp_nav_01859,navigable,16
enjebara,pp_nav_01860,navigable,32
enjebara,pp_nav_01863,barrier,25
kokorou,pp_nav_01792,navigable,11
kokorou,pp_nav_01799,navigable,17
kukiya,pp_nav_01787,navigable,63
kukiya,pp_nav_01792,navigable,21
siguiri,pp_nav_01844,navigable,80
bolikham,pp_nav_01735,navigable,16
bolikham,pp_nav_01736,navigable,28
anundsjo,pp_nav_00154,navigable,17
wuhu,pp_nav_01297,navigable,5
wuhu,pp_nav_01313,navigable,19
dangtu,pp_nav_01297,navigable,32
hangzhou,pp_nav_01343,improvable,14
hangzhou,pp_nav_01370,improvable,20
mitchigamea,pp_nav_01106,navigable,5
mitchigamea,pp_nav_01115,navigable,37
mitchigamea,pp_nav_01121,navigable,63
mitchigamea,pp_nav_01127,navigable,5
mitchigamea,pp_nav_01132,navigable,27
mitchigamea,pp_nav_01140,navigable,29
pingnan,pp_nav_01631,navigable,43
papun,pp_nav_01719,navigable,5
papun,pp_nav_01751,barrier,72
chernihiv,pp_nav_00704,navigable,6
kholongsolokh,pp_nav_00026,navigable,10
yanchuan,pp_nav_01148,improvable,27
upaon_acu,pp_nav_02191,navigable,23
ku,pp_nav_01797,navigable,61
pustozersk,pp_nav_00031,navigable,48
pustozersk,pp_nav_00039,navigable,99
pustozersk,pp_nav_00054,navigable,58
messoyakha,pp_nav_00029,navigable,39
henley,pp_nav_00689,improvable,28
henley,pp_nav_00697,improvable,15
zhebariki_khaya,pp_nav_00181,navigable,12
zhebariki_khaya,pp_nav_00193,improvable,33
uyapari,pp_nav_01899,navigable,97
uyapari,pp_nav_01900,navigable,9
uyapari,pp_nav_01902,navigable,26
uftyuga,pp_nav_00216,navigable,71
uftyuga,pp_nav_00219,improvable,15
uftyuga,pp_nav_00228,navigable,4
katihar,pp_nav_01563,navigable,1
katihar,pp_nav_01566,navigable,43
baodian,pp_nav_01592,barrier,19
baodian,pp_nav_01601,navigable,38
wuzhi,pp_nav_01208,navigable,30
winyah,pp_nav_01242,navigable,50
winyah,pp_nav_01244,navigable,68
chitina,pp_nav_00222,improvable,6
chitina,pp_nav_00242,navigable,100
chitina,pp_nav_00260,navigable,22
akropong,pp_nav_01953,navigable,11
akropong,pp_nav_01975,navigable,51
cherdyn,pp_nav_00296,navigable,6
guwan,pp_nav_01651,navigable,32
guwan,pp_nav_01658,navigable,34
metog,pp_nav_01379,barrier,55
metog,pp_nav_01392,barrier,92
metog,pp_nav_01416,barrier,1
niurba,pp_nav_00148,improvable,75
niurba,pp_nav_00150,navigable,24
hurle,pp_nav_00895,navigable,40
oyate_shisha,pp_nav_01013,improvable,17
parakana,pp_nav_02227,navigable,84
anambe,pp_nav_02164,navigable,69
pokrovsk,pp_nav_00681,navigable,8
pokrovsk,pp_nav_00690,navigable,46
pokrovsk,pp_nav_00702,navigable,35
yongning_hengzhou,pp_nav_01652,navigable,46
agaes,pp_nav_02554,navigable,59
dartsedo,pp_nav_01344,improvable,63
dartsedo,pp_nav_01369,barrier,26
urucurituba,pp_nav_02157,navigable,4
urucurituba,pp_nav_02161,navigable,9
urucurituba,pp_nav_02173,navigable,69
azeevo,pp_nav_00547,navigable,4
azeevo,pp_nav_00567,navigable,23
enenlhet,pp_nav_02533,navigable,34
enenlhet,pp_nav_02535,navigable,32
enenlhet,pp_nav_02539,navigable,45
bolkhuny,pp_nav_00811,navigable,8
bolkhuny,pp_nav_00816,navigable,35
bolkhuny,pp_nav_00829,navigable,48
balcheta,pp_nav_02619,navigable,46
balcheta,pp_nav_02620,improvable,15
balcheta,pp_nav_02621,improvable,36
balcheta,pp_nav_02622,improvable,37
balcheta,pp_nav_02626,navigable,4
kamiahpu,pp_nav_00926,improvable,30
kamiahpu,pp_nav_00947,improvable,75
kamiahpu,pp_nav_00971,navigable,54
khvorostyanka,pp_nav_00628,navigable,45
khvorostyanka,pp_nav_00644,navigable,43
krasnoyarsk,pp_nav_00462,navigable,21
krasnoyarsk,pp_nav_00478,navigable,69
krasnoyarsk,pp_nav_00508,navigable,80
krasnoyarsk,pp_nav_00515,navigable,53
krasnoyarsk,pp_nav_00538,navigable,24
kanchanaburi,pp_nav_01807,navigable,19
passo_fundo,pp_nav_02561,navigable,35
passo_fundo,pp_nav_02565,improvable,27
caspe,pp_nav_01036,improvable,24
wutun,pp_nav_01631,navigable,12
wutun,pp_nav_01634,improvable,1
chivilco,pp_nav_02608,navigable,5
xiaodandang,pp_nav_01445,navigable,3
xiaodandang,pp_nav_01467,improvable,47
xiaodandang,pp_nav_01479,barrier,13
xiaodandang,pp_nav_01490,navigable,53
fugu,pp_nav_01075,navigable,58
fugu,pp_nav_01088,navigable,35
pantian,pp_nav_01622,navigable,7
nam_thing,pp_nav_01627,navigable,28
nam_thing,pp_nav_01641,barrier,24
mistutikumak,pp_nav_00435,navigable,44
gniew,pp_nav_00587,navigable,15
gniew,pp_nav_00598,navigable,5
bendi,pp_nav_02221,navigable,15
bendi,pp_nav_02228,improvable,53
bendi,pp_nav_02232,improvable,93
bendi,pp_nav_02239,navigable,17
densatil,pp_nav_01412,navigable,5
densatil,pp_nav_01415,improvable,61
gyor,pp_nav_00824,improvable,35
gyor,pp_nav_00840,navigable,18
yangshou,pp_nav_01606,improvable,43
yangshou,pp_nav_01619,navigable,11
catan_lil,pp_nav_02623,navigable,80
catan_lil,pp_nav_02624,improvable,43
catan_lil,pp_nav_02625,improvable,94
catan_lil,pp_nav_02627,improvable,46
catan_lil,pp_nav_02630,navigable,77
maizinaazibi,pp_nav_00930,improvable,1
choco,pp_nav_02002,navigable,47
sohra,pp_nav_01578,navigable,22
lagoa_vermelha,pp_nav_02565,improvable,21
passau,pp_nav_00793,improvable,15
passau,pp_nav_00799,improvable,33
pinya,pp_nav_01663,navigable,45
pinya,pp_nav_01669,navigable,32
manaos,pp_nav_02179,navigable,38
manaos,pp_nav_02181,navigable,63
manaos,pp_nav_02186,navigable,24
muene_puto,pp_nav_02265,improvable,24
muene_puto,pp_nav_02281,navigable,42
shunde,pp_nav_01648,navigable,20
shunde,pp_nav_01653,navigable,14
kulun_olbut,pp_nav_00035,improvable,98
hpa_an,pp_nav_01751,barrier,11
hpa_an,pp_nav_01760,navigable,57
wengshui,pp_nav_01480,navigable,35
wengshui,pp_nav_01487,improvable,8
bamgweolo,pp_nav_02381,navigable,82
bamgweolo,pp_nav_02388,navigable,12
mihalt,pp_nav_00980,improvable,30
ruse,pp_nav_00995,navigable,31
beljamen,pp_nav_00760,navigable,21
beljamen,pp_nav_00779,navigable,5
beljamen,pp_nav_00780,navigable,45
paranaidji,pp_nav_02275,navigable,2
paranaidji,pp_nav_02285,navigable,80
kamen,pp_nav_00586,navigable,4
kamen,pp_nav_00593,navigable,55
kamen,pp_nav_00601,navigable,17
lamayuru,pp_nav_01198,barrier,40
stswecen_c,pp_nav_00652,navigable,40
stswecen_c,pp_nav_00671,improvable,55
viziru,pp_nav_00954,navigable,55
caiapo,pp_nav_02512,navigable,38
pingyin,pp_nav_01152,navigable,13
pingyin,pp_nav_01161,navigable,19
tharrawaddy,pp_nav_01731,navigable,5
tharrawaddy,pp_nav_01750,navigable,37
tharrawaddy,pp_nav_01759,navigable,7
guishan,pp_nav_01635,navigable,36
guishan,pp_nav_01645,navigable,38
hajipur,pp_nav_01514,navigable,2
hajipur,pp_nav_01540,navigable,47
hajipur,pp_nav_01556,navigable,40
circle,pp_nav_00074,navigable,98
circle,pp_nav_00080,improvable,33
madhubani,pp_nav_01543,navigable,17
boruma,pp_nav_02437,navigable,20
mehin,pp_nav_02285,navigable,4
mehin,pp_nav_02295,navigable,38
bwambe,pp_nav_02071,barrier,43
lho_taklung,pp_nav_01411,improvable,19
lokono,pp_nav_02079,navigable,38
lokono,pp_nav_02083,navigable,48
bojamba,pp_nav_02276,improvable,4
ipueira,pp_nav_02352,navigable,66
ipueira,pp_nav_02360,navigable,96
ipueira,pp_nav_02372,navigable,97
ipueira,pp_nav_02386,navigable,95
ipueira,pp_nav_02399,navigable,17
tuma,pp_nav_00565,improvable,30
tuma,pp_nav_00573,navigable,11
awa_brazil,pp_nav_02426,navigable,16
awa_brazil,pp_nav_02428,navigable,8
qianlong,pp_nav_01651,navigable,3
qianlong,pp_nav_01652,navigable,4
yuracare,pp_nav_02441,navigable,23
yuracare,pp_nav_02443,navigable,18
yuracare,pp_nav_02458,navigable,12
bauzi,pp_nav_02156,navigable,72
inhandui,pp_nav_02578,navigable,8
inhandui,pp_nav_02579,navigable,70
inhandui,pp_nav_02580,navigable,79
goleniow,pp_nav_00605,navigable,15
shimbay,pp_nav_01009,navigable,60
shimbay,pp_nav_01017,navigable,36
shimbay,pp_nav_01022,navigable,25
walong,pp_nav_01454,navigable,105
wenxiang,pp_nav_01220,navigable,21
fimi,pp_nav_02168,navigable,19
fimi,pp_nav_02169,navigable,47
uruaitis,pp_nav_02208,navigable,37
uruaitis,pp_nav_02236,navigable,2
vagay,pp_nav_00391,navigable,14
vagay,pp_nav_00393,navigable,50
vagay,pp_nav_00394,navigable,36
yuncheng,pp_nav_01171,navigable,18
braunau,pp_nav_00814,improvable,25
rampur_boalla,pp_nav_01599,navigable,22
rampur_boalla,pp_nav_01610,navigable,19
nyemo,pp_nav_01409,improvable,23
pankararu,pp_nav_02319,navigable,28
pankararu,pp_nav_02322,improvable,91
pankararu,pp_nav_02335,barrier,30
itonama,pp_nav_02400,navigable,69
itonama,pp_nav_02401,navigable,12
itonama,pp_nav_02405,navigable,120
itonama,pp_nav_02407,navigable,39
passavant,pp_nav_00858,navigable,42
passavant,pp_nav_00861,navigable,12
passavant,pp_nav_00862,navigable,32
shidian,pp_nav_01579,navigable,32
shidian,pp_nav_01602,barrier,16
q_espiea,pp_nav_00730,navigable,20
q_espiea,pp_nav_00747,navigable,13
tapuitapera,pp_nav_02191,navigable,27
tsaukambo,pp_nav_02256,navigable,39
kuna,pp_nav_01957,navigable,27
jaintiapur,pp_nav_01585,navigable,5
ibrahimabad,pp_nav_01472,navigable,3
ibrahimabad,pp_nav_01498,navigable,20
murom,pp_nav_00525,navigable,76
nikolsky,pp_nav_00408,navigable,9
nikolsky,pp_nav_00420,improvable,61
nikolsky,pp_nav_00431,navigable,27
tukuringra,pp_nav_00600,improvable,30
mairi,pp_nav_02138,navigable,97
teliagarhi,pp_nav_01563,navigable,34
teliagarhi,pp_nav_01566,navigable,19
muara_bahan,pp_nav_02149,navigable,6
muara_bahan,pp_nav_02166,navigable,26
van_ban,pp_nav_01660,navigable,32
bo_hai_khau,pp_nav_01691,navigable,29
tuyandina,pp_nav_00015,navigable,58
tuyandina,pp_nav_00018,navigable,68
tuyandina,pp_nav_00021,navigable,23
linjin,pp_nav_01182,improvable,14
linjin,pp_nav_01205,navigable,7
mingin,pp_nav_01649,navigable,50
mingin,pp_nav_01655,navigable,19
osaakiiwaki,pp_nav_01012,navigable,37
kuta_watu,pp_nav_01944,navigable,28
salin,pp_nav_01689,navigable,33
patharkandi,pp_nav_01585,navigable,10
patharkandi,pp_nav_01586,navigable,16
charaideo,pp_nav_01486,navigable,5
charaideo,pp_nav_01499,navigable,38
azamgarh,pp_nav_01518,navigable,24
azamgarh,pp_nav_01531,navigable,30
gonda,pp_nav_01472,navigable,20
gonda,pp_nav_01498,navigable,47
gonda,pp_nav_01505,navigable,6
ibirapuita,pp_nav_02578,navigable,18
ibirapuita,pp_nav_02581,navigable,53
ibirapuita,pp_nav_02586,navigable,33
plenita,pp_nav_00984,navigable,65
plenita,pp_nav_00989,navigable,4
ried,pp_nav_00801,navigable,2
ried,pp_nav_00814,improvable,15
glaz,pp_nav_00955,navigable,29
glaz,pp_nav_00960,navigable,45
mechet,pp_nav_00779,navigable,16
mechet,pp_nav_00780,navigable,26
mechet,pp_nav_00791,navigable,56
mechet,pp_nav_00796,navigable,29
mechet,pp_nav_00798,navigable,2
shemonayevskoye,pp_nav_00733,navigable,15
shemonayevskoye,pp_nav_00740,navigable,90
shemonayevskoye,pp_nav_00741,navigable,89
miranha,pp_nav_02188,navigable,90
miranha,pp_nav_02209,navigable,87
turas,pp_nav_02198,navigable,60
turas,pp_nav_02205,navigable,57
turas,pp_nav_02213,navigable,117
edfu,pp_nav_01573,navigable,58
kharibta,pp_nav_01341,navigable,6
mahajanga,pp_nav_02456,navigable,9
mbinga,pp_nav_02299,navigable,2
mbinga,pp_nav_02300,improvable,60
mbinga,pp_nav_02302,navigable,25
mbinga,pp_nav_02305,improvable,94
kutu,pp_nav_02300,improvable,57
kutu,pp_nav_02302,navigable,4
north_yao,pp_nav_02375,improvable,28
north_yao,pp_nav_02382,improvable,76
north_yao,pp_nav_02384,navigable,2
eruh,pp_nav_01122,barrier,50
harput,pp_nav_01104,navigable,15
hit,pp_nav_01231,navigable,25
hit,pp_nav_01237,navigable,38
baqubah,pp_nav_01235,navigable,36
baqubah,pp_nav_01245,navigable,3
wasit,pp_nav_01273,navigable,42
wasit,pp_nav_01276,navigable,43
wasit,pp_nav_01292,navigable,25
zuwayr,pp_nav_01346,navigable,18
zuwayr,pp_nav_01362,navigable,1
deir_ez_zor,pp_nav_01179,navigable,6
deir_ez_zor,pp_nav_01186,navigable,46
duhok,pp_nav_01144,improvable,73
duhok,pp_nav_01153,navigable,9
karaja,pp_nav_02331,navigable,28
karaja,pp_nav_02347,navigable,51
karaja,pp_nav_02348,navigable,35
karaja,pp_nav_02354,navigable,50
karaja,pp_nav_02355,navigable,35
kaltysyany,pp_nav_00151,navigable,52
kaltysyany,pp_nav_00167,navigable,20
pancevo,pp_nav_00938,navigable,16
pancevo,pp_nav_00962,navigable,68
pancevo,pp_nav_00974,navigable,29
ibotirama,pp_nav_02386,navigable,47
ibotirama,pp_nav_02399,navigable,47
ibotirama,pp_nav_02412,navigable,8
hongsa,pp_nav_01700,barrier,12
hongsa,pp_nav_01707,improvable,76
hongsa,pp_nav_01711,navigable,54
hongsa,pp_nav_01712,navigable,43
oheyandewa,pp_nav_01084,navigable,4
oheyandewa,pp_nav_01085,navigable,62
oheyandewa,pp_nav_01098,navigable,42
oheyandewa,pp_nav_01107,navigable,5
fengchuan,pp_nav_01629,improvable,16
fengchuan,pp_nav_01636,navigable,28
bettiah,pp_nav_01495,navigable,29
bettiah,pp_nav_01514,navigable,22
wuntho,pp_nav_01626,navigable,23
chishmy,pp_nav_00553,navigable,10
chishmy,pp_nav_00563,navigable,53
norosi,pp_nav_01886,navigable,12
norosi,pp_nav_01890,navigable,89
norosi,pp_nav_01897,navigable,15
norosi,pp_nav_01898,navigable,4
hanyuan,pp_nav_01398,barrier,40
hanyuan,pp_nav_01414,navigable,33
tame,pp_nav_01970,navigable,30
chandrapur,pp_nav_01595,navigable,5
wicontiss,pp_nav_01062,navigable,29
wicontiss,pp_nav_01069,improvable,18
stadacona,pp_nav_00882,navigable,42
mabila,pp_nav_01278,navigable,11
mabila,pp_nav_01283,navigable,48
rowta,pp_nav_01520,navigable,33
naser,pp_nav_01859,navigable,56
naser,pp_nav_01870,navigable,111
sobat,pp_nav_01870,navigable,7
sobat,pp_nav_01876,navigable,44
sobat,pp_nav_01878,navigable,56
sobat,pp_nav_01882,navigable,59
sobat,pp_nav_01894,navigable,58
sobat,pp_nav_01916,navigable,26
injangyang,pp_nav_01511,navigable,61
injangyang,pp_nav_01546,navigable,70
wulong,pp_nav_01399,barrier,83
lado,pp_nav_01952,navigable,10
lado,pp_nav_01966,navigable,48
lado,pp_nav_01983,navigable,45
lado,pp_nav_02003,navigable,10
meshra_er_req,pp_nav_01876,navigable,30
meshra_er_req,pp_nav_01879,navigable,75
meshra_er_req,pp_nav_01882,navigable,47
meshra_er_req,pp_nav_01885,navigable,35
meshra_er_req,pp_nav_01894,navigable,41
takutu,pp_nav_02047,navigable,71
takutu,pp_nav_02057,navigable,69
takutu,pp_nav_02064,navigable,50
para_gaviao,pp_nav_02227,navigable,2
amulaca,pp_nav_02252,navigable,45
taquarucu,pp_nav_02518,navigable,18
taquarucu,pp_nav_02524,navigable,47
taquarucu,pp_nav_02528,navigable,35
kozhevnikovo,pp_nav_00468,navigable,17
kozhevnikovo,pp_nav_00496,navigable,48
kozhevnikovo,pp_nav_00526,navigable,46
kozhevnikovo,pp_nav_00542,navigable,45
kuujjuaq,pp_nav_00385,navigable,49
kuujjuaq,pp_nav_00390,navigable,1
longquanping,pp_nav_01464,barrier,13
curu_leufvu,pp_nav_02628,navigable,77
curu_leufvu,pp_nav_02631,improvable,98
curu_leufvu,pp_nav_02632,improvable,57
nioman,pp_nav_00748,improvable,95
nioman,pp_nav_00758,navigable,96
nioman,pp_nav_00766,navigable,7
nioman,pp_nav_00773,navigable,71
nioman,pp_nav_00776,navigable,36
dordrecht,pp_nav_00678,navigable,79
daning,pp_nav_01148,improvable,17
daning,pp_nav_01159,improvable,4
ust_vayenga,pp_nav_00155,navigable,40
ust_vayenga,pp_nav_00164,navigable,59
awyu,pp_nav_02256,navigable,10
awyu,pp_nav_02271,navigable,17
nechi,pp_nav_01895,navigable,28
nechi,pp_nav_01911,navigable,110
nechi,pp_nav_01919,navigable,8
uatuma,pp_nav_02157,navigable,78
uatuma,pp_nav_02162,improvable,34
ouachita,pp_nav_01270,navigable,73
dizhai,pp_nav_01487,improvable,5
nooksack,pp_nav_00781,improvable,30
bula_kongo,pp_nav_02247,barrier,31
bula_kongo,pp_nav_02255,barrier,62
whonnock,pp_nav_00781,improvable,35
catahoula,pp_nav_01291,navigable,63
catahoula,pp_nav_01298,navigable,46
catahoula,pp_nav_01309,navigable,82
catahoula,pp_nav_01320,navigable,20
daguwanalahi,pp_nav_01156,navigable,9
daguwanalahi,pp_nav_01160,navigable,88
pont_audemer,pp_nav_00768,improvable,68
pont_audemer,pp_nav_00774,navigable,8
uru_eu_wau_wau,pp_nav_02344,navigable,12
toniato,pp_nav_00965,navigable,37
toniato,pp_nav_00977,navigable,15
piachi,pp_nav_01278,navigable,38
piachi,pp_nav_01283,navigable,50
muli,pp_nav_01468,navigable,6
mulilimu,pp_nav_02379,improvable,10
consha,pp_nav_01267,navigable,95
consha,pp_nav_01282,navigable,52
chillupar,pp_nav_01518,navigable,38
chillupar,pp_nav_01531,navigable,16
kapela,pp_nav_02361,navigable,45
kapela,pp_nav_02370,improvable,57
boali,pp_nav_02008,navigable,44
boali,pp_nav_02028,navigable,50
qom_caia,pp_nav_02588,navigable,32
qom_caia,pp_nav_02589,navigable,98
qom_caia,pp_nav_02591,navigable,49
qom_caia,pp_nav_02592,navigable,102
qom_caia,pp_nav_02594,navigable,35
qom_caia,pp_nav_02596,navigable,34
konski_vody,pp_nav_00834,navigable,8
cuitzeo,pp_nav_01732,navigable,19
allpas,pp_nav_02395,barrier,16
miangu,pp_nav_01286,improvable,2
macoupin,pp_nav_01064,navigable,58
macoupin,pp_nav_01073,navigable,94
macoupin,pp_nav_01081,improvable,56
nikolskoye_pontic,pp_nav_00829,navigable,52
nikolskoye_pontic,pp_nav_00845,navigable,28
chibango,pp_nav_02242,navigable,42
chibango,pp_nav_02249,improvable,11
washeo,pp_nav_00511,improvable,52
atahachi,pp_nav_01278,navigable,24
okaisipi,pp_nav_00933,navigable,16
okaisipi,pp_nav_00939,navigable,12
bulun,pp_nav_00157,improvable,54
willka_pampa,pp_nav_02418,improvable,11
aerzhai,pp_nav_01042,navigable,67
aerzhai,pp_nav_01043,navigable,50
aerzhai,pp_nav_01045,navigable,71
aerzhai,pp_nav_01052,navigable,19
aerzhai,pp_nav_01057,navigable,50
aerzhai,pp_nav_01068,navigable,9
mykytyn_rih,pp_nav_00847,navigable,31
mykytyn_rih,pp_nav_00852,navigable,26
cocorna,pp_nav_01962,navigable,3
cocorna,pp_nav_01977,navigable,2
zazhimchar,pp_nav_00089,navigable,9
zazhimchar,pp_nav_00102,navigable,80
zazhimchar,pp_nav_00108,navigable,84
zazhimchar,pp_nav_00112,navigable,10
ingatambo,pp_nav_02248,navigable,17
ingatambo,pp_nav_02263,improvable,6
petawawa,pp_nav_00897,navigable,20
petawawa,pp_nav_00902,navigable,54
petawawa,pp_nav_00904,barrier,46
petawawa,pp_nav_00909,navigable,102
petawawa,pp_nav_00913,navigable,28
petawawa,pp_nav_00922,navigable,23
lafkenmapu,pp_nav_02611,navigable,26
kaniatarahontsi,pp_nav_00965,navigable,36
kaniatarahontsi,pp_nav_00977,navigable,42
manhattan,pp_nav_01030,navigable,2
manhattan,pp_nav_01040,navigable,26
sawran,pp_nav_01005,navigable,52
onontchataronon,pp_nav_00933,navigable,66
telen,pp_nav_02094,navigable,47
awen,pp_nav_02431,navigable,7
kamach,pp_nav_01848,navigable,9
ariari,pp_nav_02059,navigable,73
ariari,pp_nav_02060,navigable,89
ariari,pp_nav_02068,navigable,32
bogra,pp_nav_01587,navigable,2
segbwema,pp_nav_01913,navigable,50
segbwema,pp_nav_01924,improvable,27
ural_nema,pp_nav_00431,navigable,16
husaynabad,pp_nav_01639,navigable,1
husaynabad,pp_nav_01657,navigable,35
matawin,pp_nav_00860,navigable,48
axawiri,pp_nav_02473,navigable,55
sarikei,pp_nav_02070,navigable,22
arkhangelsk,pp_nav_00109,navigable,47
bertoua,pp_nav_01998,improvable,76
hagwilget,pp_nav_00548,barrier,20
wapsipinicon,pp_nav_01015,navigable,73
wapsipinicon,pp_nav_01020,navigable,96
wapsipinicon,pp_nav_01026,navigable,39
wapsipinicon,pp_nav_01029,navigable,48
pologoye_zaymishche,pp_nav_00816,navigable,7
obion,pp_nav_01147,navigable,21
obion,pp_nav_01155,navigable,62
obion,pp_nav_01162,navigable,42
kunovat,pp_nav_00094,navigable,8
kunovat,pp_nav_00102,navigable,18
dingbian_shunning,pp_nav_01592,barrier,19
ygana,pp_nav_02552,navigable,14
ygana,pp_nav_02556,navigable,99
ygana,pp_nav_02558,improvable,19
djundu,pp_nav_02122,navigable,90
kapitukamach,pp_nav_00699,improvable,98
kapitukamach,pp_nav_00705,improvable,41
kapitukamach,pp_nav_00707,navigable,19
chisasibi,pp_nav_00599,improvable,77
anlong,pp_nav_01582,improvable,24
anlong,pp_nav_01584,barrier,3
tomtor,pp_nav_00196,navigable,27
tchakashapug,pp_nav_00712,improvable,38
tchakashapug,pp_nav_00713,improvable,54
juancheng,pp_nav_01171,navigable,13
juancheng,pp_nav_01183,navigable,23
sowunusiske,pp_nav_00454,navigable,97
sowunusiske,pp_nav_00460,navigable,6
lutang,pp_nav_01129,improvable,24
lutang,pp_nav_01139,navigable,61
boxing,pp_nav_01126,navigable,23
turama,pp_nav_00246,navigable,42
bodaybo,pp_nav_00400,navigable,30
bodaybo,pp_nav_00444,barrier,36
bodaybo,pp_nav_00459,navigable,36
karau,pp_nav_02135,navigable,43
karau,pp_nav_02149,navigable,29
kehu,pp_nav_01105,navigable,23
kehu,pp_nav_01114,barrier,27
futi,pp_nav_00844,navigable,56
futi,pp_nav_00866,navigable,98
futi,pp_nav_00871,navigable,79
mengung,pp_nav_01397,improvable,9
mengung,pp_nav_01420,navigable,93
mengung,pp_nav_01439,navigable,68
fanxian,pp_nav_01171,navigable,32
fanxian,pp_nav_01183,navigable,8
nanbu,pp_nav_01303,navigable,36
nanbu,pp_nav_01321,navigable,17
chaisri,pp_nav_01807,navigable,49
oxitlan,pp_nav_01738,navigable,3
fuzhou_sichuan,pp_nav_01373,navigable,21
fuzhou_sichuan,pp_nav_01384,barrier,98
fuzhou_sichuan,pp_nav_01387,improvable,36
fuzhou_sichuan,pp_nav_01399,barrier,6
cosamaloapan,pp_nav_01726,navigable,28
cosamaloapan,pp_nav_01738,navigable,10
chandwar,pp_nav_01503,navigable,6
otakou,pp_nav_02633,navigable,97
otakou,pp_nav_02634,improvable,109
muktsar,pp_nav_01327,navigable,7
muktsar,pp_nav_01353,navigable,29
bhakkar,pp_nav_01280,navigable,25
bhakkar,pp_nav_01294,navigable,46
markapur,pp_nav_01778,barrier,13
jalalpur_pirwala,pp_nav_01371,navigable,23
jalalpur_pirwala,pp_nav_01394,navigable,6
jalalpur_pirwala,pp_nav_01396,navigable,34
jalalpur_pirwala,pp_nav_01404,navigable,22
khewra,pp_nav_01252,navigable,5
khewra,pp_nav_01271,navigable,58
khewra,pp_nav_01279,navigable,16
mardan,pp_nav_01228,improvable,10
mardan,pp_nav_01230,improvable,52
mardan,pp_nav_01233,navigable,74
mardan,pp_nav_01236,improvable,4
sukkur,pp_nav_01452,navigable,1
sukkur,pp_nav_01476,navigable,2
paat,pp_nav_01476,navigable,1
paat,pp_nav_01497,navigable,44
udamphur,pp_nav_01250,navigable,34
udamphur,pp_nav_01256,improvable,12
yambasa,pp_nav_02009,improvable,63
yambasa,pp_nav_02015,improvable,51
yambasa,pp_nav_02024,improvable,70
yambasa,pp_nav_02025,improvable,50
wej,pp_nav_01866,navigable,45
tulcea,pp_nav_00943,navigable,30
tulcea,pp_nav_00946,navigable,79
tulcea,pp_nav_00950,navigable,19
ed_debba,pp_nav_01734,barrier,6
ed_debba,pp_nav_01745,barrier,50
karkuj,pp_nav_01819,navigable,37
karkuj,pp_nav_01826,navigable,52
karkuj,pp_nav_01831,navigable,3
dima,pp_nav_01863,barrier,27
dima,pp_nav_01866,navigable,50
dima,pp_nav_01867,navigable,29
anzourou,pp_nav_01792,navigable,8
anzourou,pp_nav_01799,navigable,27
bamako,pp_nav_01823,improvable,31
bamako,pp_nav_01828,navigable,34
branna,pp_nav_00064,improvable,35
boubon,pp_nav_01806,navigable,21
mser,pp_nav_01835,navigable,70
sikieye,pp_nav_01806,navigable,28
tanda,pp_nav_01829,navigable,67
tanda,pp_nav_01834,navigable,81
yauri,pp_nav_01845,navigable,79
yauri,pp_nav_01851,navigable,22
wuro_yolde,pp_nav_01874,navigable,16
neekeari,pp_nav_01984,navigable,100
okanja,pp_nav_02118,navigable,13
okanja,pp_nav_02129,navigable,34
wujiang,pp_nav_01343,improvable,23
chongde,pp_nav_01343,improvable,27
tonglu,pp_nav_01370,improvable,1
tonglu,pp_nav_01385,navigable,36
linhuai,pp_nav_01249,navigable,21
maues,pp_nav_02181,navigable,51
maues,pp_nav_02184,navigable,18
maues,pp_nav_02186,navigable,52
prinzus,pp_nav_01821,navigable,105
prinzus,pp_nav_01824,navigable,7
xatingnaax,pp_nav_00030,navigable,38
xatingnaax,pp_nav_00033,navigable,80
palmeira,pp_nav_02560,improvable,75
palmeira,pp_nav_02561,navigable,13
palmeira,pp_nav_02562,navigable,47
kamensk,pp_nav_00333,navigable,59
kamensk,pp_nav_00340,navigable,32
kamensk,pp_nav_00354,improvable,94
kamensk,pp_nav_00373,improvable,90
kamensk,pp_nav_00374,navigable,47
kamensk,pp_nav_00386,navigable,11
banbury,pp_nav_00689,improvable,7
ituzaingo,pp_nav_02607,navigable,4
ski,pp_nav_00285,navigable,15
ski,pp_nav_00303,improvable,31
hajo,pp_nav_01533,navigable,1
hajo,pp_nav_01534,navigable,23
mabale,pp_nav_02215,navigable,7
mabale,pp_nav_02221,navigable,49
mabale,pp_nav_02239,navigable,58
chamcha,pp_nav_00258,navigable,89
chamcha,pp_nav_00262,navigable,43
vidin,pp_nav_00989,navigable,74
vidin,pp_nav_00996,navigable,7
tengapani,pp_nav_01461,navigable,7
tengapani,pp_nav_01462,improvable,49
pirapora,pp_nav_02469,navigable,19
pirapora,pp_nav_02476,navigable,64
idrinskoye,pp_nav_00580,navigable,14
idrinskoye,pp_nav_00590,navigable,31
nixi,pp_nav_01445,navigable,15
kodak,pp_nav_00794,navigable,22
kodak,pp_nav_00802,navigable,35
kodak,pp_nav_00806,navigable,83
kodak,pp_nav_00810,navigable,42
ungaliq,pp_nav_00114,improvable,11
ungaliq,pp_nav_00124,navigable,30
kengdey,pp_nav_00001,navigable,111
kukuro_kalapalo,pp_nav_02415,navigable,16
goly_karamysh,pp_nav_00702,navigable,25
goly_karamysh,pp_nav_00722,navigable,62
goly_karamysh,pp_nav_00732,navigable,1
waskaganish,pp_nav_00703,improvable,53
ragh,pp_nav_01117,improvable,66
taseyevo,pp_nav_00386,navigable,39
taseyevo,pp_nav_00416,improvable,55
taseyevo,pp_nav_00440,improvable,60
taseyevo,pp_nav_00462,navigable,3
nyssa,pp_nav_00971,navigable,31
nyssa,pp_nav_00987,navigable,96
vukyl,pp_nav_00106,navigable,10
vukyl,pp_nav_00115,navigable,96
vukyl,pp_nav_00123,navigable,96
vukyl,pp_nav_00130,improvable,96
vukyl,pp_nav_00142,navigable,100
vukyl,pp_nav_00153,navigable,90
kamenka,pp_nav_00351,improvable,98
kamenka,pp_nav_00352,navigable,98
kamenka,pp_nav_00360,navigable,21
kamenka,pp_nav_00361,improvable,46
menzelinsk,pp_nav_00514,navigable,15
tacshic,pp_nav_02547,navigable,75
tacshic,pp_nav_02554,navigable,49
abakasnk,pp_nav_00590,navigable,24
abakasnk,pp_nav_00602,improvable,5
keelivtyn,pp_nav_00088,navigable,48
dongming,pp_nav_01183,navigable,19
dongming,pp_nav_01199,navigable,24
kisomba,pp_nav_02381,navigable,15
kisomba,pp_nav_02388,navigable,2
jinkou,pp_nav_01361,navigable,18
preah_ko,pp_nav_01800,navigable,55
preah_ko,pp_nav_01811,navigable,42
siming,pp_nav_01658,navigable,8
shunning,pp_nav_01577,improvable,35
shunning,pp_nav_01592,barrier,23
sededema,pp_nav_00033,navigable,16
sededema,pp_nav_00045,navigable,54
shamokin,pp_nav_01044,navigable,72
shamokin,pp_nav_01055,navigable,16
verkhneimbatsk,pp_nav_00144,navigable,27
verkhneimbatsk,pp_nav_00156,navigable,96
verkhneimbatsk,pp_nav_00171,navigable,98
verkhneimbatsk,pp_nav_00185,navigable,61
tappan,pp_nav_01030,navigable,54
tappan,pp_nav_01040,navigable,2
ubangi,pp_nav_02154,navigable,2
ubangi,pp_nav_02176,navigable,34
ubangi,pp_nav_02195,navigable,42
abyy,pp_nav_00018,navigable,13
abyy,pp_nav_00021,navigable,78
abyy,pp_nav_00023,navigable,40
debrc,pp_nav_00979,improvable,23
coligua,pp_nav_01184,navigable,14
bera,pp_nav_02050,navigable,24
araguari,pp_nav_02079,navigable,74
araguari,pp_nav_02083,navigable,47
yuannan,pp_nav_01430,improvable,42
butuan,pp_nav_01889,navigable,52
sulkhari,pp_nav_00686,improvable,28
sulkhari,pp_nav_00701,navigable,73
guadual,pp_nav_01949,navigable,17
sonargaon,pp_nav_01613,navigable,97
kalocsa,pp_nav_00872,navigable,8
kalocsa,pp_nav_00891,navigable,28
kayan_melawai,pp_nav_02097,navigable,25
kayan_melawai,pp_nav_02107,improvable,31
acroas,pp_nav_02304,navigable,59
acroas,pp_nav_02315,navigable,38
acroas,pp_nav_02327,navigable,48
acroas,pp_nav_02346,navigable,13
brotas,pp_nav_02523,navigable,2
brotas,pp_nav_02527,navigable,82
lanagashec,pp_nav_02554,navigable,9
lanagashec,pp_nav_02557,navigable,40
lanagashec,pp_nav_02559,navigable,47
lanagashec,pp_nav_02567,navigable,16
utiangue,pp_nav_01201,improvable,3
utiangue,pp_nav_01202,navigable,26
utiangue,pp_nav_01211,navigable,82
iny_karaja,pp_nav_02391,navigable,37
iny_karaja,pp_nav_02393,navigable,75
iny_karaja,pp_nav_02406,navigable,98
iny_karaja,pp_nav_02408,navigable,55
iny_karaja,pp_nav_02415,navigable,83
iny_karaja,pp_nav_02417,navigable,50
iny_karaja,pp_nav_02424,navigable,9
iny_karaja,pp_nav_02425,navigable,17
gutian,pp_nav_01512,navigable,14
wabimeig,pp_nav_00693,improvable,99
wabimeig,pp_nav_00712,improvable,111
batang_tembesi,pp_nav_02139,navigable,42
batang_tembesi,pp_nav_02140,navigable,62
batang_tembesi,pp_nav_02145,navigable,32
sogra,pp_nav_00164,navigable,40
sogra,pp_nav_00176,navigable,97
sogra,pp_nav_00186,navigable,13
belin,pp_nav_00967,navigable,25
golino,pp_nav_00345,navigable,6
soltsy_kirishi,pp_nav_00310,navigable,13
vat_phou,pp_nav_01790,navigable,43
vat_phou,pp_nav_01800,navigable,42
zemukh,pp_nav_01011,navigable,65
zemukh,pp_nav_01018,navigable,55
zemukh,pp_nav_01024,navigable,4
rengat,pp_nav_02108,navigable,92
rengat,pp_nav_02109,navigable,27
mepenes,pp_nav_02559,navigable,5
mepenes,pp_nav_02564,navigable,49
mepenes,pp_nav_02567,navigable,34
mepenes,pp_nav_02568,navigable,41
upia,pp_nav_02027,navigable,14
upia,pp_nav_02033,navigable,15
nadia,pp_nav_01639,navigable,16
kambeba,pp_nav_02204,navigable,73
kambeba,pp_nav_02206,navigable,80
kambeba,pp_nav_02212,navigable,46
nadleht_en,pp_nav_00604,navigable,84
nadleht_en,pp_nav_00629,improvable,100
nadleht_en,pp_nav_00652,navigable,14
pali_uttar_pradesh,pp_nav_01470,navigable,44
pali_uttar_pradesh,pp_nav_01491,navigable,4
osinsky,pp_nav_00603,navigable,46
osinsky,pp_nav_00641,improvable,53
qompi,pp_nav_02571,navigable,56
qompi,pp_nav_02574,navigable,98
qompi,pp_nav_02576,navigable,39
djee,pp_nav_00600,improvable,45
djee,pp_nav_00621,navigable,38
amol_turkmenabad,pp_nav_01071,navigable,18
amol_turkmenabad,pp_nav_01079,navigable,51
amol_turkmenabad,pp_nav_01087,navigable,24
dingyuan,pp_nav_01345,navigable,35
dingyuan,pp_nav_01367,improvable,16
ngato,pp_nav_02154,navigable,38
motygino,pp_nav_00360,navigable,81
motygino,pp_nav_00374,navigable,49
motygino,pp_nav_00376,navigable,98
motygino,pp_nav_00378,navigable,36
veliky_beckerek,pp_nav_00938,navigable,40
guaquire,pp_nav_01903,navigable,55
guaquire,pp_nav_01912,navigable,3
guaquire,pp_nav_01917,navigable,76
guaquire,pp_nav_01922,navigable,6
linyanti,pp_nav_02420,navigable,38
lelbunmapu,pp_nav_02611,navigable,41
udamik,pp_nav_00168,navigable,46
udamik,pp_nav_00175,navigable,78
grayling,pp_nav_00124,navigable,40
grayling,pp_nav_00140,navigable,92
bobangi,pp_nav_02122,navigable,7
bobangi,pp_nav_02130,navigable,44
bobangi,pp_nav_02132,navigable,56
bobangi,pp_nav_02144,navigable,32
bobaka,pp_nav_02144,navigable,16
bobaka,pp_nav_02154,navigable,10
luanda,pp_nav_02328,navigable,34
magway,pp_nav_01689,navigable,5
magway,pp_nav_01709,navigable,6
mehsi,pp_nav_01514,navigable,26
baini,pp_nav_01464,barrier,9
baini,pp_nav_01480,navigable,40
caete,pp_nav_02335,barrier,25
balbalan,pp_nav_01740,navigable,15
pikwitonei,pp_nav_00530,navigable,99
aparri,pp_nav_01740,navigable,49
muxima,pp_nav_02330,navigable,39
buassa,pp_nav_02239,navigable,37
kyaukse,pp_nav_01663,navigable,13
kyaukse,pp_nav_01671,improvable,53
sulomay,pp_nav_00227,navigable,52
sulomay,pp_nav_00254,navigable,86
sulomay,pp_nav_00275,navigable,49
sulomay,pp_nav_00280,navigable,47
warsaw,pp_nav_00661,navigable,21
warsaw,pp_nav_00664,navigable,57
mbegua,pp_nav_02599,navigable,28
mbegua,pp_nav_02603,navigable,66
mbegua,pp_nav_02605,navigable,58
daboka,pp_nav_01536,navigable,48
ta_shwe_htan,pp_nav_01602,barrier,10
ta_shwe_htan,pp_nav_01614,navigable,45
ta_shwe_htan,pp_nav_01627,navigable,26
mongpai,pp_nav_01710,navigable,52
mongpai,pp_nav_01719,navigable,2
shipai,pp_nav_01310,navigable,42
shipai,pp_nav_01342,navigable,17
watlala,pp_nav_00916,navigable,46
watlala,pp_nav_00929,improvable,59
watlala,pp_nav_00934,navigable,53
watlala,pp_nav_00941,navigable,27
pankara,pp_nav_02313,navigable,31
pankara,pp_nav_02319,navigable,63
mabein,pp_nav_01611,navigable,3
mabein,pp_nav_01618,navigable,51
mabein,pp_nav_01632,improvable,68
guanipa,pp_nav_01902,navigable,22
guanipa,pp_nav_01904,navigable,49
guanipa,pp_nav_01910,navigable,54
guanipa,pp_nav_01918,navigable,46
guanipa,pp_nav_01923,navigable,9
guanipa,pp_nav_01926,navigable,46
abau,pp_nav_02220,navigable,7
abau,pp_nav_02224,navigable,40
abau,pp_nav_02233,improvable,66
fengcheng_fengcheng,pp_nav_01443,navigable,54
one,pp_nav_01862,navigable,10
one,pp_nav_01871,navigable,22
tubicha_mini,pp_nav_02608,navigable,71
tubicha_mini,pp_nav_02609,navigable,98
tubicha_mini,pp_nav_02610,navigable,71
kongwei,pp_nav_01602,barrier,19
tingkip,pp_nav_02167,navigable,1
parma,pp_nav_00959,navigable,45
parma,pp_nav_00961,navigable,17
tupulicus,pp_nav_02159,navigable,8
lambarene,pp_nav_02105,navigable,3
lambarene,pp_nav_02115,navigable,44
lambarene,pp_nav_02116,improvable,29
lambarene,pp_nav_02127,navigable,3
shouzhang,pp_nav_01171,navigable,16
wenxian,pp_nav_01208,navigable,22
pium_i,pp_nav_02504,improvable,68
pium_i,pp_nav_02510,navigable,23
hequ_wuding,pp_nav_01528,improvable,18
zhuluo,pp_nav_01422,barrier,17
zhuluo,pp_nav_01445,navigable,49
zhuluo,pp_nav_01467,improvable,14
manikpur,pp_nav_01538,navigable,18
manikpur,pp_nav_01548,navigable,36
lower_angara,pp_nav_00341,navigable,95
lower_angara,pp_nav_00368,improvable,90
stettin,pp_nav_00605,navigable,24
kayapo,pp_nav_02412,navigable,41
kayapo,pp_nav_02422,improvable,39
kayapo,pp_nav_02427,navigable,11
usivka,pp_nav_00782,navigable,45
usivka,pp_nav_00783,navigable,42
usivka,pp_nav_00786,navigable,22
usivka,pp_nav_00789,navigable,48
stata_ketux,pp_nav_00821,improvable,18
stata_ketux,pp_nav_00827,improvable,85
stata_ketux,pp_nav_00837,barrier,50
stata_ketux,pp_nav_00857,barrier,17
esteriktyaax,pp_nav_00021,navigable,2
zigui,pp_nav_01329,navigable,40
zigui,pp_nav_01339,improvable,30
muara_sabak,pp_nav_02126,navigable,44
den_terek,pp_nav_00685,navigable,9
den_terek,pp_nav_00692,improvable,85
den_terek,pp_nav_00696,improvable,98
korsun,pp_nav_00757,navigable,26
korsun,pp_nav_00762,navigable,14
qianjiang_binzhou,pp_nav_01616,navigable,28
qianjiang_binzhou,pp_nav_01625,navigable,50
tumatumari,pp_nav_01981,navigable,14
pinheiro,pp_nav_02461,navigable,20
pinheiro,pp_nav_02468,navigable,32
pinheiro,pp_nav_02469,navigable,82
pinheiro,pp_nav_02476,navigable,55
gameleira,pp_nav_02365,navigable,11
gameleira,pp_nav_02376,navigable,12
votkings,pp_nav_00445,navigable,69
votkings,pp_nav_00448,navigable,41
votkings,pp_nav_00455,navigable,71
votkings,pp_nav_00461,navigable,6
sanga_pumbo,pp_nav_02237,barrier,44
sanga_pumbo,pp_nav_02245,barrier,42
hanchuan,pp_nav_01352,navigable,62
hanchuan,pp_nav_01357,navigable,2
pervomayskoye,pp_nav_00401,navigable,15
pervomayskoye,pp_nav_00414,navigable,92
pervomayskoye,pp_nav_00438,navigable,75
pervomayskoye,pp_nav_00453,navigable,42
eseka,pp_nav_02024,improvable,23
eseka,pp_nav_02036,improvable,9
eseka,pp_nav_02048,navigable,4
shichah,pp_nav_00975,navigable,12
shichah,pp_nav_00985,navigable,96
shichah,pp_nav_00990,navigable,75
shichah,pp_nav_00994,navigable,11
verkhneyarkeyevo,pp_nav_00521,navigable,29
verkhneyarkeyevo,pp_nav_00532,navigable,53
verkhneyarkeyevo,pp_nav_00535,navigable,31
chenxi,pp_nav_01442,improvable,34
chenxi,pp_nav_01463,improvable,60
stade,pp_nav_00607,navigable,6
ikongo_boa,pp_nav_02231,improvable,55
ikongo_boa,pp_nav_02242,navigable,74
ikongo_boa,pp_nav_02249,improvable,24
shigony,pp_nav_00597,navigable,38
shigony,pp_nav_00628,navigable,50
itapiracaba,pp_nav_02427,navigable,28
itapiracaba,pp_nav_02433,navigable,55
itapiracaba,pp_nav_02440,navigable,42
banaro,pp_nav_02230,navigable,67
pacahuara,pp_nav_02390,navigable,54
tupinambarana,pp_nav_02150,navigable,20
tupinambarana,pp_nav_02161,navigable,41
tupinambarana,pp_nav_02163,navigable,100
tupinambarana,pp_nav_02173,navigable,9
thahnawate,pp_nav_01007,barrier,19
romanov,pp_nav_00406,navigable,28
quizquiz,pp_nav_01203,navigable,51
quizquiz,pp_nav_01217,navigable,12
stavropol_na_volge,pp_nav_00597,navigable,39
boiken,pp_nav_02229,navigable,111
nalimsk,pp_nav_00028,navigable,42
nalimsk,pp_nav_00030,navigable,63
sarh,pp_nav_01872,navigable,15
kaiabi,pp_nav_02350,navigable,37
kaiabi,pp_nav_02362,navigable,93
kaiabi,pp_nav_02371,navigable,64
tancarville,pp_nav_00768,improvable,23
asyut,pp_nav_01471,navigable,4
asyut,pp_nav_01489,navigable,42
fuwa,pp_nav_01311,navigable,37
boeny,pp_nav_02444,improvable,41
andranoboka,pp_nav_02444,improvable,26
miandrivazo,pp_nav_02501,navigable,2
tahna,pp_nav_01427,navigable,16
tahna,pp_nav_01450,navigable,59
tahna,pp_nav_01471,navigable,9
west_yao,pp_nav_02384,navigable,18
cizre,pp_nav_01122,barrier,44
kaysun,pp_nav_01130,navigable,48
hasankeyf,pp_nav_01122,barrier,3
sivrice,pp_nav_01104,navigable,9
sivrice,pp_nav_01109,improvable,16
arapgir,pp_nav_01092,navigable,35
loudun,pp_nav_00861,navigable,3
keban,pp_nav_01092,navigable,43
keban,pp_nav_01104,navigable,20
ar_rabb,pp_nav_01231,navigable,14
ar_rabb,pp_nav_01237,navigable,79
ar_rabb,pp_nav_01247,navigable,3
ukbara,pp_nav_01210,improvable,2
ukbara,pp_nav_01227,navigable,57
ukbara,pp_nav_01235,navigable,47
qadisiyyah,pp_nav_01300,navigable,31
maskanah,pp_nav_01164,navigable,43
jabar,pp_nav_01154,navigable,56
jabar,pp_nav_01164,navigable,84
jabar,pp_nav_01174,navigable,17
busayrah,pp_nav_01179,navigable,26
busayrah,pp_nav_01186,navigable,88
busayrah,pp_nav_01204,navigable,2
balad,pp_nav_01144,improvable,38
balad,pp_nav_01153,navigable,85
wyaconda,pp_nav_01049,navigable,37
wyaconda,pp_nav_01060,navigable,49
bhadohi,pp_nav_01548,navigable,11
bhadohi,pp_nav_01561,navigable,33
bhadohi,pp_nav_01571,navigable,25
oiampi,pp_nav_02113,improvable,89
oiampi,pp_nav_02125,navigable,52
yuanqu,pp_nav_01206,improvable,46
kerewo,pp_nav_02288,navigable,49
urmi,pp_nav_00797,navigable,35
hahawakpa,pp_nav_00986,navigable,57
hahawakpa,pp_nav_00997,improvable,96
hahawakpa,pp_nav_00998,navigable,74
hahawakpa,pp_nav_01006,navigable,26
gorodets,pp_nav_00447,navigable,39
gorodets,pp_nav_00471,navigable,19
ust_ishim,pp_nav_00391,navigable,20
ust_ishim,pp_nav_00402,navigable,96
ust_ishim,pp_nav_00410,navigable,96
ust_ishim,pp_nav_00421,navigable,92
ust_ishim,pp_nav_00425,navigable,92
ust_ishim,pp_nav_00434,navigable,17
calumbo,pp_nav_02328,navigable,46
calumbo,pp_nav_02330,navigable,6
dobryanka,pp_nav_00324,navigable,27
dobryanka,pp_nav_00338,navigable,37
dobryanka,pp_nav_00356,navigable,48
dobryanka,pp_nav_00377,navigable,6
turu,pp_nav_00111,navigable,77
changning,pp_nav_01508,navigable,46
tatahuitalpan,pp_nav_01739,navigable,16
tatahuitalpan,pp_nav_01753,navigable,74
tatahuitalpan,pp_nav_01754,navigable,85
tatahuitalpan,pp_nav_01761,navigable,13
kaniksu,pp_nav_00822,improvable,64
qiyang,pp_nav_01508,navigable,21
qiyang,pp_nav_01517,navigable,50
ulukulevo,pp_nav_00563,navigable,8
muhammerah,pp_nav_01326,navigable,15
muhammerah,pp_nav_01346,navigable,52
muhammerah,pp_nav_01362,navigable,7
kwidzyn,pp_nav_00598,navigable,25
yiyang_changsha,pp_nav_01440,navigable,69
arakaiu,pp_nav_02342,improvable,4
arakaiu,pp_nav_02351,navigable,85
plieran,pp_nav_02063,navigable,52
reni,pp_nav_00945,navigable,1
reni,pp_nav_00950,navigable,5
bayannur,pp_nav_01042,navigable,3
bayannur,pp_nav_01045,navigable,37
bayannur,pp_nav_01057,navigable,78
bor,pp_nav_01952,navigable,8
bor,pp_nav_01966,navigable,49
bor,pp_nav_01983,navigable,21
huiqi,pp_nav_01612,improvable,4
huiqi,pp_nav_01628,navigable,2
shambe,pp_nav_01916,navigable,31
shambe,pp_nav_01938,navigable,94
shambe,pp_nav_01952,navigable,82
kurung_yuryakh,pp_nav_00011,navigable,96
kurung_yuryakh,pp_nav_00015,navigable,21
cuilo,pp_nav_02252,navigable,1
cuilo,pp_nav_02265,improvable,47
cuilo,pp_nav_02281,navigable,5
munduruku,pp_nav_02182,navigable,35
munduruku,pp_nav_02184,navigable,65
munduruku,pp_nav_02194,navigable,96
munduruku,pp_nav_02198,navigable,50
munduruku,pp_nav_02207,navigable,70
hulawen,pp_nav_00924,navigable,94
hulawen,pp_nav_00931,navigable,64
kinyama,pp_nav_02363,navigable,1
kinyama,pp_nav_02379,improvable,92
kinyama,pp_nav_02392,navigable,2
marimbi,pp_nav_02420,navigable,20
marimbi,pp_nav_02430,navigable,60
muang_phalan,pp_nav_01784,navigable,7
wayampi,pp_nav_02113,improvable,14
wayampi,pp_nav_02125,navigable,44
horodyshche,pp_nav_00778,navigable,15
horodyshche,pp_nav_00782,navigable,19
ngabo,pp_nav_02154,navigable,56
ngabo,pp_nav_02168,navigable,9
ngabo,pp_nav_02176,navigable,25
ngabo,pp_nav_02177,navigable,42
ngabo,pp_nav_02180,navigable,32
kahwenoke,pp_nav_00965,navigable,16
molchanovo,pp_nav_00380,navigable,24
molchanovo,pp_nav_00399,navigable,94
molchanovo,pp_nav_00401,navigable,79
molchanovo,pp_nav_00403,navigable,93
molchanovo,pp_nav_00415,navigable,58
cokuurdaax,pp_nav_00002,navigable,44
batubenge,pp_nav_02249,improvable,64
batubenge,pp_nav_02260,navigable,79
pa_lus_sa,pp_nav_00887,barrier,67
pa_lus_sa,pp_nav_00893,barrier,12
kyaukkyi,pp_nav_01730,navigable,47
kyaukkyi,pp_nav_01752,navigable,21
ambaca,pp_nav_02328,navigable,32
ambaca,pp_nav_02330,navigable,63
winisk,pp_nav_00551,improvable,2
shar,pp_nav_00740,navigable,9
shar,pp_nav_00741,navigable,47
shar,pp_nav_00745,navigable,47
shar,pp_nav_00752,navigable,24
shar,pp_nav_00755,barrier,54
shar,pp_nav_00761,navigable,34
chuapa,pp_nav_02168,navigable,49
chuapa,pp_nav_02169,navigable,49
chuapa,pp_nav_02177,navigable,49
chuapa,pp_nav_02183,navigable,58
chuapa,pp_nav_02185,navigable,17
chuapa,pp_nav_02190,navigable,82
chuapa,pp_nav_02203,navigable,34
aco,pp_nav_02339,barrier,13
aco,pp_nav_02343,improvable,20
zhalauly,pp_nav_00595,navigable,35
zhalauly,pp_nav_00608,navigable,51
zhalauly,pp_nav_00631,navigable,47
zhalauly,pp_nav_00646,navigable,43
imakia,pp_nav_00646,navigable,35
imakia,pp_nav_00655,navigable,52
imakia,pp_nav_00673,navigable,48
kai_kara,pp_nav_01923,navigable,69
kai_kara,pp_nav_01926,navigable,40
kai_kara,pp_nav_01928,navigable,15
kai_kara,pp_nav_01932,navigable,20
kai_kara,pp_nav_01935,navigable,38
kai_kara,pp_nav_01947,navigable,7
chiryapchi,pp_nav_00180,navigable,7
ford_liard,pp_nav_00281,improvable,84
ford_liard,pp_nav_00294,improvable,81
ford_liard,pp_nav_00304,improvable,95
ford_liard,pp_nav_00307,navigable,36
xiangning,pp_nav_01159,improvable,13
abare_i,pp_nav_02527,navigable,24
wayagamac,pp_nav_00860,navigable,34
laibin,pp_nav_01619,navigable,42
laibin,pp_nav_01625,navigable,6
apiacas,pp_nav_02333,navigable,67
apiacas,pp_nav_02338,navigable,74
apiacas,pp_nav_02350,navigable,104
coste,pp_nav_01172,navigable,45
yanggu_yanzhou,pp_nav_01161,navigable,19
yanggu_yanzhou,pp_nav_01171,navigable,36
yelabuga,pp_nav_00509,navigable,36
yelabuga,pp_nav_00516,navigable,30
yelabuga,pp_nav_00522,navigable,48
yelabuga,pp_nav_00527,navigable,20
kajabi,pp_nav_02371,navigable,51
itapirapua,pp_nav_02432,navigable,33
itapirapua,pp_nav_02438,navigable,63
troitsko_pechorsk,pp_nav_00153,navigable,2
troitsko_pechorsk,pp_nav_00166,navigable,55
kystatyam,pp_nav_00040,navigable,88
kystatyam,pp_nav_00050,navigable,7
kolpashevo,pp_nav_00353,navigable,95
kolpashevo,pp_nav_00364,navigable,94
kolpashevo,pp_nav_00380,navigable,98
tsiripa,pp_nav_02558,improvable,46
tsiripa,pp_nav_02563,navigable,61
tsiripa,pp_nav_02566,navigable,64
tsiripa,pp_nav_02568,navigable,24
catios,pp_nav_01958,navigable,8
vezhakary,pp_nav_00167,navigable,13
ipire,pp_nav_01923,navigable,42
wangmu,pp_nav_01572,navigable,20
wangmu,pp_nav_01581,navigable,19
puchacay,pp_nav_02611,navigable,58
cheboksary,pp_nav_00494,navigable,86
jembayan,pp_nav_02106,navigable,5
ulug,pp_nav_00692,improvable,44
hymahi,pp_nav_01240,navigable,1
stendal,pp_nav_00648,navigable,34
mong_yawng,pp_nav_01673,navigable,50
mong_yawng,pp_nav_01681,barrier,33
kuttawa,pp_nav_01115,navigable,45
kuttawa,pp_nav_01121,navigable,70
kuttawa,pp_nav_01132,navigable,70
kuttawa,pp_nav_01142,navigable,63
kuttawa,pp_nav_01146,navigable,9
rajmahal,pp_nav_01566,navigable,17
rajmahal,pp_nav_01580,navigable,15
nemasca,pp_nav_00706,navigable,82
nemasca,pp_nav_00707,navigable,77
nemasca,pp_nav_00710,improvable,16
pikunwijimapu,pp_nav_02629,navigable,43
panyu,pp_nav_01646,navigable,10
mompoj,pp_nav_01871,navigable,53
mompoj,pp_nav_01886,navigable,90
mompoj,pp_nav_01890,navigable,23
mompoj,pp_nav_01895,navigable,70
corpen_aike,pp_nav_02635,navigable,99
corpen_aike,pp_nav_02636,improvable,71
noris,pp_nav_01919,navigable,83
noris,pp_nav_01940,barrier,12
escatawppa,pp_nav_01299,navigable,32
escatawppa,pp_nav_01316,navigable,26
escatawppa,pp_nav_01340,navigable,1
kanaskipenaski,pp_nav_00458,navigable,63
bahr_salamat,pp_nav_01864,navigable,17
bahr_salamat,pp_nav_01872,navigable,33
wabaseemong,pp_nav_00742,navigable,34
thawe,pp_nav_01495,navigable,26
thawe,pp_nav_01514,navigable,13
osijek,pp_nav_00932,navigable,38
verkhoshizhemye,pp_nav_00366,navigable,27
verkhoshizhemye,pp_nav_00381,navigable,78
verkhoshizhemye,pp_nav_00408,navigable,71
julau,pp_nav_02070,navigable,39
julau,pp_nav_02075,navigable,23
acanti,pp_nav_01909,navigable,43
yingli,pp_nav_01120,improvable,27
yingli,pp_nav_01129,improvable,80
melnikovo,pp_nav_00415,navigable,20
melnikovo,pp_nav_00439,navigable,39
melnikovo,pp_nav_00456,navigable,32
melnikovo,pp_nav_00468,navigable,34
pampahuaylla,pp_nav_02397,barrier,86
luzhou,pp_nav_01421,improvable,8
luzhou,pp_nav_01425,improvable,76
mong_hpayak,pp_nav_01681,barrier,13
mong_hpayak,pp_nav_01692,navigable,22
mong_hpayak,pp_nav_01696,improvable,18
humadea,pp_nav_02033,navigable,13
hulu_barito,pp_nav_02102,navigable,43
xingan_linjiang,pp_nav_01460,navigable,77
xingan_linjiang,pp_nav_01481,navigable,3
tchikunga,pp_nav_02260,navigable,27
guiping,pp_nav_01630,navigable,59
guiping,pp_nav_01631,navigable,26
guiping,pp_nav_01637,navigable,16
khachimcher,pp_nav_00015,navigable,25
nyonoksa,pp_nav_00121,navigable,39
nyonoksa,pp_nav_00129,navigable,34
tereshka,pp_nav_00681,navigable,57
tereshka,pp_nav_00690,navigable,22
kuujjuarapik,pp_nav_00550,navigable,47
chyorny_yar,pp_nav_00809,navigable,67
chyorny_yar,pp_nav_00811,navigable,90
chyorny_yar,pp_nav_00829,navigable,17
nakshaparvat,pp_nav_01504,navigable,26
nakshaparvat,pp_nav_01507,navigable,27
waahukaahaanu,pp_nav_00825,navigable,8
spithota,pp_nav_01156,navigable,15
spithota,pp_nav_01160,navigable,4
ogoowe_kongo,pp_nav_02099,improvable,49
ogoowe_kongo,pp_nav_02105,navigable,27
nagatinong,pp_nav_00939,navigable,23
nagatinong,pp_nav_00942,navigable,2
wihlink,pp_nav_01046,improvable,8
wihlink,pp_nav_01051,navigable,42
wihlink,pp_nav_01065,barrier,50
kaya_paha,pp_nav_00994,navigable,66
kaya_paha,pp_nav_01004,navigable,96
kaya_paha,pp_nav_01010,navigable,58
silkari,pp_nav_00612,improvable,98
silkari,pp_nav_00613,navigable,54
silkari,pp_nav_00615,improvable,100
silkari,pp_nav_00618,navigable,14
silkari,pp_nav_00623,navigable,114
adixoodagoorahareesh,pp_nav_00823,navigable,85
adixoodagoorahareesh,pp_nav_00825,navigable,48
adixoodagoorahareesh,pp_nav_00828,navigable,37
ahkwesasne_ny,pp_nav_00965,navigable,26
tunica,pp_nav_01248,navigable,23
tunica,pp_nav_01269,navigable,73
tunica,pp_nav_01287,navigable,19
beryozovo,pp_nav_00108,navigable,18
beryozovo,pp_nav_00112,navigable,74
beryozovo,pp_nav_00125,navigable,88
edea,pp_nav_02024,improvable,5
edea,pp_nav_02036,improvable,91
edea,pp_nav_02041,improvable,30
edea,pp_nav_02048,navigable,20
etiwan,pp_nav_01240,navigable,14
etiwan,pp_nav_01244,navigable,25
hoveyzeh,pp_nav_01326,navigable,3
tobolsk,pp_nav_00359,navigable,25
tobolsk,pp_nav_00375,navigable,6
tobolsk,pp_nav_00379,navigable,94
tobolsk,pp_nav_00398,navigable,75
juniata,pp_nav_01044,navigable,30
juniata,pp_nav_01055,navigable,12
ycuamandiyu,pp_nav_02539,navigable,77
ycuamandiyu,pp_nav_02540,navigable,16
kichwa,pp_nav_02117,navigable,70
sangay,pp_nav_02147,improvable,52
chaira,pp_nav_02078,navigable,97
chaira,pp_nav_02087,navigable,69
cauroma,pp_nav_01991,navigable,62
suamprabon,pp_nav_01488,navigable,40
suamprabon,pp_nav_01511,navigable,40
kizel,pp_nav_00314,navigable,12
tayxlama,pp_nav_00925,navigable,16
tayxlama,pp_nav_00927,navigable,48
bosobolo,pp_nav_02001,navigable,49
bosobolo,pp_nav_02005,navigable,51
bosobolo,pp_nav_02008,navigable,32
bosobolo,pp_nav_02019,navigable,49
bosobolo,pp_nav_02030,navigable,28
bosobolo,pp_nav_02061,navigable,98
bosobolo,pp_nav_02069,navigable,44
mitsogo_kongo,pp_nav_02101,navigable,63
mitsogo_kongo,pp_nav_02110,improvable,55
mitsogo_kongo,pp_nav_02118,navigable,38
umatilla,pp_nav_00898,navigable,11
umatilla,pp_nav_00918,navigable,96
umatilla,pp_nav_00925,navigable,44
shuryshkar,pp_nav_00049,improvable,5
shuryshkar,pp_nav_00055,navigable,94
shuryshkar,pp_nav_00058,navigable,95
shuryshkar,pp_nav_00069,navigable,45
acham,pp_nav_01424,navigable,23
napo,pp_nav_02111,navigable,70
napo,pp_nav_02112,navigable,33
napo,pp_nav_02117,navigable,16
kahinga,pp_nav_02434,navigable,69
yukpa,pp_nav_01881,navigable,52
jebba,pp_nav_01868,navigable,3
jebba,pp_nav_01883,navigable,44
dasu,pp_nav_01187,navigable,20
dasu,pp_nav_01195,navigable,37
kasur,pp_nav_01323,navigable,1
kasur,pp_nav_01327,navigable,35
rajamahendry,pp_nav_01762,navigable,85
gilgit,pp_nav_01178,barrier,2
piran_i_kaliyar,pp_nav_01393,navigable,22
raikot,pp_nav_01333,navigable,24
raikot,pp_nav_01334,navigable,10
harrow,pp_nav_00697,improvable,20
harrow,pp_nav_00700,improvable,17
dubbi,pp_nav_01476,navigable,37
london,pp_nav_00700,improvable,27
kanauj,pp_nav_01470,navigable,12
kanauj,pp_nav_01491,navigable,24
dina,pp_nav_01252,navigable,49
neva,pp_nav_00292,improvable,61
koknese,pp_nav_00451,navigable,29
koknese,pp_nav_00464,navigable,33
koknese,pp_nav_00469,navigable,31
bopolu,pp_nav_01945,navigable,33
maldarede,pp_nav_01860,navigable,15
maldarede,pp_nav_01863,barrier,47
maldarede,pp_nav_01867,navigable,5
solatunum,pp_nav_00154,navigable,29
guelengdeng,pp_nav_01849,navigable,27
guelengdeng,pp_nav_01855,navigable,56
aro,pp_nav_01910,navigable,31
aro,pp_nav_01918,navigable,76
aro,pp_nav_01926,navigable,49
aro,pp_nav_01932,navigable,32
turukhansk,pp_nav_00060,navigable,62
turukhansk,pp_nav_00068,improvable,3
turukhansk,pp_nav_00071,navigable,95
turukhansk,pp_nav_00083,navigable,100
turukhansk,pp_nav_00101,navigable,53
kalabsha,pp_nav_01617,barrier,68
kalabsha,pp_nav_01638,barrier,39
wangjiang,pp_nav_01351,navigable,23
shangjing,pp_nav_00914,navigable,88
shangjing,pp_nav_00915,navigable,76
shangjing,pp_nav_00919,navigable,16
shangjing,pp_nav_00924,navigable,5
zoe,pp_nav_02137,navigable,87
zoe,pp_nav_02150,navigable,2
njoko,pp_nav_02462,navigable,50
njoko,pp_nav_02466,navigable,36
guarico,pp_nav_01903,navigable,44
barinas,pp_nav_01912,navigable,4
barinas,pp_nav_01914,navigable,39
quigate,pp_nav_01202,navigable,32
quigate,pp_nav_01203,navigable,2
quigate,pp_nav_01217,navigable,44
quigate,pp_nav_01222,navigable,1
katima,pp_nav_02474,improvable,37
katima,pp_nav_02480,navigable,71
katima,pp_nav_02482,barrier,5
lalek_cotaa,pp_nav_02596,navigable,1
lalek_cotaa,pp_nav_02599,navigable,53
lalek_cotaa,pp_nav_02603,navigable,39
xoko,pp_nav_02335,barrier,44
xoko,pp_nav_02342,improvable,84
mardankuyik,pp_nav_01011,navigable,9
mardankuyik,pp_nav_01018,navigable,44
cherven,pp_nav_00995,navigable,13
cherven,pp_nav_01000,navigable,1
cherven,pp_nav_01002,navigable,25
karawala,pp_nav_01821,navigable,14
karawala,pp_nav_01824,navigable,22
rejang,pp_nav_02063,navigable,25
rejang,pp_nav_02066,navigable,71
rejang,pp_nav_02072,navigable,81
rejang,pp_nav_02076,navigable,26
luodian,pp_nav_01572,navigable,31
jinshajiang,pp_nav_01506,barrier,32
jinshajiang,pp_nav_01515,improvable,1
jinshajiang,pp_nav_01527,barrier,50
ningpu,pp_nav_01650,navigable,70
ningpu,pp_nav_01652,navigable,47
kazari,pp_nav_00569,navigable,22
kazari,pp_nav_00581,navigable,54
kazari,pp_nav_00583,improvable,22
tsay_iona,pp_nav_00305,improvable,77
tsay_iona,pp_nav_00313,navigable,110
tsay_iona,pp_nav_00316,navigable,92
shushenskoye,pp_nav_00620,improvable,49
shushenskoye,pp_nav_00637,barrier,59
shushenskoye,pp_nav_00653,barrier,96
shushenskoye,pp_nav_00657,navigable,53
zongyang,pp_nav_01325,navigable,33
zongyang,pp_nav_01351,navigable,10
ilok,pp_nav_00944,navigable,64
ilok,pp_nav_00953,navigable,13
ilok,pp_nav_00964,navigable,22
ilok,pp_nav_00968,navigable,1
sintang,pp_nav_02090,navigable,53
sintang,pp_nav_02095,navigable,10
sintang,pp_nav_02097,navigable,42
jaskis,pp_nav_00247,navigable,93
dejiang,pp_nav_01444,navigable,37
baleh,pp_nav_02076,navigable,45
unnao,pp_nav_01510,navigable,32
unnao,pp_nav_01538,navigable,26
heqing,pp_nav_01506,barrier,24
tongan_lijiang,pp_nav_01468,navigable,44
tongan_lijiang,pp_nav_01479,barrier,32
tongan_lijiang,pp_nav_01482,navigable,45
tongan_lijiang,pp_nav_01490,navigable,20
tongan_lijiang,pp_nav_01506,barrier,22
iaremappo,pp_nav_01989,navigable,83
chirowe,pp_nav_02437,navigable,24
chestowee,pp_nav_01177,navigable,64
muene_ndinga,pp_nav_02252,navigable,70
muene_ndinga,pp_nav_02265,improvable,57
kassali,pp_nav_02223,navigable,14
kassali,pp_nav_02243,navigable,19
artyk_ata,pp_nav_01005,navigable,49
artyk_ata,pp_nav_01011,navigable,9
tuzdysor,pp_nav_00646,navigable,9
tuzdysor,pp_nav_00655,navigable,45
tuzdysor,pp_nav_00673,navigable,26
rouyuan,pp_nav_01579,navigable,26
rouyuan,pp_nav_01602,barrier,39
cundi,pp_nav_02238,improvable,19
cundi,pp_nav_02252,navigable,3
nenlhet,pp_nav_02526,navigable,49
nenlhet,pp_nav_02533,navigable,23
awka_etiti,pp_nav_01978,navigable,37
otog,pp_nav_01078,navigable,37
otog,pp_nav_01094,navigable,11
durjaya,pp_nav_01520,navigable,9
durjaya,pp_nav_01533,navigable,25
nistam,pp_nav_00703,improvable,27
bumi_ayu,pp_nav_02178,navigable,27
fisque_menuco,pp_nav_02612,improvable,22
fisque_menuco,pp_nav_02613,improvable,98
fisque_menuco,pp_nav_02614,improvable,10
fisque_menuco,pp_nav_02616,improvable,43
fisque_menuco,pp_nav_02617,improvable,51
fisque_menuco,pp_nav_02619,navigable,22
pilda,pp_nav_00670,navigable,21
pilda,pp_nav_00687,navigable,53
szolnok,pp_nav_00853,navigable,10
szolnok,pp_nav_00868,navigable,83
guana,pp_nav_02520,navigable,93
guana,pp_nav_02526,navigable,11
luquan,pp_nav_01523,barrier,20
luquan,pp_nav_01528,improvable,27
kusu_mangbetu,pp_nav_02165,navigable,52
kusu_mangbetu,pp_nav_02193,navigable,4
kusu_mangbetu,pp_nav_02197,navigable,89
kusu_mangbetu,pp_nav_02223,navigable,14
kuje,pp_nav_01915,navigable,58
kuje,pp_nav_01920,navigable,82
juris,pp_nav_02182,navigable,81
juris,pp_nav_02198,navigable,10
areia,pp_nav_02438,navigable,9
areia,pp_nav_02445,navigable,75
tora,pp_nav_01943,navigable,41
gradiski_brod,pp_nav_00949,navigable,46
gradiski_brod,pp_nav_00952,navigable,37
gradiski_brod,pp_nav_00955,navigable,12
gradiski_brod,pp_nav_00960,navigable,15
ingariko,pp_nav_02047,navigable,27
phyu,pp_nav_01730,navigable,45
loeme,pp_nav_02202,navigable,31
loeme,pp_nav_02217,navigable,29
amundava,pp_nav_02321,navigable,54
amundava,pp_nav_02326,navigable,88
amundava,pp_nav_02344,navigable,24
charang,pp_nav_00223,navigable,62
charang,pp_nav_00232,navigable,17
takuru_puku,pp_nav_02546,navigable,80
takuru_puku,pp_nav_02548,improvable,7
smolenskoye,pp_nav_00649,navigable,3
smolenskoye,pp_nav_00662,navigable,99
donge,pp_nav_01152,navigable,21
donge,pp_nav_01161,navigable,34
ust_vym,pp_nav_00190,navigable,49
ust_vym,pp_nav_00191,navigable,89
ust_vym,pp_nav_00199,navigable,26
zimnyatsky,pp_nav_00765,navigable,29
zimnyatsky,pp_nav_00769,navigable,23
zimnyatsky,pp_nav_00775,navigable,38
nakaigetergehe,pp_nav_02576,navigable,20
chongshan,pp_nav_01658,navigable,72
awastara,pp_nav_01793,navigable,56
umbu,pp_nav_02584,navigable,83
umbu,pp_nav_02585,navigable,71
macuxi,pp_nav_02047,navigable,23
macuxi,pp_nav_02054,navigable,98
macuxi,pp_nav_02056,improvable,86
macuxi,pp_nav_02057,navigable,59
macuxi,pp_nav_02064,navigable,20
zwolen,pp_nav_00683,navigable,4
ibicui,pp_nav_02575,navigable,48
ibicui,pp_nav_02578,navigable,50
ibicui,pp_nav_02579,navigable,43
ibicui,pp_nav_02580,navigable,72
ratchaburi,pp_nav_01807,navigable,75
baniachang,pp_nav_01595,navigable,38
baniachang,pp_nav_01600,navigable,16
movima,pp_nav_02404,navigable,40
movima,pp_nav_02414,navigable,87
movima,pp_nav_02423,navigable,17
manjung,pp_nav_02037,navigable,44
pashino,pp_nav_00378,navigable,59
pashino,pp_nav_00404,navigable,97
borun,pp_nav_02493,improvable,34
ulakhan_kyuyol,pp_nav_00117,navigable,92
jacui,pp_nav_02583,navigable,31
jacui,pp_nav_02584,navigable,8
zarate,pp_nav_01862,navigable,49
zarate,pp_nav_01871,navigable,49
kaxarari,pp_nav_02337,navigable,27
menglei,pp_nav_01643,navigable,1
galinhas,pp_nav_01927,navigable,113
itarap,pp_nav_02368,navigable,29
dungu,pp_nav_02040,navigable,34
calcasieu,pp_nav_01289,navigable,36
calcasieu,pp_nav_01304,navigable,94
calcasieu,pp_nav_01319,navigable,2
caraja,pp_nav_02275,navigable,37
caraja,pp_nav_02285,navigable,78
caraja,pp_nav_02295,navigable,65
caraja,pp_nav_02304,navigable,24
taant_a,pp_nav_00466,navigable,15
yshyr,pp_nav_02508,navigable,42
malalis,pp_nav_02497,improvable,19
malalis,pp_nav_02498,navigable,53
timkino,pp_nav_00014,improvable,6
jiyuan,pp_nav_01206,improvable,16
yarkino,pp_nav_00344,navigable,72
yarkino,pp_nav_00350,navigable,100
yarkino,pp_nav_00361,improvable,58
kinja,pp_nav_02082,navigable,91
kinja,pp_nav_02089,navigable,76
kinja,pp_nav_02100,navigable,12
muromtsevo,pp_nav_00442,navigable,6
muromtsevo,pp_nav_00452,navigable,47
muromtsevo,pp_nav_00472,navigable,75
muromtsevo,pp_nav_00491,navigable,8
good_hope,pp_nav_00057,navigable,58
good_hope,pp_nav_00072,navigable,44
waldshut,pp_nav_00846,improvable,12
kuhikugu,pp_nav_02394,navigable,83
kaiwa,pp_nav_02528,navigable,14
kaiwa,pp_nav_02532,navigable,40
sao_leopoldo,pp_nav_02583,navigable,25
tawehash,pp_nav_01180,navigable,71
tawehash,pp_nav_01191,navigable,32
dzerzhinskoye,pp_nav_00462,navigable,39
nyachukha,pp_nav_01372,navigable,61
nyachukha,pp_nav_01413,navigable,11
jerichow,pp_nav_00648,navigable,43
jerichow,pp_nav_00663,navigable,2
para,pp_nav_02296,navigable,99
para,pp_nav_02310,navigable,79
para,pp_nav_02320,navigable,12
hinsepu,pp_nav_00893,barrier,86
hinsepu,pp_nav_00910,improvable,65
hinsepu,pp_nav_00926,improvable,5
kuchugur,pp_nav_00834,navigable,30
kuchugur,pp_nav_00847,navigable,35
kuchugur,pp_nav_00852,navigable,70
angoram,pp_nav_02214,navigable,58
angoram,pp_nav_02225,navigable,8
angoram,pp_nav_02230,navigable,43
chateaubriant,pp_nav_00858,navigable,29
chateaubriant,pp_nav_00862,navigable,8
guarasugwa,pp_nav_02421,navigable,50
apalachee,pp_nav_01347,navigable,71
yendyr,pp_nav_00201,improvable,35
yendyr,pp_nav_00218,navigable,96
yendyr,pp_nav_00234,navigable,15
yendyr,pp_nav_00237,navigable,83
satere_mawe,pp_nav_02222,navigable,90
cherkasy,pp_nav_00762,navigable,74
cherkasy,pp_nav_00778,navigable,70
cherkasy,pp_nav_00782,navigable,5
cherkasy,pp_nav_00783,navigable,7
melk,pp_nav_00819,navigable,43
tocantis,pp_nav_02254,navigable,39
gdansk,pp_nav_00587,navigable,28
wuchang,pp_nav_01350,navigable,15
wuchang,pp_nav_01358,navigable,26
wuchang,pp_nav_01368,navigable,2
meizhou,pp_nav_01364,improvable,33
berdsk,pp_nav_00566,navigable,57
berdsk,pp_nav_00579,navigable,20
rikbaktsa,pp_nav_02364,navigable,98
rikbaktsa,pp_nav_02374,navigable,88
rikbaktsa,pp_nav_02377,navigable,42
rikbaktsa,pp_nav_02378,navigable,92
cootcla,pp_nav_01200,navigable,51
cootcla,pp_nav_01213,navigable,48
cootcla,pp_nav_01218,navigable,33
minenga,pp_nav_02439,navigable,2
minenga,pp_nav_02448,navigable,97
minenga,pp_nav_02453,navigable,63
djeoromitxi,pp_nav_02368,navigable,36
thuan_binh,pp_nav_01779,navigable,24
thuan_binh,pp_nav_01784,navigable,7
wanzhou,pp_nav_01338,improvable,49
wanzhou,pp_nav_01349,navigable,47
ikom,pp_nav_01980,navigable,45
karasor,pp_nav_00673,navigable,24
karasor,pp_nav_00688,navigable,51
karasor,pp_nav_00708,navigable,50
karasor,pp_nav_00723,navigable,12
pechora,pp_nav_00079,navigable,42
pechora,pp_nav_00085,navigable,108
pechora,pp_nav_00106,navigable,82
pechora,pp_nav_00115,navigable,2
kamimbe,pp_nav_02434,navigable,51
kamimbe,pp_nav_02439,navigable,64
kamimbe,pp_nav_02453,navigable,2
huichuan_dechang,pp_nav_01516,navigable,27
huichuan_dechang,pp_nav_01528,improvable,36
omsk,pp_nav_00518,navigable,49
omsk,pp_nav_00528,improvable,85
omsk,pp_nav_00543,navigable,51
omsk,pp_nav_00557,navigable,25
omsk,pp_nav_00570,navigable,47
omsk,pp_nav_00577,navigable,18
awatixa,pp_nav_00828,navigable,47
awatixa,pp_nav_00841,navigable,96
awatixa,pp_nav_00851,navigable,73
bitki,pp_nav_00670,navigable,13
jiparana,pp_nav_02344,navigable,71
jiparana,pp_nav_02358,navigable,65
jiparana,pp_nav_02368,navigable,27
adony,pp_nav_00843,improvable,1
adony,pp_nav_00872,navigable,32
inga,pp_nav_02092,navigable,20
pyras,pp_nav_00228,navigable,1
waiwai,pp_nav_02100,navigable,105
muang_sua,pp_nav_01712,navigable,55
muang_sua,pp_nav_01715,navigable,3
cairo,pp_nav_01365,navigable,16
cairo,pp_nav_01380,navigable,8
akhmim,pp_nav_01489,navigable,18
akhmim,pp_nav_01509,navigable,51
marovoay,pp_nav_02456,navigable,65
tsimanandrafozana,pp_nav_02500,navigable,91
tsimanandrafozana,pp_nav_02501,navigable,38
east_yao,pp_nav_02375,improvable,3
east_yao,pp_nav_02382,improvable,52
east_yao,pp_nav_02384,navigable,22
dluk,pp_nav_01130,navigable,10
dluk,pp_nav_01143,navigable,18
siverek,pp_nav_01109,improvable,23
siverek,pp_nav_01119,navigable,25
al_anbar,pp_nav_01237,navigable,9
al_anbar,pp_nav_01247,navigable,41
tikrit,pp_nav_01196,navigable,44
tikrit,pp_nav_01210,improvable,66
al_qatr,pp_nav_01322,navigable,1
al_qatr,pp_nav_01326,navigable,10
al_qatr,pp_nav_01336,navigable,48
okladnikova_sloboda,pp_nav_00066,navigable,62
peranap,pp_nav_02109,navigable,67
kabambare,pp_nav_02244,navigable,19
qollaxalec,pp_nav_02567,navigable,58
qollaxalec,pp_nav_02571,navigable,42
saygatsky,pp_nav_00455,navigable,26
saygatsky,pp_nav_00461,navigable,59
saygatsky,pp_nav_00495,navigable,8
rumu,pp_nav_02288,navigable,57
balagansk,pp_nav_00582,navigable,96
balagansk,pp_nav_00591,navigable,78
balagansk,pp_nav_00603,navigable,5
dudinka,pp_nav_00004,navigable,95
dudinka,pp_nav_00007,navigable,96
dudinka,pp_nav_00013,navigable,98
dudinka,pp_nav_00017,navigable,107
dudinka,pp_nav_00025,navigable,1
guarapuava,pp_nav_02553,improvable,42
guarapuava,pp_nav_02555,improvable,75
katen,pp_nav_00835,navigable,24
louviers,pp_nav_00774,navigable,56
tavan,pp_nav_00856,navigable,10
tavan,pp_nav_00875,navigable,32
kazan,pp_nav_00520,navigable,13
kazan,pp_nav_00533,navigable,53
kazan,pp_nav_00549,navigable,19
oskemen,pp_nav_00741,navigable,6
oskemen,pp_nav_00745,navigable,84
oskemen,pp_nav_00752,navigable,37
oskemen,pp_nav_00755,barrier,16
benfeld,pp_nav_00804,improvable,23
bardak,pp_nav_00189,improvable,33
bardak,pp_nav_00201,improvable,79
shish,pp_nav_00434,navigable,73
shish,pp_nav_00442,navigable,72
peewareewa,pp_nav_01037,navigable,46
peewareewa,pp_nav_01049,navigable,48
ofaie,pp_nav_02514,navigable,8
ofaie,pp_nav_02516,navigable,44
ofaie,pp_nav_02518,navigable,41
namau,pp_nav_02294,navigable,61
thuan_chau,pp_nav_01664,navigable,11
thuan_chau,pp_nav_01668,improvable,95
thuan_chau,pp_nav_01679,navigable,23
xinjian,pp_nav_01443,navigable,8
elcui,pp_nav_02614,improvable,49
elcui,pp_nav_02617,improvable,53
elcui,pp_nav_02618,navigable,50
elcui,pp_nav_02619,navigable,3
elcui,pp_nav_02624,improvable,26
rejaf,pp_nav_02003,navigable,38
rejaf,pp_nav_02029,navigable,48
rejaf,pp_nav_02042,navigable,15
tapuios,pp_nav_02175,navigable,66
tapuios,pp_nav_02189,navigable,61
tapuios,pp_nav_02208,navigable,9
zenzevatka,pp_nav_00746,navigable,6
zenzevatka,pp_nav_00760,navigable,35
towa_panka,pp_nav_02400,navigable,37
towa_panka,pp_nav_02401,navigable,30
nemaha,pp_nav_01041,navigable,62
nemaha,pp_nav_01054,navigable,76
noanama,pp_nav_02006,navigable,80
xakriaba,pp_nav_02422,improvable,29
xakriaba,pp_nav_02427,navigable,50
firabr,pp_nav_01079,navigable,58
firabr,pp_nav_01087,navigable,52
eexiwa,pp_nav_02494,navigable,48
ducheng,pp_nav_01636,navigable,24
ducheng,pp_nav_01644,improvable,2
irtysh,pp_nav_00229,navigable,37
irtysh,pp_nav_00234,navigable,50
irtysh,pp_nav_00237,navigable,14
irtysh,pp_nav_00249,navigable,96
irtysh,pp_nav_00257,navigable,93
irtysh,pp_nav_00273,navigable,55
irtysh,pp_nav_00284,navigable,88
irtysh,pp_nav_00299,navigable,31
mughan,pp_nav_01067,navigable,20
pacaha,pp_nav_01189,navigable,44
pacaha,pp_nav_01203,navigable,51
poti,pp_nav_02236,navigable,36
poti,pp_nav_02251,navigable,45
jiayu,pp_nav_01361,navigable,3
jiayu,pp_nav_01374,navigable,47
jiayu,pp_nav_01383,navigable,2
takawng,pp_nav_01611,navigable,34
takawng,pp_nav_01618,navigable,44
takawng,pp_nav_01626,navigable,43
olonets,pp_nav_00251,navigable,58
lukuga,pp_nav_02244,navigable,61
lukuga,pp_nav_02257,navigable,57
lukuga,pp_nav_02262,improvable,68
lukuga,pp_nav_02266,navigable,77
jongkong,pp_nav_02086,navigable,31
buriti,pp_nav_02440,navigable,6
buriti,pp_nav_02454,navigable,51
buriti,pp_nav_02461,navigable,2
anoixi,pp_nav_01193,navigable,1
anoixi,pp_nav_01201,improvable,66
vasilyeva_sloboda,pp_nav_00447,navigable,56
vasilyeva_sloboda,pp_nav_00471,navigable,15
zyryan,pp_nav_00755,barrier,56
zyryan,pp_nav_00761,navigable,29
zhelezin,pp_nav_00595,navigable,35
zhelezin,pp_nav_00608,navigable,50
zhelezin,pp_nav_00631,navigable,53
zhelezin,pp_nav_00646,navigable,14
tuxa,pp_nav_02313,navigable,17
tuxa,pp_nav_02319,navigable,29
tuxa,pp_nav_02322,improvable,15
tuxa,pp_nav_02335,barrier,8
ichera,pp_nav_00349,navigable,15
ichera,pp_nav_00367,navigable,10
kombai,pp_nav_02256,navigable,14
jaguarari,pp_nav_02324,navigable,7
jaguarari,pp_nav_02334,navigable,97
longping_pingle,pp_nav_01608,navigable,71
upper_angara,pp_nav_00343,navigable,91
upper_angara,pp_nav_00344,navigable,22
upper_angara,pp_nav_00348,navigable,98
upper_angara,pp_nav_00363,barrier,39
thai_binh,pp_nav_01691,navigable,39
vang_vieng,pp_nav_01715,navigable,22
iranmranhre,pp_nav_02492,navigable,2
iranmranhre,pp_nav_02496,navigable,36
cutzamala,pp_nav_01732,navigable,32
wujing,pp_nav_01529,improvable,3
wujing,pp_nav_01555,barrier,7
bikrampur,pp_nav_01607,navigable,6
bikrampur,pp_nav_01613,navigable,4
bikrampur,pp_nav_01623,navigable,48
bikrampur,pp_nav_01633,navigable,32
poughkeepsie,pp_nav_01023,navigable,1
xupu,pp_nav_01463,improvable,11
mako,pp_nav_00881,navigable,21
mako,pp_nav_00901,navigable,5
auwe,pp_nav_02355,navigable,45
auwe,pp_nav_02369,navigable,98
auwe,pp_nav_02385,navigable,93
auwe,pp_nav_02391,navigable,55
auwe,pp_nav_02393,navigable,23
sarai_al_jadid,pp_nav_00796,navigable,58
sarai_al_jadid,pp_nav_00809,navigable,27
sekadau,pp_nav_02095,navigable,45
sekadau,pp_nav_02096,navigable,20
tchitogama,pp_nav_00771,improvable,90
khatas,pp_nav_00145,navigable,29
khatas,pp_nav_00159,navigable,34
khatas,pp_nav_00160,navigable,96
khatas,pp_nav_00172,navigable,30
khatas,pp_nav_00180,navigable,89
khatas,pp_nav_00192,navigable,6
pairindi,pp_nav_02591,navigable,47
gongshan,pp_nav_01439,navigable,29
gongshan,pp_nav_01459,navigable,65
oril,pp_nav_00786,navigable,6
oril,pp_nav_00789,navigable,36
oril,pp_nav_00794,navigable,46
oril,pp_nav_00802,navigable,24
yaakwdaat,pp_nav_00318,improvable,84
parkateje,pp_nav_02253,navigable,69
parkateje,pp_nav_02254,navigable,2
atanari,pp_nav_01960,navigable,19
atanari,pp_nav_01969,navigable,64
atanari,pp_nav_01970,navigable,5
atanari,pp_nav_01971,navigable,60
atanari,pp_nav_01973,navigable,30
atanari,pp_nav_01976,navigable,69
atanari,pp_nav_01987,navigable,82
atanari,pp_nav_01988,navigable,9
atanari,pp_nav_01990,navigable,53
atanari,pp_nav_01993,navigable,42
timbu,pp_nav_02605,navigable,20
timbu,pp_nav_02606,navigable,17
xavante,pp_nav_02415,navigable,29
xavante,pp_nav_02424,navigable,95
xavante,pp_nav_02431,navigable,113
beami,pp_nav_02272,improvable,53
kasevo,pp_nav_00495,navigable,83
kasevo,pp_nav_00514,navigable,24
kasevo,pp_nav_00521,navigable,46
kasevo,pp_nav_00532,navigable,4
duyang,pp_nav_01593,navigable,16
duyang,pp_nav_01609,navigable,86
duyang,pp_nav_01615,navigable,25
yjxa,pp_nav_02311,navigable,112
yjxa,pp_nav_02314,navigable,96
yjxa,pp_nav_02318,navigable,43
yjxa,pp_nav_02323,navigable,21
nguyi,pp_nav_02115,navigable,6
nguyi,pp_nav_02121,navigable,46
orinucu,pp_nav_01899,navigable,1
orinucu,pp_nav_01900,navigable,97
itihumma,pp_nav_01320,navigable,12
itihumma,pp_nav_01335,navigable,54
patom,pp_nav_00283,navigable,68
potyguara,pp_nav_02189,navigable,58
potyguara,pp_nav_02208,navigable,85
potyguara,pp_nav_02236,navigable,24
arua,pp_nav_02209,navigable,8
arua,pp_nav_02212,navigable,61
kanisianas,pp_nav_02423,navigable,80
kanisianas,pp_nav_02429,navigable,15
kwetabohigan,pp_nav_00721,navigable,76
tovisq_ol,pp_nav_00208,barrier,66
nicalaax,pp_nav_00003,navigable,35
captina,pp_nav_01046,improvable,11
captina,pp_nav_01051,navigable,68
captina,pp_nav_01065,barrier,7
khargytyr,pp_nav_00009,improvable,89
guaritico,pp_nav_01912,navigable,67
aekyom,pp_nav_02269,navigable,42
maia_papua,pp_nav_02220,navigable,38
monsol,pp_nav_02195,navigable,15
monsol,pp_nav_02218,barrier,66
monsol,pp_nav_02237,barrier,24
tuvicha_mini,pp_nav_02608,navigable,35
guenoa,pp_nav_02600,navigable,36
lebyazhye,pp_nav_00673,navigable,11
lebyazhye,pp_nav_00688,navigable,60
lebyazhye,pp_nav_00708,navigable,57
lebyazhye,pp_nav_00723,navigable,65
lebyazhye,pp_nav_00731,navigable,87
lebyazhye,pp_nav_00733,navigable,76
daule,pp_nav_02148,navigable,38
katingan,pp_nav_02143,navigable,64
katingan,pp_nav_02152,navigable,42
shake_kongo,pp_nav_02110,improvable,71
shake_kongo,pp_nav_02118,navigable,40
urka,pp_nav_00606,improvable,7
urka,pp_nav_00614,navigable,69
changsha,pp_nav_01451,navigable,79
pirca_pirca,pp_nav_02279,improvable,6
pirca_pirca,pp_nav_02280,barrier,8
pirca_pirca,pp_nav_02289,barrier,67
or_keo,pp_nav_01852,navigable,16
or_keo,pp_nav_01861,navigable,63
tygde,pp_nav_00600,improvable,2
tygde,pp_nav_00621,navigable,58
tygde,pp_nav_00642,navigable,56
tygde,pp_nav_00654,improvable,5
huangpi,pp_nav_01350,navigable,12
sutara,pp_nav_00792,navigable,47
sutara,pp_nav_00808,navigable,11
imaapik,pp_nav_00372,navigable,83
imaapik,pp_nav_00405,improvable,47
minxian,pp_nav_01530,improvable,15
kikonteku,pp_nav_00882,navigable,20
jeguakava,pp_nav_02570,navigable,44
jeguakava,pp_nav_02572,navigable,94
jeguakava,pp_nav_02573,navigable,80
jeguakava,pp_nav_02575,navigable,43
awajun,pp_nav_02240,navigable,49
batang_tebo,pp_nav_02128,navigable,9
banua_lawas,pp_nav_02149,navigable,24
plock,pp_nav_00656,navigable,66
akbarpur,pp_nav_01505,navigable,7
akbarpur,pp_nav_01518,navigable,27
yans,pp_nav_02169,navigable,10
yans,pp_nav_02185,navigable,91
yans,pp_nav_02192,navigable,41
zambesia_katongo,pp_nav_02436,navigable,62
kosi,pp_nav_01502,improvable,20
kosi,pp_nav_01521,improvable,5
kham_bahar,pp_nav_01117,improvable,9
pagashi,pp_nav_00679,navigable,50
peoria,pp_nav_01059,navigable,45
xucheng,pp_nav_01161,navigable,16
xucheng,pp_nav_01171,navigable,2
attaock,pp_nav_01062,navigable,114
attaock,pp_nav_01069,improvable,38
sangha,pp_nav_02051,navigable,67
rongshui,pp_nav_01575,navigable,33
allegheny,pp_nav_01046,improvable,54
allegheny,pp_nav_01048,improvable,53
yiling,pp_nav_01339,improvable,67
yiling,pp_nav_01354,improvable,15
longzhou_longzhou,pp_nav_01658,navigable,5
katha,pp_nav_01604,navigable,23
katha,pp_nav_01611,navigable,5
bhimber,pp_nav_01256,improvable,34
bhera,pp_nav_01271,navigable,23
bhera,pp_nav_01279,navigable,29
mirat,pp_nav_01393,navigable,6
mirat,pp_nav_01417,navigable,43
rohri,pp_nav_01452,navigable,11
channan_pir,pp_nav_01394,navigable,40
channan_pir,pp_nav_01404,navigable,15
eidsvoll,pp_nav_00285,navigable,14
