location,state,pixels,region,near_location,mean_discharge_m3_s,low_discharge_m3_s,gradient_m_per_km,evidence,x,y
pp_nav_00001,navigable,88,east_siberia_region,kengdey,15591.576,1919.172,0.01621670722961426,physical_screen,13492.67857142857,278.42857142857144
pp_nav_00002,navigable,77,east_siberia_region,olenegorsk,1569.851,378.226,0.20901353293164482,physical_screen,14409.416666666666,401.9166666666667
pp_nav_00003,navigable,80,east_siberia_region,olenegorsk,1561.339,379.984,0.22720931982335296,physical_screen,14403.5625,430.6041666666667
pp_nav_00004,navigable,75,west_siberia_region,dudinka,19386.365,5415.841,0.0014423072338104249,physical_screen,11605.270833333334,454.2291666666667
pp_nav_00005,navigable,88,east_siberia_region,vorontsovo,1510.795,361.482,0.22720931982335296,physical_screen,14401.87037037037,457.22222222222223
pp_nav_00006,navigable,36,east_siberia_region,molodo,15237.118,1800.214,0.0,physical_screen,13335.5,460.0
pp_nav_00007,navigable,81,west_siberia_region,dudinka,19326.35,5369.002,0.003197107114131761,physical_screen,11618.416666666666,483.625
pp_nav_00008,navigable,80,alaska_region,inuviq,9236.721,5778.597,0.0,physical_screen,1578.3125,485.1041666666667
pp_nav_00009,improvable,78,east_siberia_region,khargytyr,1486.164,369.642,0.4789145431991715,physical_screen,14375.75,486.1136363636364
pp_nav_00010,navigable,49,east_siberia_region,zharzhan,15158.88,1743.314,0.08702333634615009,physical_screen,13328.709677419354,502.7096774193548
pp_nav_00011,navigable,77,east_siberia_region,kurung_yuryakh,1160.8935000000001,252.7375,0.05716289543758356,physical_screen,14332.270833333334,503.7916666666667
pp_nav_00012,navigable,80,alaska_region,inuviq,9234.284,5771.182,0.061067976018207154,physical_screen,1575.2083333333333,508.6666666666667
pp_nav_00013,navigable,73,west_siberia_region,dudinka,19326.559,5309.6295,0.014715901371854774,physical_screen,11628.229166666666,516.1041666666666
pp_nav_00014,improvable,89,east_siberia_region,kolymskoie,782.152,304.278,0.4305214280942418,physical_screen,14911.603773584906,530.7358490566038
pp_nav_00015,navigable,77,east_siberia_region,tuyandina,1126.231,210.27499999999998,0.2171580986457964,physical_screen,14311.229166666666,522.4791666666666
pp_nav_00016,navigable,90,alaska_region,inuviq,8683.235,5669.435,0.0,physical_screen,1568.051724137931,542.1206896551724
pp_nav_00017,navigable,86,west_siberia_region,dudinka,18896.4,5253.164,0.0,physical_screen,11625.584905660377,548.811320754717
pp_nav_00018,navigable,67,east_siberia_region,tuyandina,1122.02,164.784,0.0,physical_screen,14298.390243902439,540.439024390244
pp_nav_00019,improvable,96,east_siberia_region,omoloon,765.829,299.945,0.4995992165160281,physical_screen,14917.145454545454,566.8909090909091
pp_nav_00020,navigable,69,alaska_region,inuviq,8951.51,5696.309,0.11629898846888789,physical_screen,1581.6341463414635,563.3658536585366
pp_nav_00021,navigable,85,east_siberia_region,abyy,912.958,118.776,0.21161223263062423,physical_screen,14277.020833333334,557.8125
pp_nav_00022,improvable,85,east_siberia_region,syagannaax,896.267,108.732,0.6822009432838809,physical_screen,14227.791666666666,571.9583333333334
pp_nav_00023,navigable,66,east_siberia_region,abyy,892.916,111.252,0.3462626995790471,physical_screen,14262.944444444445,570.9444444444445
pp_nav_00024,improvable,56,east_siberia_region,syagannaax,890.481,106.742,0.41723480224609377,physical_screen,14198.0,581.0
pp_nav_00025,navigable,82,west_siberia_region,khantayskoye,18720.378,5218.8235,0.0,physical_screen,11627.854166666666,589.8125
pp_nav_00026,navigable,78,east_siberia_region,kal_gatana,2140.336,1257.438,0.3373218346569956,physical_screen,14685.020833333334,598.8958333333334
pp_nav_00027,navigable,85,west_siberia_region,khantayskoye,17720.646500000003,4898.552,0.006963890790939331,physical_screen,11635.291666666666,625.2916666666666
pp_nav_00028,navigable,44,east_siberia_region,nalimsk,2131.466,1250.097,0.0,physical_screen,14671.04,613.04
pp_nav_00029,navigable,34,west_siberia_region,messoyakha,1343.005,1042.645,0.0,physical_screen,11339.6,616.2
pp_nav_00030,navigable,76,east_siberia_region,nalimsk,2018.937,1158.968,0.1748150598593327,physical_screen,14648.979166666666,628.4791666666666
pp_nav_00031,navigable,37,ural_region,pustozersk,4524.745,1063.324,0.22654850356787254,physical_screen,10075.772727272728,644.7272727272727
pp_nav_00032,navigable,78,west_siberia_region,pur,877.762,760.345,0.015363556057249228,physical_screen,11238.8125,653.4375
pp_nav_00033,navigable,73,east_siberia_region,xatingnaax,2013.981,1156.209,0.0,physical_screen,14628.3125,654.6041666666666
pp_nav_00034,navigable,67,west_siberia_region,ob,13746.619,7571.273,0.0,physical_screen,10862.513513513513,645.0540540540541
pp_nav_00035,improvable,81,east_siberia_region,kulun_olbut,838.867,91.78399999999999,0.5676011803053085,physical_screen,14199.25,660.25
pp_nav_00036,navigable,79,west_siberia_region,khantayskoye,17662.216,4868.548000000001,0.015091949701309204,physical_screen,11625.6875,655.8541666666666
pp_nav_00037,navigable,76,west_siberia_region,ob,13494.387,7424.143,0.10953307151794434,physical_screen,10804.291666666666,660.7916666666666
pp_nav_00038,navigable,42,west_siberia_region,khantayskoye,1164.749,155.393,0.3013143539428711,physical_screen,11696.076923076924,655.5769230769231
pp_nav_00039,navigable,88,ural_region,pustozersk,4258.029,1001.845,0.15843338976327107,physical_screen,10079.479166666666,676.8541666666666
pp_nav_00040,navigable,81,east_siberia_region,kystatyam,14812.725,1584.951,0.003937149047851562,physical_screen,13321.604166666666,670.8958333333334
pp_nav_00041,navigable,80,west_siberia_region,shchuchya,13367.046,7376.157,0.07063552141189575,physical_screen,10745.729166666666,660.6458333333334
pp_nav_00042,navigable,83,west_siberia_region,khantayskoye,17554.516,4814.914,0.09366125150530133,physical_screen,11643.372549019608,663.6274509803922
pp_nav_00043,navigable,64,west_siberia_region,shchuchya,13057.292,7206.76,0.0,physical_screen,10709.4375,676.3541666666666
pp_nav_00044,navigable,79,west_siberia_region,khantayskoye,1260.811,166.414,0.13290443420410156,physical_screen,11673.0625,667.6458333333334
pp_nav_00045,navigable,44,east_siberia_region,sededema,1980.974,1148.559,0.0,physical_screen,14607.75,671.25
pp_nav_00046,improvable,77,scandinavian_region,kittila,531.411,157.998,1.0306729473167209,physical_screen,8850.229166666666,680.3958333333334
pp_nav_00047,navigable,78,west_siberia_region,pur,802.5325,700.4565,0.052044865426503634,physical_screen,11245.6875,684.9791666666666
pp_nav_00048,navigable,77,west_siberia_region,khantayskoye,16258.31,4542.245,0.02455110549926758,physical_screen,11667.770833333334,684.6875
pp_nav_00049,improvable,37,west_siberia_region,shchuchya,12909.189,7161.102,0.4969569387635468,physical_screen,10693.91304347826,692.2608695652174
pp_nav_00050,navigable,97,east_siberia_region,bakhanay,14747.088,1551.293,0.11540911358340486,physical_screen,13338.35593220339,706.7966101694915
pp_nav_00051,improvable,40,alaska_region,chalkyitsik,2486.91,566.2375,0.68626579237501,physical_screen,1109.375,700.125
pp_nav_00052,navigable,77,scandinavian_region,rovaniemi,556.636,168.63,0.13314221607786578,physical_screen,8827.083333333334,703.5833333333334
pp_nav_00053,navigable,82,west_siberia_region,khantayskoye,16023.229,4206.642,0.161192302448782,physical_screen,11678.5,704.3333333333334
pp_nav_00054,navigable,44,ural_region,pustozersk,4222.341,989.313,0.026164700754447674,physical_screen,10077.142857142857,710.6428571428571
pp_nav_00055,navigable,77,west_siberia_region,shuryshkar,11478.9155,6716.746499999999,0.0,physical_screen,10688.5,715.5833333333334
pp_nav_00056,navigable,72,west_siberia_region,pur,683.166,589.553,0.027264976501464845,physical_screen,11253.229166666666,716.8333333333334
pp_nav_00057,navigable,83,alaska_region,good_hope,8729.786,5374.755,0.13900201025051315,physical_screen,1817.4166666666667,722.0833333333334
pp_nav_00058,navigable,80,west_siberia_region,shuryshkar,1395.535,421.172,0.2179268651419769,physical_screen,10666.617021276596,719.6170212765958
pp_nav_00059,navigable,35,east_siberia_region,tala_kyuyel,1875.67,1055.53,0.1575137676666332,physical_screen,14555.136363636364,714.0
pp_nav_00060,navigable,73,west_siberia_region,turukhansk,16033.083,4160.035,0.0,physical_screen,11693.020833333334,725.1875
pp_nav_00061,improvable,41,scandinavian_region,rovaniemi,564.972,171.18,0.7491046905517578,physical_screen,8810.538461538461,724.0384615384615
pp_nav_00062,improvable,79,west_siberia_region,erachimo,3996.921,506.403,0.9104097366333008,physical_screen,11728.479166666666,719.6875
pp_nav_00063,navigable,56,west_siberia_region,erachimo,3825.612,491.572,0.12373123168945313,physical_screen,11757.486486486487,728.5135135135135
pp_nav_00064,improvable,48,scandinavian_region,branna,501.918,204.024,0.4487821363663549,physical_screen,8672.535714285714,727.9642857142857
pp_nav_00065,navigable,78,east_siberia_region,ziryanka,1565.443,946.432,0.22779857710604828,physical_screen,14567.041666666666,739.4583333333334
pp_nav_00066,navigable,53,russian_region,okladnikova_sloboda,832.509,334.921,0.0,physical_screen,9707.53125,737.96875
pp_nav_00067,navigable,39,west_siberia_region,pravaya_khetta,528.145,481.802,0.058411693572998045,physical_screen,10991.375,736.375
pp_nav_00068,improvable,35,west_siberia_region,erachimo,4087.974,509.924,1.7313465118408202,physical_screen,11706.0,728.5263157894736
pp_nav_00069,navigable,38,west_siberia_region,shuryshkar,11441.03,6693.491,0.0,physical_screen,10681.192307692309,742.6923076923077
pp_nav_00070,navigable,76,west_siberia_region,pur,608.111,521.224,0.02295999526977539,physical_screen,11246.729166666666,749.3125
pp_nav_00071,navigable,84,west_siberia_region,turukhansk,11683.325,3618.4915,0.015219914407401863,physical_screen,11696.354166666666,756.8958333333334
pp_nav_00072,navigable,41,alaska_region,good_hope,8595.987,5344.188,0.31454446259663305,physical_screen,1832.125,743.375
pp_nav_00073,navigable,83,alaska_region,rampart,3257.87,881.5605,0.15558929443359376,physical_screen,843.3958333333334,752.8958333333334
pp_nav_00074,navigable,83,alaska_region,circle,2487.454,580.471,0.15116985124804722,physical_screen,1148.1041666666667,757.3958333333334
pp_nav_00075,improvable,72,east_siberia_region,ziryanka,1560.843,925.204,0.3915841048686405,physical_screen,14584.93023255814,765.9069767441861
pp_nav_00076,navigable,82,west_siberia_region,voikar,1190.256,355.084,0.027626609802246092,physical_screen,10639.127659574468,773.4042553191489
pp_nav_00077,navigable,70,ural_region,ust_tsilma,3850.786,864.495,0.0,physical_screen,10073.74358974359,763.9230769230769
pp_nav_00078,improvable,78,alaska_region,allakaket,3267.155,886.335,1.39954833984375,physical_screen,811.2916666666666,768.7916666666666
pp_nav_00079,navigable,36,ural_region,pechora,1102.65,219.948,0.1851125413283178,physical_screen,10288.473684210527,770.4736842105264
pp_nav_00080,improvable,32,alaska_region,circle,2482.793,587.505,0.36434170963254925,physical_screen,1170.6470588235295,767.3529411764706
pp_nav_00081,navigable,72,west_siberia_region,voikar,11396.236,6628.772,0.046774435043334964,physical_screen,10664.104166666666,783.3125
pp_nav_00082,navigable,88,alaska_region,tanana,3270.813,886.885,0.0,physical_screen,777.3333333333334,781.5833333333334
pp_nav_00083,navigable,74,west_siberia_region,turukhansk,11513.676,3544.418,0.013492843122927017,physical_screen,11689.25,797.3958333333334
pp_nav_00084,navigable,84,alaska_region,grant_creek,4262.576999999999,1232.66,0.0,physical_screen,722.8541666666666,783.8125
pp_nav_00085,navigable,94,ural_region,pechora,1094.345,217.597,0.11635354469298184,physical_screen,10299.592592592593,794.2407407407408
pp_nav_00086,barrier,33,alaska_region,grant_creek,4242.7654999999995,1223.81,2.2953033447265625,physical_screen,748.4,785.7
pp_nav_00087,navigable,96,alaska_region,birches,4273.575,1237.42,0.0,physical_screen,684.1578947368421,792.3333333333334
pp_nav_00088,navigable,44,east_siberia_region,keelivtyn,1333.817,266.945,0.07341371246943623,physical_screen,15597.461538461539,793.4230769230769
pp_nav_00089,navigable,80,west_siberia_region,voikar,987.671,298.751,0.20752577475633477,physical_screen,10652.875,804.0416666666666
pp_nav_00090,navigable,38,alaska_region,koyukuk,753.67,396.763,0.0,physical_screen,516.7727272727273,798.2727272727273
pp_nav_00091,improvable,111,alaska_region,mahony,839.648,611.066,1.5883909358280413,physical_screen,2018.2131147540983,796.4098360655738
pp_nav_00092,navigable,79,alaska_region,rampart,937.021,323.071,0.0,physical_screen,827.875,801.375
pp_nav_00093,improvable,46,alaska_region,mahony,849.7,614.295,0.9346149032173297,physical_screen,1982.962962962963,798.9629629629629
pp_nav_00094,navigable,34,west_siberia_region,voikar,11381.289,6580.418,0.1302844911657159,physical_screen,10674.15,798.25
pp_nav_00095,barrier,49,alaska_region,birches,4278.887,1236.973,5.824032592773437,physical_screen,650.9666666666667,803.2
pp_nav_00096,navigable,82,alaska_region,mahony,7670.7495,4644.094999999999,0.06899806353026519,physical_screen,1992.8333333333333,815.5833333333334
pp_nav_00097,navigable,83,east_siberia_region,glukharinyi,1457.404,863.373,0.0284942626953125,physical_screen,14643.875,814.625
pp_nav_00098,navigable,83,alaska_region,koyukuk,4497.489,1369.364,0.14454193115234376,physical_screen,526.265306122449,814.8979591836735
pp_nav_00099,navigable,36,alaska_region,chena,608.671,148.877,0.0,physical_screen,945.1818181818181,819.6818181818181
pp_nav_00100,improvable,45,alaska_region,chena,578.194,129.001,0.922463695671676,physical_screen,976.0769230769231,818.4230769230769
pp_nav_00101,navigable,78,west_siberia_region,inbatskoye,11766.214,3505.724,0.24687894993236995,physical_screen,11677.3125,832.1041666666666
pp_nav_00102,navigable,77,west_siberia_region,zazhimchar,974.838,294.717,0.05355386734008789,physical_screen,10663.833333333334,833.8333333333334
pp_nav_00103,improvable,41,east_siberia_region,glukharinyi,1447.756,850.649,0.44930267333984375,physical_screen,14668.521739130434,825.4782608695652
pp_nav_00104,navigable,46,alaska_region,tulita,7664.013,4642.239,0.0,physical_screen,2003.7142857142858,837.7857142857143
pp_nav_00105,improvable,101,alaska_region,salcha,535.986,126.248,1.8593726891375275,physical_screen,1007.4561403508771,853.0877192982456
pp_nav_00106,navigable,76,ural_region,pechora,994.8715,197.9225,0.08120704354230067,physical_screen,10313.625,858.375
pp_nav_00107,navigable,80,alaska_region,blackwater,7245.137,4595.815,0.3313069021008936,physical_screen,2018.4166666666667,859.5
pp_nav_00108,navigable,80,west_siberia_region,zazhimchar,952.236,286.099,0.0,physical_screen,10668.42,864.36
pp_nav_00109,navigable,47,russian_region,arkhangelsk,3244.888,989.623,0.0,physical_screen,9565.76923076923,852.8846153846154
pp_nav_00110,navigable,35,west_siberia_region,inbatskoye,11784.664,3450.657,0.021845985094333154,physical_screen,11676.15,859.65
pp_nav_00111,navigable,63,west_siberia_region,turu,1692.161,185.648,0.0,physical_screen,12242.891891891892,865.8918918918919
pp_nav_00112,navigable,63,west_siberia_region,beryozovo,11128.419,6485.541,0.0,physical_screen,10693.897435897436,878.4358974358975
pp_nav_00113,navigable,77,russian_region,ust_pinega,2766.603,836.435,0.0,physical_screen,9589.645833333334,879.9375
pp_nav_00114,improvable,72,alaska_region,kaltag,5681.106,1951.141,0.467567746917087,physical_screen,453.875,881.375
pp_nav_00115,navigable,83,ural_region,vukyl,806.249,184.54,0.11729218309204224,physical_screen,10309.354166666666,880.6458333333334
pp_nav_00116,navigable,76,west_siberia_region,inbatskoye,11698.937,3367.688,0.13787203276204857,physical_screen,11673.5625,888.3125
pp_nav_00117,navigable,78,east_siberia_region,ulakhan_kyuyol,1678.631,227.896,0.10726901835698625,physical_screen,13420.282608695652,883.7826086956521
pp_nav_00118,improvable,102,alaska_region,blackwater,7195.397,4573.477,1.1528836265292988,physical_screen,2038.1746031746031,891.3333333333334
pp_nav_00119,navigable,57,alaska_region,upper_yukon,2254.839,551.841,0.0,physical_screen,1329.1666666666667,890.9444444444445
pp_nav_00120,navigable,80,east_siberia_region,balagachchy,1644.2065,205.36849999999998,0.10466156005859376,physical_screen,13294.479166666666,886.3958333333334
pp_nav_00121,navigable,78,russian_region,village_onega,512.388,260.753,0.0,physical_screen,9434.166666666666,894.375
pp_nav_00122,navigable,49,east_siberia_region,balagachchy,1637.027,201.271,0.0,physical_screen,13266.0,889.7777777777778
pp_nav_00123,navigable,78,ural_region,vukyl,657.784,147.317,0.01010200226141576,physical_screen,10282.083333333334,895.0416666666666
pp_nav_00124,navigable,74,alaska_region,kaltag,5702.0,1981.566,0.28677902221679685,physical_screen,433.5416666666667,909.0416666666666
pp_nav_00125,navigable,80,west_siberia_region,beryozovo,10702.258,6225.067,0.0,physical_screen,10685.354166666666,908.1875
pp_nav_00126,navigable,75,russian_region,kholmogory,2745.372,821.497,0.22501719647688187,physical_screen,9583.75,906.3333333333334
pp_nav_00127,navigable,82,east_siberia_region,terbyas,1458.213,158.016,0.0,physical_screen,13202.270833333334,902.3958333333334
pp_nav_00128,navigable,36,west_siberia_region,inbatskoye,11633.438,3291.025,0.021586830572404004,physical_screen,11666.0,911.7142857142857
pp_nav_00129,navigable,79,russian_region,nyonoksa,523.391,267.981,0.0,physical_screen,9459.1875,909.5208333333334
pp_nav_00130,improvable,74,ural_region,vukyl,591.036,131.121,0.3595489612733032,physical_screen,10263.645833333334,919.2708333333334
pp_nav_00131,navigable,62,alaska_region,bonanza,2228.948,550.955,0.0,physical_screen,1329.081081081081,920.1351351351351
pp_nav_00132,navigable,85,east_siberia_region,khoro,1437.246,144.106,0.17598364514907025,physical_screen,13174.270833333334,918.1458333333334
pp_nav_00133,navigable,78,russian_region,siya,2579.634,751.583,0.15836668014526367,physical_screen,9600.020833333334,932.2708333333334
pp_nav_00134,navigable,86,east_siberia_region,byuteydyakh,1377.842,131.281,0.1862218182571929,physical_screen,13143.166666666666,918.25
pp_nav_00135,navigable,75,east_siberia_region,batamay,7313.997,855.525,0.04692230224609375,physical_screen,13583.979166666666,925.6666666666666
pp_nav_00136,navigable,75,west_siberia_region,sumgut_vosh,10674.784,6193.141,0.0,physical_screen,10670.625,931.5833333333334
pp_nav_00137,navigable,34,east_siberia_region,ynakhsyt,928.398,88.409,0.0,physical_screen,13114.894736842105,922.7894736842105
pp_nav_00138,navigable,41,russian_region,malye_oserki,526.729,270.58,0.047994298069925924,physical_screen,9468.958333333334,930.375
pp_nav_00139,navigable,88,east_siberia_region,kele,5169.357,184.566,0.29410971996193136,physical_screen,13614.291666666666,931.2083333333334
pp_nav_00140,navigable,75,alaska_region,grayling,5719.992,2002.047,0.0,physical_screen,419.0408163265306,943.0408163265306
pp_nav_00141,navigable,85,east_siberia_region,barayy,5053.743,172.746,0.2809112548828125,physical_screen,13746.604166666666,933.8125
pp_nav_00142,navigable,78,ural_region,vukyl,581.222,123.404,0.0,physical_screen,10252.583333333334,940.4166666666666
pp_nav_00143,navigable,52,alaska_region,wrigley,7142.384,4538.271,0.0,physical_screen,2064.3636363636365,941.6363636363636
pp_nav_00144,navigable,76,west_siberia_region,inbatskoye,11586.795,3253.147,0.12401038359687001,physical_screen,11680.395833333334,941.1041666666666
pp_nav_00145,navigable,80,east_siberia_region,khatas,7317.258,838.295,0.2878143310546875,physical_screen,13592.541666666666,949.25
pp_nav_00146,navigable,46,east_siberia_region,kele,5106.7735,179.362,0.242596435546875,physical_screen,13644.846153846154,937.6538461538462
pp_nav_00147,navigable,97,east_siberia_region,tukulan,5064.088,173.596,0.02158300224197472,physical_screen,13707.763636363636,937.4727272727273
pp_nav_00148,improvable,84,east_siberia_region,ynakhsyt,912.806,86.155,0.6308289688975577,physical_screen,13075.020833333334,939.8125
pp_nav_00149,navigable,62,russian_region,siya,2573.182,749.216,0.19071778386799407,physical_screen,9599.184210526315,953.4736842105264
pp_nav_00150,navigable,75,east_siberia_region,bysyttakh,908.169,86.571,0.0,physical_screen,13045.041666666666,954.5416666666666
pp_nav_00151,navigable,76,west_siberia_region,sumgut_vosh,10670.491,6177.317,0.12382787963170389,physical_screen,10656.25,958.5833333333334
pp_nav_00152,navigable,80,east_siberia_region,barayy,5025.564,169.91750000000002,0.07249603271484376,physical_screen,13762.1875,953.6458333333334
pp_nav_00153,navigable,78,ural_region,vukyl,535.542,105.904,0.03950653076171875,physical_screen,10240.4375,956.2708333333334
pp_nav_00154,navigable,40,scandinavian_region,solatunum,513.525,197.064,0.0,physical_screen,8482.380952380952,948.6190476190476
pp_nav_00155,navigable,81,russian_region,siya,2564.76,746.108,0.19071778386799407,physical_screen,9617.708333333334,958.7916666666666
pp_nav_00156,navigable,76,west_siberia_region,verkhneimbatsk,11344.716,3177.588,0.0,physical_screen,11705.354166666666,964.1458333333334
pp_nav_00157,improvable,84,east_siberia_region,bulun,5011.575,165.62099999999998,0.36592339496596565,physical_screen,13790.416666666666,958.5
pp_nav_00158,navigable,85,alaska_region,donjek,1510.309,501.821,0.1416259765625,physical_screen,1348.6666666666667,964.8333333333334
pp_nav_00159,navigable,48,east_siberia_region,maymaga,7314.308,829.299,0.16285034585515837,physical_screen,13588.833333333334,965.1333333333333
pp_nav_00160,navigable,83,east_siberia_region,khatas,7306.706,825.932,0.0,physical_screen,13599.604166666666,980.8958333333334
pp_nav_00161,improvable,34,east_siberia_region,seymchan,900.089,487.727,0.5043590485260547,physical_screen,14633.681818181818,969.9090909090909
pp_nav_00162,navigable,83,alaska_region,imangaq,6457.685,2617.63,0.0,physical_screen,220.83333333333334,986.6666666666666
pp_nav_00163,navigable,75,alaska_region,wrigley,7022.929,4461.484,0.12331391592105673,physical_screen,2078.1363636363635,983.3863636363636
pp_nav_00164,navigable,77,russian_region,ust_vayenga,2278.872,646.489,0.048361249675674324,physical_screen,9646.416666666666,978.0833333333334
pp_nav_00165,navigable,87,alaska_region,hucha_hudan,1748.861,582.537,0.0,physical_screen,1384.4791666666667,976.1041666666666
pp_nav_00166,navigable,40,ural_region,troitsko_pechorsk,524.096,101.349,0.0,physical_screen,10250.461538461539,979.1923076923077
pp_nav_00167,navigable,74,west_siberia_region,karymkary,10609.091,6138.457,0.2891701650934903,physical_screen,10671.395833333334,983.8125
pp_nav_00168,navigable,90,east_siberia_region,uyana,4988.018,161.478,0.19972686767578124,physical_screen,13814.436363636363,982.2727272727273
pp_nav_00169,navigable,75,east_siberia_region,elgyai,851.76,76.793,0.0,physical_screen,13038.021276595744,988.6808510638298
pp_nav_00170,navigable,80,alaska_region,hucha_hudan,1746.458,580.599,0.0,physical_screen,1420.3333333333333,978.2916666666666
pp_nav_00171,navigable,79,west_siberia_region,verkhneimbatsk,11331.393,3176.624,0.2589280213029364,physical_screen,11725.083333333334,992.4166666666666
pp_nav_00172,navigable,46,east_siberia_region,khatas,7306.505,825.743,0.0,physical_screen,13594.038461538461,989.4615384615385
pp_nav_00173,improvable,90,east_siberia_region,seymchan,729.48,383.022,0.4246702861015785,physical_screen,14626.472727272727,996.6545454545454
pp_nav_00174,improvable,76,alaska_region,carmacks,1353.939,501.934,0.815838623046875,physical_screen,1451.1666666666667,992.3333333333334
pp_nav_00175,navigable,99,east_siberia_region,udamik,4591.1685,138.423,0.08441925048828125,physical_screen,13853.216666666667,991.4166666666666
pp_nav_00176,navigable,77,russian_region,sogra,2257.281,637.2909999999999,0.0,physical_screen,9679.4375,1000.0625
pp_nav_00177,navigable,32,east_siberia_region,seymchan,716.926,383.293,0.0,physical_screen,14580.947368421053,995.0526315789474
pp_nav_00178,navigable,80,west_siberia_region,karymkary,10540.683,6054.519,0.12034797668457031,physical_screen,10696.479166666666,1005.0208333333334
pp_nav_00179,improvable,81,east_siberia_region,seymchan,723.7945,384.201,2.1253451767142453,physical_screen,14607.020833333334,1003.6458333333334
pp_nav_00180,navigable,83,east_siberia_region,khatas,7292.616,819.296,2.13623046875e-05,physical_screen,13607.867924528302,1014.2452830188679
pp_nav_00181,navigable,75,east_siberia_region,khandyga,4527.546,127.697,0.17374420166015625,physical_screen,13871.4375,1013.5208333333334
pp_nav_00182,navigable,71,alaska_region,deloy_ges,5827.775,2073.973,0.3126620160382424,physical_screen,405.7857142857143,1015.7142857142857
pp_nav_00183,navigable,88,alaska_region,wrigley,6932.599,4446.486,0.08318328857421875,physical_screen,2077.818181818182,1018.9090909090909
pp_nav_00184,navigable,82,alaska_region,carmacks,1349.5075,494.279,0.0,physical_screen,1475.5625,1015.9375
pp_nav_00185,navigable,83,west_siberia_region,verkhneimbatsk,10996.151,2907.897,0.000666596270665486,physical_screen,11744.291666666666,1019.9583333333334
pp_nav_00186,navigable,51,russian_region,nizhnyaya_toyma,2151.7335000000003,598.6614999999999,0.0,physical_screen,9703.964285714286,1013.5357142857143
pp_nav_00187,navigable,46,west_siberia_region,nazym,10501.892,6007.721,0.03905801910529673,physical_screen,10720.392857142857,1019.1071428571429
pp_nav_00188,navigable,80,russian_region,nizhnyaya_toyma,2013.477,557.726,0.048525238037109376,physical_screen,9738.791666666666,1029.7083333333333
pp_nav_00189,improvable,79,west_siberia_region,nazym,10298.042,5817.314,0.5002609000708271,physical_screen,10747.333333333334,1031.1666666666667
pp_nav_00190,navigable,105,ural_region,zheshart,932.739,251.292,0.07925131793870062,physical_screen,9961.650793650793,1030.920634920635
pp_nav_00191,navigable,81,ural_region,ust_vym,653.78,160.567,0.09234460139176943,physical_screen,9981.458333333334,1036.0833333333333
pp_nav_00192,navigable,73,east_siberia_region,zhatai,7272.47,813.883,0.03228080786308723,physical_screen,13599.291666666666,1045.7916666666667
pp_nav_00193,improvable,81,east_siberia_region,chymnaii,4429.874,116.957,0.5503690570283803,physical_screen,13865.9375,1039.6041666666667
pp_nav_00194,improvable,82,alaska_region,pelly_faro,1340.521,492.5395,0.3652530094114002,physical_screen,1499.5,1037.0833333333333
pp_nav_00195,navigable,103,ural_region,zheshart,967.035,263.303,0.0,physical_screen,9920.047619047618,1036.888888888889
pp_nav_00196,navigable,58,east_siberia_region,tomtor,7272.47,814.854,0.06748875607330465,physical_screen,13604.324324324325,1048.3243243243244
pp_nav_00197,navigable,79,west_siberia_region,bakhtinsky,10981.032,2905.768,0.23169403076171874,physical_screen,11759.9375,1051.5625
pp_nav_00198,navigable,47,alaska_region,pelly_faro,1330.867,484.852,0.0,physical_screen,1525.9259259259259,1043.0740740740741
pp_nav_00199,navigable,76,ural_region,ust_sysola,629.801,152.281,0.2778678355395579,physical_screen,9998.608695652174,1049.6304347826087
pp_nav_00200,navigable,34,russian_region,verkhnyaya_toyma,1853.322,512.896,0.19245643615722657,physical_screen,9741.65,1049.85
pp_nav_00201,improvable,98,west_siberia_region,bardak,10282.504,5771.485,0.3547038031430033,physical_screen,10767.69642857143,1062.8035714285713
pp_nav_00202,navigable,80,russian_region,verkhnyaya_toyma,1678.9925,454.03650000000005,0.1433114386823791,physical_screen,9756.979166666666,1059.5208333333333
pp_nav_00203,navigable,78,west_siberia_region,kuzmovka,1838.964,341.099,0.0,physical_screen,11852.354166666666,1062.1875
pp_nav_00204,navigable,76,russian_region,yarensk,977.073,268.613,0.17017898559570313,physical_screen,9883.458333333334,1067.9583333333333
pp_nav_00205,improvable,77,alaska_region,fort_simpson,2442.481,639.983,1.3055428458440288,physical_screen,2164.3333333333335,1067.625
pp_nav_00206,navigable,82,east_siberia_region,khanda,4419.2065,113.2385,0.0954572406428261,physical_screen,13852.479166666666,1064.3541666666667
pp_nav_00207,navigable,82,west_siberia_region,poligus,995.44,125.215,0.0,physical_screen,12064.520833333334,1066.8125
pp_nav_00208,barrier,51,alaska_region,tovisq_ol,836.462,310.476,2.18580322265625,physical_screen,547.6875,1062.4375
pp_nav_00209,barrier,38,alaska_region,pelly_faro,1042.47,355.089,2.7287841796875,physical_screen,1547.8695652173913,1066.695652173913
pp_nav_00210,navigable,80,west_siberia_region,bakhtinsky,10964.045,2915.431,0.07600722374801971,physical_screen,11782.4375,1071.7083333333333
pp_nav_00211,navigable,71,east_siberia_region,tyokhtyur,7281.6715,802.083,0.0,physical_screen,13580.458333333334,1074.9583333333333
pp_nav_00212,navigable,89,west_siberia_region,bakhtinsky,1939.843,371.962,0.0,physical_screen,11813.145454545454,1068.2363636363636
pp_nav_00213,improvable,66,alaska_region,jean_marie_river,4410.856,3497.31,0.3891345846236621,physical_screen,2198.1463414634145,1077.5853658536585
pp_nav_00214,barrier,76,west_siberia_region,poligus,572.929,82.132,3.0437390360689522,physical_screen,12082.229166666666,1080.6458333333333
pp_nav_00215,navigable,78,east_siberia_region,khanda,4363.7245,108.86,0.0,physical_screen,13857.3125,1085.6875
pp_nav_00216,navigable,78,russian_region,uftyuga,1352.8885,362.33,0.1943031311035156,physical_screen,9795.979166666666,1085.5833333333333
pp_nav_00217,navigable,79,west_siberia_region,bakhtinsky,9005.628,2563.068,0.0,physical_screen,11785.104166666666,1085.7708333333333
pp_nav_00218,navigable,74,west_siberia_region,yendyr,10270.47,5728.631,0.18396949768066406,physical_screen,10796.020833333334,1090.2291666666667
pp_nav_00219,improvable,37,russian_region,yarensk,794.6610000000001,218.4075,0.7319523172766816,physical_screen,9863.125,1083.625
pp_nav_00220,improvable,81,alaska_region,fort_simpson,2423.919,613.327,0.39974280453171623,physical_screen,2142.7291666666665,1089.7291666666667
pp_nav_00221,navigable,79,alaska_region,kakisa,4369.228,3475.0280000000002,3.0517578125e-06,physical_screen,2298.25,1090.875
pp_nav_00222,improvable,74,alaska_region,klutina,1098.618,95.77250000000001,0.7600259344901541,physical_screen,1099.6666666666667,1097.0
pp_nav_00223,navigable,84,east_siberia_region,charang,7305.854,791.575,0.07375270246107787,physical_screen,13552.25,1094.75
pp_nav_00224,navigable,74,west_siberia_region,baykit,569.556,81.242,0.0,physical_screen,12086.770833333334,1098.9583333333333
pp_nav_00225,navigable,79,alaska_region,fort_simpson,2419.671,606.008,0.0,physical_screen,2107.9375,1101.4375
pp_nav_00226,navigable,78,alaska_region,kakisa,4350.846,2929.971,0.0,physical_screen,2346.125,1105.375
pp_nav_00227,navigable,80,west_siberia_region,siberia_bor,8960.109,2573.939,0.049146270751953124,physical_screen,11771.583333333334,1115.0208333333333
pp_nav_00228,navigable,79,russian_region,koryazhma,996.0355,253.26850000000002,0.12771987915039062,physical_screen,9809.0,1114.375
pp_nav_00229,navigable,38,west_siberia_region,irtysh,7287.485500000001,3821.92,0.1356277517149324,physical_screen,10905.85,1099.65
pp_nav_00230,navigable,83,west_siberia_region,surgut,6865.351,3409.775,0.11291701314394888,physical_screen,10986.4375,1100.8958333333333
pp_nav_00231,navigable,60,alaska_region,kakisa,4379.708,3467.464,0.226190185546875,physical_screen,2250.75,1101.75
pp_nav_00232,navigable,85,east_siberia_region,ulakhan_an,7272.033,781.229,0.0,physical_screen,13512.520833333334,1103.0208333333333
pp_nav_00233,navigable,89,west_siberia_region,surgut,6748.544,3305.027,0.16436860712399962,physical_screen,11023.5,1102.0833333333333
pp_nav_00234,navigable,53,west_siberia_region,irtysh,7343.852,3876.629,0.25203633543090753,physical_screen,10839.65625,1105.15625
pp_nav_00235,navigable,82,west_siberia_region,surgut,6521.059499999999,3100.1435,0.0029216766357421874,physical_screen,11063.791666666666,1105.0
pp_nav_00236,navigable,82,west_siberia_region,surgut,6066.4645,2670.998,0.0,physical_screen,11096.625,1107.6666666666667
pp_nav_00237,navigable,83,west_siberia_region,yendyr,7409.728,3929.102,0.20885434111197188,physical_screen,10823.208333333334,1114.4166666666667
pp_nav_00238,navigable,89,east_siberia_region,tit_ary,7271.6255,780.8665000000001,0.0,physical_screen,13474.5625,1111.9583333333333
pp_nav_00239,navigable,79,west_siberia_region,megion,6031.248,2648.821,0.10854530334472656,physical_screen,11129.0,1116.2083333333333
pp_nav_00240,navigable,76,west_siberia_region,megion,648.32,400.845,0.12917584086362432,physical_screen,11199.416666666666,1115.4583333333333
pp_nav_00241,navigable,76,east_siberia_region,tumul,4322.315,108.002,0.0,physical_screen,13851.625,1126.125
pp_nav_00242,navigable,80,alaska_region,chitina,1200.57,111.61850000000001,0.15802688598632814,physical_screen,1101.75,1126.7083333333333
pp_nav_00243,navigable,81,scandinavian_region,ostrechiny,595.139,492.861,0.0,physical_screen,9278.895833333334,1117.5208333333333
pp_nav_00244,navigable,80,east_siberia_region,yedey,7220.468,771.322,0.15398987624357752,physical_screen,13435.083333333334,1118.5833333333333
pp_nav_00245,navigable,82,west_siberia_region,megion,5973.411,2605.464,0.05978294142251871,physical_screen,11156.354166666666,1122.0625
pp_nav_00246,navigable,33,west_siberia_region,turama,530.855,75.399,0.0,physical_screen,12090.0,1117.0
pp_nav_00247,navigable,77,scandinavian_region,jaskis,619.914,579.254,0.0,physical_screen,9022.916666666666,1132.5833333333333
pp_nav_00248,improvable,82,scandinavian_region,vazhiny,617.33,501.175,1.4006679510327267,physical_screen,9245.895833333334,1124.2708333333333
pp_nav_00249,navigable,78,west_siberia_region,irtysh,2964.044,1831.661,0.0,physical_screen,10847.75,1126.5416666666667
pp_nav_00250,navigable,100,west_siberia_region,megion,5296.602,2182.667,0.07920913696289063,physical_screen,11184.459016393443,1132.983606557377
pp_nav_00251,navigable,75,russian_region,lodenoye_pole,653.233,515.287,0.06031932830810547,physical_screen,9218.5,1138.1666666666667
pp_nav_00252,improvable,64,east_siberia_region,yedey,7218.635,771.523,0.6765609741210937,physical_screen,13406.702702702703,1132.7027027027027
pp_nav_00253,navigable,80,alaska_region,tu_nedhe,3448.629,2031.515,0.0,physical_screen,2541.3958333333335,1139.9791666666667
pp_nav_00254,navigable,79,west_siberia_region,sulomay,8682.911,2517.6530000000002,0.09777603149414063,physical_screen,11785.145833333334,1146.9791666666667
pp_nav_00255,navigable,39,russian_region,veliky_ustyug,973.526,246.273,0.1811370849609375,physical_screen,9799.407407407407,1141.2592592592594
pp_nav_00256,navigable,46,alaska_region,nahanni,1941.109,558.363,0.0,physical_screen,2070.5555555555557,1139.111111111111
pp_nav_00257,navigable,81,west_siberia_region,irtysh,2571.767,1460.903,0.002910501156536514,physical_screen,10866.166666666666,1147.25
pp_nav_00258,navigable,86,west_siberia_region,chamcha,4374.7075,586.577,0.0,physical_screen,12944.104166666666,1141.5625
pp_nav_00259,navigable,102,east_siberia_region,eldikan,4136.048,108.907,0.0609832763671875,physical_screen,13838.72131147541,1157.1967213114754
pp_nav_00260,navigable,54,alaska_region,daxunhyuu,1397.8045000000002,133.4115,0.2580238342285156,physical_screen,1097.388888888889,1149.888888888889
pp_nav_00261,navigable,81,west_siberia_region,upper_ob,5280.415,2176.464,0.0,physical_screen,11211.666666666666,1146.5
pp_nav_00262,navigable,73,west_siberia_region,chamcha,4366.918,589.894,0.3421273207982468,physical_screen,12909.1875,1151.6875
pp_nav_00263,navigable,82,west_siberia_region,nyuya,4397.691,585.903,0.0,physical_screen,12977.458333333334,1154.0416666666667
pp_nav_00264,improvable,81,alaska_region,nahanni,1934.7585,555.3795,0.50638427734375,physical_screen,2068.4791666666665,1162.8958333333333
pp_nav_00265,navigable,85,east_siberia_region,sanyyakhtakh,7219.630999999999,770.718,0.0,physical_screen,13352.020833333334,1149.0416666666667
pp_nav_00266,navigable,81,east_siberia_region,balagannakh,7153.706,777.25,0.16199798583984376,physical_screen,13211.833333333334,1151.0
pp_nav_00267,navigable,78,alaska_region,klewi,3447.484,2035.981,0.03531300234575403,physical_screen,2563.5416666666665,1159.75
pp_nav_00268,navigable,125,east_siberia_region,marxa,7155.832,767.807,0.0,physical_screen,13303.692307692309,1153.0
pp_nav_00269,navigable,81,west_siberia_region,upper_ob,5251.458,2181.681,0.1714668741692829,physical_screen,11239.041666666666,1162.875
pp_nav_00270,navigable,91,east_siberia_region,balagannakh,7153.98,770.5985000000001,0.0,physical_screen,13250.6875,1154.4375
pp_nav_00271,improvable,95,east_siberia_region,balagannakh,5205.64,638.816,0.45740623416179815,physical_screen,13185.666666666666,1168.298245614035
pp_nav_00272,improvable,79,west_siberia_region,tinnaya,4678.688,599.893,1.4171905517578125,physical_screen,13010.229166666666,1169.2708333333333
pp_nav_00273,navigable,78,west_siberia_region,irtysh,2571.235,1463.403,0.0,physical_screen,10868.625,1173.7083333333333
pp_nav_00274,navigable,75,east_siberia_region,eldikan,4110.739,109.115,0.0,physical_screen,13819.770833333334,1167.4375
pp_nav_00275,navigable,37,west_siberia_region,sulomay,8653.544,2535.077,0.25256004333496096,physical_screen,11792.25,1169.5
pp_nav_00276,navigable,74,west_siberia_region,khamra,4351.516,592.783,0.4552176320386475,physical_screen,12887.1875,1177.6875
pp_nav_00277,navigable,77,west_siberia_region,upper_ob,5185.726,2154.77,0.071783447265625,physical_screen,11264.625,1177.9791666666667
pp_nav_00278,navigable,79,alaska_region,klewi,3442.3925,2026.8980000000001,0.005435408012330968,physical_screen,2570.1666666666665,1176.1666666666667
pp_nav_00279,navigable,82,east_siberia_region,yunkyur,5188.469,642.764,0.132977294921875,physical_screen,13156.291666666666,1177.0833333333333
pp_nav_00280,navigable,75,west_siberia_region,tis_reka,8322.015,2421.808,0.20067520141601564,physical_screen,11806.875,1185.625
pp_nav_00281,improvable,77,alaska_region,ford_liard,1763.902,403.376,0.48678741455078123,physical_screen,2057.3958333333335,1188.2708333333333
pp_nav_00282,navigable,73,east_siberia_region,daban,5137.135,630.8515,0.032464599609375,physical_screen,13122.729166666666,1186.2708333333333
pp_nav_00283,navigable,76,west_siberia_region,patom,5063.747,630.265,0.1075103759765625,physical_screen,13032.041666666666,1195.4583333333333
pp_nav_00284,navigable,76,west_siberia_region,yukonda,2567.9225,1461.441,0.0,physical_screen,10869.125,1194.375
pp_nav_00285,navigable,76,scandinavian_region,kongsvinger,603.095,136.519,0.2564940185093969,physical_screen,8202.791666666666,1200.125
pp_nav_00286,navigable,76,west_siberia_region,upper_ob,5145.049,2138.122,0.218609619140625,physical_screen,11283.782608695652,1195.5869565217392
pp_nav_00287,navigable,79,alaska_region,klewi,3437.881,2014.429,0.004388427734375,physical_screen,2593.5833333333335,1197.0416666666667
pp_nav_00288,navigable,71,west_siberia_region,khamra,4311.449,599.949,0.0,physical_screen,12862.854166666666,1201.3541666666667
pp_nav_00289,navigable,77,alaska_region,ozanna,682.543,120.44,0.0,physical_screen,1870.8333333333333,1202.625
pp_nav_00290,navigable,82,west_siberia_region,tis_reka,8166.668,2364.283,0.0,physical_screen,11823.895833333334,1216.1041666666667
pp_nav_00291,improvable,91,east_siberia_region,daban,5129.043,636.756,1.8199462160541817,physical_screen,13093.10909090909,1208.1090909090908
pp_nav_00292,improvable,80,russian_region,neva,2553.242,2130.543,0.4810587673747669,physical_screen,9080.104166666666,1208.4791666666667
pp_nav_00293,improvable,48,alaska_region,ozanna,569.812,105.321,0.74041748046875,physical_screen,1849.0344827586207,1207.103448275862
pp_nav_00294,improvable,60,alaska_region,ford_liard,1725.985,395.489,0.3962799072265625,physical_screen,2048.102564102564,1217.2307692307693
pp_nav_00295,barrier,82,alaska_region,ozanna,689.6865,122.4645,2.51739501953125,physical_screen,1891.0625,1217.1458333333333
pp_nav_00296,navigable,78,ural_region,solikamsk,835.9325,229.4305,0.12314095993170092,physical_screen,10266.583333333334,1220.0416666666667
pp_nav_00297,navigable,80,west_siberia_region,macha,5115.331,637.795,0.0,physical_screen,13061.270833333334,1214.2291666666667
pp_nav_00298,navigable,81,alaska_region,tethul,3434.65,2008.121,0.19481403145165618,physical_screen,2612.625,1222.75
pp_nav_00299,navigable,80,west_siberia_region,yukonda,2555.46,1473.166,0.06990535877398925,physical_screen,10861.166666666666,1216.0833333333333
pp_nav_00300,navigable,78,west_siberia_region,upper_ob,5095.155,2142.313,0.0,physical_screen,11296.5,1223.25
pp_nav_00301,navigable,45,west_siberia_region,nazimovo,8166.668,2364.033,0.057483673095703125,physical_screen,11820.444444444445,1219.6296296296296
pp_nav_00302,navigable,79,west_siberia_region,khamra,4295.126,614.9545,0.0,physical_screen,12835.25,1220.875
pp_nav_00303,improvable,76,scandinavian_region,moss,635.524,152.087,1.097397635289146,physical_screen,8198.770833333334,1231.8958333333333
pp_nav_00304,improvable,79,alaska_region,ford_liard,1232.577,199.664,1.1374637526474887,physical_screen,2025.7708333333333,1222.3958333333333
pp_nav_00305,improvable,81,alaska_region,tsay_iona,1056.624,174.203,0.66253662109375,physical_screen,1919.875,1228.6041666666667
pp_nav_00306,navigable,93,west_siberia_region,yukonda,2380.974,1334.26,0.06635021274971888,physical_screen,10835.267857142857,1235.5892857142858
pp_nav_00307,navigable,32,alaska_region,ford_liard,1225.208,198.827,0.0,physical_screen,2009.15,1233.65
pp_nav_00308,navigable,71,west_siberia_region,peledui,2377.7664999999997,343.018,0.22191185190194296,physical_screen,12817.375,1239.2916666666667
pp_nav_00309,navigable,75,alaska_region,akokpaq,614.4265,354.9815,0.2543186187744141,physical_screen,524.8958333333334,1242.3958333333333
pp_nav_00310,navigable,75,russian_region,lyuban,625.153,289.513,0.01681536879253931,physical_screen,9143.291666666666,1248.0
pp_nav_00311,navigable,76,west_siberia_region,tis_reka,8099.832,2365.067,0.16090506940087995,physical_screen,11840.791666666666,1245.7083333333333
pp_nav_00312,navigable,73,west_siberia_region,upper_ob,5097.515,2138.607,0.0,physical_screen,11318.976744186046,1239.4418604651162
pp_nav_00313,navigable,94,alaska_region,tsay_iona,1108.048,186.786,0.0,physical_screen,1953.8727272727272,1241.490909090909
pp_nav_00314,navigable,78,ural_region,usolye,932.946,249.009,0.0,physical_screen,10264.354166666666,1246.875
pp_nav_00315,navigable,67,west_siberia_region,upper_ob,4834.419,1901.543,0.00634717903872939,physical_screen,11341.121951219513,1248.219512195122
pp_nav_00316,navigable,81,alaska_region,tsay_iona,1125.2604999999999,188.5755,0.0,physical_screen,1987.9166666666667,1249.4583333333333
pp_nav_00317,navigable,74,west_siberia_region,witym,2352.474,338.257,0.0,physical_screen,12820.645833333334,1259.8541666666667
pp_nav_00318,improvable,82,alaska_region,yaakwdaat,802.999,94.601,0.9412783622741699,physical_screen,1391.6304347826087,1256.3478260869565
pp_nav_00319,navigable,33,scandinavian_region,moss,652.909,169.474,0.07813549041748047,physical_screen,8192.952380952382,1253.952380952381
pp_nav_00320,navigable,97,west_siberia_region,turtas,2370.828,1312.305,0.0,physical_screen,10824.283333333333,1262.9833333333333
pp_nav_00321,navigable,77,west_siberia_region,vitim,1552.57,226.039,0.0,physical_screen,12796.4375,1256.6041666666667
pp_nav_00322,navigable,82,alaska_region,aguyaq,699.203,415.761,0.13915957925642647,physical_screen,506.7083333333333,1270.0833333333333
pp_nav_00323,navigable,90,alaska_region,kai_theli_ke_hot_inne,3423.052,1961.199,0.18187277184832706,physical_screen,2615.4363636363637,1269.2727272727273
pp_nav_00324,navigable,50,ural_region,yusva,974.854,259.515,0.00119171142578125,physical_screen,10249.034482758621,1266.1379310344828
pp_nav_00325,navigable,43,west_siberia_region,upper_ob,4877.93,1944.511,0.0,physical_screen,11364.384615384615,1261.9615384615386
pp_nav_00326,navigable,74,west_siberia_region,yukte,1540.703,222.109,0.3497222900390625,physical_screen,12769.645833333334,1270.1458333333333
pp_nav_00327,navigable,43,west_siberia_region,kiya,8034.384,2426.794,0.0,physical_screen,11857.8,1265.2
pp_nav_00328,navigable,61,alaska_region,aguyaq,714.533,436.201,0.21576201915740967,physical_screen,486.390243902439,1273.9512195121952
pp_nav_00329,navigable,74,russian_region,chudovo,601.388,278.623,0.035265009024754955,physical_screen,9131.791666666666,1280.2916666666667
pp_nav_00330,improvable,79,alaska_region,mikkwa,2151.925,771.018,1.2237566251355876,physical_screen,2541.375,1281.3333333333333
pp_nav_00331,navigable,78,alaska_region,kai_theli_ke_hot_inne,2214.317,800.42,0.0,physical_screen,2594.2708333333335,1275.7708333333333
pp_nav_00332,navigable,76,west_siberia_region,qashliq,2248.755,1172.297,0.01425216884565451,physical_screen,10818.375,1284.375
pp_nav_00333,navigable,81,west_siberia_region,kamensk,7779.072,2427.998,0.24269318962460767,physical_screen,11874.1875,1282.8125
pp_nav_00334,navigable,89,west_siberia_region,witym,2316.1935,331.6565,0.3036163330078125,physical_screen,12828.538461538461,1285.3076923076924
pp_nav_00335,navigable,82,west_siberia_region,kezhma,3540.28,1481.7595000000001,0.2350860595703125,physical_screen,12293.833333333334,1281.0
pp_nav_00336,navigable,92,west_siberia_region,kezhma,3526.61,1512.906,0.15868520441719164,physical_screen,12334.33962264151,1279.1698113207547
pp_nav_00337,improvable,79,west_siberia_region,yukte,1497.5595,217.69,0.4285858154296875,physical_screen,12747.458333333334,1291.2083333333333
pp_nav_00338,navigable,79,ural_region,chyormoz,1123.798,284.773,0.0,physical_screen,10247.625,1299.25
pp_nav_00339,navigable,79,alaska_region,mikkwa,2148.673,757.428,0.045831001303771796,physical_screen,2517.2916666666665,1294.9583333333333
pp_nav_00340,navigable,40,west_siberia_region,yeniseysk,7763.758,2418.873,0.0,physical_screen,11880.36,1298.84
pp_nav_00341,navigable,84,west_siberia_region,lower_angara,3473.721,1564.715,0.0,physical_screen,12368.604166666666,1308.8958333333333
pp_nav_00342,navigable,78,west_siberia_region,qashliq,2253.242,1171.22,0.13695728712944408,physical_screen,10810.104166666666,1306.0208333333333
pp_nav_00343,navigable,100,west_siberia_region,upper_angara,3551.368,1445.458,0.12307896826661811,physical_screen,12267.47619047619,1308.047619047619
pp_nav_00344,navigable,78,west_siberia_region,yarkino,3624.231,1465.296,0.0,physical_screen,12197.333333333334,1298.625
pp_nav_00345,navigable,55,russian_region,chudovo,587.9715,275.698,0.0,physical_screen,9116.888888888889,1306.5
pp_nav_00346,navigable,79,alaska_region,mikkwa,2145.746,749.094,0.0,physical_screen,2484.5,1305.0
pp_nav_00347,navigable,86,west_siberia_region,yukte,1477.6905000000002,211.5775,0.0,physical_screen,12720.479166666666,1300.5625
pp_nav_00348,navigable,82,west_siberia_region,upper_angara,3608.7439999999997,1457.581,0.157763671875,physical_screen,12228.895833333334,1309.6041666666667
pp_nav_00349,navigable,75,west_siberia_region,nikolsky_pogost,1401.5835,196.7025,0.0,physical_screen,12690.375,1310.9583333333333
pp_nav_00350,navigable,86,west_siberia_region,yarkino,3744.011,1504.051,0.0,physical_screen,12168.979166666666,1314.6458333333333
pp_nav_00351,improvable,82,west_siberia_region,kamenka,3989.788,1649.778,0.3753518890662552,physical_screen,12054.5625,1310.4375
pp_nav_00352,navigable,85,west_siberia_region,kamenka,3883.229,1585.976,0.0,physical_screen,12090.854166666666,1312.7708333333333
pp_nav_00353,navigable,80,west_siberia_region,kolpashevo,4064.504,1009.686,0.09363050028289008,physical_screen,11446.0,1319.125
pp_nav_00354,improvable,80,west_siberia_region,kamensk,7665.4215,2397.297,0.5239364624023437,physical_screen,11895.0625,1321.0625
pp_nav_00355,improvable,40,canada_region,kangiqsualujjuaq,718.705,328.241,0.4131926536560059,physical_screen,4683.304347826087,1319.5217391304348
pp_nav_00356,navigable,79,ural_region,chyormoz,1189.572,297.48400000000004,0.017022689277492162,physical_screen,10255.291666666666,1323.5
pp_nav_00357,navigable,101,alaska_region,wabasca,2025.819,591.9,0.24147574324357704,physical_screen,2416.3709677419356,1317.8064516129032
pp_nav_00358,improvable,71,alaska_region,mikkwa,2122.268,719.686,0.4969162148062181,physical_screen,2455.875,1319.425
pp_nav_00359,navigable,77,west_siberia_region,qashliq,2272.299,1166.634,0.1074718521435548,physical_screen,10797.229166666666,1327.75
pp_nav_00360,navigable,75,west_siberia_region,motygino,4009.794,1657.719,0.0,physical_screen,12024.416666666666,1324.9166666666667
pp_nav_00361,improvable,90,west_siberia_region,yarkino,3757.653,1514.72,1.987835693359375,physical_screen,12127.21568627451,1318.450980392157
pp_nav_00362,navigable,78,alaska_region,athabasca,693.168,515.741,0.11351735168675364,physical_screen,2616.0625,1334.2708333333333
pp_nav_00363,barrier,32,west_siberia_region,upper_angara,3606.165,1479.588,2.181793212890625,physical_screen,12248.526315789473,1323.4736842105262
pp_nav_00364,navigable,80,west_siberia_region,kolpashevo,3659.531,683.644,0.162260560418429,physical_screen,11467.25,1331.0416666666667
pp_nav_00365,navigable,78,alaska_region,wabasca,2009.055,570.085,0.0,physical_screen,2384.7083333333335,1327.7083333333333
pp_nav_00366,navigable,78,ural_region,koksharov,530.257,83.059,0.1258268953650769,physical_screen,9892.375,1333.9583333333333
pp_nav_00367,navigable,75,west_siberia_region,nikolsky_pogost,1254.867,161.018,0.0,physical_screen,12670.083333333334,1330.8333333333333
pp_nav_00368,improvable,76,west_siberia_region,lower_angara,3439.4475,1566.6345000000001,1.4195465087890624,physical_screen,12367.020833333334,1346.5208333333333
pp_nav_00369,improvable,74,west_siberia_region,nikolsky_pogost,1157.3325,147.072,1.2635331308096818,physical_screen,12642.5625,1341.0625
pp_nav_00370,barrier,77,east_siberia_region,kyakhtinskii,1857.466,267.924,2.255975341796875,physical_screen,12848.791666666666,1338.9166666666667
pp_nav_00371,navigable,38,alaska_region,wabasca,2008.429,569.265,0.0,physical_screen,2379.7391304347825,1338.9565217391305
pp_nav_00372,navigable,81,canada_region,imaapik,616.436,313.004,0.0,physical_screen,4701.020833333333,1347.4791666666667
pp_nav_00373,improvable,77,west_siberia_region,kamensk,7707.936,2395.372,0.48368191373382347,physical_screen,11917.854166666666,1339.9166666666667
pp_nav_00374,navigable,81,west_siberia_region,motygino,4823.839,1989.808,0.22918966235805283,physical_screen,11945.520833333334,1338.2291666666667
pp_nav_00375,navigable,78,west_siberia_region,qashliq,1396.328,593.878,0.039347076416015626,physical_screen,10814.020833333334,1342.5625
pp_nav_00376,navigable,85,west_siberia_region,motygino,4026.8625,1669.2765,0.3072327231801166,physical_screen,11993.9375,1338.4375
pp_nav_00377,navigable,83,ural_region,nytva,1634.357,370.994,0.0,physical_screen,10242.166666666666,1346.7916666666667
pp_nav_00378,navigable,81,west_siberia_region,pashino,750.024,105.451,0.0,physical_screen,11974.8125,1347.4375
pp_nav_00379,navigable,82,west_siberia_region,tobolsk,928.138,544.949,0.006554443910484536,physical_screen,10786.979166666666,1351.3541666666667
pp_nav_00380,navigable,102,west_siberia_region,kolpashevo,3570.151,621.042,0.08680495024142514,physical_screen,11486.75,1359.3833333333334
pp_nav_00381,navigable,75,ural_region,verkhoshizhemye,541.605,84.101,0.0,physical_screen,9900.041666666666,1352.75
pp_nav_00382,navigable,77,ural_region,nytva,1648.226,374.842,0.06449293693820217,physical_screen,10218.145833333334,1353.3958333333333
pp_nav_00383,improvable,96,scandinavian_region,konghalla,603.531,544.484,0.4182264290436428,physical_screen,8239.216666666667,1355.85
pp_nav_00384,navigable,92,west_siberia_region,siberia_abalak,1345.018,527.529,0.0,physical_screen,10842.792452830188,1347.6037735849056
pp_nav_00385,navigable,41,canada_region,kuujjuaq,1886.024,1138.371,0.0,physical_screen,4562.304347826087,1348.304347826087
pp_nav_00386,navigable,83,west_siberia_region,taseyevo,3086.844,330.929,0.19810791015625,physical_screen,11933.666666666666,1355.8333333333333
pp_nav_00387,navigable,81,west_siberia_region,siberia_abalak,1327.592,523.916,0.0,physical_screen,10875.333333333334,1349.8333333333333
pp_nav_00388,navigable,76,alaska_region,athabasca,683.041,505.302,0.0,physical_screen,2615.8541666666665,1367.0208333333333
pp_nav_00389,navigable,81,east_siberia_region,kyakhtinskii,1802.54,264.116,0.315875244140625,physical_screen,12870.5625,1358.8541666666667
pp_nav_00390,navigable,74,canada_region,koskoak,1882.1835,1144.243,0.050894050792671786,physical_screen,4536.458333333333,1361.9583333333333
pp_nav_00391,navigable,78,west_siberia_region,siberia_abalak,1315.897,515.512,0.07685470581054688,physical_screen,10895.1875,1357.4166666666667
pp_nav_00392,improvable,81,alaska_region,wabasca,1996.344,554.804,0.798138427734375,physical_screen,2358.2916666666665,1365.2916666666667
pp_nav_00393,navigable,83,west_siberia_region,siberia_abalak,1341.225,525.832,0.0,physical_screen,10856.0625,1356.0208333333333
pp_nav_00394,navigable,53,west_siberia_region,siberia_abalak,1316.572,516.032,0.0,physical_screen,10878.588235294117,1355.8529411764705
pp_nav_00395,navigable,55,west_siberia_region,nikolsky_pogost,1113.705,141.137,0.0,physical_screen,12622.484848484848,1360.6969696969697
pp_nav_00396,navigable,78,east_siberia_region,kyakhtinskii,1466.112,230.186,0.0,physical_screen,12902.145833333334,1359.0208333333333
pp_nav_00397,navigable,77,ural_region,perm,1658.296,377.372,0.0,physical_screen,10209.020833333334,1368.2291666666667
pp_nav_00398,navigable,58,west_siberia_region,tobolsk,925.049,536.571,0.045481109619140626,physical_screen,10763.861111111111,1360.4166666666667
pp_nav_00399,navigable,81,west_siberia_region,molchanovo,784.04,171.62349999999998,0.124688720703125,physical_screen,11542.6875,1360.8125
pp_nav_00400,navigable,102,east_siberia_region,kyakhtinskii,1311.07,205.713,0.0,physical_screen,12932.116666666667,1370.7166666666667
pp_nav_00401,navigable,78,west_siberia_region,molchanovo,779.312,162.767,0.11443328857421875,physical_screen,11572.3125,1365.1041666666667
pp_nav_00402,navigable,80,west_siberia_region,ust_ishim,1311.789,506.16700000000003,0.0,physical_screen,10923.520833333334,1366.1458333333333
pp_nav_00403,navigable,80,west_siberia_region,molchanovo,786.972,174.895,0.09347991943359375,physical_screen,11514.208333333334,1366.0416666666667
pp_nav_00404,navigable,86,west_siberia_region,pashino,700.8969999999999,92.1,0.14426154404027566,physical_screen,12001.25,1365.0
pp_nav_00405,improvable,77,canada_region,siimitalik,589.931,306.682,0.357562255859375,physical_screen,4708.574468085107,1375.1063829787233
pp_nav_00406,navigable,77,russian_region,yaroslavl,1023.8699999999999,524.9590000000001,0.05296630859375,physical_screen,9505.729166666666,1375.3125
pp_nav_00407,navigable,82,russian_region,kostroma,1047.041,538.883,0.11526358508629173,physical_screen,9540.8125,1366.625
pp_nav_00408,navigable,76,ural_region,verkhoshizhemye,553.346,84.799,0.16765060424804687,physical_screen,9917.6875,1373.0625
pp_nav_00409,navigable,61,west_siberia_region,educhanka,3110.098,1357.406,0.0,physical_screen,12354.555555555555,1380.5555555555557
pp_nav_00410,navigable,85,west_siberia_region,ust_ishim,1091.393,349.576,0.0,physical_screen,10953.145833333334,1375.5625
pp_nav_00411,navigable,108,russian_region,yaroslavl,1040.557,533.391,0.0,physical_screen,9530.984126984127,1377.2063492063492
pp_nav_00412,improvable,37,canada_region,kasuswapaskau,619.013,195.455,1.1773242800933603,physical_screen,4516.695652173913,1374.7826086956522
pp_nav_00413,navigable,79,russian_region,kostroma,1160.526,587.219,0.18007659912109375,physical_screen,9563.083333333334,1383.7708333333333
pp_nav_00414,navigable,87,west_siberia_region,pervomayskoye,671.727,112.778,0.11183597981528676,physical_screen,11596.458333333334,1385.0416666666667
pp_nav_00415,navigable,81,west_siberia_region,molchanovo,2793.842,437.612,0.11672339861365295,physical_screen,11511.958333333334,1388.75
pp_nav_00416,improvable,78,west_siberia_region,taseyevo,3080.307,328.325,0.5008026123046875,physical_screen,11938.270833333334,1390.3125
pp_nav_00417,improvable,79,canada_region,koskoak,1272.423,961.499,0.5827499389648437,physical_screen,4532.604166666667,1389.7708333333333
pp_nav_00418,navigable,94,canada_region,kasuswapaskau,514.652,163.644,0.0,physical_screen,4488.524590163935,1382.4754098360656
pp_nav_00419,improvable,78,alaska_region,wabasca,1981.9475,537.2695,0.9625191979172297,physical_screen,2359.8958333333335,1387.1875
pp_nav_00420,improvable,80,ural_region,nikolsky,625.575,101.594,0.9972690243657796,physical_screen,9939.75,1386.4583333333333
pp_nav_00421,navigable,78,west_siberia_region,ust_ishim,1085.393,348.221,0.07789805518634402,physical_screen,10980.791666666666,1381.0833333333333
pp_nav_00422,navigable,84,ural_region,okhannoye,1680.681,382.442,0.0128631591796875,physical_screen,10214.083333333334,1393.5
pp_nav_00423,navigable,78,east_siberia_region,amalyk,1182.085,190.132,0.338818359375,physical_screen,12991.645833333334,1399.6041666666667
pp_nav_00424,navigable,77,alaska_region,thilane_hot_ine,667.182,488.762,0.0,physical_screen,2607.5,1401.0833333333333
pp_nav_00425,navigable,81,west_siberia_region,ust_ishim,1029.62,307.567,0.0778451825055479,physical_screen,11008.791666666666,1389.375
pp_nav_00426,improvable,80,russian_region,kostroma,1167.744,592.164,0.3609465801768563,physical_screen,9589.6875,1388.6041666666667
pp_nav_00427,navigable,82,russian_region,ostrovskoye,1190.178,600.808,0.0,physical_screen,9624.5,1389.8333333333333
pp_nav_00428,barrier,44,canada_region,siimitalik,506.2115,287.70950000000005,2.5866165260388967,physical_screen,4716.571428571428,1399.2857142857142
pp_nav_00429,improvable,80,russian_region,yakovlevskoye_bolshoye,1167.046,591.563,0.3609465801768563,physical_screen,9585.041666666666,1394.25
pp_nav_00430,navigable,83,russian_region,yuryev_povolzhsk,1189.714,600.301,0.0,physical_screen,9617.895833333334,1394.3958333333333
pp_nav_00431,navigable,80,ural_region,ural_nema,653.9835,110.399,0.0,physical_screen,9965.104166666666,1399.6458333333333
pp_nav_00432,navigable,35,russian_region,kadyy,1206.664,606.554,0.0,physical_screen,9650.809523809523,1395.4761904761904
pp_nav_00433,navigable,73,ural_region,chastye,1720.7,392.876,0.0,physical_screen,10194.583333333334,1407.7708333333333
pp_nav_00434,navigable,77,west_siberia_region,shish,1023.884,306.8375,0.0692208919558085,physical_screen,11036.0,1401.0833333333333
pp_nav_00435,navigable,34,canada_region,mistutikumak,651.575,554.977,0.007471949317716011,physical_screen,3259.6,1399.0
pp_nav_00436,navigable,78,russian_region,yuryev_povolzhsk,1440.965,665.938,0.0,physical_screen,9649.416666666666,1404.0
pp_nav_00437,navigable,82,alaska_region,mushikitee,1967.444,520.219,0.0,physical_screen,2354.1666666666665,1413.6666666666667
pp_nav_00438,navigable,73,west_siberia_region,pervomayskoye,650.931,106.969,0.10445404052734375,physical_screen,11612.704545454546,1414.4772727272727
pp_nav_00439,navigable,82,west_siberia_region,tomsk,2754.281,398.68,0.0,physical_screen,11531.854166666666,1412.3125
pp_nav_00440,improvable,80,west_siberia_region,taseyevo,3079.168,319.525,0.9951861473525433,physical_screen,11944.541666666666,1423.5
pp_nav_00441,navigable,80,canada_region,kasakaupuyau,1330.593,1019.858,0.0,physical_screen,4540.854166666667,1422.2291666666667
pp_nav_00442,navigable,81,west_siberia_region,shish,954.0405000000001,227.41,0.07010053649644712,physical_screen,11062.729166666666,1415.1875
pp_nav_00443,navigable,80,ural_region,kilmez,668.912,112.83,0.10428841497991498,physical_screen,9984.8125,1425.8125
pp_nav_00444,barrier,77,east_siberia_region,amalyk,1126.5974999999999,181.592,3.41652072510297,physical_screen,12966.5625,1421.0625
pp_nav_00445,navigable,79,ural_region,chastye,1734.664,399.31,0.0,physical_screen,10172.770833333334,1420.1458333333333
pp_nav_00446,navigable,80,alaska_region,thilane_hot_ine,646.175,467.179,0.2424285888671875,physical_screen,2613.8125,1435.1458333333333
pp_nav_00447,navigable,82,russian_region,gorodets,1454.5225,676.207,0.0,physical_screen,9660.833333333334,1434.6666666666667
pp_nav_00448,navigable,81,ural_region,yelovo,1733.1644999999999,398.589,0.0,physical_screen,10175.541666666666,1424.375
pp_nav_00449,navigable,95,west_siberia_region,educhanka,3028.053,1292.641,0.0,physical_screen,12320.631578947368,1425.438596491228
pp_nav_00450,improvable,32,canada_region,machichi,915.58,763.914,0.7866273493762018,physical_screen,3482.1052631578946,1425.1052631578948
pp_nav_00451,navigable,80,baltic_region,salaspils,666.428,383.957,0.17894127368927001,physical_screen,8799.270833333334,1432.3958333333333
pp_nav_00452,navigable,78,west_siberia_region,muromtsevo,973.5509999999999,246.935,0.10071133930452886,physical_screen,11083.479166666666,1436.4583333333333
pp_nav_00453,navigable,33,west_siberia_region,pervomayskoye,541.67,85.654,0.14282002806405114,physical_screen,11628.78947368421,1429.2105263157894
pp_nav_00454,navigable,84,canada_region,sowunusiske,2356.42,2207.672,0.0,physical_screen,3447.5208333333335,1428.7708333333333
pp_nav_00455,navigable,76,ural_region,votkings,1746.441,403.668,0.0,physical_screen,10149.020833333334,1434.8541666666667
pp_nav_00456,navigable,76,west_siberia_region,melnikovo,1701.005,256.768,0.2207489013671875,physical_screen,11535.583333333334,1437.5
pp_nav_00457,navigable,82,alaska_region,mushikitee,1959.425,510.009,0.0,physical_screen,2352.8125,1442.4375
pp_nav_00458,navigable,78,canada_region,kanaskipenaski,682.966,576.09,0.17557982891204862,physical_screen,3468.3,1450.12
pp_nav_00459,navigable,81,east_siberia_region,amalyk,1102.972,177.781,0.034393310546875,physical_screen,12950.541666666666,1446.0416666666667
pp_nav_00460,navigable,74,canada_region,poskatinak,2329.213,2184.243,0.334521484375,physical_screen,3418.2291666666665,1446.7291666666667
pp_nav_00461,navigable,82,ural_region,saygatsky,1794.8055,420.4885,0.13688125610351565,physical_screen,10140.854166666666,1455.4791666666667
pp_nav_00462,navigable,73,west_siberia_region,dzerzhinskoye,3080.667,316.879,0.15524146482084428,physical_screen,11955.666666666666,1452.4583333333333
pp_nav_00463,navigable,75,canada_region,kasakaupuyau,1134.8615,898.2255,0.0,physical_screen,4541.854166666667,1454.6041666666667
pp_nav_00464,navigable,82,baltic_region,koknese,633.0775,365.275,0.4155353546142578,physical_screen,8829.354166666666,1447.8125
pp_nav_00465,navigable,82,west_siberia_region,tomsk,1028.1465,123.6335,0.2544256282654501,physical_screen,11552.770833333334,1454.9791666666667
pp_nav_00466,navigable,47,alaska_region,shtax_heen,1549.846,225.872,0.0,physical_screen,1677.5185185185185,1444.851851851852
pp_nav_00467,navigable,84,ural_region,vyatskiye_polyany,760.379,126.50999999999999,0.052486540992100914,physical_screen,10001.708333333334,1454.4166666666667
pp_nav_00468,navigable,79,west_siberia_region,melnikovo,1697.048,251.27,0.08847280187475047,physical_screen,11518.9375,1463.2291666666667
pp_nav_00469,navigable,81,baltic_region,koknese,517.571,304.738,0.0,physical_screen,8860.816326530612,1454.3061224489795
pp_nav_00470,barrier,85,alaska_region,thilane_hot_ine,513.468,335.983,3.5240028526446556,physical_screen,2587.3125,1452.8958333333333
pp_nav_00471,navigable,79,russian_region,nizhny_novgorod,1472.045,684.706,0.039349365234375,physical_screen,9681.25,1462.0625
pp_nav_00472,navigable,79,west_siberia_region,tara,916.369,162.996,0.0,physical_screen,11092.208333333334,1465.3333333333333
pp_nav_00473,navigable,81,east_siberia_region,kuanda,890.749,158.457,0.325494384765625,physical_screen,12959.333333333334,1469.0625
pp_nav_00474,navigable,72,alaska_region,mushikitee,1955.333,504.72,0.9018645123237685,physical_screen,2350.5,1472.2916666666667
pp_nav_00475,improvable,68,alaska_region,sakawyiniw,504.006,326.154,0.8912044394148682,physical_screen,2562.3333333333335,1465.9761904761904
pp_nav_00476,improvable,86,canada_region,poskatinak,2309.209,2168.948,1.4962060664438042,physical_screen,3388.6041666666665,1464.9375
pp_nav_00477,improvable,85,canada_region,anipitapiskow,2286.2225,2151.7785000000003,0.7347238155541638,physical_screen,3348.0,1470.0833333333333
pp_nav_00478,navigable,76,west_siberia_region,yemelyanovo,2757.0280000000002,275.6955,0.00459136962890625,physical_screen,11941.791666666666,1477.6666666666667
pp_nav_00479,navigable,70,east_siberia_region,klyuchi,744.463,86.501,0.1528868893436437,physical_screen,15018.23076923077,1470.7435897435898
pp_nav_00480,navigable,83,ural_region,vyatskiye_polyany,778.141,134.025,0.2352932806733533,physical_screen,10019.625,1476.0
pp_nav_00481,navigable,77,russian_region,kozmodemyansk,3301.0265,1198.2775000000001,0.0,physical_screen,9808.5,1473.25
pp_nav_00482,navigable,72,canada_region,wayustikw,1097.289,877.7305,0.10795669555664063,physical_screen,4550.916666666667,1482.5833333333333
pp_nav_00483,navigable,78,russian_region,nizhny_novgorod,2812.486,1079.926,0.0,physical_screen,9706.5625,1480.9791666666667
pp_nav_00484,navigable,75,west_siberia_region,tomsk,990.443,114.095,0.02201385498046875,physical_screen,11556.791666666666,1484.5833333333333
pp_nav_00485,navigable,83,east_siberia_region,kamchatsk,901.2885,110.4285,0.08843231201171875,physical_screen,15051.541666666666,1475.0416666666667
pp_nav_00486,navigable,81,alaska_region,ksituan,1593.609,336.554,0.0,physical_screen,2261.5833333333335,1475.7916666666667
pp_nav_00487,navigable,81,russian_region,rastyapino,1330.051,387.846,0.0,physical_screen,9676.125,1479.5
pp_nav_00488,navigable,80,alaska_region,tsa_tinne,1302.088,236.707,0.0,physical_screen,2168.875,1478.3333333333333
pp_nav_00489,improvable,39,east_siberia_region,kamchatsk,941.776,187.2045,0.3991661071777344,physical_screen,15078.09090909091,1476.6818181818182
pp_nav_00490,navigable,74,russian_region,raznezhye,2857.219,1105.568,0.09952011108398437,physical_screen,9778.458333333334,1482.25
pp_nav_00491,navigable,77,west_siberia_region,tara,914.412,161.965,0.0467735274292989,physical_screen,11090.916666666666,1488.625
pp_nav_00492,improvable,80,alaska_region,chinchaga,1504.817,283.489,1.045635986328125,physical_screen,2203.9791666666665,1485.1458333333333
pp_nav_00493,improvable,52,alaska_region,chinchaga,1588.211,334.08,1.150308677162341,physical_screen,2234.1,1483.1333333333334
pp_nav_00494,navigable,87,russian_region,cheboksary,3312.944,1203.143,0.12074813842773438,physical_screen,9840.395833333334,1483.5625
pp_nav_00495,navigable,77,ural_region,sarapul,1871.003,450.83,0.0,physical_screen,10144.895833333334,1490.6041666666667
pp_nav_00496,navigable,75,west_siberia_region,kozhevnikovo,1688.402,245.7945,0.1908231761529313,physical_screen,11507.9375,1497.1041666666667
pp_nav_00497,navigable,79,russian_region,gorokhovets,1098.821,320.885,0.09391154869427476,physical_screen,9650.916666666666,1488.2916666666667
pp_nav_00498,improvable,79,alaska_region,tsa_tinne,1179.0135,213.816,1.4162464748659174,physical_screen,2138.5416666666665,1491.5
pp_nav_00499,navigable,108,alaska_region,ksituan,1598.208,341.254,0.0,physical_screen,2287.016129032258,1495.6774193548388
pp_nav_00500,improvable,77,russian_region,raznezhye,2868.541,1102.468,0.5543782786848512,physical_screen,9755.708333333334,1487.5833333333333
pp_nav_00501,improvable,81,east_siberia_region,kuanda,860.092,158.538,0.45733642578125,physical_screen,12963.729166666666,1499.7291666666667
pp_nav_00502,navigable,37,alaska_region,unjegah,1147.743,206.757,0.0,physical_screen,2098.9,1487.4
pp_nav_00503,navigable,38,alaska_region,unjegah,1163.873,210.076,0.0,physical_screen,2119.0,1488.0
pp_nav_00504,barrier,79,alaska_region,ksituan,1614.614,357.441,2.3175915314190685,physical_screen,2326.0208333333335,1494.4791666666667
pp_nav_00505,navigable,81,ural_region,kabachischi,3376.338,1220.137,0.28638663421510185,physical_screen,9874.729166666666,1494.4375
pp_nav_00506,navigable,56,russian_region,khakhaly,2830.864,1091.919,0.04610788580020785,physical_screen,9732.064516129032,1489.741935483871
pp_nav_00507,improvable,45,canada_region,anipitapiskow,2237.7295,2108.0325000000003,0.8765088100343663,physical_screen,3292.846153846154,1499.3461538461538
pp_nav_00508,navigable,83,west_siberia_region,yemelyanovo,2747.36,270.155,0.284521484375,physical_screen,11916.208333333334,1493.875
pp_nav_00509,navigable,80,ural_region,mamadysh,802.417,141.426,0.17934608459472656,physical_screen,10031.5625,1505.8125
pp_nav_00510,barrier,77,canada_region,chipisipi,922.231,768.458,2.0544342041015624,physical_screen,4573.9375,1505.0625
pp_nav_00511,improvable,42,canada_region,washeo,594.73,489.821,0.8068911039301762,physical_screen,3691.3076923076924,1500.8076923076924
pp_nav_00512,navigable,76,russian_region,starodub_votsky,1092.658,317.815,0.34244958607858805,physical_screen,9629.125,1502.0
pp_nav_00513,improvable,79,alaska_region,k_alii_xkalaan,586.5755,91.22649999999999,0.6085494995117187,physical_screen,1820.8125,1511.3125
pp_nav_00514,navigable,82,ural_region,sarapul,1874.987,452.7315,0.08631057739257812,physical_screen,10128.0,1502.7916666666667
pp_nav_00515,navigable,76,west_siberia_region,krasnoyarsk,2681.537,260.31,0.0,physical_screen,11895.3125,1509.5208333333333
pp_nav_00516,navigable,95,ural_region,sarapul,2944.453,625.07,0.0,physical_screen,10090.607142857143,1501.482142857143
pp_nav_00517,navigable,81,west_siberia_region,verkhotomsk,965.221,107.2475,0.0,physical_screen,11562.604166666666,1511.7708333333333
pp_nav_00518,navigable,80,west_siberia_region,kolosovka,913.781,164.416,0.0,physical_screen,11073.1875,1511.1458333333333
pp_nav_00519,navigable,77,alaska_region,kipahigan,793.9435,714.11,0.0,physical_screen,3045.375,1510.0833333333333
pp_nav_00520,navigable,85,ural_region,dobyaz,3408.484,1238.045,0.03139452431770597,physical_screen,9906.4375,1509.0625
pp_nav_00521,navigable,86,ural_region,kasevo,1032.806,162.125,0.0,physical_screen,10159.392156862745,1511.921568627451
pp_nav_00522,navigable,81,ural_region,yelabuga,3170.474,689.4105,0.15013731254879167,physical_screen,10061.916666666666,1514.7083333333333
pp_nav_00523,navigable,87,canada_region,kapuskaywak,831.0525,736.5895,0.0,physical_screen,3076.6458333333335,1513.0625
pp_nav_00524,navigable,47,canada_region,kapuskaywak,849.299,748.773,0.3172119140625,physical_screen,3105.6071428571427,1512.4642857142858
pp_nav_00525,navigable,78,russian_region,murom,1036.955,301.9,0.0590301513671875,physical_screen,9608.083333333334,1524.6666666666667
pp_nav_00526,navigable,74,west_siberia_region,kozhevnikovo,1680.694,239.098,0.22345359012387098,physical_screen,11491.729166666666,1525.1458333333333
pp_nav_00527,navigable,77,ural_region,mamadysh,4004.098,828.8245,0.0,physical_screen,10035.416666666666,1526.1666666666667
pp_nav_00528,improvable,78,west_siberia_region,kolosovka,913.1915,176.3985,0.754465676190238,physical_screen,11040.729166666666,1525.2291666666667
pp_nav_00529,navigable,80,west_siberia_region,verkhotomsk,949.067,104.039,0.0,physical_screen,11591.5625,1522.9791666666667
pp_nav_00530,navigable,73,canada_region,pikwitonei,2433.985,2291.15,0.21677466427783607,physical_screen,3280.875,1534.375
pp_nav_00531,barrier,76,canada_region,chipisipi,780.749,674.3395,2.287000039705802,physical_screen,4577.25,1527.9583333333333
pp_nav_00532,navigable,82,ural_region,burayevo,921.042,141.207,0.1431167489660901,physical_screen,10187.583333333334,1526.2916666666667
pp_nav_00533,navigable,80,russian_region,sviyazhsk,3496.0505,1265.478,0.0,physical_screen,9925.833333333334,1535.6666666666667
pp_nav_00534,navigable,92,east_siberia_region,irakinda,810.31,155.557,0.14262667075354943,physical_screen,12970.684210526315,1532.8947368421052
pp_nav_00535,navigable,78,ural_region,burayevo,891.049,136.227,0.2270382048323014,physical_screen,10204.916666666666,1528.75
pp_nav_00536,navigable,80,alaska_region,kipahigan,783.317,705.621,0.430517578125,physical_screen,3022.5,1527.6666666666667
pp_nav_00537,navigable,38,alaska_region,kipahigan,775.132,699.344,0.4096710205078125,physical_screen,2998.5,1526.090909090909
pp_nav_00538,navigable,71,west_siberia_region,novosyolovo,2667.581,256.419,0.0,physical_screen,11890.916666666666,1540.4166666666667
pp_nav_00539,improvable,72,alaska_region,gitxsanimaax,710.452,125.826,1.7001380920410156,physical_screen,1814.2083333333333,1540.7083333333333
pp_nav_00540,navigable,78,ural_region,calli,4059.5705,841.0830000000001,0.0,physical_screen,10006.4375,1533.3958333333333
pp_nav_00541,navigable,73,ural_region,chekmagush,869.322,131.359,0.07614778918029004,physical_screen,10213.083333333334,1542.1666666666667
pp_nav_00542,navigable,80,west_siberia_region,kozhevnikovo,1673.312,231.5365,0.0,physical_screen,11465.979166666666,1541.6041666666667
pp_nav_00543,navigable,77,west_siberia_region,omsk,955.836,179.716,0.0,physical_screen,11019.791666666666,1545.0833333333333
pp_nav_00544,navigable,84,ural_region,calli,4075.409,848.024,0.0,physical_screen,9972.666666666666,1539.0
pp_nav_00545,navigable,81,west_siberia_region,verkhotomsk,906.685,96.617,0.0,physical_screen,11614.8125,1545.7708333333333
pp_nav_00546,improvable,76,canada_region,mistanipi,693.225,584.029,0.67760009765625,physical_screen,4549.958333333333,1546.4583333333333
pp_nav_00547,navigable,77,russian_region,melenki,1024.169,290.067,0.0033447265625,physical_screen,9595.083333333334,1552.75
pp_nav_00548,barrier,79,alaska_region,nisga_a,782.237,189.665,3.0309080439694003,physical_screen,1867.7083333333333,1554.75
pp_nav_00549,navigable,77,ural_region,laish,4093.029,855.532,0.0,physical_screen,9940.104166666666,1552.2708333333333
pp_nav_00550,navigable,40,canada_region,kuujjuarapik,581.192,367.0395,0.0,physical_screen,4161.166666666667,1549.3333333333333
pp_nav_00551,improvable,41,canada_region,wabuk,597.063,499.551,0.5851888656616211,physical_screen,3806.037037037037,1554.037037037037
pp_nav_00552,navigable,42,alaska_region,gitxsanimaax,767.213,142.491,0.16516170501708985,physical_screen,1795.4444444444443,1559.4444444444443
pp_nav_00553,navigable,81,ural_region,ufa,846.368,125.338,0.19778897093276906,physical_screen,10222.229166666666,1556.4791666666667
pp_nav_00554,navigable,86,west_siberia_region,novosyolovo,2662.232,248.587,0.0,physical_screen,11860.75,1558.25
pp_nav_00555,navigable,104,west_siberia_region,verkh_chebula,874.364,91.53,0.33188018798828123,physical_screen,11639.803278688525,1560.8688524590164
pp_nav_00556,improvable,86,canada_region,mistanipi,674.897,559.915,0.69180908203125,physical_screen,4520.865384615385,1565.1346153846155
pp_nav_00557,navigable,37,west_siberia_region,omsk,987.138,170.968,0.18109362537764181,physical_screen,11023.565217391304,1562.5217391304348
pp_nav_00558,improvable,87,baltic_region,jurbarkas,520.542,282.982,0.373052978515625,physical_screen,8734.520833333334,1560.4375
pp_nav_00559,navigable,82,russian_region,kolomna,569.45,147.387,0.2495596970603017,physical_screen,9474.1875,1566.6041666666667
pp_nav_00560,navigable,69,baltic_region,ragnit,562.0545,302.912,0.05938911437988281,physical_screen,8700.625,1561.975
pp_nav_00561,navigable,78,alaska_region,nisga_a,834.41,200.868,0.170635986328125,physical_screen,1846.5208333333333,1574.7708333333333
pp_nav_00562,navigable,79,russian_region,tetyushi,7626.293,2115.6675,0.0,physical_screen,9917.979166666666,1573.6041666666667
pp_nav_00563,navigable,86,ural_region,chishmy,838.896,120.392,0.0767120361328125,physical_screen,10238.145454545454,1574.6909090909091
pp_nav_00564,navigable,76,west_siberia_region,kortuz,2665.518,247.174,0.0,physical_screen,11832.291666666666,1576.75
pp_nav_00565,improvable,78,russian_region,kasimov,719.095,219.023,0.49930858109463483,physical_screen,9565.625,1572.5416666666667
pp_nav_00566,navigable,74,west_siberia_region,krivoshchekovo,1615.5585,210.90550000000002,0.0,physical_screen,11463.0,1581.7916666666667
pp_nav_00567,navigable,33,russian_region,azeevo,1012.62,279.414,0.12369803611011604,physical_screen,9594.5,1577.8
pp_nav_00568,navigable,62,west_siberia_region,salair,813.262,84.352,0.1815277099609375,physical_screen,11655.0,1581.972972972973
pp_nav_00569,navigable,81,russian_region,lyubichi,569.964,151.239,0.06763927230642211,physical_screen,9498.291666666666,1581.875
pp_nav_00570,navigable,80,west_siberia_region,omsk,967.372,130.3,0.0,physical_screen,11040.6875,1583.1875
pp_nav_00571,navigable,59,russian_region,kasimov,750.3520000000001,231.337,0.15720867299655047,physical_screen,9584.666666666666,1580.0555555555557
pp_nav_00572,navigable,54,canada_region,caniapiscau,510.716,449.2205,0.0,physical_screen,4508.375,1587.5625
pp_nav_00573,navigable,77,russian_region,koponovo,672.969,191.179,0.10440983113767735,physical_screen,9556.0,1599.0
pp_nav_00574,improvable,58,east_siberia_region,chumikan,614.243,100.702,0.44832382202148435,physical_screen,13831.888888888889,1595.388888888889
pp_nav_00575,improvable,73,alaska_region,nisga_a,963.692,229.959,0.4034873962402344,physical_screen,1833.4583333333333,1600.375
pp_nav_00576,navigable,78,russian_region,simbirsk,7640.833,2125.211,0.0,physical_screen,9901.770833333334,1603.1458333333333
pp_nav_00577,navigable,82,west_siberia_region,cherlak,966.45,127.749,0.04932708740234375,physical_screen,11070.604166666666,1600.8958333333333
pp_nav_00578,navigable,66,west_siberia_region,salair,752.65,76.94,0.289508056640625,physical_screen,11672.853658536585,1604.6097560975609
pp_nav_00579,navigable,76,west_siberia_region,krivoshchekovo,1613.919,208.954,0.0,physical_screen,11436.895833333334,1603.3958333333333
pp_nav_00580,navigable,77,west_siberia_region,kortuz,2673.098,245.213,0.0,physical_screen,11844.395833333334,1605.1041666666667
pp_nav_00581,navigable,83,russian_region,staraya_ryazan,588.594,160.868,0.002448037813915892,physical_screen,9519.4375,1603.8541666666667
pp_nav_00582,navigable,77,west_siberia_region,balagansk,2531.197,1151.4685,0.097357177734375,physical_screen,12384.645833333334,1612.1458333333333
pp_nav_00583,improvable,58,russian_region,staraya_ryazan,645.819,177.262,0.3614013671875,physical_screen,9538.828571428572,1609.6857142857143
pp_nav_00584,improvable,73,alaska_region,sm_algyax,1330.121,341.539,0.7524105072021484,physical_screen,1803.5333333333333,1614.5333333333333
pp_nav_00585,navigable,81,west_siberia_region,cherlak,966.25,119.9805,0.15948222225495884,physical_screen,11094.3125,1624.8125
pp_nav_00586,navigable,74,west_siberia_region,krivoshchekovo,1612.007,205.995,0.2712738037109375,physical_screen,11408.416666666666,1622.9166666666667
pp_nav_00587,navigable,72,baltic_region,tczew,1100.305,715.346,0.1584182325772278,physical_screen,8548.75,1632.125
pp_nav_00588,improvable,76,alaska_region,lheidlit_en,584.928,81.478,0.83770751953125,physical_screen,2116.3469387755104,1623.6326530612246
pp_nav_00589,navigable,73,russian_region,pokrovskoye,7647.447,2124.62,0.0,physical_screen,9907.5,1632.0
pp_nav_00590,navigable,77,west_siberia_region,idrinskoye,2665.055,240.065,0.09415346737766384,physical_screen,11855.5625,1636.5208333333333
pp_nav_00591,navigable,79,west_siberia_region,balagansk,2533.42,1160.437,0.0,physical_screen,12386.520833333334,1642.9791666666667
pp_nav_00592,improvable,78,alaska_region,lheidlit_en,1098.293,374.347,1.21641845703125,physical_screen,2103.7708333333335,1644.9791666666667
pp_nav_00593,navigable,85,west_siberia_region,suzun,1621.648,202.732,0.0,physical_screen,11398.5625,1646.6041666666667
pp_nav_00594,navigable,80,great_plains_region,saskatchewan,511.162,369.574,0.09690783480049711,physical_screen,3011.56,1638.86
pp_nav_00595,navigable,79,west_siberia_region,zhelezin,966.552,116.974,0.1505058146973967,physical_screen,11107.791666666666,1653.75
pp_nav_00596,navigable,76,great_plains_region,saskatchewan,581.361,433.165,0.10570588729573804,physical_screen,3044.860465116279,1644.4418604651162
pp_nav_00597,navigable,74,russian_region,stavropol_na_volge,7718.405000000001,2158.747,0.0,physical_screen,9920.869565217392,1661.6739130434783
pp_nav_00598,navigable,76,baltic_region,nowe,1073.268,699.677,0.19161784574260873,physical_screen,8545.041666666666,1662.5833333333333
pp_nav_00599,improvable,73,canada_region,chisasibi,1876.989,1161.033,0.5910398271349313,physical_screen,4111.615384615385,1654.3846153846155
pp_nav_00600,improvable,74,manchuria_region,djee,504.068,147.56,0.6243935374734412,physical_screen,13476.208333333334,1664.5833333333333
pp_nav_00601,navigable,84,west_siberia_region,barnaul,1625.035,199.203,0.0,physical_screen,11431.4375,1661.0625
pp_nav_00602,improvable,80,west_siberia_region,minusinsk,1524.646,150.299,0.5008544921875,physical_screen,11862.960784313726,1665.0588235294117
pp_nav_00603,navigable,91,west_siberia_region,osinsky,2528.4165000000003,1157.339,0.048745028717768424,physical_screen,12396.354166666666,1680.4791666666667
pp_nav_00604,navigable,82,alaska_region,nadleht_en,1112.594,380.624,0.0,physical_screen,2100.5208333333335,1677.8958333333333
pp_nav_00605,navigable,65,north_german_region,gryfow,551.621,347.454,0.006357094461523259,physical_screen,8352.125,1682.1875
pp_nav_00606,improvable,81,manchuria_region,emuer,1063.3105,310.251,1.3348598950809085,physical_screen,13301.5625,1670.3541666666667
pp_nav_00607,navigable,83,north_german_region,winsen,806.719,434.584,0.04516153335571289,physical_screen,8153.8125,1676.1458333333333
pp_nav_00608,navigable,79,west_siberia_region,zhelezin,967.308,112.236,0.17896881103515624,physical_screen,11125.770833333334,1679.1041666666667
pp_nav_00609,improvable,80,manchuria_region,emuer,1106.182,316.773,0.76647445443342,physical_screen,13333.770833333334,1676.3541666666667
pp_nav_00610,improvable,81,great_plains_region,petaigan,502.253,356.897,0.7107723149282816,physical_screen,2952.625,1679.9583333333333
pp_nav_00611,navigable,84,west_siberia_region,barnaul,1610.815,194.371,0.3574951171875,physical_screen,11475.0,1674.9583333333333
pp_nav_00612,improvable,82,mongolia_region,silkari,654.5095,257.288,0.46739190772438566,physical_screen,13192.25,1673.5
pp_nav_00613,navigable,45,mongolia_region,silkari,602.958,223.588,0.0,physical_screen,13213.266666666666,1676.1666666666667
pp_nav_00614,navigable,102,manchuria_region,emuer,1037.117,305.438,0.0,physical_screen,13261.842105263158,1675.0350877192982
pp_nav_00615,improvable,87,mongolia_region,silkari,562.3185,206.485,0.6796872858200991,physical_screen,13156.78,1676.44
pp_nav_00616,navigable,33,west_siberia_region,barnaul,1620.036,197.477,0.14596849629693492,physical_screen,11449.894736842105,1676.1052631578948
pp_nav_00617,navigable,78,west_siberia_region,barnaul,1465.183,175.203,0.06906472094728658,physical_screen,11502.979166666666,1684.7708333333333
pp_nav_00618,navigable,45,manchuria_region,emuer,978.594,296.497,0.0,physical_screen,13231.666666666666,1679.7407407407406
pp_nav_00619,navigable,75,baltic_region,chelmno,1058.196,687.1335,0.18515578640074515,physical_screen,8524.9375,1686.3958333333333
pp_nav_00620,improvable,75,west_siberia_region,shushenskoye,1465.247,145.103,0.633875851966616,physical_screen,11867.9375,1689.3541666666667
pp_nav_00621,navigable,83,manchuria_region,djee,572.114,161.624,0.0,physical_screen,13481.1875,1692.3125
pp_nav_00622,navigable,82,north_german_region,dannenberg,736.846,404.273,0.23737571576203725,physical_screen,8185.8125,1689.3958333333333
pp_nav_00623,navigable,91,mongolia_region,silkari,514.856,186.563,0.0,physical_screen,13124.35593220339,1696.3559322033898
pp_nav_00624,improvable,84,canada_region,kamassekuakamat,1553.129,1300.502,1.54732666015625,physical_screen,4818.479166666667,1692.0208333333333
pp_nav_00625,navigable,83,manchuria_region,pangu,1167.41,323.938,0.0,physical_screen,13362.625,1692.7083333333333
pp_nav_00626,navigable,83,canada_region,misha_shipu,1879.764,1409.916,0.15626198813722658,physical_screen,4930.229166666667,1689.1041666666667
pp_nav_00627,improvable,81,great_plains_region,kistapinan,501.574,356.362,0.987603759765625,physical_screen,2921.122448979592,1691.408163265306
pp_nav_00628,navigable,82,russian_region,khvorostyanka,7975.549,2252.4645,1.3883610108884392e-06,physical_screen,9908.145833333334,1696.5625
pp_nav_00629,improvable,83,alaska_region,nadleht_en,1176.375,406.182,1.506573486328125,physical_screen,2108.7708333333335,1705.6875
pp_nav_00630,barrier,86,manchuria_region,nurgan,10847.779,3569.593,2.9027504563331603,physical_screen,14065.867924528302,1694.6792452830189
pp_nav_00631,navigable,81,west_siberia_region,zhalauly,967.807,107.495,0.04939320118392372,physical_screen,11148.25,1701.7916666666667
pp_nav_00632,improvable,81,manchuria_region,pangu,1181.283,330.372,0.6486349081782062,physical_screen,13392.5,1696.625
pp_nav_00633,improvable,78,canada_region,nipissu,1751.843,1369.084,1.0534191131591797,physical_screen,4899.354166666667,1704.0625
pp_nav_00634,navigable,84,canada_region,winokapau,1597.7985,1318.06,0.0,physical_screen,4853.458333333333,1703.625
pp_nav_00635,navigable,77,north_german_region,chojna,540.031,340.637,0.22159719467163086,physical_screen,8338.354166666666,1710.4375
pp_nav_00636,navigable,46,north_german_region,luchow,698.403,376.808,0.18628885615744636,physical_screen,8208.724137931034,1701.4137931034484
pp_nav_00637,barrier,75,west_siberia_region,shushenskoye,1454.9185,142.34949999999998,4.188039257492802,physical_screen,11852.291666666666,1714.2916666666667
pp_nav_00638,navigable,81,baltic_region,inowroclaw,1023.419,663.771,0.0,physical_screen,8532.8125,1705.8958333333333
pp_nav_00639,navigable,45,west_siberia_region,kalmanka,1439.901,169.85500000000002,0.0,physical_screen,11499.107142857143,1706.0357142857142
pp_nav_00640,navigable,77,manchuria_region,yakesa,1191.712,332.421,0.327899169921875,physical_screen,13414.708333333334,1711.5833333333333
pp_nav_00641,improvable,81,west_siberia_region,cheremkhovo,2372.122,1010.207,0.39804123531777713,physical_screen,12408.041666666666,1715.4583333333333
pp_nav_00642,navigable,77,manchuria_region,gromatukha,580.4259999999999,167.022,0.11561279296875,physical_screen,13503.875,1716.8333333333333
pp_nav_00643,barrier,79,manchuria_region,nurgan,10313.375,3402.038,4.096584613032431,physical_screen,14062.104166666666,1719.3958333333333
pp_nav_00644,navigable,71,russian_region,khvorostyanka,8004.531,2270.6850000000004,0.0,physical_screen,9893.708333333334,1722.5833333333333
pp_nav_00645,improvable,48,canada_region,nipissu,1650.204,1332.161,1.0214981079101562,physical_screen,4877.0,1713.9285714285713
pp_nav_00646,navigable,81,west_siberia_region,imakia,968.611,100.147,0.08734283447265626,physical_screen,11173.75,1720.7083333333333
pp_nav_00647,improvable,81,baltic_region,wloclawek,982.829,629.497,0.36546173095703127,physical_screen,8558.833333333334,1726.4166666666667
pp_nav_00648,navigable,55,north_german_region,stendal,594.754,297.114,0.2088132557194157,physical_screen,8236.20588235294,1732.4117647058824
pp_nav_00649,navigable,92,west_siberia_region,kalmanka,1345.737,156.738,0.29232787737371263,physical_screen,11501.384615384615,1739.6153846153845
pp_nav_00650,navigable,80,manchuria_region,humar,1208.819,340.116,0.0,physical_screen,13429.229166666666,1730.3125
pp_nav_00651,navigable,38,north_german_region,freienwalde,535.494,338.944,0.21458812495581883,physical_screen,8348.04,1728.96
pp_nav_00652,navigable,87,west_coast_region,esk_el,1394.752,505.929,0.0,physical_screen,2116.6041666666665,1743.8958333333333
pp_nav_00653,barrier,81,west_siberia_region,shushenskoye,1382.979,138.92,2.97769775390625,physical_screen,11866.604166666666,1732.2708333333333
pp_nav_00654,improvable,83,manchuria_region,gromatukha,645.704,211.501,0.6581001905863751,physical_screen,13520.520833333334,1744.1041666666667
pp_nav_00655,navigable,77,west_siberia_region,tuzdysor,969.153,97.354,0.12415771484375,physical_screen,11187.375,1747.5833333333333
pp_nav_00656,navigable,83,baltic_region,gabin,960.312,612.538,0.08455465312626108,physical_screen,8589.66,1741.76
pp_nav_00657,navigable,77,west_siberia_region,shushenskoye,1333.305,138.583,0.0,physical_screen,11892.520833333334,1742.4791666666667
pp_nav_00658,navigable,73,manchuria_region,bulava,10286.516,3398.766,0.028246782407112977,physical_screen,14080.25,1745.8863636363637
pp_nav_00659,navigable,73,steppes_region,balakovo,8020.9169999999995,2290.2735000000002,0.0,physical_screen,9877.645833333334,1754.1458333333333
pp_nav_00660,navigable,77,manchuria_region,humar,1215.2165,346.04200000000003,0.0,physical_screen,13441.458333333334,1752.8125
pp_nav_00661,navigable,83,baltic_region,sochaczew,924.389,582.551,0.16584320068359376,physical_screen,8623.541666666666,1748.1666666666667
pp_nav_00662,navigable,83,west_siberia_region,smolenskoye,1155.421,134.204,0.1698870583766231,physical_screen,11529.958333333334,1750.0833333333333
pp_nav_00663,navigable,91,north_german_region,calbe,585.87,291.65,0.27171571513350373,physical_screen,8225.948275862069,1763.6379310344828
pp_nav_00664,navigable,82,baltic_region,warsaw,580.4645,368.60900000000004,0.23172008746965433,physical_screen,8650.916666666666,1764.5833333333333
pp_nav_00665,improvable,107,canada_region,caisaboscai,960.2,435.219,0.4102691650390625,physical_screen,4180.237288135593,1757.5084745762713
pp_nav_00666,navigable,68,mongolia_region,usun,1229.267,135.159,0.0,physical_screen,11887.583333333334,1769.0
pp_nav_00667,barrier,91,canada_region,pitchibourenik,969.064,447.356,2.3463815521386406,physical_screen,4139.923076923077,1760.423076923077
pp_nav_00668,navigable,85,canada_region,chistamikap,656.718,287.201,0.2429290771484375,physical_screen,4222.428571428572,1761.6530612244899
pp_nav_00669,improvable,103,manchuria_region,gromatukha,664.068,228.497,1.7655471801757812,physical_screen,13539.383333333333,1777.05
pp_nav_00670,navigable,70,manchuria_region,bulava,10234.139,3457.8135,0.0583905161491118,physical_screen,14074.145833333334,1769.9166666666667
pp_nav_00671,improvable,68,west_coast_region,stswecen_c,1450.804,530.476,0.6581622784394003,physical_screen,2119.842105263158,1779.1842105263158
pp_nav_00672,navigable,86,canada_region,nasacauso,522.851,201.566,0.0,physical_screen,4277.958333333333,1765.25
pp_nav_00673,navigable,81,west_siberia_region,karasor,969.736,95.819,0.11013336181640625,physical_screen,11202.6875,1776.8125
pp_nav_00674,improvable,91,manchuria_region,humar,1219.59,350.886,0.4266231128133113,physical_screen,13451.875,1780.3392857142858
pp_nav_00675,navigable,96,mongolia_region,selenge,938.341,208.024,0.179150390625,physical_screen,12574.357142857143,1769.5714285714287
pp_nav_00676,navigable,60,canada_region,chistamikap,580.713,241.467,0.1490478515625,physical_screen,4244.371428571429,1770.3714285714286
pp_nav_00677,navigable,72,steppes_region,balakovo,8036.871,2312.3965,0.0,physical_screen,9854.729166666666,1773.6041666666667
pp_nav_00678,navigable,112,north_german_region,dordrecht,2417.77,1403.916,0.036196136474609376,physical_screen,7914.571428571428,1779.7460317460318
pp_nav_00679,navigable,49,canada_region,pagashi,1154.133,931.912,0.0,physical_screen,3925.6071428571427,1780.9642857142858
pp_nav_00680,navigable,78,north_german_region,nijmegen,2359.34,1370.862,0.04548589332801618,physical_screen,7954.8125,1779.8125
pp_nav_00681,navigable,78,steppes_region,baronsk,8119.783,2367.682,0.0,physical_screen,9825.9375,1788.1458333333333
pp_nav_00682,navigable,77,ruthenia_region,liubech,552.354,397.814,0.08000449886061073,physical_screen,9084.791666666666,1794.2083333333333
pp_nav_00683,navigable,66,baltic_region,czersk,515.743,331.039,0.32372243891505353,physical_screen,8665.317073170732,1792.6829268292684
pp_nav_00684,navigable,76,manchuria_region,birma,611.48,234.314,0.3224184072413895,physical_screen,13564.291666666666,1790.25
pp_nav_00685,navigable,80,mongolia_region,khemchik,1099.419,123.6235,0.047021484375,physical_screen,11890.1875,1793.3125
pp_nav_00686,improvable,76,mongolia_region,selenge,855.361,190.861,1.8299713134765625,physical_screen,12581.354166666666,1796.6875
pp_nav_00687,navigable,75,manchuria_region,deren,10244.175,3488.009,0.03364830017089844,physical_screen,14064.020833333334,1795.5625
pp_nav_00688,navigable,85,west_siberia_region,karasor,970.815,96.597,0.12607421875,physical_screen,11221.3125,1804.5208333333333
pp_nav_00689,improvable,80,great_britain_region,abingdon,58.834,21.77,0.472412109375,lower_thames,7635.0,1797.0833333333333
pp_nav_00690,navigable,76,steppes_region,pokrovsk,8196.604,2455.819,0.03337698592299104,physical_screen,9797.583333333334,1798.9583333333333
pp_nav_00691,navigable,79,west_coast_region,st_at_imcets,1586.182,587.113,0.0,physical_screen,2122.0625,1811.2291666666667
pp_nav_00692,improvable,108,mongolia_region,den_terek,1054.241,114.767,0.9828081431245814,physical_screen,11968.269841269841,1802.984126984127
pp_nav_00693,improvable,80,canada_region,wabimeig,526.614,451.1915,0.8958971342735528,physical_screen,3805.0,1807.5833333333333
pp_nav_00694,navigable,79,manchuria_region,bir_amur,1325.947,368.053,0.3274759096109513,physical_screen,13463.5,1811.5
pp_nav_00695,navigable,81,manchuria_region,birma,1295.9125,478.51,0.0,physical_screen,13542.52,1808.54
pp_nav_00696,improvable,85,mongolia_region,den_terek,1068.099,120.771,0.5011474609375,physical_screen,11924.0625,1804.5208333333333
pp_nav_00697,improvable,61,great_britain_region,windsor,51.72,18.697,0.34384849399028417,thames_native_lower_channel,7656.645833333333,1808.3125
pp_nav_00698,navigable,83,manchuria_region,deren,10188.877,3525.88,0.0,physical_screen,14035.708333333334,1813.2916666666667
pp_nav_00699,improvable,83,canada_region,kapitukamach,580.809,375.42650000000003,0.7197054315395781,physical_screen,4249.041666666667,1809.75
pp_nav_00700,improvable,44,great_britain_region,london,51.72,18.697,0.34384849399028417,thames_native_lower_channel,7679.27027027027,1811.4054054054054
pp_nav_00701,navigable,85,mongolia_region,sulkhari,751.983,175.0865,0.135498046875,physical_screen,12557.44642857143,1823.9464285714287
pp_nav_00702,navigable,75,steppes_region,goly_karamysh,8208.085,2462.814,0.004294365701234555,physical_screen,9779.833333333334,1826.0416666666667
pp_nav_00703,improvable,85,canada_region,kaipeshimushich,779.047,506.901,1.1379696664267849,physical_screen,4121.6875,1817.3125
pp_nav_00704,navigable,92,ruthenia_region,chornobyl,556.253,408.915,0.08086700439453125,physical_screen,9078.947368421053,1825.719298245614
pp_nav_00705,improvable,47,canada_region,kapitukamach,547.854,360.693,0.45250091368735945,physical_screen,4271.615384615385,1815.7307692307693
pp_nav_00706,navigable,78,canada_region,nemasca,761.44,480.118,0.24269875644068206,physical_screen,4186.875,1817.5
pp_nav_00707,navigable,80,canada_region,nemasca,626.595,402.311,0.15573175047988927,physical_screen,4212.063829787234,1818.063829787234
pp_nav_00708,navigable,78,west_siberia_region,karasor,971.776,102.675,0.2484466552734375,physical_screen,11242.1875,1829.1458333333333
pp_nav_00709,navigable,82,manchuria_region,birma,1333.36,500.413,0.14406494073310672,physical_screen,13523.604166666666,1827.6458333333333
pp_nav_00710,improvable,73,canada_region,kaipeshimushich,774.528,495.654,1.9384710409062167,physical_screen,4157.35,1819.55
pp_nav_00711,navigable,73,manchuria_region,uschu,10173.755,3534.048,0.0,physical_screen,14005.458333333334,1828.9583333333333
pp_nav_00712,improvable,110,canada_region,wabimeig,573.081,490.193,1.0614729807105132,physical_screen,3833.3970588235293,1832.4558823529412
pp_nav_00713,improvable,52,canada_region,tchakashapug,1040.65,858.629,0.40040916453050657,physical_screen,3863.0344827586205,1825.0344827586207
pp_nav_00714,navigable,71,canada_region,kagawask,1209.736,956.123,0.15617096391875374,physical_screen,4013.2916666666665,1832.3125
pp_nav_00715,improvable,80,manchuria_region,kuanhe,1339.867,372.344,0.4903828514145264,physical_screen,13471.1875,1839.3125
pp_nav_00716,barrier,82,west_coast_region,scw_exmx,1627.564,594.748,2.4398060745365666,physical_screen,2135.94,1842.86
pp_nav_00717,barrier,82,canada_region,nottaway,1155.727,772.489,2.7731536865234374,physical_screen,4109.479166666667,1840.0208333333333
pp_nav_00718,navigable,84,ruthenia_region,kyiv,1157.224,809.32,0.0,physical_screen,9078.5,1857.7916666666667
pp_nav_00719,navigable,76,manchuria_region,birma,1453.518,572.205,0.19015631016153722,physical_screen,13509.354166666666,1854.8958333333333
pp_nav_00720,navigable,95,manchuria_region,uschu,10161.433,3545.496,0.0,physical_screen,13975.7,1853.2
pp_nav_00721,navigable,61,canada_region,kwetabohigan,725.812,578.427,0.2541188018950156,physical_screen,3990.7804878048782,1852.780487804878
pp_nav_00722,navigable,80,steppes_region,rovnoye,8213.1185,2471.9085,0.0,physical_screen,9780.1875,1855.8541666666667
pp_nav_00723,navigable,78,west_siberia_region,balyktykol,973.602,106.482,0.144281005859375,physical_screen,11260.729166666666,1854.7708333333333
pp_nav_00724,improvable,74,canada_region,nottaway,1112.007,708.757,1.881134033203125,physical_screen,4138.166666666667,1858.5
pp_nav_00725,improvable,78,north_german_region,bonn,2174.528,1282.352,0.4282798767089844,physical_screen,8016.583333333333,1865.5
pp_nav_00726,navigable,79,manchuria_region,aigun,1350.643,379.542,0.164215087890625,physical_screen,13485.854166666666,1869.6041666666667
pp_nav_00727,navigable,83,west_coast_region,scw_exmx,1740.7894999999999,621.8915,0.0,physical_screen,2143.56,1873.74
pp_nav_00728,navigable,80,west_coast_region,skitsetsen,727.917,227.967,0.0,physical_screen,2175.8125,1862.8125
pp_nav_00729,improvable,39,west_coast_region,skitsetsen,711.547,219.361,1.4086544149641789,physical_screen,2200.7391304347825,1863.2608695652175
pp_nav_00730,navigable,80,west_coast_region,snk_mip,996.454,83.07,0.0,physical_screen,2320.7291666666665,1878.7916666666667
pp_nav_00731,navigable,82,west_siberia_region,takhir,1025.119,114.408,0.03784332275390625,physical_screen,11290.520833333334,1868.3125
pp_nav_00732,navigable,76,steppes_region,kamyshin,8216.685,2480.9155,0.0,physical_screen,9774.479166666666,1883.0208333333333
pp_nav_00733,navigable,83,west_siberia_region,takhir,1025.528,114.05,0.0197174072265625,physical_screen,11321.729166666666,1877.0208333333333
pp_nav_00734,navigable,76,canada_region,soscumica,1081.9189999999999,675.787,0.05159554124150858,physical_screen,4151.875,1883.7916666666667
pp_nav_00735,improvable,102,north_german_region,coblenz,2163.832,1278.696,0.7699729919433593,physical_screen,8029.390625,1880.65625
pp_nav_00736,navigable,82,manchuria_region,tehcha,1468.143,584.7995000000001,0.32798311031666955,physical_screen,13501.5,1888.6666666666667
pp_nav_00737,navigable,81,west_coast_region,nlaka_pamux,832.833,271.883,0.0,physical_screen,2159.9166666666665,1889.1875
pp_nav_00738,navigable,81,canada_region,capotigamau,652.9590000000001,312.791,0.22864385901583517,physical_screen,4565.833333333333,1894.3333333333333
pp_nav_00739,navigable,79,ruthenia_region,kyiv,1519.008,1056.686,0.020001220703125,physical_screen,9087.8125,1894.6875
pp_nav_00740,navigable,84,west_siberia_region,takhir,1026.504,111.4345,0.04353179931640625,physical_screen,11354.791666666666,1885.9583333333333
pp_nav_00741,navigable,82,west_siberia_region,shar,1023.669,110.342,0.0,physical_screen,11390.9375,1888.8958333333333
pp_nav_00742,navigable,92,great_plains_region,maskwa,943.313,853.503,0.34820273865854795,physical_screen,3348.0877192982457,1892.4561403508771
pp_nav_00743,improvable,69,great_plains_region,maskwa,937.859,846.162,0.7760894217572486,physical_screen,3322.0,1900.0
pp_nav_00744,improvable,81,north_german_region,simmern,1755.286,1148.4585000000002,1.1730991684048473,physical_screen,8043.291666666667,1904.4583333333333
pp_nav_00745,navigable,86,west_siberia_region,shar,912.37,101.625,0.1358795166015625,physical_screen,11423.5625,1897.8333333333333
pp_nav_00746,navigable,73,steppes_region,kamyshin,8232.4925,2513.107,0.0,physical_screen,9758.791666666666,1911.2916666666667
pp_nav_00747,navigable,79,west_coast_region,swarakxen,1080.812,97.02,0.0,physical_screen,2318.0,1913.2083333333333
pp_nav_00748,improvable,77,manchuria_region,nioman,829.776,76.53,1.2745385509883034,physical_screen,13612.625,1911.25
pp_nav_00749,navigable,87,west_coast_region,nlaka_pamux,2670.3774999999996,938.794,0.0,physical_screen,2158.5416666666665,1919.9583333333333
pp_nav_00750,navigable,80,manchuria_region,tehcha,2872.1965,996.025,0.023223114013671876,physical_screen,13498.020833333334,1918.4791666666667
pp_nav_00751,improvable,78,north_german_region,mainz,1715.958,1137.371,0.4433624267578125,physical_screen,8064.938775510204,1911.469387755102
pp_nav_00752,navigable,33,west_siberia_region,shar,882.187,98.117,0.30867919921875,physical_screen,11443.285714285714,1909.7142857142858
pp_nav_00753,navigable,80,ruthenia_region,kaniv,1508.9245,1059.9105,0.0,physical_screen,9113.479166666666,1913.6458333333333
pp_nav_00754,navigable,73,canada_region,toulnustouc,668.551,315.12649999999996,0.3361962607718172,physical_screen,4568.4047619047615,1930.095238095238
pp_nav_00755,barrier,83,west_siberia_region,shar,819.155,91.871,3.631158447265625,physical_screen,11463.583333333334,1924.3333333333333
pp_nav_00756,navigable,75,manchuria_region,achan,9327.846,3233.406,0.017643859354224595,physical_screen,13919.229166666666,1931.8958333333333
pp_nav_00757,navigable,82,ruthenia_region,korsun,1515.596,1065.839,0.11626974893574844,physical_screen,9128.479166666666,1931.0416666666667
pp_nav_00758,navigable,79,manchuria_region,nioman,847.733,81.239,0.11674957275390624,physical_screen,13595.666666666666,1936.1666666666667
pp_nav_00759,navigable,82,west_coast_region,swarakxen,1118.959,102.876,0.0,physical_screen,2315.5208333333335,1947.0625
pp_nav_00760,navigable,70,steppes_region,bykovo,8235.428,2524.032,0.0,physical_screen,9744.270833333334,1944.7708333333333
pp_nav_00761,navigable,43,west_siberia_region,shar,802.2629999999999,90.066,0.0,physical_screen,11485.75,1936.25
pp_nav_00762,navigable,79,ruthenia_region,cherkasy,1553.017,1081.417,0.0,physical_screen,9147.083333333334,1943.7916666666667
pp_nav_00763,navigable,80,manchuria_region,xunhe,2890.739,986.689,0.11314920083922887,physical_screen,13518.9375,1939.9375
pp_nav_00764,navigable,83,west_coast_region,akinka_nup,525.02,87.695,0.0,physical_screen,2363.8367346938776,1941.9183673469388
pp_nav_00765,navigable,87,steppes_region,ust_medveditskaya,606.597,124.113,0.04525440759743454,physical_screen,9632.5,1942.5
pp_nav_00766,navigable,71,manchuria_region,zhanhe,2922.206,1002.1825,0.028399658203125,physical_screen,13548.666666666666,1941.7857142857142
pp_nav_00767,improvable,103,west_coast_region,sto_lo,2835.886,1011.374,0.7479922294616699,physical_screen,2149.467741935484,1957.1290322580646
pp_nav_00768,improvable,79,france_region,pont_audemer,542.807,190.22,1.4077098999879434,physical_screen,7723.541666666667,1948.0
pp_nav_00769,navigable,78,steppes_region,kremenskaya,607.889,126.759,0.070751953125,physical_screen,9670.166666666666,1949.625
pp_nav_00770,navigable,72,manchuria_region,achan,8864.611,3079.752,0.06657429915263667,physical_screen,13901.791666666666,1954.0625
pp_nav_00771,improvable,75,canada_region,tchitogama,564.4455,230.26049999999998,0.6149155949791637,physical_screen,4444.604166666667,1965.1041666666667
pp_nav_00772,improvable,49,canada_region,piletisipuk,858.109,365.79,0.3877593994140625,physical_screen,4576.035714285715,1957.892857142857
pp_nav_00773,navigable,76,manchuria_region,zhanhe,3018.888,1058.359,0.07587127685546875,physical_screen,13573.0,1952.0444444444445
pp_nav_00774,navigable,57,france_region,pont_audemer,531.66,186.488,0.0,physical_screen,7737.083333333333,1953.3055555555557
pp_nav_00775,navigable,33,steppes_region,kletskaya,606.871,126.231,0.26058807373046877,physical_screen,9651.75,1954.35
pp_nav_00776,navigable,84,manchuria_region,jiajin,3883.376,1161.438,0.17098007202148435,physical_screen,13595.979166666666,1963.2291666666667
pp_nav_00777,navigable,79,west_coast_region,ntiltxitk,1988.063,228.812,0.0,physical_screen,2332.3333333333335,1964.6666666666667
pp_nav_00778,navigable,78,ruthenia_region,cherkasy,1554.658,1086.912,0.0,physical_screen,9178.354166666666,1959.6458333333333
pp_nav_00779,navigable,79,steppes_region,kremenskaya,624.154,127.736,0.02518463134765625,physical_screen,9686.9375,1967.0625
pp_nav_00780,navigable,72,steppes_region,srednyaya_akhtuba,8237.887,2571.104,0.0,physical_screen,9730.458333333334,1978.9583333333333
pp_nav_00781,improvable,74,west_coast_region,nooksack,3331.852,1316.812,1.1647123336791991,physical_screen,2114.6363636363635,1967.8636363636363
pp_nav_00782,navigable,76,steppes_region,usivka,1615.983,1117.143,0.0579925537109375,physical_screen,9207.416666666666,1971.7083333333333
pp_nav_00783,navigable,40,steppes_region,usivka,1615.797,1116.7,0.0,physical_screen,9200.166666666666,1971.3333333333333
pp_nav_00784,navigable,76,manchuria_region,nemptu,8879.842,3014.384,0.0593547844002694,physical_screen,13885.8125,1981.3125
pp_nav_00785,improvable,83,west_coast_region,sletewsi,813.532,263.379,0.3670532681433666,physical_screen,2344.0,1987.0833333333333
pp_nav_00786,navigable,45,ruthenia_region,kremenchuk,1693.946,1169.227,0.15992105725236147,physical_screen,9229.964285714286,1980.5357142857142
pp_nav_00787,navigable,82,manchuria_region,jiajin,3977.0755,1217.729,0.10119857788085938,physical_screen,13620.479166666666,1984.4375
pp_nav_00788,navigable,72,south_german_region,baden,1231.972,944.995,0.31006150734978893,physical_screen,8056.145833333333,1991.6458333333333
pp_nav_00789,navigable,86,steppes_region,myshuryn_rih,1694.167,1169.4234999999999,0.056884765625,physical_screen,9235.73076923077,1987.7692307692307
pp_nav_00790,barrier,75,west_coast_region,enselxcin,2876.623,502.722,3.087053735703856,physical_screen,2320.6666666666665,1990.7083333333333
pp_nav_00791,navigable,77,steppes_region,mechet,628.179,130.51,0.0,physical_screen,9675.458333333334,1989.0833333333333
pp_nav_00792,navigable,75,manchuria_region,sutara,3998.125,1233.1435000000001,0.24842876445029305,physical_screen,13637.25,2001.4166666666667
pp_nav_00793,improvable,78,south_german_region,landau,665.891,426.237,0.7028076171875,physical_screen,8286.916666666666,1997.3125
pp_nav_00794,navigable,73,steppes_region,myshuryn_rih,1773.24,1200.969,0.0,physical_screen,9254.708333333334,1998.5833333333333
pp_nav_00795,navigable,77,manchuria_region,boli,8763.429,2936.52,0.06331739114996962,physical_screen,13855.208333333334,1996.1666666666667
pp_nav_00796,navigable,77,steppes_region,sarai_al_jadid,8216.442500000001,2571.729,0.21981172561645507,physical_screen,9720.083333333334,2005.625
pp_nav_00797,navigable,81,manchuria_region,boli,583.002,224.718,0.045665740966796875,physical_screen,13819.75,2002.2916666666667
pp_nav_00798,navigable,71,steppes_region,stepanevka,633.167,133.356,0.0,physical_screen,9662.666666666666,2015.1666666666667
pp_nav_00799,improvable,79,south_german_region,linz,1387.815,888.695,0.98170166015625,physical_screen,8311.770833333334,2007.0208333333333
pp_nav_00800,navigable,80,west_coast_region,enselxcin,2930.949,514.259,0.0,physical_screen,2308.5208333333335,2022.0625
pp_nav_00801,navigable,80,south_german_region,landau,693.69,452.134,0.28150259150764334,physical_screen,8302.4375,2009.7916666666667
pp_nav_00802,navigable,57,steppes_region,kodak,1774.048,1201.413,0.24339828491210938,physical_screen,9274.314285714287,2008.142857142857
pp_nav_00803,navigable,80,manchuria_region,boli,6491.189,2203.6655,0.0,physical_screen,13836.0625,2014.4166666666667
pp_nav_00804,improvable,77,south_german_region,strasbourg,1082.564,747.238,0.6337389920977146,physical_screen,8040.208333333333,2023.7083333333333
pp_nav_00805,improvable,94,west_coast_region,kalispel,776.262,252.0795,0.928369140625,physical_screen,2353.910714285714,2023.3035714285713
pp_nav_00806,navigable,73,steppes_region,kodak,1773.923,1201.347,0.1785887241909732,physical_screen,9274.31111111111,2011.4666666666667
pp_nav_00807,barrier,85,south_german_region,linz,1412.409,913.866,9.30154157463412,physical_screen,8325.72,2017.8
pp_nav_00808,navigable,61,manchuria_region,bidzhan,4024.544,1243.091,0.0,physical_screen,13643.25641025641,2025.7179487179487
pp_nav_00809,navigable,81,steppes_region,chyorny_yar,8202.071,2563.316,0.14347806587627954,physical_screen,9750.458333333334,2015.5833333333333
pp_nav_00810,navigable,87,steppes_region,kichkas,1687.342,1125.502,0.0,physical_screen,9289.5,2033.875
pp_nav_00811,navigable,79,steppes_region,chyorny_yar,8202.071,2569.45,0.08290010614246966,physical_screen,9781.541666666666,2026.875
pp_nav_00812,navigable,85,manchuria_region,lahasusu,6478.266,2203.074,0.0,physical_screen,13810.208333333334,2020.0416666666667
pp_nav_00813,improvable,79,south_german_region,wels,1435.492,924.763,0.5267578125,physical_screen,8342.68,2024.28
pp_nav_00814,improvable,51,south_german_region,braunau,612.369,219.644,0.6201019287109375,physical_screen,8288.9,2026.4
pp_nav_00815,navigable,79,manchuria_region,boli,1594.611,409.464,0.04247255465552652,physical_screen,13821.375,2036.25
pp_nav_00816,navigable,40,steppes_region,bolkhuny,8199.159,2569.45,0.19204303153527852,physical_screen,9796.28,2031.12
pp_nav_00817,navigable,85,manchuria_region,lahasusu,6425.418,2157.321,0.12376341408443665,physical_screen,13775.698113207547,2032.8490566037735
pp_nav_00818,navigable,80,west_coast_region,qlispe,709.691,237.152,0.0,physical_screen,2384.0416666666665,2030.625
pp_nav_00819,navigable,49,south_german_region,melk,1792.5140000000001,1091.441,0.0,physical_screen,8382.607142857143,2030.607142857143
pp_nav_00820,navigable,72,steppes_region,nagavskaya,656.251,139.608,0.0,physical_screen,9644.795918367347,2045.3469387755101
pp_nav_00821,improvable,85,west_coast_region,n_pooh_le,3174.4485000000004,697.3465,0.3627936749852904,physical_screen,2262.0384615384614,2039.8846153846155
pp_nav_00822,improvable,82,west_coast_region,qlispe,669.931,226.011,0.9994678776643555,physical_screen,2413.2708333333335,2044.2291666666667
pp_nav_00823,navigable,83,great_plains_region,adixoodagoorahareesh,768.601,240.158,0.0,physical_screen,2993.1875,2038.9791666666667
pp_nav_00824,improvable,95,carpathia_region,magyarovar,2088.739,1267.542,0.4444653281694373,physical_screen,8481.881355932202,2049.1186440677966
pp_nav_00825,navigable,63,great_plains_region,adixoodagoorahareesh,800.2125,245.878,0.27761269008059974,physical_screen,2967.184210526316,2042.1052631578948
pp_nav_00826,navigable,80,manchuria_region,lahasusu,6343.52,2119.3,0.04068450927734375,physical_screen,13742.270833333334,2044.4375
pp_nav_00827,improvable,78,west_coast_region,chelan,3268.113,747.4645,1.29788818359375,physical_screen,2235.8125,2044.5625
pp_nav_00828,navigable,80,great_plains_region,awatixa,771.4069999999999,241.49599999999998,0.0,physical_screen,3018.625,2051.125
pp_nav_00829,navigable,83,steppes_region,nikolskoye_pontic,8214.22,2645.586,0.0028218813334479785,physical_screen,9798.541666666666,2054.0416666666665
pp_nav_00830,navigable,32,west_coast_region,n_pooh_le,2927.445,509.232,0.0,physical_screen,2301.3,2044.6
pp_nav_00831,improvable,76,south_german_region,mulhouse,1071.001,731.881,0.7536170818174941,physical_screen,8034.3125,2058.1041666666665
pp_nav_00832,improvable,80,west_coast_region,n_pooh_le,3152.959,689.134,0.674877676120435,physical_screen,2287.6304347826085,2051.304347826087
pp_nav_00833,navigable,75,carpathia_region,hajduszoboszlo,550.794,204.67849999999999,0.21309166909160018,physical_screen,8642.229166666666,2062.3125
pp_nav_00834,navigable,78,steppes_region,kuchugur,1604.6970000000001,1075.144,0.0,physical_screen,9286.729166666666,2065.8958333333335
pp_nav_00835,navigable,74,manchuria_region,alchan,1205.7914999999998,344.3925,0.08568267822265625,physical_screen,13821.3125,2066.9791666666665
pp_nav_00836,improvable,95,carpathia_region,buda,2306.3815000000004,1385.8,0.8357089736519888,physical_screen,8553.948275862069,2056.7758620689656
pp_nav_00837,barrier,76,west_coast_region,wenatchi,3359.4700000000003,789.807,4.32355377645647,physical_screen,2217.8333333333335,2067.2708333333335
pp_nav_00838,improvable,82,west_coast_region,saleesh,621.325,213.622,1.0221605986565199,physical_screen,2437.8333333333335,2067.6666666666665
pp_nav_00839,navigable,78,steppes_region,dubovskoye,660.262,143.415,0.0,physical_screen,9628.354166666666,2060.4166666666665
pp_nav_00840,navigable,98,carpathia_region,tata,2300.865,1375.984,0.0,physical_screen,8522.207547169812,2061.2830188679245
pp_nav_00841,navigable,80,great_plains_region,awatixa,796.9975,249.619,0.0,physical_screen,3039.0833333333335,2070.0
pp_nav_00842,navigable,75,steppes_region,dubovskoye,667.981,148.56,0.0,physical_screen,9611.333333333334,2067.4583333333335
pp_nav_00843,improvable,75,carpathia_region,abrahamtelke,2311.998,1390.964,0.629007906576206,physical_screen,8555.854166666666,2081.1875
pp_nav_00844,navigable,75,manchuria_region,futi,2193.369,765.103,0.1211069844135314,physical_screen,13712.541666666666,2079.0416666666665
pp_nav_00845,navigable,78,steppes_region,yenotayevka,8189.51,2640.447,0.031507110595703124,physical_screen,9822.083333333334,2078.4166666666665
pp_nav_00846,improvable,99,south_german_region,aarau,1011.035,658.554,0.947137451171875,physical_screen,8054.688524590164,2072.72131147541
pp_nav_00847,navigable,61,steppes_region,kuchugur,1613.182,1078.856,0.0,physical_screen,9264.324324324325,2071.891891891892
pp_nav_00848,navigable,86,steppes_region,semikarakorsk,675.497,157.9075,0.0,physical_screen,9555.25,2073.75
pp_nav_00849,navigable,65,steppes_region,bol_shaya_martynovka,670.972,152.576,0.07147353919698975,physical_screen,9587.486486486487,2072.9189189189187
pp_nav_00850,navigable,68,steppes_region,mikhaylovka_pontic,8163.771,2641.496,0.09351664561142235,physical_screen,9834.487804878048,2082.512195121951
pp_nav_00851,navigable,83,great_plains_region,awatixa,803.7275,254.914,0.15478114708454918,physical_screen,3069.1875,2080.8125
pp_nav_00852,navigable,86,steppes_region,kuchugur,1614.9855,1079.262,0.0,physical_screen,9262.208333333334,2075.8333333333335
pp_nav_00853,navigable,79,carpathia_region,heves,559.2855,212.737,0.11438140869140626,physical_screen,8621.5625,2084.8125
pp_nav_00854,navigable,79,west_coast_region,wenatchi,3479.71,862.1765,0.0,physical_screen,2218.625,2090.0
pp_nav_00855,improvable,73,steppes_region,bagayevskaya,819.2175,183.6165,0.47383786890369334,physical_screen,9526.666666666666,2088.0
pp_nav_00856,navigable,73,steppes_region,velyka_lepetykha,1584.243,1056.719,0.0,physical_screen,9234.145833333334,2093.6458333333335
pp_nav_00857,barrier,99,west_coast_region,wenatchi,3491.064,861.239,5.6494662391807005,physical_screen,2226.593220338983,2096.0338983050847
pp_nav_00858,navigable,77,france_region,beaupreau,965.693,324.771,0.0,physical_screen,7648.938775510204,2083.5714285714284
pp_nav_00859,navigable,78,manchuria_region,alchan,1083.625,301.45,0.1940959930419922,physical_screen,13802.291666666666,2091.5416666666665
pp_nav_00860,navigable,83,canada_region,matawin,533.223,183.555,0.0230865478515625,physical_screen,4371.354166666667,2101.2708333333335
pp_nav_00861,navigable,81,france_region,saumur,772.725,268.036,0.6487448773679527,physical_screen,7678.645833333333,2088.3541666666665
pp_nav_00862,navigable,81,france_region,beaupreau,965.18,323.706,0.2717146873474121,physical_screen,7639.145833333333,2088.1458333333335
pp_nav_00863,navigable,76,great_plains_region,matootonha,819.972,259.009,0.11585284362619687,physical_screen,3089.375,2091.8958333333335
pp_nav_00864,navigable,79,steppes_region,yenotayevka,8147.132,2641.597,0.008249563019539817,physical_screen,9842.395833333334,2102.6041666666665
pp_nav_00865,navigable,56,france_region,machecoul,996.971,332.266,0.0,physical_screen,7611.21875,2095.78125
pp_nav_00866,navigable,87,manchuria_region,futi,2161.711,748.859,0.08472571474005118,physical_screen,13683.833333333334,2095.125
pp_nav_00867,improvable,81,steppes_region,azok,954.9685,285.6295,0.47383786890369334,physical_screen,9496.6875,2098.4375
pp_nav_00868,navigable,78,carpathia_region,szolnok,582.0375,227.00549999999998,0.16477508544921876,physical_screen,8608.541666666666,2108.0833333333335
pp_nav_00869,navigable,77,great_plains_region,matootonha,807.568,264.686,0.047920879607650596,physical_screen,3095.4375,2113.4791666666665
pp_nav_00870,navigable,78,great_plains_region,ruhptare,807.511,264.663,0.047920879607650596,physical_screen,3100.6875,2113.5625
pp_nav_00871,navigable,64,manchuria_region,futi,2141.986,725.729,0.19519500732421874,physical_screen,13649.341463414634,2100.829268292683
pp_nav_00872,navigable,82,carpathia_region,adony,2321.404,1392.516,0.1847299336960427,physical_screen,8552.0,2116.5
pp_nav_00873,navigable,77,canada_region,opimika,663.495,470.397,0.0,physical_screen,4080.0,2117.0416666666665
pp_nav_00874,barrier,35,west_coast_region,wanapum,3490.844,853.789,2.7289215087890626,physical_screen,2226.4285714285716,2114.5714285714284
pp_nav_00875,navigable,78,steppes_region,aslan_horod,1500.103,1003.696,0.0,physical_screen,9213.666666666666,2120.6666666666665
pp_nav_00876,navigable,79,steppes_region,zamyany,8120.848,2634.485,0.0,physical_screen,9863.083333333334,2123.5833333333335
pp_nav_00877,navigable,79,manchuria_region,taizhou_jurchen,569.8295,134.413,0.0747406005859375,physical_screen,13319.541666666666,2124.7083333333335
pp_nav_00878,barrier,100,canada_region,shawinigan,651.8165,225.3995,2.190116119384766,physical_screen,4378.416666666667,2136.8166666666666
pp_nav_00879,navigable,73,manchuria_region,alchan,830.3465000000001,229.091,0.03661041259765625,physical_screen,13788.625,2137.75
pp_nav_00880,improvable,81,canada_region,kippawa,690.4825000000001,484.113,0.9202990828271607,physical_screen,4098.541666666667,2136.9583333333335
pp_nav_00881,navigable,77,carpathia_region,szeged,698.761,292.345,0.01312255859375,physical_screen,8607.5625,2137.4375
pp_nav_00882,navigable,79,canada_region,wachilmezi,12148.425,9090.91,0.0,physical_screen,4432.5,2130.0625
pp_nav_00883,improvable,79,west_coast_region,wanapum,3518.976,881.21,0.5259429931640625,physical_screen,2237.5416666666665,2131.4583333333335
pp_nav_00884,improvable,78,canada_region,becaguimec,682.917,315.962,1.085435167430458,physical_screen,4609.104166666667,2139.9583333333335
pp_nav_00885,navigable,78,steppes_region,aslan_horod,1547.467,1019.302,0.21151142120361327,physical_screen,9181.791666666666,2131.7708333333335
pp_nav_00886,improvable,81,great_plains_region,ruhptare,842.833,280.019,0.375909423828125,physical_screen,3113.2708333333335,2143.3125
pp_nav_00887,barrier,80,west_coast_region,pa_lus_sa,1723.945,719.624,3.0976168110129954,physical_screen,2330.0833333333335,2133.75
pp_nav_00888,navigable,80,great_plains_region,matootonha,843.0685,280.183,0.0030731201171875,physical_screen,3108.3125,2143.1041666666665
pp_nav_00889,improvable,80,canada_region,mattawa,697.357,487.772,1.3133569779811218,physical_screen,4099.020833333333,2145.4791666666665
pp_nav_00890,improvable,81,west_coast_region,mamachatpam,3512.541,876.016,0.47258046122824027,physical_screen,2258.9583333333335,2149.1875
pp_nav_00891,navigable,82,carpathia_region,tolna,2322.9345,1341.627,0.12075135018747622,physical_screen,8549.75,2150.875
pp_nav_00892,improvable,77,west_coast_region,alpo_wa,1754.884,735.049,1.8432591821902307,physical_screen,2296.9583333333335,2140.5
pp_nav_00893,barrier,80,west_coast_region,hinsepu,1715.244,707.645,6.092625606561704,physical_screen,2355.6875,2148.1041666666665
pp_nav_00894,navigable,74,steppes_region,astrakhan,8103.126,2620.324,0.0790070001900149,physical_screen,9873.291666666666,2152.25
pp_nav_00895,navigable,84,manchuria_region,talaha,600.159,149.33,0.06562151364213956,physical_screen,13331.395833333334,2155.5208333333335
pp_nav_00896,navigable,42,east_coast_region,mackinac,3364.142,2506.804,0.2161712646484375,physical_screen,3853.76,2149.24
pp_nav_00897,navigable,80,canada_region,mattawa,739.832,490.01,0.0,physical_screen,4125.9375,2154.1458333333335
pp_nav_00898,navigable,77,west_coast_region,mamachatpam,1755.4445,743.865,0.16982421875,physical_screen,2275.6458333333335,2162.5
pp_nav_00899,navigable,67,manchuria_region,ilan_hala,1721.93,622.415,0.0,physical_screen,13579.0,2165.6458333333335
pp_nav_00900,navigable,107,manchuria_region,yiman,781.803,209.105,0.07761688232421875,physical_screen,13777.426470588236,2170.8823529411766
pp_nav_00901,navigable,35,carpathia_region,kikinda,889.126,366.5715,0.0,physical_screen,8606.791666666666,2162.2916666666665
pp_nav_00902,navigable,85,canada_region,petawawa,742.1065,491.0885,0.0,physical_screen,4131.729166666667,2159.3541666666665
pp_nav_00903,navigable,84,canada_region,meductic,764.875,355.7615,0.0,physical_screen,4619.0,2171.14
pp_nav_00904,barrier,74,canada_region,petawawa,816.839,524.454,3.99835205078125,physical_screen,4160.583333333333,2163.4166666666665
pp_nav_00905,improvable,77,west_coast_region,chinook,7514.721,3933.9300000000003,0.4693633556365967,physical_screen,2082.0416666666665,2166.125
pp_nav_00906,navigable,77,great_plains_region,marapa,867.1265,292.435,0.0,physical_screen,3113.2916666666665,2176.7916666666665
pp_nav_00907,navigable,92,great_plains_region,marapa,866.278,292.748,0.027764779550278406,physical_screen,3119.68,2178.7
pp_nav_00908,navigable,38,east_coast_region,mackinac,4476.72,3870.886,0.0,physical_screen,3863.782608695652,2168.217391304348
pp_nav_00909,navigable,85,canada_region,petawawa,826.271,525.36,0.15485835961032865,physical_screen,4165.320754716981,2173.0377358490564
pp_nav_00910,improvable,55,west_coast_region,hinsepu,1206.257,469.755,0.99222412109375,physical_screen,2366.5882352941176,2174.470588235294
pp_nav_00911,navigable,73,steppes_region,ikryanoye,8106.448,2615.641,0.08001377805345836,physical_screen,9859.416666666666,2181.4583333333335
pp_nav_00912,navigable,75,carpathia_region,mohacs,2269.96,1328.037,0.007917022705078125,physical_screen,8545.916666666666,2182.2083333333335
pp_nav_00913,navigable,39,canada_region,petawawa,880.753,549.653,0.07742917980516432,physical_screen,4178.041666666667,2179.4583333333335
pp_nav_00914,navigable,80,manchuria_region,shangjing,1566.735,579.006,0.00758514404296875,physical_screen,13476.833333333334,2177.4583333333335
pp_nav_00915,navigable,84,manchuria_region,shangjing,1588.991,587.8905,0.1462127685546875,physical_screen,13507.9375,2178.7291666666665
pp_nav_00916,navigable,99,west_coast_region,multnomah,5911.2485,2376.933,0.0,physical_screen,2102.706896551724,2194.310344827586
pp_nav_00917,navigable,42,canada_region,oromocto,929.992,399.376,0.05085214538079766,physical_screen,4666.04,2179.32
pp_nav_00918,navigable,81,west_coast_region,umatilla,5401.9515,1755.8220000000001,0.34476060499064615,physical_screen,2254.4375,2180.9791666666665
pp_nav_00919,navigable,77,manchuria_region,ilan_hala,1626.762,593.395,0.0203582763671875,physical_screen,13542.270833333334,2179.6875
pp_nav_00920,improvable,80,france_region,lyon,591.025,498.707,0.4737152099609375,physical_screen,7912.5,2189.375
pp_nav_00921,navigable,33,manchuria_region,ilan_hala,1707.409,621.67,0.051476862613309984,physical_screen,13563.666666666666,2182.5
pp_nav_00922,navigable,77,canada_region,kinozhesipi,924.372,566.702,0.0,physical_screen,4188.604166666667,2187.0625
pp_nav_00923,navigable,79,canada_region,otnabog,940.071,399.956,0.05085214538079766,physical_screen,4674.020833333333,2189.7291666666665
pp_nav_00924,navigable,81,manchuria_region,hulawen,1363.214,517.177,0.04826988972357402,physical_screen,13446.833333333334,2191.7916666666665
pp_nav_00925,navigable,82,west_coast_region,umatilla,5410.209,1771.585,0.0,physical_screen,2218.75,2191.0833333333335
pp_nav_00926,improvable,77,west_coast_region,wallowa,831.363,246.5365,1.9896484375,physical_screen,2381.625,2197.4583333333335
pp_nav_00927,navigable,78,west_coast_region,tayxlama,5442.204,1814.537,0.0,physical_screen,2186.0,2196.7291666666665
pp_nav_00928,navigable,75,great_plains_region,marapa,895.618,303.277,0.027764779550278406,physical_screen,3119.9583333333335,2206.5833333333335
pp_nav_00929,improvable,80,west_coast_region,watlala,5736.246,2148.3455000000004,1.153299612803476,physical_screen,2153.0208333333335,2195.7291666666665
pp_nav_00930,improvable,81,canada_region,kinozhesipi,1026.938,612.92,1.1665943985077731,physical_screen,4207.458333333333,2205.75
pp_nav_00931,navigable,83,manchuria_region,hulawen,1353.97,510.5285,0.0430633544921875,physical_screen,13414.981481481482,2205.185185185185
pp_nav_00932,navigable,84,balkan_region,osijek,2261.421,1326.246,0.1476818353373278,physical_screen,8549.0,2204.1666666666665
pp_nav_00933,navigable,80,canada_region,onontchataronon,1776.9715,923.5875,0.22646560668945312,physical_screen,4276.875,2201.25
pp_nav_00934,navigable,42,west_coast_region,watlala,5812.403,2233.868,0.0,physical_screen,2127.2,2203.04
pp_nav_00935,navigable,81,manchuria_region,huolin,660.9639999999999,240.368,0.00398406982421875,physical_screen,13356.166666666666,2209.5
pp_nav_00936,navigable,90,france_region,tournon,1124.5349999999999,695.187,0.25464019775390623,physical_screen,7908.642857142857,2220.3214285714284
pp_nav_00937,improvable,52,canada_region,menahkwesk,1106.601,446.022,0.550037682056427,physical_screen,4678.583333333333,2213.25
pp_nav_00938,navigable,77,carpathia_region,titel,901.116,393.105,0.007514039256825697,physical_screen,8610.291666666666,2219.2916666666665
pp_nav_00939,navigable,33,canada_region,kitchissippi,1593.1145,848.1855,0.3154205322265625,physical_screen,4250.9,2208.4
pp_nav_00940,navigable,84,manchuria_region,boduna,1257.215,482.462,0.13980240855785403,physical_screen,13382.854166666666,2211.7916666666665
pp_nav_00941,navigable,79,west_coast_region,atfalati,824.719,194.39,0.10066607691164937,physical_screen,2098.4897959183672,2219.8979591836733
pp_nav_00942,navigable,53,canada_region,kitchissippi,1153.651,661.641,0.11093471208382942,physical_screen,4233.575757575758,2212.242424242424
pp_nav_00943,navigable,56,balkan_region,tulcea,6745.098,4014.873,0.0025693931285960133,physical_screen,9030.297297297297,2209.7567567567567
pp_nav_00944,navigable,80,balkan_region,ilok,2789.513,1597.284,0.0,physical_screen,8562.25,2219.9166666666665
pp_nav_00945,navigable,77,balkan_region,isaccea,6535.353,3870.4440000000004,0.03782560040202513,physical_screen,8973.166666666666,2216.25
pp_nav_00946,navigable,89,balkan_region,tulcea,6745.334,4014.873,0.024812616657205827,physical_screen,9025.461538461539,2215.5
pp_nav_00947,improvable,73,west_coast_region,wallowa,821.0225,241.1145,3.303173828125,physical_screen,2374.125,2229.4166666666665
pp_nav_00948,navigable,77,manchuria_region,boduna,522.557,112.287,0.0867767333984375,physical_screen,13374.8125,2229.9375
pp_nav_00949,navigable,74,balkan_region,gradiski_brod,531.4385,211.35000000000002,0.05851593017578125,physical_screen,8471.9375,2226.1041666666665
pp_nav_00950,navigable,60,balkan_region,isaccea,6752.781,4005.983,0.013105502806520303,physical_screen,8997.555555555555,2223.0555555555557
pp_nav_00951,navigable,80,great_plains_region,cerwecerna,910.741,311.089,0.025325659058899688,physical_screen,3120.1458333333335,2238.1458333333335
pp_nav_00952,navigable,33,balkan_region,gradiski_brod,520.246,207.004,0.0,physical_screen,8465.25,2227.25
pp_nav_00953,navigable,76,balkan_region,petrovaradin,2789.771,1599.858,0.0,physical_screen,8592.886363636364,2226.7954545454545
pp_nav_00954,navigable,79,carpathia_region,viziru,6235.68,3720.507,0.0,physical_screen,8960.0625,2242.1875
pp_nav_00955,navigable,79,balkan_region,glaz,740.576,324.592,0.2516204833984375,physical_screen,8496.145833333334,2230.9791666666665
pp_nav_00956,navigable,67,west_coast_region,atfalati,709.5255,166.607,0.2879364013671875,physical_screen,2084.8636363636365,2243.909090909091
pp_nav_00957,navigable,85,italy_region,piacenza,1098.654,663.544,0.13060760498046875,physical_screen,8129.02,2233.46
pp_nav_00958,navigable,80,balkan_region,doboj,901.7475,419.5395,0.184490966796875,physical_screen,8523.291666666666,2234.4791666666665
pp_nav_00959,navigable,83,italy_region,parma,1399.278,821.058,0.2652434295046221,physical_screen,8154.583333333333,2239.0416666666665
pp_nav_00960,navigable,52,balkan_region,glaz,688.084,293.155,0.0,physical_screen,8491.838709677419,2233.3870967741937
pp_nav_00961,navigable,56,italy_region,guastalla,1612.19,1003.705,0.0,physical_screen,8178.757575757576,2239.090909090909
pp_nav_00962,navigable,76,balkan_region,petrovaradin,3708.879,2025.723,0.0,physical_screen,8616.9375,2246.3125
pp_nav_00963,navigable,86,italy_region,ficarolo,1735.928,1103.153,0.2327615333938401,physical_screen,8207.57142857143,2241.8571428571427
pp_nav_00964,navigable,82,balkan_region,teocak,1091.139,484.047,0.0,physical_screen,8550.770833333334,2245.5625
pp_nav_00965,navigable,75,east_coast_region,kaniatarahontsi,7849.9349999999995,7098.132,0.100482911570639,physical_screen,4272.0625,2245.5625
pp_nav_00966,navigable,84,italy_region,ferrara,1812.726,1204.02,0.038180413143678336,physical_screen,8240.520833333334,2241.7708333333335
pp_nav_00967,navigable,81,france_region,bordeaux,658.1569999999999,198.66,0.0458747707723544,physical_screen,7670.020833333333,2256.8541666666665
pp_nav_00968,navigable,77,balkan_region,sabac,1440.523,589.343,0.0,physical_screen,8582.270833333334,2247.3958333333335
pp_nav_00969,improvable,74,france_region,privas,1396.582,774.563,0.5856612473616176,physical_screen,7907.4375,2258.6875
pp_nav_00970,navigable,83,manchuria_region,boduna,529.488,115.619,0.0688049479940808,physical_screen,13402.020833333334,2247.1875
pp_nav_00971,navigable,73,west_coast_region,kamiahpu,748.665,219.89,0.0,physical_screen,2359.5416666666665,2261.0416666666665
pp_nav_00972,improvable,78,balkan_region,branicevo,5485.542,3320.926,0.40922738998000774,physical_screen,8667.895833333334,2253.2083333333335
pp_nav_00973,navigable,66,khorasan_region,kamyskala,591.723,186.757,0.11838554951183256,physical_screen,10679.846153846154,2257.025641025641
pp_nav_00974,navigable,67,balkan_region,smederevo,5232.766,3167.7495,0.46668777465820316,physical_screen,8634.325,2257.875
pp_nav_00975,navigable,78,great_plains_region,cerwecerna,966.941,326.631,0.0,physical_screen,3108.4375,2259.7708333333335
pp_nav_00976,navigable,51,balkan_region,branicevo,5470.532,3347.611,0.0738186012914592,physical_screen,8658.387096774193,2254.8709677419356
pp_nav_00977,navigable,87,east_coast_region,kaniatarahontsi,7749.091,7027.2365,0.0,physical_screen,4243.483333333334,2268.95
pp_nav_00978,navigable,79,great_plains_region,wapkawazioju,667.022,555.061,0.04956989729416322,physical_screen,3477.75,2266.75
pp_nav_00979,improvable,63,balkan_region,debrc,1453.1109999999999,594.8415,0.45388336181640626,physical_screen,8604.75,2259.9166666666665
pp_nav_00980,improvable,73,balkan_region,visesav,5504.062,3276.549,1.0896560668945312,physical_screen,8710.833333333334,2264.25
pp_nav_00981,navigable,77,carpathia_region,orasul_de_floci,6007.419,3567.52,0.0,physical_screen,8965.583333333334,2274.0
pp_nav_00982,barrier,66,balkan_region,kucevo,5490.33,3271.23,3.0440155029296876,physical_screen,8688.74358974359,2266.5128205128203
pp_nav_00983,improvable,68,france_region,bazas,602.873,174.225,0.8308041272041473,physical_screen,7694.85,2273.65
pp_nav_00984,navigable,82,balkan_region,visesav,5524.2285,3273.343,0.33147735595703126,physical_screen,8718.020833333334,2275.8958333333335
pp_nav_00985,navigable,85,great_plains_region,shichah,980.007,330.359,0.0,physical_screen,3123.0,2280.625
pp_nav_00986,navigable,80,great_plains_region,hahawakpa,957.874,802.187,0.32136226243409094,physical_screen,3504.875,2287.625
pp_nav_00987,navigable,76,west_coast_region,nyssa,705.074,209.246,0.3068013178249828,physical_screen,2360.0208333333335,2290.5625
pp_nav_00988,improvable,103,france_region,uzes,1504.15,799.961,0.5896137250695699,physical_screen,7906.984126984127,2297.8888888888887
pp_nav_00989,navigable,78,balkan_region,vidin,5548.402,3252.523,0.0,physical_screen,8730.9375,2297.2708333333335
pp_nav_00990,navigable,83,great_plains_region,shichah,987.105,336.461,0.059832281967385374,physical_screen,3148.5625,2294.1875
pp_nav_00991,navigable,82,balkan_region,drastar,5952.666,3509.932,0.0,physical_screen,8944.604166666666,2292.5208333333335
pp_nav_00992,improvable,57,balkan_region,drastar,5943.567,3516.863,0.3647104263305664,physical_screen,8918.527777777777,2293.8611111111113
pp_nav_00993,navigable,85,balkan_region,tutrakan,5943.542,3514.0335,0.2848371505737305,physical_screen,8914.458333333334,2297.875
pp_nav_00994,navigable,77,great_plains_region,kaya_paha,990.524,341.952,0.0,physical_screen,3163.2708333333335,2310.6458333333335
pp_nav_00995,navigable,77,balkan_region,ruse,5845.892,3468.874,0.20848388671875,physical_screen,8878.520833333334,2309.0208333333335
pp_nav_00996,navigable,84,balkan_region,lom,5532.0705,3231.904,0.0,physical_screen,8743.416666666666,2314.6666666666665
pp_nav_00997,improvable,82,great_plains_region,hahawakpa,1085.286,876.949,0.4975102961129328,physical_screen,3534.2083333333335,2325.5
pp_nav_00998,navigable,105,east_coast_region,enookwasaneenah,1089.709,878.774,0.19766845703125,physical_screen,3540.2258064516127,2331.1129032258063
pp_nav_00999,navigable,85,balkan_region,oryahovo,5550.763,3242.571,0.0070708106186239085,physical_screen,8779.708333333334,2320.7916666666665
pp_nav_01000,navigable,77,balkan_region,nikopol,5777.577,3415.6085,0.17962521682275576,physical_screen,8839.833333333334,2322.0
pp_nav_01001,navigable,79,balkan_region,gigen,5595.882,3291.396,0.17537498474121094,physical_screen,8813.5,2322.4583333333335
pp_nav_01002,navigable,35,balkan_region,cherven,5810.937,3432.46,0.2164298585763011,physical_screen,8860.521739130434,2322.521739130435
pp_nav_01003,navigable,59,balkan_region,nikopol,5778.659,3410.284,0.17962521682275576,physical_screen,8843.0,2326.0882352941176
pp_nav_01004,navigable,78,great_plains_region,kaya_paha,1016.913,351.993,0.009547065867824623,physical_screen,3171.7291666666665,2338.5625
pp_nav_01005,navigable,81,khorasan_region,artyk_ata,666.612,202.2905,0.1516815185546875,physical_screen,10771.1875,2344.6875
pp_nav_01006,navigable,77,great_plains_region,penaca,1125.354,889.631,0.0,physical_screen,3539.8958333333335,2359.7708333333335
pp_nav_01007,barrier,56,canada_region,niagara,8716.061,7879.969,2.3075566797068516,niagara;physical_screen,4095.3030303030305,2360.3636363636365
pp_nav_01008,barrier,57,canada_region,niagara,8716.061,7879.969,0.29295949910430397,niagara,4091.2727272727275,2362.0
pp_nav_01009,navigable,82,khorasan_region,qonirat,1589.147,332.658,0.12709094087519007,physical_screen,10384.395833333334,2367.1458333333335
pp_nav_01010,navigable,82,great_plains_region,kaya_paha,1028.734,359.471,0.06405029296875,physical_screen,3195.8333333333335,2361.6666666666665
pp_nav_01011,navigable,81,khorasan_region,zemukh,602.425,193.113,0.14864501953125,physical_screen,10787.270833333334,2369.9791666666665
pp_nav_01012,navigable,64,east_coast_region,osaakiiwaki,9174.909,8509.186,0.08911590576171874,physical_screen,3935.15,2376.95
pp_nav_01013,improvable,85,great_plains_region,aowa,950.348,339.833,0.44666748046875,physical_screen,3258.0208333333335,2377.3125
pp_nav_01014,navigable,88,great_plains_region,niobrara,1034.129,365.029,0.08236083984375,physical_screen,3225.811320754717,2378.4150943396226
pp_nav_01015,navigable,84,great_plains_region,wapsipinicon,1487.459,1126.759,0.0,physical_screen,3553.2916666666665,2390.2083333333335
pp_nav_01016,navigable,78,great_plains_region,aowa,1008.619,390.625,0.13199320156758398,physical_screen,3285.25,2391.7708333333335
pp_nav_01017,navigable,81,khorasan_region,xojeli,1591.588,332.546,0.07764969142267741,physical_screen,10396.291666666666,2397.6666666666665
pp_nav_01018,navigable,82,khorasan_region,zemukh,562.62,184.75099999999998,0.11724820288518219,physical_screen,10796.604166666666,2401.9791666666665
pp_nav_01019,navigable,81,great_plains_region,aowa,1088.1729999999998,431.8315,0.36458129882812496,physical_screen,3302.5,2414.6666666666665
pp_nav_01020,navigable,77,great_plains_region,wapsipinicon,1520.291,1139.263,0.1943939208984375,physical_screen,3575.0625,2415.1875
pp_nav_01021,navigable,40,east_coast_region,waawiiyaataanong,9262.770499999999,8548.562,0.105767822265625,physical_screen,3907.9166666666665,2413.4166666666665
pp_nav_01022,navigable,77,khorasan_region,nyzvar,1942.7185,399.28,0.13453832958933443,physical_screen,10421.5625,2415.3958333333335
pp_nav_01023,navigable,81,east_coast_region,ponkhockie,589.301,310.775,0.0,physical_screen,4324.5,2429.4583333333335
pp_nav_01024,navigable,78,khorasan_region,zhaushikumtobe,553.775,184.459,0.0293853759765625,physical_screen,10791.75,2435.3333333333335
pp_nav_01025,navigable,81,khorasan_region,kyat_kala,1951.2759999999998,400.477,0.17500762939453124,physical_screen,10443.75,2439.75
pp_nav_01026,navigable,43,great_plains_region,wapsipinicon,1578.959,1167.065,0.01900701529244301,physical_screen,3582.6666666666665,2439.6666666666665
pp_nav_01027,navigable,74,great_plains_region,omaha,1150.409,461.1365,0.1248016357421875,physical_screen,3313.125,2446.25
pp_nav_01028,navigable,80,east_coast_region,nehantuck,576.398,352.5085,0.0,physical_screen,4386.416666666667,2458.8333333333335
pp_nav_01029,navigable,81,east_coast_region,ahsenisiipi,1633.689,1193.9965,0.06439208984375,physical_screen,3565.8958333333335,2460.7708333333335
pp_nav_01030,navigable,81,east_coast_region,tappan,712.6769999999999,387.9445,0.17258969533759247,physical_screen,4322.125,2469.6666666666665
pp_nav_01031,navigable,76,khorasan_region,hazarasp,1969.157,393.916,0.19942626953125,physical_screen,10467.5625,2463.9375
pp_nav_01032,navigable,79,khorasan_region,zhaushikumtobe,546.6025,160.643,0.021570690656143605,physical_screen,10788.208333333334,2470.4583333333335
pp_nav_01033,navigable,73,great_plains_region,omaha,1182.259,472.398,0.144659423828125,physical_screen,3321.909090909091,2474.5454545454545
pp_nav_01034,barrier,51,west_coast_region,oohl,551.666,133.267,5.664698791503906,physical_screen,2050.3333333333335,2473.1666666666665
pp_nav_01035,navigable,44,great_plains_region,coiracoentanon,1877.563,1308.543,0.20064494871663058,physical_screen,3543.535714285714,2474.1785714285716
pp_nav_01036,improvable,63,iberia_region,flix,647.0985000000001,218.865,1.5955020904541015,physical_screen,7711.472222222223,2479.4166666666665
pp_nav_01037,navigable,79,great_plains_region,moingwena,2180.196,1436.377,0.04480743408203125,physical_screen,3544.7291666666665,2499.9375
pp_nav_01038,barrier,93,iberia_region,lamego,530.72,85.525,3.265345347037023,physical_screen,7315.615384615385,2487.269230769231
pp_nav_01039,navigable,76,khorasan_region,chach,589.425,152.715,0.0,physical_screen,10804.906976744185,2490.093023255814
pp_nav_01040,navigable,35,east_coast_region,hackensack,749.974,423.4,0.2615799436871506,physical_screen,4323.681818181818,2498.181818181818
pp_nav_01041,navigable,85,great_plains_region,nemaha,1494.036,594.304,0.251226806640625,physical_screen,3326.9166666666665,2509.1666666666665
pp_nav_01042,navigable,101,north_china_region,aerzhai,742.444,314.526,0.2053332858694622,physical_screen,12600.98275862069,2502.2758620689656
pp_nav_01043,navigable,82,north_china_region,aerzhai,742.625,318.0955,0.09818115234375,physical_screen,12629.104166666666,2510.3958333333335
pp_nav_01044,navigable,76,east_coast_region,juniata,863.352,361.872,0.32503509521484375,physical_screen,4188.551020408163,2515.7755102040815
pp_nav_01045,navigable,76,north_china_region,aerzhai,742.278,309.375,0.14647046618562318,physical_screen,12576.229166666666,2518.5208333333335
pp_nav_01046,improvable,79,east_coast_region,allegheny,1108.812,472.441,1.6644913423262833,physical_screen,4030.7916666666665,2517.875
pp_nav_01047,navigable,80,khorasan_region,darganata,1977.74,397.626,0.12669054177257694,physical_screen,10524.1875,2527.0625
pp_nav_01048,improvable,61,east_coast_region,allegheny,574.317,227.01,1.0042890768070791,physical_screen,4054.0,2522.3658536585367
pp_nav_01049,navigable,78,great_plains_region,wyaconda,2317.772,1528.042,0.0066986083984375,physical_screen,3528.3541666666665,2527.375
pp_nav_01050,navigable,80,north_china_region,hebin,747.324,327.706,0.04281005859375,physical_screen,12704.588235294117,2523.294117647059
pp_nav_01051,navigable,79,east_coast_region,captina,1177.773,497.296,0.1713165283203125,physical_screen,4016.9583333333335,2539.0833333333335
pp_nav_01052,navigable,84,north_china_region,hebin,743.4515,320.322,0.081329345703125,physical_screen,12660.270833333334,2523.5208333333335
pp_nav_01053,navigable,64,north_china_region,hebin,745.894,324.762,0.01622314453125,physical_screen,12687.975,2523.8
pp_nav_01054,navigable,82,great_plains_region,nemaha,1526.725,609.886,0.20587283584381066,physical_screen,3339.75,2540.4166666666665
pp_nav_01055,navigable,57,east_coast_region,connatachequa,1011.94,469.27,0.0,physical_screen,4186.621621621622,2532.972972972973
pp_nav_01056,navigable,80,north_china_region,hebin,751.869,329.54949999999997,0.101416015625,physical_screen,12728.791666666666,2535.2916666666665
pp_nav_01057,navigable,75,north_china_region,aerzhai,742.738,310.9755,0.1648193359375,physical_screen,12556.75,2545.25
pp_nav_01058,navigable,73,north_china_region,hebin,768.114,334.964,0.0,physical_screen,12754.395833333334,2545.5208333333335
pp_nav_01059,navigable,47,east_coast_region,peoria,532.2370000000001,265.475,0.01775009030995454,physical_screen,3580.0625,2545.5625
pp_nav_01060,navigable,81,great_plains_region,wyaconda,2611.097,1685.27,0.0,physical_screen,3526.7708333333335,2561.7291666666665
pp_nav_01061,improvable,82,khorasan_region,daya_kathyn,1979.5774999999999,399.1755,0.5718808541922179,physical_screen,10535.895833333334,2559.8541666666665
pp_nav_01062,navigable,100,east_coast_region,attaock,1140.2575000000002,561.928,0.0,physical_screen,4212.916666666667,2565.5833333333335
pp_nav_01063,navigable,83,great_plains_region,shuntaneshnanga,1563.18,635.3385000000001,0.1147308349609375,physical_screen,3360.875,2563.3333333333335
pp_nav_01064,navigable,77,east_coast_region,macoupin,772.273,383.727,0.0,physical_screen,3565.3541666666665,2570.2708333333335
pp_nav_01065,barrier,74,east_coast_region,muskingum,1240.1460000000002,516.357,3.13153076171875,physical_screen,4006.0625,2574.3958333333335
pp_nav_01066,navigable,78,north_china_region,ningbian,775.603,336.77,0.07772998528695413,physical_screen,12761.875,2576.9166666666665
pp_nav_01067,navigable,93,caucasus_region,salyan,700.867,203.549,0.21084118069222477,physical_screen,9921.711538461539,2579.9423076923076
pp_nav_01068,navigable,79,west_china_region,dingyuan_lingzhou,743.014,313.46,0.2500732421875,physical_screen,12550.395833333334,2579.2291666666665
pp_nav_01069,improvable,32,east_coast_region,wicontiss,1153.107,568.894,1.7177993774414062,physical_screen,4224.421052631579,2574.5789473684213
pp_nav_01070,navigable,76,great_plains_region,shuntaneshnanga,1609.527,658.401,0.1701629638671875,physical_screen,3364.125,2586.7916666666665
pp_nav_01071,navigable,81,khorasan_region,daya_kathyn,1998.4315000000001,409.587,0.30581314285953787,physical_screen,10555.604166666666,2587.1041666666665
pp_nav_01072,navigable,75,great_plains_region,oahaha,2737.732,1794.9285,0.03906967104516656,physical_screen,3545.7916666666665,2589.7083333333335
pp_nav_01073,navigable,83,east_coast_region,macoupin,835.979,420.447,0.0,physical_screen,3565.8541666666665,2607.5
pp_nav_01074,improvable,78,east_coast_region,onimgohow,1277.5410000000002,529.972,0.5395040841475875,physical_screen,3983.25,2595.1875
pp_nav_01075,navigable,75,north_china_region,hequ,779.687,337.01,0.0,physical_screen,12751.104166666666,2603.3125
pp_nav_01076,navigable,77,great_plains_region,nudarcha,2025.118,899.272,0.2193828586812193,physical_screen,3437.3333333333335,2599.8125
pp_nav_01077,navigable,71,great_plains_region,nudarcha,2264.287,1041.738,0.2882048627960302,physical_screen,3457.7441860465115,2605.186046511628
pp_nav_01078,navigable,77,west_china_region,dingyuan_lingzhou,753.358,323.994,0.14385859005700974,physical_screen,12551.729166666666,2615.8125
pp_nav_01079,navigable,81,khorasan_region,amol_turkmenabad,1978.785,412.4145,0.22422154175849685,physical_screen,10582.208333333334,2607.2916666666665
pp_nav_01080,navigable,77,great_plains_region,kansas,1674.245,689.346,0.0,physical_screen,3383.3125,2606.1875
pp_nav_01081,improvable,68,great_plains_region,tamaroa,2752.374,1811.947,0.8089168269094482,physical_screen,3561.641025641026,2615.8205128205127
pp_nav_01082,navigable,79,east_coast_region,ethapetha,1668.388,688.19,0.0,physical_screen,3965.0416666666665,2615.5833333333335
pp_nav_01083,navigable,63,great_plains_region,nudarcha,2001.348,888.059,0.2451446533203125,physical_screen,3409.810810810811,2606.2972972972975
pp_nav_01084,navigable,76,east_coast_region,cuttawba,3005.434,1281.632,0.34994236474195073,physical_screen,3843.2291666666665,2614.0625
pp_nav_01085,navigable,96,east_coast_region,oheyandewa,3259.382,1396.921,0.0,physical_screen,3823.45,2624.866666666667
pp_nav_01086,improvable,74,east_coast_region,ethapetha,1684.13,693.791,0.5370208740234375,physical_screen,3951.8541666666665,2625.4375
pp_nav_01087,navigable,80,khorasan_region,khoja_idat_kala,1808.4279999999999,383.535,0.16299578019673808,physical_screen,10604.375,2633.125
pp_nav_01088,navigable,76,north_china_region,baode,794.1469999999999,338.6485,0.18497314453125,physical_screen,12740.833333333334,2635.375
pp_nav_01089,navigable,84,great_plains_region,emasulia,2352.897,1122.34,0.20484071026925194,physical_screen,3478.0625,2626.8125
pp_nav_01090,navigable,74,great_plains_region,tamaroa,3591.221,2339.488,0.1544992186725966,physical_screen,3580.9583333333335,2626.0
pp_nav_01091,navigable,82,east_coast_region,cuttawba,2790.524,1190.095,0.0,physical_screen,3867.6458333333335,2633.3958333333335
pp_nav_01092,navigable,78,caucasus_region,keban,622.641,136.636,0.1112548828125,physical_screen,9443.5625,2637.0625
pp_nav_01093,navigable,79,great_plains_region,tamaroa,2972.559,1654.391,0.0541059512534423,physical_screen,3561.2291666666665,2637.6458333333335
pp_nav_01094,navigable,74,west_china_region,ningxia,755.97,328.48,0.0960693359375,physical_screen,12538.6875,2647.9791666666665
pp_nav_01095,navigable,81,east_coast_region,eskalapia,2470.01,1057.065,0.027911015800358548,physical_screen,3922.1875,2644.2916666666665
pp_nav_01096,improvable,42,east_coast_region,kanawha,507.976,261.476,1.2195299625662126,physical_screen,3958.6923076923076,2642.1153846153848
pp_nav_01097,navigable,74,great_plains_region,tamaroa,6487.118,4026.944,0.0,physical_screen,3578.9791666666665,2650.6875
pp_nav_01098,navigable,80,east_coast_region,oheyandewa,3516.875,1486.836,0.0,physical_screen,3799.2916666666665,2643.1666666666665
pp_nav_01099,navigable,70,east_coast_region,eskalapia,2722.408,1153.064,0.0,physical_screen,3896.7441860465115,2638.4651162790697
pp_nav_01100,improvable,63,great_plains_region,emasulia,2959.813,1642.952,0.7460838948889641,physical_screen,3534.3513513513512,2639.027027027027
pp_nav_01101,navigable,74,great_plains_region,emasulia,2809.288,1477.82,0.0,physical_screen,3503.2083333333335,2640.1666666666665
pp_nav_01102,improvable,55,east_coast_region,ethapetha,2253.316,980.208,0.4374786376953125,physical_screen,3943.0625,2645.8125
pp_nav_01103,navigable,81,khorasan_region,khoja_idat_kala,1762.451,392.746,0.20025504406840308,physical_screen,10625.166666666666,2660.3333333333335
pp_nav_01104,navigable,81,anatolia_region,malatya,669.62,148.468,0.0,physical_screen,9458.583333333334,2655.375
pp_nav_01105,navigable,77,north_china_region,hehe,813.903,342.3065,0.0,physical_screen,12725.75,2664.1666666666665
pp_nav_01106,navigable,77,east_coast_region,pawwikamsipi,901.9925000000001,406.363,0.117596435546875,physical_screen,3685.94,2667.68
pp_nav_01107,navigable,74,east_coast_region,gichthanne,3523.947,1496.758,0.0,physical_screen,3780.0208333333335,2668.8958333333335
pp_nav_01108,improvable,74,west_china_region,lingzhou,756.718,338.696,0.7485429588364898,physical_screen,12521.708333333334,2678.2083333333335
pp_nav_01109,improvable,77,anatolia_region,gerger,678.73,150.574,1.5432318801374083,physical_screen,9471.604166666666,2675.2916666666665
pp_nav_01110,navigable,78,great_plains_region,chepoussa,6560.357,4129.628,0.0,physical_screen,3590.5,2679.0
pp_nav_01111,navigable,87,east_coast_region,gichthanne,3654.358,1546.793,0.1659878692999184,physical_screen,3756.3529411764707,2676.4313725490197
pp_nav_01112,navigable,79,khorasan_region,kerki,1776.4535,391.5945,0.20619555851558258,physical_screen,10653.25,2680.25
pp_nav_01113,navigable,81,east_coast_region,tywhapita,3688.823,1558.101,0.0,physical_screen,3735.4166666666665,2684.4583333333335
pp_nav_01114,barrier,80,west_china_region,jiazhou,819.971,344.32399999999996,3.36163330078125,physical_screen,12730.083333333334,2696.3333333333335
pp_nav_01115,navigable,76,east_coast_region,mitchigamea,4053.7070000000003,1706.7424999999998,0.2457767278771737,physical_screen,3685.9166666666665,2688.2708333333335
pp_nav_01116,navigable,91,east_coast_region,aaboukingon,4033.424,1698.23,0.0,physical_screen,3707.285714285714,2686.3492063492063
pp_nav_01117,improvable,82,khorasan_region,ragh,631.8235,85.201,0.5594543457031249,physical_screen,10885.6875,2698.4791666666665
pp_nav_01118,navigable,42,great_plains_region,chepoussa,6698.544,4284.774,0.0,physical_screen,3610.1153846153848,2696.3076923076924
pp_nav_01119,navigable,79,crescent_region,urfa,696.3325,154.463,0.0,physical_screen,9452.3125,2701.8125
pp_nav_01120,improvable,81,west_china_region,mingsha,758.904,344.10749999999996,0.361767578125,physical_screen,12501.5625,2705.5625
pp_nav_01121,navigable,80,east_coast_region,mitchigamea,5063.809,2165.867,0.0,physical_screen,3673.4583333333335,2708.3333333333335
pp_nav_01122,barrier,81,crescent_region,cizre,574.082,147.3725,2.703915078538569,physical_screen,9599.6875,2710.2708333333335
pp_nav_01123,navigable,79,khorasan_region,kerki,2058.831,455.231,0.1634908116445613,physical_screen,10675.958333333334,2701.625
pp_nav_01124,navigable,76,khorasan_region,qubodijon,720.527,96.7595,0.15868196041817803,physical_screen,10805.25,2718.5416666666665
pp_nav_01125,barrier,73,khorasan_region,araska,684.1469999999999,136.09699999999998,2.2570412658989816,physical_screen,10861.916666666666,2709.7083333333335
pp_nav_01126,navigable,76,north_china_region,lijin,1486.7440000000001,587.8425,0.12405451127376901,physical_screen,13072.0625,2712.6041666666665
pp_nav_01127,navigable,81,great_plains_region,towosaghy,6773.647,4359.411,0.13253265462588004,physical_screen,3616.625,2722.2083333333335
pp_nav_01128,navigable,84,khorasan_region,khamyab,2069.878,449.879,0.1682131642922794,physical_screen,10703.125,2716.125
pp_nav_01129,improvable,80,west_china_region,yingli,757.661,345.669,1.0167236328125,physical_screen,12465.6875,2716.1875
pp_nav_01130,navigable,76,crescent_region,birecik,724.073,159.929,0.0,physical_screen,9421.25,2717.125
pp_nav_01131,navigable,73,north_china_region,shilou,832.203,349.456,0.0,physical_screen,12725.041666666666,2725.9166666666665
pp_nav_01132,navigable,81,east_coast_region,mitchigamea,5008.963,2145.636,0.33421401264142836,physical_screen,3662.56,2729.2
pp_nav_01133,navigable,85,khorasan_region,zadian,2070.442,433.4895,0.1612755020179872,physical_screen,10741.395833333334,2720.8541666666665
pp_nav_01134,navigable,32,crescent_region,barqaid,608.086,158.284,0.332855224609375,physical_screen,9615.263157894737,2725.7368421052633
pp_nav_01135,navigable,78,north_china_region,gaoyuan_jinan,1480.629,590.593,0.05961575078563951,physical_screen,13047.0,2726.8125
pp_nav_01136,navigable,101,khorasan_region,arkhan,1074.849,271.351,0.20891715159538166,physical_screen,10822.016949152543,2727.762711864407
pp_nav_01137,improvable,38,khorasan_region,kishim,1059.972,269.2115,2.6857333012946785,physical_screen,10847.576923076924,2729.923076923077
pp_nav_01138,navigable,93,khorasan_region,khulm,2059.56,439.207,0.2475128173828125,physical_screen,10773.67857142857,2731.5
pp_nav_01139,navigable,80,west_china_region,fuchuan_ningxia,758.378,345.887,0.0,physical_screen,12442.6875,2736.7291666666665
pp_nav_01140,navigable,105,east_coast_region,charquis,7819.844,3373.952,0.2265369995767179,physical_screen,3637.8805970149256,2732.9402985074626
pp_nav_01141,navigable,77,west_coast_region,kaibab,559.185,163.07,0.0,physical_screen,2624.1041666666665,2737.6041666666665
pp_nav_01142,navigable,77,east_coast_region,charquis,717.51,230.928,0.0,physical_screen,3672.88,2738.32
pp_nav_01143,navigable,81,crescent_region,manbij,730.649,161.9445,0.092486572265625,physical_screen,9419.375,2744.5833333333335
pp_nav_01144,improvable,80,crescent_region,duhok,748.939,180.7955,0.74517822265625,physical_screen,9627.416666666666,2747.5
pp_nav_01145,navigable,77,north_china_region,licheng,1477.652,593.132,0.09164972371278308,physical_screen,13023.1875,2746.9375
pp_nav_01146,navigable,89,east_coast_region,cuttaway,694.415,223.288,0.07849578857421875,physical_screen,3686.1372549019607,2757.627450980392
pp_nav_01147,navigable,77,east_coast_region,charquis,14730.306,8406.452,0.0,physical_screen,3629.0625,2755.5208333333335
pp_nav_01148,improvable,83,north_china_region,yonghe,875.424,376.20849999999996,1.49366455078125,physical_screen,12718.416666666666,2759.625
pp_nav_01149,navigable,94,west_coast_region,kaibab,529.013,158.682,0.0,physical_screen,2600.377049180328,2767.4918032786886
pp_nav_01150,navigable,83,east_coast_region,kaskinampo,2178.46,1031.137,0.0,physical_screen,3680.2083333333335,2766.4583333333335
pp_nav_01151,improvable,76,west_china_region,fuchuan_ningxia,759.258,341.7335,0.648291015625,physical_screen,12452.791666666666,2762.5833333333335
pp_nav_01152,navigable,71,north_china_region,changqing,1462.871,586.451,0.07690088986354215,physical_screen,13000.270833333334,2768.9791666666665
pp_nav_01153,navigable,81,crescent_region,balad,800.356,187.87,0.13280181884765627,physical_screen,9642.666666666666,2768.5416666666665
pp_nav_01154,navigable,76,crescent_region,manbij,731.9105,157.763,0.0,physical_screen,9428.916666666666,2774.25
pp_nav_01155,navigable,79,great_plains_region,towosaghy,14786.796,8388.856,0.16294345412610328,physical_screen,3614.7916666666665,2771.375
pp_nav_01156,navigable,101,east_coast_region,shawanoe,619.4825000000001,200.29649999999998,0.25703887939453124,physical_screen,3712.032258064516,2776.435483870968
pp_nav_01157,improvable,78,west_china_region,kangu,759.358,338.74,0.95616455078125,physical_screen,12431.770833333334,2785.3958333333335
pp_nav_01158,improvable,57,crescent_region,mosul,819.4315,189.513,0.5291595458984375,physical_screen,9658.70588235294,2789.676470588235
pp_nav_01159,improvable,85,north_china_region,jizhou,923.826,392.943,0.9215179443359375,physical_screen,12721.0,2798.875
pp_nav_01160,navigable,77,east_coast_region,daguwanalahi,519.592,162.219,0.0,physical_screen,3742.7708333333335,2786.1041666666665
pp_nav_01161,navigable,70,north_china_region,pingyin,1466.7024999999999,593.678,0.22346725463867187,physical_screen,12981.979166666666,2787.8958333333335
pp_nav_01162,navigable,75,great_plains_region,towosaghy,14818.288,8392.097,0.25810658102969525,physical_screen,3607.42,2794.58
pp_nav_01163,navigable,79,east_coast_region,kaskinampo,2162.068,1026.475,0.0,physical_screen,3684.0833333333335,2802.1666666666665
pp_nav_01164,navigable,80,crescent_region,maskanah,732.374,157.942,0.0,physical_screen,9432.958333333334,2802.4583333333335
pp_nav_01165,navigable,94,west_china_region,lanzhou,758.632,337.672,0.0,physical_screen,12403.542372881357,2794.7118644067796
pp_nav_01166,improvable,80,west_china_region,guide,558.6869999999999,252.875,0.920751953125,physical_screen,12317.625,2794.6666666666665
pp_nav_01167,navigable,70,west_coast_region,moapa,572.562,225.099,0.0,physical_screen,2466.7073170731705,2805.6341463414633
pp_nav_01168,navigable,87,west_china_region,guide,558.48,253.495,0.0,physical_screen,12282.923076923076,2797.653846153846
pp_nav_01169,improvable,85,west_china_region,jishi,559.398,252.345,0.4960077834782392,physical_screen,12345.9375,2807.3958333333335
pp_nav_01170,improvable,78,crescent_region,qayyarah,971.715,197.931,0.4096892335924193,physical_screen,9660.875,2819.125
pp_nav_01171,navigable,81,north_china_region,yuncheng,1446.057,587.459,0.18589650902284152,physical_screen,12960.145833333334,2810.4375
pp_nav_01172,navigable,80,east_coast_region,satapo,558.447,303.954,0.0894561767578125,physical_screen,3855.8979591836733,2810.5102040816328
pp_nav_01173,improvable,91,west_china_region,dingqiang,559.5889999999999,252.1875,2.162353515625,physical_screen,12383.0,2809.964285714286
pp_nav_01174,navigable,84,crescent_region,tabqah,736.8734999999999,161.4025,0.4394744873046875,physical_screen,9466.666666666666,2807.375
pp_nav_01175,navigable,53,great_plains_region,casqui,15077.601,8476.136,0.16770852429810465,physical_screen,3598.942857142857,2816.2571428571428
pp_nav_01176,barrier,72,west_china_region,guide,557.656,261.868,2.634487247457321,physical_screen,12256.5625,2818.9375
pp_nav_01177,navigable,70,east_coast_region,chestowee,1031.775,526.1825,0.0,physical_screen,3829.804347826087,2822.304347826087
pp_nav_01178,barrier,80,hindustan_region,bunji,953.6605,112.724,16.148127402556135,physical_screen,11092.634615384615,2817.326923076923
pp_nav_01179,navigable,82,crescent_region,tabqah,756.452,167.286,0.336322021484375,physical_screen,9498.479166666666,2817.0833333333335
pp_nav_01180,navigable,94,great_plains_region,tawehash,759.784,352.711,0.17235107421875,physical_screen,3359.3684210526317,2828.877192982456
pp_nav_01181,navigable,79,east_coast_region,cussate,2020.3435,977.673,0.0,physical_screen,3678.4791666666665,2833.4791666666665
pp_nav_01182,improvable,68,west_china_region,hancheng,932.289,392.862,0.6633533628925307,physical_screen,12720.166666666666,2835.5833333333335
pp_nav_01183,navigable,78,north_china_region,juancheng,1442.881,598.859,0.13845232151084114,physical_screen,12936.645833333334,2832.1458333333335
pp_nav_01184,navigable,58,great_plains_region,calpista,721.202,202.98,0.07739334106445313,physical_screen,3529.342857142857,2835.885714285714
pp_nav_01185,barrier,84,tibet_region,skardu,959.825,114.911,13.547509765625,physical_screen,11121.1875,2831.3125
pp_nav_01186,navigable,80,crescent_region,deir_ez_zor,756.115,167.476,0.0222320556640625,physical_screen,9518.6875,2839.8125
pp_nav_01187,navigable,82,hindustan_region,chilas,1146.607,139.666,0.0,physical_screen,11039.979166666666,2830.4791666666665
pp_nav_01188,barrier,75,hindustan_region,chilas,1104.786,128.529,6.263525390625,physical_screen,11074.418604651162,2833.9767441860463
pp_nav_01189,navigable,52,great_plains_region,pacaha,15244.689,8518.752,0.13590954779734027,physical_screen,3589.84375,2837.96875
pp_nav_01190,navigable,83,great_plains_region,tula_ark,1110.148,496.246,0.0,physical_screen,3414.3333333333335,2835.4583333333335
pp_nav_01191,navigable,75,great_plains_region,tula_ark,1014.174,457.54200000000003,0.18499908447265626,physical_screen,3386.9166666666665,2839.125
pp_nav_01192,barrier,83,tibet_region,sailahai,538.044,266.487,6.930306565531,physical_screen,12254.270833333334,2851.5208333333335
pp_nav_01193,navigable,81,great_plains_region,quipana,1156.078,512.074,0.30536041259765623,physical_screen,3443.3125,2843.4375
pp_nav_01194,navigable,58,east_coast_region,chatanugi,1288.831,673.436,0.0,physical_screen,3812.5945945945946,2848.5405405405404
pp_nav_01195,navigable,91,hindustan_region,jijial,1279.637,204.906,0.0,physical_screen,11015.666666666666,2854.2105263157896
pp_nav_01196,navigable,74,crescent_region,tikrit,1099.9,206.878,0.3077607230523368,physical_screen,9667.791666666666,2850.7916666666665
pp_nav_01197,navigable,84,aridoamerica_region,aha_macav,507.356,200.399,0.0907989501953125,physical_screen,2471.375,2857.4583333333335
pp_nav_01198,barrier,80,tibet_region,skardu,788.959,103.707,8.732135955848168,physical_screen,11147.229166666666,2849.8958333333335
pp_nav_01199,navigable,85,north_china_region,dongming,1433.805,613.811,0.19625396728515626,physical_screen,12916.653846153846,2857.9615384615386
pp_nav_01200,navigable,81,east_coast_region,cussate,1954.993,941.757,0.0,physical_screen,3676.2083333333335,2861.4583333333335
pp_nav_01201,improvable,79,great_plains_region,anoixi,1205.872,527.716,0.6028592603085035,physical_screen,3470.8333333333335,2857.0416666666665
pp_nav_01202,navigable,79,great_plains_region,quigate,840.0785,241.92399999999998,0.07370986938476562,physical_screen,3527.125,2869.2916666666665
pp_nav_01203,navigable,77,great_plains_region,pacaha,15358.938,8487.66,0.0,physical_screen,3579.25,2862.8333333333335
pp_nav_01204,navigable,78,crescent_region,rahba,797.0675,177.4955,0.1690252894399865,physical_screen,9538.625,2867.875
pp_nav_01205,navigable,66,north_china_region,hedong,1004.7484999999999,411.494,0.3029049140629384,physical_screen,12710.666666666666,2867.404761904762
pp_nav_01206,improvable,81,north_china_region,mianchi,1354.977,588.432,0.5647216796875,physical_screen,12784.384615384615,2859.576923076923
pp_nav_01207,navigable,75,east_coast_region,hytop,1415.3964999999998,756.2090000000001,0.3241912841796875,physical_screen,3790.3541666666665,2862.6458333333335
pp_nav_01208,navigable,81,north_china_region,xingyang,1443.5995,629.276,0.14383961445707694,physical_screen,12852.458333333334,2865.4166666666665
pp_nav_01209,navigable,84,north_china_region,zhongmu,1428.828,619.658,0.09687251233788231,physical_screen,12887.0,2865.5833333333335
pp_nav_01210,improvable,84,crescent_region,tikrit,1103.935,207.0655,0.35120086669921874,physical_screen,9678.229166666666,2882.2708333333335
pp_nav_01211,navigable,79,great_plains_region,utiangue,1247.261,545.7555,0.06592733848330784,physical_screen,3489.7291666666665,2879.8541666666665
pp_nav_01212,navigable,80,north_china_region,shanxian,1350.7199999999998,582.75,0.0,physical_screen,12754.895833333334,2873.1458333333335
pp_nav_01213,navigable,70,east_coast_region,hogehege,1860.189,914.527,0.158807373046875,physical_screen,3700.9268292682927,2873.8048780487807
pp_nav_01214,navigable,72,tibet_region,lungkya,522.567,261.853,0.0,physical_screen,12272.06976744186,2876.906976744186
pp_nav_01215,improvable,76,hindustan_region,baligram,1480.567,315.841,1.219219970703125,physical_screen,11005.4375,2886.9375
pp_nav_01216,navigable,73,east_coast_region,hytop,1477.8615,778.159,0.0,physical_screen,3770.0625,2887.3541666666665
pp_nav_01217,navigable,79,great_plains_region,quigate,15755.563,8617.655,0.13352279663085936,physical_screen,3564.3541666666665,2889.2708333333335
pp_nav_01218,navigable,81,east_coast_region,koasati,1655.662,848.437,0.0,physical_screen,3731.375,2883.125
pp_nav_01219,navigable,81,aridoamerica_region,aha_macav,509.076,204.499,0.20121917724609373,physical_screen,2482.875,2890.625
pp_nav_01220,navigable,66,north_china_region,wenxiang,1333.125,568.054,0.1514149019549901,physical_screen,12726.447368421053,2883.5789473684213
pp_nav_01221,navigable,61,crescent_region,abu_kemal,798.058,184.137,0.1686279296875,physical_screen,9556.18918918919,2891.4594594594596
pp_nav_01222,navigable,78,great_plains_region,tutilpinco,935.197,282.687,0.045108795166015625,physical_screen,3538.9375,2900.3958333333335
pp_nav_01223,improvable,36,east_coast_region,koasati,1550.077,809.814,0.876733655943588,physical_screen,3751.8695652173915,2891.1304347826085
pp_nav_01224,improvable,81,persia_region,jalalabad,739.6765,155.594,1.5515366940497177,physical_screen,10910.041666666666,2898.375
pp_nav_01225,navigable,53,crescent_region,anah,818.731,185.318,0.0,physical_screen,9602.41935483871,2896.5806451612902
pp_nav_01226,navigable,82,great_plains_region,ayays,1245.056,549.593,0.09679336547851562,physical_screen,3506.9166666666665,2906.25
pp_nav_01227,navigable,69,crescent_region,samarra,1105.927,207.043,0.3054835950350863,physical_screen,9692.268292682927,2912.731707317073
pp_nav_01228,improvable,80,hindustan_region,peshawar,763.566,163.606,2.153251150796823,physical_screen,10936.895833333334,2906.8958333333335
pp_nav_01229,navigable,94,great_plains_region,anilco,15770.394,8622.608,0.1528801321388079,physical_screen,3548.1186440677966,2918.135593220339
pp_nav_01230,improvable,73,hindustan_region,attock,1723.138,429.324,0.846820068359375,physical_screen,10996.291666666666,2916.2083333333335
pp_nav_01231,navigable,76,crescent_region,haditha,823.636,184.382,0.311932373046875,physical_screen,9623.520833333334,2918.8125
pp_nav_01232,navigable,79,aridoamerica_region,halchidoma,518.385,226.811,0.311639404296875,physical_screen,2480.9166666666665,2918.3333333333335
pp_nav_01233,navigable,73,hindustan_region,peshawar,1187.164,324.691,0.085626220703125,physical_screen,10965.931818181818,2918.3863636363635
pp_nav_01234,navigable,80,great_plains_region,anilco,1312.026,586.272,0.03624801635742188,physical_screen,3534.0625,2922.6666666666665
pp_nav_01235,navigable,78,crescent_region,ukbara,1149.2195,200.872,0.14702922293164364,physical_screen,9710.9375,2934.1875
pp_nav_01236,improvable,78,hindustan_region,pindi_gheb,3011.648,730.4545,0.403997802734375,physical_screen,10972.229166666666,2937.5208333333335
pp_nav_01237,navigable,79,crescent_region,hit,832.681,182.519,0.20872879028320312,physical_screen,9639.895833333334,2939.4791666666665
pp_nav_01238,navigable,75,great_plains_region,guachoyo,18092.195,9511.775,0.0,physical_screen,3538.875,2948.2083333333335
pp_nav_01239,navigable,79,aridoamerica_region,kwatsaan,517.207,219.376,0.18374176025390626,physical_screen,2470.8958333333335,2953.8958333333335
pp_nav_01240,navigable,81,east_coast_region,santee,556.025,250.042,0.0,physical_screen,4029.6875,2947.8958333333335
pp_nav_01241,navigable,82,great_plains_region,naguatex,590.298,213.041,0.17015355708497196,physical_screen,3420.1458333333335,2960.7083333333335
pp_nav_01242,navigable,33,east_coast_region,winyah,545.687,301.338,0.2759564573107287,physical_screen,4085.0,2952.5
pp_nav_01243,navigable,80,east_coast_region,tiou,524.76,168.716,0.08640975952148437,physical_screen,3575.2291666666665,2964.4791666666665
pp_nav_01244,navigable,95,east_coast_region,wando,567.033,258.658,0.0031183242797851564,physical_screen,4062.910714285714,2961.589285714286
pp_nav_01245,navigable,43,crescent_region,baghdad,1147.2565,193.667,0.133355712890625,physical_screen,9710.884615384615,2959.6153846153848
pp_nav_01246,navigable,79,hindustan_region,pindi_gheb,3025.7315,727.447,0.0,physical_screen,10956.770833333334,2966.2708333333335
pp_nav_01247,navigable,83,crescent_region,karbala,863.606,180.184,0.15197732674824516,physical_screen,9688.5625,2967.9375
pp_nav_01248,navigable,80,great_plains_region,guachoyo,18104.707,9516.161,0.0,physical_screen,3540.5,2979.4166666666665
pp_nav_01249,navigable,37,east_china_region,linhuai,1163.871,524.618,0.05828733982076982,physical_screen,13063.5,2967.090909090909
pp_nav_01250,navigable,80,hindustan_region,udamphur,684.456,114.132,0.0,physical_screen,11111.1875,2969.5208333333335
pp_nav_01251,navigable,80,crescent_region,an_nil,1405.3,204.4205,0.08110150966614894,physical_screen,9726.104166666666,2979.8958333333335
pp_nav_01252,navigable,76,hindustan_region,gujrat,548.751,147.162,0.26878662109375,physical_screen,11044.520833333334,2982.8958333333335
pp_nav_01253,navigable,41,hindustan_region,kishtwar,593.888,83.943,0.0,physical_screen,11134.739130434782,2971.6521739130435
pp_nav_01254,navigable,82,east_china_region,zhongli,1083.996,493.778,0.07033445770474199,physical_screen,13055.083333333334,2977.4583333333335
pp_nav_01255,improvable,41,aridoamerica_region,kwatsaan,516.137,218.9145,0.380877685546875,physical_screen,2471.875,2978.625
pp_nav_01256,improvable,76,hindustan_region,jammu,829.206,140.012,1.557464599609375,physical_screen,11089.333333333334,2988.2083333333335
pp_nav_01257,navigable,85,great_plains_region,doustioni,746.223,259.071,0.23557431991182198,physical_screen,3420.0833333333335,2997.1875
pp_nav_01258,navigable,79,east_coast_region,koroa,600.807,186.641,0.11445083618164062,physical_screen,3567.1666666666665,2993.2083333333335
pp_nav_01259,navigable,81,crescent_region,karbala,829.3050000000001,166.6695,0.114569091796875,physical_screen,9703.875,2996.3333333333335
pp_nav_01260,navigable,63,hindustan_region,dinkot,3044.026,729.208,0.2858493170313214,physical_screen,10943.102564102564,2993.102564102564
pp_nav_01261,navigable,34,east_china_region,zhongli,1063.578,487.049,0.17060415182138822,physical_screen,13033.15,2982.65
pp_nav_01262,barrier,79,west_china_region,xunyang,718.057,108.592,5.478878489181928,physical_screen,12683.791666666666,2987.5833333333335
pp_nav_01263,navigable,78,east_china_region,xiacai,971.5899999999999,446.447,0.009914398193359375,physical_screen,13015.875,2996.0833333333335
pp_nav_01264,navigable,101,crescent_region,an_nil,1424.916,192.051,0.0798128217977452,physical_screen,9755.016666666666,3000.2166666666667
pp_nav_01265,navigable,77,east_china_region,huanglong,790.508,125.589,0.0,physical_screen,12718.0,2991.0
pp_nav_01266,improvable,79,east_china_region,wudang,890.163,147.24349999999998,0.3730438232421875,physical_screen,12746.645833333334,2997.1875
pp_nav_01267,navigable,100,east_coast_region,consha,511.263,144.927,0.06607668598485597,physical_screen,3683.1111111111113,3002.714285714286
pp_nav_01268,barrier,82,west_china_region,goupingguan,587.358,90.988,4.0208740234375,physical_screen,12652.7,2999.88
pp_nav_01269,navigable,79,great_plains_region,tunica,18121.242,9563.946,0.0,physical_screen,3543.3541666666665,3008.2291666666665
pp_nav_01270,navigable,81,great_plains_region,ouachita,624.221,157.914,0.14101174271473968,physical_screen,3495.3125,3015.4375
pp_nav_01271,navigable,80,hindustan_region,busal,551.024,138.92,0.2567413330078125,physical_screen,11023.125,3004.7083333333335
pp_nav_01272,navigable,36,east_china_region,shouchun,952.311,421.825,0.037314546884975285,physical_screen,13001.136363636364,3004.909090909091
pp_nav_01273,navigable,80,crescent_region,wasit,1418.756,186.473,0.03219646477228738,physical_screen,9787.6875,3005.8333333333335
pp_nav_01274,navigable,78,hindustan_region,eminabad,921.041,165.045,0.2213514285044109,physical_screen,11063.708333333334,3010.2083333333335
pp_nav_01275,improvable,57,east_china_region,guanghua,1004.8109999999999,187.58350000000002,0.7824911896409568,physical_screen,12770.027777777777,3013.472222222222
pp_nav_01276,navigable,80,crescent_region,wasit,1529.743,179.495,0.06864583059534735,physical_screen,9814.458333333334,3018.7083333333335
pp_nav_01277,navigable,42,east_china_region,huoqiu,533.478,223.257,0.02033410972970409,physical_screen,12987.518518518518,3011.5185185185187
pp_nav_01278,navigable,78,east_coast_region,piachi,723.249,210.88350000000003,0.0,physical_screen,3747.5625,3016.2708333333335
pp_nav_01279,navigable,75,hindustan_region,bhera,547.469,133.7575,0.1708587646484375,physical_screen,10991.541666666666,3020.0416666666665
pp_nav_01280,navigable,74,hindustan_region,bhakkar,3043.3745,725.7245,0.2296602446129314,physical_screen,10933.541666666666,3027.3333333333335
pp_nav_01281,navigable,79,crescent_region,kufa,703.357,158.547,0.06953440228386865,physical_screen,9710.5625,3031.6875
pp_nav_01282,navigable,78,east_coast_region,consha,934.635,268.844,0.03213043212890625,physical_screen,3680.4791666666665,3031.0208333333335
pp_nav_01283,navigable,75,east_coast_region,mabila,863.5275,242.466,0.0,physical_screen,3722.7916666666665,3024.75
pp_nav_01284,navigable,34,great_plains_region,doustioni,863.143,291.421,0.23557431991182198,physical_screen,3429.4761904761904,3021.5238095238096
pp_nav_01285,navigable,74,hindustan_region,busal,930.941,143.671,0.125341796875,physical_screen,11033.6875,3028.1875
pp_nav_01286,improvable,85,west_china_region,zhaohua,705.202,97.028,1.0020777318734932,physical_screen,12505.4375,3037.9375
pp_nav_01287,navigable,72,great_plains_region,tensas,18977.285,9877.997,0.22358837234026388,physical_screen,3543.1875,3033.8541666666665
pp_nav_01288,navigable,73,east_china_region,xiangyang,1066.243,208.546,0.24658487482041735,physical_screen,12785.295454545454,3034.2727272727275
pp_nav_01289,navigable,77,great_plains_region,ya_ttaish,962.2465,318.02,0.2827466488910901,physical_screen,3442.7708333333335,3041.8958333333335
pp_nav_01290,navigable,81,east_coast_region,tohome,933.107,261.888,0.0,physical_screen,3709.3333333333335,3039.625
pp_nav_01291,navigable,79,great_plains_region,catahoula,638.175,162.569,0.08794784545898438,physical_screen,3506.0416666666665,3048.4166666666665
pp_nav_01292,navigable,82,crescent_region,wasit,1500.329,169.8055,0.038038820729463636,physical_screen,9830.3125,3046.3958333333335
pp_nav_01293,navigable,39,east_china_region,jiangyin,31016.404,12944.715,0.09214317798614502,physical_screen,13155.954545454546,3040.5454545454545
pp_nav_01294,navigable,75,hindustan_region,bhakkar,3021.645,711.308,0.22350071830551604,physical_screen,10917.979166666666,3058.1041666666665
pp_nav_01295,navigable,77,hindustan_region,chiniot,930.287,139.05349999999999,0.25157623291015624,physical_screen,11010.791666666666,3053.2916666666665
pp_nav_01296,navigable,78,east_china_region,yicheng,1280.636,299.441,0.07675230534051602,physical_screen,12802.4375,3055.1875
pp_nav_01297,navigable,77,east_china_region,dangtu,28968.102,11941.718,0.08196613788604737,physical_screen,13082.98,3057.64
pp_nav_01298,navigable,78,great_plains_region,catahoula,19243.977,10027.43,0.28973937429103325,physical_screen,3527.2083333333335,3062.125
pp_nav_01299,navigable,83,east_coast_region,escatawppa,1002.982,296.319,0.13773727416992188,physical_screen,3681.1875,3063.3125
pp_nav_01300,navigable,79,crescent_region,qadisiyyah,835.108,162.016,0.12009959009144207,physical_screen,9722.833333333334,3063.625
pp_nav_01301,navigable,78,east_coast_region,tombigbee,966.406,270.161,0.07694091796875,physical_screen,3703.4375,3062.8125
pp_nav_01302,barrier,80,tibet_region,nako,648.436,99.996,9.639379882812499,physical_screen,11258.708333333334,3062.0833333333335
pp_nav_01303,navigable,80,west_china_region,langzhong,844.848,129.444,0.3785238106909856,physical_screen,12517.25,3068.875
pp_nav_01304,navigable,81,great_plains_region,calcasieu,1032.0725,335.9715,0.022495841659790707,physical_screen,3465.2916666666665,3067.2083333333335
pp_nav_01305,navigable,81,crescent_region,abdas,1524.66,172.514,0.025674210760176275,physical_screen,9846.1875,3074.8125
pp_nav_01306,navigable,70,hindustan_region,sillanwali,928.279,135.205,0.2317591560477314,physical_screen,10984.104166666666,3074.6041666666665
pp_nav_01307,navigable,54,hindustan_region,sillanwali,546.071,130.549,0.23584414112420085,physical_screen,10973.290322580646,3076.3870967741937
pp_nav_01308,barrier,78,hindustan_region,sarahan,692.0060000000001,119.33850000000001,12.7189697265625,physical_screen,11228.083333333334,3070.9166666666665
pp_nav_01309,navigable,94,great_plains_region,catahoula,1079.16,349.492,0.0,physical_screen,3508.155172413793,3079.844827586207
pp_nav_01310,navigable,81,east_china_region,fengle,1354.97,330.679,0.07623443603515626,physical_screen,12811.770833333334,3086.0625
pp_nav_01311,navigable,81,egypt_region,damanhur,1935.642,300.4075,0.03893345836313795,physical_screen,9082.208333333334,3086.9583333333335
pp_nav_01312,navigable,85,crescent_region,samawa,897.646,166.269,0.057478570938110346,physical_screen,9752.979166666666,3079.5208333333335
pp_nav_01313,navigable,82,east_china_region,fanchang,28740.754,11890.212,0.04249787359436166,physical_screen,13068.020833333334,3085.2708333333335
pp_nav_01314,navigable,79,hindustan_region,kahlur,724.015,123.639,0.727032470703125,physical_screen,11187.791666666666,3079.5833333333335
pp_nav_01315,improvable,78,hindustan_region,kahlur,733.479,125.119,0.595318603515625,physical_screen,11172.104166666666,3083.5208333333335
pp_nav_01316,navigable,77,east_coast_region,escatawppa,1036.519,310.882,0.04427392333745957,physical_screen,3687.5833333333335,3086.875
pp_nav_01317,navigable,83,hindustan_region,karor,2998.642,702.3685,0.1345306396484375,physical_screen,10913.645833333334,3096.9375
pp_nav_01318,navigable,78,tibet_region,katok,620.422,83.004,0.0,physical_screen,12184.234042553191,3084.9574468085107
pp_nav_01319,navigable,66,great_plains_region,kisatchie,1069.178,345.354,0.11438053421226772,physical_screen,3488.243902439024,3085.9268292682927
pp_nav_01320,navigable,74,great_plains_region,opelousa,19388.592,10156.362,0.0,physical_screen,3518.4375,3090.7916666666665
pp_nav_01321,navigable,78,west_china_region,xiangru,928.821,152.991,0.0308135986328125,physical_screen,12528.729166666666,3093.4375
pp_nav_01322,navigable,84,crescent_region,samawa,929.434,167.623,0.036156654357910156,physical_screen,9786.541666666666,3093.9583333333335
pp_nav_01323,navigable,81,hindustan_region,firozpur,829.317,134.779,0.23719952760464222,physical_screen,11104.520833333334,3092.7083333333335
pp_nav_01324,navigable,67,hindustan_region,shorkot,1451.316,239.014,0.1870675891424305,physical_screen,10967.739130434782,3105.2391304347825
pp_nav_01325,navigable,79,east_china_region,tongling,28636.91,11883.453,0.0,physical_screen,13046.416666666666,3105.8125
pp_nav_01326,navigable,83,crescent_region,basra,1527.08,172.958,0.0,physical_screen,9848.104166666666,3101.5208333333335
pp_nav_01327,navigable,74,hindustan_region,firozpur,1358.54,259.305,0.206706028886825,physical_screen,11075.895833333334,3106.3958333333335
pp_nav_01328,improvable,84,west_china_region,wushan,13549.081,3581.859,1.3679733276367188,physical_screen,12695.5,3096.6666666666665
pp_nav_01329,navigable,42,east_china_region,zigui,13618.125,3621.476,0.0,physical_screen,12723.68,3097.88
pp_nav_01330,barrier,80,tibet_region,shar_yelpuk,724.204,94.534,6.717529296875,physical_screen,12192.104166666666,3112.5208333333335
pp_nav_01331,navigable,76,west_china_region,liujiang,675.9055000000001,142.187,0.49489898681640626,physical_screen,12561.041666666666,3108.5416666666665
pp_nav_01332,navigable,56,west_china_region,fengjie,13371.854,3506.362,0.0,physical_screen,12664.516129032258,3100.516129032258
pp_nav_01333,navigable,88,hindustan_region,hajner,757.116,127.666,0.313742418935975,physical_screen,11139.895833333334,3099.1458333333335
pp_nav_01334,navigable,35,hindustan_region,sirhind,750.452,127.346,0.3107861104094458,physical_screen,11167.45,3098.75
pp_nav_01335,navigable,81,great_plains_region,opelousa,21506.432,10871.541,0.1000835657119751,physical_screen,3524.3125,3111.9791666666665
pp_nav_01336,navigable,76,crescent_region,suq_al_shuyukh,990.297,169.294,0.029503682632418225,physical_screen,9817.422222222222,3102.822222222222
pp_nav_01337,barrier,104,tibet_region,shopando,703.809,78.438,2.17626710074456,physical_screen,12072.672131147541,3112.3278688524592
pp_nav_01338,improvable,77,west_china_region,wanzhou,13121.2195,3380.323,1.2957305908203125,physical_screen,12635.0,3105.5833333333335
pp_nav_01339,improvable,82,east_china_region,yiling,13730.947,3698.0565,1.0449005126953126,physical_screen,12747.0625,3109.2708333333335
pp_nav_01340,navigable,38,east_coast_region,mobile,2085.6065,620.2525,0.0,physical_screen,3682.909090909091,3109.9545454545455
pp_nav_01341,navigable,80,egypt_region,tarrana,1936.0194999999999,300.403,0.17625590115219533,physical_screen,9092.291666666666,3119.2083333333335
pp_nav_01342,navigable,81,east_china_region,jingling,1408.0285,357.6645,0.07808761596679688,physical_screen,12819.625,3116.5833333333335
pp_nav_01343,improvable,79,east_china_region,chongde,1264.076,458.803,0.0031154394149780274,jiangnan_canal_corridor,13176.5,3122.0
pp_nav_01344,improvable,86,tibet_region,dartsedo,704.6949999999999,96.09800000000001,1.6032958984375,physical_screen,12337.0,3124.5
pp_nav_01345,navigable,81,west_china_region,nanchong,984.805,172.983,0.586094221675164,physical_screen,12522.333333333334,3123.4166666666665
pp_nav_01346,navigable,81,crescent_region,basra,2225.912,361.297,0.030786567926406862,physical_screen,9868.208333333334,3123.2916666666665
pp_nav_01347,navigable,75,east_coast_region,apalachee,660.284,234.58249999999998,0.11240367889404297,physical_screen,3818.6666666666665,3133.1666666666665
pp_nav_01348,navigable,79,hindustan_region,dera_ghazi_khan,2978.424,695.618,0.3188499493100544,physical_screen,10913.541666666666,3133.4166666666665
pp_nav_01349,navigable,71,west_china_region,wanzhou,13085.069,3325.94,0.0,physical_screen,12616.583333333334,3130.0833333333335
pp_nav_01350,navigable,98,east_china_region,jiangxia,22496.975,8537.08,0.0,physical_screen,12900.983870967742,3122.2258064516127
pp_nav_01351,navigable,99,east_china_region,dongliu,28406.623,11875.878,0.0,physical_screen,13018.904761904761,3132.904761904762
pp_nav_01352,navigable,76,east_china_region,hanchuan,1479.879,390.635,0.0,physical_screen,12870.25,3123.8333333333335
pp_nav_01353,navigable,77,hindustan_region,dipalpur,1331.641,241.50549999999998,0.159149169921875,physical_screen,11054.5,3131.375
pp_nav_01354,improvable,77,east_china_region,songzi,14211.631,3884.703,0.7479547125886183,physical_screen,12766.854166666666,3132.6875
pp_nav_01355,navigable,85,great_plains_region,opelousa,21547.502,10947.367,0.16587728423411727,physical_screen,3539.2083333333335,3138.0
pp_nav_01356,navigable,91,west_china_region,qujiang_guangan,790.799,179.592,0.0,physical_screen,12545.894736842105,3134.6491228070176
pp_nav_01357,navigable,78,east_china_region,jingling,1430.829,371.143,0.04120330810546875,physical_screen,12841.386363636364,3129.568181818182
pp_nav_01358,navigable,42,east_china_region,wuchang,22627.08,8604.837,0.03882656097412109,physical_screen,12923.2,3132.8
pp_nav_01359,barrier,92,tibet_region,pasho,825.14,88.369,12.467708307527701,physical_screen,12098.283018867925,3140.132075471698
pp_nav_01360,navigable,87,tibet_region,shar_yelpuk,759.19,98.475,0.0,physical_screen,12197.8125,3150.1875
pp_nav_01361,navigable,54,east_china_region,jiayu,21983.099000000002,8353.075499999999,0.0,physical_screen,12881.861111111111,3140.0833333333335
pp_nav_01362,navigable,68,crescent_region,abadan,2957.87,390.39,0.0,physical_screen,9890.707317073171,3144.6585365853657
pp_nav_01363,navigable,77,east_china_region,songzi,14318.515,3938.25,0.0437811017160173,physical_screen,12791.5,3139.0416666666665
pp_nav_01364,improvable,80,west_china_region,pengshan,571.219,124.323,0.8537881515951595,physical_screen,12418.770833333334,3152.0208333333335
pp_nav_01365,navigable,88,egypt_region,giza,1936.917,300.388,0.2417388916015625,physical_screen,9107.056603773584,3146.698113207547
pp_nav_01366,navigable,78,hindustan_region,chishtian,1331.796,236.743,0.2072962657724591,physical_screen,11024.770833333334,3149.2708333333335
pp_nav_01367,improvable,86,west_china_region,shizhao,991.002,179.751,1.0060736051431354,physical_screen,12529.192307692309,3152.25
pp_nav_01368,navigable,64,east_china_region,yongxing_xingguo,22798.697,8667.853,0.0,physical_screen,12938.026315789473,3151.4736842105262
pp_nav_01369,barrier,87,west_china_region,diaomen,759.943,104.945,2.4858768305301964,physical_screen,12342.916666666666,3163.7916666666665
pp_nav_01370,improvable,74,east_china_region,fuyang_hangzhou,1152.668,409.84,0.14924987710224938,jiangnan_canal_corridor;physical_screen,13155.541666666666,3153.4166666666665
pp_nav_01371,navigable,81,hindustan_region,kot_addu,1637.163,263.46450000000004,0.14594487591366073,physical_screen,10932.708333333334,3160.9166666666665
pp_nav_01372,navigable,88,tibet_region,kazhi,758.799,127.987,0.0,physical_screen,12291.291666666666,3165.5833333333335
pp_nav_01373,navigable,76,west_china_region,fengdu,12924.9595,3243.6315,0.0,physical_screen,12597.291666666666,3158.25
pp_nav_01374,navigable,74,east_china_region,jiayu,20876.138,8005.968,0.0,physical_screen,12875.895833333334,3155.0
pp_nav_01375,navigable,83,east_china_region,shishou,14454.153,4012.968,0.0,physical_screen,12806.5,3161.2916666666665
pp_nav_01376,navigable,52,east_coast_region,watappo,759.611,317.443,0.13918496183930817,physical_screen,3816.9375,3161.96875
pp_nav_01377,navigable,76,hindustan_region,sitpur,2954.683,691.6925,0.16252670288085935,physical_screen,10911.6875,3169.8125
pp_nav_01378,improvable,78,tibet_region,dzogang,893.17,95.455,1.130615234375,physical_screen,12124.104166666666,3166.8125
pp_nav_01379,barrier,82,tibet_region,rigyal,1693.047,447.459,21.29619140625,physical_screen,12021.458333333334,3166.4583333333335
pp_nav_01380,navigable,76,egypt_region,giza,2257.9705,340.3585,0.0,physical_screen,9113.625,3172.625
pp_nav_01381,navigable,78,hindustan_region,dunga_bunga,1332.038,235.87,0.15708390812111828,physical_screen,10993.833333333334,3165.5416666666665
pp_nav_01382,improvable,82,west_china_region,baxian,2363.163,511.183,1.111309814453125,physical_screen,12538.235294117647,3175.176470588235
pp_nav_01383,navigable,70,east_china_region,xindi,20523.4125,7863.465,0.17450485229492188,physical_screen,12852.208333333334,3174.7083333333335
pp_nav_01384,barrier,79,west_china_region,fuzhou_sichuan,11121.152,2661.834,2.49158935546875,physical_screen,12579.372549019608,3174.3137254901962
pp_nav_01385,navigable,86,east_china_region,jiande,954.459,325.215,0.0,physical_screen,13135.181818181818,3182.181818181818
pp_nav_01386,navigable,59,east_china_region,huangmei,23018.883,8767.794,0.0,physical_screen,12956.828571428572,3168.4
pp_nav_01387,improvable,76,west_china_region,banan,11008.473,2610.6279999999997,1.6385486219751035,physical_screen,12557.604166666666,3176.0208333333335
pp_nav_01388,navigable,82,east_china_region,jianli,14490.189,4063.34,0.10662078857421875,physical_screen,12827.770833333334,3176.6041666666665
pp_nav_01389,navigable,79,tibet_region,rigyal,1651.874,441.104,0.0,physical_screen,12005.68,3183.18
pp_nav_01390,navigable,87,tibet_region,dzingcho,816.519,106.18,0.0,physical_screen,12199.979166666666,3190.6875
pp_nav_01391,improvable,78,west_china_region,longyou_jiading,837.2235000000001,141.07,0.8426748698061202,physical_screen,12413.729166666666,3181.8333333333335
pp_nav_01392,barrier,73,tibet_region,metog,2634.503,540.349,17.2178466796875,physical_screen,12031.0,3187.4791666666665
pp_nav_01393,navigable,76,hindustan_region,nagina,603.245,81.79599999999999,0.1531402587890625,physical_screen,11245.375,3189.0833333333335
pp_nav_01394,navigable,79,hindustan_region,karur_punjab,1335.4885,236.409,0.12557525634765626,physical_screen,10966.6875,3184.6041666666665
pp_nav_01395,navigable,101,great_plains_region,chawasha,21878.68,11677.569,0.09641241610671546,physical_screen,3611.935483870968,3192.7903225806454
pp_nav_01396,navigable,79,hindustan_region,uch,1635.949,263.974,0.13092072506875932,physical_screen,10925.1,3191.78
pp_nav_01397,improvable,80,tibet_region,dzogang,927.511,96.902,2.8059186299032604,physical_screen,12142.645833333334,3194.8541666666665
pp_nav_01398,barrier,81,west_china_region,shimian,822.336,110.731,4.02425537109375,physical_screen,12351.645833333334,3196.5625
pp_nav_01399,barrier,77,west_china_region,wulong,1607.4945,501.525,2.3648193359375,physical_screen,12595.9375,3194.9375
pp_nav_01400,improvable,75,west_china_region,jiangjin,8360.941,1970.873,0.8703369140625,physical_screen,12530.5,3199.9166666666665
pp_nav_01401,navigable,75,egypt_region,beni_suef,2543.498,375.987,0.11998267681394142,physical_screen,9107.354166666666,3207.0208333333335
pp_nav_01402,navigable,79,hindustan_region,mithankot,2931.476,695.604,0.11936191305575992,physical_screen,10909.25,3203.8541666666665
pp_nav_01403,barrier,100,west_china_region,longyou_jiading,1032.598,137.108,2.1211669921875,physical_screen,12402.754385964912,3198.684210526316
pp_nav_01404,navigable,35,hindustan_region,jalalpur_pirwala,1332.8919999999998,235.8545,0.169957789173787,physical_screen,10943.35,3193.25
pp_nav_01405,navigable,72,tibet_region,buchu,1160.958,396.658,0.0,physical_screen,11979.422222222222,3200.4222222222224
pp_nav_01406,improvable,77,west_china_region,pengshui,1268.66,393.277,1.6328645445964927,physical_screen,12617.34693877551,3205.1632653061224
pp_nav_01407,improvable,87,tibet_region,jonang,517.876,156.3475,1.8439166050451898,physical_screen,11713.5,3195.6666666666665
pp_nav_01408,improvable,81,tibet_region,tsangdram,601.225,165.878,0.5801434704116438,physical_screen,11751.625,3195.9583333333335
pp_nav_01409,improvable,80,tibet_region,rinpung_yarlung,677.461,202.929,1.107861328125,physical_screen,11787.916666666666,3197.1041666666665
pp_nav_01410,navigable,81,west_china_region,qianwei,2162.698,384.442,0.1607879638671875,physical_screen,12427.25,3208.25
pp_nav_01411,improvable,82,tibet_region,gongkar,745.7135000000001,242.50850000000003,0.55927734375,physical_screen,11821.229166666666,3198.8125
pp_nav_01412,navigable,87,tibet_region,samye,838.175,256.352,0.172021484375,physical_screen,11856.895833333334,3199.7708333333335
pp_nav_01413,navigable,75,tibet_region,baurang,960.514,163.0525,0.0,physical_screen,12294.625,3215.4583333333335
pp_nav_01414,navigable,74,west_china_region,hanyuan,955.949,124.839,0.0,physical_screen,12377.625,3200.1666666666665
pp_nav_01415,improvable,81,tibet_region,densatil,943.479,320.063,1.0927667422591487,physical_screen,11894.166666666666,3202.875
pp_nav_01416,barrier,72,tibet_region,tirkong,2935.4335,600.026,2.94696044921875,physical_screen,12012.583333333334,3213.2916666666665
pp_nav_01417,navigable,82,hindustan_region,chandpur_uttar_pradesh,611.036,84.431,0.18819761455621997,physical_screen,11247.0625,3224.0625
pp_nav_01418,improvable,80,tibet_region,buchu,1032.875,351.048,2.311669921875,physical_screen,11947.833333333334,3209.8333333333335
pp_nav_01419,navigable,63,tibet_region,daklha_gampo,993.503,336.4,0.0,physical_screen,11922.648648648648,3211.7027027027025
pp_nav_01420,navigable,74,tibet_region,mengung,980.17,105.434,0.0,physical_screen,12160.2,3223.8
pp_nav_01421,improvable,75,west_china_region,jiangjin,8277.295,1925.3175,0.534003393112396,physical_screen,12511.25,3218.625
pp_nav_01422,barrier,82,tibet_region,sangme,849.714,115.744,2.10537109375,physical_screen,12204.020833333334,3232.3541666666665
pp_nav_01423,navigable,74,hindustan_region,omerkot,5806.922,1274.3600000000001,0.10334541463223412,physical_screen,10891.875,3226.4166666666665
pp_nav_01424,navigable,85,hindustan_region,kailali,944.092,153.128,0.0,physical_screen,11386.137254901962,3222.2156862745096
pp_nav_01425,improvable,80,west_china_region,luzhou,7725.9529999999995,1703.7134999999998,1.141095528633776,physical_screen,12491.625,3224.6041666666665
pp_nav_01426,navigable,79,south_china_region,yanhe,1025.256,318.577,0.0,physical_screen,12625.604166666666,3235.9791666666665
pp_nav_01427,navigable,73,egypt_region,el_bahnasa,2547.884,371.875,0.04067153930664062,physical_screen,9094.020833333334,3240.7708333333335
pp_nav_01428,navigable,77,west_china_region,yibin,2285.9105,424.12350000000004,0.0,physical_screen,12446.395833333334,3230.2708333333335
pp_nav_01429,improvable,70,west_china_region,nanxi,7452.479,1584.3290000000002,1.0468178482721864,physical_screen,12468.619047619048,3229.1190476190477
pp_nav_01430,improvable,83,east_china_region,madi_yuanling,1870.986,774.4955,1.1802386888873706,physical_screen,12744.0625,3229.8958333333335
pp_nav_01431,navigable,80,bengal_region,siang,3458.9995,733.8489999999999,0.0,physical_screen,12015.125,3238.4583333333335
pp_nav_01432,improvable,75,hindustan_region,kailali,1366.022,215.166,0.3950836181640625,physical_screen,11386.666666666666,3248.1666666666665
pp_nav_01433,barrier,81,tibet_region,kheong,994.251,167.02,15.646088298401247,physical_screen,12302.625,3252.4583333333335
pp_nav_01434,navigable,39,east_china_region,yuanling,1791.5684999999999,744.3865,0.0,physical_screen,12721.125,3240.625
pp_nav_01435,improvable,82,west_china_region,mahu,4773.72,991.415,0.51712646484375,physical_screen,12424.3125,3240.8958333333335
pp_nav_01436,navigable,75,hindustan_region,omerkot,5791.583,1304.55,0.11252485563008308,physical_screen,10866.375,3248.875
pp_nav_01437,improvable,74,bengal_region,dibang,1177.26,161.02,1.3315032958984374,physical_screen,12049.416666666666,3256.3333333333335
pp_nav_01438,improvable,75,west_china_region,suzhou,1308.0845,211.019,1.916748046875,physical_screen,12325.854166666666,3246.0625
pp_nav_01439,navigable,81,tibet_region,mengung,1122.586,136.199,0.0,physical_screen,12173.854166666666,3257.8125
pp_nav_01440,navigable,79,east_china_region,yiyang_changsha,636.48,259.52,0.20104820246023866,physical_screen,12778.6875,3245.4791666666665
pp_nav_01441,improvable,80,hindustan_region,gunnaur,608.248,82.908,0.4261652235755117,physical_screen,11258.020833333334,3259.0208333333335
pp_nav_01442,improvable,73,east_china_region,yuanling,1062.286,445.148,0.8033233642578125,physical_screen,12708.520833333334,3262.4791666666665
pp_nav_01443,navigable,73,east_china_region,fengcheng_fengcheng,2243.124,793.1065,0.26558975472749674,physical_screen,12958.416666666666,3261.75
pp_nav_01444,navigable,80,south_china_region,dejiang,955.956,294.356,0.0,physical_screen,12619.333333333334,3263.7916666666665
pp_nav_01445,navigable,80,south_china_region,zhuluo,965.516,143.963,0.0,physical_screen,12213.375,3267.125
pp_nav_01446,improvable,65,east_china_region,dongping,534.484,219.24,2.3081932067871094,physical_screen,12749.65,3257.2
pp_nav_01447,navigable,66,west_china_region,leibo,4605.838,954.3515,0.0,physical_screen,12409.214285714286,3261.4761904761904
pp_nav_01448,navigable,80,bengal_region,siang,3802.3595,780.3095000000001,0.0,physical_screen,12016.958333333334,3261.9583333333335
pp_nav_01449,barrier,77,west_china_region,jianchang_sichuan,1332.137,212.536,3.934614121382337,physical_screen,12326.916666666666,3272.3333333333335
pp_nav_01450,navigable,78,egypt_region,ashmunayn,2549.994,355.92,0.06450386047363281,physical_screen,9092.833333333334,3275.2916666666665
pp_nav_01451,navigable,74,east_china_region,xiangtan,2206.1435,855.072,0.0,physical_screen,12833.125,3276.2083333333335
pp_nav_01452,navigable,66,western_india_region,kashmore,5731.001,1296.553,0.05045878533453529,physical_screen,10843.307692307691,3267.5128205128203
pp_nav_01453,navigable,60,hindustan_region,firuzabad_bahraich,1523.7645,256.9465,0.2500294893746894,physical_screen,11387.529411764706,3276.970588235294
pp_nav_01454,navigable,82,tibet_region,walong,688.0085,111.70949999999999,0.0,physical_screen,12098.58,3274.88
pp_nav_01455,navigable,100,bengal_region,subansiri,794.778,100.882,0.0,physical_screen,11979.587301587302,3283.8253968253966
pp_nav_01456,navigable,77,bengal_region,gomsi,5015.4015,943.814,0.15657958984375,physical_screen,12030.854166666666,3283.0833333333335
pp_nav_01457,navigable,82,hindustan_region,sargadwari,614.295,84.307,0.2013330326984964,physical_screen,11283.166666666666,3281.3333333333335
pp_nav_01458,barrier,80,west_china_region,yongshan,4485.1625,924.7975,3.7521880145977153,physical_screen,12397.875,3286.9166666666665
pp_nav_01459,navigable,81,south_china_region,gongshan,1220.83,175.14350000000002,0.0,physical_screen,12185.604166666666,3292.6875
pp_nav_01460,navigable,73,east_china_region,xingan_linjiang,1874.6419999999998,653.479,0.0,physical_screen,12939.979166666666,3290.4791666666665
pp_nav_01461,navigable,62,bengal_region,sadiya,1810.975,275.174,0.17618408203125,physical_screen,12043.052631578947,3284.815789473684
pp_nav_01462,improvable,57,bengal_region,tengapani,1140.385,180.312,0.8695404052734375,physical_screen,12067.777777777777,3282.277777777778
pp_nav_01463,improvable,77,east_china_region,huaihua,797.2090000000001,326.73400000000004,1.923236083984375,physical_screen,12712.833333333334,3291.2083333333335
pp_nav_01464,barrier,74,south_china_region,shuitejiang,833.843,251.831,2.920538330078125,physical_screen,12606.541666666666,3294.0416666666665
pp_nav_01465,navigable,77,east_china_region,lukou,1717.2775000000001,638.6275,0.14300003051757812,physical_screen,12839.020833333334,3298.3125
pp_nav_01466,improvable,60,hindustan_region,tansen,1563.397,179.051,0.615472412109375,physical_screen,11530.405405405405,3290.945945945946
pp_nav_01467,improvable,83,south_china_region,xiaodandang,1029.619,161.0725,1.6736328125,physical_screen,12223.25,3303.25
pp_nav_01468,navigable,78,south_china_region,tongan_lijiang,1274.446,211.65550000000002,0.0,physical_screen,12258.875,3296.8125
pp_nav_01469,improvable,80,west_china_region,dechang,1370.234,213.981,2.8879760742187504,physical_screen,12331.9375,3305.3958333333335
pp_nav_01470,navigable,98,hindustan_region,sargadwari,624.318,90.136,0.2013330326984964,physical_screen,11311.983333333334,3305.95
pp_nav_01471,navigable,77,egypt_region,manfalut,2554.5555,355.801,0.0,physical_screen,9098.770833333334,3307.8958333333335
pp_nav_01472,navigable,81,hindustan_region,bahraich,2260.852,366.586,0.10204608298726842,physical_screen,11395.8125,3310.5208333333335
pp_nav_01473,navigable,64,bengal_region,lakhimpur,2115.419,270.3605,0.07646331787109376,physical_screen,11980.425,3307.525
pp_nav_01474,navigable,76,bengal_region,dibrugarh,8722.315,1476.022,0.09009628295898438,physical_screen,12010.166666666666,3304.4583333333335
pp_nav_01475,navigable,81,south_china_region,linxi,669.923,96.7315,0.0,physical_screen,12201.583333333334,3313.9583333333335
pp_nav_01476,navigable,77,western_india_region,shadodkot,5641.912,1320.218,0.06320946297750861,physical_screen,10796.291666666666,3312.25
pp_nav_01477,improvable,79,hindustan_region,ramnagar_bihar,1807.29,210.75,0.35150146484375,physical_screen,11511.229166666666,3311.2291666666665
pp_nav_01478,navigable,74,west_china_region,puge,4225.466,851.072,0.0,physical_screen,12379.6875,3312.0
pp_nav_01479,barrier,47,south_china_region,tongan_lijiang,1145.9814999999999,191.787,4.585091179181575,physical_screen,12251.033333333333,3313.8
pp_nav_01480,navigable,79,south_china_region,wengshui,764.948,229.199,0.0,physical_screen,12581.479166666666,3312.2916666666665
pp_nav_01481,navigable,72,east_china_region,jishui,1591.5565000000001,550.1695,0.3035282135009766,physical_screen,12928.770833333334,3321.0625
pp_nav_01482,navigable,79,south_china_region,yongning_baisheng,1421.898,240.22,0.0,physical_screen,12264.916666666666,3324.75
pp_nav_01483,navigable,60,east_china_region,qianyang_yuanzhou,748.155,298.419,0.2696258544921875,physical_screen,12700.5,3318.1
pp_nav_01484,navigable,34,east_china_region,hengshan,1668.572,618.844,0.0,physical_screen,12830.363636363636,3315.318181818182
pp_nav_01485,improvable,88,south_china_region,zhiziluo,1312.971,221.162,1.197509765625,physical_screen,12191.791666666666,3331.625
pp_nav_01486,navigable,72,bengal_region,dibrugarh,643.957,89.19800000000001,0.122589111328125,physical_screen,12002.166666666666,3318.3958333333335
pp_nav_01487,improvable,48,south_china_region,wujiang_bozhou,515.602,145.749,1.701129280888887,physical_screen,12563.172413793103,3313.4827586206898
pp_nav_01488,navigable,83,indochina_region,putao,1416.7975000000001,154.993,0.5371063232421875,physical_screen,12139.083333333334,3333.1458333333335
pp_nav_01489,navigable,78,egypt_region,asyut,2567.284,368.5085,0.009665298461914062,physical_screen,9119.104166666666,3332.9791666666665
pp_nav_01490,navigable,87,south_china_region,tongan_lijiang,1075.921,174.258,0.0,physical_screen,12240.4,3330.06
pp_nav_01491,navigable,77,hindustan_region,bilgram,993.998,179.755,0.2144619177206569,physical_screen,11334.375,3336.3333333333335
pp_nav_01492,navigable,71,east_china_region,hengyang,1344.729,497.87,0.0,physical_screen,12821.0625,3333.8958333333335
pp_nav_01493,navigable,98,bengal_region,lakhimpur,2995.498,436.676,0.15441131591796875,physical_screen,11965.47619047619,3338.3968253968255
pp_nav_01494,navigable,75,west_china_region,mingyi,1462.071,226.2375,0.0,physical_screen,12324.291666666666,3339.2083333333335
pp_nav_01495,navigable,80,hindustan_region,bettiah,1834.093,207.083,0.224237060546875,physical_screen,11524.833333333334,3339.6666666666665
pp_nav_01496,navigable,81,west_china_region,qiaojia,4095.6055,817.7645,0.0,physical_screen,12377.8125,3343.0208333333335
pp_nav_01497,navigable,74,western_india_region,paat,5636.461,1292.722,0.12786827776935766,physical_screen,10783.020833333334,3342.0625
pp_nav_01498,navigable,84,hindustan_region,gonda,2298.523,372.4045,0.10234997749272814,physical_screen,11412.833333333334,3338.5
pp_nav_01499,navigable,52,bengal_region,konwargaon,10849.914,1749.959,0.0669525146484375,physical_screen,11982.486486486487,3335.675675675676
pp_nav_01500,barrier,82,south_china_region,lanzhou_lanzhou,775.9215,129.79199999999997,3.3328857421875,physical_screen,12204.3125,3351.0208333333335
pp_nav_01501,navigable,77,east_china_region,taihe_taihe,1146.702,391.60450000000003,0.19477691650390624,physical_screen,12918.6875,3349.1458333333335
pp_nav_01502,improvable,74,hindustan_region,chaudandi,1666.071,138.642,0.6063309418121663,physical_screen,11654.416666666666,3350.3541666666665
pp_nav_01503,navigable,72,hindustan_region,etawah,556.755,91.197,0.0202392578125,physical_screen,11284.659574468085,3347.3829787234044
pp_nav_01504,navigable,80,bengal_region,nakshaparvat,14816.625,2340.799,0.04077987670898438,physical_screen,11914.166666666666,3351.1041666666665
pp_nav_01505,navigable,81,hindustan_region,basti,2401.316,402.271,0.19441131413154356,physical_screen,11443.625,3351.0
pp_nav_01506,barrier,87,south_china_region,jinshajiang,1527.418,264.837,2.5227301380493077,physical_screen,12262.75,3363.1666666666665
pp_nav_01507,navigable,46,bengal_region,nakshaparvat,14615.58,2346.69,0.0,physical_screen,11934.551724137931,3351.551724137931
pp_nav_01508,navigable,99,east_china_region,xincheng,748.351,260.437,0.22977447509765625,physical_screen,12806.786885245901,3357.3934426229507
pp_nav_01509,navigable,81,egypt_region,el_balyana,2572.0074999999997,368.659,0.0,physical_screen,9137.166666666666,3360.9583333333335
pp_nav_01510,navigable,78,hindustan_region,makanpur,998.3520000000001,183.213,0.0,physical_screen,11351.604166666666,3364.8958333333335
pp_nav_01511,navigable,81,indochina_region,injangyang,2187.9030000000002,250.611,0.0,physical_screen,12139.403846153846,3370.1346153846152
pp_nav_01512,navigable,78,east_china_region,nanping,1208.075,297.782,0.0,physical_screen,13084.458333333334,3363.25
pp_nav_01513,barrier,87,south_china_region,luzhang,1391.401,245.998,2.641455078125,physical_screen,12191.541666666666,3376.0416666666665
pp_nav_01514,navigable,83,hindustan_region,mehsi,1855.703,230.004,0.18756635724905185,physical_screen,11545.416666666666,3367.0833333333335
pp_nav_01515,improvable,82,south_china_region,juque,1749.289,327.07000000000005,1.4932902114314999,physical_screen,12310.604166666666,3361.7291666666665
pp_nav_01516,navigable,91,south_china_region,juque,3543.707,618.213,0.0,physical_screen,12328.77358490566,3375.4150943396226
pp_nav_01517,navigable,86,east_china_region,lengshuitan,614.0565,201.749,0.000628662109375,physical_screen,12777.87037037037,3363.0
pp_nav_01518,navigable,78,hindustan_region,chillupar,2418.893,424.053,0.17432708740234376,physical_screen,11473.270833333334,3365.4791666666665
pp_nav_01519,navigable,82,western_india_region,ranikot,5676.9485,1300.2825,0.10259023535282011,physical_screen,10784.75,3372.7291666666665
pp_nav_01520,navigable,73,bengal_region,rowta,16251.485,2490.679,0.053713226318359376,physical_screen,11886.897959183674,3367.1428571428573
pp_nav_01521,improvable,70,bengal_region,jhanjharpur,1709.225,214.994,0.37214633644542633,physical_screen,11635.583333333334,3373.0416666666665
pp_nav_01522,navigable,77,east_china_region,wanan,1023.63,347.9,0.0,physical_screen,12921.0,3375.4583333333335
pp_nav_01523,barrier,79,west_china_region,huili,3822.917,683.695,13.38956298828125,physical_screen,12370.270833333334,3371.5
pp_nav_01524,navigable,83,hindustan_region,etawah,1347.469,231.941,0.0,physical_screen,11309.8125,3370.8958333333335
pp_nav_01525,navigable,76,indochina_region,chibwe,1133.092,229.0485,0.0,physical_screen,12161.291666666666,3383.7916666666665
pp_nav_01526,navigable,68,indochina_region,hkamti,1622.911,170.3225,0.19619140625,physical_screen,12061.229166666666,3379.3333333333335
pp_nav_01527,barrier,68,south_china_region,jinshajiang,1678.175,310.088,3.5584228515625,physical_screen,12283.953488372093,3377.0
pp_nav_01528,improvable,77,west_china_region,huichuan_dechang,3773.23,668.29,1.4316650390625,physical_screen,12346.0625,3379.5625
pp_nav_01529,improvable,82,south_china_region,yunlong,820.9290000000001,137.9105,1.861767578125,physical_screen,12204.895833333334,3390.3958333333335
pp_nav_01530,improvable,67,east_china_region,houguan,1507.287,373.757,0.6965134040978802,physical_screen,13110.175,3380.325
pp_nav_01531,navigable,81,hindustan_region,rudrapur,3131.9115,506.4215,0.09643560014524184,physical_screen,11504.0,3378.3333333333335
pp_nav_01532,navigable,82,egypt_region,qena,2577.669,350.6145,0.04445194679425649,physical_screen,9157.791666666666,3383.125
pp_nav_01533,navigable,49,bengal_region,durjaya,18850.434,2847.377,0.20626296997070312,physical_screen,11863.92857142857,3379.214285714286
pp_nav_01534,navigable,78,bengal_region,guwahati,19228.870000000003,2916.7675,0.11910743713378906,physical_screen,11836.272727272728,3378.4545454545455
pp_nav_01535,navigable,64,bengal_region,goalpara,20098.088,3071.405,0.04669113159179687,physical_screen,11801.052631578947,3382.657894736842
pp_nav_01536,navigable,71,bengal_region,bordowa,1307.387,133.014,0.07276687622070313,physical_screen,11896.65909090909,3379.840909090909
pp_nav_01537,navigable,78,egypt_region,hiw,2579.896,345.436,0.04654006958007813,physical_screen,9179.25,3390.5833333333335
pp_nav_01538,navigable,80,hindustan_region,asni,1008.825,182.11950000000002,0.09673839889307086,physical_screen,11373.895833333334,3387.4375
pp_nav_01539,navigable,66,hindustan_region,korra,1107.08,156.872,0.0,physical_screen,11331.820512820514,3386.025641025641
pp_nav_01540,navigable,81,bengal_region,hajipur,1859.35,230.049,0.1587535858154297,physical_screen,11563.6875,3396.3958333333335
pp_nav_01541,navigable,94,hindustan_region,andar,3265.589,525.301,0.0,physical_screen,11536.103448275862,3397.7413793103447
pp_nav_01542,navigable,79,western_india_region,ranikot,5672.705,1294.773,0.1227712360329706,physical_screen,10800.270833333334,3401.2291666666665
pp_nav_01543,navigable,37,bengal_region,saharsa,1795.841,316.736,0.10671463012695312,physical_screen,11625.863636363636,3395.090909090909
pp_nav_01544,navigable,71,indochina_region,minsin,2453.5395,256.974,0.021923828125,physical_screen,12040.145833333334,3401.3125
pp_nav_01545,navigable,77,bengal_region,dura,20366.459,3249.436,0.042453416996579646,physical_screen,11779.5,3404.4583333333335
pp_nav_01546,navigable,78,indochina_region,injangyang,2534.869,302.515,0.0,physical_screen,12130.854166666666,3401.5416666666665
pp_nav_01547,navigable,80,central_india_region,rath,1593.562,201.51,0.09263319152681884,physical_screen,11355.270833333334,3400.6041666666665
pp_nav_01548,navigable,82,hindustan_region,manikpur,1005.281,171.429,0.07403717041015626,physical_screen,11397.666666666666,3407.6666666666665
pp_nav_01549,navigable,90,south_china_region,lujiang,1459.792,259.55949999999996,0.0,physical_screen,12191.520833333334,3420.3541666666665
pp_nav_01550,navigable,54,indochina_region,chibwe,1239.416,252.4365,0.33400421142578124,physical_screen,12146.117647058823,3408.323529411765
pp_nav_01551,navigable,67,hindustan_region,ballia,3695.977,492.629,0.1320103166877892,physical_screen,11529.666666666666,3406.4102564102564
pp_nav_01552,navigable,78,egypt_region,esna,2583.918,330.978,0.0,physical_screen,9172.166666666666,3419.2916666666665
pp_nav_01553,navigable,77,bengal_region,saharsa,2182.974,440.182,0.12863693237304688,physical_screen,11638.91111111111,3415.6444444444446
pp_nav_01554,navigable,81,hindustan_region,kara,1997.1390000000001,220.123,0.0,physical_screen,11378.875,3415.5
pp_nav_01555,barrier,77,south_china_region,yongping_yongchang,904.8815,157.344,4.9103271484375,physical_screen,12213.4375,3425.3541666666665
pp_nav_01556,navigable,79,bengal_region,hajipur,9974.177,1314.526,0.010487528159281933,physical_screen,11586.0,3416.2916666666665
pp_nav_01557,navigable,81,hindustan_region,buxar,3422.69,475.825,0.18368284797324846,physical_screen,11495.791666666666,3418.5
pp_nav_01558,navigable,85,indochina_region,myitkyina,4274.603,637.993,0.16567193903727265,physical_screen,12121.228070175439,3431.8245614035086
pp_nav_01559,navigable,79,hindustan_region,chunar,3253.8684999999996,457.374,0.0,physical_screen,11475.0,3425.0
pp_nav_01560,navigable,80,western_india_region,naserpur,5004.254,1132.493,0.02852397346878054,physical_screen,10800.270833333334,3432.8541666666665
pp_nav_01561,navigable,79,hindustan_region,prayag,2061.515,223.806,0.1631439072391311,physical_screen,11417.354166666666,3424.6041666666665
pp_nav_01562,navigable,78,bengal_region,khagaria,10453.411,1434.345,0.0,physical_screen,11631.979166666666,3427.375
pp_nav_01563,navigable,77,bengal_region,purnia,10513.948,1458.28,0.07061137846706778,physical_screen,11664.1875,3425.0208333333335
pp_nav_01564,navigable,44,bengal_region,samastipur,10054.556,1326.172,0.07651654997619166,physical_screen,11610.64,3427.36
pp_nav_01565,navigable,71,bengal_region,muktagacha,20878.3135,3362.761,0.11195583343505859,physical_screen,11772.09090909091,3438.2272727272725
pp_nav_01566,navigable,98,bengal_region,katihar,12773.793,2018.913,0.12468241037174779,physical_screen,11687.120689655172,3434.9310344827586
pp_nav_01567,navigable,53,hindustan_region,prayag,2048.336,222.99,0.06282055859074565,physical_screen,11399.533333333333,3429.5
pp_nav_01568,navigable,34,bengal_region,khagaria,10430.958,1447.603,0.10388058492203495,physical_screen,11651.285714285714,3430.4285714285716
pp_nav_01569,improvable,73,indochina_region,htamanthi,3376.719,343.207,0.365643812625263,physical_screen,12017.583333333334,3441.9583333333335
pp_nav_01570,navigable,77,indochina_region,myitkyina,799.345,100.4085,0.15747909545898436,physical_screen,12110.354166666666,3442.3541666666665
pp_nav_01571,navigable,79,hindustan_region,bhadohi,3256.525,458.406,0.040578069512295256,physical_screen,11439.270833333334,3434.2291666666665
pp_nav_01572,navigable,81,south_china_region,luodian,1217.986,279.988,0.0,physical_screen,12542.6875,3442.1875
pp_nav_01573,navigable,79,egypt_region,edfu,2588.8225,322.566,0.05966097142574208,physical_screen,9185.083333333334,3449.5
pp_nav_01574,navigable,43,hindustan_region,varanasi,3261.064,456.365,0.32065888919827185,physical_screen,11458.535714285714,3438.035714285714
pp_nav_01575,navigable,75,south_china_region,rongshui,628.27,197.192,0.148455810546875,physical_screen,12664.458333333334,3448.375
pp_nav_01576,navigable,80,south_china_region,nadi,1596.0495,379.27750000000003,0.0,physical_screen,12569.333333333334,3450.125
pp_nav_01577,improvable,83,south_china_region,youdian,936.7245,159.739,0.9110066544577564,physical_screen,12232.1875,3452.3125
pp_nav_01578,navigable,77,bengal_region,sohra,1062.952,138.617,0.022628307342529297,physical_screen,11848.958333333334,3447.625
pp_nav_01579,navigable,82,south_china_region,shidian,1544.0475000000001,281.9455,0.0,physical_screen,12195.458333333334,3460.625
pp_nav_01580,navigable,82,bengal_region,gaur,13311.413,2099.359,0.0256350040435791,physical_screen,11697.833333333334,3463.7916666666665
pp_nav_01581,navigable,79,south_china_region,ceheng,652.813,174.84,0.0,physical_screen,12521.4375,3457.1458333333335
pp_nav_01582,improvable,75,south_china_region,anlong,593.167,156.973,1.381494140625,physical_screen,12478.666666666666,3452.9583333333335
pp_nav_01583,navigable,77,western_india_region,thatta,4155.897,924.7525,0.0483250617980957,physical_screen,10788.479166666666,3460.3541666666665
pp_nav_01584,barrier,72,south_china_region,ceheng,638.929,171.211,2.64342041015625,physical_screen,12502.139534883721,3460.8372093023254
pp_nav_01585,navigable,73,bengal_region,shaharpara,1426.97,151.98700000000002,0.031337738037109375,physical_screen,11882.833333333334,3459.875
pp_nav_01586,navigable,34,bengal_region,khaspur,1166.9325,103.974,0.12041015625,physical_screen,11907.0,3455.681818181818
pp_nav_01587,navigable,83,bengal_region,atiya,20660.502999999997,3275.739,0.003620338439941406,physical_screen,11776.479166666666,3472.8541666666665
pp_nav_01588,navigable,76,indochina_region,thaungdut,4166.591,374.1975,0.15225982666015625,physical_screen,12004.958333333334,3470.9583333333335
pp_nav_01589,navigable,80,indochina_region,manmaw,5337.6375,766.161,0.0,physical_screen,12111.895833333334,3475.6458333333335
pp_nav_01590,navigable,79,bengal_region,khaliajuri,1732.239,234.478,0.0,physical_screen,11836.224489795919,3473.8979591836733
pp_nav_01591,navigable,49,south_china_region,huangcaoba,510.494,134.453,0.0,physical_screen,12467.65625,3463.03125
pp_nav_01592,barrier,80,south_china_region,dingbian_shunning,1123.244,213.0865,4.5688643257579376,physical_screen,12257.208333333334,3466.4166666666665
pp_nav_01593,navigable,79,south_china_region,donglan,1726.107,412.806,0.0,physical_screen,12583.666666666666,3479.5833333333335
pp_nav_01594,improvable,80,south_china_region,liucheng,1132.0925,366.3335,0.402276611328125,physical_screen,12667.041666666666,3477.125
pp_nav_01595,navigable,72,bengal_region,shaharpara,1902.054,280.77250000000004,0.019149971008300782,physical_screen,11854.458333333334,3468.7083333333335
pp_nav_01596,navigable,73,south_china_region,yingde,540.585,190.909,0.0,physical_screen,12857.625,3482.3333333333335
pp_nav_01597,barrier,79,egypt_region,kom_ombo,2631.278,322.608,0.028672212652569945,nile_cataract_belt;physical_screen,9187.125,3487.125
pp_nav_01598,navigable,70,western_india_region,laribandar,4120.659,898.798,0.0,physical_screen,10777.073170731708,3487.2195121951218
pp_nav_01599,navigable,82,bengal_region,chandrabad,13500.121,1901.869,0.0,physical_screen,11719.979166666666,3484.7708333333335
pp_nav_01600,navigable,77,bengal_region,khaliajuri,2168.727,286.6805,0.0,physical_screen,11837.708333333334,3488.625
pp_nav_01601,navigable,82,south_china_region,baodian,1204.28,222.355,0.0,physical_screen,12264.041666666666,3496.5416666666665
pp_nav_01602,barrier,82,south_china_region,rouyuan,1673.987,290.701,7.10968017578125,physical_screen,12197.104166666666,3490.8541666666665
pp_nav_01603,navigable,38,western_india_region,wanga_bazar,598.524,80.511,0.28960717742183184,physical_screen,10836.04347826087,3490.782608695652
pp_nav_01604,navigable,72,indochina_region,mongyang,6133.656999999999,896.5415,0.1103057861328125,physical_screen,12088.416666666666,3490.2916666666665
pp_nav_01605,improvable,73,indochina_region,thaungdut,4196.145,379.421,0.386785888671875,physical_screen,11999.177777777777,3498.8
pp_nav_01606,improvable,80,south_china_region,yangshou,1410.349,456.191,0.5044052124023437,physical_screen,12681.5625,3497.6041666666665
pp_nav_01607,navigable,73,bengal_region,savar,20697.836,3226.7585,0.0,physical_screen,11772.604166666666,3503.7083333333335
pp_nav_01608,navigable,83,south_china_region,longping_pingle,523.1610000000001,170.75799999999998,0.12720260620117188,physical_screen,12741.666666666666,3509.9166666666665
pp_nav_01609,navigable,78,south_china_region,duyang,1833.4935,444.7475,0.5508071899414062,physical_screen,12591.166666666666,3507.9166666666665
pp_nav_01610,navigable,84,bengal_region,pabna,13480.438,1804.798,0.014328771880287744,physical_screen,11745.520833333334,3503.8958333333335
pp_nav_01611,navigable,75,indochina_region,shwegu,6239.884,916.239,0.1164886474609375,physical_screen,12075.354166666666,3508.5208333333335
pp_nav_01612,improvable,76,south_china_region,yingde,1118.246,365.9305,0.6540122985839844,physical_screen,12845.5,3512.375
pp_nav_01613,navigable,94,bengal_region,sonargaon,4840.347,764.837,0.0,physical_screen,11823.142857142857,3515.0
pp_nav_01614,navigable,76,indochina_region,ta_shwe_htan,1766.526,299.847,0.0,physical_screen,12175.104166666666,3509.4791666666665
pp_nav_01615,navigable,76,south_china_region,anding_mashan,1979.577,480.995,0.0,physical_screen,12613.765957446809,3513.7872340425533
pp_nav_01616,navigable,84,south_china_region,xincheng_xincheng,2158.115,529.5509999999999,0.0,physical_screen,12639.958333333334,3513.5416666666665
pp_nav_01617,barrier,83,nubia_region,kalabsha,3035.3015,369.36850000000004,0.0,nile_cataract_belt,9187.479166666666,3526.1041666666665
pp_nav_01618,navigable,77,indochina_region,mabein,920.21,187.126,0.007470703125,physical_screen,12085.479166666666,3526.4791666666665
pp_nav_01619,navigable,76,south_china_region,wuxian_liuzhou,2377.93,610.67,0.0,physical_screen,12676.666666666666,3518.25
pp_nav_01620,improvable,80,indochina_region,thaungdut,4466.366,393.3075,0.6173173878557588,physical_screen,11988.791666666666,3529.0833333333335
pp_nav_01621,navigable,82,south_china_region,gengma,1262.5575,229.57850000000002,0.07193593480012593,physical_screen,12251.388888888889,3530.6296296296296
pp_nav_01622,navigable,55,south_china_region,haiyang,504.313,131.248,0.2243039351435181,physical_screen,13000.088235294117,3523.4117647058824
pp_nav_01623,navigable,75,bengal_region,bikrampur,34844.535,5980.983,0.0,physical_screen,11787.583333333334,3525.9166666666665
pp_nav_01624,navigable,73,indochina_region,namhkan,593.5954999999999,120.1035,0.18384399414062502,physical_screen,12122.708333333334,3524.875
pp_nav_01625,navigable,46,south_china_region,qianjiang_binzhou,2290.318,575.944,0.28534548973896395,physical_screen,12660.214285714286,3522.5
pp_nav_01626,navigable,82,indochina_region,takawng,7647.104,1183.206,0.0,physical_screen,12062.1875,3538.6875
pp_nav_01627,navigable,82,indochina_region,ta_shwe_htan,1939.616,320.669,0.0,physical_screen,12181.229166666666,3539.4375
pp_nav_01628,navigable,60,south_china_region,sanshui,1288.145,411.598,0.04375782012939453,physical_screen,12830.594594594595,3537.108108108108
pp_nav_01629,improvable,81,south_china_region,cangwu,6012.619500000001,1847.286,0.4643214372994235,physical_screen,12756.1875,3533.6666666666665
pp_nav_01630,navigable,78,south_china_region,guiping,3881.946,1223.139,0.0,physical_screen,12694.333333333334,3536.0416666666665
pp_nav_01631,navigable,79,south_china_region,pingnan,5563.385,1648.792,0.032537078857421874,physical_screen,12718.375,3533.75
pp_nav_01632,improvable,61,indochina_region,mabein,645.6915,133.4995,1.0484405517578126,physical_screen,12098.526315789473,3541.9210526315787
pp_nav_01633,navigable,63,bengal_region,bikrampur,34894.543,6025.451,0.10823254585266114,physical_screen,11810.71794871795,3542.102564102564
pp_nav_01634,improvable,35,south_china_region,tanjin,5987.825,1836.456,0.9829887390136719,physical_screen,12740.478260869566,3538.695652173913
pp_nav_01635,navigable,59,south_china_region,guishan,613.768,149.432,0.17202491760253907,physical_screen,12905.0,3547.342857142857
pp_nav_01636,navigable,51,south_china_region,duanxi,6978.517,2248.6075,0.0,physical_screen,12771.466666666667,3549.0333333333333
pp_nav_01637,navigable,76,south_china_region,guizhou_xunzhou,1534.577,356.97,0.07267860700120375,physical_screen,12689.104166666666,3554.8541666666665
pp_nav_01638,barrier,85,nubia_region,qasr_ibrim,3213.658,385.097,0.0,nile_cataract_belt,9176.64406779661,3563.64406779661
pp_nav_01639,navigable,76,bengal_region,pandua,593.863,105.4255,0.0,physical_screen,11715.395833333334,3560.0625
pp_nav_01640,navigable,91,indochina_region,kale,2686.6575000000003,247.281,0.23697052001953126,physical_screen,11981.296296296296,3555.3518518518517
pp_nav_01641,barrier,76,indochina_region,nam_thing,2050.668,335.524,3.624560546875,physical_screen,12176.9375,3562.8125
pp_nav_01642,navigable,78,south_china_region,gaoyao,7420.139,2365.924,0.0,physical_screen,12823.041666666666,3558.4583333333335
pp_nav_01643,navigable,78,south_china_region,mengban_weiyuan,1459.047,256.83900000000006,0.0,physical_screen,12254.108695652174,3564.195652173913
pp_nav_01644,improvable,82,south_china_region,gaoyao,7215.861,2326.185,0.7790477752685547,physical_screen,12797.88,3556.04
pp_nav_01645,navigable,82,south_china_region,boluo,827.709,196.5805,0.11127384643623708,physical_screen,12884.645833333334,3555.7291666666665
pp_nav_01646,navigable,42,south_china_region,zhengcheng,1041.516,250.196,0.0023487091064453127,physical_screen,12860.846153846154,3558.6923076923076
pp_nav_01647,navigable,99,indochina_region,ngasingu,7773.91,1197.796,0.0,physical_screen,12059.17857142857,3584.3214285714284
pp_nav_01648,navigable,44,south_china_region,nanhai,9033.918000000001,2993.147,0.20960397720336915,physical_screen,12836.846153846154,3566.8076923076924
pp_nav_01649,navigable,78,indochina_region,butalin,5566.781,548.323,0.09843215942382813,physical_screen,11997.25,3567.8333333333335
pp_nav_01650,navigable,79,south_china_region,ningpu,1392.228,296.045,0.26612701416015627,physical_screen,12668.9375,3576.2708333333335
pp_nav_01651,navigable,85,south_china_region,xuanhua_nanning,658.948,128.632,0.0998870849609375,physical_screen,12611.25,3575.7884615384614
pp_nav_01652,navigable,84,south_china_region,ningpu,1256.6680000000001,258.5365,0.0,physical_screen,12640.98,3574.2
pp_nav_01653,navigable,72,south_china_region,xiangshan_xinhui,9138.308,3013.58,0.026301252841949462,physical_screen,12840.52380952381,3582.9761904761904
pp_nav_01654,navigable,79,south_china_region,pangyang,2161.322,355.7605,0.0,physical_screen,12178.75,3593.5416666666665
pp_nav_01655,navigable,81,indochina_region,butalin,5621.341,554.845,0.0,physical_screen,12008.854166666666,3591.1041666666665
pp_nav_01656,barrier,73,nubia_region,qasr_ibrim,3215.723,371.877,0.0,nile_cataract_belt,9151.625,3582.0833333333335
pp_nav_01657,navigable,70,bengal_region,satgaon,651.1220000000001,109.132,0.0,physical_screen,11706.833333333334,3590.5714285714284
pp_nav_01658,navigable,86,south_china_region,chongshan,556.673,108.413,0.0,physical_screen,12582.12962962963,3591.259259259259
pp_nav_01659,barrier,70,nubia_region,daw_sud,3217.121,353.356,0.0,nile_cataract_belt,9128.208333333334,3602.7083333333335
pp_nav_01660,navigable,70,indochina_region,thuy_vi,571.975,103.811,0.0,physical_screen,12435.354166666666,3603.1458333333335
pp_nav_01661,navigable,102,indochina_region,amyint,5676.440500000001,558.703,0.08809892050520352,physical_screen,12023.5,3628.3
pp_nav_01662,improvable,85,south_china_region,jinglong,1814.077,316.141,1.3582548562023657,physical_screen,12283.836734693878,3621.795918367347
pp_nav_01663,navigable,93,indochina_region,wetwin,8297.394,1263.635,0.0006439208984375,physical_screen,12059.218181818182,3623.7272727272725
pp_nav_01664,navigable,82,south_china_region,phong_tho,957.508,135.591,0.0,physical_screen,12392.192307692309,3614.8076923076924
pp_nav_01665,improvable,80,south_china_region,matman,2136.694,346.702,1.2766845703125,physical_screen,12180.9375,3625.4375
pp_nav_01666,barrier,71,nubia_region,faras,3217.156,344.95799999999997,0.0715484619140625,nile_cataract_belt,9110.0,3632.5
pp_nav_01667,improvable,75,indochina_region,quy_hoa,677.564,121.729,0.5983970642089844,physical_screen,12457.979166666666,3628.5208333333335
pp_nav_01668,improvable,82,indochina_region,thuan_chau,1034.1865,144.83499999999998,1.0609832763671876,physical_screen,12411.979166666666,3637.5208333333335
pp_nav_01669,navigable,74,indochina_region,amyint,9392.561,1499.941,0.036220227060096845,physical_screen,12033.9375,3637.7291666666665
pp_nav_01670,navigable,85,indochina_region,tam_dai,1034.527,163.246,0.0,physical_screen,12483.2,3641.34
pp_nav_01671,improvable,56,indochina_region,wetwin,509.02099999999996,106.249,0.5185272216796875,physical_screen,12076.617647058823,3633.4117647058824
pp_nav_01672,navigable,105,bengal_region,samasingha,1256.829,84.714,0.03154322133289237,physical_screen,11491.467741935483,3638.1612903225805
pp_nav_01673,navigable,77,indochina_region,mong_yawng,2141.2045,392.1395,0.6370849609375,physical_screen,12289.833333333334,3649.0416666666665
pp_nav_01674,navigable,79,bengal_region,lai_lin_pi,981.253,78.49199999999999,0.0,physical_screen,11915.9375,3652.3125
pp_nav_01675,navigable,79,indochina_region,mongping,2340.7295000000004,375.43499999999995,0.0,physical_screen,12182.583333333334,3658.4166666666665
pp_nav_01676,navigable,77,indochina_region,tam_dai,744.185,132.77,0.0936863899230957,physical_screen,12479.458333333334,3653.3958333333335
pp_nav_01677,barrier,75,nubia_region,sai,3218.8959999999997,337.07550000000003,0.0,nile_cataract_belt,9093.083333333334,3659.7083333333335
pp_nav_01678,improvable,78,bengal_region,sambalpur,1584.677,109.442,0.434722900390625,physical_screen,11509.8125,3663.7708333333335
pp_nav_01679,navigable,78,indochina_region,mang_viet,1206.3205,171.7055,0.0,physical_screen,12437.1875,3660.3125
pp_nav_01680,navigable,74,indochina_region,pakokku,15058.088,2118.962,0.018865966796875,physical_screen,12015.040816326531,3663.8367346938776
pp_nav_01681,barrier,73,indochina_region,muang_sing,2488.154,454.083,2.8534636735652334,physical_screen,12271.1875,3674.0625
pp_nav_01682,navigable,84,indochina_region,tam_dai,3335.344,525.071,0.04491716318704844,physical_screen,12502.770833333334,3670.7291666666665
pp_nav_01683,navigable,83,indochina_region,da_giang,1394.557,191.09050000000002,0.30582656860351565,physical_screen,12483.270833333334,3679.3541666666665
pp_nav_01684,navigable,62,indochina_region,weithali,1208.271,94.474,0.10206279754638672,physical_screen,11923.805555555555,3683.0833333333335
pp_nav_01685,improvable,66,indochina_region,mang_viet,1327.736,183.129,0.6040283203125,physical_screen,12463.219512195123,3677.268292682927
pp_nav_01686,barrier,76,nubia_region,sai,3224.623,332.0085,0.0,nile_cataract_belt,9076.0625,3685.8958333333335
pp_nav_01687,navigable,81,indochina_region,ban_luang_cheng,561.531,124.89349999999999,0.0,physical_screen,12365.041666666666,3688.5416666666665
pp_nav_01688,improvable,44,indochina_region,mongping,2369.3410000000003,380.193,1.6694554453230506,physical_screen,12178.423076923076,3679.6153846153848
pp_nav_01689,navigable,92,indochina_region,salay,15132.199,2136.1485000000002,0.10621261596679688,physical_screen,12006.722222222223,3698.185185185185
pp_nav_01690,improvable,76,bengal_region,sonepur,2179.048,146.0675,0.424493408203125,physical_screen,11522.125,3685.625
pp_nav_01691,navigable,108,indochina_region,bo_hai_khau,3362.91,604.013,0.0,physical_screen,12523.935483870968,3702.532258064516
pp_nav_01692,navigable,35,indochina_region,mong_hpayak,2607.0795,478.7165,0.188427734375,physical_screen,12261.6,3687.1
pp_nav_01693,barrier,78,indochina_region,mongtung,2697.8365,449.368,5.666607666015625,physical_screen,12180.041666666666,3706.375
pp_nav_01694,navigable,79,bengal_region,athmallik,2312.824,158.351,0.095013427734375,physical_screen,11550.5625,3700.9375
pp_nav_01695,navigable,49,bengal_region,ratnagiri,1011.447,78.849,0.022032785415649413,physical_screen,11634.451612903225,3693.516129032258
pp_nav_01696,improvable,57,indochina_region,vieng_phouka,2664.26,490.5745,0.939398193359375,physical_screen,12249.583333333334,3704.972222222222
pp_nav_01697,barrier,85,nubia_region,sai,3231.152,331.037,0.1799652099609375,nile_cataract_belt,9076.875,3715.0833333333335
pp_nav_01698,navigable,71,bengal_region,narsinghpur,2433.376,196.155,0.32671966552734377,physical_screen,11594.875,3707.25
pp_nav_01699,navigable,59,bengal_region,ratnagiri,2527.463,211.299,0.06921986502466627,physical_screen,11624.757575757576,3708.6666666666665
pp_nav_01700,barrier,70,indochina_region,muang_xay,624.462,141.615,3.0735503111880473,physical_screen,12350.583333333334,3719.7083333333335
pp_nav_01701,navigable,33,bengal_region,kataka,2487.575,209.594,0.12271175384521485,physical_screen,11611.0,3711.5
pp_nav_01702,navigable,39,bengal_region,narsinghpur,2401.389,181.67849999999999,0.26273956298828127,physical_screen,11573.681818181818,3712.0
pp_nav_01703,improvable,54,indochina_region,vieng_phouka,2812.2435,532.862,0.71143798828125,physical_screen,12256.79411764706,3714.6470588235293
pp_nav_01704,navigable,33,bengal_region,harishpur,2546.326,212.7935,0.0,physical_screen,11627.818181818182,3716.681818181818
pp_nav_01705,navigable,84,indochina_region,chom_khao_maneerat,2983.468,583.479,0.0,physical_screen,12271.041666666666,3734.125
pp_nav_01706,navigable,83,indochina_region,mawkmai,2775.775,460.78150000000005,0.0,physical_screen,12165.4375,3730.9375
pp_nav_01707,improvable,79,indochina_region,muang_xay,3072.206,594.264,1.4734500658125504,physical_screen,12325.6875,3735.1875
pp_nav_01708,barrier,82,nubia_region,kerma,3235.443,334.457,0.005315489681234474,nile_cataract_belt,9073.5,3743.2916666666665
pp_nav_01709,navigable,88,indochina_region,myede,15342.7295,2189.871,0.07494985204334503,physical_screen,12022.145833333334,3751.3541666666665
pp_nav_01710,navigable,82,indochina_region,mongpai,3182.019,554.027,0.0,physical_screen,12136.672727272728,3753.672727272727
pp_nav_01711,navigable,60,indochina_region,muang_xay,3031.554,596.834,0.0,physical_screen,12295.8,3741.3142857142857
pp_nav_01712,navigable,75,indochina_region,hongsa,3917.639,793.34,0.0,physical_screen,12330.125,3750.9166666666665
pp_nav_01713,barrier,79,nubia_region,abu_hamed,3084.461,383.582,0.1661041259765625,nile_cataract_belt;physical_screen,9197.458333333334,3762.7916666666665
pp_nav_01714,barrier,87,nubia_region,dongola,3238.687,347.094,0.1288304601358085,nile_cataract_belt,9077.041666666666,3780.75
pp_nav_01715,navigable,46,indochina_region,vang_vieng,3943.542,783.4,0.0,physical_screen,12326.344827586207,3776.4137931034484
pp_nav_01716,barrier,77,nubia_region,abu_hamed,3081.3990000000003,381.509,0.000845836709305877,nile_cataract_belt,9172.479166666666,3782.9791666666665
pp_nav_01717,navigable,84,nubia_region,shemkhiya,3085.11,384.856,0.12443308188432062,physical_screen,9216.375,3785.875
pp_nav_01718,navigable,55,indochina_region,thayet,15424.895,2208.358,0.0,physical_screen,12022.666666666666,3785.6969696969695
pp_nav_01719,navigable,87,indochina_region,siri_do,3378.835,601.871,0.0,physical_screen,12124.745098039215,3798.843137254902
pp_nav_01720,barrier,78,nubia_region,karima,3078.8405000000002,379.426,0.0,nile_cataract_belt,9149.270833333334,3804.6875
pp_nav_01721,navigable,82,central_india_region,bhadrachalam,2096.46,105.925,0.21914767059985432,physical_screen,11339.6875,3805.2291666666665
pp_nav_01722,navigable,33,indochina_region,pyay,15731.348999999998,2255.4515,0.0,physical_screen,12022.15,3806.65
pp_nav_01723,improvable,76,indochina_region,ban_khon,4106.996,789.73,1.6459869384765624,physical_screen,12317.033333333333,3820.5333333333333
pp_nav_01724,barrier,81,nubia_region,dongola,3241.606,361.291,0.0,nile_cataract_belt,9085.333333333334,3818.5416666666665
pp_nav_01725,navigable,82,nubia_region,shemkhiya,3089.483,389.146,0.078790283203125,physical_screen,9226.875,3819.25
pp_nav_01726,navigable,34,mesoamerica_region,cosamaloapan,647.93,98.255,0.0,physical_screen,3331.086956521739,3818.782608695652
pp_nav_01727,improvable,76,mesoamerica_region,churumekua,985.415,87.646,0.8947601318359375,physical_screen,3057.0,3817.4166666666665
pp_nav_01728,navigable,81,central_india_region,rekapalle,2648.7439999999997,210.41,0.13450164794921876,physical_screen,11356.020833333334,3827.3541666666665
pp_nav_01729,navigable,79,mesoamerica_region,churumekua,1116.063,105.232,0.0,physical_screen,3052.0208333333335,3827.3125
pp_nav_01730,navigable,82,indochina_region,kyaukkyi,591.914,99.435,0.17641563415527345,physical_screen,12092.229166666666,3831.0208333333335
pp_nav_01731,navigable,74,indochina_region,paungde,15987.658,2288.718,0.2153731346130371,physical_screen,12028.604166666666,3828.8958333333335
pp_nav_01732,navigable,79,mesoamerica_region,churumekua,889.701,78.991,0.2716583251953125,physical_screen,3089.6304347826085,3818.478260869565
pp_nav_01733,navigable,97,mesoamerica_region,cupilco,1185.337,220.804,0.04377484715106197,physical_screen,3470.05,3831.3166666666666
pp_nav_01734,barrier,78,nubia_region,karima,3089.126,380.6255,0.22177886616862152,nile_cataract_belt,9130.796296296296,3832.962962962963
pp_nav_01735,navigable,36,indochina_region,bolikham,5441.219,959.044,0.0,physical_screen,12398.0,3821.9523809523807
pp_nav_01736,navigable,78,indochina_region,bolikham,5838.5825,989.0675,0.0045166015625,physical_screen,12421.604166666666,3830.6041666666665
pp_nav_01737,navigable,76,indochina_region,pak_huei_lang,4645.690500000001,856.4315,0.0,physical_screen,12384.770833333334,3835.8125
pp_nav_01738,navigable,38,mesoamerica_region,otatitlan,561.4794999999999,85.6465,0.04245777130126953,physical_screen,3320.2916666666665,3832.7916666666665
pp_nav_01739,navigable,86,mesoamerica_region,zahuatan,2296.105,484.912,0.0787597293315054,physical_screen,3493.7916666666665,3838.375
pp_nav_01740,navigable,83,indonesia_region,gattaran,1199.234,240.113,0.007064735991728665,physical_screen,13229.625,3846.8333333333335
pp_nav_01741,improvable,69,mesoamerica_region,chucutitlan,1138.44,108.609,0.8084909533494294,physical_screen,3041.4222222222224,3838.866666666667
pp_nav_01742,navigable,76,indochina_region,phon_hong,4347.119500000001,803.1345,0.0,physical_screen,12337.083333333334,3839.3333333333335
pp_nav_01743,navigable,36,indochina_region,vientiane,629.607,80.907,0.0290924072265625,physical_screen,12368.761904761905,3835.9523809523807
pp_nav_01744,navigable,78,nubia_region,shemkhiya,3075.4120000000003,375.2655,0.0275054931640625,physical_screen,9235.979166666666,3854.5625
pp_nav_01745,barrier,78,nubia_region,karima,3081.701,375.37,0.08706817626953126,nile_cataract_belt,9104.833333333334,3842.8333333333335
pp_nav_01746,navigable,84,central_india_region,rekapalle,2710.54,218.656,0.2319671630859375,physical_screen,11372.770833333334,3856.1041666666665
pp_nav_01747,navigable,39,indochina_region,phon_hong,4311.710999999999,805.2760000000001,0.53458251953125,physical_screen,12319.25,3849.6666666666665
pp_nav_01748,navigable,75,indochina_region,thakhek,6494.3655,1043.6305,0.030121710964696687,physical_screen,12441.583333333334,3856.9166666666665
pp_nav_01749,navigable,93,indochina_region,vientiane,4496.564,825.329,0.20281372070312498,physical_screen,12364.67857142857,3849.3571428571427
pp_nav_01750,navigable,80,indochina_region,tharrawaddy,16232.7,2327.255,0.15693378448486328,physical_screen,12036.25,3861.5
pp_nav_01751,barrier,81,indochina_region,papun,4336.8555,790.8555,4.6974029541015625,physical_screen,12138.75,3865.4583333333335
pp_nav_01752,navigable,80,indochina_region,sittaung,1001.083,131.16,0.0,physical_screen,12100.772727272728,3867.4545454545455
pp_nav_01753,navigable,79,mesoamerica_region,tatahuitalpan,2126.207,447.238,0.19358501434326172,physical_screen,3515.6666666666665,3857.625
pp_nav_01754,navigable,76,mesoamerica_region,tatahuitalpan,1980.6480000000001,402.244,0.2996668029737212,physical_screen,3526.3958333333335,3875.5208333333335
pp_nav_01755,navigable,86,indonesia_region,bolo,880.361,206.628,0.05483436584472656,physical_screen,13235.333333333334,3881.59649122807
pp_nav_01756,navigable,84,central_india_region,rekapalle,3292.5785,318.594,0.19922698899128294,physical_screen,11397.770833333334,3876.7291666666665
pp_nav_01757,navigable,76,indochina_region,thakhek,7056.45,1141.953,0.0,physical_screen,12459.702127659575,3885.127659574468
pp_nav_01758,navigable,76,nubia_region,el_metemma,2699.583,341.2365,0.0122314453125,physical_screen,9227.395833333334,3887.9375
pp_nav_01759,navigable,77,indochina_region,twante,16598.076,2370.4790000000003,0.0,physical_screen,12042.895833333334,3889.3125
pp_nav_01760,navigable,95,indochina_region,hpa_an,4666.7880000000005,810.5815,0.09679832458496093,physical_screen,12135.160714285714,3905.2321428571427
pp_nav_01761,navigable,60,mesoamerica_region,pochutla,1925.7775000000001,380.633,0.0,physical_screen,3536.3055555555557,3898.1944444444443
pp_nav_01762,navigable,100,deccan_region,rajamahendry,3365.372,325.536,0.21505107428409587,physical_screen,11417.465517241379,3909.4827586206898
pp_nav_01763,navigable,85,sahel_region,bamba,531.774,286.044,0.0016448974609375,physical_screen,7634.229166666667,3901.4375
pp_nav_01764,navigable,82,sahel_region,bourem,758.055,377.1495,0.0745657319478416,physical_screen,7667.270833333333,3907.5625
pp_nav_01765,navigable,73,nubia_region,el_metemma,2693.539,339.74,0.13780775490484642,physical_screen,9212.791666666666,3916.2916666666665
pp_nav_01766,navigable,81,sahel_region,gourma_rharous,514.208,287.661,0.0472000427985789,physical_screen,7590.958333333333,3911.2916666666665
pp_nav_01767,navigable,93,indochina_region,naungyo,16832.488,2314.898,0.0,physical_screen,12029.192982456141,3922.1929824561403
pp_nav_01768,navigable,80,indochina_region,savannakhet,7443.99,1237.453,0.0,physical_screen,12461.479166666666,3925.1041666666665
pp_nav_01769,improvable,50,central_america_region,pachan,1898.662,373.882,0.7096405029296875,physical_screen,3557.3,3917.2
pp_nav_01770,navigable,82,deccan_region,wazirabad,1863.9645,113.445,0.12639961242675782,physical_screen,11335.083333333334,3918.9166666666665
pp_nav_01771,navigable,81,sahel_region,kabara,570.879,342.46,0.036316574390371954,physical_screen,7556.458333333333,3922.9583333333335
pp_nav_01772,improvable,78,deccan_region,wazirabad,1762.423,102.714,0.5796234130859375,physical_screen,11308.333333333334,3923.9583333333335
pp_nav_01773,navigable,78,sahel_region,gao,770.6265,380.801,0.0,physical_screen,7685.25,3936.25
pp_nav_01774,navigable,80,deccan_region,kondapalli,2012.908,124.702,0.12639961242675782,physical_screen,11360.895833333334,3933.6041666666665
pp_nav_01775,navigable,74,nubia_region,el_metemma,2688.5985,341.425,0.18104248046875,physical_screen,9186.020833333334,3932.8541666666665
pp_nav_01776,navigable,34,central_america_region,pachan,507.617,95.993,0.24088760352368124,physical_screen,3568.2631578947367,3932.2105263157896
pp_nav_01777,navigable,43,sahel_region,goundam,588.109,326.213,0.0,physical_screen,7537.851851851852,3941.8518518518517
pp_nav_01778,barrier,55,deccan_region,amrabad,1710.526,95.972,2.41952680150019,physical_screen,11291.90909090909,3944.151515151515
pp_nav_01779,navigable,46,indochina_region,thuan_binh,7509.916,1259.495,0.0,physical_screen,12473.592592592593,3949.4074074074074
pp_nav_01780,navigable,83,nubia_region,omdurman,2690.5235000000002,346.7115,0.089416195850833,physical_screen,9171.645833333334,3964.4375
pp_nav_01781,navigable,55,deccan_region,masulipatnam,2044.276,125.159,0.025973255368545688,physical_screen,11372.21875,3960.40625
pp_nav_01782,navigable,87,deccan_region,panugallu,1699.822,93.441,0.0,physical_screen,11268.603773584906,3954.6603773584907
pp_nav_01783,navigable,81,sahel_region,ansongo,819.117,368.3555,0.1727203369140625,physical_screen,7702.708333333333,3966.7916666666665
pp_nav_01784,navigable,82,indochina_region,muang_mang,8142.1475,1300.5445,0.0,physical_screen,12490.895833333334,3966.7083333333335
pp_nav_01785,navigable,77,nubia_region,soba,1600.7495,146.786,0.0372833251953125,physical_screen,9184.416666666666,3993.0833333333335
pp_nav_01786,improvable,79,indochina_region,champasak,8188.960999999999,1287.752,0.41967315673828126,physical_screen,12495.229166666666,3993.2708333333335
pp_nav_01787,navigable,78,sahel_region,kukiya,795.41,340.8225,0.0692535400390625,physical_screen,7719.645833333333,3995.1458333333335
pp_nav_01788,navigable,79,nubia_region,omdurman,1335.2525,225.7095,0.0,physical_screen,9167.166666666666,4001.5416666666665
pp_nav_01789,navigable,65,indochina_region,muang_khemarat,716.583,237.128,0.063189697265625,physical_screen,12472.55,3999.475
pp_nav_01790,navigable,91,indochina_region,champasak,9545.795,1548.952,0.0,physical_screen,12509.107142857143,4018.464285714286
pp_nav_01791,navigable,98,nubia_region,arbaji,1624.311,154.626,0.0,physical_screen,9205.881355932202,4023.762711864407
pp_nav_01792,navigable,81,sahel_region,ayerou,791.992,331.265,0.16597813611250803,physical_screen,7729.1875,4026.3125
pp_nav_01793,navigable,79,central_america_region,ahuya_yari,709.923,175.136,0.08176536560058593,physical_screen,3886.0625,4018.2708333333335
pp_nav_01794,navigable,76,nubia_region,waylula,1355.357,229.286,0.00019265415431776265,physical_screen,9156.6875,4036.8125
pp_nav_01795,navigable,85,indochina_region,lopburi,510.7905,172.9905,0.07117011827775709,physical_screen,12264.041666666666,4043.5
pp_nav_01796,navigable,71,indochina_region,tonle_kong,746.556,93.45150000000001,0.09372177124023438,physical_screen,12541.958333333334,4035.4791666666665
pp_nav_01797,navigable,71,central_america_region,ku,634.954,166.831,0.15174942016601561,physical_screen,3856.813953488372,4029.3488372093025
pp_nav_01798,navigable,75,sahel_region,dia,723.922,130.169,0.03731689453125,physical_screen,7487.4375,4050.8541666666665
pp_nav_01799,navigable,80,sahel_region,dargol,791.6875,315.312,0.0,physical_screen,7749.0625,4054.4375
pp_nav_01800,navigable,84,indochina_region,preah_ko,9697.491,1558.3815,0.33871917724609374,physical_screen,12511.479166666666,4061.4791666666665
pp_nav_01801,navigable,77,nubia_region,wad_madani,1574.616,159.697,0.2032004709840057,physical_screen,9220.270833333334,4059.4583333333335
pp_nav_01802,navigable,86,indochina_region,stung_treng,1018.734,133.574,0.29540557861328126,physical_screen,12530.811320754718,4068.2075471698113
pp_nav_01803,navigable,81,nubia_region,kosa,1339.055,259.185,0.0,physical_screen,9162.895833333334,4072.6041666666665
pp_nav_01804,navigable,82,sahel_region,macina,903.5799999999999,120.564,0.05918005137116382,physical_screen,7457.375,4064.875
pp_nav_01805,navigable,63,indochina_region,ayodhya,824.622,392.186,0.0,physical_screen,12266.583333333334,4077.9166666666665
pp_nav_01806,navigable,78,sahel_region,gotheye,767.2719999999999,294.572,0.1551422119140625,physical_screen,7767.708333333333,4083.7916666666665
pp_nav_01807,navigable,105,indochina_region,chaisri,600.759,138.452,0.20205005746557436,physical_screen,12234.507936507936,4085.6984126984125
pp_nav_01808,navigable,75,sahel_region,sansanding,1009.72,112.061,0.06787040973302104,physical_screen,7426.791666666667,4081.9166666666665
pp_nav_01809,navigable,77,indochina_region,stung_treng,638.4870000000001,78.9165,0.2365753173828125,physical_screen,12539.479166666666,4085.8541666666665
pp_nav_01810,navigable,78,nubia_region,sennar,1469.724,159.541,0.08271444737232388,physical_screen,9220.208333333334,4088.625
pp_nav_01811,navigable,79,indochina_region,stung_treng,9854.391,1564.285,0.19337921142578124,physical_screen,12518.183673469388,4090.816326530612
pp_nav_01812,navigable,79,sahel_region,segou,1042.3,119.104,0.10034371436196628,physical_screen,7399.5,4100.5
pp_nav_01813,navigable,78,nubia_region,kosa,1351.3049999999998,311.543,0.0,physical_screen,9175.458333333334,4105.5
pp_nav_01814,navigable,83,sahel_region,goudel,749.65,276.25,0.0,physical_screen,7791.645833333333,4107.854166666667
pp_nav_01815,navigable,85,indochina_region,lumphat,1140.978,185.487,0.20737075805664062,physical_screen,12542.145833333334,4098.604166666667
pp_nav_01816,navigable,56,indochina_region,lumphat,1032.7849999999999,168.82299999999998,0.24980621337890624,physical_screen,12566.235294117647,4104.441176470588
pp_nav_01817,navigable,72,indochina_region,sampheak_borak,13014.339,2068.2895,0.24846766164013748,physical_screen,12514.857142857143,4117.261904761905
pp_nav_01818,navigable,76,sahel_region,nyamina,1061.65,159.8895,0.06116876150479186,physical_screen,7366.666666666667,4114.166666666667
pp_nav_01819,navigable,76,nubia_region,singa,1471.526,158.261,0.2642818139116279,physical_screen,9233.75,4116.416666666667
pp_nav_01820,improvable,35,indochina_region,doh_kromum,520.9504999999999,94.496,0.7869049072265625,physical_screen,12580.045454545454,4117.454545454545
pp_nav_01821,navigable,100,central_america_region,prinzus,546.026,100.266,0.0764253372535508,physical_screen,3859.15,4119.716666666666
pp_nav_01822,navigable,82,nubia_region,kosa,1358.256,328.105,0.0,physical_screen,9182.708333333334,4140.208333333333
pp_nav_01823,improvable,77,sahel_region,koulikoro,1055.505,173.0265,0.39935302734375,physical_screen,7341.166666666667,4136.666666666667
pp_nav_01824,navigable,34,central_america_region,karawala,596.354,140.574,0.0,physical_screen,3879.315789473684,4129.684210526316
pp_nav_01825,navigable,82,sahel_region,say,767.192,271.185,0.2354639073478859,physical_screen,7803.520833333333,4142.479166666667
pp_nav_01826,navigable,79,nubia_region,dabarqi,1471.4825,156.549,0.06530797020288776,physical_screen,9245.166666666666,4146.5
pp_nav_01827,navigable,33,indochina_region,kracheh,13216.462,2109.0195000000003,0.2485261917114258,physical_screen,12516.0,4147.0
pp_nav_01828,navigable,77,sahel_region,kirina,1105.2,190.254,0.0031962279813332775,physical_screen,7318.734693877551,4162.734693877551
pp_nav_01829,navigable,79,sahel_region,tanda,960.48,349.301,0.027789668556758265,physical_screen,7819.958333333333,4157.604166666667
pp_nav_01830,navigable,84,nubia_region,kaka,1358.752,334.5345,0.0,physical_screen,9181.125,4180.041666666667
pp_nav_01831,navigable,85,nubia_region,dabarqi,1482.922,156.24849999999998,0.09978040108837594,physical_screen,9254.0625,4181.145833333333
pp_nav_01832,improvable,40,indochina_region,tenasserim,898.015,93.49549999999999,1.5702802658081054,physical_screen,12192.0,4170.5
pp_nav_01833,navigable,82,indochina_region,phnom_santuk,13567.753,2127.523,0.003872108459472656,physical_screen,12496.125,4174.25
pp_nav_01834,navigable,76,sahel_region,tanda,1097.6975,381.853,0.0,physical_screen,7838.833333333333,4181.666666666667
pp_nav_01835,navigable,79,sahel_region,mser,744.049,163.23649999999998,0.054260582236855856,physical_screen,8380.229166666666,4182.333333333333
pp_nav_01836,navigable,70,sahel_region,kaba,822.066,165.86,0.0056182861328125,physical_screen,7299.5625,4194.0625
pp_nav_01837,navigable,84,indochina_region,indrapura_khmer,1638.049,518.136,0.025466549094777,physical_screen,12465.1875,4196.354166666667
pp_nav_01838,navigable,48,indochina_region,indrapura_khmer,13563.929,2021.828,0.035798577817641244,physical_screen,12476.4,4188.7
pp_nav_01839,navigable,75,sahel_region,tounouga,914.329,258.939,0.0364715576171875,physical_screen,7863.085106382979,4204.914893617021
pp_nav_01840,navigable,81,central_africa_region,logone_birni,762.48,178.15,0.09312148192002434,physical_screen,8389.458333333334,4214.75
pp_nav_01841,navigable,80,nubia_region,kaka,1355.247,361.175,0.0,physical_screen,9177.354166666666,4219.979166666667
pp_nav_01842,improvable,79,nubia_region,al_rusayrisi,2120.615,223.728,0.597589111328125,physical_screen,9266.5625,4213.9375
pp_nav_01843,navigable,78,indochina_region,srey_sarchhor,15039.382000000001,2488.7315,0.0,physical_screen,12479.958333333334,4221.666666666667
pp_nav_01844,navigable,81,sahel_region,siguiri,800.7139999999999,163.90300000000002,0.063018798828125,physical_screen,7277.48,4218.26
pp_nav_01845,navigable,79,sahel_region,yauri,1229.132,321.873,0.0806488037109375,physical_screen,7889.895833333333,4227.604166666667
pp_nav_01846,improvable,53,ethiopia_region,fazughli,2090.026,222.741,0.41168212890625,physical_screen,9289.387096774193,4229.967741935484
pp_nav_01847,navigable,78,indochina_region,kampong_sraka_trey,985.4055000000001,147.089,0.04268665313720703,physical_screen,12560.3125,4234.083333333333
pp_nav_01848,navigable,85,colombia_region,mocana,7261.811,3767.047,0.0883546215455795,physical_screen,4285.270833333333,4252.854166666667
pp_nav_01849,navigable,83,central_africa_region,pouss,789.4860000000001,172.947,0.0155517578125,physical_screen,8406.3125,4244.1875
pp_nav_01850,navigable,71,nubia_region,kaka,1353.4665,378.432,0.01958828028308634,physical_screen,9161.833333333334,4251.333333333333
pp_nav_01851,navigable,38,sahel_region,kontagora,1270.115,328.191,0.0069580078125,physical_screen,7904.086956521739,4247.652173913043
pp_nav_01852,navigable,75,indochina_region,vyadhapura,14915.392,2493.523,0.020526313781738283,physical_screen,12484.979166666666,4255.3125
pp_nav_01853,improvable,33,ethiopia_region,fazughli,1836.161,208.221,1.06326904296875,physical_screen,9291.578947368422,4250.578947368421
pp_nav_01854,navigable,46,indochina_region,chan_bo,1256.984,186.418,0.13866406679153442,physical_screen,12552.035714285714,4254.821428571428
pp_nav_01855,navigable,77,central_africa_region,guelengdeng,770.995,175.46,0.21192950616701814,physical_screen,8438.604166666666,4259.604166666667
pp_nav_01856,navigable,80,guinea_region,bussa,1353.896,344.809,0.0,physical_screen,7898.25,4276.0
pp_nav_01857,navigable,78,central_africa_region,bousso,684.497,162.753,0.15589666975999444,physical_screen,8468.770833333334,4266.645833333333
pp_nav_01858,improvable,103,ethiopia_region,gimbi,1649.053,191.531,1.7528461583701205,physical_screen,9301.084745762711,4278.9152542372885
pp_nav_01859,navigable,77,nubia_region,fashoda,1242.132,375.067,0.023093129509809733,physical_screen,9156.979166666666,4281.4375
pp_nav_01860,navigable,78,ethiopia_region,gimbi,1074.612,144.163,0.16050305068776688,physical_screen,9350.8125,4272.270833333333
pp_nav_01861,navigable,75,indochina_region,phsar_dek,15164.515,2388.783,0.03933320045471191,physical_screen,12500.4375,4283.0625
pp_nav_01862,navigable,75,colombia_region,mahates,7280.052,3794.089,0.08855772018432617,physical_screen,4280.458333333333,4287.708333333333
pp_nav_01863,barrier,78,ethiopia_region,maldarede,914.6379999999999,131.01,4.922198086451173,physical_screen,9378.375,4279.708333333333
pp_nav_01864,navigable,78,central_africa_region,bousso,805.331,207.337,0.0755876336893244,physical_screen,8491.145833333334,4291.354166666667
pp_nav_01865,barrier,79,ethiopia_region,gimbi,1150.482,150.6415,3.4106201171875,physical_screen,9326.833333333334,4288.166666666667
pp_nav_01866,navigable,77,ethiopia_region,dima,608.0899999999999,93.482,0.0,physical_screen,9421.583333333334,4293.291666666667
pp_nav_01867,navigable,51,ethiopia_region,dima,794.13,115.493,0.0,physical_screen,9397.90625,4294.15625
pp_nav_01868,navigable,77,guinea_region,bussa,1509.7475,382.1055,0.0080902099609375,physical_screen,7899.354166666667,4314.458333333333
pp_nav_01869,navigable,57,indochina_region,phsar_dek,15243.084,2391.352,0.1891842246055603,physical_screen,12519.771428571428,4305.228571428572
pp_nav_01870,navigable,93,nubia_region,fashoda,1859.054,570.865,0.010682762672483304,physical_screen,9137.180327868853,4312.573770491803
pp_nav_01871,navigable,82,colombia_region,mompoj,7214.783,3773.296,0.11286006314072547,physical_screen,4285.469387755102,4323.163265306122
pp_nav_01872,navigable,73,central_africa_region,goundi,808.521,210.659,0.197137451171875,physical_screen,8510.170212765957,4318.595744680851
pp_nav_01873,navigable,92,guinea_region,bida,628.828,107.182,0.1900726318359375,physical_screen,7956.448275862069,4337.431034482759
pp_nav_01874,navigable,78,central_africa_region,yola,647.5645,132.529,0.19914132755049427,physical_screen,8252.104166666666,4325.854166666667
pp_nav_01875,navigable,78,central_africa_region,bi_pi,849.8865000000001,134.079,0.15947605696008718,physical_screen,8220.125,4324.041666666667
pp_nav_01876,navigable,74,nubia_region,nuba_sud,1551.1779999999999,639.1525,0.028893112725547884,physical_screen,9075.958333333334,4322.145833333333
pp_nav_01877,navigable,55,central_africa_region,doba,531.536,104.73,0.15854352146564818,physical_screen,8434.636363636364,4332.363636363636
pp_nav_01878,navigable,82,nubia_region,fashoda,2498.161,831.338,0.0278717041015625,physical_screen,9106.645833333334,4324.5625
pp_nav_01879,navigable,76,nubia_region,nuba_sud,1083.713,242.765,0.0,physical_screen,9049.6875,4331.354166666667
pp_nav_01880,navigable,32,central_africa_region,yola,651.577,148.813,0.1058135986328125,physical_screen,8270.857142857143,4329.238095238095
pp_nav_01881,navigable,65,colombia_region,jauregui,712.612,349.304,0.10699052810668945,physical_screen,4411.121951219512,4337.121951219512
pp_nav_01882,navigable,78,nubia_region,meshra_er_req,1902.0925,977.396,0.03999625872643504,physical_screen,9069.229166666666,4344.8125
pp_nav_01883,navigable,75,guinea_region,jebba,1718.6055000000001,414.691,0.04516359242978492,physical_screen,7914.791666666667,4338.416666666667
pp_nav_01884,navigable,75,central_africa_region,lau,839.1469999999999,139.6935,0.2165807174468743,physical_screen,8193.1875,4344.6875
pp_nav_01885,navigable,80,nubia_region,wau,590.91,149.326,0.016302490234375,physical_screen,9028.063829787234,4346.021276595745
pp_nav_01886,navigable,82,colombia_region,mompoj,4181.675,2355.572,0.08791834554435068,physical_screen,4298.12,4353.04
pp_nav_01887,navigable,45,guinea_region,bunce_island,816.844,95.018,0.03296008110046387,physical_screen,7102.821428571428,4353.892857142857
pp_nav_01888,navigable,81,guinea_region,tada,1768.147,420.598,0.08848876953125,physical_screen,7943.125,4354.166666666667
pp_nav_01889,navigable,46,indonesia_region,butuan,554.873,340.748,0.23276443481445314,physical_screen,13407.56,4356.44
pp_nav_01890,navigable,89,colombia_region,norosi,4133.873,2328.92,0.10226925636936227,physical_screen,4321.759259259259,4354.7962962962965
pp_nav_01891,navigable,80,central_africa_region,pankshin,908.785,155.1625,0.12762031905411417,physical_screen,8167.791666666667,4364.854166666667
pp_nav_01892,navigable,34,guinea_region,nupeko,2487.656,530.267,0.009288787841796875,physical_screen,7965.473684210527,4361.789473684211
pp_nav_01893,navigable,77,guinea_region,nupeko,2701.392,566.925,0.1583282470703125,physical_screen,7984.1875,4376.3125
pp_nav_01894,navigable,84,nubia_region,meshra_er_req,1965.796,1235.8075,0.065606689453125,physical_screen,9070.604166666666,4380.4375
pp_nav_01895,navigable,77,colombia_region,mompoj,2194.9285,1131.7649999999999,0.245564448123778,physical_screen,4292.270833333333,4382.354166666667
pp_nav_01896,navigable,79,guinea_region,salaga,697.543,195.801,0.0,physical_screen,7656.411764705882,4381.588235294118
pp_nav_01897,navigable,76,colombia_region,simiti,4123.3825,2337.038,0.15056916463396225,physical_screen,4329.75,4386.625
pp_nav_01898,navigable,62,colombia_region,hacaritamas,4138.1075,2339.522,0.11344146728515625,physical_screen,4334.0,4383.388888888889
pp_nav_01899,navigable,82,colombia_region,uyapari,36635.816,8655.375,0.05093101415544854,physical_screen,4860.708333333333,4372.416666666667
pp_nav_01900,navigable,85,colombia_region,orinucu,36700.883,8702.675,0.001485601745962454,physical_screen,4895.78,4374.28
pp_nav_01901,navigable,70,central_africa_region,ibi,1564.626,327.683,0.17383270263671874,physical_screen,8142.729166666667,4384.979166666667
pp_nav_01902,navigable,78,colombia_region,caroni,32223.6025,7421.488,0.14768142700195314,physical_screen,4833.708333333333,4384.833333333333
pp_nav_01903,navigable,75,colombia_region,guaquire,749.5995,304.745,0.057759043269301744,physical_screen,4607.625,4395.25
pp_nav_01904,navigable,82,colombia_region,guanipa,32227.789,7407.059,0.030316162109375,physical_screen,4806.0625,4390.6875
pp_nav_01905,navigable,82,guinea_region,lokoja,2904.318,590.121,0.17371597290039062,physical_screen,7997.833333333333,4406.75
pp_nav_01906,navigable,92,guinea_region,dambai,794.517,222.93,0.0,physical_screen,7682.962264150943,4408.037735849057
pp_nav_01907,navigable,79,colombia_region,caroni,4357.526,1202.263,0.0,physical_screen,4822.583333333333,4409.833333333333
pp_nav_01908,navigable,76,central_africa_region,ibi,1742.95,339.2545,0.18562088012695313,physical_screen,8115.041666666667,4403.333333333333
pp_nav_01909,navigable,39,colombia_region,acanti,3736.905,2143.638,0.0,physical_screen,4183.478260869565,4404.478260869565
pp_nav_01910,navigable,72,colombia_region,guanipa,32233.206,7378.3655,0.04510555267333984,physical_screen,4773.479166666667,4401.479166666667
pp_nav_01911,navigable,95,colombia_region,nechi,653.468,191.495,0.10450973510742187,physical_screen,4280.240740740741,4407.222222222223
pp_nav_01912,navigable,100,colombia_region,guaritico,1115.817,217.13,0.1356842041015625,physical_screen,4548.542372881356,4404.406779661017
pp_nav_01913,navigable,37,guinea_region,segbwema,624.4649999999999,84.1725,0.1738250732421875,physical_screen,7193.791666666667,4405.208333333333
pp_nav_01914,navigable,68,colombia_region,barinas,939.028,160.539,0.18390696832072195,physical_screen,4515.547619047619,4410.047619047619
pp_nav_01915,navigable,93,guinea_region,kuje,2652.261,501.487,0.11012626180263861,physical_screen,8024.218181818182,4403.672727272728
pp_nav_01916,navigable,80,nubia_region,rumbek,1989.405,1384.712,0.07508094166263596,physical_screen,9079.354166666666,4416.9375
pp_nav_01917,navigable,85,colombia_region,guaquire,1362.999,287.728,0.10480467392197147,physical_screen,4586.833333333333,4404.208333333333
pp_nav_01918,navigable,80,colombia_region,guanipa,31862.559999999998,7348.486,0.07726020812988281,physical_screen,4751.020833333333,4410.979166666667
pp_nav_01919,navigable,76,colombia_region,noris,1368.659,913.534,0.07036361694335938,physical_screen,4262.6875,4420.1875
pp_nav_01920,navigable,83,guinea_region,kuje,2497.7884999999997,471.999,0.0884409004253632,physical_screen,8062.958333333333,4410.541666666667
pp_nav_01921,navigable,77,colombia_region,simiti,3814.457,2255.729,0.3057243753900562,physical_screen,4326.479166666667,4423.125
pp_nav_01922,navigable,82,colombia_region,apure,2640.028,823.68,0.05889892578125,physical_screen,4628.229166666667,4416.604166666667
pp_nav_01923,navigable,81,colombia_region,ipire,29438.6425,6876.455,0.0,physical_screen,4703.708333333333,4413.166666666667
pp_nav_01924,improvable,76,guinea_region,mano,814.8655,111.85499999999999,0.5528071311215459,physical_screen,7176.395833333333,4423.395833333333
pp_nav_01925,navigable,84,guinea_region,katsina_ala,1782.1435000000001,339.85,0.11894859524090784,physical_screen,8093.895833333333,4417.895833333333
pp_nav_01926,navigable,80,colombia_region,kai_kara,29459.818,6767.571,0.12974767988934316,physical_screen,4731.666666666667,4421.458333333333
pp_nav_01927,navigable,94,guinea_region,sherbro_island,688.18,100.136,0.0033057689666748046,physical_screen,7141.135593220339,4430.1016949152545
pp_nav_01928,navigable,90,colombia_region,guamontey,2618.4205,795.373,0.06034012305186571,physical_screen,4661.5,4423.134615384615
pp_nav_01929,navigable,86,guinea_region,idah,5810.41,1130.0155,0.01924319615655075,physical_screen,7994.6875,4443.3125
pp_nav_01930,navigable,83,colombia_region,apure,622.4770000000001,336.77049999999997,0.07253265380859375,physical_screen,4589.979166666667,4429.5625
pp_nav_01931,navigable,87,colombia_region,apure,856.774,409.32349999999997,0.028363037109375,physical_screen,4626.729166666667,4431.729166666667
pp_nav_01932,navigable,34,colombia_region,kai_kara,2368.876,635.089,0.056383514404296876,physical_screen,4721.190476190476,4431.523809523809
pp_nav_01933,navigable,83,guinea_region,kpalime,1362.026,383.897,0.0,physical_screen,7697.145833333333,4443.895833333333
pp_nav_01934,navigable,85,guinea_region,katsina_ala,573.6569999999999,141.385,0.11014862060546876,physical_screen,8111.75,4440.788461538462
pp_nav_01935,navigable,103,colombia_region,apure,25516.26,5973.622,0.0,physical_screen,4653.145161290323,4438.112903225807
pp_nav_01936,navigable,61,colombia_region,caroni,4301.804,1188.236,0.0,physical_screen,4827.631578947368,4440.4473684210525
pp_nav_01937,navigable,77,colombia_region,apure,632.9755,280.581,0.11952362060546876,physical_screen,4556.416666666667,4439.916666666667
pp_nav_01938,navigable,78,nubia_region,shambe,1977.18,1542.08,0.104644775390625,physical_screen,9091.104166666666,4448.8125
pp_nav_01939,navigable,33,colombia_region,murri,2816.235,1791.626,0.007884407043457031,physical_screen,4180.736842105263,4443.421052631579
pp_nav_01940,barrier,70,colombia_region,sotachiro,1156.6375,856.843,2.2738922119140623,physical_screen,4252.729166666667,4446.5625
pp_nav_01941,navigable,44,guinea_region,mano,880.508,135.5015,0.242486572265625,physical_screen,7165.366666666667,4449.133333333333
pp_nav_01942,barrier,82,ethiopia_region,soddo,591.851,85.71549999999999,2.937955347833771,physical_screen,9393.854166666666,4453.9375
pp_nav_01943,navigable,123,colombia_region,yolombo,2790.26,1904.933,0.2075212684513403,physical_screen,4329.4358974358975,4453.294871794872
pp_nav_01944,navigable,44,indonesia_region,kuta_watu,568.861,285.399,0.043240833282470706,physical_screen,13352.285714285714,4450.214285714285
pp_nav_01945,navigable,77,guinea_region,bopolu,702.9214999999999,106.7475,0.0631744384765625,physical_screen,7227.895833333333,4457.395833333333
pp_nav_01946,navigable,85,colombia_region,arechuna,622.423,237.6375,0.18576505504039043,physical_screen,4524.666666666667,4454.958333333333
pp_nav_01947,navigable,54,colombia_region,apure,25214.745499999997,5884.122,0.0,physical_screen,4636.14705882353,4457.705882352941
pp_nav_01948,improvable,75,colombia_region,ebejico,1008.261,666.362,1.2245635986328125,physical_screen,4241.5,4462.833333333333
pp_nav_01949,navigable,91,colombia_region,sarare,516.02,163.924,0.09569817141978693,physical_screen,4465.037037037037,4456.648148148148
pp_nav_01950,navigable,55,colombia_region,arechuna,556.022,188.624,0.03388824462890625,physical_screen,4493.818181818182,4458.969696969697
pp_nav_01951,navigable,100,colombia_region,parepona,2125.9145,580.861,0.056243896484375,physical_screen,4810.064516129032,4469.919354838709
pp_nav_01952,navigable,80,nubia_region,shambe,2071.218,1620.618,0.08616012207711382,physical_screen,9112.041666666666,4475.458333333333
pp_nav_01953,navigable,83,guinea_region,kibi,1386.948,395.908,0.0,physical_screen,7695.9375,4483.479166666667
pp_nav_01954,navigable,45,guinea_region,ukunzu,5854.885,1138.5859999999998,0.042761240119154505,physical_screen,7992.107142857143,4474.607142857143
pp_nav_01955,improvable,67,guinea_region,saint_paul_river,850.47,128.738,0.8017631530761719,physical_screen,7206.613636363636,4480.022727272727
pp_nav_01956,navigable,79,ethiopia_region,soddo,669.8785,101.222,0.0,physical_screen,9377.4375,4476.229166666667
pp_nav_01957,navigable,79,colombia_region,bojaya,1771.8565,1248.8255,0.13265666961669922,physical_screen,4190.666666666667,4485.875
pp_nav_01958,navigable,52,colombia_region,ebejico,961.955,608.41,0.0,physical_screen,4236.645161290323,4481.451612903225
pp_nav_01959,navigable,75,ethiopia_region,soddo,724.2895000000001,112.0985,0.0,physical_screen,9351.145833333334,4483.479166666667
pp_nav_01960,navigable,72,colombia_region,guajobos,23705.02,5507.347,0.031735992431640624,physical_screen,4626.604166666667,4491.979166666667
pp_nav_01961,improvable,80,colombia_region,ebejico,908.8605,546.303,1.416156005859375,physical_screen,4240.0625,4499.520833333333
pp_nav_01962,navigable,77,colombia_region,pantagoras,2469.999,1710.743,0.1586334228515625,physical_screen,4297.75,4497.166666666667
pp_nav_01963,navigable,70,colombia_region,essequibo,1194.699,691.143,0.12490282058715821,physical_screen,5011.860465116279,4494.139534883721
pp_nav_01964,navigable,78,guinea_region,ugbodu,6466.9835,1301.2915,0.23074760762568228,physical_screen,7995.333333333333,4507.0
pp_nav_01965,improvable,75,ethiopia_region,omo,837.6055,139.8475,0.7307252406044485,physical_screen,9329.541666666666,4504.041666666667
pp_nav_01966,navigable,80,nubia_region,lado,2077.049,1648.1195,0.032611083984375,physical_screen,9127.895833333334,4507.604166666667
pp_nav_01967,improvable,76,guinea_region,junk_river,618.346,105.961,0.36612777709960936,physical_screen,7240.666666666667,4504.666666666667
pp_nav_01968,navigable,99,colombia_region,amaga,791.719,428.415,0.0,physical_screen,4240.118644067797,4517.627118644068
pp_nav_01969,navigable,81,colombia_region,guajobos,5141.753,850.663,0.0,physical_screen,4598.918367346939,4500.0
pp_nav_01970,navigable,77,colombia_region,tame,604.3605,111.657,0.106298828125,physical_screen,4504.625,4508.041666666667
pp_nav_01971,navigable,79,colombia_region,atanari,4790.984,825.8335,0.030370330810546874,physical_screen,4544.604166666667,4505.4375
pp_nav_01972,navigable,82,guinea_region,afikpo,1052.278,163.698,0.0,physical_screen,8075.645833333333,4510.6875
pp_nav_01973,navigable,43,colombia_region,guajobos,4979.572,839.495,0.0,physical_screen,4572.96,4504.52
pp_nav_01974,navigable,54,colombia_region,bojaya,1053.968,781.352,0.1135650634765625,physical_screen,4196.571428571428,4518.028571428571
pp_nav_01975,navigable,86,guinea_region,akropong,1033.404,310.353,0.03783283233642578,physical_screen,7708.588235294118,4512.176470588235
pp_nav_01976,navigable,52,colombia_region,atanari,17791.166,4454.93,0.0,physical_screen,4616.121212121212,4515.333333333333
pp_nav_01977,navigable,72,colombia_region,ondaimas,1914.949,1202.983,0.25675201416015625,physical_screen,4290.791666666667,4531.0
pp_nav_01978,navigable,78,guinea_region,awka_etiti,2011.533,318.67150000000004,0.0,physical_screen,8054.875,4527.791666666667
pp_nav_01979,improvable,78,central_africa_region,mobaye,562.914,124.487,0.6714447021484375,physical_screen,8692.875,4531.375
pp_nav_01980,navigable,49,guinea_region,ikom,812.0395000000001,124.063,0.0,physical_screen,8093.34375,4521.625
pp_nav_01981,navigable,66,colombia_region,essequibo,2270.9030000000002,1320.4695000000002,0.11732168197631837,physical_screen,5018.894736842105,4536.394736842105
pp_nav_01982,improvable,80,ethiopia_region,omo,911.824,164.609,0.448980712890625,physical_screen,9327.583333333334,4539.458333333333
pp_nav_01983,navigable,79,nubia_region,lado,2090.905,1688.6055000000001,0.191363525390625,physical_screen,9136.708333333334,4543.5
pp_nav_01984,navigable,81,colombia_region,neekeari,556.281,257.146,0.18114590058359997,physical_screen,5084.1875,4542.8125
pp_nav_01985,navigable,79,guinea_region,ozoro,6519.257,1317.792,0.11889542824043935,physical_screen,7986.791666666667,4542.625
pp_nav_01986,navigable,60,indonesia_region,kinabatangan,543.547,375.267,0.00020031929016113282,physical_screen,13075.157894736842,4537.921052631579
pp_nav_01987,navigable,74,colombia_region,atanari,17531.453,4421.044,0.14438323974609374,physical_screen,4606.0,4542.875
pp_nav_01988,navigable,77,colombia_region,yopo,3711.7349999999997,671.8489999999999,0.11803131103515625,physical_screen,4483.0625,4540.9375
pp_nav_01989,navigable,71,colombia_region,ndyuka,1773.2165,498.2815,0.04639730453491211,physical_screen,5221.104166666667,4551.604166666667
pp_nav_01990,navigable,84,colombia_region,atanari,1083.911,264.841,0.0,physical_screen,4571.979166666667,4542.708333333333
pp_nav_01991,navigable,89,colombia_region,cauroma,637.13,318.274,0.08896484375,physical_screen,4241.186440677966,4562.661016949152
pp_nav_01992,navigable,81,ethiopia_region,omo,930.686,163.948,0.31409597044682935,physical_screen,9335.145833333334,4558.0625
pp_nav_01993,navigable,68,colombia_region,atanari,846.091,221.057,0.2066864013671875,physical_screen,4543.1463414634145,4554.1463414634145
pp_nav_01994,navigable,89,guinea_region,arochukwu,2316.8995,375.972,0.035199728945591535,physical_screen,8058.148148148148,4561.574074074074
pp_nav_01995,navigable,81,central_africa_region,mobaye,593.106,133.61,0.031793212890625,physical_screen,8683.5,4567.916666666667
pp_nav_01996,improvable,86,colombia_region,colombayma,1441.974,922.271,0.64329833984375,physical_screen,4286.0,4571.291666666667
pp_nav_01997,navigable,43,colombia_region,yopo,3299.097,591.354,0.0,physical_screen,4464.172413793103,4559.172413793103
pp_nav_01998,improvable,82,central_africa_region,bertoua,808.97,209.8355,0.555706787109375,physical_screen,8293.041666666666,4566.666666666667
pp_nav_01999,navigable,84,colombia_region,maracoa,13821.798999999999,3583.1665000000003,0.0,physical_screen,4600.645833333333,4567.083333333333
pp_nav_02000,navigable,78,guinea_region,warri,6670.968,1346.513,0.11889542824043935,physical_screen,7973.375,4570.291666666667
pp_nav_02001,navigable,78,central_africa_region,krebedje,3740.205,992.181,0.0,physical_screen,8578.666666666666,4563.854166666667
pp_nav_02002,navigable,37,colombia_region,choco,603.3475000000001,463.249,0.0,physical_screen,4178.5,4567.0
pp_nav_02003,navigable,77,nubia_region,rejaf,2148.6949999999997,1746.8355000000001,0.152557373046875,physical_screen,9128.75,4580.25
pp_nav_02004,navigable,86,guinea_region,tabou,882.056,241.952,0.04328231811523438,physical_screen,7345.306122448979,4585.0204081632655
pp_nav_02005,navigable,78,central_africa_region,bosobolo,3292.395,888.071,0.016900329427754053,physical_screen,8607.708333333334,4576.791666666667
pp_nav_02006,navigable,63,colombia_region,noanama,656.225,553.5905,0.0,physical_screen,4189.0,4581.4
pp_nav_02007,navigable,78,central_africa_region,yoko,924.113,248.335,0.0,physical_screen,8263.270833333334,4576.520833333333
pp_nav_02008,navigable,71,central_africa_region,boali,3798.017,992.365,0.1282166516808624,physical_screen,8553.541666666666,4584.041666666667
pp_nav_02009,improvable,70,central_africa_region,yambasa,670.496,187.02,1.3047882080078126,physical_screen,8204.5625,4586.416666666667
pp_nav_02010,navigable,73,colombia_region,tauramena,2900.889,540.65,0.127978515625,physical_screen,4437.777777777777,4583.777777777777
pp_nav_02011,navigable,82,colombia_region,maracoa,1409.307,320.318,0.134722900390625,physical_screen,4577.770833333333,4579.770833333333
pp_nav_02012,navigable,76,central_africa_region,kotto,857.7255,273.3595,0.0,physical_screen,8734.145833333334,4584.6875
pp_nav_02013,improvable,79,central_africa_region,kotto,833.642,263.888,0.96396484375,physical_screen,8761.234042553191,4585.212765957447
pp_nav_02014,navigable,38,colombia_region,maracoa,13875.059,3589.077,0.1810577392578125,physical_screen,4600.772727272727,4590.454545454545
pp_nav_02015,improvable,74,central_africa_region,yambasa,979.3905,269.2,0.43313824402929996,physical_screen,8236.416666666666,4594.666666666667
pp_nav_02016,navigable,83,central_africa_region,mobaye,581.507,134.864,0.244476318359375,physical_screen,8692.019607843138,4597.294117647059
pp_nav_02017,navigable,77,colombia_region,cumaribo,1233.714,288.0815,0.12598876953125,physical_screen,4549.541666666667,4598.458333333333
pp_nav_02018,navigable,38,guinea_region,cabo_formoso,6786.388,1355.989,0.0,physical_screen,7966.0,4594.590909090909
pp_nav_02019,navigable,83,central_africa_region,bosobolo,3260.031,886.6175000000001,0.28732288250248084,physical_screen,8632.333333333334,4598.583333333333
pp_nav_02020,navigable,77,colombia_region,tauramena,2243.751,457.266,0.02740325927734375,physical_screen,4412.354166666667,4599.5625
pp_nav_02021,navigable,73,colombia_region,tocaima,1253.568,794.743,0.0,physical_screen,4282.645833333333,4606.770833333333
pp_nav_02022,navigable,91,indonesia_region,niah,934.859,755.464,0.0,physical_screen,12891.277777777777,4606.537037037037
pp_nav_02023,navigable,75,central_africa_region,kotto,1157.759,367.2155,0.011920166015625,physical_screen,8715.541666666666,4607.625
pp_nav_02024,improvable,76,central_africa_region,yambasa,1734.659,495.09450000000004,0.6881098033774268,physical_screen,8196.5,4609.333333333333
pp_nav_02025,improvable,40,central_africa_region,yambasa,1023.815,288.23199999999997,1.05887451171875,physical_screen,8215.875,4601.458333333333
pp_nav_02026,navigable,81,colombia_region,cumaribo,1028.0085,242.4655,0.00662384033203125,physical_screen,4518.125,4601.125
pp_nav_02027,navigable,79,colombia_region,tauramena,1392.999,277.842,0.22593994140625,physical_screen,4386.416666666667,4606.041666666667
pp_nav_02028,navigable,84,central_africa_region,boali,3553.252,921.349,0.081988525390625,physical_screen,8538.2,4613.3
pp_nav_02029,navigable,81,nubia_region,rejaf,2238.3445,1830.009,0.09495239257812499,physical_screen,9129.541666666666,4617.958333333333
pp_nav_02030,navigable,41,central_africa_region,bosobolo,3195.296,870.964,0.0,physical_screen,8656.16,4606.2
pp_nav_02031,navigable,37,guinea_region,bimbia,547.1685,98.878,0.1400597333908081,physical_screen,8134.666666666667,4612.166666666667
pp_nav_02032,navigable,71,colombia_region,orocue,622.786,164.345,0.0,physical_screen,4485.785714285715,4610.619047619048
pp_nav_02033,navigable,32,colombia_region,humadea,546.3505,128.9665,0.0430511474609375,physical_screen,4368.454545454545,4618.954545454545
pp_nav_02034,navigable,45,colombia_region,metica,532.551,118.896,0.016009521484375,physical_screen,4403.933333333333,4622.433333333333
pp_nav_02035,navigable,40,colombia_region,palikur,916.7325000000001,218.5035,0.1985642433166504,physical_screen,5335.115384615385,4622.615384615385
pp_nav_02036,improvable,75,guinea_region,edea,1814.108,519.662,1.1269378662109375,physical_screen,8167.479166666667,4624.145833333333
pp_nav_02037,navigable,35,indochina_region,manjung,629.587,386.711,0.030287790298461913,physical_screen,12285.368421052632,4624.105263157895
pp_nav_02038,navigable,73,colombia_region,coyaima,587.357,341.126,0.099200439453125,physical_screen,4275.234042553191,4638.340425531915
pp_nav_02039,navigable,79,central_africa_region,bomokandi,675.542,149.177,0.22426515119601614,physical_screen,8900.395833333334,4629.104166666667
pp_nav_02040,navigable,86,central_africa_region,bomokandi,571.369,120.54849999999999,0.211260986328125,physical_screen,8931.5,4637.333333333333
pp_nav_02041,improvable,57,guinea_region,cameroons,1922.469,543.379,0.6863454818725586,physical_screen,8144.135135135135,4640.756756756757
pp_nav_02042,navigable,75,great_lakes_region,acholi,2184.213,1817.74,0.21298828125,physical_screen,9142.166666666666,4644.833333333333
pp_nav_02043,improvable,80,central_africa_region,bomokandi,1001.78,233.9785,0.438812255859375,physical_screen,8874.416666666666,4642.6875
pp_nav_02044,navigable,50,central_africa_region,bomokandi,639.431,136.563,0.12693707102204665,physical_screen,8913.642857142857,4645.5
pp_nav_02045,navigable,51,indonesia_region,sesayap,635.723,532.372,0.0,physical_screen,13014.870967741936,4645.032258064516
pp_nav_02046,improvable,77,central_africa_region,bomokandi,1047.016,243.646,0.373312923770191,physical_screen,8846.854166666666,4650.0625
pp_nav_02047,navigable,77,colombia_region,ingariko,572.583,192.5505,0.1877716064453125,physical_screen,4948.916666666667,4656.291666666667
pp_nav_02048,navigable,60,guinea_region,fifinda,549.395,190.285,0.20288562774658203,physical_screen,8150.210526315789,4654.026315789473
pp_nav_02049,navigable,39,indochina_region,pahang,879.435,542.816,0.03549966812133789,physical_screen,12392.521739130434,4650.521739130435
pp_nav_02050,navigable,70,indochina_region,jerantut,756.552,488.5,0.2823787689208984,physical_screen,12370.42857142857,4652.738095238095
pp_nav_02051,navigable,56,central_africa_region,sangha,772.593,255.804,0.0,physical_screen,8423.30303030303,4662.606060606061
pp_nav_02052,navigable,90,central_africa_region,bangui,3987.042,1078.632,0.10925926364259099,physical_screen,8535.0,4671.944444444444
pp_nav_02053,improvable,68,central_africa_region,uele_ca,1336.885,331.436,0.4210693359375,physical_screen,8820.307692307691,4653.897435897436
pp_nav_02054,navigable,82,colombia_region,macuxi,1229.469,527.124,0.186431884765625,physical_screen,4920.041666666667,4655.75
pp_nav_02055,navigable,71,great_lakes_region,pubungu,2186.0204999999996,1829.324,0.0,physical_screen,9125.354166666666,4668.854166666667
pp_nav_02056,improvable,77,colombia_region,macuxi,851.848,426.823,1.095025634765625,physical_screen,4887.111111111111,4660.6
pp_nav_02057,navigable,75,colombia_region,macuxi,1310.624,537.817,0.01678924560546875,physical_screen,4933.479166666667,4678.479166666667
pp_nav_02058,navigable,81,indonesia_region,tanjung_palas,1541.6084999999998,1065.412,0.32959671020507814,physical_screen,13028.1875,4688.9375
pp_nav_02059,navigable,104,colombia_region,guaviare,1817.427,464.52,0.11014862060546875,physical_screen,4409.45,4689.45
pp_nav_02060,navigable,82,colombia_region,ariari,585.147,138.9275,0.2159820556640625,physical_screen,4371.520833333333,4695.395833333333
pp_nav_02061,navigable,82,central_africa_region,bosobolo,573.154,167.227,0.26514892578125,physical_screen,8635.8125,4703.4375
pp_nav_02062,improvable,66,indonesia_region,kayan,1382.3049999999998,923.4855,1.0215488433837892,physical_screen,13001.65909090909,4694.522727272727
pp_nav_02063,navigable,67,indonesia_region,plieran,904.398,625.617,0.04315095959851499,physical_screen,12875.9375,4696.104166666667
pp_nav_02064,navigable,73,colombia_region,mucajai,2242.026,813.01,0.0,physical_screen,4920.0625,4709.0625
pp_nav_02065,navigable,44,central_africa_region,bangui,4394.155,1298.438,0.022430419921875,physical_screen,8519.392857142857,4709.892857142857
pp_nav_02066,navigable,55,indonesia_region,rejang,1142.51,794.613,0.0,physical_screen,12856.257142857143,4710.257142857143
pp_nav_02067,navigable,98,colombia_region,narino,1104.8429999999998,625.491,0.0,physical_screen,4120.586206896552,4725.120689655172
pp_nav_02068,navigable,82,colombia_region,caguan,751.121,222.742,0.17757625650854386,physical_screen,4355.25,4712.354166666667
pp_nav_02069,navigable,39,central_africa_region,bosobolo,623.891,227.548,0.0,physical_screen,8613.565217391304,4712.565217391304
pp_nav_02070,navigable,83,indonesia_region,julau,2998.269,1966.928,0.0,physical_screen,12782.270833333334,4721.479166666667
pp_nav_02071,barrier,62,guinea_region,bata,630.323,249.463,4.434326171875,physical_screen,8149.0,4722.108108108108
pp_nav_02072,navigable,105,indonesia_region,rejang,1308.93,908.062,0.0,physical_screen,12835.426229508197,4729.3442622950815
pp_nav_02073,navigable,83,great_lakes_region,pawir,3542.634,2512.347,0.0372802734375,physical_screen,9159.625,4734.125
pp_nav_02074,navigable,79,colombia_region,mucajai,2698.413,928.567,0.06244889809112458,physical_screen,4908.156862745098,4741.882352941177
pp_nav_02075,navigable,36,indonesia_region,julau,2674.956,1764.026,0.0,physical_screen,12806.0,4732.0
pp_nav_02076,navigable,56,indonesia_region,baleh,596.87,365.133,0.0,physical_screen,12856.942857142858,4740.742857142857
pp_nav_02077,navigable,43,indonesia_region,tanah_putih,521.453,326.9465,0.12136278152465821,physical_screen,12290.416666666666,4750.583333333333
pp_nav_02078,navigable,84,colombia_region,chaira,705.071,253.534,0.1355865478515625,physical_screen,4286.75,4786.958333333333
pp_nav_02079,navigable,81,brazil_region,araguari,1166.391,281.207,0.0,physical_screen,5388.125,4784.0
pp_nav_02080,navigable,77,colombia_region,andaki,686.018,327.574,0.0,physical_screen,4261.583333333333,4799.1875
pp_nav_02081,navigable,87,colombia_region,andaki,676.674,452.139,0.13992005180511055,physical_screen,4241.235294117647,4795.9607843137255
pp_nav_02082,navigable,72,brazil_region,kinja,3552.485,1151.627,0.0,physical_screen,4892.5625,4798.854166666667
pp_nav_02083,navigable,60,brazil_region,araguari,1040.967,199.167,0.1265777587890625,physical_screen,5365.75,4794.472222222223
pp_nav_02084,navigable,82,andes_region,atacames,801.092,295.8215,0.0,physical_screen,4069.28,4810.06
pp_nav_02085,navigable,82,indonesia_region,hulu_mahakam,1052.416,676.842,0.0,physical_screen,12932.125,4808.875
pp_nav_02086,navigable,80,indonesia_region,selimbau,1948.3705,1250.327,0.0150115966796875,physical_screen,12804.208333333334,4805.708333333333
pp_nav_02087,navigable,62,colombia_region,chaira,834.602,307.015,0.0475677490234375,physical_screen,4302.351351351352,4812.054054054054
pp_nav_02088,navigable,79,colombia_region,andaki,1981.3065,1126.733,0.20553131103515626,physical_screen,4272.6875,4822.1875
pp_nav_02089,navigable,65,brazil_region,kinja,4211.825,1422.436,0.0694427490234375,physical_screen,4878.975609756098,4828.487804878048
pp_nav_02090,navigable,80,indonesia_region,sintang,2507.465,1685.5,0.0,physical_screen,12776.88,4826.3
pp_nav_02091,improvable,81,indonesia_region,hulu_mahakam,1442.059,930.3435,0.7077991485595703,physical_screen,12949.25,4835.520833333333
pp_nav_02092,navigable,57,andes_region,siona,584.007,397.258,0.20947265625,physical_screen,4226.371428571429,4828.628571428571
pp_nav_02093,navigable,90,indonesia_region,pangkalan_kerinci,651.542,363.675,0.0,physical_screen,12344.472727272727,4827.454545454545
pp_nav_02094,navigable,55,indonesia_region,telen,566.849,470.164,0.12814665814209794,physical_screen,13001.857142857143,4834.371428571429
pp_nav_02095,navigable,81,indonesia_region,sekadau,4197.7335,2934.7635,0.0,physical_screen,12755.903846153846,4839.961538461538
pp_nav_02096,navigable,102,indonesia_region,sanggau,5106.073,3601.173,0.1331665730448378,physical_screen,12723.213114754099,4845.262295081967
pp_nav_02097,navigable,76,indonesia_region,sintang,1121.896,763.2370000000001,0.0660064697265625,physical_screen,12774.979166666666,4854.4375
pp_nav_02098,navigable,80,indonesia_region,pontianak,5478.797500000001,3946.6059999999998,0.0,physical_screen,12689.208333333334,4858.666666666667
pp_nav_02099,improvable,83,central_africa_region,bakele_kongo,2965.904,1201.344,1.987347412109375,physical_screen,8192.208333333334,4851.041666666667
pp_nav_02100,navigable,95,brazil_region,waiwai,4513.872,1625.22,0.0144500732421875,physical_screen,4874.0327868852455,4874.639344262295
pp_nav_02101,navigable,80,central_africa_region,mitsogo_kongo,1699.794,475.044,0.2247283935546875,physical_screen,8243.333333333334,4855.25
pp_nav_02102,navigable,93,indonesia_region,laung,1062.179,594.767,0.0,physical_screen,12887.90909090909,4867.509090909091
pp_nav_02103,navigable,42,indonesia_region,pontianak,5633.142,4154.5445,0.0,physical_screen,12666.5,4859.0
pp_nav_02104,navigable,90,indonesia_region,tenggarong,2452.404,1662.492,0.02024506846632513,physical_screen,13001.444444444445,4859.259259259259
pp_nav_02105,navigable,76,central_africa_region,bakele_kongo,3433.818,1377.9160000000002,0.0,physical_screen,8164.541666666667,4868.083333333333
pp_nav_02106,navigable,98,indonesia_region,kutai_lama,2957.054,2080.166,0.0,physical_screen,13022.736842105263,4872.736842105263
pp_nav_02107,improvable,69,indonesia_region,kayan_melawai,600.438,384.421,0.5196380615234375,physical_screen,12797.951219512195,4865.243902439024
pp_nav_02108,navigable,79,indonesia_region,rengat,629.7445,372.0845,0.0,physical_screen,12384.625,4867.125
pp_nav_02109,navigable,97,indonesia_region,peranap,545.453,323.556,0.04204504241092938,physical_screen,12351.933333333332,4868.366666666667
pp_nav_02110,improvable,80,central_africa_region,mitsogo_kongo,1318.837,358.147,0.5946151733398437,physical_screen,8260.770833333334,4881.583333333333
pp_nav_02111,navigable,59,andes_region,napo,1346.623,967.977,0.145343017578125,physical_screen,4198.942857142857,4869.857142857143
pp_nav_02112,navigable,34,andes_region,napo,1479.3319999999999,1065.6315,0.0,physical_screen,4221.090909090909,4870.409090909091
pp_nav_02113,improvable,79,brazil_region,oiampi,1047.105,242.735,0.40367069530083083,physical_screen,5300.833333333333,4891.0
pp_nav_02114,navigable,83,indonesia_region,lahei,1424.393,803.081,0.138232421875,physical_screen,12913.285714285714,4883.0
pp_nav_02115,navigable,75,central_africa_region,lambarene,4569.847,1650.531,0.17662448883056642,physical_screen,8143.0,4890.229166666667
pp_nav_02116,improvable,80,central_africa_region,lambarene,860.5505,159.644,0.5327211380004883,physical_screen,8170.0625,4893.583333333333
pp_nav_02117,navigable,62,andes_region,kichwa,613.159,432.212,0.062109375,physical_screen,4169.179487179487,4893.179487179487
pp_nav_02118,navigable,80,central_africa_region,mitsogo_kongo,1241.9775,337.898,0.0,physical_screen,8282.625,4896.541666666667
pp_nav_02119,navigable,38,brazil_region,mariocai,205351.211,125415.598,0.0,physical_screen,5353.576923076923,4901.076923076923
pp_nav_02120,navigable,74,indonesia_region,teweh,1900.498,1093.8980000000001,0.13806831488130156,physical_screen,12918.791666666666,4908.333333333333
pp_nav_02121,navigable,77,central_africa_region,nguyi,4761.828,1651.109,0.0,physical_screen,8112.044444444445,4901.0
pp_nav_02122,navigable,79,central_africa_region,djundu,579.308,256.6205,0.20357093798159917,physical_screen,8415.395833333334,4907.104166666667
pp_nav_02123,navigable,87,brazil_region,mariua,4914.132,1829.896,0.0,physical_screen,4876.137254901961,4916.686274509804
pp_nav_02124,navigable,34,brazil_region,mariua,1300.328,532.621,0.0,physical_screen,4885.047619047619,4912.666666666667
pp_nav_02125,navigable,67,brazil_region,wayampi,1161.344,272.292,0.2282367970808699,physical_screen,5318.243902439024,4909.4390243902435
pp_nav_02126,navigable,76,indonesia_region,jambi,1933.2955000000002,1053.6995,0.04677724838256836,physical_screen,12424.8125,4916.729166666667
pp_nav_02127,navigable,83,central_africa_region,ngume,576.553,101.80000000000001,0.0,physical_screen,8180.096153846154,4923.557692307692
pp_nav_02128,navigable,83,indonesia_region,sungai_jujuhan,580.571,341.754,0.0,physical_screen,12347.770833333334,4916.8125
pp_nav_02129,navigable,52,central_africa_region,banjabi,627.046,165.9445,0.23560791015625,physical_screen,8296.78125,4919.65625
pp_nav_02130,navigable,70,central_africa_region,bobangi,24406.294,18446.148,0.07777482184957218,physical_screen,8451.208333333334,4923.645833333333
pp_nav_02131,navigable,62,brazil_region,tupinamba,530.556,117.3,0.0,physical_screen,5587.631578947368,4929.236842105263
pp_nav_02132,navigable,47,central_africa_region,bobangi,639.635,285.649,0.1850795963276401,physical_screen,8435.111111111111,4924.888888888889
pp_nav_02133,navigable,88,indonesia_region,tanjungpura,577.709,386.853,0.14920387268066407,physical_screen,12710.40350877193,4935.210526315789
pp_nav_02134,navigable,35,brazil_region,paru,691.02,177.824,0.0,physical_screen,5286.666666666667,4924.333333333333
pp_nav_02135,navigable,80,indonesia_region,karau,2092.638,1233.41,0.06204996109008789,physical_screen,12918.854166666666,4939.0625
pp_nav_02136,navigable,81,brazil_region,mariua,1353.879,567.029,0.09389592431119341,physical_screen,4890.020833333333,4932.4375
pp_nav_02137,navigable,78,brazil_region,zoe,2267.296,753.915,0.0,physical_screen,5137.9375,4934.208333333333
pp_nav_02138,navigable,79,brazil_region,mairi,1330.09,259.762,0.0,physical_screen,5504.041666666667,4931.333333333333
pp_nav_02139,navigable,78,indonesia_region,jambi,1875.548,1023.4125,0.13060110827819163,physical_screen,12400.020833333334,4930.895833333333
pp_nav_02140,navigable,88,indonesia_region,batang_tembesi,1086.667,609.987,0.08578758239746094,physical_screen,12374.709090909091,4934.927272727273
pp_nav_02141,navigable,64,brazil_region,kuruaya,9977.466,2750.441,0.0,physical_screen,5315.1578947368425,4935.763157894737
pp_nav_02142,navigable,49,brazil_region,paru,193253.422,123081.102,0.0,physical_screen,5278.606060606061,4935.606060606061
pp_nav_02143,navigable,83,indonesia_region,katingan,547.7365,362.3275,0.2515056903960932,physical_screen,12850.895833333334,4947.5625
pp_nav_02144,navigable,69,central_africa_region,bobangi,28437.014499999997,21763.8995,0.058953287099917824,physical_screen,8437.333333333334,4951.833333333333
pp_nav_02145,navigable,56,indonesia_region,karang_brahi,635.411,339.27,0.0,physical_screen,12377.628571428571,4952.628571428571
pp_nav_02146,navigable,47,brazil_region,bares,28542.917,17949.924,0.04254895479922826,physical_screen,4897.75,4951.375
pp_nav_02147,improvable,44,andes_region,sangay,584.673,459.475,1.108050537109375,physical_screen,4151.24,4954.76
pp_nav_02148,navigable,40,andes_region,yaguachi,656.115,150.93,0.0,physical_screen,4057.75,4956.75
pp_nav_02149,navigable,79,indonesia_region,banua_lawas,2242.514,1327.734,0.0,physical_screen,12919.583333333334,4975.416666666667
pp_nav_02150,navigable,98,brazil_region,tapajo,169212.625,114596.086,0.00551032270911756,physical_screen,5124.0161290322585,4971.5161290322585
pp_nav_02151,navigable,99,brazil_region,bares,28957.040999999997,18505.8245,0.0,physical_screen,4913.316666666667,4983.183333333333
pp_nav_02152,navigable,73,indonesia_region,mendawai,692.9404999999999,470.59950000000003,0.14020442962646484,physical_screen,12851.729166666666,4980.354166666667
pp_nav_02153,navigable,85,indonesia_region,kahayan,697.848,446.90250000000003,0.0,physical_screen,12887.583333333334,4978.875
pp_nav_02154,navigable,84,central_africa_region,ngato,28745.178,22262.227,0.00318603515625,physical_screen,8427.3125,4985.979166666667
pp_nav_02155,navigable,94,indonesia_region,kuripan,632.575,377.976,0.013986682891845703,physical_screen,12899.741379310344,4984.931034482759
pp_nav_02156,navigable,80,melanesia_region,kwerba,3434.12,2524.162,0.0,physical_screen,13983.877551020409,4981.959183673469
pp_nav_02157,navigable,70,brazil_region,uatuma,161564.266,112252.25,0.027367210388183592,physical_screen,5063.916666666667,4983.833333333333
pp_nav_02158,navigable,51,indonesia_region,sampit,546.4225,345.9275,0.0,physical_screen,12834.6875,4984.9375
pp_nav_02159,navigable,63,brazil_region,curuai,18315.369,5312.43,0.0,physical_screen,5180.526315789473,4987.026315789473
pp_nav_02160,navigable,84,indonesia_region,musi_hilir,3000.1585,1508.763,0.0,physical_screen,12466.37037037037,4997.759259259259
pp_nav_02161,navigable,82,brazil_region,tupinambarana,163817.9455,113003.102,0.0,physical_screen,5090.125,4985.541666666667
pp_nav_02162,improvable,32,brazil_region,uatuma,2208.165,1066.3114999999998,0.4749547325146513,physical_screen,5047.777777777777,4987.166666666667
pp_nav_02163,navigable,76,brazil_region,tupinambarana,4253.904,1768.924,0.0,physical_screen,5095.729166666667,4995.6875
pp_nav_02164,navigable,89,brazil_region,anambe,11153.146,3124.349,0.0,physical_screen,5428.583333333333,5013.208333333333
pp_nav_02165,navigable,81,great_lakes_region,kusu_mangbetu,2642.983,1475.406,0.0,physical_screen,8869.354166666666,5009.0625
pp_nav_02166,navigable,76,indonesia_region,muara_bahan,2337.206,1360.762,0.0,physical_screen,12904.208333333334,5003.666666666667
pp_nav_02167,navigable,81,indonesia_region,musi,1105.729,524.5545,0.0,physical_screen,12404.4375,4999.270833333333
pp_nav_02168,navigable,79,central_africa_region,chuapa,1768.821,1101.437,0.062982177734375,physical_screen,8491.9375,4999.354166666667
pp_nav_02169,navigable,80,central_africa_region,chuapa,846.108,394.89,0.00093994140625,physical_screen,8535.458333333334,5010.041666666667
pp_nav_02170,improvable,77,great_lakes_region,zimba,577.441,229.506,0.8348617577472042,physical_screen,8887.454545454546,5004.318181818182
pp_nav_02171,navigable,54,indonesia_region,mendawai,837.652,580.119,0.11194250970571404,physical_screen,12847.71875,5010.53125
pp_nav_02172,navigable,59,indonesia_region,kahayan_hilir,755.253,478.688,0.0,physical_screen,12888.216216216217,5010.5675675675675
pp_nav_02173,navigable,76,brazil_region,urucurituba,4222.596,1759.13,0.0,physical_screen,5067.520833333333,5009.0625
pp_nav_02174,improvable,58,central_africa_region,bapunu,556.6800000000001,110.6995,0.4922119492648905,physical_screen,8168.333333333333,5004.277777777777
pp_nav_02175,navigable,72,brazil_region,tapuios,994.435,366.913,0.0644723892211914,physical_screen,5780.888888888889,5014.2444444444445
pp_nav_02176,navigable,78,central_africa_region,ubangi,29221.295,22861.945,0.0,physical_screen,8428.354166666666,5018.6875
pp_nav_02177,navigable,80,kongo_region,bikoro,1872.7035,1150.732,0.025487115543780654,physical_screen,8465.875,5012.041666666667
pp_nav_02178,navigable,68,indonesia_region,palembang,1947.957,922.255,0.022445011138916015,physical_screen,12442.90243902439,5011.317073170731
pp_nav_02179,navigable,32,brazil_region,manaos,29522.406,19144.705,0.0,physical_screen,4947.941176470588,5015.058823529412
pp_nav_02180,navigable,36,kongo_region,bikoro,8875.913,3444.073,0.0057861328125,physical_screen,8445.761904761905,5013.380952380952
pp_nav_02181,navigable,83,brazil_region,manaos,126967.133,96243.445,0.08047747923855705,physical_screen,4967.6274509803925,5017.274509803921
pp_nav_02182,navigable,77,brazil_region,juris,161331.391,112127.37899999999,0.013289165496826173,physical_screen,5022.708333333333,5024.104166666667
pp_nav_02183,navigable,78,kongo_region,bikoro,4003.237,1388.148,0.154046630859375,physical_screen,8479.6875,5024.833333333333
pp_nav_02184,navigable,62,brazil_region,munduruku,127088.789,96235.043,0.0,physical_screen,4997.9473684210525,5022.763157894737
pp_nav_02185,navigable,82,central_africa_region,yans,791.9245000000001,373.3725,0.06979675292968751,physical_screen,8563.645833333334,5029.020833333333
pp_nav_02186,navigable,105,brazil_region,mura,96899.383,71223.586,0.0,physical_screen,4937.918032786885,5028.852459016393
pp_nav_02187,navigable,72,brazil_region,apoquitaua,3166.517,1316.817,0.17176265716552735,physical_screen,5055.625,5033.729166666667
pp_nav_02188,navigable,78,brazil_region,miranha,48658.503,35193.262,0.0,physical_screen,4747.458333333333,5031.041666666667
pp_nav_02189,navigable,75,brazil_region,tapuios,773.194,272.754,0.003050295917553662,physical_screen,5758.5625,5036.770833333333
pp_nav_02190,navigable,82,kongo_region,north_juma,3988.3655,1377.5169999999998,0.20528564453125,physical_screen,8506.520833333334,5031.395833333333
pp_nav_02191,navigable,33,brazil_region,tapuitapera,606.396,342.146,0.03237471580505371,physical_screen,5648.8421052631575,5035.368421052632
pp_nav_02192,navigable,39,central_africa_region,yans,719.631,345.846,0.0,physical_screen,8592.074074074075,5031.222222222223
pp_nav_02193,navigable,82,great_lakes_region,nguera,4520.084,2418.912,0.20315544070266656,physical_screen,8872.104166666666,5047.270833333333
pp_nav_02194,navigable,80,brazil_region,munduruku,1565.625,741.211,0.0,physical_screen,4997.583333333333,5038.583333333333
pp_nav_02195,navigable,69,central_africa_region,ubangi,38190.6055,30106.3895,0.0,physical_screen,8418.875,5048.333333333333
pp_nav_02196,navigable,72,brazil_region,mundurukania,17830.727,5264.7564999999995,0.0,physical_screen,5164.708333333333,5049.708333333333
pp_nav_02197,navigable,79,great_lakes_region,kusu_mangbetu,984.622,331.104,0.46872253417968746,physical_screen,8819.25,5050.541666666667
pp_nav_02198,navigable,73,brazil_region,munduruku,32471.5035,12320.417,0.0,physical_screen,5003.5625,5045.8125
pp_nav_02199,navigable,80,kongo_region,north_juma,1206.5245,385.7545,0.191424560546875,physical_screen,8495.291666666666,5041.875
pp_nav_02200,navigable,53,brazil_region,asurini,11286.934,3195.138,0.0,physical_screen,5429.419354838709,5046.580645161291
pp_nav_02201,navigable,74,kongo_region,bikoro,1680.424,423.681,0.26184801103477334,physical_screen,8474.104166666666,5051.875
pp_nav_02202,navigable,74,central_africa_region,loeme,803.43,197.381,0.0,physical_screen,8252.541666666666,5046.625
pp_nav_02203,navigable,81,central_africa_region,bankutu,3948.2375,1364.325,0.027374267578125,physical_screen,8537.1875,5043.291666666667
pp_nav_02204,navigable,82,brazil_region,kambeba,96488.54699999999,70177.19149999999,0.0,physical_screen,4902.291666666667,5043.625
pp_nav_02205,navigable,65,brazil_region,turas,2919.482,1241.841,0.0,physical_screen,5032.8536585365855,5050.341463414634
pp_nav_02206,navigable,70,brazil_region,kambeba,89942.125,67014.797,0.13531551361083985,physical_screen,4876.270833333333,5057.3125
pp_nav_02207,navigable,58,brazil_region,munduruku,1178.029,560.846,0.0,physical_screen,4974.351351351352,5056.351351351352
pp_nav_02208,navigable,74,brazil_region,uruaitis,923.8105,335.60249999999996,0.07005882263183594,physical_screen,5740.375,5063.958333333333
pp_nav_02209,navigable,90,brazil_region,miranha,86935.0115,64701.5255,0.04256473553669808,physical_screen,4788.7692307692305,5055.961538461538
pp_nav_02210,navigable,78,central_africa_region,bankutu,3872.892,1320.5520000000001,0.0,physical_screen,8568.791666666666,5058.708333333333
pp_nav_02211,improvable,80,kongo_region,mfumu_bekussu,880.4024999999999,282.92,0.79146728515625,physical_screen,8517.395833333334,5065.166666666667
pp_nav_02212,navigable,78,brazil_region,arua,89054.965,66274.789,0.0,physical_screen,4846.0625,5056.645833333333
pp_nav_02213,navigable,95,brazil_region,turas,2121.787,860.234,0.026485443115234375,physical_screen,5003.262295081967,5065.147540983607
pp_nav_02214,navigable,45,melanesia_region,angoram,3808.939,2847.916,0.0,physical_screen,14260.896551724138,5063.448275862069
pp_nav_02215,navigable,79,kongo_region,bumbuli,1290.5075000000002,385.769,0.091558837890625,physical_screen,8681.3125,5065.416666666667
pp_nav_02216,navigable,82,kongo_region,bumbuli,1238.094,368.88750000000005,0.3375038556519411,physical_screen,8711.895833333334,5066.895833333333
pp_nav_02217,navigable,74,central_africa_region,massabo,901.067,223.329,0.1653643356651248,physical_screen,8235.591836734693,5076.591836734694
pp_nav_02218,barrier,54,central_africa_region,monsol,38524.816,30270.33,0.21419677734375,lower_congo_cataracts;physical_screen,8400.470588235294,5068.558823529412
pp_nav_02219,navigable,77,kongo_region,cuango,1258.263,311.358,0.0,physical_screen,8450.666666666666,5070.916666666667
pp_nav_02220,navigable,44,melanesia_region,maia_papua,1150.3555000000001,898.7470000000001,0.09431610107421876,physical_screen,14132.0,5063.416666666667
pp_nav_02221,navigable,79,kongo_region,mabale,1512.2154999999998,488.8055,0.0,physical_screen,8648.354166666666,5067.604166666667
pp_nav_02222,navigable,85,brazil_region,satere_mawe,17624.459000000003,5262.878,0.0,physical_screen,5142.714285714285,5078.642857142857
pp_nav_02223,navigable,80,kongo_region,tetela_boa,887.995,277.509,0.0091064453125,physical_screen,8826.208333333334,5085.166666666667
pp_nav_02224,navigable,35,melanesia_region,abau,770.6375,596.684,0.12827301025390625,physical_screen,14114.772727272728,5069.863636363636
pp_nav_02225,navigable,107,melanesia_region,aruamu,892.328,486.1245,0.17875919342041016,physical_screen,14276.548387096775,5092.435483870968
pp_nav_02226,navigable,74,kongo_region,lussuna,4449.3475,2389.15,0.14016363521528638,physical_screen,8883.020833333334,5079.479166666667
pp_nav_02227,navigable,76,brazil_region,parakana,11691.779999999999,3309.6455,0.0,physical_screen,5434.5952380952385,5083.9047619047615
pp_nav_02228,improvable,76,kongo_region,bendi,3767.287,1252.176,0.564251708984375,physical_screen,8598.291666666666,5076.6875
pp_nav_02229,navigable,97,melanesia_region,boiken,2452.9715,2022.556,0.020465442982758337,physical_screen,14198.413793103447,5074.637931034483
pp_nav_02230,navigable,88,melanesia_region,banaro,2852.535,2339.4984999999997,0.05182828903198242,physical_screen,14240.648148148148,5077.240740740741
pp_nav_02231,improvable,80,kongo_region,ikongo_boa,1070.658,278.709,0.458819580078125,physical_screen,8740.5,5082.041666666667
pp_nav_02232,improvable,78,kongo_region,bendi,1757.431,545.1825,0.388470458984375,physical_screen,8623.4375,5081.1875
pp_nav_02233,improvable,55,melanesia_region,abau,564.546,432.821,1.29793701171875,physical_screen,14109.363636363636,5088.606060606061
pp_nav_02234,improvable,83,kongo_region,mfumu_bekussu,789.574,253.733,0.3789794921875,physical_screen,8535.808510638299,5094.191489361702
pp_nav_02235,navigable,37,melanesia_region,wogamusin,1935.59,1573.341,0.0,physical_screen,14164.76,5080.76
pp_nav_02236,navigable,98,brazil_region,timbira,910.508,350.931,0.0,physical_screen,5735.830508474576,5100.28813559322
pp_nav_02237,barrier,91,central_africa_region,pumbo,38851.191,30295.254,0.0,lower_congo_cataracts;physical_screen,8379.847457627118,5090.220338983051
pp_nav_02238,improvable,83,kongo_region,ocanga,1202.33,298.049,0.902960205078125,physical_screen,8442.041666666666,5102.5
pp_nav_02239,navigable,94,kongo_region,buassa,1753.269,540.93,0.0,physical_screen,8641.963636363636,5102.036363636364
pp_nav_02240,navigable,40,andes_region,awajun,2431.235,1683.944,0.0,physical_screen,4146.52,5094.52
pp_nav_02241,improvable,55,kongo_region,lussuna,4435.447,2387.485,0.8034423828125,physical_screen,8905.088235294117,5098.411764705882
pp_nav_02242,navigable,81,kongo_region,chibango,1040.0385,265.8645,0.113604736328125,physical_screen,8755.854166666666,5113.5625
pp_nav_02243,navigable,103,kongo_region,lusambo_qandu,770.865,228.512,0.1661865234375,physical_screen,8833.838709677419,5122.5
pp_nav_02244,navigable,79,kongo_region,lussuna,4319.4,2319.634,0.15755615234375,physical_screen,8917.333333333334,5124.5
pp_nav_02245,barrier,77,kongo_region,mbanza_nsundi,39249.0935,30347.646999999997,0.0,lower_congo_cataracts,8354.354166666666,5113.4375
pp_nav_02246,navigable,74,kongo_region,inzia,544.479,177.093,0.0,physical_screen,8549.068181818182,5126.977272727273
pp_nav_02247,barrier,75,kongo_region,dingi,39341.426,30371.926,0.17597200999301035,lower_congo_cataracts,8326.895833333334,5127.375
pp_nav_02248,navigable,81,andes_region,bagua,1597.254,813.932,0.0,physical_screen,4118.666666666667,5133.833333333333
pp_nav_02249,improvable,81,kongo_region,batubenge,847.615,200.423,0.370855712890625,physical_screen,8775.354166666666,5137.270833333333
pp_nav_02250,navigable,74,kongo_region,lindi_kwila,1348.828,388.327,0.0,physical_screen,8646.0,5140.083333333333
pp_nav_02251,navigable,75,brazil_region,timbira,734.562,305.424,0.11479873657226562,physical_screen,5736.020833333333,5139.9375
pp_nav_02252,navigable,88,kongo_region,amulaca,1163.7235,284.9,0.0,physical_screen,8443.166666666666,5143.666666666667
pp_nav_02253,navigable,80,brazil_region,pyti,4444.667,1178.273,0.16081140268062297,physical_screen,5485.166666666667,5133.916666666667
pp_nav_02254,navigable,78,brazil_region,pyti,4431.86,1239.8195,0.0,physical_screen,5515.3125,5141.229166666667
pp_nav_02255,barrier,88,kongo_region,bungu_kongo,39495.547,30414.541,0.8186612159071616,lower_congo_cataracts,8309.228070175439,5147.403508771929
pp_nav_02256,navigable,77,melanesia_region,tsaukambo,866.6030000000001,634.1814999999999,0.272900390625,physical_screen,14077.041666666666,5156.083333333333
pp_nav_02257,navigable,76,great_lakes_region,lukuga,2515.969,1349.4830000000002,0.09525131348250196,physical_screen,8916.625,5158.541666666667
pp_nav_02258,navigable,58,brazil_region,pyti,4372.436,1222.873,0.0,physical_screen,5528.882352941177,5165.676470588235
pp_nav_02259,navigable,87,brazil_region,gurgueia,719.817,308.468,0.07218475341796875,physical_screen,5730.056603773585,5173.981132075472
pp_nav_02260,navigable,89,kongo_region,bayombe,807.99,183.032,0.18956298828125,physical_screen,8771.722222222223,5175.0
pp_nav_02261,navigable,75,kongo_region,kangule,1319.173,375.355,0.0,physical_screen,8631.333333333334,5171.458333333333
pp_nav_02262,improvable,78,great_lakes_region,lukuga,1748.45,893.069,0.7763775353349391,physical_screen,8961.333333333334,5163.375
pp_nav_02263,improvable,83,andes_region,ilucan,726.032,258.189,0.8695556640625,physical_screen,4114.081632653061,5179.918367346939
pp_nav_02264,navigable,94,kongo_region,nogui,39615.66,30426.572,0.007091641426086426,physical_screen,8285.17543859649,5170.9473684210525
pp_nav_02265,improvable,84,kongo_region,cuilo,833.1335,205.5935,1.555377197265625,physical_screen,8448.5625,5184.9375
pp_nav_02266,navigable,72,great_lakes_region,muichi,1758.297,892.828,0.2078460289644294,physical_screen,8933.023255813954,5172.53488372093
pp_nav_02267,improvable,81,great_lakes_region,akilonda,1731.626,891.524,0.4307861328125,physical_screen,8987.5,5169.729166666667
pp_nav_02268,navigable,37,andes_region,yurimagua,3300.447,1939.0,0.0,physical_screen,4229.0952380952385,5174.190476190476
pp_nav_02269,navigable,41,melanesia_region,aekyom,718.61,526.589,0.08087234497070313,physical_screen,14116.76,5180.08
pp_nav_02270,navigable,83,kongo_region,ankoro,2511.714,1352.221,0.00714111328125,physical_screen,8916.708333333334,5192.125
pp_nav_02271,navigable,47,melanesia_region,kaeti,1164.784,872.6030000000001,0.04219551086425781,physical_screen,14077.642857142857,5185.25
pp_nav_02272,improvable,37,melanesia_region,beami,1204.007,965.545,0.8722854614257812,physical_screen,14158.333333333334,5187.259259259259
pp_nav_02273,barrier,73,andes_region,chetilla,652.818,226.71949999999998,2.25064697265625,physical_screen,4125.020833333333,5191.083333333333
pp_nav_02274,navigable,74,andes_region,chatuza,3071.318,1805.501,0.1818075842789749,physical_screen,4236.958333333333,5193.416666666667
pp_nav_02275,navigable,81,brazil_region,pyti,4206.5055,1194.5825,0.0,physical_screen,5529.375,5200.416666666667
pp_nav_02276,improvable,65,kongo_region,kikassa,1003.051,281.27,0.581207275390625,physical_screen,8639.92857142857,5200.333333333333
pp_nav_02277,navigable,85,melanesia_region,kaeti,757.434,534.744,0.0,physical_screen,14088.274509803921,5200.058823529412
pp_nav_02278,navigable,78,brazil_region,gurgueia,639.429,308.24,0.24620911027858017,physical_screen,5733.541666666667,5208.375
pp_nav_02279,improvable,80,andes_region,congona,588.792,200.7645,1.2428124994223864,physical_screen,4138.708333333333,5215.708333333333
pp_nav_02280,barrier,84,andes_region,chumuch,586.264,199.592,2.35032958984375,physical_screen,4135.816326530612,5218.183673469388
pp_nav_02281,navigable,86,kongo_region,berbela,789.7325,194.669,0.22040020810551203,physical_screen,8456.708333333334,5221.583333333333
pp_nav_02282,navigable,79,andes_region,chatuza,2693.862,1562.521,0.2745086669921875,physical_screen,4218.104166666667,5214.9375
pp_nav_02283,navigable,81,kongo_region,mukalombo,1597.809,938.325,0.0,physical_screen,8921.5,5221.875
pp_nav_02284,navigable,75,brazil_region,gurgueia,511.513,272.188,0.0,physical_screen,5690.645833333333,5218.020833333333
pp_nav_02285,navigable,95,brazil_region,caraja,3937.712,1107.308,0.0,physical_screen,5522.587301587301,5240.079365079365
pp_nav_02286,navigable,82,great_lakes_region,luapula,1565.006,924.146,0.0,physical_screen,8942.9375,5229.5625
pp_nav_02287,navigable,53,brazil_region,manuais,527.5260000000001,306.0965,0.0,physical_screen,5669.676470588235,5236.176470588235
pp_nav_02288,navigable,82,melanesia_region,kerewo,1149.898,940.243,0.19216670989990234,physical_screen,14253.29411764706,5244.21568627451
pp_nav_02289,barrier,65,andes_region,pirca_pirca,533.861,180.208,23.733251953125,physical_screen,4145.684210526316,5241.578947368421
pp_nav_02290,improvable,63,andes_region,cocamas,1694.73,872.585,1.344287109375,physical_screen,4197.75,5248.45
pp_nav_02291,navigable,78,kongo_region,mukalombo,875.7864999999999,384.25800000000004,0.0,physical_screen,8915.875,5253.333333333333
pp_nav_02292,improvable,76,kongo_region,berbela,749.403,185.658,0.46334228515625,physical_screen,8468.244444444445,5252.266666666666
pp_nav_02293,improvable,80,great_lakes_region,luapula,1522.7425,898.9415,0.3514614891298931,physical_screen,8965.541666666666,5254.458333333333
pp_nav_02294,navigable,54,melanesia_region,namau,1559.032,1254.267,0.012874794006347657,physical_screen,14294.625,5262.9375
pp_nav_02295,navigable,73,brazil_region,caraja,3563.284,972.853,0.0,physical_screen,5514.173913043478,5270.630434782609
pp_nav_02296,navigable,77,brazil_region,para,5234.505499999999,1726.3965,0.142156982421875,physical_screen,5448.5625,5283.645833333333
pp_nav_02297,improvable,94,kongo_region,marimba,527.8975,137.2235,1.62430419921875,physical_screen,8484.166666666666,5284.962962962963
pp_nav_02298,improvable,82,kongo_region,lusongui,1487.4595,878.674,1.855023193359375,physical_screen,8986.833333333334,5278.916666666667
pp_nav_02299,navigable,84,swahili_coast_region,mitimiri,912.969,301.04499999999996,0.14622681805481338,physical_screen,9470.729166666666,5284.145833333333
pp_nav_02300,improvable,81,swahili_coast_region,mbinga,862.609,292.55600000000004,0.6159114913500983,physical_screen,9420.395833333334,5277.145833333333
pp_nav_02301,navigable,47,melanesia_region,suki,4633.174,3538.064,0.08149394989013672,physical_screen,14147.407407407407,5279.592592592592
pp_nav_02302,navigable,37,swahili_coast_region,mbinga,866.071,291.202,0.3100284576416016,physical_screen,9446.0,5281.0
pp_nav_02303,navigable,77,andes_region,kachi,1393.244,686.5060000000001,0.0,physical_screen,4206.5625,5297.416666666667
pp_nav_02304,navigable,82,brazil_region,acroas,3522.091,978.5215000000001,0.1639068603515625,physical_screen,5499.791666666667,5300.916666666667
pp_nav_02305,improvable,68,swahili_coast_region,mbinga,811.305,264.954,0.7927710202788999,physical_screen,9399.270833333334,5300.770833333333
pp_nav_02306,navigable,73,andes_region,may_ushin,9026.033,3917.1865,0.21561431884765625,physical_screen,4289.375,5294.375
pp_nav_02307,navigable,43,melanesia_region,suki,4730.682,3582.922,0.0,physical_screen,14161.153846153846,5295.884615384615
pp_nav_02308,navigable,42,andes_region,kakataibo,872.1,395.976,0.16034393310546874,physical_screen,4272.821428571428,5306.321428571428
pp_nav_02309,navigable,69,andes_region,may_ushin,9043.27,3917.996,0.1989013671875,physical_screen,4301.511111111111,5311.266666666666
pp_nav_02310,navigable,65,brazil_region,para,5016.2905,1705.0875,0.02129669189453125,physical_screen,5438.125,5318.625
pp_nav_02311,navigable,94,brazil_region,yjxa,1165.6205,340.4885,0.15432586669921874,physical_screen,4794.293103448276,5320.862068965517
pp_nav_02312,navigable,76,andes_region,rupharupha,754.987,360.095,0.0,physical_screen,4220.4375,5329.395833333333
pp_nav_02313,navigable,82,brazil_region,tumbalala,2439.985,332.398,0.1778446967614919,physical_screen,5904.083333333333,5322.208333333333
pp_nav_02314,navigable,79,brazil_region,yjxa,19541.586,7067.327499999999,0.0,physical_screen,4776.6875,5329.729166666667
pp_nav_02315,navigable,77,brazil_region,acroas,2660.76,754.122,0.0,physical_screen,5496.708333333333,5337.166666666667
pp_nav_02316,navigable,81,brazil_region,paranabuku,2424.4825,339.012,0.037933349609375,physical_screen,5877.520833333333,5331.770833333333
pp_nav_02317,navigable,60,andes_region,ashaninka,1703.418,838.8385000000001,0.09562665819595155,physical_screen,4288.421052631579,5334.026315789473
pp_nav_02318,navigable,85,brazil_region,karipuna,733.0219999999999,187.8015,0.0,physical_screen,4808.458333333333,5344.041666666667
pp_nav_02319,navigable,78,brazil_region,tuxa,2523.267,321.648,0.0,physical_screen,5930.333333333333,5334.458333333333
pp_nav_02320,navigable,64,brazil_region,apyawa,4577.62,1638.06,0.0,physical_screen,5418.770833333333,5346.125
pp_nav_02321,navigable,81,brazil_region,amundava,1359.378,235.54000000000002,0.0,physical_screen,4879.625,5341.666666666667
pp_nav_02322,improvable,81,brazil_region,pankararu,2510.555,298.426,0.374786376953125,physical_screen,5946.270833333333,5352.229166666667
pp_nav_02323,navigable,59,brazil_region,ahe,18769.459,6651.004,0.0,physical_screen,4758.7027027027025,5350.1621621621625
pp_nav_02324,navigable,88,brazil_region,paranabuku,2508.208,350.471,0.0,physical_screen,5853.767857142857,5354.482142857143
pp_nav_02325,navigable,79,andes_region,ashaninka,1518.901,728.425,0.0,physical_screen,4277.541666666667,5361.291666666667
pp_nav_02326,navigable,77,brazil_region,amundava,1263.513,215.39249999999998,0.0,physical_screen,4877.833333333333,5367.333333333333
pp_nav_02327,navigable,78,brazil_region,acroas,2591.792,757.9395,0.0,physical_screen,5487.666666666667,5367.25
pp_nav_02328,navigable,79,kongo_region,calumbo,1869.045,291.251,0.1310817003250122,physical_screen,8304.770833333334,5353.6875
pp_nav_02329,navigable,64,brazil_region,akwe,713.74,266.996,0.182012939453125,physical_screen,5508.4324324324325,5375.27027027027
pp_nav_02330,navigable,81,kongo_region,muxima,1891.364,326.57,0.1456737518310547,physical_screen,8331.041666666666,5371.833333333333
pp_nav_02331,navigable,76,brazil_region,apyawa,4258.486,1603.413,0.05618896484375,physical_screen,5406.020833333333,5378.6875
pp_nav_02332,navigable,32,brazil_region,karipuna,581.4014999999999,150.244,0.0,physical_screen,4814.944444444444,5370.055555555556
pp_nav_02333,navigable,51,brazil_region,apiacas,2293.832,701.063,0.1260986328125,physical_screen,5121.242424242424,5368.454545454545
pp_nav_02334,navigable,79,brazil_region,jaguarari,2681.232,345.444,0.0037353515625,physical_screen,5824.0,5366.75
pp_nav_02335,barrier,77,brazil_region,xoko,2507.149,280.584,2.180800087020672,physical_screen,5966.604166666667,5372.8125
pp_nav_02336,navigable,40,brazil_region,wari,18295.2245,6334.957,0.0,physical_screen,4724.458333333333,5372.958333333333
pp_nav_02337,navigable,42,brazil_region,kaxarari,17496.463000000003,6027.952499999999,0.0428924560546875,physical_screen,4710.333333333333,5379.3
pp_nav_02338,navigable,62,brazil_region,apiacas,1542.808,474.043,0.0,physical_screen,5152.083333333333,5386.416666666667
pp_nav_02339,barrier,110,kongo_region,muxima_ayo,1676.185,312.902,5.084366354460749,physical_screen,8366.396825396825,5382.428571428572
pp_nav_02340,improvable,75,andes_region,yanesha,646.642,314.82,0.6056884765625,physical_screen,4274.553191489362,5388.914893617021
pp_nav_02341,navigable,82,brazil_region,acoroazes,2806.64,447.3365,0.0,physical_screen,5772.270833333333,5388.770833333333
pp_nav_02342,improvable,82,brazil_region,xoko,2525.889,276.666,0.5192827224731446,physical_screen,5992.770833333333,5388.729166666667
pp_nav_02343,improvable,82,kongo_region,gunza_anbamba,1560.64,283.244,0.4169921875,physical_screen,8409.375,5383.458333333333
pp_nav_02344,navigable,82,brazil_region,jiparana,956.028,135.9415,0.17270965576171876,physical_screen,4871.291666666667,5402.875
pp_nav_02345,navigable,79,kongo_region,gunza_anbamba,1476.59,266.163,0.26905396157024486,physical_screen,8433.291666666666,5400.166666666667
pp_nav_02346,navigable,67,brazil_region,xerente,2503.599,748.1610000000001,0.0,physical_screen,5486.9,5401.1
pp_nav_02347,navigable,40,brazil_region,karaja,1041.9560000000001,624.5155,0.09858049780010747,physical_screen,5411.416666666667,5399.083333333333
pp_nav_02348,navigable,44,brazil_region,tapirape,2958.491,855.315,0.040924072265625,physical_screen,5397.0,5402.5
pp_nav_02349,navigable,44,brazil_region,apiaka,3587.3,776.734,0.0,physical_screen,5034.821428571428,5404.321428571428
pp_nav_02350,navigable,99,brazil_region,apiacas,878.852,201.657,0.1138458251953125,physical_screen,5149.672131147541,5416.4098360655735
pp_nav_02351,navigable,87,brazil_region,arakaiu,2600.472,302.059,0.0,physical_screen,6018.9607843137255,5411.686274509804
pp_nav_02352,navigable,75,brazil_region,ipueira,2814.665,504.381,0.12195828741201044,physical_screen,5753.895833333333,5416.645833333333
pp_nav_02353,navigable,82,kongo_region,moona_mpanda,1270.377,600.77,0.4115724151473613,physical_screen,8993.416666666666,5422.208333333333
pp_nav_02354,navigable,38,brazil_region,karaja,875.031,533.391,0.06663818359375,physical_screen,5415.04347826087,5418.565217391304
pp_nav_02355,navigable,74,brazil_region,tapirape,2858.387,828.395,0.0436859130859375,physical_screen,5388.020833333333,5431.729166666667
pp_nav_02356,navigable,50,kongo_region,mussende,1007.767,175.5,0.22751537207529646,physical_screen,8443.774193548386,5425.967741935484
pp_nav_02357,navigable,55,brazil_region,gurupi,2356.1005,743.678,0.020965576171875,physical_screen,5485.0625,5430.1875
pp_nav_02358,navigable,50,brazil_region,jiparana,759.204,130.608,0.2576934814453125,physical_screen,4873.1612903225805,5434.1612903225805
pp_nav_02359,navigable,76,swahili_coast_region,tungi,2279.404,289.351,0.3049983024597168,physical_screen,9516.3125,5435.8125
pp_nav_02360,navigable,72,brazil_region,ipueira,2833.297,543.231,0.22980461936387783,physical_screen,5735.291666666667,5445.791666666667
pp_nav_02361,navigable,82,kongo_region,kapela,543.0095,91.686,0.2772172111745502,physical_screen,8466.083333333334,5442.041666666667
pp_nav_02362,navigable,83,brazil_region,kaiabi,768.79,174.133,0.0,physical_screen,5150.583333333333,5447.75
pp_nav_02363,navigable,79,kongo_region,kafaila,1188.446,581.578,0.316748046875,physical_screen,8986.916666666666,5459.416666666667
pp_nav_02364,navigable,85,brazil_region,rikbaktsa,898.425,177.0875,0.23912353515625,physical_screen,5061.020833333333,5456.479166666667
pp_nav_02365,navigable,60,brazil_region,gurupi,2246.487,736.056,0.05614013671875,physical_screen,5481.2307692307695,5455.948717948718
pp_nav_02366,improvable,85,andes_region,nomatsigenga,621.906,264.038,1.03079833984375,physical_screen,4291.962264150943,5452.773584905661
pp_nav_02367,navigable,77,swahili_coast_region,tungi,2232.269,284.096,0.20339487948377055,physical_screen,9486.895833333334,5454.1875
pp_nav_02368,navigable,74,brazil_region,djeoromitxi,624.003,109.049,0.0,physical_screen,4870.790697674419,5462.372093023256
pp_nav_02369,navigable,82,brazil_region,auwe,2528.552,802.3734999999999,0.033079554272413936,physical_screen,5381.895833333333,5469.479166666667
pp_nav_02370,improvable,45,kongo_region,kapela,513.433,86.71,1.5526108820766493,physical_screen,8483.037037037036,5459.481481481482
pp_nav_02371,navigable,77,brazil_region,kaiabi,722.6700000000001,161.1285,0.0,physical_screen,5164.895833333333,5466.104166666667
pp_nav_02372,navigable,74,brazil_region,ipueira,2582.8554999999997,448.81449999999995,0.11662597656250001,physical_screen,5719.395833333333,5477.333333333333
pp_nav_02373,navigable,77,swahili_coast_region,makonde,2034.622,270.981,0.017413330078125,physical_screen,9446.395833333334,5471.354166666667
pp_nav_02374,navigable,78,brazil_region,rikbaktsa,563.705,125.574,0.4000072195582523,physical_screen,5042.260869565217,5476.369565217391
pp_nav_02375,improvable,81,swahili_coast_region,central_meetto,1050.839,142.339,0.94376220703125,physical_screen,9419.28,5470.86
pp_nav_02376,navigable,80,brazil_region,porangatu,1945.826,623.5255,0.168170166015625,physical_screen,5477.229166666667,5483.854166666667
pp_nav_02377,navigable,33,brazil_region,rikbaktsa,851.296,170.874,0.0,physical_screen,5073.428571428572,5478.0952380952385
pp_nav_02378,navigable,76,brazil_region,rikbaktsa,1463.716,327.803,0.28072662353515626,physical_screen,5030.25,5490.791666666667
pp_nav_02379,improvable,81,kongo_region,kinyama,1083.821,559.5945,0.4378662109375,physical_screen,8988.291666666666,5496.291666666667
pp_nav_02380,improvable,48,andes_region,nomatsigenga,2416.324,651.659,1.0439765394807343,physical_screen,4320.259259259259,5492.666666666667
pp_nav_02381,navigable,76,kongo_region,bamgweolo,549.052,229.9275,0.0915079705216554,physical_screen,9056.8125,5492.395833333333
pp_nav_02382,improvable,83,swahili_coast_region,east_yao,898.4705,124.56200000000001,0.8678021890335293,physical_screen,9391.4375,5486.770833333333
pp_nav_02383,improvable,89,swahili_coast_region,central_meetto,677.169,85.68,0.7436840605068226,physical_screen,9436.192307692309,5504.153846153846
pp_nav_02384,navigable,62,swahili_coast_region,east_yao,750.479,107.188,0.242303466796875,physical_screen,9363.5,5488.0526315789475
pp_nav_02385,navigable,77,brazil_region,auwe,1665.754,636.49,0.06505495782980569,physical_screen,5380.145833333333,5499.791666666667
pp_nav_02386,navigable,81,brazil_region,ibotirama,2621.291,454.5165,0.12761569590660768,physical_screen,5718.0625,5511.354166666667
pp_nav_02387,navigable,82,brazil_region,porangatu,1709.497,574.531,0.014739990234375,physical_screen,5485.416666666667,5517.958333333333
pp_nav_02388,navigable,71,great_lakes_region,itaboa,815.279,500.594,0.0536376953125,physical_screen,9040.125,5516.9375
pp_nav_02389,improvable,91,andes_region,tayaccasa,717.523,261.111,1.5714111328125,physical_screen,4294.454545454545,5514.381818181818
pp_nav_02390,navigable,77,brazil_region,pacahuara,4518.238,1112.916,0.0422603680109245,physical_screen,4724.833333333333,5523.083333333333
pp_nav_02391,navigable,74,brazil_region,auwe,926.2505,293.536,0.14240809429892878,physical_screen,5370.458333333333,5525.666666666667
pp_nav_02392,navigable,81,great_lakes_region,lokera,974.64,545.671,0.08781738281250001,physical_screen,9010.4375,5521.6875
pp_nav_02393,navigable,79,brazil_region,iny_karaja,1820.6695,732.957,0.06570224826261224,physical_screen,5383.0625,5531.8125
pp_nav_02394,navigable,72,brazil_region,kuhikugu,520.802,139.265,0.12554474752054737,physical_screen,5270.6511627906975,5528.813953488372
pp_nav_02395,barrier,87,andes_region,churkampa,591.259,209.848,6.6654052734375,physical_screen,4300.392156862745,5538.058823529412
pp_nav_02396,navigable,80,brazil_region,eseejja,956.467,203.026,0.0892486572265625,physical_screen,4640.395833333333,5543.354166666667
pp_nav_02397,barrier,81,andes_region,pampahuaylla,1210.863,183.48,2.889208984375,physical_screen,4331.0625,5541.4375
pp_nav_02398,navigable,34,great_lakes_region,itaboa,900.6590000000001,533.5084999999999,0.2643900502463298,physical_screen,9030.45,5531.15
pp_nav_02399,navigable,79,brazil_region,ibotirama,2640.6435,514.415,0.05607973726426847,physical_screen,5718.5,5546.916666666667
pp_nav_02400,navigable,78,brazil_region,itonama,807.158,229.481,0.07488935663498077,physical_screen,4761.333333333333,5536.916666666667
pp_nav_02401,navigable,33,brazil_region,itonama,1403.222,522.27,0.0202606201171875,physical_screen,4777.0,5535.2
pp_nav_02402,navigable,81,brazil_region,porangatu,1059.344,286.44,0.11324679343310115,physical_screen,5496.448979591837,5540.734693877551
pp_nav_02403,navigable,78,kongo_region,south_letota,624.102,169.655,0.0,physical_screen,8721.666666666666,5549.875
pp_nav_02404,navigable,80,brazil_region,cayubaba,4503.7275,1127.999,0.08599502390462749,physical_screen,4727.333333333333,5557.916666666667
pp_nav_02405,navigable,103,brazil_region,itonama,781.421,223.194,0.0,physical_screen,4780.016666666666,5557.15
pp_nav_02406,navigable,76,brazil_region,iny_karaja,905.955,292.976,0.04501878048060045,physical_screen,5364.958333333333,5558.458333333333
pp_nav_02407,navigable,81,brazil_region,siriono,619.939,216.413,0.0927734375,physical_screen,4768.604166666667,5562.895833333333
pp_nav_02408,navigable,65,brazil_region,iny_karaja,1800.83,714.574,0.102825927734375,physical_screen,5387.076923076923,5563.666666666667
pp_nav_02409,navigable,82,brazil_region,porangatu,1028.0855000000001,217.41250000000002,0.28197473722642996,physical_screen,5496.520833333333,5570.770833333333
pp_nav_02410,barrier,88,andes_region,choccalpata,1114.02,145.933,10.49808349609375,physical_screen,4348.176470588235,5573.705882352941
pp_nav_02411,navigable,50,brazil_region,eseejja,904.1745000000001,196.80450000000002,0.0410516973892137,physical_screen,4629.794117647059,5572.294117647059
pp_nav_02412,navigable,83,brazil_region,kayapo,2182.349,408.3825,0.188201904296875,physical_screen,5710.5,5583.5
pp_nav_02413,navigable,80,kongo_region,nariele,647.729,180.312,0.081640625,physical_screen,8732.125,5576.875
pp_nav_02414,navigable,68,brazil_region,movima,4351.808999999999,1098.672,0.08329790480486633,physical_screen,4717.931818181818,5588.704545454545
pp_nav_02415,navigable,84,brazil_region,xavante,835.93,235.798,0.1301514085076653,physical_screen,5348.2037037037035,5592.7037037037035
pp_nav_02416,navigable,72,brazil_region,siriono,566.398,193.575,0.1108306884765625,physical_screen,4779.243902439024,5596.268292682927
pp_nav_02417,navigable,76,brazil_region,iny_karaja,1437.252,535.201,0.1566523609805242,physical_screen,5377.958333333333,5596.791666666667
pp_nav_02418,improvable,70,andes_region,auccapana,559.86,77.764,1.547265625,physical_screen,4373.069767441861,5588.674418604651
pp_nav_02419,improvable,65,brazil_region,ava_canoeiro,866.112,167.232,1.9265557599061904,physical_screen,5495.243902439024,5602.243902439024
pp_nav_02420,navigable,99,kongo_region,linyanti,724.7285,191.501,0.0,physical_screen,8745.033333333333,5612.166666666667
pp_nav_02421,navigable,39,brazil_region,guarasugwa,613.2909999999999,377.7065,0.3200592041015625,physical_screen,4921.125,5599.166666666667
pp_nav_02422,improvable,77,brazil_region,kayapo,2207.3469999999998,461.12,0.4187603162510441,physical_screen,5704.270833333333,5613.229166666667
pp_nav_02423,navigable,83,brazil_region,kanisianas,3641.191,933.5255,0.1853057861328125,physical_screen,4724.479166666667,5619.479166666667
pp_nav_02424,navigable,72,brazil_region,xavante,726.812,194.12,0.24870461467128094,physical_screen,5335.208333333333,5629.666666666667
pp_nav_02425,navigable,81,brazil_region,kiriras,1250.343,399.488,0.16888288872080418,physical_screen,5370.979166666667,5631.8125
pp_nav_02426,navigable,74,brazil_region,ava_canoeiro,657.0665,119.896,0.0,physical_screen,5476.3125,5624.520833333333
pp_nav_02427,navigable,49,brazil_region,itapiracaba,2145.9165000000003,456.28549999999996,0.0,physical_screen,5695.676470588235,5639.176470588235
pp_nav_02428,navigable,39,brazil_region,uracu,590.707,108.969,0.0,physical_screen,5458.875,5640.375
pp_nav_02429,navigable,67,brazil_region,moxos,3724.656,953.307,0.1516510009765625,physical_screen,4729.822222222222,5652.355555555556
pp_nav_02430,navigable,61,kongo_region,marimbi,1267.46,305.83050000000003,0.1750732421875,physical_screen,8742.1,5651.65
pp_nav_02431,navigable,98,brazil_region,xavante,518.962,127.421,0.13886609695542007,physical_screen,5311.737704918033,5654.950819672131
pp_nav_02432,navigable,77,brazil_region,kiriras,1234.034,347.291,0.10926806914838817,physical_screen,5361.25,5667.0
pp_nav_02433,navigable,75,brazil_region,itapiracaba,2016.319,481.163,0.035222146099678345,physical_screen,5686.541666666667,5670.625
pp_nav_02434,navigable,79,kongo_region,kahinga,542.866,148.252,0.06728835166574283,physical_screen,8877.770833333334,5667.645833333333
pp_nav_02435,navigable,72,brazil_region,moxos,3304.681,834.079,0.0,physical_screen,4730.583333333333,5682.208333333333
pp_nav_02436,navigable,81,kongo_region,kakenje,1275.694,273.712,0.12580332029765606,physical_screen,8736.375,5686.4375
pp_nav_02437,navigable,86,zimbabwe_region,mukariva,707.035,95.839,0.16015014648437498,physical_screen,9069.3125,5689.1875
pp_nav_02438,navigable,72,brazil_region,araes,1064.1025,312.6805,0.15162048339843748,physical_screen,5339.708333333333,5687.416666666667
pp_nav_02439,navigable,83,kongo_region,nkata,554.66,146.14,0.100439453125,physical_screen,8872.645833333334,5700.770833333333
pp_nav_02440,navigable,75,brazil_region,itapiracaba,2074.839,536.203,0.076220703125,physical_screen,5670.958333333333,5702.458333333333
pp_nav_02441,navigable,74,brazil_region,moxos,906.88,145.325,0.0090728759765625,physical_screen,4724.382978723404,5709.95744680851
pp_nav_02442,barrier,78,zimbabwe_region,matope,1249.79,375.979,2.40894775390625,physical_screen,9275.604166666666,5705.9375
pp_nav_02443,navigable,93,brazil_region,moxos,1887.696,589.536,0.09710080379454747,physical_screen,4740.981818181818,5713.4
pp_nav_02444,improvable,49,madagascar_region,andranoboka,1024.642,187.938,0.4270206604099275,physical_screen,9850.51724137931,5699.137931034483
pp_nav_02445,navigable,84,brazil_region,araes,891.662,274.599,0.04718880855985777,physical_screen,5326.178571428572,5716.035714285715
pp_nav_02446,navigable,85,kongo_region,loengowe,1212.414,232.823,0.09298790699504883,physical_screen,8745.729166666666,5720.5625
pp_nav_02447,navigable,86,zimbabwe_region,chikowa,2673.371,568.077,0.0,physical_screen,9172.458333333334,5707.208333333333
pp_nav_02448,navigable,81,kongo_region,minenga,517.816,143.361,0.04909368377387609,physical_screen,8910.916666666666,5710.375
pp_nav_02449,improvable,77,zimbabwe_region,tete,2624.76,557.2455,1.2252166748046875,physical_screen,9202.541666666666,5720.958333333333
pp_nav_02450,navigable,85,zimbabwe_region,muyove,1847.799,454.8625,0.0,physical_screen,9046.0625,5711.020833333333
pp_nav_02451,navigable,81,zimbabwe_region,kasekete,2598.362,556.5965,0.010137939453125,physical_screen,9084.958333333334,5711.0625
pp_nav_02452,navigable,112,zimbabwe_region,chikowa,2670.196,570.2825,0.0,physical_screen,9127.129032258064,5712.532258064516
pp_nav_02453,navigable,50,kongo_region,minenga,548.98,143.914,0.0607666015625,physical_screen,8885.387096774193,5717.290322580645
pp_nav_02454,navigable,68,brazil_region,buriti,2050.764,614.579,0.0,physical_screen,5647.159090909091,5724.659090909091
pp_nav_02455,improvable,77,zimbabwe_region,muyove,1813.921,450.075,0.6679558958411049,physical_screen,9013.125,5724.458333333333
pp_nav_02456,navigable,78,madagascar_region,marovoay,1620.981,221.68900000000002,0.0,physical_screen,9807.833333333334,5737.125
pp_nav_02457,navigable,79,zimbabwe_region,mbewe,1271.78,373.774,0.254168701171875,physical_screen,9278.625,5741.166666666667
pp_nav_02458,navigable,34,chaco_region,bia_mbya,751.443,152.201,0.01895751953125,physical_screen,4743.363636363636,5734.772727272727
pp_nav_02459,improvable,73,zimbabwe_region,tete,2739.95,598.2245,0.38231964111328126,physical_screen,9223.854166666666,5747.25
pp_nav_02460,navigable,76,zimbabwe_region,chedzurgwe,1313.63,250.4495,0.0,physical_screen,8999.583333333334,5755.416666666667
pp_nav_02461,navigable,81,brazil_region,akwen,1768.3600000000001,574.983,0.19807182092719003,physical_screen,5636.770833333333,5755.979166666667
pp_nav_02462,navigable,75,kongo_region,namieta,1194.7804999999998,219.694,0.2787109375,physical_screen,8753.25,5752.604166666667
pp_nav_02463,navigable,94,madagascar_region,maevatanana,1049.634,143.758,0.266856506144159,physical_screen,9818.393442622952,5769.016393442623
pp_nav_02464,navigable,80,zimbabwe_region,chamo,568.319,156.558,0.14035720825195314,physical_screen,9292.145833333334,5764.1875
pp_nav_02465,improvable,81,zimbabwe_region,chiramba,3121.784,684.397,0.4516183910292743,physical_screen,9248.354166666666,5768.770833333333
pp_nav_02466,navigable,78,kongo_region,bombwi,1193.5615,208.959,0.2314453125,physical_screen,8773.479166666666,5778.020833333333
pp_nav_02467,navigable,76,zimbabwe_region,abutua,1205.4125,230.58350000000002,0.0,physical_screen,8973.625,5775.125
pp_nav_02468,navigable,36,brazil_region,akwen,507.368,190.354,0.33069021801857224,physical_screen,5628.136363636364,5774.636363636364
pp_nav_02469,navigable,75,brazil_region,pinheiro,1217.883,365.21500000000003,0.254901123046875,physical_screen,5645.375,5783.958333333333
pp_nav_02470,improvable,77,zimbabwe_region,chiramba,3148.7765,659.074,0.37415512919506067,physical_screen,9274.520833333334,5787.979166666667
pp_nav_02471,navigable,89,zimbabwe_region,chamo,585.302,156.043,0.0713682901242906,physical_screen,9297.479166666666,5801.729166666667
pp_nav_02472,navigable,71,zimbabwe_region,abutua,1166.572,223.759,0.0,physical_screen,8948.354166666666,5797.854166666667
pp_nav_02473,navigable,81,andes_region,axawiri,651.804,269.404,0.0,physical_screen,4563.5625,5802.0625
pp_nav_02474,improvable,80,kongo_region,liova,1147.103,196.4275,0.6640129548114972,physical_screen,8792.041666666666,5806.0
pp_nav_02475,improvable,52,madagascar_region,fenoarivo_east,585.5775,218.2025,1.7272071277172036,physical_screen,9932.40625,5803.90625
pp_nav_02476,navigable,77,brazil_region,pinheiro,789.008,164.474,0.159771728515625,physical_screen,5641.083333333333,5816.958333333333
pp_nav_02477,navigable,81,zimbabwe_region,sena,3161.24,648.572,0.20033100726774583,physical_screen,9291.208333333334,5818.833333333333
pp_nav_02478,improvable,86,andes_region,callapa,674.556,276.243,0.39580078125,physical_screen,4591.854166666667,5814.854166666667
pp_nav_02479,navigable,71,zimbabwe_region,dambwe,1143.768,220.057,0.0,physical_screen,8929.270833333334,5826.770833333333
pp_nav_02480,navigable,81,kongo_region,katima,1014.039,183.867,0.08856201171875,physical_screen,8821.041666666666,5818.375
pp_nav_02481,navigable,77,andes_region,curahuara,681.462,277.15,0.26061163541513577,physical_screen,4616.916666666667,5823.416666666667
pp_nav_02482,barrier,78,zimbabwe_region,bumbuzi,1062.8815,204.833,0.40634320786225797,physical_screen;victoria_falls,8850.333333333334,5833.0
pp_nav_02483,navigable,80,andes_region,sura,682.325,276.3275,0.340087890625,physical_screen,4628.291666666667,5844.770833333333
pp_nav_02484,improvable,34,andes_region,matarjawira,682.37,277.29,0.3591050292349519,physical_screen,4621.857142857143,5839.142857142857
pp_nav_02485,navigable,77,zimbabwe_region,chupanga,3862.944,778.374,0.23845291137695312,physical_screen,9312.6875,5843.8125
pp_nav_02486,barrier,83,zimbabwe_region,bumbuzi,1067.4615,205.189,1.87586669921875,victoria_falls,8880.541666666666,5840.041666666667
pp_nav_02487,barrier,51,zimbabwe_region,bumbuzi,1083.133,208.329,1.43868408203125,physical_screen;victoria_falls,8907.709677419354,5843.4838709677415
pp_nav_02488,navigable,101,brazil_region,kaxixo,621.346,115.822,0.000829904834723309,physical_screen,5628.852459016393,5866.098360655737
pp_nav_02489,navigable,89,zimbabwe_region,cuama,3888.559,755.32,0.12317172932091933,physical_screen,9334.792452830188,5871.490566037736
pp_nav_02490,navigable,78,brazil_region,bororos,1147.8870000000002,232.78199999999998,0.08331112610632325,physical_screen,5455.270833333333,5866.520833333333
pp_nav_02491,navigable,88,brazil_region,bororos,1393.629,289.816,0.15845947265625,physical_screen,5428.547169811321,5876.094339622641
pp_nav_02492,navigable,73,brazil_region,araripocone,2056.177,455.685,0.0,physical_screen,5395.395833333333,5890.9375
pp_nav_02493,improvable,97,brazil_region,itanhomi,624.8895,99.074,0.9374528796190228,physical_screen,5777.967741935484,5898.725806451613
pp_nav_02494,navigable,50,chaco_region,eexiwa,2122.84,1557.953,0.010049233391988958,physical_screen,5072.066666666667,5900.433333333333
pp_nav_02495,navigable,81,brazil_region,krenak,845.477,127.10749999999999,0.0,physical_screen,5806.708333333333,5911.791666666667
pp_nav_02496,navigable,60,brazil_region,iranmranhre,2601.179,625.202,0.083306884765625,physical_screen,5377.394736842105,5915.789473684211
pp_nav_02497,improvable,84,brazil_region,coutins,1038.88,161.384,0.38245706297119175,physical_screen,5862.76,5926.9
pp_nav_02498,navigable,62,brazil_region,malalis,994.22,147.565,0.11417388916015625,physical_screen,5830.194444444444,5927.805555555556
pp_nav_02499,navigable,82,brazil_region,paranaiba,2946.388,744.442,0.07266845703125,physical_screen,5367.0625,5946.979166666667
pp_nav_02500,navigable,76,madagascar_region,tsimanandrafozana,1013.9545,211.601,0.3047462677774084,physical_screen,9727.3125,5939.3125
pp_nav_02501,navigable,40,madagascar_region,tsimanandrafozana,974.1,211.81,0.4094097088946349,physical_screen,9748.166666666666,5941.0
pp_nav_02502,navigable,94,brazil_region,tanabi,2255.984,658.3665,0.0,physical_screen,5386.016666666666,5949.816666666667
pp_nav_02503,navigable,83,brazil_region,uberaba,1999.6,583.129,0.24668192536262787,physical_screen,5436.0625,5953.979166666667
pp_nav_02504,improvable,80,brazil_region,sapukaia,1063.945,299.6165,0.450164794921875,physical_screen,5525.916666666667,5957.833333333333
pp_nav_02505,navigable,83,brazil_region,sapukaia,1159.5765000000001,320.29999999999995,0.0,physical_screen,5500.270833333333,5960.520833333333
pp_nav_02506,improvable,79,brazil_region,barretos,1180.0435,326.08,0.45703125,physical_screen,5476.895833333333,5966.104166666667
pp_nav_02507,improvable,82,brazil_region,barretos,1955.445,564.069,0.656414794921875,physical_screen,5453.458333333333,5969.041666666667
pp_nav_02508,navigable,43,chaco_region,yshyr,2650.204,1848.88,0.01185760498046875,physical_screen,5043.851851851852,5972.62962962963
pp_nav_02509,navigable,71,brazil_region,paranaiba,5303.884,1433.219,0.0,physical_screen,5353.854166666667,5976.3125
pp_nav_02510,navigable,79,brazil_region,sao_sebastiao_paraiso,994.6495,281.1615,0.08105507278238953,physical_screen,5551.979166666667,5976.333333333333
pp_nav_02511,navigable,36,brazil_region,uberaba,1939.405,554.613,0.0,physical_screen,5463.35,5975.35
pp_nav_02512,navigable,67,brazil_region,barretos,530.564,159.84,0.0,physical_screen,5487.717948717948,5989.282051282052
pp_nav_02513,navigable,60,brazil_region,passos,875.046,234.671,0.3444580078125,physical_screen,5575.914285714286,5992.4
pp_nav_02514,navigable,79,brazil_region,valparaiso,934.649,418.701,0.10009212231561443,physical_screen,5349.625,5993.458333333333
pp_nav_02515,navigable,77,brazil_region,tiete,901.3555,405.2495,0.0,physical_screen,5379.125,6005.375
pp_nav_02516,navigable,53,brazil_region,ofaie,6521.619,1968.031,0.061962890625,physical_screen,5333.742857142857,6013.171428571429
pp_nav_02517,navigable,86,brazil_region,tiete,843.7145,386.8495,0.16943166303898796,physical_screen,5409.916666666667,6022.583333333333
pp_nav_02518,navigable,78,brazil_region,ofaie,6751.067,2063.168,0.0,physical_screen,5322.530612244898,6040.428571428572
pp_nav_02519,navigable,77,brazil_region,bauru,849.1344999999999,390.9285,0.0023681640625,physical_screen,5439.354166666667,6040.9375
pp_nav_02520,navigable,77,chaco_region,guana,2860.137,2021.802,0.0,physical_screen,5051.645833333333,6053.229166666667
pp_nav_02521,improvable,82,brazil_region,sao_fidelis,540.0999999999999,176.83499999999998,1.2120094299316406,physical_screen,5770.291666666667,6050.541666666667
pp_nav_02522,navigable,94,brazil_region,guaitaka,701.502,215.973,0.2246860325915288,physical_screen,5804.654545454546,6050.563636363637
pp_nav_02523,navigable,81,brazil_region,bauru,706.664,327.315,0.2731520199721762,physical_screen,5460.6875,6062.375
pp_nav_02524,navigable,70,brazil_region,taquarucu,7225.139,2310.079,0.0,physical_screen,5307.0,6069.5
pp_nav_02525,barrier,66,brazil_region,leopoldina,505.7,169.691,2.644298021799557,physical_screen,5740.785714285715,6065.285714285715
pp_nav_02526,navigable,94,chaco_region,nenlhet,3059.877,2171.992,0.0332794189453125,physical_screen,5053.8,6090.709090909091
pp_nav_02527,navigable,79,brazil_region,bauru,631.5305000000001,287.25350000000003,0.0,physical_screen,5475.770833333333,6091.979166666667
pp_nav_02528,navigable,71,brazil_region,taquarucu,7268.702,2338.252,0.0,physical_screen,5282.5625,6093.0625
pp_nav_02529,improvable,78,brazil_region,apucarana,1166.077,864.6715,0.62010498046875,physical_screen,5317.520833333333,6102.729166666667
pp_nav_02530,navigable,73,brazil_region,apucarana,1185.569,889.429,0.005898527446077847,physical_screen,5286.767441860465,6103.046511627907
pp_nav_02531,navigable,86,brazil_region,jataizinho,1060.858,761.641,0.017864990234375,physical_screen,5349.3877551020405,6108.244897959184
pp_nav_02532,navigable,72,brazil_region,kaiwa,8495.975,3328.504,0.005898527446077847,physical_screen,5258.369565217391,6115.869565217391
pp_nav_02533,navigable,77,chaco_region,enenlhet,3165.067,2246.644,0.09060821533203126,physical_screen,5058.666666666667,6122.708333333333
pp_nav_02534,navigable,79,brazil_region,chiripa,8784.844,3540.438,0.09593364194493136,physical_screen,5247.75,6139.041666666667
pp_nav_02535,navigable,45,chaco_region,enenlhet,3364.419,2386.6325,0.0,physical_screen,5070.571428571428,6143.142857142857
pp_nav_02536,improvable,84,brazil_region,umuarama,670.669,520.161,0.39505157470703123,physical_screen,5278.166666666667,6140.25
pp_nav_02537,navigable,75,brazil_region,umuarama,582.7,450.58,0.1485803161556102,physical_screen,5306.866666666667,6157.133333333333
pp_nav_02538,navigable,81,brazil_region,chiripa,9604.298,4391.155,0.051961838088133344,physical_screen,5229.549019607844,6164.549019607844
pp_nav_02539,navigable,77,chaco_region,enenlhet,3512.793,2527.219,0.19891844595317706,physical_screen,5079.5,6168.958333333333
pp_nav_02540,navigable,72,chaco_region,enxet,3822.083,2810.124,0.05454736076684581,physical_screen,5084.895833333333,6199.4375
pp_nav_02541,navigable,75,chaco_region,canindeyu,616.519,441.138,0.105523681640625,physical_screen,5222.208333333333,6188.395833333333
pp_nav_02542,navigable,57,brazil_region,mbya,550.597,391.184,0.186810302734375,physical_screen,5242.787878787879,6193.818181818182
pp_nav_02543,navigable,37,chaco_region,canindeyu,9744.244,4823.3425,0.18491058349609374,physical_screen,5217.545454545455,6207.409090909091
pp_nav_02544,navigable,75,chaco_region,ipholhhelhlhup,3914.37,2876.249,0.08722019419616348,physical_screen,5081.625,6232.604166666667
pp_nav_02545,navigable,38,brazil_region,cananeia,556.211,349.982,0.0,physical_screen,5524.047619047619,6220.380952380952
pp_nav_02546,navigable,76,chaco_region,takuru_puku,9958.889,5056.539,0.0,physical_screen,5209.8125,6246.979166666667
pp_nav_02547,navigable,82,chaco_region,tacshic,4411.4085,3310.688,0.13604207445648203,physical_screen,5063.458333333333,6274.083333333333
pp_nav_02548,improvable,78,chaco_region,yguazu,1821.752,1423.6374999999998,0.42890625,physical_screen,5211.666666666667,6272.75
pp_nav_02549,navigable,76,brazil_region,santo_antonio,1361.2175000000002,1054.0900000000001,0.06119384765625,physical_screen,5258.208333333333,6270.375
pp_nav_02550,improvable,47,brazil_region,mbya,1666.1644999999999,1301.3519999999999,1.52303466796875,physical_screen,5235.923076923077,6272.884615384615
pp_nav_02551,navigable,76,brazil_region,palmas,904.142,709.807,0.0,physical_screen,5287.222222222223,6275.422222222222
pp_nav_02552,navigable,99,chaco_region,kaarendy,12375.688,7537.224,0.0,physical_screen,5201.709677419355,6295.9838709677415
pp_nav_02553,improvable,82,brazil_region,palmas,712.227,580.5,0.86090087890625,physical_screen,5316.895833333333,6289.979166666667
pp_nav_02554,navigable,77,chaco_region,tacshic,4583.5064999999995,3422.6155,0.07859954833984376,physical_screen,5048.0625,6303.354166666667
pp_nav_02555,improvable,105,brazil_region,palmas,586.537,471.765,0.3732421875,physical_screen,5350.9,6303.8
pp_nav_02556,navigable,76,chaco_region,ygana,12597.488000000001,7750.0905,0.0,physical_screen,5192.041666666667,6333.416666666667
pp_nav_02557,navigable,38,chaco_region,lanagashec,5013.572,3849.084,0.13373444207964863,physical_screen,5036.041666666667,6340.041666666667
pp_nav_02558,improvable,78,chaco_region,tsiripa,12784.309,7921.106,0.7681564331054688,physical_screen,5169.416666666667,6355.5
pp_nav_02559,navigable,77,chaco_region,lanagashec,5496.685,3975.308,0.0256317138671875,physical_screen,5024.5,6359.291666666667
pp_nav_02560,improvable,93,brazil_region,chopim,2046.995,1193.672,0.5833038330078125,physical_screen,5256.696428571428,6364.553571428572
pp_nav_02561,navigable,83,la_plata_region,passo_fundo,1372.393,827.585,0.0,physical_screen,5288.75,6368.229166666667
pp_nav_02562,navigable,73,chaco_region,yguazu,2353.8469999999998,1380.373,0.0583526611328125,physical_screen,5223.083333333333,6373.75
pp_nav_02563,navigable,77,chaco_region,tsiripa,12992.716,8096.666,0.0,physical_screen,5150.291666666667,6375.5
pp_nav_02564,navigable,86,chaco_region,mepenes,13208.234499999999,8201.587,0.0525787353515625,physical_screen,5044.25,6371.958333333333
pp_nav_02565,improvable,85,la_plata_region,lagoa_vermelha,1047.051,655.379,1.1662408986184625,physical_screen,5321.458333333333,6378.229166666667
pp_nav_02566,navigable,87,chaco_region,tsiripa,13144.291,8209.09,0.1627482473145323,physical_screen,5116.354166666667,6375.854166666667
pp_nav_02567,navigable,83,chaco_region,qollaxalec,18548.535,12038.459,0.0,physical_screen,5012.5625,6388.145833333333
pp_nav_02568,navigable,76,chaco_region,mepenes,13167.808,8193.588,0.0829555081360559,physical_screen,5080.7441860465115,6379.7441860465115
pp_nav_02569,improvable,77,chaco_region,uruguay,2477.4395,1484.088,1.4022994004484,physical_screen,5198.833333333333,6387.583333333333
pp_nav_02570,navigable,69,chaco_region,uruguay,2590.895,1555.691,0.07845463614098641,physical_screen,5179.041666666667,6404.875
pp_nav_02571,navigable,78,chaco_region,qompi,18038.543,11681.538,0.016770713297545557,physical_screen,5003.5,6424.708333333333
pp_nav_02572,navigable,72,chaco_region,uruguay,3118.143,1858.101,0.16612260519888772,physical_screen,5158.229166666667,6423.229166666667
pp_nav_02573,navigable,74,chaco_region,uruguay,3210.239,1912.9,0.23373870849609374,physical_screen,5143.020833333333,6441.9375
pp_nav_02574,navigable,76,chaco_region,qompi,18087.207,11697.799,0.01712188720703125,physical_screen,4996.541666666667,6461.041666666667
pp_nav_02575,navigable,77,chaco_region,uruguay,3487.01,2060.404,0.11166445788500556,physical_screen,5122.708333333333,6468.208333333333
pp_nav_02576,navigable,76,chaco_region,qompi,18285.656,11829.964,0.01093079262813485,physical_screen,4980.291666666667,6491.75
pp_nav_02577,improvable,80,la_plata_region,patos,604.716,335.763,0.5497638702392578,physical_screen,5325.291666666667,6497.1875
pp_nav_02578,navigable,79,chaco_region,yapeyu,3704.591,2278.251,0.0,physical_screen,5107.96,6493.5
pp_nav_02579,navigable,78,la_plata_region,ibicui,995.56,487.348,0.20212130041455822,physical_screen,5133.875,6492.958333333333
pp_nav_02580,navigable,111,la_plata_region,inhandui,682.7575,346.428,0.0,physical_screen,5163.629032258064,6505.354838709677
pp_nav_02581,navigable,73,chaco_region,yapeyu,4928.8675,2845.0035,0.017511749267578126,physical_screen,5087.4375,6515.9375
pp_nav_02582,navigable,75,chaco_region,romang,18389.162,11930.132,0.13342161563630603,physical_screen,4975.270833333333,6525.770833333333
pp_nav_02583,navigable,85,la_plata_region,patos,1190.492,624.582,0.0,physical_screen,5332.0625,6523.854166666667
pp_nav_02584,navigable,83,la_plata_region,umbu,1124.8315,591.826,0.10092506408691407,physical_screen,5306.3125,6529.9375
pp_nav_02585,navigable,58,la_plata_region,umbu,903.772,476.895,0.0228759765625,physical_screen,5282.777777777777,6531.055555555556
pp_nav_02586,navigable,34,chaco_region,yapeyu,5025.0425,2863.8615,0.041526081827570234,physical_screen,5072.5,6535.818181818182
pp_nav_02587,navigable,73,chaco_region,mandisobi,5566.341,3190.151,0.046060002619025195,physical_screen,5059.714285714285,6555.367346938776
pp_nav_02588,navigable,77,chaco_region,romang,18734.041,12269.324,0.012840196520487167,physical_screen,4972.375,6564.666666666667
pp_nav_02589,navigable,67,chaco_region,qom_caia,18744.434,12270.171,0.0,physical_screen,4959.458333333333,6597.958333333333
pp_nav_02590,navigable,77,chaco_region,mandisobi,5924.186,3422.456,0.10129686141009339,physical_screen,5050.583333333333,6603.708333333333
pp_nav_02591,navigable,75,chaco_region,qom_caia,18801.225,12355.187,0.006678006818496314,physical_screen,4952.020833333333,6616.520833333333
pp_nav_02592,navigable,81,chaco_region,qom_caia,18802.264,12368.522,0.013356013636992629,physical_screen,4938.274509803921,6625.176470588235
pp_nav_02593,navigable,79,la_plata_region,yaguari_guazu,6096.187,3501.4815,0.0260927677154541,physical_screen,5044.541666666667,6636.125
pp_nav_02594,navigable,81,la_plata_region,nogoya,19252.563,12800.873,0.0,physical_screen,4932.354166666667,6643.729166666667
pp_nav_02595,navigable,37,la_plata_region,piratinin,1131.128,753.091,0.0,physical_screen,5304.857142857143,6638.809523809524
pp_nav_02596,navigable,84,chaco_region,karendo,19248.771,12798.198,0.1904323642922873,physical_screen,4926.5,6655.62962962963
pp_nav_02597,navigable,109,la_plata_region,yaguari_guazu,6376.5779999999995,3609.956,0.0,physical_screen,5042.080645161291,6677.225806451613
pp_nav_02598,navigable,34,la_plata_region,nogoya,19237.693,12789.179,0.1904323642922873,physical_screen,4928.8421052631575,6669.1578947368425
pp_nav_02599,navigable,80,chaco_region,lalek_cotaa,18242.535,12126.025,0.10995008838600114,physical_screen,4926.145833333333,6693.6875
pp_nav_02600,navigable,83,la_plata_region,hum,526.187,296.674,0.0735443115234375,physical_screen,5120.979166666667,6693.479166666667
pp_nav_02601,navigable,78,la_plata_region,hum,584.106,332.418,0.08298878689041116,physical_screen,5091.041666666667,6707.708333333333
pp_nav_02602,navigable,83,la_plata_region,chana,895.9,559.351,0.20248489379882811,physical_screen,5063.229166666667,6709.6875
pp_nav_02603,navigable,82,la_plata_region,mbegua,17785.268,11875.73,0.06491240435525106,physical_screen,4944.0625,6716.895833333333
pp_nav_02604,navigable,52,la_plata_region,chana,943.294,565.267,0.0639577865600586,physical_screen,5042.46875,6721.34375
pp_nav_02605,navigable,78,la_plata_region,mbegua,18160.441,12213.956,0.05348610877990723,physical_screen,4975.791666666667,6727.75
pp_nav_02606,navigable,79,la_plata_region,carapachay,18232.8975,12322.486499999999,0.015040594334757872,physical_screen,4997.541666666667,6752.208333333333
pp_nav_02607,navigable,38,la_plata_region,carapachay,18311.338,12427.697,0.14119397607541537,physical_screen,5017.782608695652,6761.0
pp_nav_02608,navigable,81,la_plata_region,tuvicha_mini,648.829,310.352,0.0834201196972958,physical_screen,5017.5625,6868.666666666667
pp_nav_02609,navigable,79,la_plata_region,tubicha_mini,754.311,373.803,0.036541748046875,physical_screen,5062.979166666667,6878.479166666667
pp_nav_02610,navigable,55,la_plata_region,tubicha_mini,669.448,329.612,0.06885010015959778,physical_screen,5040.5142857142855,6879.228571428572
pp_nav_02611,navigable,89,andes_region,puchacay,932.22,199.27,0.18471603393554686,physical_screen,4372.415094339623,6956.471698113208
pp_nav_02612,improvable,82,la_plata_region,newenken,794.418,249.691,0.3719975710186059,physical_screen,4583.520833333333,7068.6875
pp_nav_02613,improvable,86,la_plata_region,fisque_menuco,1101.8615,290.704,0.626519775390625,physical_screen,4620.645833333333,7074.520833333333
pp_nav_02614,improvable,80,la_plata_region,elcui,794.4675,250.0565,1.0276949525014905,physical_screen,4586.916666666667,7074.708333333333
pp_nav_02615,navigable,69,la_plata_region,newenken,789.0195,243.113,0.0,physical_screen,4555.875,7087.375
pp_nav_02616,improvable,85,la_plata_region,choele_choel,1092.076,274.17,0.6702770167685805,physical_screen,4658.229166666667,7076.0625
pp_nav_02617,improvable,88,la_plata_region,elcui,1101.46,289.97,0.9025905228354335,physical_screen,4622.333333333333,7080.490196078431
pp_nav_02618,navigable,72,la_plata_region,newenken,788.4065,242.005,0.0,physical_screen,4559.875,7093.375
pp_nav_02619,navigable,81,la_plata_region,balcheta,1089.457,270.251,0.11505126953125,physical_screen,4658.041666666667,7082.166666666667
pp_nav_02620,improvable,83,la_plata_region,choele_choel,1071.717,247.099,0.48720104321178104,physical_screen,4693.125,7086.25
pp_nav_02621,improvable,58,la_plata_region,balcheta,1076.176,251.813,0.517101713128712,physical_screen,4686.90625,7088.46875
pp_nav_02622,improvable,84,la_plata_region,balcheta,1042.398,217.918,0.6314672466074909,physical_screen,4714.3125,7112.1875
pp_nav_02623,navigable,78,la_plata_region,catan_lil,712.614,225.451,0.42844543457031253,physical_screen,4531.1875,7110.6875
pp_nav_02624,improvable,77,la_plata_region,naupa_huen,712.614,225.451,0.75450439453125,physical_screen,4536.208333333333,7116.166666666667
pp_nav_02625,improvable,74,la_plata_region,catan_lil,680.4925000000001,209.157,1.80677490234375,physical_screen,4505.4375,7131.4375
pp_nav_02626,navigable,83,la_plata_region,choele_choel,1004.602,176.349,0.3003646850585937,physical_screen,4744.5625,7129.9375
pp_nav_02627,improvable,74,la_plata_region,naupa_huen,664.671,205.0,1.80677490234375,physical_screen,4510.104166666667,7136.604166666667
pp_nav_02628,navigable,81,la_plata_region,curu_leufvu,873.148,149.997,0.26744842529296875,physical_screen,4775.104166666667,7147.395833333333
pp_nav_02629,navigable,36,andes_region,pikunwijimapu,629.27,224.249,0.0,physical_screen,4344.35,7147.85
pp_nav_02630,navigable,63,la_plata_region,catan_lil,617.315,193.972,0.0,physical_screen,4491.2972972972975,7157.081081081081
pp_nav_02631,improvable,81,la_plata_region,curu_leufvu,868.475,146.316,0.3782062530517578,physical_screen,4802.020833333333,7168.479166666667
pp_nav_02632,improvable,44,la_plata_region,curu_leufvu,869.387,146.516,0.8100170869568275,physical_screen,4824.740740740741,7183.259259259259
pp_nav_02633,navigable,76,new_zealand_region,otakou,527.482,337.9475,0.0,physical_screen,15401.3125,7475.979166666667
pp_nav_02634,improvable,96,new_zealand_region,otakou,542.849,370.061,0.8875160217285156,physical_screen,15411.982456140351,7511.649122807017
pp_nav_02635,navigable,83,la_plata_region,corpen_aike,710.906,636.223,0.3189888378078953,physical_screen,4546.875,7773.041666666667
pp_nav_02636,improvable,82,la_plata_region,corpen_aike,709.3695,635.9395,0.7310798645019532,physical_screen,4514.625,7779.083333333333
pp_nav_02637,improvable,82,la_plata_region,chalten,705.622,634.927,1.2640625,physical_screen,4483.291666666667,7784.791666666667
pp_nav_02638,improvable,87,la_plata_region,chalten,686.3745,618.5995,1.0571880730836056,physical_screen,4432.5,7785.041666666667
pp_nav_02639,improvable,37,la_plata_region,chalten,703.366,634.232,0.8040703609744337,physical_screen,4458.083333333333,7785.166666666667
