from,to,state,cost_profile,shore
pp_nav_00001,pp_nav_00002,navigable,difficult,False
pp_nav_00001,kengdey,navigable,difficult,True
pp_nav_00002,kengdey,navigable,difficult,True
pp_nav_00003,chekurovka,navigable,difficult,True
pp_nav_00003,kengdey,navigable,difficult,True
pp_nav_00004,pp_nav_00006,navigable,navigable,False
pp_nav_00004,olenegorsk,navigable,navigable,True
pp_nav_00004,cokuurdaax,navigable,navigable,True
pp_nav_00005,olenegorsk,navigable,navigable,True
pp_nav_00005,cokuurdaax,navigable,navigable,True
pp_nav_00006,pp_nav_00008,navigable,navigable,False
pp_nav_00006,vorontsovo,navigable,navigable,True
pp_nav_00006,olenegorsk,navigable,navigable,True
pp_nav_00006,nicalaax,navigable,navigable,True
pp_nav_00007,pp_nav_00012,navigable,navigable,False
pp_nav_00007,dudinka,navigable,navigable,True
pp_nav_00008,pp_nav_00010,navigable,navigable,False
pp_nav_00008,vorontsovo,navigable,navigable,True
pp_nav_00009,molodo,navigable,difficult,True
pp_nav_00010,vorontsovo,navigable,navigable,True
pp_nav_00011,vorontsovo,navigable,navigable,True
pp_nav_00012,pp_nav_00019,barrier,barrier,False
pp_nav_00012,dudinka,navigable,navigable,True
pp_nav_00013,pp_nav_00018,navigable,navigable,False
pp_nav_00013,inuviq,navigable,navigable,True
pp_nav_00014,mikhalkino,navigable,navigable,True
pp_nav_00015,khargytyr,improvable,improvable,True
pp_nav_00016,zharzhan,navigable,difficult,True
pp_nav_00017,pp_nav_00021,navigable,navigable,False
pp_nav_00017,kurung_yuryakh,navigable,navigable,True
pp_nav_00018,pp_nav_00022,navigable,navigable,False
pp_nav_00018,inuviq,navigable,navigable,True
pp_nav_00018,tuktoyukiuq,navigable,navigable,True
pp_nav_00019,pp_nav_00023,barrier,barrier,False
pp_nav_00019,dudinka,barrier,barrier,True
pp_nav_00020,pp_nav_00026,barrier,barrier,False
pp_nav_00020,pp_nav_00027,improvable,improvable,False
pp_nav_00020,kolymskoie,improvable,improvable,True
pp_nav_00020,omoloon,improvable,improvable,True
pp_nav_00021,pp_nav_00024,improvable,improvable,False
pp_nav_00021,tuyandina,navigable,navigable,True
pp_nav_00021,kurung_yuryakh,navigable,navigable,True
pp_nav_00021,khachimcher,navigable,navigable,True
pp_nav_00022,pp_nav_00028,navigable,navigable,False
pp_nav_00022,pp_nav_00029,navigable,navigable,False
pp_nav_00022,inuviq,navigable,navigable,True
pp_nav_00023,pp_nav_00031,barrier,barrier,False
pp_nav_00023,dudinka,navigable,navigable,True
pp_nav_00024,pp_nav_00030,improvable,improvable,False
pp_nav_00024,tuyandina,improvable,improvable,True
pp_nav_00024,abyy,improvable,improvable,True
pp_nav_00025,kolymskoie,improvable,improvable,True
pp_nav_00025,omoloon,improvable,improvable,True
pp_nav_00026,kolymskoie,barrier,barrier,True
pp_nav_00026,omoloon,barrier,barrier,True
pp_nav_00026,timkino,barrier,barrier,True
pp_nav_00027,pp_nav_00038,improvable,improvable,False
pp_nav_00027,omoloon,improvable,improvable,True
pp_nav_00028,aklaviq,navigable,navigable,True
pp_nav_00028,inuviq,navigable,navigable,True
pp_nav_00029,inuviq,navigable,navigable,True
pp_nav_00030,pp_nav_00033,navigable,difficult,False
pp_nav_00030,tuyandina,navigable,difficult,True
pp_nav_00030,abyy,navigable,difficult,True
pp_nav_00030,esteriktyaax,navigable,difficult,True
pp_nav_00031,dudinka,barrier,barrier,True
pp_nav_00032,pp_nav_00033,improvable,improvable,False
pp_nav_00032,pp_nav_00035,improvable,improvable,False
pp_nav_00032,syagannaax,improvable,improvable,True
pp_nav_00033,syagannaax,navigable,difficult,True
pp_nav_00033,abyy,navigable,difficult,True
pp_nav_00034,sylgy_ytar,improvable,improvable,True
pp_nav_00034,shabash,improvable,improvable,True
pp_nav_00035,syagannaax,improvable,improvable,True
pp_nav_00036,pp_nav_00040,navigable,navigable,False
pp_nav_00036,khantayskoye,navigable,navigable,True
pp_nav_00036,dudinka,navigable,navigable,True
pp_nav_00037,pp_nav_00039,navigable,navigable,False
pp_nav_00037,kal_gatana,navigable,navigable,True
pp_nav_00037,oyuuhardaax,navigable,navigable,True
pp_nav_00037,argaxtaax,navigable,navigable,True
pp_nav_00038,omoloon,navigable,navigable,True
pp_nav_00039,pp_nav_00041,navigable,navigable,False
pp_nav_00039,dyryn_ebe,navigable,navigable,True
pp_nav_00039,kal_gatana,navigable,navigable,True
pp_nav_00039,kholongsolokh,navigable,navigable,True
pp_nav_00040,pp_nav_00049,navigable,navigable,False
pp_nav_00040,khantayskoye,navigable,navigable,True
pp_nav_00041,pp_nav_00044,navigable,navigable,False
pp_nav_00041,dyryn_ebe,navigable,navigable,True
pp_nav_00041,kal_gatana,navigable,navigable,True
pp_nav_00041,nalimsk,navigable,navigable,True
pp_nav_00042,mangazeya,navigable,navigable,True
pp_nav_00042,messoyakha,navigable,navigable,True
pp_nav_00043,pustozersk,navigable,navigable,True
pp_nav_00044,pp_nav_00052,navigable,navigable,False
pp_nav_00044,xatingnaax,navigable,navigable,True
pp_nav_00044,nalimsk,navigable,navigable,True
pp_nav_00045,pp_nav_00062,improvable,improvable,False
pp_nav_00045,pustozersk,improvable,improvable,True
pp_nav_00046,pp_nav_00061,navigable,navigable,False
pp_nav_00046,pur,navigable,navigable,True
pp_nav_00047,ob,navigable,navigable,True
pp_nav_00048,kulun_olbut,improvable,improvable,True
pp_nav_00049,pp_nav_00057,navigable,navigable,False
pp_nav_00049,khantayskoye,navigable,navigable,True
pp_nav_00050,pp_nav_00058,navigable,navigable,False
pp_nav_00050,ob,navigable,navigable,True
pp_nav_00051,pp_nav_00059,barrier,barrier,False
pp_nav_00051,khantayskoye,barrier,barrier,True
pp_nav_00052,pp_nav_00063,navigable,navigable,False
pp_nav_00052,xatingnaax,navigable,navigable,True
pp_nav_00052,sededema,navigable,navigable,True
pp_nav_00053,pp_nav_00066,improvable,improvable,False
pp_nav_00053,jigansk,navigable,difficult,True
pp_nav_00053,kystatyam,navigable,difficult,True
pp_nav_00054,pp_nav_00055,improvable,improvable,False
pp_nav_00054,shchuchya,navigable,navigable,True
pp_nav_00055,pp_nav_00064,improvable,improvable,False
pp_nav_00055,shchuchya,improvable,improvable,True
pp_nav_00056,shchuchya,navigable,navigable,True
pp_nav_00057,pp_nav_00059,navigable,navigable,False
pp_nav_00057,khantayskoye,navigable,navigable,True
pp_nav_00058,ob,navigable,navigable,True
pp_nav_00058,shchuchya,navigable,navigable,True
pp_nav_00059,pp_nav_00065,navigable,navigable,False
pp_nav_00059,khantayskoye,navigable,navigable,True
pp_nav_00060,pp_nav_00068,improvable,improvable,False
pp_nav_00060,kittila,improvable,improvable,True
pp_nav_00060,rovaniemi,improvable,improvable,True
pp_nav_00060,sodankyla,improvable,improvable,True
pp_nav_00061,pp_nav_00070,navigable,navigable,False
pp_nav_00061,pur,navigable,navigable,True
pp_nav_00062,pustozersk,navigable,navigable,True
pp_nav_00063,sededema,navigable,navigable,True
pp_nav_00064,shchuchya,navigable,navigable,True
pp_nav_00064,shuryshkar,navigable,navigable,True
pp_nav_00065,pp_nav_00072,navigable,navigable,False
pp_nav_00065,khantayskoye,navigable,navigable,True
pp_nav_00066,pp_nav_00077,improvable,improvable,False
pp_nav_00066,jigansk,improvable,improvable,True
pp_nav_00066,bakhanay,improvable,improvable,True
pp_nav_00066,kystatyam,improvable,improvable,True
pp_nav_00067,chalkyitsik,improvable,improvable,True
pp_nav_00068,pp_nav_00075,improvable,improvable,False
pp_nav_00068,rovaniemi,navigable,navigable,True
pp_nav_00069,pp_nav_00084,navigable,navigable,False
pp_nav_00069,shuryshkar,navigable,navigable,True
pp_nav_00070,pp_nav_00085,navigable,navigable,False
pp_nav_00070,pur,navigable,navigable,True
pp_nav_00071,pp_nav_00086,improvable,improvable,False
pp_nav_00071,mackenzie,navigable,navigable,True
pp_nav_00071,good_hope,navigable,navigable,True
pp_nav_00072,pp_nav_00079,navigable,navigable,False
pp_nav_00072,erachimo,navigable,navigable,True
pp_nav_00072,khantayskoye,navigable,navigable,True
pp_nav_00072,turukhansk,navigable,navigable,True
pp_nav_00073,shuryshkar,navigable,navigable,True
pp_nav_00074,pp_nav_00087,improvable,improvable,False
pp_nav_00074,tala_kyuyel,improvable,improvable,True
pp_nav_00074,utaya,improvable,improvable,True
pp_nav_00075,rovaniemi,improvable,improvable,True
pp_nav_00076,pp_nav_00078,barrier,barrier,False
pp_nav_00076,pp_nav_00083,barrier,barrier,False
pp_nav_00076,erachimo,barrier,barrier,True
pp_nav_00077,bakhanay,navigable,difficult,True
pp_nav_00078,erachimo,barrier,barrier,True
pp_nav_00079,pp_nav_00083,navigable,difficult,False
pp_nav_00079,pp_nav_00089,navigable,navigable,False
pp_nav_00079,erachimo,navigable,navigable,True
pp_nav_00079,turukhansk,navigable,navigable,True
pp_nav_00080,bodebyn,improvable,improvable,True
pp_nav_00080,branna,improvable,improvable,True
pp_nav_00081,barents_sea10,navigable,navigable,False
pp_nav_00081,okladnikova_sloboda,navigable,navigable,True
pp_nav_00082,pravaya_khetta,navigable,navigable,True
pp_nav_00083,erachimo,navigable,difficult,True
pp_nav_00084,shuryshkar,navigable,navigable,True
pp_nav_00085,pp_nav_00095,navigable,navigable,False
pp_nav_00085,yevoyakha,navigable,navigable,True
pp_nav_00085,pur,navigable,navigable,True
pp_nav_00086,good_hope,improvable,improvable,True
pp_nav_00087,pp_nav_00096,navigable,navigable,False
pp_nav_00087,tala_kyuyel,navigable,navigable,True
pp_nav_00087,ziryanka,navigable,navigable,True
pp_nav_00087,utaya,navigable,navigable,True
pp_nav_00088,pp_nav_00094,improvable,improvable,False
pp_nav_00088,rampart,navigable,navigable,True
pp_nav_00088,allakaket,navigable,navigable,True
pp_nav_00089,pp_nav_00103,navigable,navigable,False
pp_nav_00089,turukhansk,navigable,navigable,True
pp_nav_00090,pp_nav_00097,improvable,improvable,False
pp_nav_00090,circle,navigable,navigable,True
pp_nav_00091,pp_nav_00099,improvable,improvable,False
pp_nav_00091,pechora,improvable,improvable,True
pp_nav_00092,pp_nav_00106,navigable,navigable,False
pp_nav_00092,voikar,navigable,navigable,True
pp_nav_00093,ust_tsilma,improvable,improvable,True
pp_nav_00094,pp_nav_00100,improvable,improvable,False
pp_nav_00094,rampart,improvable,improvable,True
pp_nav_00094,tanana,improvable,improvable,True
pp_nav_00094,allakaket,improvable,improvable,True
pp_nav_00095,yevoyakha,navigable,navigable,True
pp_nav_00096,ziryanka,navigable,navigable,True
pp_nav_00096,nelemney,navigable,navigable,True
pp_nav_00097,circle,improvable,improvable,True
pp_nav_00098,pp_nav_00112,navigable,navigable,False
pp_nav_00098,voikar,navigable,navigable,True
pp_nav_00099,pp_nav_00114,improvable,improvable,False
pp_nav_00099,pechora,improvable,improvable,True
pp_nav_00100,pp_nav_00102,barrier,barrier,False
pp_nav_00100,grant_creek,navigable,navigable,True
pp_nav_00100,tanana,navigable,navigable,True
pp_nav_00101,pp_nav_00102,barrier,barrier,False
pp_nav_00101,pp_nav_00104,navigable,navigable,False
pp_nav_00101,grant_creek,navigable,navigable,True
pp_nav_00102,grant_creek,barrier,barrier,True
pp_nav_00102,tanana,barrier,barrier,True
pp_nav_00103,pp_nav_00122,navigable,navigable,False
pp_nav_00103,turukhansk,navigable,navigable,True
pp_nav_00104,pp_nav_00113,barrier,barrier,False
pp_nav_00104,grant_creek,navigable,navigable,True
pp_nav_00104,birches,navigable,navigable,True
pp_nav_00105,keelivtyn,navigable,navigable,True
pp_nav_00106,pp_nav_00121,navigable,navigable,False
pp_nav_00106,voikar,navigable,navigable,True
pp_nav_00106,zazhimchar,navigable,navigable,True
pp_nav_00107,koyukuk,navigable,navigable,True
pp_nav_00108,pp_nav_00110,improvable,improvable,False
pp_nav_00108,pp_nav_00111,improvable,improvable,False
pp_nav_00108,mahony,improvable,improvable,True
pp_nav_00109,rampart,navigable,navigable,True
pp_nav_00109,tanana,navigable,navigable,True
pp_nav_00110,mahony,navigable,navigable,True
pp_nav_00111,mahony,improvable,improvable,True
pp_nav_00112,voikar,navigable,navigable,True
pp_nav_00112,kunovat,navigable,navigable,True
pp_nav_00113,birches,barrier,barrier,True
pp_nav_00114,pechora,navigable,navigable,True
pp_nav_00115,pp_nav_00125,improvable,improvable,False
pp_nav_00115,tulita,navigable,navigable,True
pp_nav_00115,mahony,navigable,navigable,True
pp_nav_00116,pp_nav_00123,improvable,improvable,False
pp_nav_00116,glukharinyi,navigable,navigable,True
pp_nav_00117,koyukuk,navigable,navigable,True
pp_nav_00118,manley,barrier,barrier,True
pp_nav_00118,tanana,barrier,barrier,True
pp_nav_00119,chena,navigable,navigable,True
pp_nav_00120,chena,improvable,improvable,True
pp_nav_00121,pp_nav_00128,navigable,navigable,False
pp_nav_00121,zazhimchar,navigable,navigable,True
pp_nav_00121,kunovat,navigable,navigable,True
pp_nav_00122,pp_nav_00132,navigable,navigable,False
pp_nav_00122,inbatskoye,navigable,navigable,True
pp_nav_00122,turukhansk,navigable,navigable,True
pp_nav_00123,glukharinyi,improvable,improvable,True
pp_nav_00124,nimde,barrier,barrier,True
pp_nav_00125,pp_nav_00131,improvable,improvable,False
pp_nav_00125,blackwater,improvable,improvable,True
pp_nav_00125,tulita,improvable,improvable,True
pp_nav_00125,mahony,improvable,improvable,True
pp_nav_00126,pp_nav_00133,barrier,barrier,False
pp_nav_00126,salcha,improvable,improvable,True
pp_nav_00127,pp_nav_00138,navigable,navigable,False
pp_nav_00127,vukyl,navigable,navigable,True
pp_nav_00127,pechora,navigable,navigable,True
pp_nav_00128,zazhimchar,navigable,navigable,True
pp_nav_00128,beryozovo,navigable,navigable,True
pp_nav_00129,arkhangelsk,navigable,navigable,True
pp_nav_00130,pp_nav_00144,improvable,improvable,False
pp_nav_00130,kaltag,improvable,improvable,True
pp_nav_00131,pp_nav_00143,improvable,improvable,False
pp_nav_00131,blackwater,improvable,improvable,True
pp_nav_00131,tulita,improvable,improvable,True
pp_nav_00132,pp_nav_00149,navigable,navigable,False
pp_nav_00132,inbatskoye,navigable,navigable,True
pp_nav_00133,salcha,barrier,barrier,True
pp_nav_00134,turu,improvable,improvable,True
pp_nav_00135,pp_nav_00151,navigable,navigable,False
pp_nav_00135,zazhimchar,navigable,navigable,True
pp_nav_00135,beryozovo,navigable,navigable,True
pp_nav_00136,turu,navigable,difficult,True
pp_nav_00137,pp_nav_00150,navigable,navigable,False
pp_nav_00137,ust_pinega,navigable,navigable,True
pp_nav_00137,kholmogory,navigable,navigable,True
pp_nav_00138,pp_nav_00148,navigable,navigable,False
pp_nav_00138,vukyl,navigable,navigable,True
pp_nav_00138,pechora,navigable,navigable,True
pp_nav_00139,ulakhan_kyuyol,navigable,difficult,True
pp_nav_00140,bonanza,navigable,navigable,True
pp_nav_00140,upper_yukon,navigable,navigable,True
pp_nav_00141,kuturga,navigable,difficult,True
pp_nav_00142,pp_nav_00147,navigable,difficult,False
pp_nav_00142,khampa,navigable,difficult,True
pp_nav_00142,balagachchy,navigable,difficult,True
pp_nav_00143,blackwater,improvable,improvable,True
pp_nav_00144,pp_nav_00158,improvable,improvable,False
pp_nav_00144,kaltag,improvable,improvable,True
pp_nav_00144,ungaliq,improvable,improvable,True
pp_nav_00144,grayling,improvable,improvable,True
pp_nav_00145,inner_onega_bay,navigable,navigable,False
pp_nav_00145,pp_nav_00153,navigable,navigable,False
pp_nav_00145,village_onega,navigable,navigable,True
pp_nav_00145,nyonoksa,navigable,navigable,True
pp_nav_00146,ust_pinega,navigable,navigable,True
pp_nav_00146,kholmogory,navigable,navigable,True
pp_nav_00146,arkhangelsk,navigable,navigable,True
pp_nav_00147,seyat,navigable,difficult,True
pp_nav_00147,balagachchy,navigable,difficult,True
pp_nav_00148,pp_nav_00154,improvable,improvable,False
pp_nav_00148,vukyl,navigable,navigable,True
pp_nav_00149,inbatskoye,navigable,navigable,True
pp_nav_00150,pp_nav_00159,navigable,navigable,False
pp_nav_00150,kholmogory,navigable,navigable,True
pp_nav_00150,siya,navigable,navigable,True
pp_nav_00151,pp_nav_00164,navigable,navigable,False
pp_nav_00151,sumgut_vosh,navigable,navigable,True
pp_nav_00151,beryozovo,navigable,navigable,True
pp_nav_00152,pp_nav_00156,improvable,improvable,False
pp_nav_00152,khoro,improvable,improvable,True
pp_nav_00152,terbyas,improvable,improvable,True
pp_nav_00152,vilyuy,improvable,improvable,True
pp_nav_00153,pp_nav_00163,navigable,navigable,False
pp_nav_00153,malye_oserki,navigable,navigable,True
pp_nav_00153,village_onega,navigable,navigable,True
pp_nav_00153,nyonoksa,navigable,navigable,True
pp_nav_00154,pp_nav_00167,improvable,improvable,False
pp_nav_00154,vukyl,improvable,improvable,True
pp_nav_00155,bonanza,navigable,navigable,True
pp_nav_00156,khoro,navigable,difficult,True
pp_nav_00156,terbyas,navigable,difficult,True
pp_nav_00156,byuteydyakh,navigable,difficult,True
pp_nav_00157,sangar,navigable,difficult,True
pp_nav_00158,pp_nav_00181,navigable,navigable,False
pp_nav_00158,unalakleet,navigable,navigable,True
pp_nav_00158,grayling,navigable,navigable,True
pp_nav_00159,pp_nav_00182,navigable,navigable,False
pp_nav_00159,siya,navigable,navigable,True
pp_nav_00160,pp_nav_00162,navigable,difficult,False
pp_nav_00160,byuteydyakh,navigable,difficult,True
pp_nav_00161,pp_nav_00165,improvable,improvable,False
pp_nav_00161,pp_nav_00170,navigable,difficult,False
pp_nav_00161,batamay,navigable,difficult,True
pp_nav_00161,segyan_kyuyol,navigable,difficult,True
pp_nav_00162,ynakhsyt,navigable,difficult,True
pp_nav_00162,byuteydyakh,navigable,difficult,True
pp_nav_00163,malye_oserki,navigable,navigable,True
pp_nav_00164,pp_nav_00180,navigable,navigable,False
pp_nav_00164,sumgut_vosh,navigable,navigable,True
pp_nav_00165,pp_nav_00171,improvable,improvable,False
pp_nav_00165,kele,improvable,improvable,True
pp_nav_00165,batamay,improvable,improvable,True
pp_nav_00165,segyan_kyuyol,improvable,improvable,True
pp_nav_00166,pp_nav_00172,navigable,difficult,False
pp_nav_00166,pp_nav_00177,navigable,difficult,False
pp_nav_00166,barayy,navigable,difficult,True
pp_nav_00166,tukulan,navigable,difficult,True
pp_nav_00167,pp_nav_00178,navigable,navigable,False
pp_nav_00167,vukyl,navigable,navigable,True
pp_nav_00168,wrigley,navigable,navigable,True
pp_nav_00169,pp_nav_00183,navigable,navigable,False
pp_nav_00169,inbatskoye,navigable,navigable,True
pp_nav_00169,verkhneimbatsk,navigable,navigable,True
pp_nav_00170,pp_nav_00188,navigable,difficult,False
pp_nav_00170,kele,navigable,difficult,True
pp_nav_00170,batamay,navigable,difficult,True
pp_nav_00170,khatas,navigable,difficult,True
pp_nav_00171,kele,navigable,difficult,True
pp_nav_00172,pp_nav_00173,navigable,difficult,False
pp_nav_00172,tukulan,navigable,difficult,True
pp_nav_00173,tukulan,navigable,difficult,True
pp_nav_00174,pp_nav_00176,improvable,improvable,False
pp_nav_00174,ynakhsyt,improvable,improvable,True
pp_nav_00174,niurba,improvable,improvable,True
pp_nav_00175,yemetsk,navigable,navigable,True
pp_nav_00175,siya,navigable,navigable,True
pp_nav_00176,pp_nav_00197,navigable,difficult,False
pp_nav_00176,bysyttakh,navigable,difficult,True
pp_nav_00176,niurba,navigable,difficult,True
pp_nav_00177,pp_nav_00184,improvable,improvable,False
pp_nav_00177,barayy,navigable,difficult,True
pp_nav_00178,pp_nav_00194,navigable,navigable,False
pp_nav_00178,vukyl,navigable,navigable,True
pp_nav_00178,troitsko_pechorsk,navigable,navigable,True
pp_nav_00179,anundsjo,navigable,navigable,True
pp_nav_00179,solatunum,navigable,navigable,True
pp_nav_00180,pp_nav_00199,navigable,navigable,False
pp_nav_00180,sumgut_vosh,navigable,navigable,True
pp_nav_00180,karymkary,navigable,navigable,True
pp_nav_00180,kaltysyany,navigable,navigable,True
pp_nav_00180,vezhakary,navigable,navigable,True
pp_nav_00181,grayling,navigable,navigable,True
pp_nav_00182,pp_nav_00191,navigable,navigable,False
pp_nav_00182,siya,navigable,navigable,True
pp_nav_00182,ust_vayenga,navigable,navigable,True
pp_nav_00183,pp_nav_00201,navigable,navigable,False
pp_nav_00183,verkhneimbatsk,navigable,navigable,True
pp_nav_00184,uyana,improvable,improvable,True
pp_nav_00184,pp_nav_00195,improvable,improvable,False
pp_nav_00184,barayy,improvable,improvable,True
pp_nav_00184,bulun,improvable,improvable,True
pp_nav_00185,donjek,navigable,navigable,True
pp_nav_00185,pp_nav_00193,navigable,navigable,False
pp_nav_00186,maymaga,navigable,difficult,True
pp_nav_00186,khatas,navigable,difficult,True
pp_nav_00187,barayy,navigable,difficult,True
pp_nav_00187,bulun,navigable,difficult,True
pp_nav_00188,pp_nav_00212,navigable,difficult,False
pp_nav_00188,khatas,navigable,difficult,True
pp_nav_00189,buiunda,improvable,improvable,True
pp_nav_00189,pp_nav_00209,improvable,improvable,False
pp_nav_00189,seymchan,improvable,improvable,True
pp_nav_00190,nunam_iqua_cove,navigable,navigable,False
pp_nav_00190,imangaq,navigable,navigable,True
pp_nav_00191,ust_vayenga,navigable,navigable,True
pp_nav_00191,sogra,navigable,navigable,True
pp_nav_00192,pp_nav_00213,navigable,navigable,False
pp_nav_00192,wrigley,navigable,navigable,True
pp_nav_00193,donjek,navigable,navigable,True
pp_nav_00193,pp_nav_00200,navigable,navigable,False
pp_nav_00193,hucha_hudan,navigable,navigable,True
pp_nav_00194,troitsko_pechorsk,navigable,navigable,True
pp_nav_00195,uyana,navigable,difficult,True
pp_nav_00195,pp_nav_00206,improvable,improvable,False
pp_nav_00195,udamik,navigable,difficult,True
pp_nav_00196,karymkary,navigable,navigable,True
pp_nav_00196,kaltysyany,navigable,navigable,True
pp_nav_00196,vezhakary,navigable,navigable,True
pp_nav_00197,arangastakh,navigable,difficult,True
pp_nav_00197,elgyai,navigable,difficult,True
pp_nav_00197,bysyttakh,navigable,difficult,True
pp_nav_00198,arangastakh,navigable,difficult,True
pp_nav_00198,bysyttakh,navigable,difficult,True
pp_nav_00199,pp_nav_00211,navigable,navigable,False
pp_nav_00199,karymkary,navigable,navigable,True
pp_nav_00199,vezhakary,navigable,navigable,True
pp_nav_00200,pp_nav_00203,improvable,improvable,False
pp_nav_00200,hucha_hudan,navigable,navigable,True
pp_nav_00201,pp_nav_00216,navigable,navigable,False
pp_nav_00201,verkhneimbatsk,navigable,navigable,True
pp_nav_00202,kysyl_syr,navigable,difficult,True
pp_nav_00202,maymaga,navigable,difficult,True
pp_nav_00202,khatas,navigable,difficult,True
pp_nav_00203,pp_nav_00215,improvable,improvable,False
pp_nav_00203,hucha_hudan,improvable,improvable,True
pp_nav_00203,carmacks,improvable,improvable,True
pp_nav_00204,pp_nav_00206,improvable,improvable,False
pp_nav_00204,pp_nav_00217,improvable,improvable,False
pp_nav_00204,khandyga,navigable,difficult,True
pp_nav_00204,udamik,navigable,difficult,True
pp_nav_00205,pp_nav_00218,navigable,navigable,False
pp_nav_00205,sogra,navigable,navigable,True
pp_nav_00206,udamik,improvable,improvable,True
pp_nav_00207,seymchan,navigable,navigable,True
pp_nav_00208,pp_nav_00209,improvable,improvable,False
pp_nav_00208,pp_nav_00210,improvable,improvable,False
pp_nav_00208,seymchan,improvable,improvable,True
pp_nav_00209,buiunda,navigable,navigable,True
pp_nav_00209,seymchan,navigable,navigable,True
pp_nav_00210,seymchan,navigable,navigable,True
pp_nav_00211,pp_nav_00220,navigable,navigable,False
pp_nav_00211,nazym,navigable,navigable,True
pp_nav_00211,karymkary,navigable,navigable,True
pp_nav_00212,pp_nav_00221,navigable,difficult,False
pp_nav_00212,pp_nav_00227,navigable,difficult,False
pp_nav_00212,kysyl_syr,navigable,difficult,True
pp_nav_00212,zhatai,navigable,difficult,True
pp_nav_00212,chiryapchi,navigable,difficult,True
pp_nav_00212,khatas,navigable,difficult,True
pp_nav_00213,pp_nav_00228,improvable,improvable,False
pp_nav_00213,wrigley,navigable,navigable,True
pp_nav_00214,pp_nav_00234,navigable,navigable,False
pp_nav_00214,deloy_ges,navigable,navigable,True
pp_nav_00214,deloy_chet,navigable,navigable,True
pp_nav_00215,pp_nav_00231,improvable,improvable,False
pp_nav_00215,pelly_faro,navigable,navigable,True
pp_nav_00215,carmacks,navigable,navigable,True
pp_nav_00216,pp_nav_00237,navigable,navigable,False
pp_nav_00216,bakhtinsky,navigable,navigable,True
pp_nav_00216,verkhneimbatsk,navigable,navigable,True
pp_nav_00217,pp_nav_00233,improvable,improvable,False
pp_nav_00217,khandyga,improvable,improvable,True
pp_nav_00217,chymnaii,improvable,improvable,True
pp_nav_00217,zhebariki_khaya,improvable,improvable,True
pp_nav_00218,nizhnyaya_toyma,navigable,navigable,True
pp_nav_00218,sogra,navigable,navigable,True
pp_nav_00219,orotukan,navigable,navigable,True
pp_nav_00220,pp_nav_00229,improvable,improvable,False
pp_nav_00220,nazym,navigable,navigable,True
pp_nav_00221,kysyl_syr,navigable,difficult,True
pp_nav_00221,khatas,navigable,difficult,True
pp_nav_00222,pp_nav_00243,navigable,navigable,False
pp_nav_00222,verkhnyaya_toyma,navigable,navigable,True
pp_nav_00222,nizhnyaya_toyma,navigable,navigable,True
pp_nav_00223,elgyai,improvable,improvable,True
pp_nav_00223,suntar,improvable,improvable,True
pp_nav_00224,pp_nav_00225,improvable,improvable,False
pp_nav_00224,pp_nav_00235,improvable,improvable,False
pp_nav_00224,zheshart,navigable,navigable,True
pp_nav_00224,ust_vym,navigable,navigable,True
pp_nav_00225,pp_nav_00240,improvable,improvable,False
pp_nav_00225,ust_sysola,improvable,improvable,True
pp_nav_00225,zheshart,improvable,improvable,True
pp_nav_00225,ust_vym,improvable,improvable,True
pp_nav_00226,zhatai,navigable,difficult,True
pp_nav_00226,chiryapchi,navigable,difficult,True
pp_nav_00227,pp_nav_00255,navigable,difficult,False
pp_nav_00227,kysyl_syr,navigable,difficult,True
pp_nav_00227,zhatai,navigable,difficult,True
pp_nav_00228,wrigley,improvable,improvable,True
pp_nav_00229,pp_nav_00254,improvable,improvable,False
pp_nav_00229,nazym,improvable,improvable,True
pp_nav_00229,bardak,improvable,improvable,True
pp_nav_00230,iagodnoie,improvable,improvable,True
pp_nav_00231,pp_nav_00238,improvable,improvable,False
pp_nav_00231,pelly_faro,improvable,improvable,True
pp_nav_00231,carmacks,improvable,improvable,True
pp_nav_00232,pp_nav_00235,improvable,improvable,False
pp_nav_00232,pp_nav_00239,navigable,navigable,False
pp_nav_00232,zheshart,navigable,navigable,True
pp_nav_00233,pp_nav_00251,improvable,improvable,False
pp_nav_00233,khanda,improvable,improvable,True
pp_nav_00233,chymnaii,improvable,improvable,True
pp_nav_00233,zhebariki_khaya,improvable,improvable,True
pp_nav_00234,deloy_ges,navigable,navigable,True
pp_nav_00234,deloy_chet,navigable,navigable,True
pp_nav_00235,zheshart,improvable,improvable,True
pp_nav_00236,mayya,navigable,difficult,True
pp_nav_00236,zhatai,navigable,difficult,True
pp_nav_00236,tomtor,navigable,difficult,True
pp_nav_00237,pp_nav_00253,navigable,navigable,False
pp_nav_00237,bakhtinsky,navigable,navigable,True
pp_nav_00238,pelly_faro,navigable,navigable,True
pp_nav_00239,zheshart,navigable,navigable,True
pp_nav_00240,ust_sysola,navigable,navigable,True
pp_nav_00240,ust_vym,navigable,navigable,True
pp_nav_00241,krasny_bor,navigable,navigable,True
pp_nav_00241,voznesenskoye,navigable,navigable,True
pp_nav_00241,verkhnyaya_toyma,navigable,navigable,True
pp_nav_00241,nizhnyaya_toyma,navigable,navigable,True
pp_nav_00242,susitna,improvable,improvable,True
pp_nav_00243,pp_nav_00261,improvable,improvable,False
pp_nav_00243,verkhnyaya_toyma,navigable,navigable,True
pp_nav_00244,pp_nav_00262,navigable,navigable,False
pp_nav_00244,kuzmovka,navigable,navigable,True
pp_nav_00245,pp_nav_00268,improvable,improvable,False
pp_nav_00245,yarensk,navigable,navigable,True
pp_nav_00246,qipcarpak,improvable,improvable,True
pp_nav_00247,pp_nav_00269,improvable,improvable,False
pp_nav_00247,fort_simpson,improvable,improvable,True
pp_nav_00248,tovisq_ol,barrier,barrier,True
pp_nav_00249,pp_nav_00259,barrier,barrier,False
pp_nav_00249,poligus,navigable,difficult,True
pp_nav_00250,pelly_faro,barrier,barrier,True
pp_nav_00251,pp_nav_00267,navigable,difficult,False
pp_nav_00251,khanda,navigable,difficult,True
pp_nav_00251,chymnaii,navigable,difficult,True
pp_nav_00252,krasny_bor,navigable,navigable,True
pp_nav_00252,verkhnyaya_toyma,navigable,navigable,True
pp_nav_00253,pp_nav_00260,navigable,navigable,False
pp_nav_00253,pp_nav_00265,navigable,navigable,False
pp_nav_00253,bakhtinsky,navigable,navigable,True
pp_nav_00254,yendyr,improvable,improvable,True
pp_nav_00254,bardak,improvable,improvable,True
pp_nav_00255,pp_nav_00272,navigable,difficult,False
pp_nav_00255,tyokhtyur,navigable,difficult,True
pp_nav_00255,zhatai,navigable,difficult,True
pp_nav_00256,pp_nav_00260,navigable,navigable,False
pp_nav_00256,pp_nav_00262,navigable,navigable,False
pp_nav_00256,kuzmovka,navigable,navigable,True
pp_nav_00256,bakhtinsky,navigable,navigable,True
pp_nav_00257,mayya,improvable,improvable,True
pp_nav_00257,zhatai,improvable,improvable,True
pp_nav_00258,jean_marie_river,improvable,improvable,True
pp_nav_00259,pp_nav_00274,barrier,barrier,False
pp_nav_00259,poligus,barrier,barrier,True
pp_nav_00259,baykit,barrier,barrier,True
pp_nav_00260,bakhtinsky,navigable,navigable,True
pp_nav_00261,pp_nav_00273,improvable,improvable,False
pp_nav_00261,verkhnyaya_toyma,improvable,improvable,True
pp_nav_00261,uftyuga,improvable,improvable,True
pp_nav_00262,kuzmovka,navigable,navigable,True
pp_nav_00262,bakhtinsky,navigable,navigable,True
pp_nav_00263,k_enakatnu,navigable,navigable,True
pp_nav_00264,deloy_chet,navigable,navigable,True
pp_nav_00265,pp_nav_00277,navigable,navigable,False
pp_nav_00265,bakhtinsky,navigable,navigable,True
pp_nav_00265,siberia_bor,navigable,navigable,True
pp_nav_00266,pp_nav_00288,navigable,navigable,False
pp_nav_00266,yendyr,navigable,navigable,True
pp_nav_00267,khanda,navigable,difficult,True
pp_nav_00268,yarensk,improvable,improvable,True
pp_nav_00268,uftyuga,improvable,improvable,True
pp_nav_00269,pp_nav_00275,improvable,improvable,False
pp_nav_00269,fort_simpson,improvable,improvable,True
pp_nav_00270,pp_nav_00281,navigable,navigable,False
pp_nav_00270,kakisa,navigable,navigable,True
pp_nav_00271,pp_nav_00295,improvable,improvable,False
pp_nav_00271,klutina,improvable,improvable,True
pp_nav_00271,chitina,improvable,improvable,True
pp_nav_00272,pp_nav_00282,navigable,difficult,False
pp_nav_00272,tyokhtyur,navigable,difficult,True
pp_nav_00272,charang,navigable,difficult,True
pp_nav_00273,pp_nav_00301,navigable,navigable,False
pp_nav_00273,veliky_ustyug,navigable,navigable,True
pp_nav_00273,koryazhma,navigable,navigable,True
pp_nav_00273,uftyuga,navigable,navigable,True
pp_nav_00273,pyras,navigable,navigable,True
pp_nav_00274,pp_nav_00290,improvable,improvable,False
pp_nav_00274,baykit,navigable,difficult,True
pp_nav_00275,fort_simpson,navigable,navigable,True
pp_nav_00276,kakisa,navigable,navigable,True
pp_nav_00276,tucho,navigable,navigable,True
pp_nav_00277,pp_nav_00310,improvable,improvable,False
pp_nav_00277,siberia_bor,navigable,navigable,True
pp_nav_00277,sulomay,navigable,navigable,True
pp_nav_00278,irtysh,navigable,navigable,True
pp_nav_00279,pp_nav_00283,navigable,navigable,False
pp_nav_00279,surgut,navigable,navigable,True
pp_nav_00280,kakisa,navigable,navigable,True
pp_nav_00280,jean_marie_river,navigable,navigable,True
pp_nav_00281,kakisa,navigable,navigable,True
pp_nav_00282,pp_nav_00291,navigable,difficult,False
pp_nav_00282,tit_ary,navigable,difficult,True
pp_nav_00282,ulakhan_an,navigable,difficult,True
pp_nav_00282,charang,navigable,difficult,True
pp_nav_00283,pp_nav_00285,navigable,navigable,False
pp_nav_00283,surgut,navigable,navigable,True
pp_nav_00284,pp_nav_00288,navigable,navigable,False
pp_nav_00284,pp_nav_00298,navigable,navigable,False
pp_nav_00284,yendyr,navigable,navigable,True
pp_nav_00284,irtysh,navigable,navigable,True
pp_nav_00285,pp_nav_00286,navigable,navigable,False
pp_nav_00285,surgut,navigable,navigable,True
pp_nav_00286,pp_nav_00292,navigable,navigable,False
pp_nav_00286,surgut,navigable,navigable,True
pp_nav_00286,megion,navigable,navigable,True
pp_nav_00287,baykit,barrier,barrier,True
pp_nav_00288,yendyr,navigable,navigable,True
pp_nav_00289,krasny_bor,navigable,navigable,True
pp_nav_00289,veliky_ustyug,navigable,navigable,True
pp_nav_00289,koryazhma,navigable,navigable,True
pp_nav_00290,baykit,improvable,improvable,True
pp_nav_00290,turama,improvable,improvable,True
pp_nav_00291,pp_nav_00297,navigable,difficult,False
pp_nav_00291,tit_ary,navigable,difficult,True
pp_nav_00291,yedey,navigable,difficult,True
pp_nav_00292,pp_nav_00299,navigable,navigable,False
pp_nav_00292,megion,navigable,navigable,True
pp_nav_00293,pp_nav_00304,navigable,navigable,False
pp_nav_00293,megion,navigable,navigable,True
pp_nav_00294,tumul,navigable,difficult,True
pp_nav_00294,pp_nav_00314,improvable,improvable,False
pp_nav_00295,pp_nav_00315,navigable,difficult,False
pp_nav_00295,chitina,navigable,difficult,True
pp_nav_00296,pp_nav_00303,improvable,improvable,False
pp_nav_00296,ostrechiny,navigable,navigable,True
pp_nav_00297,pp_nav_00308,improvable,improvable,False
pp_nav_00297,yedey,navigable,difficult,True
pp_nav_00298,pp_nav_00306,navigable,navigable,False
pp_nav_00298,yendyr,navigable,navigable,True
pp_nav_00298,irtysh,navigable,navigable,True
pp_nav_00299,pp_nav_00307,navigable,navigable,False
pp_nav_00299,megion,navigable,navigable,True
pp_nav_00300,baykit,navigable,difficult,True
pp_nav_00300,turama,navigable,difficult,True
pp_nav_00301,veliky_ustyug,navigable,navigable,True
pp_nav_00302,korela,navigable,navigable,True
pp_nav_00302,jaskis,navigable,navigable,True
pp_nav_00303,pp_nav_00305,improvable,improvable,False
pp_nav_00303,ostrechiny,improvable,improvable,True
pp_nav_00303,vazhiny,improvable,improvable,True
pp_nav_00304,pp_nav_00307,navigable,navigable,False
pp_nav_00304,pp_nav_00316,navigable,navigable,False
pp_nav_00304,upper_ob,navigable,navigable,True
pp_nav_00304,megion,navigable,navigable,True
pp_nav_00305,lodenoye_pole,navigable,navigable,True
pp_nav_00305,vazhiny,navigable,navigable,True
pp_nav_00305,olonets,navigable,navigable,True
pp_nav_00306,pp_nav_00322,navigable,navigable,False
pp_nav_00306,irtysh,navigable,navigable,True
pp_nav_00307,megion,navigable,navigable,True
pp_nav_00308,yedey,improvable,improvable,True
pp_nav_00309,pp_nav_00323,navigable,navigable,False
pp_nav_00309,klewi,navigable,navigable,True
pp_nav_00309,tu_nedhe,navigable,navigable,True
pp_nav_00310,pp_nav_00332,improvable,improvable,False
pp_nav_00310,selo_yartsevo,improvable,improvable,True
pp_nav_00310,sulomay,improvable,improvable,True
pp_nav_00311,mamterilleq,navigable,navigable,True
pp_nav_00312,nahanni,navigable,navigable,True
pp_nav_00313,pp_nav_00317,navigable,difficult,False
pp_nav_00313,pp_nav_00318,navigable,difficult,False
pp_nav_00313,lensk,navigable,difficult,True
pp_nav_00313,nyuya,navigable,difficult,True
pp_nav_00313,chamcha,navigable,difficult,True
pp_nav_00314,tumul,improvable,improvable,True
pp_nav_00314,pp_nav_00335,improvable,improvable,False
pp_nav_00314,eldikan,improvable,improvable,True
pp_nav_00315,daxunhyuu,navigable,difficult,True
pp_nav_00315,chitina,navigable,difficult,True
pp_nav_00316,pp_nav_00325,navigable,navigable,False
pp_nav_00316,upper_ob,navigable,navigable,True
pp_nav_00317,pp_nav_00333,navigable,difficult,False
pp_nav_00317,lensk,navigable,difficult,True
pp_nav_00317,chamcha,navigable,difficult,True
pp_nav_00318,pp_nav_00330,improvable,improvable,False
pp_nav_00318,nyuya,navigable,difficult,True
pp_nav_00319,pp_nav_00342,barrier,barrier,False
pp_nav_00319,nahanni,improvable,improvable,True
pp_nav_00320,pp_nav_00327,navigable,difficult,False
pp_nav_00320,sanyyakhtakh,navigable,difficult,True
pp_nav_00321,pp_nav_00326,navigable,difficult,False
pp_nav_00321,pp_nav_00329,navigable,difficult,False
pp_nav_00321,balagannakh,navigable,difficult,True
pp_nav_00322,pp_nav_00341,navigable,navigable,False
pp_nav_00322,yukonda,navigable,navigable,True
pp_nav_00322,irtysh,navigable,navigable,True
pp_nav_00323,pp_nav_00336,navigable,navigable,False
pp_nav_00323,klewi,navigable,navigable,True
pp_nav_00323,deskenetlata,navigable,navigable,True
pp_nav_00324,pp_nav_00327,navigable,difficult,False
pp_nav_00324,pp_nav_00328,navigable,difficult,False
pp_nav_00324,sanyyakhtakh,navigable,difficult,True
pp_nav_00324,marxa,navigable,difficult,True
pp_nav_00325,pp_nav_00334,navigable,navigable,False
pp_nav_00325,upper_ob,navigable,navigable,True
pp_nav_00326,pp_nav_00328,navigable,difficult,False
pp_nav_00326,marxa,navigable,difficult,True
pp_nav_00326,balagannakh,navigable,difficult,True
pp_nav_00327,sanyyakhtakh,navigable,difficult,True
pp_nav_00328,marxa,navigable,difficult,True
pp_nav_00329,pp_nav_00337,navigable,difficult,False
pp_nav_00329,pp_nav_00338,barrier,barrier,False
pp_nav_00329,yunkyur,navigable,difficult,True
pp_nav_00329,balagannakh,navigable,difficult,True
pp_nav_00329,olekma,navigable,difficult,True
pp_nav_00330,pp_nav_00345,improvable,improvable,False
pp_nav_00330,tinnaya,improvable,improvable,True
pp_nav_00330,nyuya,improvable,improvable,True
pp_nav_00331,pp_nav_00335,navigable,difficult,False
pp_nav_00331,pp_nav_00340,navigable,difficult,False
pp_nav_00331,eldikan,navigable,difficult,True
pp_nav_00331,ust_maia,navigable,difficult,True
pp_nav_00332,pp_nav_00346,improvable,improvable,False
pp_nav_00332,sulomay,improvable,improvable,True
pp_nav_00333,khamra,navigable,difficult,True
pp_nav_00333,pp_nav_00350,navigable,difficult,False
pp_nav_00333,lensk,navigable,difficult,True
pp_nav_00334,pp_nav_00348,navigable,navigable,False
pp_nav_00334,upper_ob,navigable,navigable,True
pp_nav_00335,eldikan,navigable,difficult,True
pp_nav_00336,pp_nav_00349,navigable,navigable,False
pp_nav_00336,klewi,navigable,navigable,True
pp_nav_00337,pp_nav_00343,navigable,difficult,False
pp_nav_00337,yunkyur,navigable,difficult,True
pp_nav_00338,balagannakh,barrier,barrier,True
pp_nav_00338,olekma,barrier,barrier,True
pp_nav_00339,kwigillinok_coast,navigable,navigable,False
pp_nav_00339,iiq,navigable,navigable,True
pp_nav_00340,ust_maia,navigable,difficult,True
pp_nav_00341,pp_nav_00351,navigable,navigable,False
pp_nav_00341,yukonda,navigable,navigable,True
pp_nav_00341,irtysh,navigable,navigable,True
pp_nav_00342,pp_nav_00356,barrier,barrier,False
pp_nav_00342,nahanni,barrier,barrier,True
pp_nav_00342,ford_liard,barrier,barrier,True
pp_nav_00343,pp_nav_00353,improvable,improvable,False
pp_nav_00343,yunkyur,navigable,difficult,True
pp_nav_00343,daban,navigable,difficult,True
pp_nav_00344,kwigillinok_coast,navigable,navigable,False
pp_nav_00344,iiq,navigable,navigable,True
pp_nav_00345,pp_nav_00359,navigable,difficult,False
pp_nav_00345,macha,navigable,difficult,True
pp_nav_00345,tinnaya,navigable,difficult,True
pp_nav_00345,patom,navigable,difficult,True
pp_nav_00346,pp_nav_00365,navigable,navigable,False
pp_nav_00346,tis_reka,navigable,navigable,True
pp_nav_00346,sulomay,navigable,navigable,True
pp_nav_00347,pp_nav_00366,improvable,improvable,False
pp_nav_00347,kongsvinger,navigable,navigable,True
pp_nav_00347,trogstad,navigable,navigable,True
pp_nav_00347,hamar,navigable,navigable,True
pp_nav_00347,ski,navigable,navigable,True
pp_nav_00347,eidsvoll,navigable,navigable,True
pp_nav_00348,pp_nav_00361,navigable,navigable,False
pp_nav_00348,upper_ob,navigable,navigable,True
pp_nav_00349,pp_nav_00360,navigable,navigable,False
pp_nav_00349,klewi,navigable,navigable,True
pp_nav_00349,tethul,navigable,navigable,True
pp_nav_00350,khamra,navigable,difficult,True
pp_nav_00350,pp_nav_00364,barrier,barrier,False
pp_nav_00351,pp_nav_00368,navigable,navigable,False
pp_nav_00351,turtas,navigable,navigable,True
pp_nav_00351,yukonda,navigable,navigable,True
pp_nav_00351,irtysh,navigable,navigable,True
pp_nav_00352,pp_nav_00355,improvable,improvable,False
pp_nav_00352,pp_nav_00357,barrier,barrier,False
pp_nav_00352,ozanna,navigable,navigable,True
pp_nav_00353,pp_nav_00369,improvable,improvable,False
pp_nav_00353,macha,improvable,improvable,True
pp_nav_00353,daban,improvable,improvable,True
pp_nav_00354,oreshek,improvable,improvable,True
pp_nav_00354,neva,improvable,improvable,True
pp_nav_00355,tyagacho,improvable,improvable,True
pp_nav_00355,ozanna,improvable,improvable,True
pp_nav_00356,pp_nav_00373,improvable,improvable,False
pp_nav_00356,ford_liard,improvable,improvable,True
pp_nav_00357,pp_nav_00370,barrier,barrier,False
pp_nav_00357,ozanna,barrier,barrier,True
pp_nav_00358,pp_nav_00378,navigable,navigable,False
pp_nav_00358,solikamsk,navigable,navigable,True
pp_nav_00358,usolye,navigable,navigable,True
pp_nav_00358,cherdyn,navigable,navigable,True
pp_nav_00359,pp_nav_00369,improvable,improvable,False
pp_nav_00359,macha,navigable,difficult,True
pp_nav_00360,pp_nav_00380,navigable,navigable,False
pp_nav_00360,tethul,navigable,navigable,True
pp_nav_00361,pp_nav_00376,improvable,improvable,False
pp_nav_00361,upper_ob,navigable,navigable,True
pp_nav_00362,east_gulf_of_finland,improvable,improvable,False
pp_nav_00362,neva,improvable,improvable,True
pp_nav_00363,tis_reka,navigable,navigable,True
pp_nav_00363,nazimovo,navigable,navigable,True
pp_nav_00363,selo_yartsevo,navigable,navigable,True
pp_nav_00364,khamra,barrier,barrier,True
pp_nav_00364,pp_nav_00372,barrier,barrier,False
pp_nav_00364,peledui,barrier,barrier,True
pp_nav_00365,pp_nav_00385,navigable,navigable,False
pp_nav_00365,tis_reka,navigable,navigable,True
pp_nav_00365,nazimovo,navigable,navigable,True
pp_nav_00366,pp_nav_00387,improvable,improvable,False
pp_nav_00366,moss,improvable,improvable,True
pp_nav_00366,trogstad,improvable,improvable,True
pp_nav_00366,ski,improvable,improvable,True
pp_nav_00367,pp_nav_00373,improvable,improvable,False
pp_nav_00367,ford_liard,improvable,improvable,True
pp_nav_00368,pp_nav_00379,navigable,navigable,False
pp_nav_00368,turtas,navigable,navigable,True
pp_nav_00368,yukonda,navigable,navigable,True
pp_nav_00369,macha,improvable,improvable,True
pp_nav_00370,pp_nav_00377,improvable,improvable,False
pp_nav_00370,ozanna,improvable,improvable,True
pp_nav_00370,tsay_iona,improvable,improvable,True
pp_nav_00371,ford_liard,navigable,navigable,True
pp_nav_00372,pp_nav_00383,navigable,difficult,False
pp_nav_00372,pp_nav_00389,navigable,difficult,False
pp_nav_00372,peledui,navigable,difficult,True
pp_nav_00372,witym,navigable,difficult,True
pp_nav_00372,vitim,navigable,difficult,True
pp_nav_00373,ford_liard,navigable,navigable,True
pp_nav_00374,pp_nav_00390,navigable,navigable,False
pp_nav_00374,akokpaq,navigable,navigable,True
pp_nav_00375,staraya_ladoga,navigable,navigable,True
pp_nav_00375,pp_nav_00396,navigable,navigable,False
pp_nav_00375,lyuban,navigable,navigable,True
pp_nav_00375,chudovo,navigable,navigable,True
pp_nav_00375,soltsy_kirishi,navigable,navigable,True
pp_nav_00376,pp_nav_00381,improvable,improvable,False
pp_nav_00376,upper_ob,improvable,improvable,True
pp_nav_00377,pp_nav_00384,navigable,navigable,False
pp_nav_00377,tsay_iona,navigable,navigable,True
pp_nav_00378,pp_nav_00392,navigable,navigable,False
pp_nav_00378,solikamsk,navigable,navigable,True
pp_nav_00378,usolye,navigable,navigable,True
pp_nav_00378,kizel,navigable,navigable,True
pp_nav_00379,turtas,navigable,navigable,True
pp_nav_00379,yukonda,navigable,navigable,True
pp_nav_00380,tethul,navigable,navigable,True
pp_nav_00381,upper_ob,navigable,navigable,True
pp_nav_00382,pp_nav_00384,navigable,navigable,False
pp_nav_00382,tsay_iona,navigable,navigable,True
pp_nav_00383,pp_nav_00402,navigable,difficult,False
pp_nav_00383,witym,navigable,difficult,True
pp_nav_00384,tsay_iona,navigable,navigable,True
pp_nav_00385,pp_nav_00397,navigable,navigable,False
pp_nav_00385,tis_reka,navigable,navigable,True
pp_nav_00385,kiya,navigable,navigable,True
pp_nav_00385,nazimovo,navigable,navigable,True
pp_nav_00386,gunaaxoo,improvable,improvable,True
pp_nav_00386,yaakwdaat,improvable,improvable,True
pp_nav_00387,borg,navigable,navigable,True
pp_nav_00387,moss,navigable,navigable,True
pp_nav_00388,pp_nav_00400,navigable,navigable,False
pp_nav_00388,pp_nav_00401,navigable,navigable,False
pp_nav_00388,turtas,navigable,navigable,True
pp_nav_00389,pp_nav_00394,navigable,difficult,False
pp_nav_00389,vitim,navigable,difficult,True
pp_nav_00390,pp_nav_00395,navigable,navigable,False
pp_nav_00390,akokpaq,navigable,navigable,True
pp_nav_00390,aguyaq,navigable,navigable,True
pp_nav_00391,pp_nav_00403,navigable,navigable,False
pp_nav_00391,tethul,navigable,navigable,True
pp_nav_00391,kai_theli_ke_hot_inne,navigable,navigable,True
pp_nav_00392,pp_nav_00412,navigable,navigable,False
pp_nav_00392,chyormoz,navigable,navigable,True
pp_nav_00392,yusva,navigable,navigable,True
pp_nav_00392,usolye,navigable,navigable,True
pp_nav_00392,dobryanka,navigable,navigable,True
pp_nav_00393,upper_ob,improvable,improvable,True
pp_nav_00394,pp_nav_00406,improvable,improvable,False
pp_nav_00394,vitim,navigable,difficult,True
pp_nav_00394,yukte,navigable,difficult,True
pp_nav_00395,kvichak_bay,navigable,navigable,False
pp_nav_00395,igushiq,navigable,navigable,True
pp_nav_00395,aguyaq,navigable,navigable,True
pp_nav_00396,pp_nav_00414,navigable,navigable,False
pp_nav_00396,chudovo,navigable,navigable,True
pp_nav_00397,pp_nav_00408,improvable,improvable,False
pp_nav_00397,kiya,navigable,navigable,True
pp_nav_00397,yeniseysk,navigable,navigable,True
pp_nav_00397,kamensk,navigable,navigable,True
pp_nav_00398,pp_nav_00407,improvable,improvable,False
pp_nav_00398,mikkwa,improvable,improvable,True
pp_nav_00398,kai_theli_ke_hot_inne,improvable,improvable,True
pp_nav_00399,pp_nav_00403,navigable,navigable,False
pp_nav_00399,kai_theli_ke_hot_inne,navigable,navigable,True
pp_nav_00400,turtas,navigable,navigable,True
pp_nav_00401,pp_nav_00410,navigable,navigable,False
pp_nav_00401,turtas,navigable,navigable,True
pp_nav_00401,qashliq,navigable,navigable,True
pp_nav_00402,witym,navigable,difficult,True
pp_nav_00403,kai_theli_ke_hot_inne,navigable,navigable,True
pp_nav_00404,pp_nav_00405,navigable,navigable,False
pp_nav_00404,pp_nav_00411,navigable,navigable,False
pp_nav_00404,kezhma,navigable,navigable,True
pp_nav_00405,kezhma,navigable,navigable,True
pp_nav_00406,pp_nav_00416,improvable,improvable,False
pp_nav_00406,yukte,improvable,improvable,True
pp_nav_00407,pp_nav_00415,navigable,navigable,False
pp_nav_00407,mikkwa,navigable,navigable,True
pp_nav_00408,pp_nav_00427,improvable,improvable,False
pp_nav_00408,yeniseysk,improvable,improvable,True
pp_nav_00408,kamensk,improvable,improvable,True
pp_nav_00409,pp_nav_00441,improvable,improvable,False
pp_nav_00409,kezhma,navigable,navigable,True
pp_nav_00409,lower_angara,navigable,navigable,True
pp_nav_00410,pp_nav_00429,navigable,navigable,False
pp_nav_00410,qashliq,navigable,navigable,True
pp_nav_00411,pp_nav_00434,improvable,improvable,False
pp_nav_00411,kezhma,navigable,navigable,True
pp_nav_00411,upper_angara,navigable,navigable,True
pp_nav_00412,pp_nav_00435,improvable,improvable,False
pp_nav_00412,chyormoz,navigable,navigable,True
pp_nav_00412,dobryanka,navigable,navigable,True
pp_nav_00413,pp_nav_00417,navigable,navigable,False
pp_nav_00413,pp_nav_00420,navigable,navigable,False
pp_nav_00413,yarkino,navigable,navigable,True
pp_nav_00413,upper_angara,navigable,navigable,True
pp_nav_00414,novgorod,navigable,navigable,True
pp_nav_00414,chudovo,navigable,navigable,True
pp_nav_00414,golino,navigable,navigable,True
pp_nav_00415,pp_nav_00428,improvable,improvable,False
pp_nav_00415,mikkwa,navigable,navigable,True
pp_nav_00416,pp_nav_00419,barrier,barrier,False
pp_nav_00416,yukte,navigable,difficult,True
pp_nav_00416,nikolsky_pogost,navigable,difficult,True
pp_nav_00417,pp_nav_00434,improvable,improvable,False
pp_nav_00417,upper_angara,navigable,navigable,True
pp_nav_00418,kolpashevo,navigable,navigable,True
pp_nav_00419,pp_nav_00439,barrier,barrier,False
pp_nav_00419,nikolsky_pogost,barrier,barrier,True
pp_nav_00419,ichera,barrier,barrier,True
pp_nav_00420,pp_nav_00432,improvable,improvable,False
pp_nav_00420,yarkino,navigable,navigable,True
pp_nav_00421,pp_nav_00422,improvable,improvable,False
pp_nav_00421,pp_nav_00430,improvable,improvable,False
pp_nav_00421,kamenka,improvable,improvable,True
pp_nav_00422,pp_nav_00432,improvable,improvable,False
pp_nav_00422,kamenka,navigable,navigable,True
pp_nav_00423,pp_nav_00436,navigable,navigable,False
pp_nav_00423,kolpashevo,navigable,navigable,True
pp_nav_00424,alukpaluk_bay,improvable,improvable,False
pp_nav_00424,kangiqsualujjuaq,improvable,improvable,True
pp_nav_00425,kolpashevo,navigable,navigable,True
pp_nav_00426,pp_nav_00431,navigable,navigable,False
pp_nav_00426,pp_nav_00437,navigable,navigable,False
pp_nav_00426,wabasca,navigable,navigable,True
pp_nav_00427,pp_nav_00448,improvable,improvable,False
pp_nav_00427,yeniseysk,improvable,improvable,True
pp_nav_00427,kamensk,improvable,improvable,True
pp_nav_00428,pp_nav_00431,improvable,improvable,False
pp_nav_00428,wabasca,improvable,improvable,True
pp_nav_00428,mikkwa,improvable,improvable,True
pp_nav_00429,pp_nav_00446,navigable,navigable,False
pp_nav_00429,pp_nav_00450,navigable,navigable,False
pp_nav_00429,qashliq,navigable,navigable,True
pp_nav_00429,tobolsk,navigable,navigable,True
pp_nav_00430,pp_nav_00447,navigable,navigable,False
pp_nav_00430,kamenka,navigable,navigable,True
pp_nav_00430,motygino,navigable,navigable,True
pp_nav_00431,wabasca,navigable,navigable,True
pp_nav_00432,kamenka,improvable,improvable,True
pp_nav_00432,yarkino,improvable,improvable,True
pp_nav_00433,pp_nav_00460,navigable,navigable,False
pp_nav_00433,athabasca,navigable,navigable,True
pp_nav_00434,upper_angara,improvable,improvable,True
pp_nav_00435,perm,improvable,improvable,True
pp_nav_00435,pp_nav_00458,improvable,improvable,False
pp_nav_00435,nytva,improvable,improvable,True
pp_nav_00435,chyormoz,improvable,improvable,True
pp_nav_00435,dobryanka,improvable,improvable,True
pp_nav_00436,pp_nav_00451,navigable,navigable,False
pp_nav_00436,kolpashevo,navigable,navigable,True
pp_nav_00437,pp_nav_00444,navigable,navigable,False
pp_nav_00437,wabasca,navigable,navigable,True
pp_nav_00438,pp_nav_00453,navigable,navigable,False
pp_nav_00438,koksharov,navigable,navigable,True
pp_nav_00438,orlov,navigable,navigable,True
pp_nav_00438,verkhoshizhemye,navigable,navigable,True
pp_nav_00439,pp_nav_00442,improvable,improvable,False
pp_nav_00439,nikolsky_pogost,navigable,difficult,True
pp_nav_00439,ichera,navigable,difficult,True
pp_nav_00440,alukpaluk_bay,barrier,barrier,False
pp_nav_00440,pp_nav_00468,barrier,barrier,False
pp_nav_00440,kangiqsualujjuaq,barrier,barrier,True
pp_nav_00440,imaapik,barrier,barrier,True
pp_nav_00441,pp_nav_00485,improvable,improvable,False
pp_nav_00441,reka_tuba,improvable,improvable,True
pp_nav_00441,educhanka,improvable,improvable,True
pp_nav_00441,lower_angara,improvable,improvable,True
pp_nav_00442,pp_nav_00471,improvable,improvable,False
pp_nav_00442,nikolsky_pogost,improvable,improvable,True
pp_nav_00443,pp_nav_00463,barrier,barrier,False
pp_nav_00443,kyakhtinskii,barrier,barrier,True
pp_nav_00443,kamniga,barrier,barrier,True
pp_nav_00444,wabasca,navigable,navigable,True
pp_nav_00445,pp_nav_00448,improvable,improvable,False
pp_nav_00445,pp_nav_00449,navigable,difficult,False
pp_nav_00445,kamensk,navigable,navigable,True
pp_nav_00445,motygino,navigable,navigable,True
pp_nav_00446,pp_nav_00456,navigable,navigable,False
pp_nav_00446,pp_nav_00469,navigable,navigable,False
pp_nav_00446,qashliq,navigable,navigable,True
pp_nav_00446,vagay,navigable,navigable,True
pp_nav_00446,tobolsk,navigable,navigable,True
pp_nav_00447,pp_nav_00449,navigable,difficult,False
pp_nav_00447,motygino,navigable,navigable,True
pp_nav_00448,pp_nav_00466,improvable,improvable,False
pp_nav_00448,yeniseysk,improvable,improvable,True
pp_nav_00448,kamensk,improvable,improvable,True
pp_nav_00448,taseyevo,improvable,improvable,True
pp_nav_00449,pp_nav_00473,navigable,difficult,False
pp_nav_00449,motygino,navigable,difficult,True
pp_nav_00449,pashino,navigable,difficult,True
pp_nav_00450,pp_nav_00475,navigable,navigable,False
pp_nav_00450,tobolsk,navigable,navigable,True
pp_nav_00451,pp_nav_00488,navigable,navigable,False
pp_nav_00451,molchanovo,navigable,navigable,True
pp_nav_00451,kolpashevo,navigable,navigable,True
pp_nav_00452,alukpaluk_bay,navigable,navigable,False
pp_nav_00452,qikirtajuaq,navigable,navigable,True
pp_nav_00453,pp_nav_00484,improvable,improvable,False
pp_nav_00453,koksharov,navigable,navigable,True
pp_nav_00453,verkhoshizhemye,navigable,navigable,True
pp_nav_00454,perm,navigable,navigable,True
pp_nav_00454,pp_nav_00458,improvable,improvable,False
pp_nav_00454,pp_nav_00474,navigable,navigable,False
pp_nav_00454,nytva,navigable,navigable,True
pp_nav_00455,konghalla,improvable,improvable,True
pp_nav_00455,pp_nav_00478,improvable,improvable,False
pp_nav_00455,lodose,improvable,improvable,True
pp_nav_00455,utlandet,improvable,improvable,True
pp_nav_00456,pp_nav_00462,navigable,navigable,False
pp_nav_00456,siberia_abalak,navigable,navigable,True
pp_nav_00456,qashliq,navigable,navigable,True
pp_nav_00456,vagay,navigable,navigable,True
pp_nav_00457,alukpaluk_bay,navigable,navigable,False
pp_nav_00457,kuujjuaq,navigable,navigable,True
pp_nav_00458,nytva,improvable,improvable,True
pp_nav_00459,pp_nav_00462,navigable,navigable,False
pp_nav_00459,pp_nav_00465,navigable,navigable,False
pp_nav_00459,siberia_abalak,navigable,navigable,True
pp_nav_00460,pp_nav_00505,navigable,navigable,False
pp_nav_00460,athabasca,navigable,navigable,True
pp_nav_00460,thilane_hot_ine,navigable,navigable,True
pp_nav_00461,pp_nav_00470,navigable,navigable,False
pp_nav_00461,siberia_abalak,navigable,navigable,True
pp_nav_00461,vagay,navigable,navigable,True
pp_nav_00462,siberia_abalak,navigable,navigable,True
pp_nav_00463,pp_nav_00472,navigable,difficult,False
pp_nav_00463,kyakhtinskii,navigable,difficult,True
pp_nav_00464,koskoak,navigable,navigable,True
pp_nav_00464,pp_nav_00490,improvable,improvable,False
pp_nav_00464,pp_nav_00496,improvable,improvable,False
pp_nav_00464,kuujjuaq,navigable,navigable,True
pp_nav_00465,pp_nav_00470,navigable,navigable,False
pp_nav_00465,pp_nav_00480,improvable,improvable,False
pp_nav_00465,siberia_abalak,navigable,navigable,True
pp_nav_00465,vagay,navigable,navigable,True
pp_nav_00465,ust_ishim,navigable,navigable,True
pp_nav_00466,pp_nav_00509,improvable,improvable,False
pp_nav_00466,yeniseysk,improvable,improvable,True
pp_nav_00466,kazachinskoye,improvable,improvable,True
pp_nav_00466,taseyevo,improvable,improvable,True
pp_nav_00467,pp_nav_00498,improvable,improvable,False
pp_nav_00467,wabasca,improvable,improvable,True
pp_nav_00468,pp_nav_00501,barrier,barrier,False
pp_nav_00468,siimitalik,navigable,navigable,True
pp_nav_00468,imaapik,navigable,navigable,True
pp_nav_00469,qashliq,navigable,navigable,True
pp_nav_00469,vagay,navigable,navigable,True
pp_nav_00469,tobolsk,navigable,navigable,True
pp_nav_00470,siberia_abalak,navigable,navigable,True
pp_nav_00470,vagay,navigable,navigable,True
pp_nav_00471,nikolsky_pogost,navigable,difficult,True
pp_nav_00472,pp_nav_00477,navigable,navigable,False
pp_nav_00472,kyakhtinskii,navigable,navigable,True
pp_nav_00473,pp_nav_00486,navigable,difficult,False
pp_nav_00473,pashino,navigable,difficult,True
pp_nav_00474,perm,navigable,navigable,True
pp_nav_00474,pp_nav_00492,navigable,navigable,False
pp_nav_00474,nytva,navigable,navigable,True
pp_nav_00475,tobolsk,navigable,navigable,True
pp_nav_00476,pp_nav_00479,navigable,navigable,False
pp_nav_00476,pp_nav_00481,navigable,navigable,False
pp_nav_00476,molchanovo,navigable,navigable,True
pp_nav_00477,pp_nav_00503,navigable,navigable,False
pp_nav_00477,kyakhtinskii,navigable,navigable,True
pp_nav_00477,bodaybo,navigable,navigable,True
pp_nav_00478,konghalla,improvable,improvable,True
pp_nav_00478,grenen_cape,improvable,improvable,False
pp_nav_00479,pp_nav_00493,navigable,navigable,False
pp_nav_00479,pervomayskoye,navigable,navigable,True
pp_nav_00479,molchanovo,navigable,navigable,True
pp_nav_00480,pp_nav_00487,improvable,improvable,False
pp_nav_00480,ust_ishim,improvable,improvable,True
pp_nav_00481,pp_nav_00488,navigable,navigable,False
pp_nav_00481,pp_nav_00495,navigable,navigable,False
pp_nav_00481,molchanovo,navigable,navigable,True
pp_nav_00482,pp_nav_00494,navigable,navigable,False
pp_nav_00482,pp_nav_00502,navigable,navigable,False
pp_nav_00482,yaroslavl,navigable,navigable,True
pp_nav_00482,kurba,navigable,navigable,True
pp_nav_00482,romanov,navigable,navigable,True
pp_nav_00483,pp_nav_00491,navigable,navigable,False
pp_nav_00483,pp_nav_00494,navigable,navigable,False
pp_nav_00483,yaroslavl,navigable,navigable,True
pp_nav_00483,kostroma,navigable,navigable,True
pp_nav_00483,danilov,navigable,navigable,True
pp_nav_00484,pp_nav_00499,improvable,improvable,False
pp_nav_00484,kutarka,improvable,improvable,True
pp_nav_00484,nikolsky,improvable,improvable,True
pp_nav_00484,verkhoshizhemye,improvable,improvable,True
pp_nav_00485,reka_tuba,improvable,improvable,True
pp_nav_00485,educhanka,improvable,improvable,True
pp_nav_00486,pashino,navigable,difficult,True
pp_nav_00487,pp_nav_00500,navigable,navigable,False
pp_nav_00487,ust_ishim,navigable,navigable,True
pp_nav_00488,molchanovo,navigable,navigable,True
pp_nav_00488,kolpashevo,navigable,navigable,True
pp_nav_00489,pp_nav_00502,navigable,navigable,False
pp_nav_00489,yaroslavl,navigable,navigable,True
pp_nav_00489,nerekhta,navigable,navigable,True
pp_nav_00489,kostroma,navigable,navigable,True
pp_nav_00489,sol_velikaya,navigable,navigable,True
pp_nav_00490,koskoak,improvable,improvable,True
pp_nav_00490,pp_nav_00497,improvable,improvable,False
pp_nav_00490,kasuswapaskau,improvable,improvable,True
pp_nav_00491,pp_nav_00507,improvable,improvable,False
pp_nav_00491,pp_nav_00510,improvable,improvable,False
pp_nav_00491,nerekhta,navigable,navigable,True
pp_nav_00491,yakovlevskoye_bolshoye,navigable,navigable,True
pp_nav_00491,kostroma,navigable,navigable,True
pp_nav_00492,perm,navigable,navigable,True
pp_nav_00492,pp_nav_00514,navigable,navigable,False
pp_nav_00492,kungur,navigable,navigable,True
pp_nav_00492,okhannoye,navigable,navigable,True
pp_nav_00493,pp_nav_00519,navigable,navigable,False
pp_nav_00493,tomsk,navigable,navigable,True
pp_nav_00493,pervomayskoye,navigable,navigable,True
pp_nav_00494,yaroslavl,navigable,navigable,True
pp_nav_00495,pp_nav_00520,navigable,difficult,False
pp_nav_00495,tomsk,navigable,navigable,True
pp_nav_00495,molchanovo,navigable,navigable,True
pp_nav_00495,melnikovo,navigable,navigable,True
pp_nav_00496,koskoak,improvable,improvable,True
pp_nav_00496,pp_nav_00521,improvable,improvable,False
pp_nav_00496,kasakaupuyau,improvable,improvable,True
pp_nav_00497,kasuswapaskau,navigable,navigable,True
pp_nav_00498,pp_nav_00518,improvable,improvable,False
pp_nav_00498,mushikitee,improvable,improvable,True
pp_nav_00498,wabasca,improvable,improvable,True
pp_nav_00499,pp_nav_00512,improvable,improvable,False
pp_nav_00499,sernur,improvable,improvable,True
pp_nav_00499,kutarka,improvable,improvable,True
pp_nav_00499,nikolsky,improvable,improvable,True
pp_nav_00500,pp_nav_00506,navigable,navigable,False
pp_nav_00500,ust_ishim,navigable,navigable,True
pp_nav_00501,siimitalik,barrier,barrier,True
pp_nav_00502,yaroslavl,navigable,navigable,True
pp_nav_00502,sol_velikaya,navigable,navigable,True
pp_nav_00503,kyakhtinskii,navigable,navigable,True
pp_nav_00503,bodaybo,navigable,navigable,True
pp_nav_00504,pp_nav_00525,barrier,barrier,False
pp_nav_00504,amalyk,navigable,navigable,True
pp_nav_00505,pp_nav_00528,improvable,improvable,False
pp_nav_00505,thilane_hot_ine,navigable,navigable,True
pp_nav_00506,pp_nav_00515,navigable,navigable,False
pp_nav_00506,ust_ishim,navigable,navigable,True
pp_nav_00507,pp_nav_00508,improvable,improvable,False
pp_nav_00507,kostroma,improvable,improvable,True
pp_nav_00507,ostrovskoye,improvable,improvable,True
pp_nav_00508,pp_nav_00513,navigable,navigable,False
pp_nav_00508,kostroma,navigable,navigable,True
pp_nav_00508,ostrovskoye,navigable,navigable,True
pp_nav_00508,kadyy,navigable,navigable,True
pp_nav_00509,pp_nav_00530,improvable,improvable,False
pp_nav_00509,kazachinskoye,improvable,improvable,True
pp_nav_00509,taseyevo,improvable,improvable,True
pp_nav_00510,pp_nav_00511,improvable,improvable,False
pp_nav_00510,yakovlevskoye_bolshoye,improvable,improvable,True
pp_nav_00510,kostroma,improvable,improvable,True
pp_nav_00511,pp_nav_00517,improvable,improvable,False
pp_nav_00511,yakovlevskoye_bolshoye,navigable,navigable,True
pp_nav_00511,kostroma,navigable,navigable,True
pp_nav_00511,ostrovskoye,navigable,navigable,True
pp_nav_00511,yuryev_povolzhsk,navigable,navigable,True
pp_nav_00512,urzhum,navigable,navigable,True
pp_nav_00512,pp_nav_00524,navigable,navigable,False
pp_nav_00512,kilmez,navigable,navigable,True
pp_nav_00512,sernur,navigable,navigable,True
pp_nav_00512,nikolsky,navigable,navigable,True
pp_nav_00512,ural_nema,navigable,navigable,True
pp_nav_00513,pp_nav_00517,improvable,improvable,False
pp_nav_00513,pp_nav_00523,navigable,navigable,False
pp_nav_00513,korenevo,navigable,navigable,True
pp_nav_00513,kadyy,navigable,navigable,True
pp_nav_00513,yuryev_povolzhsk,navigable,navigable,True
pp_nav_00514,pp_nav_00526,navigable,navigable,False
pp_nav_00514,pp_nav_00527,navigable,navigable,False
pp_nav_00514,osa,navigable,navigable,True
pp_nav_00514,okhannoye,navigable,navigable,True
pp_nav_00514,chastye,navigable,navigable,True
pp_nav_00515,pp_nav_00522,navigable,navigable,False
pp_nav_00515,ust_ishim,navigable,navigable,True
pp_nav_00515,shish,navigable,navigable,True
pp_nav_00516,mistutikumak,navigable,navigable,True
pp_nav_00517,ostrovskoye,improvable,improvable,True
pp_nav_00517,kadyy,improvable,improvable,True
pp_nav_00517,yuryev_povolzhsk,improvable,improvable,True
pp_nav_00518,pp_nav_00539,navigable,navigable,False
pp_nav_00518,mushikitee,navigable,navigable,True
pp_nav_00519,pp_nav_00536,navigable,navigable,False
pp_nav_00519,tomsk,navigable,navigable,True
pp_nav_00519,pervomayskoye,navigable,navigable,True
pp_nav_00520,pp_nav_00537,navigable,difficult,False
pp_nav_00520,tomsk,navigable,difficult,True
pp_nav_00520,melnikovo,navigable,difficult,True
pp_nav_00521,pp_nav_00544,improvable,improvable,False
pp_nav_00521,kasakaupuyau,navigable,navigable,True
pp_nav_00522,pp_nav_00534,navigable,navigable,False
pp_nav_00522,tara,navigable,navigable,True
pp_nav_00522,muromtsevo,navigable,navigable,True
pp_nav_00522,shish,navigable,navigable,True
pp_nav_00523,pp_nav_00549,navigable,navigable,False
pp_nav_00523,korenevo,navigable,navigable,True
pp_nav_00523,yuryev_povolzhsk,navigable,navigable,True
pp_nav_00523,gorodets,navigable,navigable,True
pp_nav_00523,vasilyeva_sloboda,navigable,navigable,True
pp_nav_00524,urzhum,navigable,navigable,True
pp_nav_00524,pp_nav_00548,navigable,navigable,False
pp_nav_00524,kilmez,navigable,navigable,True
pp_nav_00525,pp_nav_00542,barrier,barrier,False
pp_nav_00525,amalyk,barrier,barrier,True
pp_nav_00525,bodaybo,barrier,barrier,True
pp_nav_00526,pp_nav_00533,navigable,navigable,False
pp_nav_00526,chastye,navigable,navigable,True
pp_nav_00526,votkings,navigable,navigable,True
pp_nav_00527,pp_nav_00533,navigable,navigable,False
pp_nav_00527,yelovo,navigable,navigable,True
pp_nav_00527,osa,navigable,navigable,True
pp_nav_00527,chastye,navigable,navigable,True
pp_nav_00527,votkings,navigable,navigable,True
pp_nav_00528,pp_nav_00552,barrier,barrier,False
pp_nav_00528,thilane_hot_ine,improvable,improvable,True
pp_nav_00529,pp_nav_00538,navigable,navigable,False
pp_nav_00529,educhanka,navigable,navigable,True
pp_nav_00530,pp_nav_00554,improvable,improvable,False
pp_nav_00530,yemelyanovo,navigable,difficult,True
pp_nav_00530,kazachinskoye,navigable,difficult,True
pp_nav_00530,taseyevo,navigable,difficult,True
pp_nav_00530,dzerzhinskoye,navigable,difficult,True
pp_nav_00531,pen_islands,improvable,improvable,False
pp_nav_00531,machichi,improvable,improvable,True
pp_nav_00532,pp_nav_00545,navigable,navigable,False
pp_nav_00532,gulf_of_riga,navigable,navigable,False
pp_nav_00532,salaspils,navigable,navigable,True
pp_nav_00532,riga,navigable,navigable,True
pp_nav_00532,koknese,navigable,navigable,True
pp_nav_00533,pp_nav_00543,navigable,navigable,False
pp_nav_00533,yelovo,navigable,navigable,True
pp_nav_00533,votkings,navigable,navigable,True
pp_nav_00534,pp_nav_00551,navigable,navigable,False
pp_nav_00534,tara,navigable,navigable,True
pp_nav_00534,muromtsevo,navigable,navigable,True
pp_nav_00535,pp_nav_00540,navigable,navigable,False
pp_nav_00535,pen_islands,navigable,navigable,False
pp_nav_00535,machichi,navigable,navigable,True
pp_nav_00535,sowunusiske,navigable,navigable,True
pp_nav_00536,pervomayskoye,navigable,navigable,True
pp_nav_00537,pp_nav_00546,navigable,difficult,False
pp_nav_00537,pp_nav_00550,navigable,difficult,False
pp_nav_00537,bolotnye,navigable,navigable,True
pp_nav_00537,tomsk,navigable,navigable,True
pp_nav_00537,melnikovo,navigable,navigable,True
pp_nav_00538,educhanka,navigable,navigable,True
pp_nav_00539,pp_nav_00557,navigable,navigable,False
pp_nav_00539,mushikitee,navigable,navigable,True
pp_nav_00540,pp_nav_00555,improvable,improvable,False
pp_nav_00540,poskatinak,navigable,navigable,True
pp_nav_00540,sowunusiske,navigable,navigable,True
pp_nav_00541,pen_islands,navigable,navigable,False
pp_nav_00541,machichi,navigable,navigable,True
pp_nav_00541,kanaskipenaski,navigable,navigable,True
pp_nav_00542,pp_nav_00556,navigable,navigable,False
pp_nav_00542,amalyk,navigable,navigable,True
pp_nav_00542,bodaybo,navigable,navigable,True
pp_nav_00543,pp_nav_00559,navigable,navigable,False
pp_nav_00543,sarapul,navigable,navigable,True
pp_nav_00543,votkings,navigable,navigable,True
pp_nav_00543,saygatsky,navigable,navigable,True
pp_nav_00544,pp_nav_00565,barrier,barrier,False
pp_nav_00544,wayustikw,improvable,improvable,True
pp_nav_00544,kasakaupuyau,improvable,improvable,True
pp_nav_00545,pp_nav_00553,improvable,improvable,False
pp_nav_00545,salaspils,navigable,navigable,True
pp_nav_00545,aizkraukle,navigable,navigable,True
pp_nav_00545,koknese,navigable,navigable,True
pp_nav_00546,pp_nav_00566,navigable,difficult,False
pp_nav_00546,bolotnye,navigable,difficult,True
pp_nav_00546,tomsk,navigable,difficult,True
pp_nav_00547,shtax_heen,navigable,difficult,True
pp_nav_00547,taant_a,navigable,difficult,True
pp_nav_00548,urzhum,navigable,navigable,True
pp_nav_00548,pp_nav_00562,navigable,navigable,False
pp_nav_00548,bogatye_saby,navigable,navigable,True
pp_nav_00548,kilmez,navigable,navigable,True
pp_nav_00548,vyatskiye_polyany,navigable,navigable,True
pp_nav_00548,oli_baraza,navigable,navigable,True
pp_nav_00549,pp_nav_00563,navigable,navigable,False
pp_nav_00549,rastyapino,navigable,navigable,True
pp_nav_00549,nizhny_novgorod,navigable,navigable,True
pp_nav_00549,gorodets,navigable,navigable,True
pp_nav_00549,vasilyeva_sloboda,navigable,navigable,True
pp_nav_00550,pp_nav_00579,navigable,difficult,False
pp_nav_00550,bolotnye,navigable,difficult,True
pp_nav_00550,kozhevnikovo,navigable,difficult,True
pp_nav_00550,melnikovo,navigable,difficult,True
pp_nav_00551,pp_nav_00571,navigable,navigable,False
pp_nav_00551,tara,navigable,navigable,True
pp_nav_00551,muromtsevo,navigable,navigable,True
pp_nav_00552,pp_nav_00558,barrier,barrier,False
pp_nav_00552,thilane_hot_ine,barrier,barrier,True
pp_nav_00552,sakawyiniw,barrier,barrier,True
pp_nav_00553,selpils,improvable,improvable,True
pp_nav_00553,aizkraukle,improvable,improvable,True
pp_nav_00553,jekabpils,improvable,improvable,True
pp_nav_00553,koknese,improvable,improvable,True
pp_nav_00554,pp_nav_00572,improvable,improvable,False
pp_nav_00554,yemelyanovo,improvable,improvable,True
pp_nav_00554,krasnoyarsk,improvable,improvable,True
pp_nav_00554,dzerzhinskoye,improvable,improvable,True
pp_nav_00555,pp_nav_00560,improvable,improvable,False
pp_nav_00555,poskatinak,improvable,improvable,True
pp_nav_00556,pp_nav_00584,improvable,improvable,False
pp_nav_00556,kuanda,navigable,navigable,True
pp_nav_00556,taksimo,navigable,navigable,True
pp_nav_00556,amalyk,navigable,navigable,True
pp_nav_00557,pp_nav_00587,barrier,barrier,False
pp_nav_00557,mushikitee,navigable,navigable,True
pp_nav_00558,thilane_hot_ine,improvable,improvable,True
pp_nav_00558,sakawyiniw,improvable,improvable,True
pp_nav_00559,pp_nav_00591,navigable,navigable,False
pp_nav_00559,sarapul,navigable,navigable,True
pp_nav_00559,saygatsky,navigable,navigable,True
pp_nav_00559,kasevo,navigable,navigable,True
pp_nav_00560,anipitapiskow,improvable,improvable,True
pp_nav_00560,poskatinak,improvable,improvable,True
pp_nav_00561,pp_nav_00568,navigable,difficult,False
pp_nav_00561,klyuchi,navigable,difficult,True
pp_nav_00562,pp_nav_00592,navigable,navigable,False
pp_nav_00562,bogatye_saby,navigable,navigable,True
pp_nav_00562,vyatskiye_polyany,navigable,navigable,True
pp_nav_00563,pp_nav_00574,navigable,navigable,False
pp_nav_00563,pp_nav_00578,navigable,navigable,False
pp_nav_00563,rastyapino,navigable,navigable,True
pp_nav_00563,nizhny_novgorod,navigable,navigable,True
pp_nav_00563,meshchersk,navigable,navigable,True
pp_nav_00564,pp_nav_00573,navigable,navigable,False
pp_nav_00564,pp_nav_00577,navigable,navigable,False
pp_nav_00564,voskresenskoye,navigable,navigable,True
pp_nav_00564,kozmodemyansk,navigable,navigable,True
pp_nav_00565,pp_nav_00593,barrier,barrier,False
pp_nav_00565,wayustikw,barrier,barrier,True
pp_nav_00566,pp_nav_00600,navigable,difficult,False
pp_nav_00566,verkhotomsk,navigable,difficult,True
pp_nav_00566,bolotnye,navigable,difficult,True
pp_nav_00566,tomsk,navigable,difficult,True
pp_nav_00567,pp_nav_00576,improvable,improvable,False
pp_nav_00567,pp_nav_00581,navigable,navigable,False
pp_nav_00567,ksituan,navigable,navigable,True
pp_nav_00568,pp_nav_00569,navigable,difficult,False
pp_nav_00568,klyuchi,navigable,difficult,True
pp_nav_00568,kamchatsk,navigable,difficult,True
pp_nav_00569,kamchatskiy_zaliv2,navigable,navigable,False
pp_nav_00569,kamchatsk,navigable,navigable,True
pp_nav_00570,pp_nav_00575,improvable,improvable,False
pp_nav_00570,pp_nav_00580,improvable,improvable,False
pp_nav_00570,tsa_tinne,improvable,improvable,True
pp_nav_00571,pp_nav_00598,navigable,navigable,False
pp_nav_00571,gorkovskoye,navigable,navigable,True
pp_nav_00571,tara,navigable,navigable,True
pp_nav_00571,kolosovka,navigable,navigable,True
pp_nav_00571,muromtsevo,navigable,navigable,True
pp_nav_00572,pp_nav_00594,improvable,improvable,False
pp_nav_00572,yemelyanovo,navigable,difficult,True
pp_nav_00572,krasnoyarsk,navigable,difficult,True
pp_nav_00573,pp_nav_00583,improvable,improvable,False
pp_nav_00573,voskresenskoye,navigable,navigable,True
pp_nav_00573,raznezhye,navigable,navigable,True
pp_nav_00574,pp_nav_00582,navigable,navigable,False
pp_nav_00574,rastyapino,navigable,navigable,True
pp_nav_00574,gorokhovets,navigable,navigable,True
pp_nav_00574,meshchersk,navigable,navigable,True
pp_nav_00575,pp_nav_00576,improvable,improvable,False
pp_nav_00575,chinchaga,navigable,navigable,True
pp_nav_00575,tsa_tinne,navigable,navigable,True
pp_nav_00576,ksituan,improvable,improvable,True
pp_nav_00576,chinchaga,improvable,improvable,True
pp_nav_00577,pp_nav_00588,navigable,navigable,False
pp_nav_00577,tsivilsk,navigable,navigable,True
pp_nav_00577,kozmodemyansk,navigable,navigable,True
pp_nav_00577,cheboksary,navigable,navigable,True
pp_nav_00578,pp_nav_00589,navigable,navigable,False
pp_nav_00578,dalneye_konstantinovo,navigable,navigable,True
pp_nav_00578,nizhny_novgorod,navigable,navigable,True
pp_nav_00578,khakhaly,navigable,navigable,True
pp_nav_00579,pp_nav_00611,navigable,difficult,False
pp_nav_00579,bolotnye,navigable,difficult,True
pp_nav_00579,kozhevnikovo,navigable,difficult,True
pp_nav_00580,pp_nav_00586,improvable,improvable,False
pp_nav_00580,unjegah,improvable,improvable,True
pp_nav_00580,tsa_tinne,improvable,improvable,True
pp_nav_00581,pp_nav_00601,navigable,navigable,False
pp_nav_00581,ksituan,navigable,navigable,True
pp_nav_00582,pp_nav_00599,navigable,navigable,False
pp_nav_00582,gorokhovets,navigable,navigable,True
pp_nav_00582,pavlovo,navigable,navigable,True
pp_nav_00582,meshchersk,navigable,navigable,True
pp_nav_00582,starodub_votsky,navigable,navigable,True
pp_nav_00583,pp_nav_00589,improvable,improvable,False
pp_nav_00583,raznezhye,improvable,improvable,True
pp_nav_00583,lyskovo,improvable,improvable,True
pp_nav_00584,pp_nav_00617,improvable,improvable,False
pp_nav_00584,kuanda,improvable,improvable,True
pp_nav_00584,irakinda,improvable,improvable,True
pp_nav_00585,unjegah,navigable,navigable,True
pp_nav_00586,unjegah,navigable,navigable,True
pp_nav_00587,pp_nav_00601,barrier,barrier,False
pp_nav_00587,ksituan,barrier,barrier,True
pp_nav_00587,mushikitee,barrier,barrier,True
pp_nav_00588,pp_nav_00605,navigable,navigable,False
pp_nav_00588,tsivilsk,navigable,navigable,True
pp_nav_00588,atishchevo,navigable,navigable,True
pp_nav_00588,kabachischi,navigable,navigable,True
pp_nav_00589,raznezhye,navigable,navigable,True
pp_nav_00589,lyskovo,navigable,navigable,True
pp_nav_00589,khakhaly,navigable,navigable,True
pp_nav_00590,anipitapiskow,improvable,improvable,True
pp_nav_00591,pp_nav_00602,navigable,navigable,False
pp_nav_00591,pp_nav_00603,navigable,navigable,False
pp_nav_00591,lower_aktanyshbash,navigable,navigable,True
pp_nav_00591,sarapul,navigable,navigable,True
pp_nav_00591,kasevo,navigable,navigable,True
pp_nav_00592,pp_nav_00612,navigable,navigable,False
pp_nav_00592,bogatye_saby,navigable,navigable,True
pp_nav_00592,vyatskiye_polyany,navigable,navigable,True
pp_nav_00592,mamadysh,navigable,navigable,True
pp_nav_00592,yelabuga,navigable,navigable,True
pp_nav_00593,pp_nav_00614,barrier,barrier,False
pp_nav_00593,chipisipi,barrier,barrier,True
pp_nav_00593,wayustikw,barrier,barrier,True
pp_nav_00594,pp_nav_00608,improvable,improvable,False
pp_nav_00594,yemelyanovo,improvable,improvable,True
pp_nav_00594,krasnoyarsk,improvable,improvable,True
pp_nav_00595,washeo,improvable,improvable,True
pp_nav_00596,pp_nav_00623,improvable,improvable,False
pp_nav_00596,k_alii_xkalaan,improvable,improvable,True
pp_nav_00597,pp_nav_00603,navigable,navigable,False
pp_nav_00597,pp_nav_00606,navigable,navigable,False
pp_nav_00597,sarapul,navigable,navigable,True
pp_nav_00597,chalninsky_pochinok,navigable,navigable,True
pp_nav_00597,yelabuga,navigable,navigable,True
pp_nav_00598,pp_nav_00613,improvable,improvable,False
pp_nav_00598,gorkovskoye,navigable,navigable,True
pp_nav_00598,kolosovka,navigable,navigable,True
pp_nav_00598,omsk,navigable,navigable,True
pp_nav_00599,pp_nav_00620,navigable,navigable,False
pp_nav_00599,starodub_votsky,navigable,navigable,True
pp_nav_00599,murom,navigable,navigable,True
pp_nav_00600,pp_nav_00615,navigable,difficult,False
pp_nav_00600,kolchugino,navigable,difficult,True
pp_nav_00600,verkhotomsk,navigable,difficult,True
pp_nav_00600,bolotnye,navigable,difficult,True
pp_nav_00601,ksituan,navigable,navigable,True
pp_nav_00602,pp_nav_00610,improvable,improvable,False
pp_nav_00602,lower_aktanyshbash,navigable,navigable,True
pp_nav_00602,verkhneyarkeyevo,navigable,navigable,True
pp_nav_00602,kasevo,navigable,navigable,True
pp_nav_00603,lower_aktanyshbash,navigable,navigable,True
pp_nav_00603,sarapul,navigable,navigable,True
pp_nav_00603,chalninsky_pochinok,navigable,navigable,True
pp_nav_00603,menzelinsk,navigable,navigable,True
pp_nav_00604,pp_nav_00607,navigable,navigable,False
pp_nav_00604,pp_nav_00621,navigable,navigable,False
pp_nav_00604,kipahigan,navigable,navigable,True
pp_nav_00604,kapuskaywak,navigable,navigable,True
pp_nav_00605,pp_nav_00618,navigable,navigable,False
pp_nav_00605,dobyaz,navigable,navigable,True
pp_nav_00605,atishchevo,navigable,navigable,True
pp_nav_00605,kabachischi,navigable,navigable,True
pp_nav_00605,sviyazhsk,navigable,navigable,True
pp_nav_00605,kazan,navigable,navigable,True
pp_nav_00606,pp_nav_00612,navigable,navigable,False
pp_nav_00606,zainsk,navigable,navigable,True
pp_nav_00606,chalninsky_pochinok,navigable,navigable,True
pp_nav_00606,yelabuga,navigable,navigable,True
pp_nav_00607,pp_nav_00609,navigable,navigable,False
pp_nav_00607,kapuskaywak,navigable,navigable,True
pp_nav_00608,pp_nav_00631,navigable,difficult,False
pp_nav_00608,yemelyanovo,navigable,difficult,True
pp_nav_00608,novosyolovo,navigable,difficult,True
pp_nav_00608,krasnoyarsk,navigable,difficult,True
pp_nav_00609,kapuskaywak,navigable,navigable,True
pp_nav_00610,burayevo,improvable,improvable,True
pp_nav_00610,verkhneyarkeyevo,improvable,improvable,True
pp_nav_00610,kasevo,improvable,improvable,True
pp_nav_00611,pp_nav_00627,navigable,difficult,False
pp_nav_00611,bolotnye,navigable,difficult,True
pp_nav_00611,kozhevnikovo,navigable,difficult,True
pp_nav_00612,pp_nav_00624,navigable,navigable,False
pp_nav_00612,mamadysh,navigable,navigable,True
pp_nav_00612,cukataw,navigable,navigable,True
pp_nav_00612,zainsk,navigable,navigable,True
pp_nav_00612,yelabuga,navigable,navigable,True
pp_nav_00613,pp_nav_00626,improvable,improvable,False
pp_nav_00613,kolosovka,improvable,improvable,True
pp_nav_00613,omsk,improvable,improvable,True
pp_nav_00614,pp_nav_00628,barrier,barrier,False
pp_nav_00614,mistanipi,barrier,barrier,True
pp_nav_00614,chipisipi,barrier,barrier,True
pp_nav_00615,pp_nav_00630,navigable,difficult,False
pp_nav_00615,kolchugino,navigable,difficult,True
pp_nav_00615,verkhotomsk,navigable,difficult,True
pp_nav_00616,anipitapiskow,navigable,navigable,True
pp_nav_00616,pikwitonei,navigable,navigable,True
pp_nav_00617,pp_nav_00632,improvable,improvable,False
pp_nav_00617,irakinda,improvable,improvable,True
pp_nav_00618,pp_nav_00635,navigable,navigable,False
pp_nav_00618,sviyazhsk,navigable,navigable,True
pp_nav_00618,kazan,navigable,navigable,True
pp_nav_00619,pp_nav_00625,navigable,navigable,False
pp_nav_00619,burayevo,navigable,navigable,True
pp_nav_00619,verkhneyarkeyevo,navigable,navigable,True
pp_nav_00620,melenki,navigable,navigable,True
pp_nav_00620,pp_nav_00638,navigable,navigable,False
pp_nav_00620,ardatov,navigable,navigable,True
pp_nav_00620,murom,navigable,navigable,True
pp_nav_00621,pp_nav_00622,navigable,navigable,False
pp_nav_00621,kipahigan,navigable,navigable,True
pp_nav_00622,kipahigan,navigable,navigable,True
pp_nav_00623,pp_nav_00639,improvable,improvable,False
pp_nav_00623,k_alii_xkalaan,improvable,improvable,True
pp_nav_00623,gitxsanimaax,improvable,improvable,True
pp_nav_00624,pp_nav_00629,navigable,navigable,False
pp_nav_00624,mamadysh,navigable,navigable,True
pp_nav_00624,cukataw,navigable,navigable,True
pp_nav_00624,calli,navigable,navigable,True
pp_nav_00625,pp_nav_00636,navigable,difficult,False
pp_nav_00625,burayevo,navigable,navigable,True
pp_nav_00625,chekmagush,navigable,navigable,True
pp_nav_00625,ufa,navigable,navigable,True
pp_nav_00625,verkhneyarkeyevo,navigable,navigable,True
pp_nav_00626,pp_nav_00640,navigable,navigable,False
pp_nav_00626,kamyshnoye,navigable,navigable,True
pp_nav_00626,kolosovka,navigable,navigable,True
pp_nav_00626,omsk,navigable,navigable,True
pp_nav_00627,pp_nav_00644,improvable,improvable,False
pp_nav_00627,krivoshchekovo,navigable,difficult,True
pp_nav_00627,bolotnye,navigable,difficult,True
pp_nav_00627,kozhevnikovo,navigable,difficult,True
pp_nav_00628,pp_nav_00642,improvable,improvable,False
pp_nav_00628,mistanipi,improvable,improvable,True
pp_nav_00629,pp_nav_00635,navigable,navigable,False
pp_nav_00629,bolghar,navigable,navigable,True
pp_nav_00629,laish,navigable,navigable,True
pp_nav_00629,cukataw,navigable,navigable,True
pp_nav_00629,calli,navigable,navigable,True
pp_nav_00630,pp_nav_00643,improvable,improvable,False
pp_nav_00630,kolchugino,navigable,difficult,True
pp_nav_00630,verkhotomsk,navigable,difficult,True
pp_nav_00631,pp_nav_00646,navigable,difficult,False
pp_nav_00631,novosyolovo,navigable,difficult,True
pp_nav_00631,kortuz,navigable,difficult,True
pp_nav_00631,krasnoyarsk,navigable,difficult,True
pp_nav_00632,irakinda,navigable,navigable,True
pp_nav_00633,pp_nav_00650,barrier,barrier,False
pp_nav_00633,nisga_a,barrier,barrier,True
pp_nav_00633,hagwilget,barrier,barrier,True
pp_nav_00634,ministik,improvable,improvable,True
pp_nav_00634,mouth_of_the_winisk,improvable,improvable,False
pp_nav_00634,wabuk,improvable,improvable,True
pp_nav_00634,winisk,improvable,improvable,True
pp_nav_00635,pp_nav_00648,navigable,navigable,False
pp_nav_00635,bolghar,navigable,navigable,True
pp_nav_00635,laish,navigable,navigable,True
pp_nav_00635,sviyazhsk,navigable,navigable,True
pp_nav_00635,kazan,navigable,navigable,True
pp_nav_00636,pp_nav_00641,navigable,difficult,False
pp_nav_00636,chekmagush,navigable,difficult,True
pp_nav_00636,ufa,navigable,difficult,True
pp_nav_00637,salikuit_islands,navigable,navigable,False
pp_nav_00637,kuujjuarapik,navigable,navigable,True
pp_nav_00638,melenki,navigable,navigable,True
pp_nav_00638,pp_nav_00656,improvable,improvable,False
pp_nav_00638,ardatov,navigable,navigable,True
pp_nav_00638,kasimov,navigable,navigable,True
pp_nav_00638,azeevo,navigable,navigable,True
pp_nav_00639,gitxsanimaax,navigable,navigable,True
pp_nav_00640,pp_nav_00658,navigable,difficult,False
pp_nav_00640,kamyshnoye,navigable,navigable,True
pp_nav_00640,cherlak,navigable,navigable,True
pp_nav_00640,omsk,navigable,navigable,True
pp_nav_00641,pp_nav_00657,navigable,difficult,False
pp_nav_00641,chekmagush,navigable,difficult,True
pp_nav_00641,ufa,navigable,difficult,True
pp_nav_00641,chishmy,navigable,difficult,True
pp_nav_00642,pp_nav_00653,barrier,barrier,False
pp_nav_00642,mistanipi,improvable,improvable,True
pp_nav_00642,caniapiscau,improvable,improvable,True
pp_nav_00643,pp_nav_00651,improvable,improvable,False
pp_nav_00643,verkh_chebula,improvable,improvable,True
pp_nav_00643,kolchugino,improvable,improvable,True
pp_nav_00643,verkhotomsk,improvable,improvable,True
pp_nav_00644,pp_nav_00660,improvable,improvable,False
pp_nav_00644,krivoshchekovo,improvable,improvable,True
pp_nav_00644,bolotnye,improvable,improvable,True
pp_nav_00644,berdsk,improvable,improvable,True
pp_nav_00645,pp_nav_00649,improvable,improvable,False
pp_nav_00645,jurbarkas,improvable,improvable,True
pp_nav_00645,panemune,improvable,improvable,True
pp_nav_00645,ragnit,improvable,improvable,True
pp_nav_00646,pp_nav_00655,navigable,difficult,False
pp_nav_00646,novosyolovo,navigable,difficult,True
pp_nav_00646,kortuz,navigable,difficult,True
pp_nav_00647,pp_nav_00654,navigable,navigable,False
pp_nav_00647,kolomna,navigable,navigable,True
pp_nav_00647,lyubichi,navigable,navigable,True
pp_nav_00647,perevitska,navigable,navigable,True
pp_nav_00648,staraya_mayna,navigable,navigable,True
pp_nav_00648,pp_nav_00663,navigable,navigable,False
pp_nav_00648,bolghar,navigable,navigable,True
pp_nav_00648,sviyazhsk,navigable,navigable,True
pp_nav_00648,tetyushi,navigable,navigable,True
pp_nav_00649,tilsit,navigable,navigable,True
pp_nav_00649,ragnit,navigable,navigable,True
pp_nav_00650,pp_nav_00662,barrier,barrier,False
pp_nav_00650,nisga_a,navigable,navigable,True
pp_nav_00651,salair,navigable,difficult,True
pp_nav_00651,verkh_chebula,navigable,difficult,True
pp_nav_00651,kolchugino,navigable,difficult,True
pp_nav_00652,pp_nav_00656,improvable,improvable,False
pp_nav_00652,pp_nav_00659,improvable,improvable,False
pp_nav_00652,kasimov,improvable,improvable,True
pp_nav_00652,tuma,improvable,improvable,True
pp_nav_00653,caniapiscau,barrier,barrier,True
pp_nav_00654,pp_nav_00665,navigable,navigable,False
pp_nav_00654,ryazan,navigable,navigable,True
pp_nav_00654,lyubichi,navigable,navigable,True
pp_nav_00654,perevitska,navigable,navigable,True
pp_nav_00654,kazari,navigable,navigable,True
pp_nav_00655,pp_nav_00668,navigable,difficult,False
pp_nav_00655,tatarskaya_tesyu,navigable,difficult,True
pp_nav_00655,novosyolovo,navigable,difficult,True
pp_nav_00655,kortuz,navigable,difficult,True
pp_nav_00656,kasimov,improvable,improvable,True
pp_nav_00656,azeevo,improvable,improvable,True
pp_nav_00657,ufa,navigable,difficult,True
pp_nav_00657,chishmy,navigable,difficult,True
pp_nav_00657,ulukulevo,navigable,difficult,True
pp_nav_00658,pp_nav_00667,navigable,difficult,False
pp_nav_00658,cherlak,navigable,difficult,True
pp_nav_00658,omsk,navigable,difficult,True
pp_nav_00659,pp_nav_00669,improvable,improvable,False
pp_nav_00659,shilovo,navigable,navigable,True
pp_nav_00659,kasimov,navigable,navigable,True
pp_nav_00659,putyatino,navigable,navigable,True
pp_nav_00659,koponovo,navigable,navigable,True
pp_nav_00659,tuma,navigable,navigable,True
pp_nav_00660,pp_nav_00670,navigable,difficult,False
pp_nav_00660,krivoshchekovo,navigable,difficult,True
pp_nav_00660,suzun,navigable,difficult,True
pp_nav_00660,berdsk,navigable,difficult,True
pp_nav_00661,chumikan,improvable,improvable,True
pp_nav_00661,southern_udskaya_bay,improvable,improvable,False
pp_nav_00662,pp_nav_00671,barrier,barrier,False
pp_nav_00662,sm_algyax,barrier,barrier,True
pp_nav_00662,nisga_a,barrier,barrier,True
pp_nav_00663,staraya_mayna,navigable,navigable,True
pp_nav_00663,pp_nav_00673,navigable,navigable,False
pp_nav_00663,cherdakly,navigable,navigable,True
pp_nav_00663,tetyushi,navigable,navigable,True
pp_nav_00663,simbirsk,navigable,navigable,True
pp_nav_00664,salair,navigable,difficult,True
pp_nav_00665,pp_nav_00669,improvable,improvable,False
pp_nav_00665,ryazan,navigable,navigable,True
pp_nav_00665,staraya_ryazan,navigable,navigable,True
pp_nav_00665,kazari,navigable,navigable,True
pp_nav_00666,pp_nav_00678,navigable,navigable,False
pp_nav_00666,staraya_zima,navigable,navigable,True
pp_nav_00666,balagansk,navigable,navigable,True
pp_nav_00667,pp_nav_00675,navigable,difficult,False
pp_nav_00667,cherlak,navigable,difficult,True
pp_nav_00667,omsk,navigable,difficult,True
pp_nav_00668,pp_nav_00680,navigable,difficult,False
pp_nav_00668,tatarskaya_tesyu,navigable,difficult,True
pp_nav_00668,kortuz,navigable,difficult,True
pp_nav_00668,idrinskoye,navigable,difficult,True
pp_nav_00669,shilovo,improvable,improvable,True
pp_nav_00669,staraya_ryazan,improvable,improvable,True
pp_nav_00669,koponovo,improvable,improvable,True
pp_nav_00669,kazari,improvable,improvable,True
pp_nav_00670,pp_nav_00677,navigable,difficult,False
pp_nav_00670,krivoshchekovo,navigable,difficult,True
pp_nav_00670,suzun,navigable,difficult,True
pp_nav_00671,lax_kw_alaams,improvable,improvable,False
pp_nav_00671,sm_algyax,improvable,improvable,True
pp_nav_00672,gulf_of_danzig,navigable,navigable,False
pp_nav_00672,pp_nav_00686,navigable,navigable,False
pp_nav_00672,malbork,navigable,navigable,True
pp_nav_00672,tczew,navigable,navigable,True
pp_nav_00672,gniew,navigable,navigable,True
pp_nav_00672,gdansk,navigable,navigable,True
pp_nav_00673,pp_nav_00684,navigable,navigable,False
pp_nav_00673,pokrovskoye,navigable,navigable,True
pp_nav_00673,cherdakly,navigable,navigable,True
pp_nav_00673,simbirsk,navigable,navigable,True
pp_nav_00674,malbork,navigable,navigable,True
pp_nav_00674,gdansk,navigable,navigable,True
pp_nav_00675,pp_nav_00685,navigable,difficult,False
pp_nav_00675,cherlak,navigable,difficult,True
pp_nav_00676,pp_nav_00679,barrier,barrier,False
pp_nav_00676,hutton,barrier,barrier,True
pp_nav_00676,lheidlit_en,barrier,barrier,True
pp_nav_00677,pp_nav_00688,navigable,difficult,False
pp_nav_00677,krivoshchekovo,navigable,difficult,True
pp_nav_00677,suzun,navigable,difficult,True
pp_nav_00677,kamen,navigable,difficult,True
pp_nav_00678,pp_nav_00690,navigable,navigable,False
pp_nav_00678,zalari,navigable,navigable,True
pp_nav_00678,balagansk,navigable,navigable,True
pp_nav_00679,pp_nav_00691,improvable,improvable,False
pp_nav_00679,lheidlit_en,improvable,improvable,True
pp_nav_00680,pp_nav_00693,improvable,improvable,False
pp_nav_00680,minusinsk,navigable,difficult,True
pp_nav_00680,tatarskaya_tesyu,navigable,difficult,True
pp_nav_00680,beya,navigable,difficult,True
pp_nav_00680,idrinskoye,navigable,difficult,True
pp_nav_00680,abakasnk,navigable,difficult,True
pp_nav_00681,pp_nav_00683,navigable,navigable,False
pp_nav_00681,saskatchewan,navigable,navigable,True
pp_nav_00682,malbork,navigable,navigable,True
pp_nav_00683,opaskwayak,navigable,navigable,True
pp_nav_00683,saskatchewan,navigable,navigable,True
pp_nav_00684,pokrovskoye,navigable,navigable,True
pp_nav_00684,cherdakly,navigable,navigable,True
pp_nav_00684,morkvash,navigable,navigable,True
pp_nav_00684,shigony,navigable,navigable,True
pp_nav_00684,stavropol_na_volge,navigable,navigable,True
pp_nav_00685,pp_nav_00702,navigable,difficult,False
pp_nav_00685,cherlak,navigable,difficult,True
pp_nav_00685,zhalauly,navigable,difficult,True
pp_nav_00685,zhelezin,navigable,difficult,True
pp_nav_00686,pp_nav_00706,navigable,navigable,False
pp_nav_00686,malbork,navigable,navigable,True
pp_nav_00686,swiecie,navigable,navigable,True
pp_nav_00686,chelmno,navigable,navigable,True
pp_nav_00686,nowe,navigable,navigable,True
pp_nav_00686,grudziadz,navigable,navigable,True
pp_nav_00686,gniew,navigable,navigable,True
pp_nav_00686,kwidzyn,navigable,navigable,True
pp_nav_00687,kakachischuan_point,improvable,improvable,False
pp_nav_00687,chisasibi,improvable,improvable,True
pp_nav_00688,pp_nav_00692,navigable,difficult,False
pp_nav_00688,barnaul,navigable,difficult,True
pp_nav_00688,suzun,navigable,difficult,True
pp_nav_00688,kamen,navigable,difficult,True
pp_nav_00689,pp_nav_00709,improvable,improvable,False
pp_nav_00689,tynda,improvable,improvable,True
pp_nav_00689,tukuringra,improvable,improvable,True
pp_nav_00689,djee,improvable,improvable,True
pp_nav_00689,tygde,improvable,improvable,True
pp_nav_00690,pp_nav_00732,improvable,improvable,False
pp_nav_00690,cheremkhovo,navigable,navigable,True
pp_nav_00690,zalari,navigable,navigable,True
pp_nav_00690,osinsky,navigable,navigable,True
pp_nav_00690,balagansk,navigable,navigable,True
pp_nav_00691,pp_nav_00717,improvable,improvable,False
pp_nav_00691,saik_uz,navigable,navigable,True
pp_nav_00691,lheidlit_en,navigable,navigable,True
pp_nav_00691,nadleht_en,navigable,navigable,True
pp_nav_00692,pp_nav_00698,navigable,difficult,False
pp_nav_00692,barnaul,navigable,difficult,True
pp_nav_00692,suzun,navigable,difficult,True
pp_nav_00693,pp_nav_00715,improvable,improvable,False
pp_nav_00693,minusinsk,improvable,improvable,True
pp_nav_00693,beya,improvable,improvable,True
pp_nav_00693,shushenskoye,improvable,improvable,True
pp_nav_00694,stettin_lagoon,navigable,navigable,False
pp_nav_00694,pp_nav_00724,navigable,navigable,False
pp_nav_00694,gryfow,navigable,navigable,True
pp_nav_00694,goleniow,navigable,navigable,True
pp_nav_00694,stettin,navigable,navigable,True
pp_nav_00695,pp_nav_00697,improvable,improvable,False
pp_nav_00695,pp_nav_00705,improvable,improvable,False
pp_nav_00695,emuer,improvable,improvable,True
pp_nav_00695,ollo,improvable,improvable,True
pp_nav_00695,yakesa,improvable,improvable,True
pp_nav_00695,urka,improvable,improvable,True
pp_nav_00696,pp_nav_00710,navigable,navigable,False
pp_nav_00696,elbe_estuary,navigable,navigable,False
pp_nav_00696,winsen,navigable,navigable,True
pp_nav_00696,luneburg,navigable,navigable,True
pp_nav_00696,lauenburg,navigable,navigable,True
pp_nav_00696,hamburg,navigable,navigable,True
pp_nav_00696,harburg,navigable,navigable,True
pp_nav_00696,stade,navigable,navigable,True
pp_nav_00697,pp_nav_00713,improvable,improvable,False
pp_nav_00697,pangu,improvable,improvable,True
pp_nav_00697,emuer,improvable,improvable,True
pp_nav_00697,yakesa,improvable,improvable,True
pp_nav_00698,pp_nav_00707,navigable,difficult,False
pp_nav_00698,barnaul,navigable,difficult,True
pp_nav_00698,chesnokovka,navigable,difficult,True
pp_nav_00698,suzun,navigable,difficult,True
pp_nav_00699,pp_nav_00716,improvable,improvable,False
pp_nav_00699,petaigan,improvable,improvable,True
pp_nav_00700,pp_nav_00701,improvable,improvable,False
pp_nav_00700,pp_nav_00704,improvable,improvable,False
pp_nav_00700,silkari,improvable,improvable,True
pp_nav_00701,pp_nav_00708,navigable,navigable,False
pp_nav_00701,emuer,navigable,navigable,True
pp_nav_00701,amazar,navigable,navigable,True
pp_nav_00701,enhe_hada,navigable,navigable,True
pp_nav_00701,silkari,navigable,navigable,True
pp_nav_00702,pp_nav_00727,navigable,difficult,False
pp_nav_00702,zhalauly,navigable,difficult,True
pp_nav_00702,zhelezin,navigable,difficult,True
pp_nav_00703,pp_nav_00705,improvable,improvable,False
pp_nav_00703,pp_nav_00708,navigable,navigable,False
pp_nav_00703,emuer,navigable,navigable,True
pp_nav_00703,amazar,navigable,navigable,True
pp_nav_00703,urka,navigable,navigable,True
pp_nav_00704,pp_nav_00711,improvable,improvable,False
pp_nav_00704,silkari,improvable,improvable,True
pp_nav_00705,emuer,improvable,improvable,True
pp_nav_00705,urka,improvable,improvable,True
pp_nav_00706,pp_nav_00729,navigable,navigable,False
pp_nav_00706,swiecie,navigable,navigable,True
pp_nav_00706,chelmno,navigable,navigable,True
pp_nav_00706,bydgoszcz,navigable,navigable,True
pp_nav_00707,pp_nav_00730,navigable,difficult,False
pp_nav_00707,barnaul,navigable,difficult,True
pp_nav_00707,chesnokovka,navigable,difficult,True
pp_nav_00707,kalmanka,navigable,difficult,True
pp_nav_00708,emuer,navigable,navigable,True
pp_nav_00708,amazar,navigable,navigable,True
pp_nav_00709,pp_nav_00734,navigable,navigable,False
pp_nav_00709,dep,navigable,navigable,True
pp_nav_00709,djee,navigable,navigable,True
pp_nav_00709,tygde,navigable,navigable,True
pp_nav_00710,pp_nav_00726,navigable,navigable,False
pp_nav_00710,luneburg,navigable,navigable,True
pp_nav_00710,dannenberg,navigable,navigable,True
pp_nav_00710,lauenburg,navigable,navigable,True
pp_nav_00711,pp_nav_00733,navigable,navigable,False
pp_nav_00711,silkari,navigable,navigable,True
pp_nav_00712,pp_nav_00723,barrier,barrier,False
pp_nav_00712,kamassekuakamat,barrier,barrier,True
pp_nav_00712,winokapau,barrier,barrier,True
pp_nav_00713,pp_nav_00720,improvable,improvable,False
pp_nav_00713,pangu,navigable,navigable,True
pp_nav_00713,yakesa,navigable,navigable,True
pp_nav_00714,pp_nav_00721,improvable,improvable,False
pp_nav_00714,nipissu,navigable,navigable,True
pp_nav_00714,misha_shipu,navigable,navigable,True
pp_nav_00715,pp_nav_00736,barrier,barrier,False
pp_nav_00715,beya,navigable,difficult,True
pp_nav_00715,shushenskoye,navigable,difficult,True
pp_nav_00716,petaigan,improvable,improvable,True
pp_nav_00716,kistapinan,improvable,improvable,True
pp_nav_00717,pp_nav_00742,improvable,improvable,False
pp_nav_00717,nadleht_en,improvable,improvable,True
pp_nav_00718,pp_nav_00735,navigable,navigable,False
pp_nav_00718,solovtsovo,navigable,navigable,True
pp_nav_00718,morkvash,navigable,navigable,True
pp_nav_00718,khvorostyanka,navigable,navigable,True
pp_nav_00718,shigony,navigable,navigable,True
pp_nav_00719,pp_nav_00725,barrier,barrier,False
pp_nav_00719,pp_nav_00728,barrier,barrier,False
pp_nav_00719,nurgan,barrier,barrier,True
pp_nav_00720,pp_nav_00731,improvable,improvable,False
pp_nav_00720,pangu,improvable,improvable,True
pp_nav_00720,yakesa,improvable,improvable,True
pp_nav_00721,pp_nav_00737,improvable,improvable,False
pp_nav_00721,nipissu,improvable,improvable,True
pp_nav_00722,morkvash,navigable,navigable,True
pp_nav_00722,khvorostyanka,navigable,navigable,True
pp_nav_00722,samara,navigable,navigable,True
pp_nav_00723,pp_nav_00737,improvable,improvable,False
pp_nav_00723,nipissu,navigable,navigable,True
pp_nav_00723,winokapau,navigable,navigable,True
pp_nav_00724,pp_nav_00743,navigable,navigable,False
pp_nav_00724,freienwalde,navigable,navigable,True
pp_nav_00724,angermunde,navigable,navigable,True
pp_nav_00724,chojna,navigable,navigable,True
pp_nav_00724,gryfow,navigable,navigable,True
pp_nav_00725,pp_nav_00744,barrier,barrier,False
pp_nav_00725,bulava,barrier,barrier,True
pp_nav_00725,dzhuk,barrier,barrier,True
pp_nav_00725,nurgan,barrier,barrier,True
pp_nav_00726,wittenberge,navigable,navigable,True
pp_nav_00726,osterburg,navigable,navigable,True
pp_nav_00726,luchow,navigable,navigable,True
pp_nav_00726,dannenberg,navigable,navigable,True
pp_nav_00727,pp_nav_00739,navigable,difficult,False
pp_nav_00727,zhalauly,navigable,difficult,True
pp_nav_00727,zhelezin,navigable,difficult,True
pp_nav_00728,amursky_bay,navigable,navigable,False
pp_nav_00728,nurgan,navigable,navigable,True
pp_nav_00729,pp_nav_00738,improvable,improvable,False
pp_nav_00729,torun,navigable,navigable,True
pp_nav_00729,lipno,navigable,navigable,True
pp_nav_00729,chelmno,navigable,navigable,True
pp_nav_00729,inowroclaw,navigable,navigable,True
pp_nav_00729,bydgoszcz,navigable,navigable,True
pp_nav_00730,pp_nav_00751,navigable,difficult,False
pp_nav_00730,kalmanka,navigable,difficult,True
pp_nav_00731,pp_nav_00741,navigable,navigable,False
pp_nav_00731,pangu,navigable,navigable,True
pp_nav_00731,yakesa,navigable,navigable,True
pp_nav_00731,humar,navigable,navigable,True
pp_nav_00732,pp_nav_00746,improvable,improvable,False
pp_nav_00732,cheremkhovo,improvable,improvable,True
pp_nav_00732,osinsky,improvable,improvable,True
pp_nav_00733,kara_shilka,navigable,navigable,True
pp_nav_00733,silkari,navigable,navigable,True
pp_nav_00734,pp_nav_00747,improvable,improvable,False
pp_nav_00734,gromatukha,navigable,navigable,True
pp_nav_00734,dep,navigable,navigable,True
pp_nav_00734,tygde,navigable,navigable,True
pp_nav_00735,sosnovy_ostrov,navigable,navigable,True
pp_nav_00735,pp_nav_00750,navigable,navigable,False
pp_nav_00735,solovtsovo,navigable,navigable,True
pp_nav_00735,dukhovnitskoye,navigable,navigable,True
pp_nav_00735,khvorostyanka,navigable,navigable,True
pp_nav_00736,pp_nav_00745,barrier,barrier,False
pp_nav_00736,beya,barrier,barrier,True
pp_nav_00736,shushenskoye,barrier,barrier,True
pp_nav_00737,nipissu,improvable,improvable,True
pp_nav_00738,pp_nav_00748,improvable,improvable,False
pp_nav_00738,lipno,improvable,improvable,True
pp_nav_00738,wloclawek,improvable,improvable,True
pp_nav_00738,inowroclaw,improvable,improvable,True
pp_nav_00738,dobrzyn,improvable,improvable,True
pp_nav_00738,kowal,improvable,improvable,True
pp_nav_00739,pp_nav_00752,navigable,difficult,False
pp_nav_00739,zhalauly,navigable,difficult,True
pp_nav_00739,imakia,navigable,difficult,True
pp_nav_00739,tuzdysor,navigable,difficult,True
pp_nav_00739,zhelezin,navigable,difficult,True
pp_nav_00740,osterburg,navigable,navigable,True
pp_nav_00740,stendal,navigable,navigable,True
pp_nav_00740,jerichow,navigable,navigable,True
pp_nav_00741,pp_nav_00753,navigable,navigable,False
pp_nav_00741,yakesa,navigable,navigable,True
pp_nav_00741,bir_amur,navigable,navigable,True
pp_nav_00741,humar,navigable,navigable,True
pp_nav_00742,pp_nav_00764,improvable,improvable,False
pp_nav_00742,esk_el,navigable,navigable,True
pp_nav_00742,stswecen_c,navigable,navigable,True
pp_nav_00742,nadleht_en,navigable,navigable,True
pp_nav_00743,lebus,navigable,navigable,True
pp_nav_00743,freienwalde,navigable,navigable,True
pp_nav_00743,chojna,navigable,navigable,True
pp_nav_00744,pp_nav_00759,improvable,improvable,False
pp_nav_00744,bulava,improvable,improvable,True
pp_nav_00744,dzhuk,improvable,improvable,True
pp_nav_00744,bitki,improvable,improvable,True
pp_nav_00745,pp_nav_00749,barrier,barrier,False
pp_nav_00745,shushenskoye,barrier,barrier,True
pp_nav_00746,cheremkhovo,navigable,navigable,True
pp_nav_00746,osinsky,navigable,navigable,True
pp_nav_00746,irkutsk,navigable,navigable,True
pp_nav_00747,pp_nav_00765,improvable,improvable,False
pp_nav_00747,gromatukha,improvable,improvable,True
pp_nav_00747,tygde,improvable,improvable,True
pp_nav_00748,ciechanow,navigable,navigable,True
pp_nav_00748,gostynin,navigable,navigable,True
pp_nav_00748,gabin,navigable,navigable,True
pp_nav_00748,dobrzyn,navigable,navigable,True
pp_nav_00748,kowal,navigable,navigable,True
pp_nav_00748,plock,navigable,navigable,True
pp_nav_00749,pp_nav_00771,barrier,barrier,False
pp_nav_00749,usun,navigable,difficult,True
pp_nav_00749,shushenskoye,navigable,difficult,True
pp_nav_00750,sosnovy_ostrov,navigable,navigable,True
pp_nav_00750,pp_nav_00773,improvable,improvable,False
pp_nav_00750,balakovo,navigable,navigable,True
pp_nav_00750,malykovka,navigable,navigable,True
pp_nav_00750,dukhovnitskoye,navigable,navigable,True
pp_nav_00751,pp_nav_00755,navigable,difficult,False
pp_nav_00751,kalmanka,navigable,difficult,True
pp_nav_00751,smolenskoye,navigable,difficult,True
pp_nav_00752,pp_nav_00776,navigable,difficult,False
pp_nav_00752,imakia,navigable,difficult,True
pp_nav_00752,tuzdysor,navigable,difficult,True
pp_nav_00753,pp_nav_00768,improvable,improvable,False
pp_nav_00753,bir_amur,navigable,navigable,True
pp_nav_00753,humar,navigable,navigable,True
pp_nav_00754,pp_nav_00757,navigable,navigable,False
pp_nav_00754,sochaczew,navigable,navigable,True
pp_nav_00754,zakroczym,navigable,navigable,True
pp_nav_00754,ciechanow,navigable,navigable,True
pp_nav_00754,gabin,navigable,navigable,True
pp_nav_00754,warsaw,navigable,navigable,True
pp_nav_00755,smolenskoye,navigable,difficult,True
pp_nav_00755,biysk,navigable,difficult,True
pp_nav_00756,pp_nav_00778,navigable,navigable,False
pp_nav_00756,magdeburg,navigable,navigable,True
pp_nav_00756,burg,navigable,navigable,True
pp_nav_00756,calbe,navigable,navigable,True
pp_nav_00756,wolmirstedt,navigable,navigable,True
pp_nav_00756,jerichow,navigable,navigable,True
pp_nav_00757,pp_nav_00784,navigable,navigable,False
pp_nav_00757,czersk,navigable,navigable,True
pp_nav_00757,warsaw,navigable,navigable,True
pp_nav_00758,pp_nav_00761,barrier,barrier,False
pp_nav_00758,pp_nav_00762,barrier,barrier,False
pp_nav_00758,caisaboscai,navigable,navigable,True
pp_nav_00758,chistamikap,navigable,navigable,True
pp_nav_00759,pp_nav_00777,improvable,improvable,False
pp_nav_00759,bulava,improvable,improvable,True
pp_nav_00759,pilda,improvable,improvable,True
pp_nav_00759,bitki,improvable,improvable,True
pp_nav_00760,otadaonanis,improvable,improvable,True
pp_nav_00760,kashechewan,improvable,improvable,True
pp_nav_00761,pp_nav_00763,barrier,barrier,False
pp_nav_00761,caisaboscai,barrier,barrier,True
pp_nav_00761,pitchibourenik,barrier,barrier,True
pp_nav_00762,pp_nav_00766,barrier,barrier,False
pp_nav_00762,caisaboscai,barrier,barrier,True
pp_nav_00762,chistamikap,barrier,barrier,True
pp_nav_00763,cape_hope_islands,improvable,improvable,False
pp_nav_00763,pitchibourenik,improvable,improvable,True
pp_nav_00764,pp_nav_00794,improvable,improvable,False
pp_nav_00764,llenllenet_ten,improvable,improvable,True
pp_nav_00764,stswecen_c,improvable,improvable,True
pp_nav_00765,pp_nav_00787,improvable,improvable,False
pp_nav_00765,gromatukha,improvable,improvable,True
pp_nav_00766,chistamikap,navigable,navigable,True
pp_nav_00767,pp_nav_00770,navigable,navigable,False
pp_nav_00767,nasacauso,navigable,navigable,True
pp_nav_00768,pp_nav_00791,improvable,improvable,False
pp_nav_00768,bir_amur,improvable,improvable,True
pp_nav_00768,humar,improvable,improvable,True
pp_nav_00769,pp_nav_00774,navigable,navigable,False
pp_nav_00769,pp_nav_00786,improvable,improvable,False
pp_nav_00769,selenge,navigable,navigable,True
pp_nav_00770,chistamikap,navigable,navigable,True
pp_nav_00770,nasacauso,navigable,navigable,True
pp_nav_00771,pp_nav_00789,barrier,barrier,False
pp_nav_00771,khemchik,barrier,barrier,True
pp_nav_00771,usun,barrier,barrier,True
pp_nav_00772,kashechewan,improvable,improvable,True
pp_nav_00773,pp_nav_00782,improvable,improvable,False
pp_nav_00773,balakovo,improvable,improvable,True
pp_nav_00773,malykovka,improvable,improvable,True
pp_nav_00773,baronsk,improvable,improvable,True
pp_nav_00774,selenge,navigable,navigable,True
pp_nav_00775,pp_nav_00787,improvable,improvable,False
pp_nav_00775,birma,improvable,improvable,True
pp_nav_00775,mamyn,improvable,improvable,True
pp_nav_00775,ulma,improvable,improvable,True
pp_nav_00776,pp_nav_00796,navigable,difficult,False
pp_nav_00776,imakia,navigable,difficult,True
pp_nav_00776,tuzdysor,navigable,difficult,True
pp_nav_00776,karasor,navigable,difficult,True
pp_nav_00776,lebyazhye,navigable,difficult,True
pp_nav_00777,pp_nav_00797,navigable,navigable,False
pp_nav_00777,bulava,navigable,navigable,True
pp_nav_00777,deren,navigable,navigable,True
pp_nav_00777,pilda,navigable,navigable,True
pp_nav_00778,burg,navigable,navigable,True
pp_nav_00778,calbe,navigable,navigable,True
pp_nav_00779,pp_nav_00781,navigable,navigable,False
pp_nav_00779,pp_nav_00785,navigable,navigable,False
pp_nav_00779,amersfoort,navigable,navigable,True
pp_nav_00779,tiel,navigable,navigable,True
pp_nav_00779,dordrecht,navigable,navigable,True
pp_nav_00780,pagashi,navigable,navigable,True
pp_nav_00781,arnhem,navigable,navigable,True
pp_nav_00781,amersfoort,navigable,navigable,True
pp_nav_00781,kleve,navigable,navigable,True
pp_nav_00781,nijmegen,navigable,navigable,True
pp_nav_00781,tiel,navigable,navigable,True
pp_nav_00782,pp_nav_00790,navigable,navigable,False
pp_nav_00782,malykovka,navigable,navigable,True
pp_nav_00782,baronsk,navigable,navigable,True
pp_nav_00782,pokrovsk,navigable,navigable,True
pp_nav_00782,tereshka,navigable,navigable,True
pp_nav_00783,pp_nav_00807,navigable,navigable,False
pp_nav_00783,brahin,navigable,navigable,True
pp_nav_00783,kholmyech,navigable,navigable,True
pp_nav_00783,liubech,navigable,navigable,True
pp_nav_00784,radom,navigable,navigable,True
pp_nav_00784,stezyca,navigable,navigable,True
pp_nav_00784,czersk,navigable,navigable,True
pp_nav_00784,zwolen,navigable,navigable,True
pp_nav_00785,rhine_estuary,navigable,navigable,False
pp_nav_00785,rotterdam,navigable,navigable,True
pp_nav_00785,dordrecht,navigable,navigable,True
pp_nav_00786,pp_nav_00804,improvable,improvable,False
pp_nav_00786,selenge,improvable,improvable,True
pp_nav_00786,sulkhari,improvable,improvable,True
pp_nav_00787,pp_nav_00800,navigable,navigable,False
pp_nav_00787,yor,navigable,navigable,True
pp_nav_00787,gromatukha,navigable,navigable,True
pp_nav_00787,birma,navigable,navigable,True
pp_nav_00787,mamyn,navigable,navigable,True
pp_nav_00788,pp_nav_00798,improvable,improvable,False
pp_nav_00788,abingdon,improvable,improvable,True
pp_nav_00788,oxford,improvable,improvable,True
pp_nav_00788,reading,improvable,improvable,True
pp_nav_00788,henley,improvable,improvable,True
pp_nav_00788,banbury,improvable,improvable,True
pp_nav_00789,pp_nav_00799,barrier,barrier,False
pp_nav_00789,khemchik,barrier,barrier,True
pp_nav_00789,den_terek,barrier,barrier,True
pp_nav_00790,pp_nav_00806,navigable,navigable,False
pp_nav_00790,ukek,navigable,navigable,True
pp_nav_00790,pokrovsk,navigable,navigable,True
pp_nav_00790,tereshka,navigable,navigable,True
pp_nav_00791,kuanhe,improvable,improvable,True
pp_nav_00791,pp_nav_00812,improvable,improvable,False
pp_nav_00791,bir_amur,improvable,improvable,True
pp_nav_00791,humar,improvable,improvable,True
pp_nav_00792,abingdon,improvable,improvable,True
pp_nav_00792,banbury,improvable,improvable,True
pp_nav_00793,pp_nav_00799,improvable,improvable,False
pp_nav_00793,den_terek,improvable,improvable,True
pp_nav_00793,ulug,improvable,improvable,True
pp_nav_00794,pp_nav_00821,barrier,barrier,False
pp_nav_00794,llenllenet_ten,navigable,navigable,True
pp_nav_00794,st_at_imcets,navigable,navigable,True
pp_nav_00795,pp_nav_00814,improvable,improvable,False
pp_nav_00795,wabimeig,improvable,improvable,True
pp_nav_00796,pp_nav_00817,navigable,difficult,False
pp_nav_00796,karasor,navigable,difficult,True
pp_nav_00796,lebyazhye,navigable,difficult,True
pp_nav_00797,pp_nav_00813,navigable,navigable,False
pp_nav_00797,deren,navigable,navigable,True
pp_nav_00798,pp_nav_00802,improvable,improvable,False
pp_nav_00798,woking,improvable,improvable,True
pp_nav_00798,windsor,improvable,improvable,True
pp_nav_00798,reading,improvable,improvable,True
pp_nav_00798,wycombe,improvable,improvable,True
pp_nav_00798,henley,improvable,improvable,True
pp_nav_00798,harrow,improvable,improvable,True
pp_nav_00799,den_terek,improvable,improvable,True
pp_nav_00800,pp_nav_00818,navigable,navigable,False
pp_nav_00800,yor,navigable,navigable,True
pp_nav_00800,birma,navigable,navigable,True
pp_nav_00801,pp_nav_00808,improvable,improvable,False
pp_nav_00801,pp_nav_00810,improvable,improvable,False
pp_nav_00801,kapitukamach,improvable,improvable,True
pp_nav_00802,thames,improvable,improvable,False
pp_nav_00802,woking,improvable,improvable,True
pp_nav_00802,kingston,improvable,improvable,True
pp_nav_00802,harrow,improvable,improvable,True
pp_nav_00802,london,improvable,improvable,True
pp_nav_00803,tchakashapug,improvable,improvable,True
pp_nav_00803,pagashi,improvable,improvable,True
pp_nav_00804,pp_nav_00825,navigable,navigable,False
pp_nav_00804,khimni,navigable,navigable,True
pp_nav_00804,sulkhari,navigable,navigable,True
pp_nav_00805,cape_hope_islands,improvable,improvable,False
pp_nav_00805,pp_nav_00811,improvable,improvable,False
pp_nav_00805,kaipeshimushich,improvable,improvable,True
pp_nav_00805,waskaganish,improvable,improvable,True
pp_nav_00805,nistam,improvable,improvable,True
pp_nav_00806,pp_nav_00829,navigable,navigable,False
pp_nav_00806,ukek,navigable,navigable,True
pp_nav_00806,rovnoye,navigable,navigable,True
pp_nav_00806,pokrovsk,navigable,navigable,True
pp_nav_00806,goly_karamysh,navigable,navigable,True
pp_nav_00807,pp_nav_00819,navigable,navigable,False
pp_nav_00807,pp_nav_00826,navigable,navigable,False
pp_nav_00807,chornobyl,navigable,navigable,True
pp_nav_00807,brahin,navigable,navigable,True
pp_nav_00807,dymer,navigable,navigable,True
pp_nav_00807,lutava,navigable,navigable,True
pp_nav_00807,liubech,navigable,navigable,True
pp_nav_00807,chernihiv,navigable,navigable,True
pp_nav_00808,natastan,improvable,improvable,True
pp_nav_00808,kapitukamach,improvable,improvable,True
pp_nav_00809,pp_nav_00810,navigable,navigable,False
pp_nav_00809,pp_nav_00811,improvable,improvable,False
pp_nav_00809,kamashikamach,navigable,navigable,True
pp_nav_00809,nemasca,navigable,navigable,True
pp_nav_00810,kapitukamach,navigable,navigable,True
pp_nav_00810,nemasca,navigable,navigable,True
pp_nav_00811,kaipeshimushich,improvable,improvable,True
pp_nav_00811,kamashikamach,improvable,improvable,True
pp_nav_00811,nemasca,improvable,improvable,True
pp_nav_00812,kuanhe,navigable,navigable,True
pp_nav_00812,pp_nav_00831,navigable,navigable,False
pp_nav_00812,bir_amur,navigable,navigable,True
pp_nav_00812,aigun,navigable,navigable,True
pp_nav_00813,pp_nav_00824,navigable,navigable,False
pp_nav_00813,uschu,navigable,navigable,True
pp_nav_00813,deren,navigable,navigable,True
pp_nav_00814,pp_nav_00822,improvable,improvable,False
pp_nav_00814,pp_nav_00827,improvable,improvable,False
pp_nav_00814,tchakashapug,improvable,improvable,True
pp_nav_00814,wabimeig,improvable,improvable,True
pp_nav_00815,tchakashapug,improvable,improvable,True
pp_nav_00816,pp_nav_00828,improvable,improvable,False
pp_nav_00816,moosonee,improvable,improvable,True
pp_nav_00816,kagawask,improvable,improvable,True
pp_nav_00817,pp_nav_00833,navigable,difficult,False
pp_nav_00817,karasor,navigable,difficult,True
pp_nav_00817,lebyazhye,navigable,difficult,True
pp_nav_00818,pp_nav_00832,navigable,navigable,False
pp_nav_00818,yor,navigable,navigable,True
pp_nav_00818,birma,navigable,navigable,True
pp_nav_00819,chornobyl,navigable,navigable,True
pp_nav_00820,solingen,navigable,navigable,True
pp_nav_00820,dusseldorf,navigable,navigable,True
pp_nav_00820,cologne,navigable,navigable,True
pp_nav_00820,neuss,navigable,navigable,True
pp_nav_00821,pp_nav_00837,barrier,barrier,False
pp_nav_00821,scw_exmx,barrier,barrier,True
pp_nav_00821,st_at_imcets,barrier,barrier,True
pp_nav_00822,tchakashapug,navigable,navigable,True
pp_nav_00822,wabimeig,navigable,navigable,True
pp_nav_00823,pp_nav_00830,barrier,barrier,False
pp_nav_00823,missicabi,barrier,barrier,True
pp_nav_00823,nottaway,barrier,barrier,True
pp_nav_00824,pp_nav_00834,navigable,navigable,False
pp_nav_00824,uschu,navigable,navigable,True
pp_nav_00825,kyakhta,navigable,navigable,True
pp_nav_00825,khimni,navigable,navigable,True
pp_nav_00825,sulkhari,navigable,navigable,True
pp_nav_00826,kyiv,navigable,navigable,True
pp_nav_00826,pp_nav_00847,navigable,navigable,False
pp_nav_00826,dymer,navigable,navigable,True
pp_nav_00826,lutava,navigable,navigable,True
pp_nav_00826,desnyanskyi_horodok,navigable,navigable,True
pp_nav_00827,tchakashapug,navigable,navigable,True
pp_nav_00827,wabimeig,navigable,navigable,True
pp_nav_00828,kagawask,navigable,navigable,True
pp_nav_00828,kwetabohigan,navigable,navigable,True
pp_nav_00829,pp_nav_00841,navigable,navigable,False
pp_nav_00829,rovnoye,navigable,navigable,True
pp_nav_00829,goly_karamysh,navigable,navigable,True
pp_nav_00830,pp_nav_00842,improvable,improvable,False
pp_nav_00830,nottaway,improvable,improvable,True
pp_nav_00830,soscumica,improvable,improvable,True
pp_nav_00831,pp_nav_00848,improvable,improvable,False
pp_nav_00831,bir_amur,navigable,navigable,True
pp_nav_00831,aigun,navigable,navigable,True
pp_nav_00832,pp_nav_00851,navigable,navigable,False
pp_nav_00832,birma,navigable,navigable,True
pp_nav_00832,bir_amur,navigable,navigable,True
pp_nav_00832,tehcha,navigable,navigable,True
pp_nav_00833,pp_nav_00840,navigable,difficult,False
pp_nav_00833,balyktykol,navigable,difficult,True
pp_nav_00833,lebyazhye,navigable,difficult,True
pp_nav_00834,uschu,navigable,navigable,True
pp_nav_00835,ahrweiler,improvable,improvable,True
pp_nav_00835,pp_nav_00843,improvable,improvable,False
pp_nav_00835,siegburg,improvable,improvable,True
pp_nav_00835,cologne,improvable,improvable,True
pp_nav_00835,wied,improvable,improvable,True
pp_nav_00835,bonn,improvable,improvable,True
pp_nav_00836,pp_nav_00838,improvable,improvable,False
pp_nav_00836,pp_nav_00845,barrier,barrier,False
pp_nav_00836,skitsetsen,navigable,navigable,True
pp_nav_00836,scw_exmx,navigable,navigable,True
pp_nav_00837,pp_nav_00845,barrier,barrier,False
pp_nav_00837,scw_exmx,navigable,navigable,True
pp_nav_00837,nlaka_pamux,navigable,navigable,True
pp_nav_00838,skitsetsen,improvable,improvable,True
pp_nav_00839,pp_nav_00859,improvable,improvable,False
pp_nav_00839,illecillewaet,improvable,improvable,True
pp_nav_00839,snk_mip,improvable,improvable,True
pp_nav_00839,q_espiea,improvable,improvable,True
pp_nav_00840,pp_nav_00844,navigable,difficult,False
pp_nav_00840,balyktykol,navigable,difficult,True
pp_nav_00840,takhir,navigable,difficult,True
pp_nav_00840,lebyazhye,navigable,difficult,True
pp_nav_00841,pp_nav_00857,navigable,navigable,False
pp_nav_00841,kamyshin,navigable,navigable,True
pp_nav_00841,berezhnovka,navigable,navigable,True
pp_nav_00841,rovnoye,navigable,navigable,True
pp_nav_00841,goly_karamysh,navigable,navigable,True
pp_nav_00842,soscumica,navigable,navigable,True
pp_nav_00843,ahrweiler,improvable,improvable,True
pp_nav_00843,pp_nav_00849,improvable,improvable,False
pp_nav_00843,pp_nav_00850,barrier,barrier,False
pp_nav_00843,mayen,improvable,improvable,True
pp_nav_00843,coblenz,improvable,improvable,True
pp_nav_00843,wied,improvable,improvable,True
pp_nav_00844,pp_nav_00852,improvable,improvable,False
pp_nav_00844,takhir,navigable,difficult,True
pp_nav_00844,shemonayevskoye,navigable,difficult,True
pp_nav_00844,lebyazhye,navigable,difficult,True
pp_nav_00845,pp_nav_00861,barrier,barrier,False
pp_nav_00845,scw_exmx,barrier,barrier,True
pp_nav_00845,nlaka_pamux,barrier,barrier,True
pp_nav_00846,pp_nav_00868,improvable,improvable,False
pp_nav_00846,toulnustouc,navigable,navigable,True
pp_nav_00846,capotigamau,navigable,navigable,True
pp_nav_00847,kyiv,navigable,navigable,True
pp_nav_00847,kaharlyk,navigable,navigable,True
pp_nav_00847,pp_nav_00865,navigable,navigable,False
pp_nav_00847,desnyanskyi_horodok,navigable,navigable,True
pp_nav_00848,pp_nav_00851,improvable,improvable,False
pp_nav_00848,pp_nav_00863,improvable,improvable,False
pp_nav_00848,bir_amur,improvable,improvable,True
pp_nav_00848,aigun,improvable,improvable,True
pp_nav_00848,tehcha,improvable,improvable,True
pp_nav_00849,coblenz,improvable,improvable,True
pp_nav_00850,katzenelnbogen,barrier,barrier,True
pp_nav_00850,pp_nav_00867,barrier,barrier,False
pp_nav_00850,mainz,barrier,barrier,True
pp_nav_00850,kreuznach,barrier,barrier,True
pp_nav_00850,simmern,barrier,barrier,True
pp_nav_00850,coblenz,barrier,barrier,True
pp_nav_00851,bir_amur,navigable,navigable,True
pp_nav_00851,tehcha,navigable,navigable,True
pp_nav_00852,pp_nav_00853,improvable,improvable,False
pp_nav_00852,takhir,improvable,improvable,True
pp_nav_00852,shemonayevskoye,improvable,improvable,True
pp_nav_00852,shar,improvable,improvable,True
pp_nav_00853,pp_nav_00858,navigable,difficult,False
pp_nav_00853,shemonayevskoye,navigable,difficult,True
pp_nav_00853,shar,navigable,difficult,True
pp_nav_00853,oskemen,navigable,difficult,True
pp_nav_00854,pp_nav_00855,improvable,improvable,False
pp_nav_00854,pp_nav_00856,improvable,improvable,False
pp_nav_00854,manigotagan,improvable,improvable,True
pp_nav_00854,maskwa,improvable,improvable,True
pp_nav_00854,wabaseemong,improvable,improvable,True
pp_nav_00855,maskwa,improvable,improvable,True
pp_nav_00856,maskwa,navigable,navigable,True
pp_nav_00856,wabaseemong,navigable,navigable,True
pp_nav_00857,pp_nav_00875,navigable,navigable,False
pp_nav_00857,bykovo,navigable,navigable,True
pp_nav_00857,kamyshin,navigable,navigable,True
pp_nav_00857,berezhnovka,navigable,navigable,True
pp_nav_00857,zenzevatka,navigable,navigable,True
pp_nav_00858,pp_nav_00866,improvable,improvable,False
pp_nav_00858,shar,navigable,difficult,True
pp_nav_00858,oskemen,navigable,difficult,True
pp_nav_00859,pp_nav_00874,navigable,difficult,False
pp_nav_00859,snk_mip,navigable,difficult,True
pp_nav_00859,swarakxen,navigable,difficult,True
pp_nav_00859,q_espiea,navigable,difficult,True
pp_nav_00860,pp_nav_00871,improvable,improvable,False
pp_nav_00860,nioman,improvable,improvable,True
pp_nav_00861,sto_lo,navigable,navigable,True
pp_nav_00861,pp_nav_00880,improvable,improvable,False
pp_nav_00861,nlaka_pamux,navigable,navigable,True
pp_nav_00862,pp_nav_00873,navigable,navigable,False
pp_nav_00862,achan,navigable,navigable,True
pp_nav_00863,pp_nav_00878,navigable,navigable,False
pp_nav_00863,aigun,navigable,navigable,True
pp_nav_00863,tehcha,navigable,navigable,True
pp_nav_00864,darmstadt,improvable,improvable,True
pp_nav_00864,pp_nav_00867,barrier,barrier,False
pp_nav_00864,pp_nav_00869,improvable,improvable,False
pp_nav_00864,mainz,improvable,improvable,True
pp_nav_00864,wiesbaden,improvable,improvable,True
pp_nav_00864,kreuznach,improvable,improvable,True
pp_nav_00864,simmern,improvable,improvable,True
pp_nav_00864,oppenheim,improvable,improvable,True
pp_nav_00865,kaharlyk,navigable,navigable,True
pp_nav_00865,pp_nav_00870,navigable,navigable,False
pp_nav_00865,pereiaslav,navigable,navigable,True
pp_nav_00865,kaniv,navigable,navigable,True
pp_nav_00866,pp_nav_00876,improvable,improvable,False
pp_nav_00866,shar,improvable,improvable,True
pp_nav_00866,oskemen,improvable,improvable,True
pp_nav_00866,zyryan,improvable,improvable,True
pp_nav_00867,mainz,barrier,barrier,True
pp_nav_00867,kreuznach,barrier,barrier,True
pp_nav_00868,pp_nav_00890,improvable,improvable,False
pp_nav_00868,toulnustouc,improvable,improvable,True
pp_nav_00869,darmstadt,navigable,navigable,True
pp_nav_00869,oppenheim,navigable,navigable,True
pp_nav_00869,worms,navigable,navigable,True
pp_nav_00870,pp_nav_00877,navigable,navigable,False
pp_nav_00870,pereiaslav,navigable,navigable,True
pp_nav_00870,kaniv,navigable,navigable,True
pp_nav_00870,korsun,navigable,navigable,True
pp_nav_00871,pp_nav_00888,navigable,difficult,False
pp_nav_00871,pp_nav_00891,improvable,improvable,False
pp_nav_00871,nioman,navigable,difficult,True
pp_nav_00872,bensheim,navigable,navigable,True
pp_nav_00872,worms,navigable,navigable,True
pp_nav_00873,pp_nav_00892,navigable,navigable,False
pp_nav_00873,achan,navigable,navigable,True
pp_nav_00874,pp_nav_00885,navigable,difficult,False
pp_nav_00874,ntiltxitk,navigable,difficult,True
pp_nav_00874,swarakxen,navigable,difficult,True
pp_nav_00875,pp_nav_00895,navigable,navigable,False
pp_nav_00875,bykovo,navigable,navigable,True
pp_nav_00875,beljamen,navigable,navigable,True
pp_nav_00875,zenzevatka,navigable,navigable,True
pp_nav_00876,shar,navigable,difficult,True
pp_nav_00876,zyryan,navigable,difficult,True
pp_nav_00877,pp_nav_00893,navigable,navigable,False
pp_nav_00877,zolotonosha,navigable,navigable,True
pp_nav_00877,pereiaslav,navigable,navigable,True
pp_nav_00877,korsun,navigable,navigable,True
pp_nav_00877,cherkasy,navigable,navigable,True
pp_nav_00878,zhanhe,navigable,navigable,True
pp_nav_00878,pp_nav_00882,improvable,improvable,False
pp_nav_00878,xunhe,navigable,navigable,True
pp_nav_00878,aigun,navigable,navigable,True
pp_nav_00878,tehcha,navigable,navigable,True
pp_nav_00879,pp_nav_00885,navigable,difficult,False
pp_nav_00879,ntiltxitk,navigable,navigable,True
pp_nav_00879,akinka_nup,navigable,navigable,True
pp_nav_00880,sto_lo,improvable,improvable,True
pp_nav_00880,pp_nav_00897,improvable,improvable,False
pp_nav_00881,pp_nav_00889,navigable,navigable,False
pp_nav_00881,ust_medveditskaya,navigable,navigable,True
pp_nav_00881,kletskaya,navigable,navigable,True
pp_nav_00881,zimnyatsky,navigable,navigable,True
pp_nav_00882,zhanhe,improvable,improvable,True
pp_nav_00882,pp_nav_00888,improvable,improvable,False
pp_nav_00882,nioman,improvable,improvable,True
pp_nav_00883,pp_nav_00887,improvable,improvable,False
pp_nav_00883,rouen,improvable,improvable,True
pp_nav_00883,pont_audemer,improvable,improvable,True
pp_nav_00883,tancarville,improvable,improvable,True
pp_nav_00884,pp_nav_00889,navigable,navigable,False
pp_nav_00884,pp_nav_00894,navigable,navigable,False
pp_nav_00884,kremenskaya,navigable,navigable,True
pp_nav_00884,ilovlya,navigable,navigable,True
pp_nav_00884,zimnyatsky,navigable,navigable,True
pp_nav_00885,pp_nav_00899,navigable,difficult,False
pp_nav_00885,ntiltxitk,navigable,difficult,True
pp_nav_00886,peribonka,improvable,improvable,True
pp_nav_00886,metabetchouane,improvable,improvable,True
pp_nav_00886,tchitogama,improvable,improvable,True
pp_nav_00887,rouen,navigable,navigable,True
pp_nav_00887,pont_audemer,navigable,navigable,True
pp_nav_00887,louviers,navigable,navigable,True
pp_nav_00888,zhanhe,navigable,navigable,True
pp_nav_00888,nioman,navigable,navigable,True
pp_nav_00889,kletskaya,navigable,navigable,True
pp_nav_00889,kremenskaya,navigable,navigable,True
pp_nav_00889,zimnyatsky,navigable,navigable,True
pp_nav_00890,toulnustouc,improvable,improvable,True
pp_nav_00890,piletisipuk,improvable,improvable,True
pp_nav_00890,saint_lawrence_estuary,improvable,improvable,False
pp_nav_00891,zhanhe,improvable,improvable,True
pp_nav_00891,pp_nav_00903,improvable,improvable,False
pp_nav_00891,arkhara,improvable,improvable,True
pp_nav_00891,jiajin,improvable,improvable,True
pp_nav_00891,nioman,improvable,improvable,True
pp_nav_00892,pp_nav_00906,navigable,navigable,False
pp_nav_00892,nemptu,navigable,navigable,True
pp_nav_00892,achan,navigable,navigable,True
pp_nav_00893,pp_nav_00898,navigable,navigable,False
pp_nav_00893,horoshino,navigable,navigable,True
pp_nav_00893,horodyshche,navigable,navigable,True
pp_nav_00893,cherkasy,navigable,navigable,True
pp_nav_00894,pp_nav_00905,navigable,navigable,False
pp_nav_00894,kremenskaya,navigable,navigable,True
pp_nav_00894,ilovlya,navigable,navigable,True
pp_nav_00894,beljamen,navigable,navigable,True
pp_nav_00894,mechet,navigable,navigable,True
pp_nav_00895,pp_nav_00913,navigable,navigable,False
pp_nav_00895,bykovo,navigable,navigable,True
pp_nav_00895,srednyaya_akhtuba,navigable,navigable,True
pp_nav_00895,beljamen,navigable,navigable,True
pp_nav_00895,mechet,navigable,navigable,True
pp_nav_00896,sto_lo,improvable,improvable,True
pp_nav_00896,pp_nav_00897,improvable,improvable,False
pp_nav_00896,oyster_bay,improvable,improvable,False
pp_nav_00896,nooksack,improvable,improvable,True
pp_nav_00896,whonnock,improvable,improvable,True
pp_nav_00897,sto_lo,improvable,improvable,True
pp_nav_00897,nooksack,improvable,improvable,True
pp_nav_00898,pp_nav_00901,navigable,navigable,False
pp_nav_00898,kremenchuk,navigable,navigable,True
pp_nav_00898,usivka,navigable,navigable,True
pp_nav_00898,horodyshche,navigable,navigable,True
pp_nav_00898,cherkasy,navigable,navigable,True
pp_nav_00899,pp_nav_00904,improvable,improvable,False
pp_nav_00899,pp_nav_00908,navigable,difficult,False
pp_nav_00899,ntiltxitk,navigable,difficult,True
pp_nav_00899,sletewsi,navigable,difficult,True
pp_nav_00900,lichtenberg,navigable,navigable,True
pp_nav_00900,pp_nav_00916,improvable,improvable,False
pp_nav_00900,durlach,navigable,navigable,True
pp_nav_00900,germersheim,navigable,navigable,True
pp_nav_00900,strasbourg,navigable,navigable,True
pp_nav_00900,baden,navigable,navigable,True
pp_nav_00900,offenburg,navigable,navigable,True
pp_nav_00901,pp_nav_00907,navigable,navigable,False
pp_nav_00901,kremenchuk,navigable,navigable,True
pp_nav_00901,usivka,navigable,navigable,True
pp_nav_00902,pp_nav_00912,navigable,navigable,False
pp_nav_00902,myshuryn_rih,navigable,navigable,True
pp_nav_00902,kremenchuk,navigable,navigable,True
pp_nav_00902,usivka,navigable,navigable,True
pp_nav_00902,oril,navigable,navigable,True
pp_nav_00903,pp_nav_00909,navigable,navigable,False
pp_nav_00903,arkhara,navigable,navigable,True
pp_nav_00903,jiajin,navigable,navigable,True
pp_nav_00904,pp_nav_00929,improvable,improvable,False
pp_nav_00904,sletewsi,improvable,improvable,True
pp_nav_00904,kalispel,improvable,improvable,True
pp_nav_00905,pp_nav_00918,navigable,navigable,False
pp_nav_00905,nizhny_chir,navigable,navigable,True
pp_nav_00905,kremenskaya,navigable,navigable,True
pp_nav_00905,mechet,navigable,navigable,True
pp_nav_00906,pp_nav_00914,navigable,navigable,False
pp_nav_00906,nemptu,navigable,navigable,True
pp_nav_00906,boli,navigable,navigable,True
pp_nav_00907,pp_nav_00912,navigable,navigable,False
pp_nav_00907,pp_nav_00917,navigable,navigable,False
pp_nav_00907,pp_nav_00921,navigable,navigable,False
pp_nav_00907,myshuryn_rih,navigable,navigable,True
pp_nav_00907,kremenchuk,navigable,navigable,True
pp_nav_00907,kodak,navigable,navigable,True
pp_nav_00907,usivka,navigable,navigable,True
pp_nav_00907,oril,navigable,navigable,True
pp_nav_00908,pp_nav_00925,improvable,improvable,False
pp_nav_00908,ntiltxitk,navigable,navigable,True
pp_nav_00908,enselxcin,navigable,navigable,True
pp_nav_00909,pp_nav_00924,navigable,navigable,False
pp_nav_00909,arkhara,navigable,navigable,True
pp_nav_00909,jiajin,navigable,navigable,True
pp_nav_00909,sutara,navigable,navigable,True
pp_nav_00910,pp_nav_00919,improvable,improvable,False
pp_nav_00910,pp_nav_00920,improvable,improvable,False
pp_nav_00910,grafenau,improvable,improvable,True
pp_nav_00910,landau,improvable,improvable,True
pp_nav_00910,passau,improvable,improvable,True
pp_nav_00911,srednyaya_akhtuba,barrier,barrier,True
pp_nav_00912,myshuryn_rih,navigable,navigable,True
pp_nav_00912,kodak,navigable,navigable,True
pp_nav_00912,oril,navigable,navigable,True
pp_nav_00913,pp_nav_00926,navigable,navigable,False
pp_nav_00913,srednyaya_akhtuba,navigable,navigable,True
pp_nav_00913,mechet,navigable,navigable,True
pp_nav_00913,sarai_al_jadid,navigable,navigable,True
pp_nav_00914,pp_nav_00915,navigable,navigable,False
pp_nav_00914,pp_nav_00923,navigable,navigable,False
pp_nav_00914,boli,navigable,navigable,True
pp_nav_00915,boli,navigable,navigable,True
pp_nav_00915,urmi,navigable,navigable,True
pp_nav_00916,pp_nav_00943,improvable,improvable,False
pp_nav_00916,strasbourg,improvable,improvable,True
pp_nav_00916,hachberg,improvable,improvable,True
pp_nav_00916,offenburg,improvable,improvable,True
pp_nav_00916,benfeld,improvable,improvable,True
pp_nav_00917,samarchyk,navigable,navigable,True
pp_nav_00917,kodak,navigable,navigable,True
pp_nav_00917,oril,navigable,navigable,True
pp_nav_00918,pp_nav_00942,navigable,navigable,False
pp_nav_00918,nizhny_chir,navigable,navigable,True
pp_nav_00918,aksay,navigable,navigable,True
pp_nav_00918,stepanevka,navigable,navigable,True
pp_nav_00918,tormosin,navigable,navigable,True
pp_nav_00918,mechet,navigable,navigable,True
pp_nav_00919,pp_nav_00922,barrier,barrier,False
pp_nav_00919,linz,improvable,improvable,True
pp_nav_00919,scharding,improvable,improvable,True
pp_nav_00919,landau,improvable,improvable,True
pp_nav_00919,rohrbach,improvable,improvable,True
pp_nav_00919,passau,improvable,improvable,True
pp_nav_00920,pp_nav_00922,barrier,barrier,False
pp_nav_00920,pp_nav_00933,improvable,improvable,False
pp_nav_00920,scharding,navigable,navigable,True
pp_nav_00920,griesbach,navigable,navigable,True
pp_nav_00920,landau,navigable,navigable,True
pp_nav_00920,ried,navigable,navigable,True
pp_nav_00921,rozdory,navigable,navigable,True
pp_nav_00921,pp_nav_00928,navigable,navigable,False
pp_nav_00921,samarchyk,navigable,navigable,True
pp_nav_00921,kodak,navigable,navigable,True
pp_nav_00922,pp_nav_00932,barrier,barrier,False
pp_nav_00922,linz,barrier,barrier,True
pp_nav_00922,scharding,barrier,barrier,True
pp_nav_00922,rohrbach,barrier,barrier,True
pp_nav_00923,pp_nav_00931,navigable,navigable,False
pp_nav_00923,pp_nav_00938,navigable,navigable,False
pp_nav_00923,boli,navigable,navigable,True
pp_nav_00924,bidzhan,navigable,navigable,True
pp_nav_00924,tulguur,navigable,navigable,True
pp_nav_00924,jiajin,navigable,navigable,True
pp_nav_00924,sutara,navigable,navigable,True
pp_nav_00925,pp_nav_00953,improvable,improvable,False
pp_nav_00925,n_pooh_le,improvable,improvable,True
pp_nav_00925,enselxcin,improvable,improvable,True
pp_nav_00925,snt_t_ulix,improvable,improvable,True
pp_nav_00926,pp_nav_00930,navigable,navigable,False
pp_nav_00926,srednyaya_akhtuba,navigable,navigable,True
pp_nav_00926,chyorny_yar,navigable,navigable,True
pp_nav_00926,sarai_al_jadid,navigable,navigable,True
pp_nav_00927,chicoutimi,improvable,improvable,True
pp_nav_00928,rozdory,navigable,navigable,True
pp_nav_00928,pp_nav_00956,navigable,navigable,False
pp_nav_00928,kichkas,navigable,navigable,True
pp_nav_00928,tomakivka,navigable,navigable,True
pp_nav_00928,kodak,navigable,navigable,True
pp_nav_00929,pp_nav_00936,improvable,improvable,False
pp_nav_00929,qlispe,improvable,improvable,True
pp_nav_00929,kalispel,improvable,improvable,True
pp_nav_00930,pp_nav_00952,navigable,navigable,False
pp_nav_00930,bolkhuny,navigable,navigable,True
pp_nav_00930,chyorny_yar,navigable,navigable,True
pp_nav_00931,pp_nav_00939,improvable,improvable,False
pp_nav_00931,boli,navigable,navigable,True
pp_nav_00931,lahasusu,navigable,navigable,True
pp_nav_00932,linz,barrier,barrier,True
pp_nav_00932,wels,barrier,barrier,True
pp_nav_00932,amstetten,barrier,barrier,True
pp_nav_00932,freistadt,barrier,barrier,True
pp_nav_00932,rohrbach,barrier,barrier,True
pp_nav_00933,griesbach,improvable,improvable,True
pp_nav_00933,braunau,improvable,improvable,True
pp_nav_00933,ried,improvable,improvable,True
pp_nav_00934,tadoussac,barrier,barrier,True
pp_nav_00934,outapimiskou,barrier,barrier,True
pp_nav_00935,bolkhuny,navigable,navigable,True
pp_nav_00935,pologoye_zaymishche,navigable,navigable,True
pp_nav_00936,pp_nav_00950,improvable,improvable,False
pp_nav_00936,qlispe,navigable,navigable,True
pp_nav_00936,kalispel,navigable,navigable,True
pp_nav_00937,krems,navigable,navigable,True
pp_nav_00937,scheibbs,navigable,navigable,True
pp_nav_00937,amstetten,navigable,navigable,True
pp_nav_00937,melk,navigable,navigable,True
pp_nav_00938,pp_nav_00963,navigable,navigable,False
pp_nav_00938,boli,navigable,navigable,True
pp_nav_00938,lahasusu,navigable,navigable,True
pp_nav_00938,katen,navigable,navigable,True
pp_nav_00939,pp_nav_00949,improvable,improvable,False
pp_nav_00939,bira,improvable,improvable,True
pp_nav_00939,lahasusu,improvable,improvable,True
pp_nav_00940,kouate,navigable,navigable,True
pp_nav_00940,outapimiskou,navigable,navigable,True
pp_nav_00941,austria_baden,improvable,improvable,True
pp_nav_00941,bruck_leitha,improvable,improvable,True
pp_nav_00941,vienna,improvable,improvable,True
pp_nav_00942,pp_nav_00960,navigable,navigable,False
pp_nav_00942,ust_tsimla,navigable,navigable,True
pp_nav_00942,aksay,navigable,navigable,True
pp_nav_00942,tormosin,navigable,navigable,True
pp_nav_00942,nagavskaya,navigable,navigable,True
pp_nav_00942,dubovskoye,navigable,navigable,True
pp_nav_00943,pp_nav_00971,improvable,improvable,False
pp_nav_00943,mullheim,improvable,improvable,True
pp_nav_00943,ensisheim,improvable,improvable,True
pp_nav_00943,hachberg,improvable,improvable,True
pp_nav_00943,freiburg,improvable,improvable,True
pp_nav_00943,mulhouse,improvable,improvable,True
pp_nav_00943,benfeld,improvable,improvable,True
pp_nav_00944,pp_nav_00948,improvable,improvable,False
pp_nav_00944,pp_nav_00954,improvable,improvable,False
pp_nav_00944,n_pooh_le,improvable,improvable,True
pp_nav_00944,chelan,improvable,improvable,True
pp_nav_00944,stata_ketux,improvable,improvable,True
pp_nav_00945,pp_nav_00947,navigable,navigable,False
pp_nav_00945,pp_nav_00951,navigable,navigable,False
pp_nav_00945,koostaaka,navigable,navigable,True
pp_nav_00945,adixoodagoorahareesh,navigable,navigable,True
pp_nav_00946,pp_nav_00964,improvable,improvable,False
pp_nav_00946,bruck_leitha,improvable,improvable,True
pp_nav_00946,magyarovar,improvable,improvable,True
pp_nav_00946,gyor,improvable,improvable,True
pp_nav_00947,koostaaka,navigable,navigable,True
pp_nav_00947,waahukaahaanu,navigable,navigable,True
pp_nav_00947,adixoodagoorahareesh,navigable,navigable,True
pp_nav_00948,pp_nav_00957,barrier,barrier,False
pp_nav_00948,chelan,improvable,improvable,True
pp_nav_00948,stata_ketux,improvable,improvable,True
pp_nav_00949,pp_nav_00961,navigable,navigable,False
pp_nav_00949,bira,navigable,navigable,True
pp_nav_00949,lahasusu,navigable,navigable,True
pp_nav_00950,pp_nav_00966,improvable,improvable,False
pp_nav_00950,qlispe,improvable,improvable,True
pp_nav_00950,kaniksu,improvable,improvable,True
pp_nav_00951,pp_nav_00967,navigable,navigable,False
pp_nav_00951,maanaagi_iixodagish,navigable,navigable,True
pp_nav_00951,adixoodagoorahareesh,navigable,navigable,True
pp_nav_00951,awatixa,navigable,navigable,True
pp_nav_00952,pp_nav_00972,navigable,navigable,False
pp_nav_00952,bolkhuny,navigable,navigable,True
pp_nav_00952,nikolskoye_pontic,navigable,navigable,True
pp_nav_00952,chyorny_yar,navigable,navigable,True
pp_nav_00953,pp_nav_00954,improvable,improvable,False
pp_nav_00953,n_pooh_le,improvable,improvable,True
pp_nav_00953,scqescilni,improvable,improvable,True
pp_nav_00953,snt_t_ulix,improvable,improvable,True
pp_nav_00954,n_pooh_le,improvable,improvable,True
pp_nav_00955,pp_nav_00981,navigable,navigable,False
pp_nav_00955,hajduszoboszlo,navigable,navigable,True
pp_nav_00955,miskolc,navigable,navigable,True
pp_nav_00955,heves,navigable,navigable,True
pp_nav_00955,karcag,navigable,navigable,True
pp_nav_00955,szabolcs,navigable,navigable,True
pp_nav_00956,pp_nav_00974,navigable,navigable,False
pp_nav_00956,pp_nav_00979,navigable,navigable,False
pp_nav_00956,kichkas,navigable,navigable,True
pp_nav_00956,tomakivka,navigable,navigable,True
pp_nav_00956,konski_vody,navigable,navigable,True
pp_nav_00956,kuchugur,navigable,navigable,True
pp_nav_00957,pp_nav_00980,barrier,barrier,False
pp_nav_00957,pp_nav_00984,barrier,barrier,False
pp_nav_00957,wenatchi,barrier,barrier,True
pp_nav_00957,chelan,barrier,barrier,True
pp_nav_00957,stata_ketux,barrier,barrier,True
pp_nav_00958,pp_nav_00959,improvable,improvable,False
pp_nav_00958,pp_nav_00965,improvable,improvable,False
pp_nav_00958,pp_nav_00969,improvable,improvable,False
pp_nav_00958,buda,improvable,improvable,True
pp_nav_00958,esztergom,improvable,improvable,True
pp_nav_00958,pest,improvable,improvable,True
pp_nav_00958,hont,improvable,improvable,True
pp_nav_00958,nograd,improvable,improvable,True
pp_nav_00959,hont,improvable,improvable,True
pp_nav_00959,nograd,improvable,improvable,True
pp_nav_00960,pp_nav_00968,navigable,navigable,False
pp_nav_00960,ust_tsimla,navigable,navigable,True
pp_nav_00960,dubovskoye,navigable,navigable,True
pp_nav_00961,tulguur,navigable,navigable,True
pp_nav_00961,bira,navigable,navigable,True
pp_nav_00961,lahasusu,navigable,navigable,True
pp_nav_00962,bidzhan,navigable,navigable,True
pp_nav_00962,tulguur,navigable,navigable,True
pp_nav_00963,alchan,navigable,navigable,True
pp_nav_00963,pp_nav_00989,navigable,navigable,False
pp_nav_00963,lahasusu,navigable,navigable,True
pp_nav_00963,katen,navigable,navigable,True
pp_nav_00964,pp_nav_00965,navigable,navigable,False
pp_nav_00964,tata,navigable,navigable,True
pp_nav_00964,gyor,navigable,navigable,True
pp_nav_00965,tata,navigable,navigable,True
pp_nav_00965,esztergom,navigable,navigable,True
pp_nav_00966,pp_nav_00985,navigable,navigable,False
pp_nav_00966,qlispe,navigable,navigable,True
pp_nav_00966,saleesh,navigable,navigable,True
pp_nav_00967,pp_nav_00978,navigable,navigable,False
pp_nav_00967,awatixa,navigable,navigable,True
pp_nav_00968,pp_nav_00976,navigable,navigable,False
pp_nav_00968,ust_tsimla,navigable,navigable,True
pp_nav_00968,bol_shaya_martynovka,navigable,navigable,True
pp_nav_00968,dubovskoye,navigable,navigable,True
pp_nav_00969,pp_nav_01001,improvable,improvable,False
pp_nav_00969,fehervar,improvable,improvable,True
pp_nav_00969,buda,improvable,improvable,True
pp_nav_00969,abrahamtelke,improvable,improvable,True
pp_nav_00969,pest,improvable,improvable,True
pp_nav_00969,adony,improvable,improvable,True
pp_nav_00970,pp_nav_00995,navigable,navigable,False
pp_nav_00970,tulguur,navigable,navigable,True
pp_nav_00970,lahasusu,navigable,navigable,True
pp_nav_00970,futi,navigable,navigable,True
pp_nav_00971,pp_nav_00973,barrier,barrier,False
pp_nav_00971,mullheim,improvable,improvable,True
pp_nav_00971,basel,improvable,improvable,True
pp_nav_00971,ferrette,improvable,improvable,True
pp_nav_00971,aarau,improvable,improvable,True
pp_nav_00971,solothurn,improvable,improvable,True
pp_nav_00971,mulhouse,improvable,improvable,True
pp_nav_00972,pp_nav_00994,navigable,navigable,False
pp_nav_00972,yenotayevka,navigable,navigable,True
pp_nav_00972,rechnoye,navigable,navigable,True
pp_nav_00972,mikhaylovka_pontic,navigable,navigable,True
pp_nav_00972,nikolskoye_pontic,navigable,navigable,True
pp_nav_00973,aarau,barrier,barrier,True
pp_nav_00973,baden_im_aargau,barrier,barrier,True
pp_nav_00973,waldshut,barrier,barrier,True
pp_nav_00974,tomakivka,navigable,navigable,True
pp_nav_00974,mykytyn_rih,navigable,navigable,True
pp_nav_00974,kuchugur,navigable,navigable,True
pp_nav_00975,pp_nav_00976,navigable,navigable,False
pp_nav_00975,pp_nav_00982,improvable,improvable,False
pp_nav_00975,bol_shaya_martynovka,navigable,navigable,True
pp_nav_00975,semikarakorsk,navigable,navigable,True
pp_nav_00976,bol_shaya_martynovka,navigable,navigable,True
pp_nav_00976,semikarakorsk,navigable,navigable,True
pp_nav_00977,yenotayevka,navigable,navigable,True
pp_nav_00977,rechnoye,navigable,navigable,True
pp_nav_00977,mikhaylovka_pontic,navigable,navigable,True
pp_nav_00978,pp_nav_00991,navigable,navigable,False
pp_nav_00978,amahami,navigable,navigable,True
pp_nav_00978,awatixa,navigable,navigable,True
pp_nav_00979,pp_nav_00983,navigable,navigable,False
pp_nav_00979,velyka_lepetykha,navigable,navigable,True
pp_nav_00979,mykytyn_rih,navigable,navigable,True
pp_nav_00979,kuchugur,navigable,navigable,True
pp_nav_00980,pp_nav_01003,barrier,barrier,False
pp_nav_00980,wenatchi,barrier,barrier,True
pp_nav_00980,wanapum,barrier,barrier,True
pp_nav_00981,pp_nav_00997,navigable,navigable,False
pp_nav_00981,heves,navigable,navigable,True
pp_nav_00981,karcag,navigable,navigable,True
pp_nav_00981,szolnok,navigable,navigable,True
pp_nav_00982,pp_nav_00996,improvable,improvable,False
pp_nav_00982,shakhty,improvable,improvable,True
pp_nav_00982,bagayevskaya,improvable,improvable,True
pp_nav_00982,azok,improvable,improvable,True
pp_nav_00982,tana,improvable,improvable,True
pp_nav_00982,semikarakorsk,improvable,improvable,True
pp_nav_00983,pp_nav_01005,navigable,navigable,False
pp_nav_00983,velyka_oleksandrivka,navigable,navigable,True
pp_nav_00983,rohat_kermen,navigable,navigable,True
pp_nav_00983,velyka_lepetykha,navigable,navigable,True
pp_nav_00983,tavan,navigable,navigable,True
pp_nav_00984,pp_nav_01004,barrier,barrier,False
pp_nav_00984,nkee_us,barrier,barrier,True
pp_nav_00984,wenatchi,barrier,barrier,True
pp_nav_00984,wanapum,barrier,barrier,True
pp_nav_00984,stata_ketux,barrier,barrier,True
pp_nav_00985,saleesh,navigable,navigable,True
pp_nav_00986,beaupreau,navigable,navigable,True
pp_nav_00986,pp_nav_00988,navigable,navigable,False
pp_nav_00986,pp_nav_00990,navigable,navigable,False
pp_nav_00986,angers,navigable,navigable,True
pp_nav_00986,passavant,navigable,navigable,True
pp_nav_00986,chateaubriant,navigable,navigable,True
pp_nav_00987,pp_nav_01011,barrier,barrier,False
pp_nav_00987,shawinigan,barrier,barrier,True
pp_nav_00987,matawin,barrier,barrier,True
pp_nav_00987,wayagamac,barrier,barrier,True
pp_nav_00988,pp_nav_00993,barrier,barrier,False
pp_nav_00988,chinon,navigable,navigable,True
pp_nav_00988,angers,navigable,navigable,True
pp_nav_00988,saumur,navigable,navigable,True
pp_nav_00988,passavant,navigable,navigable,True
pp_nav_00988,loudun,navigable,navigable,True
pp_nav_00989,alchan,navigable,navigable,True
pp_nav_00989,pp_nav_01006,navigable,navigable,False
pp_nav_00989,nuoluo,navigable,navigable,True
pp_nav_00990,beaupreau,navigable,navigable,True
pp_nav_00990,pp_nav_00992,navigable,navigable,False
pp_nav_00990,nantes,navigable,navigable,True
pp_nav_00990,passavant,navigable,navigable,True
pp_nav_00990,chateaubriant,navigable,navigable,True
pp_nav_00991,pp_nav_00998,navigable,navigable,False
pp_nav_00991,pp_nav_00999,navigable,navigable,False
pp_nav_00991,ruhptare,navigable,navigable,True
pp_nav_00991,manatara,navigable,navigable,True
pp_nav_00991,amahami,navigable,navigable,True
pp_nav_00991,matootonha,navigable,navigable,True
pp_nav_00992,quiberon_bay,navigable,navigable,False
pp_nav_00992,machecoul,navigable,navigable,True
pp_nav_00992,nantes,navigable,navigable,True
pp_nav_00993,chinon,barrier,barrier,True
pp_nav_00994,pp_nav_01007,navigable,navigable,False
pp_nav_00994,yenotayevka,navigable,navigable,True
pp_nav_00994,rechnoye,navigable,navigable,True
pp_nav_00995,pp_nav_01000,navigable,navigable,False
pp_nav_00995,futi,navigable,navigable,True
pp_nav_00996,taganrog_gulf,improvable,improvable,False
pp_nav_00996,azok,improvable,improvable,True
pp_nav_00996,tana,improvable,improvable,True
pp_nav_00997,pp_nav_01012,navigable,navigable,False
pp_nav_00997,heves,navigable,navigable,True
pp_nav_00997,szeged,navigable,navigable,True
pp_nav_00997,szolnok,navigable,navigable,True
pp_nav_00998,pp_nav_01018,navigable,navigable,False
pp_nav_00998,matootonha,navigable,navigable,True
pp_nav_00999,pp_nav_01016,improvable,improvable,False
pp_nav_00999,ruhptare,navigable,navigable,True
pp_nav_00999,matootonha,navigable,navigable,True
pp_nav_01000,wehe,navigable,navigable,True
pp_nav_01000,futi,navigable,navigable,True
pp_nav_01001,pp_nav_01021,navigable,navigable,False
pp_nav_01001,solt,navigable,navigable,True
pp_nav_01001,abrahamtelke,navigable,navigable,True
pp_nav_01001,tolna,navigable,navigable,True
pp_nav_01001,kalocsa,navigable,navigable,True
pp_nav_01001,adony,navigable,navigable,True
pp_nav_01002,pp_nav_01019,barrier,barrier,False
pp_nav_01002,opimika,barrier,barrier,True
pp_nav_01002,matabichuan,barrier,barrier,True
pp_nav_01003,pp_nav_01015,barrier,barrier,False
pp_nav_01003,wanapum,barrier,barrier,True
pp_nav_01003,mamachatpam,barrier,barrier,True
pp_nav_01004,nkee_us,barrier,barrier,True
pp_nav_01004,wanapum,barrier,barrier,True
pp_nav_01005,pp_nav_01014,improvable,improvable,False
pp_nav_01005,rohat_kermen,navigable,navigable,True
pp_nav_01005,aslan_horod,navigable,navigable,True
pp_nav_01005,tavan,navigable,navigable,True
pp_nav_01006,alchan,navigable,navigable,True
pp_nav_01006,pp_nav_01029,navigable,navigable,False
pp_nav_01006,nuoluo,navigable,navigable,True
pp_nav_01006,hulin,navigable,navigable,True
pp_nav_01007,zamyany,navigable,navigable,True
pp_nav_01007,pp_nav_01025,navigable,navigable,False
pp_nav_01007,yenotayevka,navigable,navigable,True
pp_nav_01007,khosheutovo,navigable,navigable,True
pp_nav_01008,talaha,navigable,navigable,True
pp_nav_01008,pp_nav_01026,navigable,navigable,False
pp_nav_01008,taizhou_jurchen,navigable,navigable,True
pp_nav_01009,mattawa,navigable,navigable,True
pp_nav_01009,pp_nav_01030,navigable,navigable,False
pp_nav_01009,opimika,navigable,navigable,True
pp_nav_01009,kippawa,navigable,navigable,True
pp_nav_01010,pp_nav_01020,improvable,improvable,False
pp_nav_01010,andawaohie,improvable,improvable,True
pp_nav_01010,mouth_of_saint_lawrence,improvable,improvable,False
pp_nav_01010,wachilmezi,improvable,improvable,True
pp_nav_01010,stadacona,improvable,improvable,True
pp_nav_01010,kikonteku,improvable,improvable,True
pp_nav_01011,yamachiche,barrier,barrier,True
pp_nav_01011,shawinigan,barrier,barrier,True
pp_nav_01012,pp_nav_01034,navigable,navigable,False
pp_nav_01012,szeged,navigable,navigable,True
pp_nav_01012,mako,navigable,navigable,True
pp_nav_01013,pp_nav_01037,improvable,improvable,False
pp_nav_01013,negoot,improvable,improvable,True
pp_nav_01013,aroostook,improvable,improvable,True
pp_nav_01013,becaguimec,improvable,improvable,True
pp_nav_01014,pp_nav_01024,improvable,improvable,False
pp_nav_01014,ordu_bazar,improvable,improvable,True
pp_nav_01014,oleshia,improvable,improvable,True
pp_nav_01014,aslan_horod,improvable,improvable,True
pp_nav_01015,pp_nav_01031,improvable,improvable,False
pp_nav_01015,wanapum,improvable,improvable,True
pp_nav_01015,mamachatpam,improvable,improvable,True
pp_nav_01016,pp_nav_01040,improvable,improvable,False
pp_nav_01016,ruhptare,improvable,improvable,True
pp_nav_01016,matootonha,improvable,improvable,True
pp_nav_01017,pp_nav_01022,barrier,barrier,False
pp_nav_01017,pp_nav_01023,barrier,barrier,False
pp_nav_01017,alpo_wa,barrier,barrier,True
pp_nav_01017,pa_lus_sa,barrier,barrier,True
pp_nav_01018,pp_nav_01039,navigable,navigable,False
pp_nav_01018,matootonha,navigable,navigable,True
pp_nav_01019,mattawa,improvable,improvable,True
pp_nav_01019,pp_nav_01035,improvable,improvable,False
pp_nav_01019,opimika,improvable,improvable,True
pp_nav_01020,andawaohie,navigable,navigable,True
pp_nav_01020,wachilmezi,navigable,navigable,True
pp_nav_01020,ekwentondie,navigable,navigable,True
pp_nav_01020,wolinak,navigable,navigable,True
pp_nav_01021,pp_nav_01045,navigable,navigable,False
pp_nav_01021,mohacs,navigable,navigable,True
pp_nav_01021,baja_hungary,navigable,navigable,True
pp_nav_01021,tolna,navigable,navigable,True
pp_nav_01021,bodrog,navigable,navigable,True
pp_nav_01021,kalocsa,navigable,navigable,True
pp_nav_01022,pp_nav_01032,improvable,improvable,False
pp_nav_01022,alpo_wa,improvable,improvable,True
pp_nav_01023,pp_nav_01043,barrier,barrier,False
pp_nav_01023,pa_lus_sa,barrier,barrier,True
pp_nav_01023,hinsepu,barrier,barrier,True
pp_nav_01024,dnieper_bug_estuary,navigable,navigable,False
pp_nav_01024,ordu_bazar,navigable,navigable,True
pp_nav_01024,oleshia,navigable,navigable,True
pp_nav_01025,zamyany,navigable,navigable,True
pp_nav_01025,pp_nav_01044,navigable,navigable,False
pp_nav_01025,krasny_yar,navigable,navigable,True
pp_nav_01025,khosheutovo,navigable,navigable,True
pp_nav_01025,astrakhan,navigable,navigable,True
pp_nav_01026,talaha,navigable,navigable,True
pp_nav_01026,taizhou_jurchen,navigable,navigable,True
pp_nav_01026,hurle,navigable,navigable,True
pp_nav_01027,whitefish_bay,navigable,navigable,False
pp_nav_01027,mackinac,navigable,navigable,True
pp_nav_01028,whitefish_bay,navigable,navigable,False
pp_nav_01028,manitoulin_channel,navigable,navigable,False
pp_nav_01028,mackinac,navigable,navigable,True
pp_nav_01029,alchan,navigable,navigable,True
pp_nav_01029,pp_nav_01048,navigable,navigable,False
pp_nav_01029,hulin,navigable,navigable,True
pp_nav_01029,yiman,navigable,navigable,True
pp_nav_01030,mattawa,navigable,navigable,True
pp_nav_01030,pp_nav_01036,barrier,barrier,False
pp_nav_01030,kippawa,navigable,navigable,True
pp_nav_01030,maganasipi,navigable,navigable,True
pp_nav_01030,petawawa,navigable,navigable,True
pp_nav_01031,waluulapam,improvable,improvable,True
pp_nav_01031,pp_nav_01032,improvable,improvable,False
pp_nav_01031,pp_nav_01046,improvable,improvable,False
pp_nav_01031,alpo_wa,improvable,improvable,True
pp_nav_01031,mamachatpam,improvable,improvable,True
pp_nav_01032,waluulapam,improvable,improvable,True
pp_nav_01032,alpo_wa,improvable,improvable,True
pp_nav_01033,pp_nav_01054,navigable,navigable,False
pp_nav_01033,chalin,navigable,navigable,True
pp_nav_01033,ilan_hala,navigable,navigable,True
pp_nav_01033,wehe,navigable,navigable,True
pp_nav_01034,kikinda,navigable,navigable,True
pp_nav_01034,zenta,navigable,navigable,True
pp_nav_01034,szeged,navigable,navigable,True
pp_nav_01034,mako,navigable,navigable,True
pp_nav_01035,mattawa,navigable,navigable,True
pp_nav_01035,pp_nav_01042,navigable,navigable,False
pp_nav_01035,petawawa,navigable,navigable,True
pp_nav_01036,pp_nav_01047,barrier,barrier,False
pp_nav_01036,nichabau,barrier,barrier,True
pp_nav_01036,maganasipi,barrier,barrier,True
pp_nav_01036,petawawa,barrier,barrier,True
pp_nav_01037,meductic,navigable,navigable,True
pp_nav_01037,pokiok,navigable,navigable,True
pp_nav_01037,becaguimec,navigable,navigable,True
pp_nav_01038,pp_nav_01051,improvable,improvable,False
pp_nav_01038,chinook_bay,improvable,improvable,False
pp_nav_01038,chinook,improvable,improvable,True
pp_nav_01038,tillamook,improvable,improvable,True
pp_nav_01038,multnomah,improvable,improvable,True
pp_nav_01039,pp_nav_01064,navigable,navigable,False
pp_nav_01039,marapa,navigable,navigable,True
pp_nav_01039,matootonha,navigable,navigable,True
pp_nav_01040,pocasse,navigable,navigable,True
pp_nav_01040,marapa,navigable,navigable,True
pp_nav_01040,matootonha,navigable,navigable,True
pp_nav_01041,manitoulin_channel,navigable,navigable,False
pp_nav_01041,northern_lake_huron,navigable,navigable,False
pp_nav_01041,mackinac,navigable,navigable,True
pp_nav_01042,pp_nav_01059,navigable,navigable,False
pp_nav_01042,petawawa,navigable,navigable,True
pp_nav_01043,pp_nav_01061,barrier,barrier,False
pp_nav_01043,wallowa,barrier,barrier,True
pp_nav_01043,hinsepu,barrier,barrier,True
pp_nav_01044,zamyany,navigable,navigable,True
pp_nav_01044,ikryanoye,navigable,navigable,True
pp_nav_01044,caspian_sea15,navigable,navigable,False
pp_nav_01044,astrakhan,navigable,navigable,True
pp_nav_01045,pp_nav_01067,navigable,navigable,False
pp_nav_01045,mohacs,navigable,navigable,True
pp_nav_01045,bacs,navigable,navigable,True
pp_nav_01045,bodrog,navigable,navigable,True
pp_nav_01046,waluulapam,navigable,navigable,True
pp_nav_01046,pp_nav_01056,navigable,navigable,False
pp_nav_01046,mamachatpam,navigable,navigable,True
pp_nav_01046,umatilla,navigable,navigable,True
pp_nav_01047,nichabau,navigable,navigable,True
pp_nav_01047,petawawa,navigable,navigable,True
pp_nav_01048,hulin,navigable,navigable,True
pp_nav_01048,yiman,navigable,navigable,True
pp_nav_01049,bayan_susu,navigable,navigable,True
pp_nav_01049,pp_nav_01050,navigable,navigable,False
pp_nav_01049,pp_nav_01060,navigable,navigable,False
pp_nav_01049,hulawen,navigable,navigable,True
pp_nav_01049,shangjing,navigable,navigable,True
pp_nav_01050,bayan_susu,navigable,navigable,True
pp_nav_01050,pp_nav_01053,navigable,navigable,False
pp_nav_01050,shangjing,navigable,navigable,True
pp_nav_01051,pp_nav_01072,barrier,barrier,False
pp_nav_01051,pp_nav_01081,barrier,barrier,False
pp_nav_01051,multnomah,navigable,navigable,True
pp_nav_01051,watlala,navigable,navigable,True
pp_nav_01052,nashwaak,navigable,navigable,True
pp_nav_01052,pokiok,navigable,navigable,True
pp_nav_01052,oromocto,navigable,navigable,True
pp_nav_01053,pp_nav_01054,navigable,navigable,False
pp_nav_01053,chalin,navigable,navigable,True
pp_nav_01053,ilan_hala,navigable,navigable,True
pp_nav_01053,shangjing,navigable,navigable,True
pp_nav_01054,chalin,navigable,navigable,True
pp_nav_01054,ilan_hala,navigable,navigable,True
pp_nav_01055,pp_nav_01074,improvable,improvable,False
pp_nav_01055,riverie,improvable,improvable,True
pp_nav_01055,vienne,improvable,improvable,True
pp_nav_01055,villars,improvable,improvable,True
pp_nav_01055,lyon,improvable,improvable,True
pp_nav_01055,la_tour_du_pin,improvable,improvable,True
pp_nav_01056,pp_nav_01062,navigable,navigable,False
pp_nav_01056,takspaslama,navigable,navigable,True
pp_nav_01056,umatilla,navigable,navigable,True
pp_nav_01057,pp_nav_01059,navigable,navigable,False
pp_nav_01057,pp_nav_01066,improvable,improvable,False
pp_nav_01057,nichabau,navigable,navigable,True
pp_nav_01057,kinozhesipi,navigable,navigable,True
pp_nav_01057,quyon,navigable,navigable,True
pp_nav_01057,petawawa,navigable,navigable,True
pp_nav_01058,pp_nav_01075,improvable,improvable,False
pp_nav_01058,otnabog,navigable,navigable,True
pp_nav_01058,menahkwesk,navigable,navigable,True
pp_nav_01058,pokiok,navigable,navigable,True
pp_nav_01058,oromocto,navigable,navigable,True
pp_nav_01059,petawawa,navigable,navigable,True
pp_nav_01060,pp_nav_01070,navigable,navigable,False
pp_nav_01060,hulawen,navigable,navigable,True
pp_nav_01061,pp_nav_01088,barrier,barrier,False
pp_nav_01061,wallowa,improvable,improvable,True
pp_nav_01061,kamiahpu,improvable,improvable,True
pp_nav_01062,pp_nav_01068,improvable,improvable,False
pp_nav_01062,wishram,navigable,navigable,True
pp_nav_01062,takspaslama,navigable,navigable,True
pp_nav_01062,tayxlama,navigable,navigable,True
pp_nav_01063,mohacs,navigable,navigable,True
pp_nav_01063,siklos,navigable,navigable,True
pp_nav_01063,osijek,navigable,navigable,True
pp_nav_01064,pp_nav_01089,navigable,navigable,False
pp_nav_01064,cerwecerna,navigable,navigable,True
pp_nav_01064,pocasse,navigable,navigable,True
pp_nav_01064,marapa,navigable,navigable,True
pp_nav_01065,pp_nav_01068,improvable,improvable,False
pp_nav_01065,pp_nav_01072,barrier,barrier,False
pp_nav_01065,wishram,improvable,improvable,True
pp_nav_01065,watlala,improvable,improvable,True
pp_nav_01066,pp_nav_01082,improvable,improvable,False
pp_nav_01066,kinozhesipi,improvable,improvable,True
pp_nav_01066,quyon,improvable,improvable,True
pp_nav_01066,matoueska,improvable,improvable,True
pp_nav_01066,kitchissippi,improvable,improvable,True
pp_nav_01066,maizinaazibi,improvable,improvable,True
pp_nav_01067,pp_nav_01078,navigable,navigable,False
pp_nav_01067,vukovar,navigable,navigable,True
pp_nav_01067,mohacs,navigable,navigable,True
pp_nav_01067,bacs,navigable,navigable,True
pp_nav_01067,osijek,navigable,navigable,True
pp_nav_01068,wishram,improvable,improvable,True
pp_nav_01069,menahkwesk,barrier,barrier,True
pp_nav_01070,pp_nav_01080,navigable,navigable,False
pp_nav_01070,boduna,navigable,navigable,True
pp_nav_01070,hulawen,navigable,navigable,True
pp_nav_01071,pp_nav_01077,barrier,barrier,False
pp_nav_01071,kitchissippi,barrier,barrier,True
pp_nav_01071,weskarini,barrier,barrier,True
pp_nav_01071,okaisipi,barrier,barrier,True
pp_nav_01071,onontchataronon,barrier,barrier,True
pp_nav_01072,watlala,barrier,barrier,True
pp_nav_01073,talaha,navigable,navigable,True
pp_nav_01073,pp_nav_01080,navigable,navigable,False
pp_nav_01073,pp_nav_01085,navigable,navigable,False
pp_nav_01073,boduna,navigable,navigable,True
pp_nav_01073,huolin,navigable,navigable,True
pp_nav_01073,zhaozhou_jurchen,navigable,navigable,True
pp_nav_01074,pp_nav_01104,barrier,barrier,False
pp_nav_01074,romans,navigable,navigable,True
pp_nav_01074,tournon,navigable,navigable,True
pp_nav_01074,riverie,navigable,navigable,True
pp_nav_01074,vienne,navigable,navigable,True
pp_nav_01074,saint_etienne,navigable,navigable,True
pp_nav_01075,bay_of_fundy,improvable,improvable,False
pp_nav_01075,menahkwesk,improvable,improvable,True
pp_nav_01076,pp_nav_01102,navigable,navigable,False
pp_nav_01076,titel,navigable,navigable,True
pp_nav_01076,modos,navigable,navigable,True
pp_nav_01076,petrovaradin,navigable,navigable,True
pp_nav_01076,pancevo,navigable,navigable,True
pp_nav_01076,veliky_beckerek,navigable,navigable,True
pp_nav_01077,pp_nav_01082,improvable,improvable,False
pp_nav_01077,kitchissippi,improvable,improvable,True
pp_nav_01077,okaisipi,improvable,improvable,True
pp_nav_01077,nagatinong,improvable,improvable,True
pp_nav_01078,pp_nav_01092,navigable,navigable,False
pp_nav_01078,vukovar,navigable,navigable,True
pp_nav_01078,bacs,navigable,navigable,True
pp_nav_01078,ilok,navigable,navigable,True
pp_nav_01079,north_danube_delta,navigable,navigable,False
pp_nav_01079,ismail,navigable,navigable,True
pp_nav_01079,chilia,navigable,navigable,True
pp_nav_01079,tulcea,navigable,navigable,True
pp_nav_01080,boduna,navigable,navigable,True
pp_nav_01080,zhaozhou_jurchen,navigable,navigable,True
pp_nav_01081,pp_nav_01095,barrier,barrier,False
pp_nav_01081,atfalati,barrier,barrier,True
pp_nav_01081,multnomah,barrier,barrier,True
pp_nav_01081,watlala,barrier,barrier,True
pp_nav_01082,kitchissippi,navigable,navigable,True
pp_nav_01083,pp_nav_01087,navigable,navigable,False
pp_nav_01083,pp_nav_01091,navigable,navigable,False
pp_nav_01083,braila,navigable,navigable,True
pp_nav_01083,isaccea,navigable,navigable,True
pp_nav_01083,galati,navigable,navigable,True
pp_nav_01083,reni,navigable,navigable,True
pp_nav_01084,pp_nav_01087,navigable,navigable,False
pp_nav_01084,ismail,navigable,navigable,True
pp_nav_01084,tulcea,navigable,navigable,True
pp_nav_01085,pp_nav_01111,navigable,navigable,False
pp_nav_01085,boduna,navigable,navigable,True
pp_nav_01086,pp_nav_01090,navigable,navigable,False
pp_nav_01086,pp_nav_01096,navigable,navigable,False
pp_nav_01086,pp_nav_01100,navigable,navigable,False
pp_nav_01086,pakrac,navigable,navigable,True
pp_nav_01086,dubica,navigable,navigable,True
pp_nav_01086,pozega,navigable,navigable,True
pp_nav_01086,gradiski_brod,navigable,navigable,True
pp_nav_01087,ismail,navigable,navigable,True
pp_nav_01087,isaccea,navigable,navigable,True
pp_nav_01087,tulcea,navigable,navigable,True
pp_nav_01087,reni,navigable,navigable,True
pp_nav_01088,pp_nav_01118,barrier,barrier,False
pp_nav_01088,wallowa,barrier,barrier,True
pp_nav_01088,kamiahpu,barrier,barrier,True
pp_nav_01089,pp_nav_01116,navigable,navigable,False
pp_nav_01089,cerwecerna,navigable,navigable,True
pp_nav_01089,okobojo,navigable,navigable,True
pp_nav_01090,dubica,navigable,navigable,True
pp_nav_01090,gradiski_brod,navigable,navigable,True
pp_nav_01091,pp_nav_01122,navigable,navigable,False
pp_nav_01091,harsova,navigable,navigable,True
pp_nav_01091,braila,navigable,navigable,True
pp_nav_01091,orasul_de_floci,navigable,navigable,True
pp_nav_01091,viziru,navigable,navigable,True
pp_nav_01092,petrovaradin,navigable,navigable,True
pp_nav_01092,sremska_mitrovica,navigable,navigable,True
pp_nav_01092,ilok,navigable,navigable,True
pp_nav_01093,enisala,navigable,navigable,True
pp_nav_01093,tulcea,navigable,navigable,True
pp_nav_01094,north_danube_delta,navigable,navigable,False
pp_nav_01094,tulcea,navigable,navigable,True
pp_nav_01095,atfalati,navigable,navigable,True
pp_nav_01095,kalapuya,navigable,navigable,True
pp_nav_01096,pp_nav_01098,navigable,navigable,False
pp_nav_01096,pp_nav_01100,navigable,navigable,False
pp_nav_01096,doboj,navigable,navigable,True
pp_nav_01096,pozega,navigable,navigable,True
pp_nav_01096,glaz,navigable,navigable,True
pp_nav_01096,gradiski_brod,navigable,navigable,True
pp_nav_01097,pp_nav_01099,navigable,navigable,False
pp_nav_01097,fiorenzuola,navigable,navigable,True
pp_nav_01097,pavia,navigable,navigable,True
pp_nav_01097,voghera,navigable,navigable,True
pp_nav_01097,lodi,navigable,navigable,True
pp_nav_01097,piacenza,navigable,navigable,True
pp_nav_01097,cremona,navigable,navigable,True
pp_nav_01098,pp_nav_01107,navigable,navigable,False
pp_nav_01098,vukovar,navigable,navigable,True
pp_nav_01098,doboj,navigable,navigable,True
pp_nav_01098,srebrenik,navigable,navigable,True
pp_nav_01098,pozega,navigable,navigable,True
pp_nav_01099,pp_nav_01101,navigable,navigable,False
pp_nav_01099,fiorenzuola,navigable,navigable,True
pp_nav_01099,sandonnino,navigable,navigable,True
pp_nav_01099,cremona,navigable,navigable,True
pp_nav_01099,parma,navigable,navigable,True
pp_nav_01100,doboj,navigable,navigable,True
pp_nav_01100,glaz,navigable,navigable,True
pp_nav_01100,gradiski_brod,navigable,navigable,True
pp_nav_01101,pp_nav_01108,navigable,navigable,False
pp_nav_01101,mirandola,navigable,navigable,True
pp_nav_01101,ostiglia,navigable,navigable,True
pp_nav_01101,guastalla,navigable,navigable,True
pp_nav_01101,casalmaggiore,navigable,navigable,True
pp_nav_01101,mantova,navigable,navigable,True
pp_nav_01101,parma,navigable,navigable,True
pp_nav_01102,pp_nav_01115,improvable,improvable,False
pp_nav_01102,pp_nav_01120,improvable,improvable,False
pp_nav_01102,belgrad,navigable,navigable,True
pp_nav_01102,petrovaradin,navigable,navigable,True
pp_nav_01102,pancevo,navigable,navigable,True
pp_nav_01103,pp_nav_01112,improvable,improvable,False
pp_nav_01103,ahkwesasne,improvable,improvable,True
pp_nav_01103,toniato,improvable,improvable,True
pp_nav_01103,kaniatarahontsi,improvable,improvable,True
pp_nav_01103,kahwenoke,improvable,improvable,True
pp_nav_01103,ahkwesasne_ny,improvable,improvable,True
pp_nav_01104,pp_nav_01125,barrier,barrier,False
pp_nav_01104,viviers,barrier,barrier,True
pp_nav_01104,romans,barrier,barrier,True
pp_nav_01104,tournon,barrier,barrier,True
pp_nav_01104,privas,barrier,barrier,True
pp_nav_01104,valence,barrier,barrier,True
pp_nav_01105,pp_nav_01124,improvable,improvable,False
pp_nav_01105,gironde,navigable,navigable,False
pp_nav_01105,bordeaux,navigable,navigable,True
pp_nav_01105,benauges,navigable,navigable,True
pp_nav_01105,la_teste_de_buch,navigable,navigable,True
pp_nav_01105,belin,navigable,navigable,True
pp_nav_01106,voghera,improvable,improvable,True
pp_nav_01106,alessandria,improvable,improvable,True
pp_nav_01106,tortona,improvable,improvable,True
pp_nav_01107,teocak,navigable,navigable,True
pp_nav_01107,pp_nav_01110,improvable,improvable,False
pp_nav_01107,srebrenik,navigable,navigable,True
pp_nav_01107,ilok,navigable,navigable,True
pp_nav_01108,pp_nav_01109,navigable,navigable,False
pp_nav_01108,mirandola,navigable,navigable,True
pp_nav_01108,nonantola,navigable,navigable,True
pp_nav_01108,ostiglia,navigable,navigable,True
pp_nav_01108,ficarolo,navigable,navigable,True
pp_nav_01108,ferrara,navigable,navigable,True
pp_nav_01109,po_delta,navigable,navigable,False
pp_nav_01109,comacchio,navigable,navigable,True
pp_nav_01109,rovigo,navigable,navigable,True
pp_nav_01109,ferrara,navigable,navigable,True
pp_nav_01109,chioggia,navigable,navigable,True
pp_nav_01110,teocak,improvable,improvable,True
pp_nav_01110,pp_nav_01120,improvable,improvable,False
pp_nav_01110,sabac,improvable,improvable,True
pp_nav_01110,sremska_mitrovica,improvable,improvable,True
pp_nav_01110,ilok,improvable,improvable,True
pp_nav_01111,nongan,navigable,navigable,True
pp_nav_01111,boduna,navigable,navigable,True
pp_nav_01112,pp_nav_01127,navigable,navigable,False
pp_nav_01112,gananoque,navigable,navigable,True
pp_nav_01112,toniato,navigable,navigable,True
pp_nav_01112,kaniatarahontsi,navigable,navigable,True
pp_nav_01113,pp_nav_01117,improvable,improvable,False
pp_nav_01113,pp_nav_01123,barrier,barrier,False
pp_nav_01113,carasova,improvable,improvable,True
pp_nav_01113,branicevo,improvable,improvable,True
pp_nav_01113,kovin,improvable,improvable,True
pp_nav_01114,barchkend,navigable,navigable,True
pp_nav_01114,kamyskala,navigable,navigable,True
pp_nav_01114,asanas,navigable,navigable,True
pp_nav_01115,pp_nav_01117,improvable,improvable,False
pp_nav_01115,branicevo,improvable,improvable,True
pp_nav_01115,kovin,improvable,improvable,True
pp_nav_01115,belgrad,improvable,improvable,True
pp_nav_01115,smederevo,improvable,improvable,True
pp_nav_01115,pancevo,improvable,improvable,True
pp_nav_01116,pp_nav_01128,navigable,navigable,False
pp_nav_01116,cerwecerna,navigable,navigable,True
pp_nav_01116,wakmua_oin,navigable,navigable,True
pp_nav_01116,okobojo,navigable,navigable,True
pp_nav_01116,shichah,navigable,navigable,True
pp_nav_01117,branicevo,navigable,navigable,True
pp_nav_01117,kovin,navigable,navigable,True
pp_nav_01118,pp_nav_01130,improvable,improvable,False
pp_nav_01118,payette,navigable,navigable,True
pp_nav_01118,kamiahpu,navigable,navigable,True
pp_nav_01118,nyssa,navigable,navigable,True
pp_nav_01119,pp_nav_01129,navigable,navigable,False
pp_nav_01119,lahontan,navigable,navigable,True
pp_nav_01119,wapkawazioju,navigable,navigable,True
pp_nav_01120,belgrad,improvable,improvable,True
pp_nav_01120,sabac,improvable,improvable,True
pp_nav_01120,petrovaradin,improvable,improvable,True
pp_nav_01120,sremska_mitrovica,improvable,improvable,True
pp_nav_01120,debrc,improvable,improvable,True
pp_nav_01121,pp_nav_01123,barrier,barrier,False
pp_nav_01121,pp_nav_01126,improvable,improvable,False
pp_nav_01121,visesav,improvable,improvable,True
pp_nav_01121,kucevo,improvable,improvable,True
pp_nav_01121,mihalt,improvable,improvable,True
pp_nav_01122,pp_nav_01133,navigable,navigable,False
pp_nav_01122,cernavoda,navigable,navigable,True
pp_nav_01122,cegani,navigable,navigable,True
pp_nav_01122,harsova,navigable,navigable,True
pp_nav_01122,orasul_de_floci,navigable,navigable,True
pp_nav_01123,carasova,barrier,barrier,True
pp_nav_01123,branicevo,barrier,barrier,True
pp_nav_01123,kucevo,barrier,barrier,True
pp_nav_01124,marmande,improvable,improvable,True
pp_nav_01124,bazas,improvable,improvable,True
pp_nav_01124,benauges,improvable,improvable,True
pp_nav_01124,agen,improvable,improvable,True
pp_nav_01124,belin,improvable,improvable,True
pp_nav_01125,st_ambroix,barrier,barrier,True
pp_nav_01125,pp_nav_01134,barrier,barrier,False
pp_nav_01125,viviers,barrier,barrier,True
pp_nav_01125,orange,barrier,barrier,True
pp_nav_01125,uzes,barrier,barrier,True
pp_nav_01125,valence,barrier,barrier,True
pp_nav_01126,pp_nav_01131,navigable,navigable,False
pp_nav_01126,visesav,navigable,navigable,True
pp_nav_01126,severin,navigable,navigable,True
pp_nav_01126,plenita,navigable,navigable,True
pp_nav_01127,bay_of_quinte,navigable,navigable,False
pp_nav_01127,nikahionhwakowa,navigable,navigable,True
pp_nav_01127,gananoque,navigable,navigable,True
pp_nav_01127,kaniatarahontsi,navigable,navigable,True
pp_nav_01128,pp_nav_01132,navigable,navigable,False
pp_nav_01128,shichah,navigable,navigable,True
pp_nav_01129,pp_nav_01138,barrier,barrier,False
pp_nav_01129,wapkawazioju,navigable,navigable,True
pp_nav_01129,hahawakpa,navigable,navigable,True
pp_nav_01130,pp_nav_01143,improvable,improvable,False
pp_nav_01130,payette,improvable,improvable,True
pp_nav_01130,nyssa,improvable,improvable,True
pp_nav_01131,pp_nav_01141,navigable,navigable,False
pp_nav_01131,visesav,navigable,navigable,True
pp_nav_01131,calafat,navigable,navigable,True
pp_nav_01131,plenita,navigable,navigable,True
pp_nav_01131,vidin,navigable,navigable,True
pp_nav_01132,pp_nav_01137,navigable,navigable,False
pp_nav_01132,wakmua_oin,navigable,navigable,True
pp_nav_01132,shichah,navigable,navigable,True
pp_nav_01133,pp_nav_01135,improvable,improvable,False
pp_nav_01133,pp_nav_01136,navigable,navigable,False
pp_nav_01133,cernavoda,navigable,navigable,True
pp_nav_01133,cegani,navigable,navigable,True
pp_nav_01133,lichiresti,navigable,navigable,True
pp_nav_01133,drastar,navigable,navigable,True
pp_nav_01134,avignon,improvable,improvable,True
pp_nav_01134,orange,improvable,improvable,True
pp_nav_01134,tarascon,improvable,improvable,True
pp_nav_01134,uzes,improvable,improvable,True
pp_nav_01135,tutrakan,improvable,improvable,True
pp_nav_01135,lichiresti,improvable,improvable,True
pp_nav_01135,drastar,improvable,improvable,True
pp_nav_01136,pp_nav_01139,navigable,navigable,False
pp_nav_01136,tutrakan,navigable,navigable,True
pp_nav_01136,drastar,navigable,navigable,True
pp_nav_01137,pp_nav_01150,navigable,navigable,False
pp_nav_01137,wakmua_oin,navigable,navigable,True
pp_nav_01137,chagu,navigable,navigable,True
pp_nav_01137,shichah,navigable,navigable,True
pp_nav_01137,kaya_paha,navigable,navigable,True
pp_nav_01138,pp_nav_01151,barrier,barrier,False
pp_nav_01138,hahawakpa,barrier,barrier,True
pp_nav_01139,pp_nav_01147,navigable,navigable,False
pp_nav_01139,tutrakan,navigable,navigable,True
pp_nav_01139,zimnicea,navigable,navigable,True
pp_nav_01139,giurgiu,navigable,navigable,True
pp_nav_01139,ruse,navigable,navigable,True
pp_nav_01139,cherven,navigable,navigable,True
pp_nav_01140,sagadahoc,navigable,navigable,True
pp_nav_01140,casco_bay,navigable,navigable,False
pp_nav_01141,pp_nav_01144,navigable,navigable,False
pp_nav_01141,lom,navigable,navigable,True
pp_nav_01141,calafat,navigable,navigable,True
pp_nav_01141,archar,navigable,navigable,True
pp_nav_01141,vidin,navigable,navigable,True
pp_nav_01142,pp_nav_01153,navigable,navigable,False
pp_nav_01142,kiwigapawa,navigable,navigable,True
pp_nav_01142,enookwasaneenah,navigable,navigable,True
pp_nav_01142,hahawakpa,navigable,navigable,True
pp_nav_01143,nyssa,navigable,navigable,True
pp_nav_01144,pp_nav_01146,navigable,navigable,False
pp_nav_01144,lom,navigable,navigable,True
pp_nav_01144,oryahovo,navigable,navigable,True
pp_nav_01145,pp_nav_01146,improvable,improvable,False
pp_nav_01145,pp_nav_01148,improvable,improvable,False
pp_nav_01145,pp_nav_01149,improvable,improvable,False
pp_nav_01145,nikopol,improvable,improvable,True
pp_nav_01145,corabia,improvable,improvable,True
pp_nav_01145,zimnicea,improvable,improvable,True
pp_nav_01145,gigen,improvable,improvable,True
pp_nav_01145,turnu_magurele,improvable,improvable,True
pp_nav_01146,gigen,navigable,navigable,True
pp_nav_01146,oryahovo,navigable,navigable,True
pp_nav_01147,pp_nav_01148,navigable,navigable,False
pp_nav_01147,pp_nav_01149,navigable,navigable,False
pp_nav_01147,nikopol,navigable,navigable,True
pp_nav_01147,zimnicea,navigable,navigable,True
pp_nav_01147,cherven,navigable,navigable,True
pp_nav_01148,nikopol,navigable,navigable,True
pp_nav_01149,nikopol,navigable,navigable,True
pp_nav_01149,zimnicea,navigable,navigable,True
pp_nav_01150,pp_nav_01156,navigable,navigable,False
pp_nav_01150,kaya_paha,navigable,navigable,True
pp_nav_01151,penaca,navigable,navigable,True
pp_nav_01151,pp_nav_01159,navigable,navigable,False
pp_nav_01151,kiwigapawa,navigable,navigable,True
pp_nav_01151,hahawakpa,navigable,navigable,True
pp_nav_01152,pp_nav_01158,navigable,navigable,False
pp_nav_01152,otrar,navigable,navigable,True
pp_nav_01152,kyr_uzkand,navigable,navigable,True
pp_nav_01152,karnak,navigable,navigable,True
pp_nav_01152,sawran,navigable,navigable,True
pp_nav_01152,artyk_ata,navigable,navigable,True
pp_nav_01153,kiwigapawa,navigable,navigable,True
pp_nav_01153,hahawakpa,navigable,navigable,True
pp_nav_01154,niagara,barrier,barrier,True
pp_nav_01154,eastern_erie_basin,barrier,barrier,False
pp_nav_01154,tiotoren,barrier,barrier,True
pp_nav_01154,niagara_basin,barrier,barrier,False
pp_nav_01154,thahnawate,barrier,barrier,True
pp_nav_01155,niagara,barrier,barrier,True
pp_nav_01155,eastern_erie_basin,barrier,barrier,False
pp_nav_01155,niagara_basin,barrier,barrier,False
pp_nav_01156,pp_nav_01162,improvable,improvable,False
pp_nav_01156,niobrara,navigable,navigable,True
pp_nav_01156,kaya_paha,navigable,navigable,True
pp_nav_01157,pp_nav_01165,navigable,navigable,False
pp_nav_01157,xojeli,navigable,navigable,True
pp_nav_01157,qonirat,navigable,navigable,True
pp_nav_01157,shimbay,navigable,navigable,True
pp_nav_01158,pp_nav_01166,navigable,navigable,False
pp_nav_01158,otrar,navigable,navigable,True
pp_nav_01158,zemukh,navigable,navigable,True
pp_nav_01158,mardankuyik,navigable,navigable,True
pp_nav_01158,artyk_ata,navigable,navigable,True
pp_nav_01159,penaca,navigable,navigable,True
pp_nav_01159,pp_nav_01167,navigable,navigable,False
pp_nav_01159,wapsipinicon,navigable,navigable,True
pp_nav_01160,lake_st_clair,navigable,navigable,False
pp_nav_01160,blue_point,navigable,navigable,False
pp_nav_01160,bkwejanong,navigable,navigable,True
pp_nav_01160,osaakiiwaki,navigable,navigable,True
pp_nav_01161,pp_nav_01163,improvable,improvable,False
pp_nav_01161,pp_nav_01164,improvable,improvable,False
pp_nav_01161,aowa,improvable,improvable,True
pp_nav_01161,oyate_shisha,improvable,improvable,True
pp_nav_01162,pp_nav_01163,improvable,improvable,False
pp_nav_01162,niobrara,improvable,improvable,True
pp_nav_01162,chagu,improvable,improvable,True
pp_nav_01162,aowa,improvable,improvable,True
pp_nav_01163,aowa,navigable,navigable,True
pp_nav_01164,pp_nav_01168,navigable,navigable,False
pp_nav_01164,aowa,navigable,navigable,True
pp_nav_01165,pp_nav_01170,navigable,navigable,False
pp_nav_01165,xojeli,navigable,navigable,True
pp_nav_01165,nyzvar,navigable,navigable,True
pp_nav_01165,shimbay,navigable,navigable,True
pp_nav_01166,pp_nav_01173,navigable,navigable,False
pp_nav_01166,zhaushikumtobe,navigable,navigable,True
pp_nav_01166,sutkent,navigable,navigable,True
pp_nav_01166,zemukh,navigable,navigable,True
pp_nav_01166,mardankuyik,navigable,navigable,True
pp_nav_01167,pp_nav_01172,navigable,navigable,False
pp_nav_01167,wapsipinicon,navigable,navigable,True
pp_nav_01168,pp_nav_01175,navigable,navigable,False
pp_nav_01168,monona,navigable,navigable,True
pp_nav_01168,aowa,navigable,navigable,True
pp_nav_01169,waawiiyaataanong,navigable,navigable,True
pp_nav_01169,lake_st_clair,navigable,navigable,False
pp_nav_01169,pelee_island,navigable,navigable,False
pp_nav_01169,ganatchio,navigable,navigable,True
pp_nav_01170,pp_nav_01174,navigable,navigable,False
pp_nav_01170,kath,navigable,navigable,True
pp_nav_01170,nyzvar,navigable,navigable,True
pp_nav_01170,kyat_kala,navigable,navigable,True
pp_nav_01170,shimbay,navigable,navigable,True
pp_nav_01171,pp_nav_01178,navigable,navigable,False
pp_nav_01171,ponkhockie,navigable,navigable,True
pp_nav_01171,kitchawanc,navigable,navigable,True
pp_nav_01171,poughkeepsie,navigable,navigable,True
pp_nav_01172,pp_nav_01177,improvable,improvable,False
pp_nav_01172,pecatonica,navigable,navigable,True
pp_nav_01172,ahsenisiipi,navigable,navigable,True
pp_nav_01172,wapsipinicon,navigable,navigable,True
pp_nav_01173,pp_nav_01180,navigable,navigable,False
pp_nav_01173,zhaushikumtobe,navigable,navigable,True
pp_nav_01173,sutkent,navigable,navigable,True
pp_nav_01173,zemukh,navigable,navigable,True
pp_nav_01174,pp_nav_01179,navigable,navigable,False
pp_nav_01174,kath,navigable,navigable,True
pp_nav_01174,kyat_kala,navigable,navigable,True
pp_nav_01175,pp_nav_01181,navigable,navigable,False
pp_nav_01175,omaha,navigable,navigable,True
pp_nav_01175,aowa,navigable,navigable,True
pp_nav_01176,long_island_sound,improvable,improvable,False
pp_nav_01176,saukiog,improvable,improvable,True
pp_nav_01176,quinnipiac,improvable,improvable,True
pp_nav_01176,nehantuck,improvable,improvable,True
pp_nav_01177,pp_nav_01183,improvable,improvable,False
pp_nav_01177,coiracoentanon,improvable,improvable,True
pp_nav_01177,ahsenisiipi,improvable,improvable,True
pp_nav_01177,wapsipinicon,improvable,improvable,True
pp_nav_01178,pp_nav_01188,navigable,navigable,False
pp_nav_01178,nochpeem,navigable,navigable,True
pp_nav_01178,kitchawanc,navigable,navigable,True
pp_nav_01178,manhattan,navigable,navigable,True
pp_nav_01178,tappan,navigable,navigable,True
pp_nav_01179,kath,navigable,navigable,True
pp_nav_01179,hazarasp,navigable,navigable,True
pp_nav_01179,kyat_kala,navigable,navigable,True
pp_nav_01180,pp_nav_01187,navigable,navigable,False
pp_nav_01180,zhaushikumtobe,navigable,navigable,True
pp_nav_01180,sutkent,navigable,navigable,True
pp_nav_01180,chach,navigable,navigable,True
pp_nav_01181,pp_nav_01189,navigable,navigable,False
pp_nav_01181,omaha,navigable,navigable,True
pp_nav_01181,nishnabotna,navigable,navigable,True
pp_nav_01182,shleter_cove,barrier,barrier,False
pp_nav_01182,humboldty_bay,barrier,barrier,False
pp_nav_01182,hoilkut,barrier,barrier,True
pp_nav_01182,oohl,barrier,barrier,True
pp_nav_01183,pp_nav_01190,navigable,navigable,False
pp_nav_01183,coiracoentanon,navigable,navigable,True
pp_nav_01183,ahsenisiipi,navigable,navigable,True
pp_nav_01184,flix,improvable,improvable,True
pp_nav_01184,caspe,improvable,improvable,True
pp_nav_01185,pp_nav_01186,barrier,barrier,False
pp_nav_01185,porto,barrier,barrier,True
pp_nav_01185,cape_mondego,barrier,barrier,False
pp_nav_01185,lamego,barrier,barrier,True
pp_nav_01185,feira,barrier,barrier,True
pp_nav_01186,lamego,navigable,navigable,True
pp_nav_01187,chach,navigable,navigable,True
pp_nav_01188,raritan_bay,navigable,navigable,False
pp_nav_01188,hackensack,navigable,navigable,True
pp_nav_01188,manhattan,navigable,navigable,True
pp_nav_01188,tappan,navigable,navigable,True
pp_nav_01189,pp_nav_01206,navigable,navigable,False
pp_nav_01189,omaha,navigable,navigable,True
pp_nav_01189,nishnabotna,navigable,navigable,True
pp_nav_01189,nemaha,navigable,navigable,True
pp_nav_01190,pp_nav_01200,improvable,improvable,False
pp_nav_01190,coiracoentanon,navigable,navigable,True
pp_nav_01190,moingwena,navigable,navigable,True
pp_nav_01190,peewareewa,navigable,navigable,True
pp_nav_01191,pp_nav_01192,navigable,navigable,False
pp_nav_01191,pp_nav_01194,navigable,navigable,False
pp_nav_01191,pp_nav_01195,navigable,navigable,False
pp_nav_01191,uraqai,navigable,navigable,True
pp_nav_01191,aerzhai,navigable,navigable,True
pp_nav_01191,bayannur,navigable,navigable,True
pp_nav_01192,pp_nav_01203,navigable,navigable,False
pp_nav_01192,uraqai,navigable,navigable,True
pp_nav_01192,aerzhai,navigable,navigable,True
pp_nav_01193,pp_nav_01205,navigable,navigable,False
pp_nav_01193,mattawana,navigable,navigable,True
pp_nav_01193,shamokin,navigable,navigable,True
pp_nav_01193,juniata,navigable,navigable,True
pp_nav_01194,aerzhai,navigable,navigable,True
pp_nav_01195,pp_nav_01208,navigable,navigable,False
pp_nav_01195,aerzhai,navigable,navigable,True
pp_nav_01195,bayannur,navigable,navigable,True
pp_nav_01196,mahoning_oh,barrier,barrier,True
pp_nav_01196,saucunk,barrier,barrier,True
pp_nav_01196,allegheny,barrier,barrier,True
pp_nav_01197,mahoning_oh,improvable,improvable,True
pp_nav_01197,pp_nav_01199,improvable,improvable,False
pp_nav_01197,pp_nav_01202,improvable,improvable,False
pp_nav_01197,saucunk,improvable,improvable,True
pp_nav_01197,wihlink,improvable,improvable,True
pp_nav_01197,captina,improvable,improvable,True
pp_nav_01197,allegheny,improvable,improvable,True
pp_nav_01198,pp_nav_01212,improvable,improvable,False
pp_nav_01198,darganata,navigable,navigable,True
pp_nav_01199,saucunk,improvable,improvable,True
pp_nav_01199,allegheny,improvable,improvable,True
pp_nav_01200,pp_nav_01216,improvable,improvable,False
pp_nav_01200,moingwena,improvable,improvable,True
pp_nav_01200,wyaconda,improvable,improvable,True
pp_nav_01200,peewareewa,improvable,improvable,True
pp_nav_01201,pp_nav_01204,navigable,navigable,False
pp_nav_01201,pp_nav_01207,navigable,navigable,False
pp_nav_01201,yunnei,navigable,navigable,True
pp_nav_01201,yinshan,navigable,navigable,True
pp_nav_01201,hebin,navigable,navigable,True
pp_nav_01202,pp_nav_01218,barrier,barrier,False
pp_nav_01202,wihlink,navigable,navigable,True
pp_nav_01202,captina,navigable,navigable,True
pp_nav_01203,pp_nav_01204,navigable,navigable,False
pp_nav_01203,yinshan,navigable,navigable,True
pp_nav_01203,uraqai,navigable,navigable,True
pp_nav_01203,hebin,navigable,navigable,True
pp_nav_01203,aerzhai,navigable,navigable,True
pp_nav_01204,yinshan,navigable,navigable,True
pp_nav_01204,hebin,navigable,navigable,True
pp_nav_01205,paxtang,navigable,navigable,True
pp_nav_01205,conewago,navigable,navigable,True
pp_nav_01205,connatachequa,navigable,navigable,True
pp_nav_01205,shamokin,navigable,navigable,True
pp_nav_01205,juniata,navigable,navigable,True
pp_nav_01206,pp_nav_01217,navigable,navigable,False
pp_nav_01206,shuntaneshnanga,navigable,navigable,True
pp_nav_01206,nemaha,navigable,navigable,True
pp_nav_01207,pp_nav_01209,navigable,navigable,False
pp_nav_01207,yunnei,navigable,navigable,True
pp_nav_01207,hebin,navigable,navigable,True
pp_nav_01208,pp_nav_01221,navigable,navigable,False
pp_nav_01208,aerzhai,navigable,navigable,True
pp_nav_01208,bayannur,navigable,navigable,True
pp_nav_01209,pp_nav_01219,navigable,navigable,False
pp_nav_01209,yunnei,navigable,navigable,True
pp_nav_01209,hebin,navigable,navigable,True
pp_nav_01209,dongsheng,navigable,navigable,True
pp_nav_01209,ningbian,navigable,navigable,True
pp_nav_01210,pp_nav_01222,navigable,navigable,False
pp_nav_01210,amonokoa,navigable,navigable,True
pp_nav_01210,sangamon,navigable,navigable,True
pp_nav_01210,peoria,navigable,navigable,True
pp_nav_01211,zardab,navigable,navigable,True
pp_nav_01211,lemberan,navigable,navigable,True
pp_nav_01211,barda,navigable,navigable,True
pp_nav_01212,pp_nav_01225,improvable,improvable,False
pp_nav_01212,daya_kathyn,improvable,improvable,True
pp_nav_01212,darganata,improvable,improvable,True
pp_nav_01213,yalu_river_mouth,improvable,improvable,False
pp_nav_01213,uiju,improvable,improvable,True
pp_nav_01214,tesinigh,navigable,navigable,True
pp_nav_01214,attaock,navigable,navigable,True
pp_nav_01215,pp_nav_01226,improvable,improvable,False
pp_nav_01215,conewago,navigable,navigable,True
pp_nav_01215,wicontiss,navigable,navigable,True
pp_nav_01215,attaock,navigable,navigable,True
pp_nav_01216,pp_nav_01227,navigable,navigable,False
pp_nav_01216,oahaha,navigable,navigable,True
pp_nav_01216,wyaconda,navigable,navigable,True
pp_nav_01217,pp_nav_01224,navigable,navigable,False
pp_nav_01217,shuntaneshnanga,navigable,navigable,True
pp_nav_01217,nodaway,navigable,navigable,True
pp_nav_01218,pp_nav_01228,barrier,barrier,False
pp_nav_01218,muskingum,barrier,barrier,True
pp_nav_01218,onimgohow,barrier,barrier,True
pp_nav_01218,wihlink,barrier,barrier,True
pp_nav_01218,captina,barrier,barrier,True
pp_nav_01219,pp_nav_01229,navigable,navigable,False
pp_nav_01219,piantouguan,navigable,navigable,True
pp_nav_01219,hequ,navigable,navigable,True
pp_nav_01219,hebin,navigable,navigable,True
pp_nav_01219,ningbian,navigable,navigable,True
pp_nav_01220,salyan,navigable,navigable,True
pp_nav_01220,mahmudabad,navigable,navigable,True
pp_nav_01220,mughan,navigable,navigable,True
pp_nav_01221,pp_nav_01232,navigable,navigable,False
pp_nav_01221,dingyuan_lingzhou,navigable,navigable,True
pp_nav_01221,aerzhai,navigable,navigable,True
pp_nav_01222,pp_nav_01236,navigable,navigable,False
pp_nav_01222,amonokoa,navigable,navigable,True
pp_nav_01222,sangamon,navigable,navigable,True
pp_nav_01222,macoupin,navigable,navigable,True
pp_nav_01223,upper_chesapeake_bay,improvable,improvable,False
pp_nav_01223,tesinigh,improvable,improvable,True
pp_nav_01223,wicontiss,improvable,improvable,True
pp_nav_01223,attaock,improvable,improvable,True
pp_nav_01224,pp_nav_01235,navigable,navigable,False
pp_nav_01224,shuntaneshnanga,navigable,navigable,True
pp_nav_01224,nodaway,navigable,navigable,True
pp_nav_01225,pp_nav_01233,navigable,navigable,False
pp_nav_01225,daya_kathyn,navigable,navigable,True
pp_nav_01225,alat,navigable,navigable,True
pp_nav_01225,amol_turkmenabad,navigable,navigable,True
pp_nav_01226,upper_chesapeake_bay,improvable,improvable,False
pp_nav_01226,wicontiss,improvable,improvable,True
pp_nav_01226,attaock,improvable,improvable,True
pp_nav_01227,pp_nav_01242,navigable,navigable,False
pp_nav_01227,tamaroa,navigable,navigable,True
pp_nav_01227,oahaha,navigable,navigable,True
pp_nav_01227,macoupin,navigable,navigable,True
pp_nav_01228,pp_nav_01238,improvable,improvable,False
pp_nav_01228,muskingum,improvable,improvable,True
pp_nav_01228,onimgohow,improvable,improvable,True
pp_nav_01228,ethapetha,improvable,improvable,True
pp_nav_01229,pp_nav_01245,navigable,navigable,False
pp_nav_01229,baode,navigable,navigable,True
pp_nav_01229,hequ,navigable,navigable,True
pp_nav_01229,hebin,navigable,navigable,True
pp_nav_01229,fugu,navigable,navigable,True
pp_nav_01230,pp_nav_01234,navigable,navigable,False
pp_nav_01230,pp_nav_01237,improvable,improvable,False
pp_nav_01230,nudarcha,navigable,navigable,True
pp_nav_01231,emasulia,navigable,navigable,True
pp_nav_01231,nudarcha,navigable,navigable,True
pp_nav_01232,pp_nav_01251,navigable,navigable,False
pp_nav_01232,dingyuan_lingzhou,navigable,navigable,True
pp_nav_01232,otog,navigable,navigable,True
pp_nav_01233,pp_nav_01244,navigable,navigable,False
pp_nav_01233,alat,navigable,navigable,True
pp_nav_01233,amol_turkmenabad,navigable,navigable,True
pp_nav_01233,firabr,navigable,navigable,True
pp_nav_01234,pp_nav_01239,improvable,improvable,False
pp_nav_01234,nudarcha,navigable,navigable,True
pp_nav_01235,pp_nav_01239,improvable,improvable,False
pp_nav_01235,nudarcha,navigable,navigable,True
pp_nav_01235,shuntaneshnanga,navigable,navigable,True
pp_nav_01235,kansas,navigable,navigable,True
pp_nav_01236,pp_nav_01242,navigable,navigable,False
pp_nav_01236,pp_nav_01246,navigable,navigable,False
pp_nav_01236,tamaroa,navigable,navigable,True
pp_nav_01236,macoupin,navigable,navigable,True
pp_nav_01237,pp_nav_01247,improvable,improvable,False
pp_nav_01237,emasulia,improvable,improvable,True
pp_nav_01237,nudarcha,improvable,improvable,True
pp_nav_01238,pp_nav_01243,improvable,improvable,False
pp_nav_01238,onimgohow,navigable,navigable,True
pp_nav_01238,ethapetha,navigable,navigable,True
pp_nav_01238,kanawha,navigable,navigable,True
pp_nav_01239,nudarcha,improvable,improvable,True
pp_nav_01240,pp_nav_01241,improvable,improvable,False
pp_nav_01240,pp_nav_01248,improvable,improvable,False
pp_nav_01240,cuttawba,improvable,improvable,True
pp_nav_01240,assereniet,improvable,improvable,True
pp_nav_01240,oheyandewa,improvable,improvable,True
pp_nav_01241,pp_nav_01252,barrier,barrier,False
pp_nav_01241,cuttawba,navigable,navigable,True
pp_nav_01241,oheyandewa,navigable,navigable,True
pp_nav_01242,tamaroa,navigable,navigable,True
pp_nav_01242,macoupin,navigable,navigable,True
pp_nav_01243,pp_nav_01254,improvable,improvable,False
pp_nav_01243,pp_nav_01257,improvable,improvable,False
pp_nav_01243,ethapetha,improvable,improvable,True
pp_nav_01243,kanawha,improvable,improvable,True
pp_nav_01244,pp_nav_01261,navigable,navigable,False
pp_nav_01244,khoja_idat_kala,navigable,navigable,True
pp_nav_01244,navidakh,navigable,navigable,True
pp_nav_01244,amol_turkmenabad,navigable,navigable,True
pp_nav_01244,firabr,navigable,navigable,True
pp_nav_01245,pp_nav_01264,navigable,navigable,False
pp_nav_01245,hehe,navigable,navigable,True
pp_nav_01245,baode,navigable,navigable,True
pp_nav_01245,shenmu,navigable,navigable,True
pp_nav_01245,fugu,navigable,navigable,True
pp_nav_01246,pp_nav_01250,navigable,navigable,False
pp_nav_01246,pp_nav_01258,navigable,navigable,False
pp_nav_01246,cahokia,navigable,navigable,True
pp_nav_01246,tamaroa,navigable,navigable,True
pp_nav_01246,kaskaskia,navigable,navigable,True
pp_nav_01247,pp_nav_01259,barrier,barrier,False
pp_nav_01247,emasulia,improvable,improvable,True
pp_nav_01248,pp_nav_01256,navigable,navigable,False
pp_nav_01248,cuttawba,navigable,navigable,True
pp_nav_01248,assereniet,navigable,navigable,True
pp_nav_01248,eskalapia,navigable,navigable,True
pp_nav_01249,pp_nav_01262,navigable,navigable,False
pp_nav_01249,arguvan,navigable,navigable,True
pp_nav_01249,malatya,navigable,navigable,True
pp_nav_01249,arapgir,navigable,navigable,True
pp_nav_01249,keban,navigable,navigable,True
pp_nav_01250,emasulia,navigable,navigable,True
pp_nav_01250,tamaroa,navigable,navigable,True
pp_nav_01251,pp_nav_01266,improvable,improvable,False
pp_nav_01251,dingyuan_lingzhou,navigable,navigable,True
pp_nav_01251,lingzhou,navigable,navigable,True
pp_nav_01251,ningxia,navigable,navigable,True
pp_nav_01251,otog,navigable,navigable,True
pp_nav_01252,pp_nav_01263,barrier,barrier,False
pp_nav_01252,cuttawba,barrier,barrier,True
pp_nav_01252,lewekeomi,barrier,barrier,True
pp_nav_01252,oheyandewa,barrier,barrier,True
pp_nav_01253,pp_nav_01256,improvable,improvable,False
pp_nav_01253,pp_nav_01260,improvable,improvable,False
pp_nav_01253,scioto,improvable,improvable,True
pp_nav_01253,eskalapia,improvable,improvable,True
pp_nav_01254,moneton,improvable,improvable,True
pp_nav_01254,kanawha,improvable,improvable,True
pp_nav_01255,pp_nav_01259,barrier,barrier,False
pp_nav_01255,emasulia,improvable,improvable,True
pp_nav_01256,scioto,navigable,navigable,True
pp_nav_01256,assereniet,navigable,navigable,True
pp_nav_01256,eskalapia,navigable,navigable,True
pp_nav_01257,ouasioto,improvable,improvable,True
pp_nav_01257,pp_nav_01260,improvable,improvable,False
pp_nav_01257,ethapetha,improvable,improvable,True
pp_nav_01257,kanawha,improvable,improvable,True
pp_nav_01257,eskalapia,improvable,improvable,True
pp_nav_01258,pp_nav_01270,improvable,improvable,False
pp_nav_01258,chepoussa,navigable,navigable,True
pp_nav_01258,tamaroa,navigable,navigable,True
pp_nav_01258,kaskaskia,navigable,navigable,True
pp_nav_01259,emasulia,barrier,barrier,True
pp_nav_01260,eskalapia,navigable,navigable,True
pp_nav_01261,pp_nav_01269,navigable,navigable,False
pp_nav_01261,khoja_idat_kala,navigable,navigable,True
pp_nav_01261,navidakh,navigable,navigable,True
pp_nav_01262,pp_nav_01267,improvable,improvable,False
pp_nav_01262,gerger,navigable,navigable,True
pp_nav_01262,malatya,navigable,navigable,True
pp_nav_01262,harput,navigable,navigable,True
pp_nav_01262,sivrice,navigable,navigable,True
pp_nav_01262,keban,navigable,navigable,True
pp_nav_01263,pp_nav_01272,barrier,barrier,False
pp_nav_01263,gichthanne,navigable,navigable,True
pp_nav_01263,tywhapita,navigable,navigable,True
pp_nav_01263,lewekeomi,navigable,navigable,True
pp_nav_01263,oheyandewa,navigable,navigable,True
pp_nav_01264,pp_nav_01274,barrier,barrier,False
pp_nav_01264,kaiguang,navigable,navigable,True
pp_nav_01264,hehe,navigable,navigable,True
pp_nav_01264,jiazhou,navigable,navigable,True
pp_nav_01264,shenmu,navigable,navigable,True
pp_nav_01264,kehu,navigable,navigable,True
pp_nav_01265,pp_nav_01275,navigable,navigable,False
pp_nav_01265,pawwikamsipi,navigable,navigable,True
pp_nav_01265,patoka,navigable,navigable,True
pp_nav_01265,mitchigamea,navigable,navigable,True
pp_nav_01266,pp_nav_01282,improvable,improvable,False
pp_nav_01266,lingwu,improvable,improvable,True
pp_nav_01266,lingzhou,improvable,improvable,True
pp_nav_01266,mingsha,improvable,improvable,True
pp_nav_01266,ningxia,improvable,improvable,True
pp_nav_01267,pp_nav_01280,improvable,improvable,False
pp_nav_01267,gerger,improvable,improvable,True
pp_nav_01267,cermik,improvable,improvable,True
pp_nav_01267,kahta,improvable,improvable,True
pp_nav_01267,sivrice,improvable,improvable,True
pp_nav_01267,siverek,improvable,improvable,True
pp_nav_01268,pp_nav_01272,barrier,barrier,False
pp_nav_01268,pp_nav_01278,navigable,navigable,False
pp_nav_01268,gichthanne,navigable,navigable,True
pp_nav_01268,tywhapita,navigable,navigable,True
pp_nav_01269,pp_nav_01285,navigable,navigable,False
pp_nav_01269,khoja_idat_kala,navigable,navigable,True
pp_nav_01269,navidakh,navigable,navigable,True
pp_nav_01269,kerki,navigable,navigable,True
pp_nav_01269,akhsisek,navigable,navigable,True
pp_nav_01270,pp_nav_01281,improvable,improvable,False
pp_nav_01270,chepoussa,improvable,improvable,True
pp_nav_01271,san_francisco_bay,navigable,difficult,False
pp_nav_01271,chochenyo,navigable,difficult,True
pp_nav_01271,yashikumne,navigable,difficult,True
pp_nav_01271,suisin,navigable,difficult,True
pp_nav_01272,gichthanne,barrier,barrier,True
pp_nav_01272,tywhapita,barrier,barrier,True
pp_nav_01273,pp_nav_01278,navigable,navigable,False
pp_nav_01273,pp_nav_01279,navigable,navigable,False
pp_nav_01273,aaboukingon,navigable,navigable,True
pp_nav_01273,gichthanne,navigable,navigable,True
pp_nav_01273,tywhapita,navigable,navigable,True
pp_nav_01274,pp_nav_01293,barrier,barrier,False
pp_nav_01274,linxian,barrier,barrier,True
pp_nav_01274,jiazhou,barrier,barrier,True
pp_nav_01274,dinghu,barrier,barrier,True
pp_nav_01274,kehu,barrier,barrier,True
pp_nav_01275,pp_nav_01276,navigable,navigable,False
pp_nav_01275,pp_nav_01283,navigable,navigable,False
pp_nav_01275,aaboukingon,navigable,navigable,True
pp_nav_01275,patoka,navigable,navigable,True
pp_nav_01275,mitchigamea,navigable,navigable,True
pp_nav_01275,kuttawa,navigable,navigable,True
pp_nav_01276,pp_nav_01279,navigable,navigable,False
pp_nav_01276,aaboukingon,navigable,navigable,True
pp_nav_01276,patoka,navigable,navigable,True
pp_nav_01277,pp_nav_01287,barrier,barrier,False
pp_nav_01277,araska,improvable,improvable,True
pp_nav_01277,ragh,improvable,improvable,True
pp_nav_01277,kham_bahar,improvable,improvable,True
pp_nav_01278,gichthanne,navigable,navigable,True
pp_nav_01278,tywhapita,navigable,navigable,True
pp_nav_01279,aaboukingon,navigable,navigable,True
pp_nav_01280,pp_nav_01292,navigable,navigable,False
pp_nav_01280,samsat,navigable,navigable,True
pp_nav_01280,urfa,navigable,navigable,True
pp_nav_01280,kahta,navigable,navigable,True
pp_nav_01280,birecik,navigable,navigable,True
pp_nav_01280,siverek,navigable,navigable,True
pp_nav_01281,pp_nav_01298,navigable,navigable,False
pp_nav_01281,chepoussa,navigable,navigable,True
pp_nav_01281,towosaghy,navigable,navigable,True
pp_nav_01281,mitchigamea,navigable,navigable,True
pp_nav_01282,pp_nav_01290,improvable,improvable,False
pp_nav_01282,mingsha,improvable,improvable,True
pp_nav_01282,yingli,improvable,improvable,True
pp_nav_01283,pp_nav_01294,navigable,navigable,False
pp_nav_01283,mitchigamea,navigable,navigable,True
pp_nav_01283,kuttawa,navigable,navigable,True
pp_nav_01284,pp_nav_01296,barrier,barrier,False
pp_nav_01284,sirnak,barrier,barrier,True
pp_nav_01284,eruh,barrier,barrier,True
pp_nav_01284,cizre,barrier,barrier,True
pp_nav_01284,hasankeyf,barrier,barrier,True
pp_nav_01285,pp_nav_01289,navigable,navigable,False
pp_nav_01285,kerki,navigable,navigable,True
pp_nav_01285,kelif,navigable,navigable,True
pp_nav_01285,khamyab,navigable,navigable,True
pp_nav_01285,akhsisek,navigable,navigable,True
pp_nav_01286,pp_nav_01307,navigable,difficult,False
pp_nav_01286,pp_nav_01308,improvable,improvable,False
pp_nav_01286,farkhor,navigable,difficult,True
pp_nav_01286,vakhs,navigable,difficult,True
pp_nav_01286,arkhan,navigable,difficult,True
pp_nav_01286,qubodijon,navigable,difficult,True
pp_nav_01286,aiwanj,navigable,difficult,True
pp_nav_01287,pp_nav_01300,barrier,barrier,False
pp_nav_01287,farkhor,barrier,barrier,True
pp_nav_01287,araska,barrier,barrier,True
pp_nav_01288,pp_nav_01297,navigable,navigable,False
pp_nav_01288,gaoyuan_jinan,navigable,navigable,True
pp_nav_01288,bohai,navigable,navigable,True
pp_nav_01288,laizhou_bay,navigable,navigable,False
pp_nav_01288,lijin,navigable,navigable,True
pp_nav_01288,boxing,navigable,navigable,True
pp_nav_01289,pp_nav_01295,improvable,improvable,False
pp_nav_01289,kelif,navigable,navigable,True
pp_nav_01289,khamyab,navigable,navigable,True
pp_nav_01290,pp_nav_01302,improvable,improvable,False
pp_nav_01290,fuchuan_ningxia,improvable,improvable,True
pp_nav_01290,lutang,improvable,improvable,True
pp_nav_01290,yingli,improvable,improvable,True
pp_nav_01291,laizhou_bay,navigable,navigable,False
pp_nav_01291,lijin,navigable,navigable,True
pp_nav_01291,lean,navigable,navigable,True
pp_nav_01291,boxing,navigable,navigable,True
pp_nav_01292,pp_nav_01306,navigable,navigable,False
pp_nav_01292,samsat,navigable,navigable,True
pp_nav_01292,birecik,navigable,navigable,True
pp_nav_01292,kaysun,navigable,navigable,True
pp_nav_01292,dluk,navigable,navigable,True
pp_nav_01293,pp_nav_01311,improvable,improvable,False
pp_nav_01293,jiazhou,navigable,navigable,True
pp_nav_01293,qingjian,navigable,navigable,True
pp_nav_01293,dinghu,navigable,navigable,True
pp_nav_01293,suide,navigable,navigable,True
pp_nav_01293,shilou,navigable,navigable,True
pp_nav_01294,pp_nav_01303,navigable,navigable,False
pp_nav_01294,pp_nav_01305,navigable,navigable,False
pp_nav_01294,charquis,navigable,navigable,True
pp_nav_01294,mitchigamea,navigable,navigable,True
pp_nav_01294,kuttawa,navigable,navigable,True
pp_nav_01295,termez,improvable,improvable,True
pp_nav_01295,pp_nav_01301,improvable,improvable,False
pp_nav_01295,kelif,improvable,improvable,True
pp_nav_01295,khamyab,improvable,improvable,True
pp_nav_01295,zadian,improvable,improvable,True
pp_nav_01296,pp_nav_01316,improvable,improvable,False
pp_nav_01296,barqaid,improvable,improvable,True
pp_nav_01296,sirnak,improvable,improvable,True
pp_nav_01296,duhok,improvable,improvable,True
pp_nav_01296,cizre,improvable,improvable,True
pp_nav_01296,balad,improvable,improvable,True
pp_nav_01297,yanci,navigable,navigable,True
pp_nav_01297,jiyang,navigable,navigable,True
pp_nav_01297,pp_nav_01309,navigable,navigable,False
pp_nav_01297,gaoyuan_jinan,navigable,navigable,True
pp_nav_01297,bohai,navigable,navigable,True
pp_nav_01297,qidong,navigable,navigable,True
pp_nav_01298,pp_nav_01303,navigable,navigable,False
pp_nav_01298,pp_nav_01312,navigable,navigable,False
pp_nav_01298,charquis,navigable,navigable,True
pp_nav_01298,towosaghy,navigable,navigable,True
pp_nav_01298,mitchigamea,navigable,navigable,True
pp_nav_01299,pp_nav_01300,improvable,improvable,False
pp_nav_01299,pp_nav_01307,improvable,improvable,False
pp_nav_01299,farkhor,improvable,improvable,True
pp_nav_01299,arkhan,improvable,improvable,True
pp_nav_01300,farkhor,improvable,improvable,True
pp_nav_01300,arkhan,improvable,improvable,True
pp_nav_01300,kishim,improvable,improvable,True
pp_nav_01300,araska,improvable,improvable,True
pp_nav_01301,termez,navigable,navigable,True
pp_nav_01301,pp_nav_01308,improvable,improvable,False
pp_nav_01301,zadian,navigable,navigable,True
pp_nav_01301,aiwanj,navigable,navigable,True
pp_nav_01301,khulm,navigable,navigable,True
pp_nav_01302,pp_nav_01315,improvable,improvable,False
pp_nav_01302,fuchuan_ningxia,navigable,navigable,True
pp_nav_01302,lutang,navigable,navigable,True
pp_nav_01303,charquis,navigable,navigable,True
pp_nav_01303,mitchigamea,navigable,navigable,True
pp_nav_01304,pp_nav_01313,navigable,navigable,False
pp_nav_01304,kaibab,navigable,navigable,True
pp_nav_01304,shungopavi,navigable,navigable,True
pp_nav_01305,pp_nav_01310,navigable,navigable,False
pp_nav_01305,pp_nav_01314,navigable,navigable,False
pp_nav_01305,charquis,navigable,navigable,True
pp_nav_01305,kuttawa,navigable,navigable,True
pp_nav_01306,pp_nav_01318,navigable,navigable,False
pp_nav_01306,manbij,navigable,navigable,True
pp_nav_01306,suruc,navigable,navigable,True
pp_nav_01306,birecik,navigable,navigable,True
pp_nav_01306,dluk,navigable,navigable,True
pp_nav_01307,farkhor,navigable,navigable,True
pp_nav_01307,arkhan,navigable,navigable,True
pp_nav_01308,kunduz,improvable,improvable,True
pp_nav_01308,arkhan,improvable,improvable,True
pp_nav_01308,aiwanj,improvable,improvable,True
pp_nav_01308,khulm,improvable,improvable,True
pp_nav_01309,jiyang,navigable,navigable,True
pp_nav_01309,pp_nav_01317,navigable,navigable,False
pp_nav_01309,licheng,navigable,navigable,True
pp_nav_01309,zhangqiu,navigable,navigable,True
pp_nav_01309,qidong,navigable,navigable,True
pp_nav_01309,qihe,navigable,navigable,True
pp_nav_01310,pp_nav_01320,navigable,navigable,False
pp_nav_01310,shawanoe,navigable,navigable,True
pp_nav_01310,cuttaway,navigable,navigable,True
pp_nav_01310,charquis,navigable,navigable,True
pp_nav_01310,kaskinampo,navigable,navigable,True
pp_nav_01310,kuttawa,navigable,navigable,True
pp_nav_01311,pp_nav_01324,improvable,improvable,False
pp_nav_01311,yanchang,improvable,improvable,True
pp_nav_01311,qingjian,improvable,improvable,True
pp_nav_01311,yonghe,improvable,improvable,True
pp_nav_01311,shilou,improvable,improvable,True
pp_nav_01311,yanchuan,improvable,improvable,True
pp_nav_01311,daning,improvable,improvable,True
pp_nav_01312,pp_nav_01319,navigable,navigable,False
pp_nav_01312,charquis,navigable,navigable,True
pp_nav_01312,towosaghy,navigable,navigable,True
pp_nav_01312,obion,navigable,navigable,True
pp_nav_01313,pp_nav_01325,navigable,navigable,False
pp_nav_01313,kaibab,navigable,navigable,True
pp_nav_01313,shungopavi,navigable,navigable,True
pp_nav_01314,pp_nav_01330,navigable,navigable,False
pp_nav_01314,charquis,navigable,navigable,True
pp_nav_01314,kaskinampo,navigable,navigable,True
pp_nav_01315,pp_nav_01322,improvable,improvable,False
pp_nav_01315,fuchuan_ningxia,improvable,improvable,True
pp_nav_01315,kangu,improvable,improvable,True
pp_nav_01316,pp_nav_01321,navigable,navigable,False
pp_nav_01316,duhok,navigable,navigable,True
pp_nav_01316,balad,navigable,navigable,True
pp_nav_01317,pp_nav_01327,navigable,navigable,False
pp_nav_01317,changqing,navigable,navigable,True
pp_nav_01317,licheng,navigable,navigable,True
pp_nav_01317,qihe,navigable,navigable,True
pp_nav_01317,pingyin,navigable,navigable,True
pp_nav_01317,donge,navigable,navigable,True
pp_nav_01318,pp_nav_01333,navigable,navigable,False
pp_nav_01318,manbij,navigable,navigable,True
pp_nav_01318,suruc,navigable,navigable,True
pp_nav_01318,al_bab,navigable,navigable,True
pp_nav_01318,jabar,navigable,navigable,True
pp_nav_01319,pp_nav_01329,improvable,improvable,False
pp_nav_01319,towosaghy,navigable,navigable,True
pp_nav_01319,obion,navigable,navigable,True
pp_nav_01320,pp_nav_01328,navigable,navigable,False
pp_nav_01320,shawanoe,navigable,navigable,True
pp_nav_01320,kaskinampo,navigable,navigable,True
pp_nav_01321,pp_nav_01340,improvable,improvable,False
pp_nav_01321,qayyarah,navigable,navigable,True
pp_nav_01321,mosul,navigable,navigable,True
pp_nav_01321,balad,navigable,navigable,True
pp_nav_01322,pp_nav_01339,improvable,improvable,False
pp_nav_01322,lanzhou,improvable,improvable,True
pp_nav_01322,kangu,improvable,improvable,True
pp_nav_01323,havasubaaja,barrier,barrier,True
pp_nav_01324,pp_nav_01355,improvable,improvable,False
pp_nav_01324,yanchang,improvable,improvable,True
pp_nav_01324,hancheng,improvable,improvable,True
pp_nav_01324,yichuan,improvable,improvable,True
pp_nav_01324,hejin,improvable,improvable,True
pp_nav_01324,jizhou,improvable,improvable,True
pp_nav_01324,daning,improvable,improvable,True
pp_nav_01324,xiangning,improvable,improvable,True
pp_nav_01325,kaibab,navigable,navigable,True
pp_nav_01325,uinkaret,navigable,navigable,True
pp_nav_01326,pp_nav_01328,navigable,navigable,False
pp_nav_01326,daguwanalahi,navigable,navigable,True
pp_nav_01326,spithota,navigable,navigable,True
pp_nav_01327,pp_nav_01342,navigable,navigable,False
pp_nav_01327,pingyin,navigable,navigable,True
pp_nav_01327,yanggu_yanzhou,navigable,navigable,True
pp_nav_01327,donge,navigable,navigable,True
pp_nav_01327,xucheng,navigable,navigable,True
pp_nav_01328,shawanoe,navigable,navigable,True
pp_nav_01328,daguwanalahi,navigable,navigable,True
pp_nav_01328,spithota,navigable,navigable,True
pp_nav_01329,pp_nav_01347,improvable,improvable,False
pp_nav_01329,casqui,improvable,improvable,True
pp_nav_01329,hatchie,improvable,improvable,True
pp_nav_01329,towosaghy,improvable,improvable,True
pp_nav_01329,obion,improvable,improvable,True
pp_nav_01330,pp_nav_01354,navigable,navigable,False
pp_nav_01330,kaskinampo,navigable,navigable,True
pp_nav_01330,cussate,navigable,navigable,True
pp_nav_01331,hwalbay,navigable,navigable,True
pp_nav_01331,sebit,navigable,navigable,True
pp_nav_01332,havasubaaja,improvable,improvable,True
pp_nav_01333,pp_nav_01346,navigable,navigable,False
pp_nav_01333,tabqah,navigable,navigable,True
pp_nav_01333,al_bab,navigable,navigable,True
pp_nav_01333,maskanah,navigable,navigable,True
pp_nav_01333,jabar,navigable,navigable,True
pp_nav_01334,pp_nav_01339,navigable,navigable,False
pp_nav_01334,pp_nav_01344,barrier,barrier,False
pp_nav_01334,lanzhou,navigable,navigable,True
pp_nav_01334,dingqiang,navigable,navigable,True
pp_nav_01335,gushan,improvable,improvable,True
pp_nav_01335,pp_nav_01341,improvable,improvable,False
pp_nav_01335,guide,improvable,improvable,True
pp_nav_01335,jishi,improvable,improvable,True
pp_nav_01336,moapa,navigable,navigable,True
pp_nav_01336,hwalbay,navigable,navigable,True
pp_nav_01336,havasu,navigable,navigable,True
pp_nav_01337,pp_nav_01348,barrier,barrier,False
pp_nav_01337,chabcha,navigable,navigable,True
pp_nav_01337,guide,navigable,navigable,True
pp_nav_01338,parrusit,barrier,barrier,True
pp_nav_01339,lanzhou,navigable,navigable,True
pp_nav_01339,kangu,navigable,navigable,True
pp_nav_01340,pp_nav_01363,improvable,improvable,False
pp_nav_01340,qayyarah,improvable,improvable,True
pp_nav_01340,mosul,improvable,improvable,True
pp_nav_01340,al_sinn,improvable,improvable,True
pp_nav_01341,gushan,improvable,improvable,True
pp_nav_01341,pp_nav_01350,barrier,barrier,False
pp_nav_01341,jishi,improvable,improvable,True
pp_nav_01342,pp_nav_01356,navigable,navigable,False
pp_nav_01342,yuncheng,navigable,navigable,True
pp_nav_01342,juancheng,navigable,navigable,True
pp_nav_01342,fanxian,navigable,navigable,True
pp_nav_01342,shouzhang,navigable,navigable,True
pp_nav_01342,yanggu_yanzhou,navigable,navigable,True
pp_nav_01342,xucheng,navigable,navigable,True
pp_nav_01343,satapo,improvable,improvable,True
pp_nav_01343,pp_nav_01349,improvable,improvable,False
pp_nav_01343,coste,improvable,improvable,True
pp_nav_01344,gushan,barrier,barrier,True
pp_nav_01344,pp_nav_01350,barrier,barrier,False
pp_nav_01344,dingqiang,barrier,barrier,True
pp_nav_01344,hezhou,barrier,barrier,True
pp_nav_01345,parrusit,barrier,barrier,True
pp_nav_01346,pp_nav_01352,navigable,navigable,False
pp_nav_01346,tabqah,navigable,navigable,True
pp_nav_01346,raqqa,navigable,navigable,True
pp_nav_01346,jabar,navigable,navigable,True
pp_nav_01347,pp_nav_01362,improvable,improvable,False
pp_nav_01347,casqui,improvable,improvable,True
pp_nav_01347,hatchie,improvable,improvable,True
pp_nav_01347,chucalissa,improvable,improvable,True
pp_nav_01348,pp_nav_01366,barrier,barrier,False
pp_nav_01348,chabcha,barrier,barrier,True
pp_nav_01348,guide,barrier,barrier,True
pp_nav_01348,amnye_machen,barrier,barrier,True
pp_nav_01348,sailahai,barrier,barrier,True
pp_nav_01349,satapo,navigable,navigable,True
pp_nav_01349,pp_nav_01368,improvable,improvable,False
pp_nav_01349,chatanugi,navigable,navigable,True
pp_nav_01349,chestowee,navigable,navigable,True
pp_nav_01350,gushan,barrier,barrier,True
pp_nav_01350,dingqiang,barrier,barrier,True
pp_nav_01350,jishi,barrier,barrier,True
pp_nav_01351,pp_nav_01359,barrier,barrier,False
pp_nav_01351,bunji,barrier,barrier,True
pp_nav_01351,gilgit,barrier,barrier,True
pp_nav_01352,pp_nav_01360,navigable,navigable,False
pp_nav_01352,tabqah,navigable,navigable,True
pp_nav_01352,raqqa,navigable,navigable,True
pp_nav_01352,deir_ez_zor,navigable,navigable,True
pp_nav_01352,busayrah,navigable,navigable,True
pp_nav_01353,pp_nav_01369,navigable,navigable,False
pp_nav_01353,tulsa,navigable,navigable,True
pp_nav_01353,tawehash,navigable,navigable,True
pp_nav_01354,pp_nav_01374,navigable,navigable,False
pp_nav_01354,cussate,navigable,navigable,True
pp_nav_01355,pp_nav_01376,improvable,improvable,False
pp_nav_01355,wanquan,improvable,improvable,True
pp_nav_01355,hancheng,improvable,improvable,True
pp_nav_01355,hejin,improvable,improvable,True
pp_nav_01355,heyang_xian,improvable,improvable,True
pp_nav_01355,linjin,improvable,improvable,True
pp_nav_01356,pp_nav_01373,navigable,navigable,False
pp_nav_01356,puyang,navigable,navigable,True
pp_nav_01356,changyuan,navigable,navigable,True
pp_nav_01356,jiyin,navigable,navigable,True
pp_nav_01356,juancheng,navigable,navigable,True
pp_nav_01356,fanxian,navigable,navigable,True
pp_nav_01356,dongming,navigable,navigable,True
pp_nav_01357,pp_nav_01381,navigable,navigable,False
pp_nav_01357,palisema,navigable,navigable,True
pp_nav_01357,calpista,navigable,navigable,True
pp_nav_01357,coligua,navigable,navigable,True
pp_nav_01358,pp_nav_01372,barrier,barrier,False
pp_nav_01358,skardu,barrier,barrier,True
pp_nav_01359,pp_nav_01361,barrier,barrier,False
pp_nav_01359,bunji,barrier,barrier,True
pp_nav_01359,chilas,barrier,barrier,True
pp_nav_01359,astore,barrier,barrier,True
pp_nav_01360,pp_nav_01377,navigable,navigable,False
pp_nav_01360,rahba,navigable,navigable,True
pp_nav_01360,deir_ez_zor,navigable,navigable,True
pp_nav_01360,busayrah,navigable,navigable,True
pp_nav_01361,pp_nav_01370,navigable,difficult,False
pp_nav_01361,chilas,navigable,difficult,True
pp_nav_01361,tangir,navigable,difficult,True
pp_nav_01361,dasu,navigable,difficult,True
pp_nav_01362,pp_nav_01382,improvable,improvable,False
pp_nav_01362,casqui,navigable,navigable,True
pp_nav_01362,chucalissa,navigable,navigable,True
pp_nav_01362,quizquiz,navigable,navigable,True
pp_nav_01362,pacaha,navigable,navigable,True
pp_nav_01363,pp_nav_01380,improvable,improvable,False
pp_nav_01363,al_sinn,improvable,improvable,True
pp_nav_01363,tikrit,improvable,improvable,True
pp_nav_01364,pp_nav_01365,navigable,navigable,False
pp_nav_01364,pp_nav_01367,navigable,navigable,False
pp_nav_01364,quipana,navigable,navigable,True
pp_nav_01364,tula_ark,navigable,navigable,True
pp_nav_01364,tanico,navigable,navigable,True
pp_nav_01365,pp_nav_01369,navigable,navigable,False
pp_nav_01365,tula_ark,navigable,navigable,True
pp_nav_01365,tawehash,navigable,navigable,True
pp_nav_01366,pp_nav_01392,barrier,barrier,False
pp_nav_01366,lungkya,barrier,barrier,True
pp_nav_01366,amnye_machen,barrier,barrier,True
pp_nav_01366,sailahai,barrier,barrier,True
pp_nav_01367,pp_nav_01375,improvable,improvable,False
pp_nav_01367,quipana,navigable,navigable,True
pp_nav_01367,tutilcoya,navigable,navigable,True
pp_nav_01367,tanico,navigable,navigable,True
pp_nav_01367,anoixi,navigable,navigable,True
pp_nav_01368,chatanugi,improvable,improvable,True
pp_nav_01368,utsutigway,improvable,improvable,True
pp_nav_01369,tawehash,navigable,navigable,True
pp_nav_01370,pp_nav_01388,navigable,navigable,False
pp_nav_01370,jijial,navigable,navigable,True
pp_nav_01370,baligram,navigable,navigable,True
pp_nav_01370,dasu,navigable,navigable,True
pp_nav_01371,pp_nav_01395,navigable,navigable,False
pp_nav_01371,aha_macav,navigable,navigable,True
pp_nav_01371,havasu,navigable,navigable,True
pp_nav_01372,pp_nav_01384,barrier,barrier,False
pp_nav_01372,skardu,barrier,barrier,True
pp_nav_01372,lamayuru,barrier,barrier,True
pp_nav_01373,kaifeng,navigable,navigable,True
pp_nav_01373,lanyang,navigable,navigable,True
pp_nav_01373,fengqiu,navigable,navigable,True
pp_nav_01373,changyuan,navigable,navigable,True
pp_nav_01373,dongming,navigable,navigable,True
pp_nav_01374,ongoulastoga,navigable,navigable,True
pp_nav_01374,pp_nav_01391,navigable,navigable,False
pp_nav_01374,hogehege,navigable,navigable,True
pp_nav_01374,cussate,navigable,navigable,True
pp_nav_01374,cootcla,navigable,navigable,True
pp_nav_01375,pp_nav_01386,improvable,improvable,False
pp_nav_01375,tutilcoya,improvable,improvable,True
pp_nav_01375,utiangue,improvable,improvable,True
pp_nav_01375,anoixi,improvable,improvable,True
pp_nav_01376,pp_nav_01397,navigable,navigable,False
pp_nav_01376,huayin,navigable,navigable,True
pp_nav_01376,hedong,navigable,navigable,True
pp_nav_01376,ruicheng,navigable,navigable,True
pp_nav_01376,tongzhou,navigable,navigable,True
pp_nav_01376,heyang_xian,navigable,navigable,True
pp_nav_01376,linjin,navigable,navigable,True
pp_nav_01377,pp_nav_01398,navigable,navigable,False
pp_nav_01377,rahba,navigable,navigable,True
pp_nav_01377,abu_kemal,navigable,navigable,True
pp_nav_01377,busayrah,navigable,navigable,True
pp_nav_01378,pp_nav_01389,navigable,navigable,False
pp_nav_01378,xiaxian,navigable,navigable,True
pp_nav_01378,pinglu,navigable,navigable,True
pp_nav_01378,mianchi,navigable,navigable,True
pp_nav_01378,xinan,navigable,navigable,True
pp_nav_01378,yuanqu,navigable,navigable,True
pp_nav_01378,jiyuan,navigable,navigable,True
pp_nav_01379,pp_nav_01394,navigable,navigable,False
pp_nav_01379,utsutigway,navigable,navigable,True
pp_nav_01379,callamaco,navigable,navigable,True
pp_nav_01379,hytop,navigable,navigable,True
pp_nav_01380,pp_nav_01405,improvable,improvable,False
pp_nav_01380,samarra,improvable,improvable,True
pp_nav_01380,tikrit,improvable,improvable,True
pp_nav_01381,pp_nav_01404,navigable,navigable,False
pp_nav_01381,tutilpinco,navigable,navigable,True
pp_nav_01381,calpista,navigable,navigable,True
pp_nav_01381,utiangue,navigable,navigable,True
pp_nav_01381,quigate,navigable,navigable,True
pp_nav_01382,taposa,improvable,improvable,True
pp_nav_01382,pp_nav_01399,improvable,improvable,False
pp_nav_01382,quizquiz,improvable,improvable,True
pp_nav_01382,quigate,improvable,improvable,True
pp_nav_01382,pacaha,improvable,improvable,True
pp_nav_01383,pp_nav_01385,navigable,navigable,False
pp_nav_01383,pp_nav_01390,improvable,improvable,False
pp_nav_01383,gongxian,navigable,navigable,True
pp_nav_01383,xingyang,navigable,navigable,True
pp_nav_01383,guancheng_zhengzhou,navigable,navigable,True
pp_nav_01383,yuanyang,navigable,navigable,True
pp_nav_01383,wuzhi,navigable,navigable,True
pp_nav_01383,wenxian,navigable,navigable,True
pp_nav_01384,lamayuru,improvable,improvable,True
pp_nav_01385,kaifeng,navigable,navigable,True
pp_nav_01385,fengqiu,navigable,navigable,True
pp_nav_01385,guancheng_zhengzhou,navigable,navigable,True
pp_nav_01385,zhongmu,navigable,navigable,True
pp_nav_01385,yuanyang,navigable,navigable,True
pp_nav_01386,pp_nav_01407,navigable,navigable,False
pp_nav_01386,ayays,navigable,navigable,True
pp_nav_01386,utiangue,navigable,navigable,True
pp_nav_01387,lanyang,navigable,navigable,True
pp_nav_01388,jijial,navigable,navigable,True
pp_nav_01388,baligram,navigable,navigable,True
pp_nav_01389,pp_nav_01397,navigable,navigable,False
pp_nav_01389,ruicheng,navigable,navigable,True
pp_nav_01389,shanxian,navigable,navigable,True
pp_nav_01389,lingbao,navigable,navigable,True
pp_nav_01389,pinglu,navigable,navigable,True
pp_nav_01389,mianchi,navigable,navigable,True
pp_nav_01390,mengjin,improvable,improvable,True
pp_nav_01390,gongxian,improvable,improvable,True
pp_nav_01390,mengxian,improvable,improvable,True
pp_nav_01390,wenxian,improvable,improvable,True
pp_nav_01391,pp_nav_01396,navigable,navigable,False
pp_nav_01391,hogehege,navigable,navigable,True
pp_nav_01391,cootcla,navigable,navigable,True
pp_nav_01392,lungkya,navigable,navigable,True
pp_nav_01392,sailahai,navigable,navigable,True
pp_nav_01393,pp_nav_01410,improvable,improvable,False
pp_nav_01393,agror,improvable,improvable,True
pp_nav_01393,baligram,improvable,improvable,True
pp_nav_01394,pp_nav_01401,improvable,improvable,False
pp_nav_01394,koasati,navigable,navigable,True
pp_nav_01394,callamaco,navigable,navigable,True
pp_nav_01394,hytop,navigable,navigable,True
pp_nav_01395,pp_nav_01412,navigable,navigable,False
pp_nav_01395,aha_macav,navigable,navigable,True
pp_nav_01395,halchidoma,navigable,navigable,True
pp_nav_01396,pp_nav_01401,improvable,improvable,False
pp_nav_01396,koasati,navigable,navigable,True
pp_nav_01396,hogehege,navigable,navigable,True
pp_nav_01396,cootcla,navigable,navigable,True
pp_nav_01397,huayin,navigable,navigable,True
pp_nav_01397,ruicheng,navigable,navigable,True
pp_nav_01397,lingbao,navigable,navigable,True
pp_nav_01397,wenxiang,navigable,navigable,True
pp_nav_01398,abu_kemal,navigable,navigable,True
pp_nav_01398,anah,navigable,navigable,True
pp_nav_01399,taposa,navigable,navigable,True
pp_nav_01399,pp_nav_01413,navigable,navigable,False
pp_nav_01399,quigualtam,navigable,navigable,True
pp_nav_01399,anilco,navigable,navigable,True
pp_nav_01399,quigate,navigable,navigable,True
pp_nav_01400,quge,barrier,barrier,True
pp_nav_01400,lungkya,barrier,barrier,True
pp_nav_01400,muxihe,barrier,barrier,True
pp_nav_01401,koasati,improvable,improvable,True
pp_nav_01402,pp_nav_01409,improvable,improvable,False
pp_nav_01402,jalalabad,improvable,improvable,True
pp_nav_01402,asadabad_kunar,improvable,improvable,True
pp_nav_01402,lalpur,improvable,improvable,True
pp_nav_01403,anah,navigable,navigable,True
pp_nav_01403,haditha,navigable,navigable,True
pp_nav_01404,pp_nav_01415,navigable,navigable,False
pp_nav_01404,pp_nav_01417,navigable,navigable,False
pp_nav_01404,tutilpinco,navigable,navigable,True
pp_nav_01404,anilco,navigable,navigable,True
pp_nav_01405,pp_nav_01416,navigable,navigable,False
pp_nav_01405,samarra,navigable,navigable,True
pp_nav_01405,ukbara,navigable,navigable,True
pp_nav_01406,anah,navigable,navigable,True
pp_nav_01407,pp_nav_01415,navigable,navigable,False
pp_nav_01407,ayays,navigable,navigable,True
pp_nav_01408,haditha,navigable,navigable,True
pp_nav_01409,pp_nav_01414,improvable,improvable,False
pp_nav_01409,jalalabad,improvable,improvable,True
pp_nav_01409,peshawar,improvable,improvable,True
pp_nav_01409,lalpur,improvable,improvable,True
pp_nav_01409,mardan,improvable,improvable,True
pp_nav_01410,pp_nav_01414,improvable,improvable,False
pp_nav_01410,pp_nav_01418,improvable,improvable,False
pp_nav_01410,attock,improvable,improvable,True
pp_nav_01410,sherwan,improvable,improvable,True
pp_nav_01410,agror,improvable,improvable,True
pp_nav_01410,peshawar,improvable,improvable,True
pp_nav_01410,baligram,improvable,improvable,True
pp_nav_01410,mardan,improvable,improvable,True
pp_nav_01411,pp_nav_01419,navigable,navigable,False
pp_nav_01411,haditha,navigable,navigable,True
pp_nav_01411,hit,navigable,navigable,True
pp_nav_01411,ar_rabb,navigable,navigable,True
pp_nav_01412,pp_nav_01420,navigable,navigable,False
pp_nav_01412,halchidoma,navigable,navigable,True
pp_nav_01413,pp_nav_01417,navigable,navigable,False
pp_nav_01413,pp_nav_01421,navigable,navigable,False
pp_nav_01413,quigualtam,navigable,navigable,True
pp_nav_01413,anilco,navigable,navigable,True
pp_nav_01414,peshawar,navigable,navigable,True
pp_nav_01414,mardan,navigable,navigable,True
pp_nav_01415,tutilpinco,navigable,navigable,True
pp_nav_01415,ayays,navigable,navigable,True
pp_nav_01415,anilco,navigable,navigable,True
pp_nav_01416,pp_nav_01425,navigable,navigable,False
pp_nav_01416,samarra,navigable,navigable,True
pp_nav_01416,khalis,navigable,navigable,True
pp_nav_01416,baqubah,navigable,navigable,True
pp_nav_01416,ukbara,navigable,navigable,True
pp_nav_01417,anilco,navigable,navigable,True
pp_nav_01418,pp_nav_01428,improvable,improvable,False
pp_nav_01418,attock,improvable,improvable,True
pp_nav_01418,pindi_gheb,improvable,improvable,True
pp_nav_01418,kohat,improvable,improvable,True
pp_nav_01418,peshawar,improvable,improvable,True
pp_nav_01418,mardan,improvable,improvable,True
pp_nav_01419,hit,navigable,navigable,True
pp_nav_01419,ar_rabb,navigable,navigable,True
pp_nav_01419,al_anbar,navigable,navigable,True
pp_nav_01420,pp_nav_01437,improvable,improvable,False
pp_nav_01420,halchidoma,navigable,navigable,True
pp_nav_01420,kwatsaan,navigable,navigable,True
pp_nav_01421,pp_nav_01430,navigable,navigable,False
pp_nav_01421,quigualtam,navigable,navigable,True
pp_nav_01421,anilco,navigable,navigable,True
pp_nav_01421,guachoyo,navigable,navigable,True
pp_nav_01422,pp_nav_01427,navigable,navigable,False
pp_nav_01422,winnee,navigable,navigable,True
pp_nav_01422,santee,navigable,navigable,True
pp_nav_01422,hymahi,navigable,navigable,True
pp_nav_01422,etiwan,navigable,navigable,True
pp_nav_01423,pp_nav_01439,navigable,navigable,False
pp_nav_01423,naguatex,navigable,navigable,True
pp_nav_01423,amaye,navigable,navigable,True
pp_nav_01424,charleston_harbor,navigable,navigable,False
pp_nav_01424,winyah,navigable,navigable,True
pp_nav_01425,pp_nav_01441,navigable,difficult,False
pp_nav_01425,baghdad,navigable,navigable,True
pp_nav_01425,dayr_aqul,navigable,navigable,True
pp_nav_01425,an_nil,navigable,navigable,True
pp_nav_01425,baqubah,navigable,navigable,True
pp_nav_01425,ukbara,navigable,navigable,True
pp_nav_01426,pp_nav_01440,navigable,navigable,False
pp_nav_01426,tiou,navigable,navigable,True
pp_nav_01426,koroa,navigable,navigable,True
pp_nav_01427,pp_nav_01433,navigable,navigable,False
pp_nav_01427,wando,navigable,navigable,True
pp_nav_01427,winnee,navigable,navigable,True
pp_nav_01427,winyah,navigable,navigable,True
pp_nav_01427,etiwan,navigable,navigable,True
pp_nav_01428,pp_nav_01442,navigable,navigable,False
pp_nav_01428,dinkot,navigable,navigable,True
pp_nav_01428,isakhel,navigable,navigable,True
pp_nav_01428,pindi_gheb,navigable,navigable,True
pp_nav_01428,kohat,navigable,navigable,True
pp_nav_01429,pp_nav_01445,navigable,navigable,False
pp_nav_01429,baghdad,navigable,navigable,True
pp_nav_01429,karbala,navigable,navigable,True
pp_nav_01429,al_anbar,navigable,navigable,True
pp_nav_01430,yazoo,navigable,navigable,True
pp_nav_01430,pp_nav_01451,navigable,navigable,False
pp_nav_01430,quigualtam,navigable,navigable,True
pp_nav_01430,guachoyo,navigable,navigable,True
pp_nav_01430,tunica,navigable,navigable,True
pp_nav_01431,zhaoxin,navigable,navigable,True
pp_nav_01431,wuhe,navigable,navigable,True
pp_nav_01431,linhuai,navigable,navigable,True
pp_nav_01432,pp_nav_01435,navigable,difficult,False
pp_nav_01432,pp_nav_01438,improvable,improvable,False
pp_nav_01432,rasyal,navigable,navigable,True
pp_nav_01432,kishtwar,navigable,navigable,True
pp_nav_01432,banihal,navigable,navigable,True
pp_nav_01432,udamphur,navigable,navigable,True
pp_nav_01433,wando,navigable,navigable,True
pp_nav_01433,charleston_harbor,navigable,navigable,False
pp_nav_01433,winyah,navigable,navigable,True
pp_nav_01434,pp_nav_01454,navigable,navigable,False
pp_nav_01434,gujrat,navigable,navigable,True
pp_nav_01434,kohtali,navigable,navigable,True
pp_nav_01434,khewra,navigable,navigable,True
pp_nav_01434,dina,navigable,navigable,True
pp_nav_01435,kishtwar,navigable,difficult,True
pp_nav_01436,pp_nav_01443,navigable,navigable,False
pp_nav_01436,zhongli,navigable,navigable,True
pp_nav_01436,zhaoxin,navigable,navigable,True
pp_nav_01436,wuhe,navigable,navigable,True
pp_nav_01437,kwatsaan,improvable,improvable,True
pp_nav_01438,pp_nav_01456,improvable,improvable,False
pp_nav_01438,gujrat,improvable,improvable,True
pp_nav_01438,rasyal,improvable,improvable,True
pp_nav_01438,sialkot,improvable,improvable,True
pp_nav_01438,jammu,improvable,improvable,True
pp_nav_01438,udamphur,improvable,improvable,True
pp_nav_01438,bhimber,improvable,improvable,True
pp_nav_01439,pp_nav_01462,improvable,improvable,False
pp_nav_01439,naguatex,navigable,navigable,True
pp_nav_01439,doustioni,navigable,navigable,True
pp_nav_01440,yazoo,navigable,navigable,True
pp_nav_01440,pp_nav_01457,navigable,navigable,False
pp_nav_01440,koroa,navigable,navigable,True
pp_nav_01441,pp_nav_01450,navigable,difficult,False
pp_nav_01441,dayr_aqul,navigable,difficult,True
pp_nav_01441,an_nil,navigable,difficult,True
pp_nav_01442,dinkot,navigable,navigable,True
pp_nav_01442,isakhel,navigable,navigable,True
pp_nav_01443,pp_nav_01453,navigable,navigable,False
pp_nav_01443,guzhen,navigable,navigable,True
pp_nav_01443,xiacai,navigable,navigable,True
pp_nav_01443,zhongli,navigable,navigable,True
pp_nav_01443,huaiyuan,navigable,navigable,True
pp_nav_01443,wuhe,navigable,navigable,True
pp_nav_01444,pp_nav_01446,barrier,barrier,False
pp_nav_01444,pp_nav_01449,barrier,barrier,False
pp_nav_01444,shangjin,barrier,barrier,True
pp_nav_01444,xunyang,barrier,barrier,True
pp_nav_01445,pp_nav_01470,navigable,navigable,False
pp_nav_01445,baghdad,navigable,navigable,True
pp_nav_01445,karbala,navigable,navigable,True
pp_nav_01445,an_nil,navigable,navigable,True
pp_nav_01445,kufa,navigable,navigable,True
pp_nav_01445,hillah,navigable,navigable,True
pp_nav_01446,yun,navigable,navigable,True
pp_nav_01446,pp_nav_01447,improvable,improvable,False
pp_nav_01446,shangjin,navigable,navigable,True
pp_nav_01446,xunyang,navigable,navigable,True
pp_nav_01446,yunxi,navigable,navigable,True
pp_nav_01446,huanglong,navigable,navigable,True
pp_nav_01447,yun,improvable,improvable,True
pp_nav_01447,pp_nav_01458,improvable,improvable,False
pp_nav_01447,wudang,improvable,improvable,True
pp_nav_01447,huanglong,improvable,improvable,True
pp_nav_01448,pp_nav_01459,navigable,navigable,False
pp_nav_01448,taliepacana,navigable,navigable,True
pp_nav_01448,consha,navigable,navigable,True
pp_nav_01449,xunyang,barrier,barrier,True
pp_nav_01449,xicheng,barrier,barrier,True
pp_nav_01449,goupingguan,barrier,barrier,True
pp_nav_01450,pp_nav_01455,navigable,difficult,False
pp_nav_01450,dayr_aqul,navigable,difficult,True
pp_nav_01450,an_nil,navigable,difficult,True
pp_nav_01450,numaniyyah,navigable,difficult,True
pp_nav_01451,yazoo,navigable,navigable,True
pp_nav_01451,pp_nav_01457,navigable,navigable,False
pp_nav_01451,pp_nav_01469,improvable,improvable,False
pp_nav_01451,tunica,navigable,navigable,True
pp_nav_01452,pp_nav_01474,navigable,navigable,False
pp_nav_01452,tensas,navigable,navigable,True
pp_nav_01452,ouachita,navigable,navigable,True
pp_nav_01453,pp_nav_01461,navigable,navigable,False
pp_nav_01453,xiacai,navigable,navigable,True
pp_nav_01453,shouchun,navigable,navigable,True
pp_nav_01453,yingshang,navigable,navigable,True
pp_nav_01454,pp_nav_01464,navigable,navigable,False
pp_nav_01454,gujrat,navigable,navigable,True
pp_nav_01454,busal,navigable,navigable,True
pp_nav_01454,khewra,navigable,navigable,True
pp_nav_01454,bhera,navigable,navigable,True
pp_nav_01455,pp_nav_01460,navigable,difficult,False
pp_nav_01455,dayr_aqul,navigable,difficult,True
pp_nav_01455,numaniyyah,navigable,difficult,True
pp_nav_01455,bakusaya,navigable,difficult,True
pp_nav_01455,wasit,navigable,difficult,True
pp_nav_01456,pp_nav_01467,navigable,navigable,False
pp_nav_01456,gujrat,navigable,navigable,True
pp_nav_01456,busal,navigable,navigable,True
pp_nav_01456,eminabad,navigable,navigable,True
pp_nav_01456,sialkot,navigable,navigable,True
pp_nav_01457,yazoo,navigable,navigable,True
pp_nav_01457,tunica,navigable,navigable,True
pp_nav_01458,pp_nav_01473,improvable,improvable,False
pp_nav_01458,fancheng,improvable,improvable,True
pp_nav_01458,wudang,improvable,improvable,True
pp_nav_01458,gucheng,improvable,improvable,True
pp_nav_01458,guanghua,improvable,improvable,True
pp_nav_01459,pp_nav_01480,navigable,navigable,False
pp_nav_01459,tombigbee,navigable,navigable,True
pp_nav_01459,consha,navigable,navigable,True
pp_nav_01460,pp_nav_01479,navigable,difficult,False
pp_nav_01460,bakusaya,navigable,difficult,True
pp_nav_01460,al_tib,navigable,difficult,True
pp_nav_01460,wasit,navigable,difficult,True
pp_nav_01461,shouchun,navigable,navigable,True
pp_nav_01461,huoqiu,navigable,navigable,True
pp_nav_01461,yingshang,navigable,navigable,True
pp_nav_01462,pp_nav_01481,improvable,improvable,False
pp_nav_01462,ya_ttaish,improvable,improvable,True
pp_nav_01462,doustioni,improvable,improvable,True
pp_nav_01463,pp_nav_01466,navigable,navigable,False
pp_nav_01463,humati,navigable,navigable,True
pp_nav_01463,mabila,navigable,navigable,True
pp_nav_01463,piachi,navigable,navigable,True
pp_nav_01463,atahachi,navigable,navigable,True
pp_nav_01464,shahpur,navigable,navigable,True
pp_nav_01464,khushab,navigable,navigable,True
pp_nav_01464,khewra,navigable,navigable,True
pp_nav_01464,bhera,navigable,navigable,True
pp_nav_01465,pp_nav_01482,navigable,navigable,False
pp_nav_01465,dinkot,navigable,navigable,True
pp_nav_01465,dera_ismail_khan,navigable,navigable,True
pp_nav_01465,bhakkar,navigable,navigable,True
pp_nav_01466,pp_nav_01472,navigable,navigable,False
pp_nav_01466,tohome,navigable,navigable,True
pp_nav_01466,mabila,navigable,navigable,True
pp_nav_01466,piachi,navigable,navigable,True
pp_nav_01467,pp_nav_01483,navigable,difficult,False
pp_nav_01467,busal,navigable,navigable,True
pp_nav_01467,eminabad,navigable,navigable,True
pp_nav_01467,pindi_bhattian,navigable,navigable,True
pp_nav_01467,lalian,navigable,navigable,True
pp_nav_01468,pp_nav_01489,improvable,improvable,False
pp_nav_01468,zhaohua,improvable,improvable,True
pp_nav_01468,puan,improvable,improvable,True
pp_nav_01468,cangxi,improvable,improvable,True
pp_nav_01468,miangu,improvable,improvable,True
pp_nav_01469,yazoo,improvable,improvable,True
pp_nav_01469,pp_nav_01485,improvable,improvable,False
pp_nav_01469,tensas,improvable,improvable,True
pp_nav_01469,chittaloosa,improvable,improvable,True
pp_nav_01469,tunica,improvable,improvable,True
pp_nav_01470,pp_nav_01490,navigable,navigable,False
pp_nav_01470,kufa,navigable,navigable,True
pp_nav_01470,hillah,navigable,navigable,True
pp_nav_01470,qadisiyyah,navigable,navigable,True
pp_nav_01471,taixing,navigable,navigable,True
pp_nav_01471,dantu,navigable,navigable,True
pp_nav_01472,pp_nav_01487,navigable,navigable,False
pp_nav_01472,tombigbee,navigable,navigable,True
pp_nav_01472,tohome,navigable,navigable,True
pp_nav_01473,yicheng,improvable,improvable,True
pp_nav_01473,pp_nav_01486,improvable,improvable,False
pp_nav_01473,xiangyang,improvable,improvable,True
pp_nav_01473,fancheng,improvable,improvable,True
pp_nav_01473,gucheng,improvable,improvable,True
pp_nav_01474,pp_nav_01496,navigable,navigable,False
pp_nav_01474,tensas,navigable,navigable,True
pp_nav_01474,catahoula,navigable,navigable,True
pp_nav_01475,danyang,improvable,improvable,True
pp_nav_01475,dantu,improvable,improvable,True
pp_nav_01475,wujin,improvable,improvable,True
pp_nav_01476,shahpur,navigable,navigable,True
pp_nav_01477,danyang,improvable,improvable,True
pp_nav_01477,dantu,improvable,improvable,True
pp_nav_01477,jintan,improvable,improvable,True
pp_nav_01478,taixing,navigable,navigable,True
pp_nav_01478,yantze_estuary,navigable,navigable,False
pp_nav_01478,dantu,navigable,navigable,True
pp_nav_01478,jiangyin,navigable,navigable,True
pp_nav_01478,wujin,navigable,navigable,True
pp_nav_01479,pp_nav_01493,navigable,difficult,False
pp_nav_01479,abdas,navigable,difficult,True
pp_nav_01479,al_madar,navigable,difficult,True
pp_nav_01479,al_tib,navigable,difficult,True
pp_nav_01479,wasit,navigable,difficult,True
pp_nav_01480,pp_nav_01497,navigable,navigable,False
pp_nav_01480,tombigbee,navigable,navigable,True
pp_nav_01480,escatawppa,navigable,navigable,True
pp_nav_01481,pp_nav_01492,navigable,navigable,False
pp_nav_01481,ya_ttaish,navigable,navigable,True
pp_nav_01481,calcasieu,navigable,navigable,True
pp_nav_01482,pp_nav_01504,navigable,navigable,False
pp_nav_01482,karor,navigable,navigable,True
pp_nav_01482,karor_2,navigable,navigable,True
pp_nav_01482,dera_ismail_khan,navigable,navigable,True
pp_nav_01482,bhakkar,navigable,navigable,True
pp_nav_01483,pp_nav_01491,navigable,difficult,False
pp_nav_01483,sillanwali,navigable,difficult,True
pp_nav_01483,chiniot,navigable,difficult,True
pp_nav_01483,pindi_bhattian,navigable,difficult,True
pp_nav_01483,lalian,navigable,difficult,True
pp_nav_01484,pp_nav_01498,navigable,navigable,False
pp_nav_01484,wujiang_yingtian,navigable,navigable,True
pp_nav_01484,shangyuan,navigable,navigable,True
pp_nav_01484,jiangning,navigable,navigable,True
pp_nav_01484,hezhou_he,navigable,navigable,True
pp_nav_01484,wuhu,navigable,navigable,True
pp_nav_01484,dangtu,navigable,navigable,True
pp_nav_01485,pp_nav_01508,improvable,improvable,False
pp_nav_01485,tensas,navigable,navigable,True
pp_nav_01485,chittaloosa,navigable,navigable,True
pp_nav_01485,natchez,navigable,navigable,True
pp_nav_01485,catahoula,navigable,navigable,True
pp_nav_01486,yicheng,navigable,navigable,True
pp_nav_01486,pp_nav_01506,navigable,navigable,False
pp_nav_01486,xiangyang,navigable,navigable,True
pp_nav_01486,fengle,navigable,navigable,True
pp_nav_01486,zhongxiang,navigable,navigable,True
pp_nav_01487,pp_nav_01503,navigable,navigable,False
pp_nav_01487,tombigbee,navigable,navigable,True
pp_nav_01487,tohome,navigable,navigable,True
pp_nav_01488,pp_nav_01495,barrier,barrier,False
pp_nav_01488,sarahan,barrier,barrier,True
pp_nav_01488,nako,barrier,barrier,True
pp_nav_01489,pp_nav_01509,improvable,improvable,False
pp_nav_01489,cangxi,navigable,navigable,True
pp_nav_01489,langzhong,navigable,navigable,True
pp_nav_01489,nanbu,navigable,navigable,True
pp_nav_01490,pp_nav_01501,navigable,navigable,False
pp_nav_01490,samawa,navigable,navigable,True
pp_nav_01490,hillah,navigable,navigable,True
pp_nav_01490,qadisiyyah,navigable,navigable,True
pp_nav_01491,pp_nav_01494,navigable,difficult,False
pp_nav_01491,pp_nav_01513,navigable,difficult,False
pp_nav_01491,sillanwali,navigable,difficult,True
pp_nav_01491,jhang,navigable,difficult,True
pp_nav_01491,chiniot,navigable,difficult,True
pp_nav_01492,pp_nav_01510,navigable,navigable,False
pp_nav_01492,kisatchie,navigable,navigable,True
pp_nav_01492,calcasieu,navigable,navigable,True
pp_nav_01493,pp_nav_01518,navigable,difficult,False
pp_nav_01493,abdas,navigable,difficult,True
pp_nav_01493,al_madar,navigable,difficult,True
pp_nav_01494,sillanwali,navigable,navigable,True
pp_nav_01494,mankera,navigable,navigable,True
pp_nav_01495,pp_nav_01507,barrier,barrier,False
pp_nav_01495,sarahan,barrier,barrier,True
pp_nav_01495,suket,barrier,barrier,True
pp_nav_01496,pp_nav_01510,navigable,navigable,False
pp_nav_01496,pp_nav_01511,navigable,navigable,False
pp_nav_01496,kisatchie,navigable,navigable,True
pp_nav_01496,opelousa,navigable,navigable,True
pp_nav_01496,catahoula,navigable,navigable,True
pp_nav_01497,pp_nav_01503,navigable,navigable,False
pp_nav_01497,pp_nav_01526,navigable,navigable,False
pp_nav_01497,tombigbee,navigable,navigable,True
pp_nav_01497,tohome,navigable,navigable,True
pp_nav_01497,escatawppa,navigable,navigable,True
pp_nav_01498,pp_nav_01514,navigable,navigable,False
pp_nav_01498,tongling,navigable,navigable,True
pp_nav_01498,hezhou_he,navigable,navigable,True
pp_nav_01498,fanchang,navigable,navigable,True
pp_nav_01498,wuwei,navigable,navigable,True
pp_nav_01498,wuhu,navigable,navigable,True
pp_nav_01499,rosetta_mouth,navigable,navigable,False
pp_nav_01499,pp_nav_01531,navigable,navigable,False
pp_nav_01499,rashid,navigable,navigable,True
pp_nav_01499,damanhur,navigable,navigable,True
pp_nav_01499,el_burullus,navigable,navigable,True
pp_nav_01499,el_mahalla,navigable,navigable,True
pp_nav_01499,fuwa,navigable,navigable,True
pp_nav_01500,pp_nav_01502,improvable,improvable,False
pp_nav_01500,pp_nav_01507,barrier,barrier,False
pp_nav_01500,kahlur,navigable,navigable,True
pp_nav_01500,suket,navigable,navigable,True
pp_nav_01501,pp_nav_01515,navigable,navigable,False
pp_nav_01501,samawa,navigable,navigable,True
pp_nav_01501,nasiriyah,navigable,navigable,True
pp_nav_01501,hillah,navigable,navigable,True
pp_nav_01502,pp_nav_01525,improvable,improvable,False
pp_nav_01502,kahlur,improvable,improvable,True
pp_nav_01502,sirhind,improvable,improvable,True
pp_nav_01502,kutlehar,improvable,improvable,True
pp_nav_01502,rahon,improvable,improvable,True
pp_nav_01503,tombigbee,navigable,navigable,True
pp_nav_01503,tohome,navigable,navigable,True
pp_nav_01504,pp_nav_01539,navigable,navigable,False
pp_nav_01504,karor,navigable,navigable,True
pp_nav_01504,karor_2,navigable,navigable,True
pp_nav_01504,dera_ghazi_khan,navigable,navigable,True
pp_nav_01505,pp_nav_01521,barrier,barrier,False
pp_nav_01505,gonjo,navigable,difficult,True
pp_nav_01505,tangkya,navigable,difficult,True
pp_nav_01505,jomda,navigable,difficult,True
pp_nav_01505,katok,navigable,difficult,True
pp_nav_01505,kharak,navigable,difficult,True
pp_nav_01506,pp_nav_01536,navigable,navigable,False
pp_nav_01506,shayang,navigable,navigable,True
pp_nav_01506,fengle,navigable,navigable,True
pp_nav_01506,zhongxiang,navigable,navigable,True
pp_nav_01506,shipai,navigable,navigable,True
pp_nav_01507,suket,barrier,barrier,True
pp_nav_01508,pp_nav_01511,improvable,improvable,False
pp_nav_01508,pp_nav_01528,improvable,improvable,False
pp_nav_01508,natchez,improvable,improvable,True
pp_nav_01508,opelousa,improvable,improvable,True
pp_nav_01508,catahoula,improvable,improvable,True
pp_nav_01508,itihumma,improvable,improvable,True
pp_nav_01509,pp_nav_01534,improvable,improvable,False
pp_nav_01509,nanchong,improvable,improvable,True
pp_nav_01509,xiangru,improvable,improvable,True
pp_nav_01509,yilong,improvable,improvable,True
pp_nav_01509,nanbu,improvable,improvable,True
pp_nav_01510,kisatchie,navigable,navigable,True
pp_nav_01510,opelousa,navigable,navigable,True
pp_nav_01511,opelousa,navigable,navigable,True
pp_nav_01511,catahoula,navigable,navigable,True
pp_nav_01512,pp_nav_01519,navigable,navigable,False
pp_nav_01512,pp_nav_01524,navigable,navigable,False
pp_nav_01512,kapurthala,navigable,navigable,True
pp_nav_01512,fatehabad,navigable,navigable,True
pp_nav_01512,hajner,navigable,navigable,True
pp_nav_01512,jalandhar,navigable,navigable,True
pp_nav_01512,firozpur,navigable,navigable,True
pp_nav_01512,kasur,navigable,navigable,True
pp_nav_01513,jhang,navigable,navigable,True
pp_nav_01513,mankera,navigable,navigable,True
pp_nav_01513,shorkot,navigable,navigable,True
pp_nav_01514,pp_nav_01540,navigable,navigable,False
pp_nav_01514,guichi,navigable,navigable,True
pp_nav_01514,tongling,navigable,navigable,True
pp_nav_01514,wuwei,navigable,navigable,True
pp_nav_01514,zongyang,navigable,navigable,True
pp_nav_01515,pp_nav_01529,navigable,navigable,False
pp_nav_01515,samawa,navigable,navigable,True
pp_nav_01515,nasiriyah,navigable,navigable,True
pp_nav_01515,suq_al_shuyukh,navigable,navigable,True
pp_nav_01515,al_qatr,navigable,navigable,True
pp_nav_01516,pp_nav_01551,barrier,barrier,False
pp_nav_01516,zhanggu,barrier,barrier,True
pp_nav_01516,durgyeling,barrier,barrier,True
pp_nav_01516,geshitsa,barrier,barrier,True
pp_nav_01516,dartsedo,barrier,barrier,True
pp_nav_01517,pp_nav_01520,barrier,barrier,False
pp_nav_01517,pp_nav_01523,barrier,barrier,False
pp_nav_01517,wushan,barrier,barrier,True
pp_nav_01517,badong,barrier,barrier,True
pp_nav_01517,fengjie,barrier,barrier,True
pp_nav_01518,pp_nav_01529,navigable,difficult,False
pp_nav_01518,pp_nav_01537,navigable,difficult,False
pp_nav_01518,abdas,navigable,difficult,True
pp_nav_01518,al_madar,navigable,difficult,True
pp_nav_01518,basra,navigable,difficult,True
pp_nav_01518,muhammerah,navigable,difficult,True
pp_nav_01518,hoveyzeh,navigable,difficult,True
pp_nav_01518,al_qatr,navigable,difficult,True
pp_nav_01519,pp_nav_01543,navigable,navigable,False
pp_nav_01519,firozpur,navigable,navigable,True
pp_nav_01519,dipalpur,navigable,navigable,True
pp_nav_01519,muktsar,navigable,navigable,True
pp_nav_01519,kasur,navigable,navigable,True
pp_nav_01520,pp_nav_01535,barrier,barrier,False
pp_nav_01520,badong,barrier,barrier,True
pp_nav_01520,zigui,barrier,barrier,True
pp_nav_01520,yiling,barrier,barrier,True
pp_nav_01521,pp_nav_01552,barrier,barrier,False
pp_nav_01521,gonjo,barrier,barrier,True
pp_nav_01521,shar_yelpuk,barrier,barrier,True
pp_nav_01521,katok,barrier,barrier,True
pp_nav_01522,pp_nav_01548,navigable,navigable,False
pp_nav_01522,qujiang_guangan,navigable,navigable,True
pp_nav_01522,liujiang,navigable,navigable,True
pp_nav_01523,pp_nav_01532,barrier,barrier,False
pp_nav_01523,fengjie,barrier,barrier,True
pp_nav_01523,yunyang,barrier,barrier,True
pp_nav_01524,pp_nav_01525,navigable,navigable,False
pp_nav_01524,hajner,navigable,navigable,True
pp_nav_01524,jalandhar,navigable,navigable,True
pp_nav_01524,rahon,navigable,navigable,True
pp_nav_01524,raikot,navigable,navigable,True
pp_nav_01525,sirhind,navigable,navigable,True
pp_nav_01525,rahon,navigable,navigable,True
pp_nav_01525,raikot,navigable,navigable,True
pp_nav_01526,mobile,navigable,navigable,True
pp_nav_01526,mobile_bay,navigable,navigable,False
pp_nav_01526,tohome,navigable,navigable,True
pp_nav_01526,escatawppa,navigable,navigable,True
pp_nav_01527,damanhur,navigable,navigable,True
pp_nav_01527,ramsis,navigable,navigable,True
pp_nav_01528,pp_nav_01546,navigable,navigable,False
pp_nav_01528,opelousa,navigable,navigable,True
pp_nav_01528,itihumma,navigable,navigable,True
pp_nav_01529,basra,navigable,navigable,True
pp_nav_01529,suq_al_shuyukh,navigable,navigable,True
pp_nav_01529,al_qatr,navigable,navigable,True
pp_nav_01530,pp_nav_01547,barrier,barrier,False
pp_nav_01530,pasho,barrier,barrier,True
pp_nav_01530,shopando,barrier,barrier,True
pp_nav_01531,pp_nav_01559,navigable,navigable,False
pp_nav_01531,damanhur,navigable,navigable,True
pp_nav_01531,tarrana,navigable,navigable,True
pp_nav_01531,ramsis,navigable,navigable,True
pp_nav_01531,el_mahalla,navigable,navigable,True
pp_nav_01531,menouf,navigable,navigable,True
pp_nav_01531,kharibta,navigable,navigable,True
pp_nav_01532,pp_nav_01549,barrier,barrier,False
pp_nav_01532,yunyang,barrier,barrier,True
pp_nav_01532,wanzhou,barrier,barrier,True
pp_nav_01533,haining,improvable,improvable,True
pp_nav_01533,jiaxing,improvable,improvable,True
pp_nav_01533,hangzhou,improvable,improvable,True
pp_nav_01533,wujiang,improvable,improvable,True
pp_nav_01533,chongde,improvable,improvable,True
pp_nav_01534,pp_nav_01562,improvable,improvable,False
pp_nav_01534,yuechi,navigable,navigable,True
pp_nav_01534,nanchong,navigable,navigable,True
pp_nav_01534,dingyuan,navigable,navigable,True
pp_nav_01535,pp_nav_01554,improvable,improvable,False
pp_nav_01535,songzi,improvable,improvable,True
pp_nav_01535,yidu,improvable,improvable,True
pp_nav_01535,yiling,improvable,improvable,True
pp_nav_01536,pp_nav_01550,navigable,navigable,False
pp_nav_01536,qianjiang,navigable,navigable,True
pp_nav_01536,yusha,navigable,navigable,True
pp_nav_01536,jingling,navigable,navigable,True
pp_nav_01536,shayang,navigable,navigable,True
pp_nav_01536,shipai,navigable,navigable,True
pp_nav_01537,pp_nav_01556,navigable,difficult,False
pp_nav_01537,basra,navigable,navigable,True
pp_nav_01537,abadan,navigable,navigable,True
pp_nav_01537,zuwayr,navigable,navigable,True
pp_nav_01537,muhammerah,navigable,navigable,True
pp_nav_01538,pp_nav_01571,navigable,navigable,False
pp_nav_01538,watappo,navigable,navigable,True
pp_nav_01538,apalachee,navigable,navigable,True
pp_nav_01539,pp_nav_01572,navigable,navigable,False
pp_nav_01539,karor,navigable,navigable,True
pp_nav_01539,kot_addu,navigable,navigable,True
pp_nav_01539,dera_ghazi_khan,navigable,navigable,True
pp_nav_01540,pp_nav_01558,navigable,navigable,False
pp_nav_01540,huaining,navigable,navigable,True
pp_nav_01540,guichi,navigable,navigable,True
pp_nav_01540,dongliu,navigable,navigable,True
pp_nav_01540,wangjiang,navigable,navigable,True
pp_nav_01540,zongyang,navigable,navigable,True
pp_nav_01541,pp_nav_01542,navigable,navigable,False
pp_nav_01541,pp_nav_01545,navigable,navigable,False
pp_nav_01541,pp_nav_01553,navigable,navigable,False
pp_nav_01541,hanyang,navigable,navigable,True
pp_nav_01541,huanggang,navigable,navigable,True
pp_nav_01541,jiangxia,navigable,navigable,True
pp_nav_01541,wuchang,navigable,navigable,True
pp_nav_01541,huangpi,navigable,navigable,True
pp_nav_01542,pp_nav_01550,navigable,navigable,False
pp_nav_01542,hanyang,navigable,navigable,True
pp_nav_01542,yusha,navigable,navigable,True
pp_nav_01542,jiangxia,navigable,navigable,True
pp_nav_01542,hanchuan,navigable,navigable,True
pp_nav_01543,pp_nav_01561,navigable,navigable,False
pp_nav_01543,pakpattan,navigable,navigable,True
pp_nav_01543,chishtian,navigable,navigable,True
pp_nav_01543,dipalpur,navigable,navigable,True
pp_nav_01543,muktsar,navigable,navigable,True
pp_nav_01544,haining,improvable,improvable,True
pp_nav_01544,jiaxing,improvable,improvable,True
pp_nav_01544,haiyan,improvable,improvable,True
pp_nav_01545,pp_nav_01566,barrier,barrier,False
pp_nav_01545,daye,navigable,navigable,True
pp_nav_01545,huanggang,navigable,navigable,True
pp_nav_01545,qishui,navigable,navigable,True
pp_nav_01545,wuchang,navigable,navigable,True
pp_nav_01546,bulbancha,navigable,navigable,True
pp_nav_01546,atchafalaya,navigable,navigable,True
pp_nav_01546,opelousa,navigable,navigable,True
pp_nav_01547,pp_nav_01565,barrier,barrier,False
pp_nav_01547,pasho,barrier,barrier,True
pp_nav_01547,pema,barrier,barrier,True
pp_nav_01547,lhakhang,barrier,barrier,True
pp_nav_01548,shizhao,navigable,navigable,True
pp_nav_01548,pp_nav_01568,improvable,improvable,False
pp_nav_01548,yuechi,navigable,navigable,True
pp_nav_01548,huaying,navigable,navigable,True
pp_nav_01548,qujiang_guangan,navigable,navigable,True
pp_nav_01549,pp_nav_01573,barrier,barrier,False
pp_nav_01549,shizhu,navigable,navigable,True
pp_nav_01549,fengdu,navigable,navigable,True
pp_nav_01549,linjiang,navigable,navigable,True
pp_nav_01549,wanzhou,navigable,navigable,True
pp_nav_01550,yusha,navigable,navigable,True
pp_nav_01550,jingling,navigable,navigable,True
pp_nav_01550,hanchuan,navigable,navigable,True
pp_nav_01551,pp_nav_01582,barrier,barrier,False
pp_nav_01551,diaomen,barrier,barrier,True
pp_nav_01551,dartsedo,barrier,barrier,True
pp_nav_01552,pp_nav_01587,navigable,difficult,False
pp_nav_01552,batang,navigable,difficult,True
pp_nav_01552,shar_yelpuk,navigable,difficult,True
pp_nav_01552,markham,navigable,difficult,True
pp_nav_01553,pp_nav_01570,improvable,improvable,False
pp_nav_01553,hanyang,navigable,navigable,True
pp_nav_01553,xindi,navigable,navigable,True
pp_nav_01553,jiangxia,navigable,navigable,True
pp_nav_01553,jinkou,navigable,navigable,True
pp_nav_01553,jiayu,navigable,navigable,True
pp_nav_01554,pp_nav_01560,improvable,improvable,False
pp_nav_01554,jiangling,navigable,navigable,True
pp_nav_01554,songzi,navigable,navigable,True
pp_nav_01554,zhijiang,navigable,navigable,True
pp_nav_01554,yidu,navigable,navigable,True
pp_nav_01555,pp_nav_01588,improvable,improvable,False
pp_nav_01555,pengshan,improvable,improvable,True
pp_nav_01555,shuangliu,improvable,improvable,True
pp_nav_01555,qingshen,improvable,improvable,True
pp_nav_01555,meizhou,improvable,improvable,True
pp_nav_01556,kuwait_bay,navigable,difficult,False
pp_nav_01556,abadan,navigable,difficult,True
pp_nav_01556,muhammerah,navigable,difficult,True
pp_nav_01557,qiantang_estuary,improvable,improvable,False
pp_nav_01557,haining,improvable,improvable,True
pp_nav_01557,hangzhou,improvable,improvable,True
pp_nav_01558,pengze,navigable,navigable,True
pp_nav_01558,dongliu,navigable,navigable,True
pp_nav_01558,susong,navigable,navigable,True
pp_nav_01558,wangjiang,navigable,navigable,True
pp_nav_01559,pp_nav_01576,navigable,navigable,False
pp_nav_01559,giza,navigable,navigable,True
pp_nav_01559,tarrana,navigable,navigable,True
pp_nav_01559,qalyub,navigable,navigable,True
pp_nav_01559,menouf,navigable,navigable,True
pp_nav_01559,cairo,navigable,navigable,True
pp_nav_01560,pp_nav_01575,improvable,improvable,False
pp_nav_01560,gongan,improvable,improvable,True
pp_nav_01560,jiangling,improvable,improvable,True
pp_nav_01560,zhijiang,improvable,improvable,True
pp_nav_01561,pp_nav_01577,navigable,navigable,False
pp_nav_01561,pakpattan,navigable,navigable,True
pp_nav_01561,mailsi,navigable,navigable,True
pp_nav_01561,chishtian,navigable,navigable,True
pp_nav_01561,dunga_bunga,navigable,navigable,True
pp_nav_01562,shizhao,improvable,improvable,True
pp_nav_01562,pp_nav_01568,improvable,improvable,False
pp_nav_01562,pp_nav_01578,improvable,improvable,False
pp_nav_01562,dingyuan,improvable,improvable,True
pp_nav_01563,pp_nav_01579,improvable,improvable,False
pp_nav_01563,qiantang_estuary,improvable,improvable,False
pp_nav_01563,xiaoshan,improvable,improvable,True
pp_nav_01563,fuyang_hangzhou,improvable,improvable,True
pp_nav_01563,hangzhou,improvable,improvable,True
pp_nav_01563,tonglu,improvable,improvable,True
pp_nav_01564,pp_nav_01594,navigable,navigable,False
pp_nav_01564,kot_addu,navigable,navigable,True
pp_nav_01564,sitpur,navigable,navigable,True
pp_nav_01564,multan,navigable,navigable,True
pp_nav_01564,jalalpur_pirwala,navigable,navigable,True
pp_nav_01565,pp_nav_01583,barrier,barrier,False
pp_nav_01565,pema,barrier,barrier,True
pp_nav_01565,lhakhang,barrier,barrier,True
pp_nav_01565,dzogang,barrier,barrier,True
pp_nav_01566,pp_nav_01581,barrier,barrier,False
pp_nav_01566,daye,barrier,barrier,True
pp_nav_01566,guangji,barrier,barrier,True
pp_nav_01566,qichun,barrier,barrier,True
pp_nav_01566,ruichang,barrier,barrier,True
pp_nav_01566,qishui,barrier,barrier,True
pp_nav_01566,yongxing_xingguo,barrier,barrier,True
pp_nav_01567,pp_nav_01596,navigable,navigable,False
pp_nav_01567,dzogon,navigable,navigable,True
pp_nav_01567,kazhi,navigable,navigable,True
pp_nav_01567,nyachukha,navigable,navigable,True
pp_nav_01568,shizhao,improvable,improvable,True
pp_nav_01568,huaying,improvable,improvable,True
pp_nav_01569,qiantang_estuary,navigable,navigable,False
pp_nav_01569,xiaoshan,navigable,navigable,True
pp_nav_01569,shaoxing,navigable,navigable,True
pp_nav_01570,pp_nav_01580,improvable,improvable,False
pp_nav_01570,xindi,improvable,improvable,True
pp_nav_01570,puqi,improvable,improvable,True
pp_nav_01570,jiayu,improvable,improvable,True
pp_nav_01571,saint_andrew_bay,navigable,navigable,False
pp_nav_01571,watappo,navigable,navigable,True
pp_nav_01572,pp_nav_01600,navigable,navigable,False
pp_nav_01572,dajal,navigable,navigable,True
pp_nav_01572,kot_addu,navigable,navigable,True
pp_nav_01572,mithankot,navigable,navigable,True
pp_nav_01572,sitpur,navigable,navigable,True
pp_nav_01572,dera_ghazi_khan,navigable,navigable,True
pp_nav_01573,pp_nav_01591,barrier,barrier,False
pp_nav_01573,fengdu,barrier,barrier,True
pp_nav_01573,fuzhou_sichuan,barrier,barrier,True
pp_nav_01574,pp_nav_01586,barrier,barrier,False
pp_nav_01574,pp_nav_01589,barrier,barrier,False
pp_nav_01574,rigyal,barrier,barrier,True
pp_nav_01574,metog,barrier,barrier,True
pp_nav_01575,pp_nav_01585,navigable,navigable,False
pp_nav_01575,gongan,navigable,navigable,True
pp_nav_01575,jiangling,navigable,navigable,True
pp_nav_01575,shishou,navigable,navigable,True
pp_nav_01575,huarong,navigable,navigable,True
pp_nav_01575,jianli,navigable,navigable,True
pp_nav_01576,pp_nav_01599,navigable,difficult,False
pp_nav_01576,giza,navigable,navigable,True
pp_nav_01576,atfih,navigable,navigable,True
pp_nav_01576,beni_suef,navigable,navigable,True
pp_nav_01576,cairo,navigable,navigable,True
pp_nav_01577,pp_nav_01592,navigable,navigable,False
pp_nav_01577,mailsi,navigable,navigable,True
pp_nav_01577,karur_punjab,navigable,navigable,True
pp_nav_01577,khairpur,navigable,navigable,True
pp_nav_01577,dunga_bunga,navigable,navigable,True
pp_nav_01578,shizhao,improvable,improvable,True
pp_nav_01578,pp_nav_01595,improvable,improvable,False
pp_nav_01578,pp_nav_01598,improvable,improvable,False
pp_nav_01578,banan,improvable,improvable,True
pp_nav_01578,bishan,improvable,improvable,True
pp_nav_01578,baxian,improvable,improvable,True
pp_nav_01579,pp_nav_01614,navigable,navigable,False
pp_nav_01579,lanxi,navigable,navigable,True
pp_nav_01579,jiande,navigable,navigable,True
pp_nav_01579,fuyang_hangzhou,navigable,navigable,True
pp_nav_01579,tonglu,navigable,navigable,True
pp_nav_01580,pp_nav_01585,navigable,navigable,False
pp_nav_01580,baling,navigable,navigable,True
pp_nav_01580,linxiang,navigable,navigable,True
pp_nav_01580,xindi,navigable,navigable,True
pp_nav_01580,puqi,navigable,navigable,True
pp_nav_01580,jianli,navigable,navigable,True
pp_nav_01581,dehua_jiujiang,navigable,navigable,True
pp_nav_01581,huangmei,navigable,navigable,True
pp_nav_01581,guangji,navigable,navigable,True
pp_nav_01581,ruichang,navigable,navigable,True
pp_nav_01582,shimian,barrier,barrier,True
pp_nav_01582,pp_nav_01610,barrier,barrier,False
pp_nav_01582,diaomen,barrier,barrier,True
pp_nav_01582,hanyuan,barrier,barrier,True
pp_nav_01583,pp_nav_01607,navigable,difficult,False
pp_nav_01583,dzogang,navigable,difficult,True
pp_nav_01584,pp_nav_01591,barrier,barrier,False
pp_nav_01584,pp_nav_01595,barrier,barrier,False
pp_nav_01584,banan,barrier,barrier,True
pp_nav_01584,changshou_changshou,barrier,barrier,True
pp_nav_01584,baxian,barrier,barrier,True
pp_nav_01584,fuzhou_sichuan,barrier,barrier,True
pp_nav_01585,baling,navigable,navigable,True
pp_nav_01585,huarong,navigable,navigable,True
pp_nav_01585,jianli,navigable,navigable,True
pp_nav_01586,pp_nav_01602,navigable,navigable,False
pp_nav_01586,buchu,navigable,navigable,True
pp_nav_01586,rigyal,navigable,navigable,True
pp_nav_01587,pp_nav_01623,barrier,barrier,False
pp_nav_01587,batang,navigable,difficult,True
pp_nav_01587,dzingcho,navigable,difficult,True
pp_nav_01587,adeqiu,navigable,difficult,True
pp_nav_01587,markham,navigable,difficult,True
pp_nav_01588,pp_nav_01597,barrier,barrier,False
pp_nav_01588,pp_nav_01608,improvable,improvable,False
pp_nav_01588,longyou_jiading,improvable,improvable,True
pp_nav_01588,qingshen,improvable,improvable,True
pp_nav_01589,pp_nav_01617,barrier,barrier,False
pp_nav_01589,tirkong,barrier,barrier,True
pp_nav_01589,metog,barrier,barrier,True
pp_nav_01590,pp_nav_01618,navigable,difficult,False
pp_nav_01590,chandpur_uttar_pradesh,navigable,difficult,True
pp_nav_01590,jansath,navigable,difficult,True
pp_nav_01590,nagina,navigable,difficult,True
pp_nav_01590,thalisain,navigable,difficult,True
pp_nav_01590,piran_i_kaliyar,navigable,difficult,True
pp_nav_01590,mirat,navigable,difficult,True
pp_nav_01591,pp_nav_01603,barrier,barrier,False
pp_nav_01591,wulong,barrier,barrier,True
pp_nav_01591,fuzhou_sichuan,barrier,barrier,True
pp_nav_01592,pp_nav_01601,navigable,navigable,False
pp_nav_01592,karur_punjab,navigable,navigable,True
pp_nav_01592,khairpur,navigable,navigable,True
pp_nav_01592,jalalpur_pirwala,navigable,navigable,True
pp_nav_01592,channan_pir,navigable,navigable,True
pp_nav_01593,pp_nav_01616,navigable,navigable,False
pp_nav_01593,barataria_bay,navigable,navigable,False
pp_nav_01593,chawasha,navigable,navigable,True
pp_nav_01594,pp_nav_01600,navigable,navigable,False
pp_nav_01594,pp_nav_01601,navigable,navigable,False
pp_nav_01594,uch,navigable,navigable,True
pp_nav_01594,sitpur,navigable,navigable,True
pp_nav_01594,jalalpur_pirwala,navigable,navigable,True
pp_nav_01595,banan,improvable,improvable,True
pp_nav_01595,baxian,improvable,improvable,True
pp_nav_01596,lhagang,navigable,navigable,True
pp_nav_01596,kazhi,navigable,navigable,True
pp_nav_01596,nyachukha,navigable,navigable,True
pp_nav_01597,pp_nav_01613,barrier,barrier,False
pp_nav_01597,qianwei,barrier,barrier,True
pp_nav_01597,longyou_jiading,barrier,barrier,True
pp_nav_01597,muchuan,barrier,barrier,True
pp_nav_01597,emei,barrier,barrier,True
pp_nav_01598,pp_nav_01622,improvable,improvable,False
pp_nav_01598,banan,improvable,improvable,True
pp_nav_01598,bishan,improvable,improvable,True
pp_nav_01598,jiangjin,improvable,improvable,True
pp_nav_01599,pp_nav_01628,navigable,difficult,False
pp_nav_01599,atfih,navigable,difficult,True
pp_nav_01599,beni_suef,navigable,difficult,True
pp_nav_01599,sharuna,navigable,difficult,True
pp_nav_01599,el_bahnasa,navigable,difficult,True
pp_nav_01600,pp_nav_01625,navigable,navigable,False
pp_nav_01600,derawar,navigable,navigable,True
pp_nav_01600,uch,navigable,navigable,True
pp_nav_01600,mithankot,navigable,navigable,True
pp_nav_01600,sitpur,navigable,navigable,True
pp_nav_01601,uch,navigable,navigable,True
pp_nav_01601,jalalpur_pirwala,navigable,navigable,True
pp_nav_01601,channan_pir,navigable,navigable,True
pp_nav_01602,pp_nav_01619,barrier,barrier,False
pp_nav_01602,buchu,navigable,navigable,True
pp_nav_01603,pp_nav_01620,barrier,barrier,False
pp_nav_01603,pengshui,barrier,barrier,True
pp_nav_01603,wulong,barrier,barrier,True
pp_nav_01604,pp_nav_01605,improvable,improvable,False
pp_nav_01604,jonang,improvable,improvable,True
pp_nav_01604,shigatse,improvable,improvable,True
pp_nav_01605,pp_nav_01606,improvable,improvable,False
pp_nav_01605,namling,improvable,improvable,True
pp_nav_01605,tsangdram,improvable,improvable,True
pp_nav_01605,shigatse,improvable,improvable,True
pp_nav_01606,pp_nav_01609,improvable,improvable,False
pp_nav_01606,gongkar,improvable,improvable,True
pp_nav_01606,tsangdram,improvable,improvable,True
pp_nav_01606,rinpung_yarlung,improvable,improvable,True
pp_nav_01606,nyemo,improvable,improvable,True
pp_nav_01607,pp_nav_01633,barrier,barrier,False
pp_nav_01607,dzogang,navigable,difficult,True
pp_nav_01607,mengung,navigable,difficult,True
pp_nav_01608,pp_nav_01629,barrier,barrier,False
pp_nav_01608,qianwei,navigable,navigable,True
pp_nav_01608,longyou_jiading,navigable,navigable,True
pp_nav_01608,xuanhua,navigable,navigable,True
pp_nav_01608,muchuan,navigable,navigable,True
pp_nav_01609,pp_nav_01611,improvable,improvable,False
pp_nav_01609,gongkar,improvable,improvable,True
pp_nav_01609,lho_taklung,improvable,improvable,True
pp_nav_01610,shimian,barrier,barrier,True
pp_nav_01610,pp_nav_01613,barrier,barrier,False
pp_nav_01610,zhenxi_lizhou,barrier,barrier,True
pp_nav_01610,emei,barrier,barrier,True
pp_nav_01610,hanyuan,barrier,barrier,True
pp_nav_01611,pp_nav_01615,improvable,improvable,False
pp_nav_01611,nedong,navigable,navigable,True
pp_nav_01611,samye,navigable,navigable,True
pp_nav_01611,gongkar,navigable,navigable,True
pp_nav_01611,densatil,navigable,navigable,True
pp_nav_01612,pp_nav_01635,barrier,barrier,False
pp_nav_01612,baurang,navigable,navigable,True
pp_nav_01612,kheong,navigable,navigable,True
pp_nav_01612,nyachukha,navigable,navigable,True
pp_nav_01613,zhenxi_lizhou,barrier,barrier,True
pp_nav_01613,emei,barrier,barrier,True
pp_nav_01614,lanxi,navigable,navigable,True
pp_nav_01615,pp_nav_01621,improvable,improvable,False
pp_nav_01615,nedong,improvable,improvable,True
pp_nav_01615,daklha_gampo,improvable,improvable,True
pp_nav_01615,densatil,improvable,improvable,True
pp_nav_01616,barataria_bay,navigable,navigable,False
pp_nav_01616,chawasha,navigable,navigable,True
pp_nav_01617,pp_nav_01632,barrier,barrier,False
pp_nav_01617,tirkong,barrier,barrier,True
pp_nav_01617,siang,barrier,barrier,True
pp_nav_01617,metog,barrier,barrier,True
pp_nav_01618,pp_nav_01643,improvable,improvable,False
pp_nav_01618,chandpur_uttar_pradesh,navigable,difficult,True
pp_nav_01618,baran,navigable,difficult,True
pp_nav_01618,sambhal,navigable,difficult,True
pp_nav_01618,mirat,navigable,difficult,True
pp_nav_01619,pp_nav_01621,barrier,barrier,False
pp_nav_01619,buchu,barrier,barrier,True
pp_nav_01619,daklha_gampo,barrier,barrier,True
pp_nav_01620,pp_nav_01638,barrier,barrier,False
pp_nav_01620,youyang,barrier,barrier,True
pp_nav_01620,pengshui,barrier,barrier,True
pp_nav_01620,yanhe,barrier,barrier,True
pp_nav_01621,daklha_gampo,navigable,navigable,True
pp_nav_01622,pp_nav_01627,improvable,improvable,False
pp_nav_01622,jiangjin,improvable,improvable,True
pp_nav_01622,yongchuan,improvable,improvable,True
pp_nav_01622,hejiang,improvable,improvable,True
pp_nav_01622,luzhou,improvable,improvable,True
pp_nav_01623,pp_nav_01647,barrier,barrier,False
pp_nav_01623,dzingcho,barrier,barrier,True
pp_nav_01623,sangme,barrier,barrier,True
pp_nav_01623,adeqiu,barrier,barrier,True
pp_nav_01623,zhuluo,barrier,barrier,True
pp_nav_01624,pp_nav_01631,improvable,improvable,False
pp_nav_01624,taoyuan,navigable,navigable,True
pp_nav_01624,longyang,navigable,navigable,True
pp_nav_01624,wuling,navigable,navigable,True
pp_nav_01624,yuannan,navigable,navigable,True
pp_nav_01625,pp_nav_01639,navigable,navigable,False
pp_nav_01625,derawar,navigable,navigable,True
pp_nav_01625,omerkot,navigable,navigable,True
pp_nav_01625,mithankot,navigable,navigable,True
pp_nav_01625,aror,navigable,navigable,True
pp_nav_01626,pp_nav_01634,barrier,barrier,False
pp_nav_01626,dipayal,navigable,navigable,True
pp_nav_01626,kailali,navigable,navigable,True
pp_nav_01626,acham,navigable,navigable,True
pp_nav_01627,pp_nav_01630,improvable,improvable,False
pp_nav_01627,jiangan,improvable,improvable,True
pp_nav_01627,naxi,improvable,improvable,True
pp_nav_01627,hejiang,improvable,improvable,True
pp_nav_01627,luzhou,improvable,improvable,True
pp_nav_01628,pp_nav_01651,navigable,difficult,False
pp_nav_01628,minya,navigable,difficult,True
pp_nav_01628,sharuna,navigable,difficult,True
pp_nav_01628,el_bahnasa,navigable,difficult,True
pp_nav_01628,tahna,navigable,difficult,True
pp_nav_01629,pp_nav_01630,barrier,barrier,False
pp_nav_01629,pp_nav_01637,barrier,barrier,False
pp_nav_01629,xuanhua,barrier,barrier,True
pp_nav_01629,mahu,barrier,barrier,True
pp_nav_01629,yibin,barrier,barrier,True
pp_nav_01630,changning_changning,improvable,improvable,True
pp_nav_01630,jiangan,improvable,improvable,True
pp_nav_01630,nanxi,improvable,improvable,True
pp_nav_01630,yibin,improvable,improvable,True
pp_nav_01631,pp_nav_01636,improvable,improvable,False
pp_nav_01631,taoyuan,improvable,improvable,True
pp_nav_01631,madi_yuanling,improvable,improvable,True
pp_nav_01631,yuannan,improvable,improvable,True
pp_nav_01632,pp_nav_01649,barrier,barrier,False
pp_nav_01632,tirkong,navigable,navigable,True
pp_nav_01632,siang,navigable,navigable,True
pp_nav_01633,pp_nav_01654,barrier,barrier,False
pp_nav_01633,mengung,barrier,barrier,True
pp_nav_01634,pp_nav_01655,barrier,barrier,False
pp_nav_01634,kherigarh,barrier,barrier,True
pp_nav_01634,kailali,barrier,barrier,True
pp_nav_01634,firuzabad_bahraich,barrier,barrier,True
pp_nav_01635,pp_nav_01659,barrier,barrier,False
pp_nav_01635,baurang,barrier,barrier,True
pp_nav_01635,kheong,barrier,barrier,True
pp_nav_01636,pp_nav_01653,improvable,improvable,False
pp_nav_01636,yuanling,improvable,improvable,True
pp_nav_01636,luxi,improvable,improvable,True
pp_nav_01636,madi_yuanling,improvable,improvable,True
pp_nav_01637,pp_nav_01644,barrier,barrier,False
pp_nav_01637,leibo,barrier,barrier,True
pp_nav_01637,mahu,barrier,barrier,True
pp_nav_01637,yibin,barrier,barrier,True
pp_nav_01638,pp_nav_01656,barrier,barrier,False
pp_nav_01638,youyang,navigable,navigable,True
pp_nav_01638,yanhe,navigable,navigable,True
pp_nav_01638,dejiang,navigable,navigable,True
pp_nav_01639,pp_nav_01652,navigable,navigable,False
pp_nav_01639,omerkot,navigable,navigable,True
pp_nav_01639,kashmore,navigable,navigable,True
pp_nav_01639,ghotki,navigable,navigable,True
pp_nav_01639,aror,navigable,navigable,True
pp_nav_01640,pp_nav_01665,barrier,barrier,False
pp_nav_01640,dibang,barrier,barrier,True
pp_nav_01640,sadiya,barrier,barrier,True
pp_nav_01641,pp_nav_01650,barrier,barrier,False
pp_nav_01641,baurang,improvable,improvable,True
pp_nav_01641,suzhou,improvable,improvable,True
pp_nav_01642,pp_nav_01648,improvable,improvable,False
pp_nav_01642,anhua_anhua,navigable,navigable,True
pp_nav_01642,yiyang_changsha,navigable,navigable,True
pp_nav_01643,pp_nav_01663,improvable,improvable,False
pp_nav_01643,gunnaur,improvable,improvable,True
pp_nav_01643,kol,improvable,improvable,True
pp_nav_01643,baran,improvable,improvable,True
pp_nav_01643,sambhal,improvable,improvable,True
pp_nav_01644,pp_nav_01662,barrier,barrier,False
pp_nav_01644,leibo,navigable,navigable,True
pp_nav_01644,yongshan,navigable,navigable,True
pp_nav_01644,mahu,navigable,navigable,True
pp_nav_01645,pp_nav_01664,improvable,improvable,False
pp_nav_01645,qingjiang,improvable,improvable,True
pp_nav_01645,nanchang,improvable,improvable,True
pp_nav_01645,fengcheng_fengcheng,improvable,improvable,True
pp_nav_01645,xinjian,improvable,improvable,True
pp_nav_01646,pp_nav_01666,improvable,improvable,False
pp_nav_01646,xiangtan,navigable,navigable,True
pp_nav_01646,qiaokou,navigable,navigable,True
pp_nav_01646,changsha,navigable,navigable,True
pp_nav_01647,pp_nav_01669,improvable,improvable,False
pp_nav_01647,sangme,navigable,difficult,True
pp_nav_01647,xiaodandang,navigable,difficult,True
pp_nav_01647,nixi,navigable,difficult,True
pp_nav_01647,zhuluo,navigable,difficult,True
pp_nav_01648,dongping,improvable,improvable,True
pp_nav_01648,anhua_anhua,improvable,improvable,True
pp_nav_01649,pp_nav_01657,barrier,barrier,False
pp_nav_01649,gomsi,barrier,barrier,True
pp_nav_01649,siyom,barrier,barrier,True
pp_nav_01649,siang,barrier,barrier,True
pp_nav_01650,pp_nav_01672,barrier,barrier,False
pp_nav_01650,jianchang_sichuan,barrier,barrier,True
pp_nav_01650,suzhou,barrier,barrier,True
pp_nav_01650,pingchuan,barrier,barrier,True
pp_nav_01651,pp_nav_01676,navigable,difficult,False
pp_nav_01651,minya,navigable,difficult,True
pp_nav_01651,ashmunayn,navigable,difficult,True
pp_nav_01651,tahna,navigable,difficult,True
pp_nav_01652,kashmore,navigable,navigable,True
pp_nav_01652,ghotki,navigable,navigable,True
pp_nav_01652,sukkur,navigable,navigable,True
pp_nav_01652,rohri,navigable,navigable,True
pp_nav_01653,pp_nav_01675,improvable,improvable,False
pp_nav_01653,yuanling,improvable,improvable,True
pp_nav_01653,luxi,improvable,improvable,True
pp_nav_01653,chenxi,improvable,improvable,True
pp_nav_01653,xupu,improvable,improvable,True
pp_nav_01654,pp_nav_01680,improvable,improvable,False
pp_nav_01654,mengung,navigable,difficult,True
pp_nav_01654,gongshan,navigable,difficult,True
pp_nav_01655,pp_nav_01683,navigable,navigable,False
pp_nav_01655,biswan,navigable,navigable,True
pp_nav_01655,bahraich,navigable,navigable,True
pp_nav_01655,firuzabad_bahraich,navigable,navigable,True
pp_nav_01656,pp_nav_01678,barrier,barrier,False
pp_nav_01656,shuitejiang,barrier,barrier,True
pp_nav_01656,dejiang,barrier,barrier,True
pp_nav_01657,pp_nav_01665,improvable,improvable,False
pp_nav_01657,pp_nav_01670,improvable,improvable,False
pp_nav_01657,gomsi,improvable,improvable,True
pp_nav_01657,bengmara,improvable,improvable,True
pp_nav_01657,sadiya,improvable,improvable,True
pp_nav_01658,pp_nav_01661,barrier,barrier,False
pp_nav_01658,walong,navigable,navigable,True
pp_nav_01659,runyan,barrier,barrier,True
pp_nav_01659,kheong,barrier,barrier,True
pp_nav_01660,pp_nav_01668,barrier,barrier,False
pp_nav_01660,pp_nav_01677,barrier,barrier,False
pp_nav_01660,kamla,barrier,barrier,True
pp_nav_01660,konwargaon,barrier,barrier,True
pp_nav_01660,lakhimpur,barrier,barrier,True
pp_nav_01660,subansiri,barrier,barrier,True
pp_nav_01661,pp_nav_01665,barrier,barrier,False
pp_nav_01661,sadiya,barrier,barrier,True
pp_nav_01661,walong,barrier,barrier,True
pp_nav_01661,tengapani,barrier,barrier,True
pp_nav_01662,pp_nav_01682,barrier,barrier,False
pp_nav_01662,puge,barrier,barrier,True
pp_nav_01662,leibo,barrier,barrier,True
pp_nav_01662,yongshan,barrier,barrier,True
pp_nav_01662,wumeng,barrier,barrier,True
pp_nav_01663,budaun,navigable,difficult,True
pp_nav_01663,pp_nav_01674,navigable,difficult,False
pp_nav_01663,gunnaur,navigable,difficult,True
pp_nav_01663,sargadwari,navigable,difficult,True
pp_nav_01663,kol,navigable,difficult,True
pp_nav_01664,pp_nav_01687,navigable,navigable,False
pp_nav_01664,jishui,navigable,navigable,True
pp_nav_01664,qingjiang,navigable,navigable,True
pp_nav_01664,xingan_linjiang,navigable,navigable,True
pp_nav_01665,bengmara,improvable,improvable,True
pp_nav_01665,sadiya,improvable,improvable,True
pp_nav_01665,tengapani,improvable,improvable,True
pp_nav_01666,pp_nav_01686,improvable,improvable,False
pp_nav_01666,liling,improvable,improvable,True
pp_nav_01666,xiangtan,improvable,improvable,True
pp_nav_01666,lukou,improvable,improvable,True
pp_nav_01666,changsha,improvable,improvable,True
pp_nav_01667,tanahun,improvable,improvable,True
pp_nav_01667,pp_nav_01684,improvable,improvable,False
pp_nav_01667,dhading,improvable,improvable,True
pp_nav_01667,upardang,improvable,improvable,True
pp_nav_01667,ramnagar_bihar,improvable,improvable,True
pp_nav_01667,tansen,improvable,improvable,True
pp_nav_01668,kamla,navigable,difficult,True
pp_nav_01668,kurung,navigable,difficult,True
pp_nav_01668,lakhimpur,navigable,difficult,True
pp_nav_01669,pp_nav_01695,improvable,improvable,False
pp_nav_01669,jujin,improvable,improvable,True
pp_nav_01669,linxi,improvable,improvable,True
pp_nav_01669,xiaodandang,improvable,improvable,True
pp_nav_01669,zhuluo,improvable,improvable,True
pp_nav_01670,pp_nav_01688,navigable,navigable,False
pp_nav_01670,gomsi,navigable,navigable,True
pp_nav_01670,malinithan,navigable,navigable,True
pp_nav_01670,bengmara,navigable,navigable,True
pp_nav_01670,sadiya,navigable,navigable,True
pp_nav_01670,dibrugarh,navigable,navigable,True
pp_nav_01671,pp_nav_01685,navigable,navigable,False
pp_nav_01671,pp_nav_01689,navigable,navigable,False
pp_nav_01671,dadandang,navigable,navigable,True
pp_nav_01671,yongning_baisheng,navigable,navigable,True
pp_nav_01671,muli,navigable,navigable,True
pp_nav_01671,tongan_lijiang,navigable,navigable,True
pp_nav_01672,mingyi,improvable,improvable,True
pp_nav_01672,pp_nav_01698,improvable,improvable,False
pp_nav_01672,jianchang_sichuan,improvable,improvable,True
pp_nav_01672,pingchuan,improvable,improvable,True
pp_nav_01672,dechang,improvable,improvable,True
pp_nav_01673,sukkur,navigable,navigable,True
pp_nav_01673,rohri,navigable,navigable,True
pp_nav_01674,budaun,navigable,difficult,True
pp_nav_01674,pp_nav_01692,improvable,improvable,False
pp_nav_01674,sargadwari,navigable,difficult,True
pp_nav_01674,pali_uttar_pradesh,navigable,difficult,True
pp_nav_01675,pp_nav_01696,barrier,barrier,False
pp_nav_01675,huaihua,improvable,improvable,True
pp_nav_01675,qianyang_yuanzhou,improvable,improvable,True
pp_nav_01675,chenxi,improvable,improvable,True
pp_nav_01676,pp_nav_01694,navigable,difficult,False
pp_nav_01676,manfalut,navigable,difficult,True
pp_nav_01676,ashmunayn,navigable,difficult,True
pp_nav_01676,el_buwit,navigable,difficult,True
pp_nav_01676,asyut,navigable,difficult,True
pp_nav_01676,tahna,navigable,difficult,True
pp_nav_01677,pp_nav_01702,navigable,difficult,False
pp_nav_01677,konwargaon,navigable,difficult,True
pp_nav_01677,lakhimpur,navigable,difficult,True
pp_nav_01678,shuitejiang,navigable,navigable,True
pp_nav_01678,rongshan,navigable,navigable,True
pp_nav_01678,shiqian,navigable,navigable,True
pp_nav_01678,wengshui,navigable,navigable,True
pp_nav_01678,longquanping,navigable,navigable,True
pp_nav_01678,baini,navigable,navigable,True
pp_nav_01679,pp_nav_01704,barrier,barrier,False
pp_nav_01679,linxi,navigable,difficult,True
pp_nav_01680,pp_nav_01706,improvable,improvable,False
pp_nav_01680,zhiziluo,improvable,improvable,True
pp_nav_01680,gongshan,improvable,improvable,True
pp_nav_01681,pp_nav_01700,navigable,navigable,False
pp_nav_01681,kandiaro,navigable,navigable,True
pp_nav_01681,shadodkot,navigable,navigable,True
pp_nav_01681,sukkur,navigable,navigable,True
pp_nav_01681,paat,navigable,navigable,True
pp_nav_01681,dubbi,navigable,navigable,True
pp_nav_01682,pp_nav_01697,barrier,barrier,False
pp_nav_01682,qiaojia,barrier,barrier,True
pp_nav_01682,kuozhou,barrier,barrier,True
pp_nav_01682,puge,barrier,barrier,True
pp_nav_01682,wumeng,barrier,barrier,True
pp_nav_01683,pp_nav_01705,navigable,navigable,False
pp_nav_01683,biswan,navigable,navigable,True
pp_nav_01683,bahraich,navigable,navigable,True
pp_nav_01683,ibrahimabad,navigable,navigable,True
pp_nav_01683,gonda,navigable,navigable,True
pp_nav_01684,pp_nav_01703,navigable,difficult,False
pp_nav_01684,lumbini,navigable,difficult,True
pp_nav_01684,ramnagar_bihar,navigable,difficult,True
pp_nav_01684,kushinagar,navigable,difficult,True
pp_nav_01684,tansen,navigable,difficult,True
pp_nav_01685,pp_nav_01695,navigable,navigable,False
pp_nav_01685,dadandang,navigable,navigable,True
pp_nav_01685,jujin,navigable,navigable,True
pp_nav_01685,xiaodandang,navigable,navigable,True
pp_nav_01685,tongan_lijiang,navigable,navigable,True
pp_nav_01686,pp_nav_01701,improvable,improvable,False
pp_nav_01686,hengshan,improvable,improvable,True
pp_nav_01686,xiangtan,improvable,improvable,True
pp_nav_01686,lukou,improvable,improvable,True
pp_nav_01687,luling,navigable,navigable,True
pp_nav_01687,pp_nav_01707,navigable,navigable,False
pp_nav_01687,taihe_taihe,navigable,navigable,True
pp_nav_01687,futian,navigable,navigable,True
pp_nav_01687,jishui,navigable,navigable,True
pp_nav_01687,xingan_linjiang,navigable,navigable,True
pp_nav_01688,charagua,navigable,navigable,True
pp_nav_01688,pp_nav_01690,navigable,difficult,False
pp_nav_01688,pp_nav_01699,navigable,navigable,False
pp_nav_01688,malinithan,navigable,navigable,True
pp_nav_01688,dibrugarh,navigable,navigable,True
pp_nav_01688,konwargaon,navigable,navigable,True
pp_nav_01689,pp_nav_01713,barrier,barrier,False
pp_nav_01689,langqu,navigable,navigable,True
pp_nav_01689,yongning_baisheng,navigable,navigable,True
pp_nav_01689,beisheng,navigable,navigable,True
pp_nav_01689,tongan_lijiang,navigable,navigable,True
pp_nav_01690,charagua,navigable,difficult,True
pp_nav_01690,dibrugarh,navigable,difficult,True
pp_nav_01691,wujiang_bozhou,improvable,improvable,True
pp_nav_01691,suidong,improvable,improvable,True
pp_nav_01691,wengshui,improvable,improvable,True
pp_nav_01691,dizhai,improvable,improvable,True
pp_nav_01692,pp_nav_01711,improvable,improvable,False
pp_nav_01692,bilgram,improvable,improvable,True
pp_nav_01692,makanpur,improvable,improvable,True
pp_nav_01692,sargadwari,improvable,improvable,True
pp_nav_01692,pali_uttar_pradesh,improvable,improvable,True
pp_nav_01692,kanauj,improvable,improvable,True
pp_nav_01693,pp_nav_01718,improvable,improvable,False
pp_nav_01693,putao,navigable,difficult,True
pp_nav_01693,suamprabon,navigable,difficult,True
pp_nav_01694,pp_nav_01715,navigable,difficult,False
pp_nav_01694,el_balyana,navigable,difficult,True
pp_nav_01694,el_buwit,navigable,difficult,True
pp_nav_01694,asyut,navigable,difficult,True
pp_nav_01694,akhmim,navigable,difficult,True
pp_nav_01695,jujin,navigable,navigable,True
pp_nav_01695,xiaodandang,navigable,navigable,True
pp_nav_01696,huitong,barrier,barrier,True
pp_nav_01696,qianyang_yuanzhou,barrier,barrier,True
pp_nav_01697,huili,navigable,navigable,True
pp_nav_01697,pp_nav_01729,barrier,barrier,False
pp_nav_01697,qiaojia,navigable,navigable,True
pp_nav_01697,kuozhou,navigable,navigable,True
pp_nav_01697,dongchuan,navigable,navigable,True
pp_nav_01698,mingyi,navigable,navigable,True
pp_nav_01698,pp_nav_01720,improvable,improvable,False
pp_nav_01698,pp_nav_01723,barrier,barrier,False
pp_nav_01698,juque,navigable,navigable,True
pp_nav_01698,mala,navigable,navigable,True
pp_nav_01698,pingchuan,navigable,navigable,True
pp_nav_01699,charagua,navigable,navigable,True
pp_nav_01699,pp_nav_01702,navigable,difficult,False
pp_nav_01699,pp_nav_01712,navigable,navigable,False
pp_nav_01699,itanagar,navigable,navigable,True
pp_nav_01699,dergaon,navigable,navigable,True
pp_nav_01699,konwargaon,navigable,navigable,True
pp_nav_01699,lakhimpur,navigable,navigable,True
pp_nav_01699,charaideo,navigable,navigable,True
pp_nav_01700,pp_nav_01726,navigable,navigable,False
pp_nav_01700,kandiaro,navigable,navigable,True
pp_nav_01700,sehwan,navigable,navigable,True
pp_nav_01700,paat,navigable,navigable,True
pp_nav_01701,pp_nav_01717,improvable,improvable,False
pp_nav_01701,hengshan,improvable,improvable,True
pp_nav_01701,xincheng,improvable,improvable,True
pp_nav_01701,hengyang,improvable,improvable,True
pp_nav_01702,itanagar,navigable,difficult,True
pp_nav_01702,lakhimpur,navigable,difficult,True
pp_nav_01703,pp_nav_01728,navigable,difficult,False
pp_nav_01703,ramnagar_bihar,navigable,difficult,True
pp_nav_01703,kushinagar,navigable,difficult,True
pp_nav_01703,bettiah,navigable,difficult,True
pp_nav_01703,thawe,navigable,difficult,True
pp_nav_01704,pp_nav_01739,barrier,barrier,False
pp_nav_01704,lanzhou_lanzhou,barrier,barrier,True
pp_nav_01704,linxi,barrier,barrier,True
pp_nav_01705,pp_nav_01714,navigable,navigable,False
pp_nav_01705,basti,navigable,navigable,True
pp_nav_01705,awadh,navigable,navigable,True
pp_nav_01705,ibrahimabad,navigable,navigable,True
pp_nav_01705,gonda,navigable,navigable,True
pp_nav_01706,pp_nav_01748,improvable,improvable,False
pp_nav_01706,zhiziluo,improvable,improvable,True
pp_nav_01706,luzhang,improvable,improvable,True
pp_nav_01707,luling,navigable,navigable,True
pp_nav_01707,pp_nav_01731,barrier,barrier,False
pp_nav_01707,taihe_taihe,navigable,navigable,True
pp_nav_01707,wanan,navigable,navigable,True
pp_nav_01708,pp_nav_01732,improvable,improvable,False
pp_nav_01708,ranibas,improvable,improvable,True
pp_nav_01708,chaudandi,improvable,improvable,True
pp_nav_01708,vijayapur,improvable,improvable,True
pp_nav_01708,rajanari,improvable,improvable,True
pp_nav_01708,kosi,improvable,improvable,True
pp_nav_01709,pp_nav_01721,navigable,navigable,False
pp_nav_01709,agra,navigable,navigable,True
pp_nav_01709,bhind,navigable,navigable,True
pp_nav_01709,etawah,navigable,navigable,True
pp_nav_01709,chandwar,navigable,navigable,True
pp_nav_01710,pp_nav_01716,navigable,difficult,False
pp_nav_01710,pp_nav_01722,navigable,difficult,False
pp_nav_01710,tezpur,navigable,difficult,True
pp_nav_01710,morangi,navigable,difficult,True
pp_nav_01710,bordowa,navigable,difficult,True
pp_nav_01710,nakshaparvat,navigable,difficult,True
pp_nav_01711,pp_nav_01735,navigable,navigable,False
pp_nav_01711,bilgram,navigable,navigable,True
pp_nav_01711,makanpur,navigable,navigable,True
pp_nav_01711,unnao,navigable,navigable,True
pp_nav_01712,pp_nav_01716,navigable,navigable,False
pp_nav_01712,morangi,navigable,navigable,True
pp_nav_01712,itanagar,navigable,navigable,True
pp_nav_01712,dergaon,navigable,navigable,True
pp_nav_01712,nakshaparvat,navigable,navigable,True
pp_nav_01713,pp_nav_01737,barrier,barrier,False
pp_nav_01713,beisheng,barrier,barrier,True
pp_nav_01713,jinshajiang,barrier,barrier,True
pp_nav_01713,heqing,barrier,barrier,True
pp_nav_01713,tongan_lijiang,barrier,barrier,True
pp_nav_01714,pp_nav_01727,navigable,navigable,False
pp_nav_01714,basti,navigable,navigable,True
pp_nav_01714,awadh,navigable,navigable,True
pp_nav_01714,akbarpur,navigable,navigable,True
pp_nav_01715,pp_nav_01744,navigable,difficult,False
pp_nav_01715,qena,navigable,difficult,True
pp_nav_01715,el_balyana,navigable,difficult,True
pp_nav_01715,akhmim,navigable,difficult,True
pp_nav_01716,morangi,navigable,navigable,True
pp_nav_01716,nakshaparvat,navigable,navigable,True
pp_nav_01717,pp_nav_01730,improvable,improvable,False
pp_nav_01717,guiyang_hengyang,improvable,improvable,True
pp_nav_01717,xincheng,improvable,improvable,True
pp_nav_01717,changning,improvable,improvable,True
pp_nav_01717,qiyang,improvable,improvable,True
pp_nav_01718,pp_nav_01750,barrier,barrier,False
pp_nav_01718,injangyang,improvable,improvable,True
pp_nav_01718,suamprabon,improvable,improvable,True
pp_nav_01719,pp_nav_01734,improvable,improvable,False
pp_nav_01719,nanping,navigable,navigable,True
pp_nav_01719,gutian,navigable,navigable,True
pp_nav_01720,pp_nav_01737,barrier,barrier,False
pp_nav_01720,juque,improvable,improvable,True
pp_nav_01720,dayao,improvable,improvable,True
pp_nav_01720,ningfan,improvable,improvable,True
pp_nav_01720,jinshajiang,improvable,improvable,True
pp_nav_01721,pp_nav_01741,navigable,navigable,False
pp_nav_01721,makanpur,navigable,navigable,True
pp_nav_01721,bhind,navigable,navigable,True
pp_nav_01721,etawah,navigable,navigable,True
pp_nav_01721,konch,navigable,navigable,True
pp_nav_01722,pp_nav_01742,improvable,improvable,False
pp_nav_01722,tezpur,navigable,navigable,True
pp_nav_01722,bordowa,navigable,navigable,True
pp_nav_01722,rowta,navigable,navigable,True
pp_nav_01722,durjaya,navigable,navigable,True
pp_nav_01723,pp_nav_01760,barrier,barrier,False
pp_nav_01723,juque,barrier,barrier,True
pp_nav_01723,yuanmou,barrier,barrier,True
pp_nav_01723,huichuan_dechang,barrier,barrier,True
pp_nav_01724,pp_nav_01730,navigable,navigable,False
pp_nav_01724,pp_nav_01740,improvable,improvable,False
pp_nav_01724,lengshuitan,navigable,navigable,True
pp_nav_01724,qiyang,navigable,navigable,True
pp_nav_01725,tarung,navigable,difficult,True
pp_nav_01726,pp_nav_01752,navigable,navigable,False
pp_nav_01726,kandiaro,navigable,navigable,True
pp_nav_01726,ranikot,navigable,navigable,True
pp_nav_01726,sehwan,navigable,navigable,True
pp_nav_01726,moro_sindh,navigable,navigable,True
pp_nav_01727,pp_nav_01743,navigable,navigable,False
pp_nav_01727,basti,navigable,navigable,True
pp_nav_01727,azamgarh,navigable,navigable,True
pp_nav_01727,chillupar,navigable,navigable,True
pp_nav_01727,akbarpur,navigable,navigable,True
pp_nav_01728,pp_nav_01754,navigable,difficult,False
pp_nav_01728,sonepur_bihar,navigable,difficult,True
pp_nav_01728,hajipur,navigable,difficult,True
pp_nav_01728,bettiah,navigable,difficult,True
pp_nav_01728,mehsi,navigable,difficult,True
pp_nav_01728,thawe,navigable,difficult,True
pp_nav_01729,huili,barrier,barrier,True
pp_nav_01729,pp_nav_01738,barrier,barrier,False
pp_nav_01729,tangdan,barrier,barrier,True
pp_nav_01729,dongchuan,barrier,barrier,True
pp_nav_01729,luquan,barrier,barrier,True
pp_nav_01730,changning,navigable,navigable,True
pp_nav_01730,qiyang,navigable,navigable,True
pp_nav_01731,pp_nav_01761,barrier,barrier,False
pp_nav_01731,ganxian,barrier,barrier,True
pp_nav_01731,wanan,barrier,barrier,True
pp_nav_01732,pp_nav_01755,improvable,improvable,False
pp_nav_01732,jhanjharpur,improvable,improvable,True
pp_nav_01732,chaudandi,improvable,improvable,True
pp_nav_01732,saharsa,improvable,improvable,True
pp_nav_01732,kosi,improvable,improvable,True
pp_nav_01733,pp_nav_01762,navigable,navigable,False
pp_nav_01733,chibwe,navigable,navigable,True
pp_nav_01734,minqing,improvable,improvable,True
pp_nav_01734,pp_nav_01751,improvable,improvable,False
pp_nav_01734,nanping,improvable,improvable,True
pp_nav_01734,houguan,improvable,improvable,True
pp_nav_01734,gutian,improvable,improvable,True
pp_nav_01734,minxian,improvable,improvable,True
pp_nav_01735,pp_nav_01757,navigable,navigable,False
pp_nav_01735,makanpur,navigable,navigable,True
pp_nav_01735,asni,navigable,navigable,True
pp_nav_01735,korra,navigable,navigable,True
pp_nav_01735,manikpur,navigable,navigable,True
pp_nav_01735,unnao,navigable,navigable,True
pp_nav_01736,pp_nav_01758,improvable,improvable,False
pp_nav_01736,hkamti,improvable,improvable,True
pp_nav_01736,minsin,improvable,improvable,True
pp_nav_01737,dayao,barrier,barrier,True
pp_nav_01737,binchuan,barrier,barrier,True
pp_nav_01737,jinshajiang,barrier,barrier,True
pp_nav_01738,huili,navigable,navigable,True
pp_nav_01738,pp_nav_01760,navigable,navigable,False
pp_nav_01738,yuanmou,navigable,navigable,True
pp_nav_01738,hequ_wuding,navigable,navigable,True
pp_nav_01738,luquan,navigable,navigable,True
pp_nav_01738,huichuan_dechang,navigable,navigable,True
pp_nav_01739,pp_nav_01768,barrier,barrier,False
pp_nav_01739,lanzhou_lanzhou,improvable,improvable,True
pp_nav_01739,yunlong,improvable,improvable,True
pp_nav_01739,wujing,improvable,improvable,True
pp_nav_01740,lengshuitan,improvable,improvable,True
pp_nav_01740,lingling,improvable,improvable,True
pp_nav_01741,pp_nav_01753,navigable,difficult,False
pp_nav_01741,kalpi,navigable,navigable,True
pp_nav_01741,makanpur,navigable,navigable,True
pp_nav_01741,konch,navigable,navigable,True
pp_nav_01741,korra,navigable,navigable,True
pp_nav_01742,pp_nav_01745,improvable,improvable,False
pp_nav_01742,pp_nav_01747,improvable,improvable,False
pp_nav_01742,guwahati,improvable,improvable,True
pp_nav_01742,bordowa,improvable,improvable,True
pp_nav_01742,daboka,improvable,improvable,True
pp_nav_01742,durjaya,improvable,improvable,True
pp_nav_01743,pp_nav_01759,navigable,navigable,False
pp_nav_01743,rudrapur,navigable,navigable,True
pp_nav_01743,ballia,navigable,navigable,True
pp_nav_01743,andar,navigable,navigable,True
pp_nav_01743,azamgarh,navigable,navigable,True
pp_nav_01743,chillupar,navigable,navigable,True
pp_nav_01744,pp_nav_01749,navigable,difficult,False
pp_nav_01744,qena,navigable,difficult,True
pp_nav_01744,hiw,navigable,difficult,True
pp_nav_01744,el_balyana,navigable,difficult,True
pp_nav_01745,pp_nav_01746,improvable,improvable,False
pp_nav_01745,guwahati,navigable,navigable,True
pp_nav_01745,barpeta,navigable,navigable,True
pp_nav_01745,goalpara,navigable,navigable,True
pp_nav_01745,hajo,navigable,navigable,True
pp_nav_01745,durjaya,navigable,navigable,True
pp_nav_01746,pp_nav_01756,improvable,improvable,False
pp_nav_01746,dhubri,improvable,improvable,True
pp_nav_01746,barpeta,improvable,improvable,True
pp_nav_01746,goalpara,improvable,improvable,True
pp_nav_01746,bijni,improvable,improvable,True
pp_nav_01747,bordowa,navigable,difficult,True
pp_nav_01747,daboka,navigable,difficult,True
pp_nav_01748,pp_nav_01781,improvable,improvable,False
pp_nav_01748,yunlong,improvable,improvable,True
pp_nav_01748,luzhang,improvable,improvable,True
pp_nav_01748,lujiang,improvable,improvable,True
pp_nav_01749,pp_nav_01766,navigable,difficult,False
pp_nav_01749,qus,navigable,difficult,True
pp_nav_01749,qena,navigable,difficult,True
pp_nav_01749,hiw,navigable,difficult,True
pp_nav_01749,esna,navigable,difficult,True
pp_nav_01750,pp_nav_01762,barrier,barrier,False
pp_nav_01750,pp_nav_01770,barrier,barrier,False
pp_nav_01750,waingmaw,barrier,barrier,True
pp_nav_01750,myitkyina,barrier,barrier,True
pp_nav_01750,injangyang,barrier,barrier,True
pp_nav_01751,sansha_bay,navigable,navigable,False
pp_nav_01751,changle_fujian,navigable,navigable,True
pp_nav_01751,houguan,navigable,navigable,True
pp_nav_01751,minxian,navigable,navigable,True
pp_nav_01752,pp_nav_01774,navigable,navigable,False
pp_nav_01752,naserpur,navigable,navigable,True
pp_nav_01752,hala,navigable,navigable,True
pp_nav_01752,kotri,navigable,navigable,True
pp_nav_01752,ranikot,navigable,navigable,True
pp_nav_01752,moro_sindh,navigable,navigable,True
pp_nav_01753,pp_nav_01763,navigable,difficult,False
pp_nav_01753,kalpi,navigable,difficult,True
pp_nav_01753,rath,navigable,difficult,True
pp_nav_01753,asni,navigable,difficult,True
pp_nav_01753,korra,navigable,difficult,True
pp_nav_01753,banda,navigable,difficult,True
pp_nav_01754,pp_nav_01765,navigable,difficult,False
pp_nav_01754,pp_nav_01769,navigable,difficult,False
pp_nav_01754,sonepur_bihar,navigable,difficult,True
pp_nav_01754,patna,navigable,difficult,True
pp_nav_01754,hajipur,navigable,difficult,True
pp_nav_01755,khagaria,navigable,navigable,True
pp_nav_01755,pp_nav_01776,navigable,navigable,False
pp_nav_01755,darbhanga,navigable,navigable,True
pp_nav_01755,bihariganj,navigable,navigable,True
pp_nav_01755,jhanjharpur,navigable,navigable,True
pp_nav_01755,saharsa,navigable,navigable,True
pp_nav_01755,madhubani,navigable,navigable,True
pp_nav_01756,pp_nav_01777,improvable,improvable,False
pp_nav_01756,dhubri,improvable,improvable,True
pp_nav_01756,rangpur_bengal,improvable,improvable,True
pp_nav_01756,dura,improvable,improvable,True
pp_nav_01756,kamatapur,improvable,improvable,True
pp_nav_01756,goalpara,improvable,improvable,True
pp_nav_01757,pp_nav_01771,navigable,navigable,False
pp_nav_01757,kara,navigable,navigable,True
pp_nav_01757,prayag,navigable,navigable,True
pp_nav_01757,asni,navigable,navigable,True
pp_nav_01757,manikpur,navigable,navigable,True
pp_nav_01758,pp_nav_01775,navigable,difficult,False
pp_nav_01758,hkamti,navigable,difficult,True
pp_nav_01758,minsin,navigable,difficult,True
pp_nav_01759,pp_nav_01765,navigable,difficult,False
pp_nav_01759,pp_nav_01767,navigable,difficult,False
pp_nav_01759,arrah,navigable,navigable,True
pp_nav_01759,ballia,navigable,navigable,True
pp_nav_01759,andar,navigable,navigable,True
pp_nav_01759,sonepur_bihar,navigable,navigable,True
pp_nav_01760,yuanmou,navigable,navigable,True
pp_nav_01761,ganxian,improvable,improvable,True
pp_nav_01762,waingmaw,navigable,navigable,True
pp_nav_01762,chibwe,navigable,navigable,True
pp_nav_01762,injangyang,navigable,navigable,True
pp_nav_01763,pp_nav_01778,navigable,difficult,False
pp_nav_01763,kara,navigable,difficult,True
pp_nav_01763,asni,navigable,difficult,True
pp_nav_01763,chitrakuta,navigable,difficult,True
pp_nav_01763,banda,navigable,difficult,True
pp_nav_01764,pp_nav_01767,improvable,improvable,False
pp_nav_01764,pp_nav_01772,improvable,improvable,False
pp_nav_01764,arrah,improvable,improvable,True
pp_nav_01764,ballia,improvable,improvable,True
pp_nav_01764,ghazipur,improvable,improvable,True
pp_nav_01764,buxar,improvable,improvable,True
pp_nav_01765,arrah,navigable,difficult,True
pp_nav_01765,sonepur_bihar,navigable,difficult,True
pp_nav_01765,patna,navigable,difficult,True
pp_nav_01766,pp_nav_01789,navigable,difficult,False
pp_nav_01766,esna,navigable,difficult,True
pp_nav_01767,arrah,navigable,difficult,True
pp_nav_01767,ballia,navigable,difficult,True
pp_nav_01768,pp_nav_01792,barrier,barrier,False
pp_nav_01768,yunlong,barrier,barrier,True
pp_nav_01768,yongping_yongchang,barrier,barrier,True
pp_nav_01768,yongchang_yongchang,barrier,barrier,True
pp_nav_01768,wujing,barrier,barrier,True
pp_nav_01769,pp_nav_01782,navigable,difficult,False
pp_nav_01769,samastipur,navigable,difficult,True
pp_nav_01769,bihar_sharif,navigable,difficult,True
pp_nav_01769,patna,navigable,difficult,True
pp_nav_01769,hajipur,navigable,difficult,True
pp_nav_01770,pp_nav_01794,improvable,improvable,False
pp_nav_01770,waingmaw,improvable,improvable,True
pp_nav_01770,myitkyina,improvable,improvable,True
pp_nav_01771,pp_nav_01784,navigable,difficult,False
pp_nav_01771,pp_nav_01785,navigable,difficult,False
pp_nav_01771,prayag,navigable,navigable,True
pp_nav_01771,shankargah,navigable,navigable,True
pp_nav_01771,manikpur,navigable,navigable,True
pp_nav_01771,bhadohi,navigable,navigable,True
pp_nav_01772,pp_nav_01773,navigable,difficult,False
pp_nav_01772,chunar,navigable,difficult,True
pp_nav_01772,ghazipur,navigable,difficult,True
pp_nav_01772,buxar,navigable,difficult,True
pp_nav_01773,pp_nav_01790,navigable,difficult,False
pp_nav_01773,chunar,navigable,difficult,True
pp_nav_01773,varanasi,navigable,difficult,True
pp_nav_01773,ghazipur,navigable,difficult,True
pp_nav_01773,jaunpur,navigable,difficult,True
pp_nav_01774,pp_nav_01800,navigable,navigable,False
pp_nav_01774,naserpur,navigable,navigable,True
pp_nav_01774,thatta,navigable,navigable,True
pp_nav_01774,kotri,navigable,navigable,True
pp_nav_01774,sonda,navigable,navigable,True
pp_nav_01775,pp_nav_01797,improvable,improvable,False
pp_nav_01775,htamanthi,navigable,difficult,True
pp_nav_01775,minsin,navigable,difficult,True
pp_nav_01776,khagaria,navigable,navigable,True
pp_nav_01776,pp_nav_01780,improvable,improvable,False
pp_nav_01776,pp_nav_01786,navigable,difficult,False
pp_nav_01776,bihariganj,navigable,navigable,True
pp_nav_01776,purnia,navigable,navigable,True
pp_nav_01776,teliagarhi,navigable,navigable,True
pp_nav_01777,pp_nav_01801,improvable,improvable,False
pp_nav_01777,muktagacha,improvable,improvable,True
pp_nav_01777,rangpur_bengal,improvable,improvable,True
pp_nav_01777,dura,improvable,improvable,True
pp_nav_01778,pp_nav_01784,navigable,difficult,False
pp_nav_01778,kara,navigable,difficult,True
pp_nav_01778,prayag,navigable,difficult,True
pp_nav_01778,shankargah,navigable,difficult,True
pp_nav_01778,chitrakuta,navigable,difficult,True
pp_nav_01779,khagaria,navigable,difficult,True
pp_nav_01779,pp_nav_01782,navigable,difficult,False
pp_nav_01779,pp_nav_01786,navigable,difficult,False
pp_nav_01779,samastipur,navigable,difficult,True
pp_nav_01779,monghyr,navigable,difficult,True
pp_nav_01779,bihar_sharif,navigable,difficult,True
pp_nav_01780,pp_nav_01783,improvable,improvable,False
pp_nav_01780,pp_nav_01795,improvable,improvable,False
pp_nav_01780,gaur,improvable,improvable,True
pp_nav_01780,purnia,improvable,improvable,True
pp_nav_01780,katihar,improvable,improvable,True
pp_nav_01780,teliagarhi,improvable,improvable,True
pp_nav_01780,rajmahal,improvable,improvable,True
pp_nav_01781,pp_nav_01811,navigable,navigable,False
pp_nav_01781,lujiang,navigable,navigable,True
pp_nav_01781,shidian,navigable,navigable,True
pp_nav_01781,rouyuan,navigable,navigable,True
pp_nav_01782,samastipur,navigable,difficult,True
pp_nav_01782,bihar_sharif,navigable,difficult,True
pp_nav_01783,gaur,navigable,navigable,True
pp_nav_01783,pandua_adina,navigable,navigable,True
pp_nav_01783,katihar,navigable,navigable,True
pp_nav_01784,prayag,navigable,difficult,True
pp_nav_01784,shankargah,navigable,difficult,True
pp_nav_01785,pp_nav_01790,navigable,difficult,False
pp_nav_01785,varanasi,navigable,difficult,True
pp_nav_01785,kantit,navigable,difficult,True
pp_nav_01785,shankargah,navigable,difficult,True
pp_nav_01785,bhadohi,navigable,difficult,True
pp_nav_01786,khagaria,navigable,difficult,True
pp_nav_01786,bhagalpur,navigable,difficult,True
pp_nav_01786,monghyr,navigable,difficult,True
pp_nav_01786,teliagarhi,navigable,difficult,True
pp_nav_01787,pp_nav_01794,navigable,difficult,False
pp_nav_01787,pp_nav_01806,navigable,difficult,False
pp_nav_01787,manmaw,navigable,difficult,True
pp_nav_01787,waingmaw,navigable,difficult,True
pp_nav_01787,myitkyina,navigable,difficult,True
pp_nav_01787,mongkawng,navigable,difficult,True
pp_nav_01788,pp_nav_01796,barrier,barrier,False
pp_nav_01788,pp_nav_01799,barrier,barrier,False
pp_nav_01788,nadi,navigable,navigable,True
pp_nav_01788,luodian,navigable,navigable,True
pp_nav_01789,pp_nav_01816,barrier,barrier,False
pp_nav_01789,kom_ombo,navigable,difficult,True
pp_nav_01789,esna,navigable,difficult,True
pp_nav_01789,edfu,navigable,difficult,True
pp_nav_01790,chunar,navigable,difficult,True
pp_nav_01790,varanasi,navigable,difficult,True
pp_nav_01790,kantit,navigable,difficult,True
pp_nav_01791,pp_nav_01812,improvable,improvable,False
pp_nav_01791,liucheng,navigable,navigable,True
pp_nav_01791,luocheng,navigable,navigable,True
pp_nav_01791,changan,navigable,navigable,True
pp_nav_01791,rongshui,navigable,navigable,True
pp_nav_01792,pp_nav_01810,barrier,barrier,False
pp_nav_01792,youdian,improvable,improvable,True
pp_nav_01792,yongping_yongchang,improvable,improvable,True
pp_nav_01792,yongchang_yongchang,improvable,improvable,True
pp_nav_01792,shunning,improvable,improvable,True
pp_nav_01793,pp_nav_01807,navigable,difficult,False
pp_nav_01793,sylhet,navigable,difficult,True
pp_nav_01793,shaharpara,navigable,difficult,True
pp_nav_01793,khaliajuri,navigable,difficult,True
pp_nav_01793,nabagram,navigable,difficult,True
pp_nav_01793,sohra,navigable,difficult,True
pp_nav_01794,waingmaw,navigable,navigable,True
pp_nav_01794,myitkyina,navigable,navigable,True
pp_nav_01795,pp_nav_01818,navigable,difficult,False
pp_nav_01795,jangipur,navigable,navigable,True
pp_nav_01795,gaur,navigable,navigable,True
pp_nav_01795,rajmahal,navigable,navigable,True
pp_nav_01796,pp_nav_01809,barrier,barrier,False
pp_nav_01796,ceheng,barrier,barrier,True
pp_nav_01796,tongle,barrier,barrier,True
pp_nav_01796,nadi,barrier,barrier,True
pp_nav_01796,wangmu,barrier,barrier,True
pp_nav_01796,luodian,barrier,barrier,True
pp_nav_01797,pp_nav_01817,improvable,improvable,False
pp_nav_01797,zalon_taung,improvable,improvable,True
pp_nav_01797,thaungdut,improvable,improvable,True
pp_nav_01797,htamanthi,improvable,improvable,True
pp_nav_01798,pp_nav_01802,barrier,barrier,False
pp_nav_01798,pp_nav_01808,improvable,improvable,False
pp_nav_01798,machang,improvable,improvable,True
pp_nav_01798,xilong,improvable,improvable,True
pp_nav_01798,huangcaoba,improvable,improvable,True
pp_nav_01798,anlong,improvable,improvable,True
pp_nav_01799,pp_nav_01820,barrier,barrier,False
pp_nav_01799,donglan,barrier,barrier,True
pp_nav_01799,nandan,barrier,barrier,True
pp_nav_01799,nadi,barrier,barrier,True
pp_nav_01800,pp_nav_01819,navigable,navigable,False
pp_nav_01800,muhammad_tur,navigable,navigable,True
pp_nav_01800,thatta,navigable,navigable,True
pp_nav_01800,laribandar,navigable,navigable,True
pp_nav_01800,sonda,navigable,navigable,True
pp_nav_01801,pp_nav_01825,navigable,navigable,False
pp_nav_01801,atiya,navigable,navigable,True
pp_nav_01801,muktagacha,navigable,navigable,True
pp_nav_01801,shahjadpur,navigable,navigable,True
pp_nav_01801,bogra,navigable,navigable,True
pp_nav_01802,pp_nav_01809,barrier,barrier,False
pp_nav_01802,lucheng,barrier,barrier,True
pp_nav_01802,ceheng,barrier,barrier,True
pp_nav_01802,xilong,barrier,barrier,True
pp_nav_01802,anlong,barrier,barrier,True
pp_nav_01803,pp_nav_01804,navigable,difficult,False
pp_nav_01803,pp_nav_01814,navigable,difficult,False
pp_nav_01803,sylhet,navigable,difficult,True
pp_nav_01803,khaspur,navigable,difficult,True
pp_nav_01803,rajnagar,navigable,difficult,True
pp_nav_01803,shaharpara,navigable,difficult,True
pp_nav_01803,jaintiapur,navigable,difficult,True
pp_nav_01803,patharkandi,navigable,difficult,True
pp_nav_01804,khaspur,navigable,difficult,True
pp_nav_01804,patharkandi,navigable,difficult,True
pp_nav_01805,dingbian_shunning,navigable,navigable,True
pp_nav_01806,pp_nav_01829,navigable,difficult,False
pp_nav_01806,mongyang,navigable,difficult,True
pp_nav_01806,manmaw,navigable,difficult,True
pp_nav_01807,pp_nav_01822,navigable,difficult,False
pp_nav_01807,belabo,navigable,difficult,True
pp_nav_01807,khaliajuri,navigable,difficult,True
pp_nav_01808,bada,navigable,navigable,True
pp_nav_01808,machang,navigable,navigable,True
pp_nav_01808,xilong,navigable,navigable,True
pp_nav_01808,huangcaoba,navigable,navigable,True
pp_nav_01809,lucheng,navigable,navigable,True
pp_nav_01809,ceheng,navigable,navigable,True
pp_nav_01809,tongle,navigable,navigable,True
pp_nav_01810,pp_nav_01821,barrier,barrier,False
pp_nav_01810,baotong,barrier,barrier,True
pp_nav_01810,baodian,barrier,barrier,True
pp_nav_01810,dingbian_shunning,barrier,barrier,True
pp_nav_01810,shunning,barrier,barrier,True
pp_nav_01811,pp_nav_01828,barrier,barrier,False
pp_nav_01811,zhenkang,navigable,navigable,True
pp_nav_01811,shidian,navigable,navigable,True
pp_nav_01811,kongwei,navigable,navigable,True
pp_nav_01811,rouyuan,navigable,navigable,True
pp_nav_01812,pp_nav_01826,improvable,improvable,False
pp_nav_01812,liucheng,improvable,improvable,True
pp_nav_01812,maping,improvable,improvable,True
pp_nav_01812,luorong,improvable,improvable,True
pp_nav_01813,pp_nav_01814,navigable,difficult,False
pp_nav_01813,pp_nav_01822,navigable,difficult,False
pp_nav_01813,rajnagar,navigable,difficult,True
pp_nav_01813,shaharpara,navigable,difficult,True
pp_nav_01813,khaliajuri,navigable,difficult,True
pp_nav_01813,chandrapur,navigable,difficult,True
pp_nav_01813,baniachang,navigable,difficult,True
pp_nav_01814,rajnagar,navigable,difficult,True
pp_nav_01814,shaharpara,navigable,difficult,True
pp_nav_01815,pp_nav_01832,improvable,improvable,False
pp_nav_01815,mengli,navigable,navigable,True
pp_nav_01815,yingde,navigable,navigable,True
pp_nav_01815,qujiang,navigable,navigable,True
pp_nav_01816,pp_nav_01836,barrier,barrier,False
pp_nav_01816,aswan,barrier,barrier,True
pp_nav_01816,kom_ombo,barrier,barrier,True
pp_nav_01817,pp_nav_01834,improvable,improvable,False
pp_nav_01817,thaungdut,navigable,difficult,True
pp_nav_01817,tamu,navigable,difficult,True
pp_nav_01818,godagari,navigable,difficult,True
pp_nav_01818,pp_nav_01827,navigable,difficult,False
pp_nav_01818,jangipur,navigable,difficult,True
pp_nav_01818,chandrabad,navigable,difficult,True
pp_nav_01818,gaur,navigable,difficult,True
pp_nav_01818,rampur_boalla,navigable,difficult,True
pp_nav_01819,muhammad_tur,navigable,navigable,True
pp_nav_01819,laribandar,navigable,navigable,True
pp_nav_01820,pp_nav_01837,navigable,navigable,False
pp_nav_01820,donglan,navigable,navigable,True
pp_nav_01820,bama,navigable,navigable,True
pp_nav_01820,duyang,navigable,navigable,True
pp_nav_01821,pp_nav_01842,navigable,navigable,False
pp_nav_01821,gengma,navigable,navigable,True
pp_nav_01821,mengtong,navigable,navigable,True
pp_nav_01821,baotong,navigable,navigable,True
pp_nav_01821,baodian,navigable,navigable,True
pp_nav_01822,pp_nav_01833,navigable,difficult,False
pp_nav_01822,laskarpur,navigable,difficult,True
pp_nav_01822,belabo,navigable,difficult,True
pp_nav_01822,khaliajuri,navigable,difficult,True
pp_nav_01822,baniachang,navigable,difficult,True
pp_nav_01823,wanga_bazar,navigable,difficult,True
pp_nav_01824,pp_nav_01829,improvable,improvable,False
pp_nav_01824,pp_nav_01831,improvable,improvable,False
pp_nav_01824,mongyang,improvable,improvable,True
pp_nav_01824,shwegu,improvable,improvable,True
pp_nav_01824,katha,improvable,improvable,True
pp_nav_01825,pp_nav_01839,navigable,difficult,False
pp_nav_01825,atiya,navigable,navigable,True
pp_nav_01825,pabna,navigable,navigable,True
pp_nav_01825,shahjadpur,navigable,navigable,True
pp_nav_01825,savar,navigable,navigable,True
pp_nav_01825,bikrampur,navigable,navigable,True
pp_nav_01826,pp_nav_01840,improvable,improvable,False
pp_nav_01826,maping,improvable,improvable,True
pp_nav_01826,wuxian_liuzhou,improvable,improvable,True
pp_nav_01826,luorong,improvable,improvable,True
pp_nav_01826,yangshou,improvable,improvable,True
pp_nav_01827,pp_nav_01839,navigable,difficult,False
pp_nav_01827,chandrabad,navigable,difficult,True
pp_nav_01827,sreepur,navigable,difficult,True
pp_nav_01827,pabna,navigable,difficult,True
pp_nav_01827,rampur_boalla,navigable,difficult,True
pp_nav_01828,pp_nav_01841,barrier,barrier,False
pp_nav_01828,muse,barrier,barrier,True
pp_nav_01828,mangshi,barrier,barrier,True
pp_nav_01828,ta_shwe_htan,barrier,barrier,True
pp_nav_01828,kongwei,barrier,barrier,True
pp_nav_01828,rouyuan,barrier,barrier,True
pp_nav_01829,mongyang,navigable,difficult,True
pp_nav_01829,shwegu,navigable,difficult,True
pp_nav_01829,manmaw,navigable,difficult,True
pp_nav_01830,cangwu,navigable,navigable,True
pp_nav_01830,pp_nav_01851,navigable,navigable,False
pp_nav_01830,longping_pingle,navigable,navigable,True
pp_nav_01831,pp_nav_01838,navigable,difficult,False
pp_nav_01831,pp_nav_01846,navigable,difficult,False
pp_nav_01831,shwegu,navigable,difficult,True
pp_nav_01831,htigyaing,navigable,difficult,True
pp_nav_01831,mabein,navigable,difficult,True
pp_nav_01831,takawng,navigable,difficult,True
pp_nav_01831,katha,navigable,difficult,True
pp_nav_01832,pp_nav_01849,improvable,improvable,False
pp_nav_01832,hanguang,improvable,improvable,True
pp_nav_01832,yingde,improvable,improvable,True
pp_nav_01832,qingyuan,improvable,improvable,True
pp_nav_01832,huiqi,improvable,improvable,True
pp_nav_01833,pp_nav_01850,navigable,navigable,False
pp_nav_01833,laskarpur,navigable,navigable,True
pp_nav_01833,belabo,navigable,navigable,True
pp_nav_01833,sonargaon,navigable,navigable,True
pp_nav_01834,pp_nav_01854,improvable,improvable,False
pp_nav_01834,thaungdut,improvable,improvable,True
pp_nav_01834,tamu,improvable,improvable,True
pp_nav_01835,anding_mashan,navigable,navigable,True
pp_nav_01835,pp_nav_01837,navigable,navigable,False
pp_nav_01835,pp_nav_01843,navigable,navigable,False
pp_nav_01835,yongshun,navigable,navigable,True
pp_nav_01835,baishan,navigable,navigable,True
pp_nav_01835,xincheng_xincheng,navigable,navigable,True
pp_nav_01836,pp_nav_01859,barrier,barrier,False
pp_nav_01836,aswan,barrier,barrier,True
pp_nav_01836,kalabsha,barrier,barrier,True
pp_nav_01837,anding_mashan,navigable,navigable,True
pp_nav_01837,baishan,navigable,navigable,True
pp_nav_01837,sienzhou,navigable,navigable,True
pp_nav_01837,duyang,navigable,navigable,True
pp_nav_01838,mabein,navigable,navigable,True
pp_nav_01838,takawng,navigable,navigable,True
pp_nav_01839,pp_nav_01848,navigable,difficult,False
pp_nav_01839,sreepur,navigable,difficult,True
pp_nav_01839,pabna,navigable,difficult,True
pp_nav_01839,fathabad,navigable,difficult,True
pp_nav_01839,bikrampur,navigable,difficult,True
pp_nav_01840,pp_nav_01847,navigable,navigable,False
pp_nav_01840,pp_nav_01852,navigable,difficult,False
pp_nav_01840,wuxian_liuzhou,navigable,navigable,True
pp_nav_01840,yangshou,navigable,navigable,True
pp_nav_01840,laibin,navigable,navigable,True
pp_nav_01841,muse,navigable,navigable,True
pp_nav_01841,ta_shwe_htan,navigable,navigable,True
pp_nav_01842,mengban_weiyuan,navigable,navigable,True
pp_nav_01842,gengma,navigable,navigable,True
pp_nav_01842,mengtong,navigable,navigable,True
pp_nav_01842,weiyuan,navigable,navigable,True
pp_nav_01843,pp_nav_01847,navigable,navigable,False
pp_nav_01843,xincheng_xincheng,navigable,navigable,True
pp_nav_01843,qianjiang_binzhou,navigable,navigable,True
pp_nav_01844,dongshan_bay,navigable,navigable,False
pp_nav_01844,haiyang,navigable,navigable,True
pp_nav_01844,pantian,navigable,navigable,True
pp_nav_01845,luchuan_mangshi,navigable,navigable,True
pp_nav_01845,namhkan,navigable,navigable,True
pp_nav_01846,pp_nav_01862,navigable,difficult,False
pp_nav_01846,htigyaing,navigable,difficult,True
pp_nav_01846,ngasingu,navigable,difficult,True
pp_nav_01846,myedu,navigable,difficult,True
pp_nav_01846,wuntho,navigable,difficult,True
pp_nav_01846,takawng,navigable,difficult,True
pp_nav_01847,qianjiang_binzhou,navigable,navigable,True
pp_nav_01847,laibin,navigable,navigable,True
pp_nav_01848,pp_nav_01857,navigable,difficult,False
pp_nav_01848,qasba,navigable,difficult,True
pp_nav_01848,fathabad,navigable,difficult,True
pp_nav_01848,bikrampur,navigable,difficult,True
pp_nav_01849,qingyuan,navigable,navigable,True
pp_nav_01849,huiqi,navigable,navigable,True
pp_nav_01850,chandpur,navigable,navigable,True
pp_nav_01850,sonargaon,navigable,navigable,True
pp_nav_01850,bikrampur,navigable,navigable,True
pp_nav_01851,cangwu,navigable,navigable,True
pp_nav_01852,pp_nav_01853,navigable,difficult,False
pp_nav_01852,wuxian_liuzhou,navigable,difficult,True
pp_nav_01852,guiping,navigable,difficult,True
pp_nav_01853,cangwu,navigable,difficult,True
pp_nav_01853,pp_nav_01855,improvable,improvable,False
pp_nav_01853,tanjin,navigable,difficult,True
pp_nav_01853,pingnan,navigable,difficult,True
pp_nav_01853,wutun,navigable,difficult,True
pp_nav_01853,guiping,navigable,difficult,True
pp_nav_01854,pp_nav_01864,improvable,improvable,False
pp_nav_01854,butalin,improvable,improvable,True
pp_nav_01854,kale,improvable,improvable,True
pp_nav_01854,thaungdut,improvable,improvable,True
pp_nav_01854,tamu,improvable,improvable,True
pp_nav_01855,cangwu,improvable,improvable,True
pp_nav_01855,tanjin,improvable,improvable,True
pp_nav_01855,rongcheng,improvable,improvable,True
pp_nav_01856,duanxi,improvable,improvable,True
pp_nav_01856,cangwu,improvable,improvable,True
pp_nav_01856,fengchuan,improvable,improvable,True
pp_nav_01856,ducheng,improvable,improvable,True
pp_nav_01857,indian_coast63,navigable,difficult,False
pp_nav_01857,chandpur,navigable,difficult,True
pp_nav_01857,qasba,navigable,difficult,True
pp_nav_01857,bikrampur,navigable,difficult,True
pp_nav_01858,pp_nav_01865,navigable,difficult,False
pp_nav_01858,muse,navigable,difficult,True
pp_nav_01858,lashio,navigable,difficult,True
pp_nav_01858,nam_thing,navigable,difficult,True
pp_nav_01858,ta_shwe_htan,navigable,difficult,True
pp_nav_01859,pp_nav_01868,barrier,barrier,False
pp_nav_01859,qasr_ibrim,barrier,barrier,True
pp_nav_01859,kalabsha,barrier,barrier,True
pp_nav_01860,duanxi,improvable,improvable,True
pp_nav_01860,gaoyao,improvable,improvable,True
pp_nav_01860,jinkang,improvable,improvable,True
pp_nav_01860,ducheng,improvable,improvable,True
pp_nav_01861,pp_nav_01866,navigable,difficult,False
pp_nav_01861,xinhui,navigable,difficult,True
pp_nav_01861,gaoyao,navigable,difficult,True
pp_nav_01861,nanhai,navigable,difficult,True
pp_nav_01861,sanshui,navigable,difficult,True
pp_nav_01861,sihui,navigable,difficult,True
pp_nav_01861,gaoming,navigable,difficult,True
pp_nav_01862,pp_nav_01872,navigable,difficult,False
pp_nav_01862,moksobo,navigable,difficult,True
pp_nav_01862,sagaing,navigable,difficult,True
pp_nav_01862,ngasingu,navigable,difficult,True
pp_nav_01862,myedu,navigable,difficult,True
pp_nav_01863,nanhai,navigable,difficult,True
pp_nav_01863,shunde,navigable,difficult,True
pp_nav_01864,pp_nav_01869,navigable,difficult,False
pp_nav_01864,butalin,navigable,difficult,True
pp_nav_01864,kale,navigable,difficult,True
pp_nav_01864,mingin,navigable,difficult,True
pp_nav_01865,pangyang,navigable,difficult,True
pp_nav_01865,pp_nav_01871,navigable,difficult,False
pp_nav_01865,mong_yai,navigable,difficult,True
pp_nav_01865,lashio,navigable,difficult,True
pp_nav_01865,nam_thing,navigable,difficult,True
pp_nav_01866,xiangshan_xinhui,navigable,difficult,True
pp_nav_01866,xinhui,navigable,difficult,True
pp_nav_01866,nanhai,navigable,difficult,True
pp_nav_01866,shunde,navigable,difficult,True
pp_nav_01867,pp_nav_01868,barrier,barrier,False
pp_nav_01867,pp_nav_01870,barrier,barrier,False
pp_nav_01867,qasr_ibrim,barrier,barrier,True
pp_nav_01867,daw_sud,barrier,barrier,True
pp_nav_01868,qasr_ibrim,barrier,barrier,True
pp_nav_01869,pp_nav_01873,navigable,difficult,False
pp_nav_01869,butalin,navigable,difficult,True
pp_nav_01869,kanna,navigable,difficult,True
pp_nav_01869,mingin,navigable,difficult,True
pp_nav_01870,pp_nav_01875,barrier,barrier,False
pp_nav_01870,daw_sud,barrier,barrier,True
pp_nav_01870,faras,barrier,barrier,True
pp_nav_01871,pangyang,navigable,difficult,True
pp_nav_01871,pp_nav_01878,improvable,improvable,False
pp_nav_01871,matman,navigable,difficult,True
pp_nav_01871,mong_yai,navigable,difficult,True
pp_nav_01871,monghsu,navigable,difficult,True
pp_nav_01872,sagaing,navigable,difficult,True
pp_nav_01872,ngasingu,navigable,difficult,True
pp_nav_01873,pp_nav_01880,navigable,difficult,False
pp_nav_01873,butalin,navigable,difficult,True
pp_nav_01873,kanna,navigable,difficult,True
pp_nav_01873,amyint,navigable,difficult,True
pp_nav_01873,pakokku,navigable,difficult,True
pp_nav_01874,sagaing,navigable,difficult,True
pp_nav_01874,wetwin,navigable,difficult,True
pp_nav_01875,pp_nav_01881,barrier,barrier,False
pp_nav_01875,faras,barrier,barrier,True
pp_nav_01876,pp_nav_01880,navigable,difficult,False
pp_nav_01876,pp_nav_01882,navigable,difficult,False
pp_nav_01876,amyint,navigable,difficult,True
pp_nav_01876,talok,navigable,difficult,True
pp_nav_01876,pinya,navigable,difficult,True
pp_nav_01877,sagaing,navigable,difficult,True
pp_nav_01877,amyint,navigable,difficult,True
pp_nav_01877,pinya,navigable,difficult,True
pp_nav_01878,pp_nav_01885,improvable,improvable,False
pp_nav_01878,matman,improvable,improvable,True
pp_nav_01878,monghsu,improvable,improvable,True
pp_nav_01878,mongping,improvable,improvable,True
pp_nav_01878,kengkham,improvable,improvable,True
pp_nav_01879,muang_sing,navigable,difficult,True
pp_nav_01879,pp_nav_01883,barrier,barrier,False
pp_nav_01879,jinglong,navigable,difficult,True
pp_nav_01879,mengla,navigable,difficult,True
pp_nav_01879,mong_yawng,navigable,difficult,True
pp_nav_01880,amyint,navigable,difficult,True
pp_nav_01880,pakokku,navigable,difficult,True
pp_nav_01881,pp_nav_01886,barrier,barrier,False
pp_nav_01881,faras,barrier,barrier,True
pp_nav_01881,sai,barrier,barrier,True
pp_nav_01882,pagan,navigable,difficult,True
pp_nav_01882,saw,navigable,difficult,True
pp_nav_01882,pp_nav_01888,navigable,difficult,False
pp_nav_01882,pakokku,navigable,difficult,True
pp_nav_01882,talok,navigable,difficult,True
pp_nav_01883,muang_sing,barrier,barrier,True
pp_nav_01883,pp_nav_01889,barrier,barrier,False
pp_nav_01883,mong_yawng,barrier,barrier,True
pp_nav_01883,mong_hpayak,barrier,barrier,True
pp_nav_01884,pp_nav_01887,navigable,difficult,False
pp_nav_01884,thang_long,navigable,difficult,True
pp_nav_01884,tam_dai,navigable,difficult,True
pp_nav_01884,vu_ninh,navigable,difficult,True
pp_nav_01885,mongping,improvable,improvable,True
pp_nav_01885,kengkham,improvable,improvable,True
pp_nav_01886,pp_nav_01892,barrier,barrier,False
pp_nav_01886,sai,barrier,barrier,True
pp_nav_01887,pp_nav_01894,navigable,difficult,False
pp_nav_01887,thien_truong,navigable,difficult,True
pp_nav_01887,thang_long,navigable,difficult,True
pp_nav_01887,khoai_chau,navigable,difficult,True
pp_nav_01887,vu_ninh,navigable,difficult,True
pp_nav_01887,bo_hai_khau,navigable,difficult,True
pp_nav_01887,thai_binh,navigable,difficult,True
pp_nav_01888,pagan,navigable,difficult,True
pp_nav_01888,saw,navigable,difficult,True
pp_nav_01888,pp_nav_01895,navigable,difficult,False
pp_nav_01888,salay,navigable,difficult,True
pp_nav_01888,salin,navigable,difficult,True
pp_nav_01889,muang_sing,improvable,improvable,True
pp_nav_01889,vieng_phouka,improvable,improvable,True
pp_nav_01889,mong_hpayak,improvable,improvable,True
pp_nav_01890,kengtawng,barrier,barrier,True
pp_nav_01890,pp_nav_01898,barrier,barrier,False
pp_nav_01890,mongping,barrier,barrier,True
pp_nav_01890,mongtung,barrier,barrier,True
pp_nav_01890,kengkham,barrier,barrier,True
pp_nav_01891,vieng_phouka,improvable,improvable,True
pp_nav_01891,chiang_saen,improvable,improvable,True
pp_nav_01891,mong_hsat,improvable,improvable,True
pp_nav_01891,mong_hpayak,improvable,improvable,True
pp_nav_01892,pp_nav_01900,barrier,barrier,False
pp_nav_01892,kerma,barrier,barrier,True
pp_nav_01892,sai,barrier,barrier,True
pp_nav_01893,vieng_phouka,improvable,improvable,True
pp_nav_01893,chiang_khong,improvable,improvable,True
pp_nav_01893,chom_khao_maneerat,improvable,improvable,True
pp_nav_01893,chiang_saen,improvable,improvable,True
pp_nav_01894,red_river_delta,navigable,difficult,False
pp_nav_01894,thien_truong,navigable,difficult,True
pp_nav_01894,bo_hai_khau,navigable,difficult,True
pp_nav_01895,salay,navigable,difficult,True
pp_nav_01895,sagu,navigable,difficult,True
pp_nav_01895,salin,navigable,difficult,True
pp_nav_01895,magway,navigable,difficult,True
pp_nav_01896,sagu,navigable,difficult,True
pp_nav_01896,magway,navigable,difficult,True
pp_nav_01897,pp_nav_01904,navigable,difficult,False
pp_nav_01897,chiang_khong,navigable,difficult,True
pp_nav_01897,chom_khao_maneerat,navigable,difficult,True
pp_nav_01898,pp_nav_01902,navigable,difficult,False
pp_nav_01898,mawkmai,navigable,difficult,True
pp_nav_01898,mongtung,navigable,difficult,True
pp_nav_01899,pp_nav_01904,navigable,difficult,False
pp_nav_01899,nam_xuang,navigable,difficult,True
pp_nav_01899,muang_xay,navigable,difficult,True
pp_nav_01899,hongsa,navigable,difficult,True
pp_nav_01900,pp_nav_01907,barrier,barrier,False
pp_nav_01900,kerma,barrier,barrier,True
pp_nav_01901,thayet,navigable,difficult,True
pp_nav_01901,pp_nav_01911,navigable,difficult,False
pp_nav_01901,sagu,navigable,difficult,True
pp_nav_01901,taungdwingyi,navigable,difficult,True
pp_nav_01901,myede,navigable,difficult,True
pp_nav_01901,magway,navigable,difficult,True
pp_nav_01902,mawkmai,navigable,difficult,True
pp_nav_01902,mongpai,navigable,difficult,True
pp_nav_01903,nam_xuang,barrier,barrier,True
pp_nav_01903,hongsa,barrier,barrier,True
pp_nav_01904,chiang_khong,navigable,difficult,True
pp_nav_01904,muang_xay,navigable,difficult,True
pp_nav_01904,chom_khao_maneerat,navigable,difficult,True
pp_nav_01904,hongsa,navigable,difficult,True
pp_nav_01905,pp_nav_01908,navigable,difficult,False
pp_nav_01905,sayniabuli,navigable,difficult,True
pp_nav_01905,hongsa,navigable,difficult,True
pp_nav_01905,muang_sua,navigable,difficult,True
pp_nav_01906,pp_nav_01909,barrier,barrier,False
pp_nav_01906,pp_nav_01910,barrier,barrier,False
pp_nav_01906,shemkhiya,barrier,barrier,True
pp_nav_01906,abu_hamed,barrier,barrier,True
pp_nav_01907,pp_nav_01916,barrier,barrier,False
pp_nav_01907,kerma,barrier,barrier,True
pp_nav_01907,dongola,barrier,barrier,True
pp_nav_01908,sayniabuli,navigable,difficult,True
pp_nav_01908,muang_sua,navigable,difficult,True
pp_nav_01908,vang_vieng,navigable,difficult,True
pp_nav_01909,pp_nav_01913,barrier,barrier,False
pp_nav_01909,shemkhiya,barrier,barrier,True
pp_nav_01909,abu_hamed,barrier,barrier,True
pp_nav_01910,pp_nav_01917,navigable,difficult,False
pp_nav_01910,shemkhiya,navigable,difficult,True
pp_nav_01910,abu_hamed,navigable,difficult,True
pp_nav_01910,berber,navigable,difficult,True
pp_nav_01911,thayet,navigable,difficult,True
pp_nav_01911,pyay,navigable,difficult,True
pp_nav_01911,mindon,navigable,difficult,True
pp_nav_01911,myede,navigable,difficult,True
pp_nav_01912,siri_do,navigable,difficult,True
pp_nav_01912,papun,navigable,difficult,True
pp_nav_01912,mongpai,navigable,difficult,True
pp_nav_01913,pp_nav_01920,barrier,barrier,False
pp_nav_01913,shemkhiya,barrier,barrier,True
pp_nav_01913,abu_hamed,barrier,barrier,True
pp_nav_01913,karima,barrier,barrier,True
pp_nav_01914,pyay,navigable,difficult,True
pp_nav_01914,mindon,navigable,difficult,True
pp_nav_01915,pp_nav_01925,improvable,improvable,False
pp_nav_01915,ban_khon,improvable,improvable,True
pp_nav_01916,pp_nav_01928,barrier,barrier,False
pp_nav_01916,dongola,barrier,barrier,True
pp_nav_01917,pp_nav_01927,navigable,difficult,False
pp_nav_01917,shemkhiya,navigable,difficult,True
pp_nav_01917,berber,navigable,difficult,True
pp_nav_01918,pp_nav_01934,navigable,difficult,False
pp_nav_01918,myanaung,navigable,difficult,True
pp_nav_01918,paungde,navigable,difficult,True
pp_nav_01918,pyay,navigable,difficult,True
pp_nav_01918,tharrawaddy,navigable,difficult,True
pp_nav_01919,mecoacan_lagoon,navigable,difficult,False
pp_nav_01919,cupilco,navigable,difficult,True
pp_nav_01920,pp_nav_01930,barrier,barrier,False
pp_nav_01920,korti,barrier,barrier,True
pp_nav_01920,shemkhiya,barrier,barrier,True
pp_nav_01920,karima,barrier,barrier,True
pp_nav_01921,pak_huei_lang,navigable,difficult,True
pp_nav_01921,thoulakhom,navigable,difficult,True
pp_nav_01921,bolikham,navigable,difficult,True
pp_nav_01922,pak_huei_lang,navigable,difficult,True
pp_nav_01922,pp_nav_01932,navigable,difficult,False
pp_nav_01922,muang_nakhon,navigable,difficult,True
pp_nav_01922,ngoc_ma,navigable,difficult,True
pp_nav_01922,thakhek,navigable,difficult,True
pp_nav_01922,bolikham,navigable,difficult,True
pp_nav_01923,pp_nav_01929,navigable,difficult,False
pp_nav_01923,zahuatan,navigable,difficult,True
pp_nav_01923,cupilco,navigable,difficult,True
pp_nav_01923,xicallanco,navigable,difficult,True
pp_nav_01924,pak_huei_lang,navigable,difficult,True
pp_nav_01924,vientiane,navigable,difficult,True
pp_nav_01924,pp_nav_01933,navigable,difficult,False
pp_nav_01924,nong_khay,navigable,difficult,True
pp_nav_01924,thoulakhom,navigable,difficult,True
pp_nav_01925,ban_khon,improvable,improvable,True
pp_nav_01926,vientiane,navigable,difficult,True
pp_nav_01926,pp_nav_01931,navigable,difficult,False
pp_nav_01926,pp_nav_01933,navigable,difficult,False
pp_nav_01926,chiang_khan,navigable,difficult,True
pp_nav_01926,phon_hong,navigable,difficult,True
pp_nav_01927,pp_nav_01939,navigable,difficult,False
pp_nav_01927,shemkhiya,navigable,difficult,True
pp_nav_01927,atbara,navigable,difficult,True
pp_nav_01927,ed_damer,navigable,difficult,True
pp_nav_01927,berber,navigable,difficult,True
pp_nav_01928,pp_nav_01930,barrier,barrier,False
pp_nav_01928,dongola,barrier,barrier,True
pp_nav_01928,karima,barrier,barrier,True
pp_nav_01928,ed_debba,barrier,barrier,True
pp_nav_01929,pp_nav_01936,navigable,difficult,False
pp_nav_01929,zahuatan,navigable,difficult,True
pp_nav_01929,baak,navigable,difficult,True
pp_nav_01929,xicallanco,navigable,difficult,True
pp_nav_01929,tatahuitalpan,navigable,difficult,True
pp_nav_01930,korti,barrier,barrier,True
pp_nav_01930,karima,barrier,barrier,True
pp_nav_01930,ed_debba,barrier,barrier,True
pp_nav_01931,loei,navigable,difficult,True
pp_nav_01931,chiang_khan,navigable,difficult,True
pp_nav_01931,dan_sai,navigable,difficult,True
pp_nav_01931,phon_hong,navigable,difficult,True
pp_nav_01932,pp_nav_01938,navigable,difficult,False
pp_nav_01932,muang_nakhon,navigable,difficult,True
pp_nav_01932,thakhek,navigable,difficult,True
pp_nav_01933,vientiane,navigable,difficult,True
pp_nav_01933,nong_khay,navigable,difficult,True
pp_nav_01933,chiang_khan,navigable,difficult,True
pp_nav_01934,pp_nav_01940,navigable,difficult,False
pp_nav_01934,ingapu,navigable,difficult,True
pp_nav_01934,hinthada,navigable,difficult,True
pp_nav_01934,myanaung,navigable,difficult,True
pp_nav_01934,tharrawaddy,navigable,difficult,True
pp_nav_01935,pp_nav_01941,barrier,barrier,False
pp_nav_01935,sariang,barrier,barrier,True
pp_nav_01935,papun,barrier,barrier,True
pp_nav_01935,hpa_an,barrier,barrier,True
pp_nav_01936,tatahuitalpan,navigable,difficult,True
pp_nav_01937,pp_nav_01942,navigable,difficult,False
pp_nav_01937,kothagudem,navigable,difficult,True
pp_nav_01937,rekapalle,navigable,difficult,True
pp_nav_01937,rampa,navigable,difficult,True
pp_nav_01937,rajamahendry,navigable,difficult,True
pp_nav_01938,muang_nakhon,navigable,difficult,True
pp_nav_01938,that_phanom,navigable,difficult,True
pp_nav_01938,thakhek,navigable,difficult,True
pp_nav_01938,nong_bok,navigable,difficult,True
pp_nav_01939,pp_nav_01943,navigable,difficult,False
pp_nav_01939,shendi,navigable,difficult,True
pp_nav_01939,shemkhiya,navigable,difficult,True
pp_nav_01939,ed_damer,navigable,difficult,True
pp_nav_01939,el_metemma,navigable,difficult,True
pp_nav_01940,pp_nav_01944,navigable,difficult,False
pp_nav_01940,hmawbi,navigable,difficult,True
pp_nav_01940,danubyu,navigable,difficult,True
pp_nav_01940,hinthada,navigable,difficult,True
pp_nav_01940,twante,navigable,difficult,True
pp_nav_01940,tharrawaddy,navigable,difficult,True
pp_nav_01941,pp_nav_01946,navigable,difficult,False
pp_nav_01941,martaban,navigable,difficult,True
pp_nav_01941,thaton,navigable,difficult,True
pp_nav_01941,hpa_an,navigable,difficult,True
pp_nav_01942,pithapuram,navigable,difficult,True
pp_nav_01942,pallakolu,navigable,difficult,True
pp_nav_01942,rajamahendry,navigable,difficult,True
pp_nav_01943,pp_nav_01947,navigable,difficult,False
pp_nav_01943,shendi,navigable,difficult,True
pp_nav_01943,el_metemma,navigable,difficult,True
pp_nav_01944,pp_nav_01948,navigable,difficult,False
pp_nav_01944,maubin,navigable,difficult,True
pp_nav_01944,naungyo,navigable,difficult,True
pp_nav_01944,danubyu,navigable,difficult,True
pp_nav_01944,twante,navigable,difficult,True
pp_nav_01945,pp_nav_01949,navigable,difficult,False
pp_nav_01945,mukdahan,navigable,difficult,True
pp_nav_01945,that_phanom,navigable,difficult,True
pp_nav_01945,nong_bok,navigable,difficult,True
pp_nav_01945,savannakhet,navigable,difficult,True
pp_nav_01946,martaban,navigable,difficult,True
pp_nav_01946,mawlamyine,navigable,difficult,True
pp_nav_01946,gulf_martaban,navigable,difficult,False
pp_nav_01947,pp_nav_01950,navigable,difficult,False
pp_nav_01947,shendi,navigable,difficult,True
pp_nav_01947,qerri,navigable,difficult,True
pp_nav_01947,omdurman,navigable,difficult,True
pp_nav_01947,el_metemma,navigable,difficult,True
pp_nav_01948,maubin,navigable,difficult,True
pp_nav_01948,naungyo,navigable,difficult,True
pp_nav_01949,mukdahan,navigable,difficult,True
pp_nav_01949,muang_khemarat,navigable,difficult,True
pp_nav_01949,savannakhet,navigable,difficult,True
pp_nav_01949,thuan_binh,navigable,difficult,True
pp_nav_01950,qerri,navigable,difficult,True
pp_nav_01950,omdurman,navigable,difficult,True
pp_nav_01950,soba,navigable,difficult,True
pp_nav_01951,pp_nav_01952,navigable,difficult,False
pp_nav_01951,muang_khemarat,navigable,difficult,True
pp_nav_01951,muang_mang,navigable,difficult,True
pp_nav_01951,muang_phalan,navigable,difficult,True
pp_nav_01951,thuan_binh,navigable,difficult,True
pp_nav_01952,pp_nav_01953,navigable,difficult,False
pp_nav_01952,champasak,navigable,difficult,True
pp_nav_01952,muang_khemarat,navigable,difficult,True
pp_nav_01952,muang_mang,navigable,difficult,True
pp_nav_01953,champasak,navigable,difficult,True
pp_nav_01953,vat_phou,navigable,difficult,True
pp_nav_01954,pp_nav_01955,barrier,barrier,False
pp_nav_01954,pp_nav_01956,barrier,barrier,False
pp_nav_01954,preah_ko,barrier,barrier,True
pp_nav_01954,vat_phou,barrier,barrier,True
pp_nav_01955,preah_ko,barrier,barrier,True
pp_nav_01956,pp_nav_01957,barrier,barrier,False
pp_nav_01956,sandan,barrier,barrier,True
pp_nav_01956,stung_treng,barrier,barrier,True
pp_nav_01956,preah_ko,barrier,barrier,True
pp_nav_01957,sampheak_borak,navigable,difficult,True
pp_nav_01957,sandan,navigable,difficult,True
pp_nav_01957,stung_treng,navigable,difficult,True
pp_nav_01958,phnom_santuk,navigable,difficult,True
pp_nav_01958,sampheak_borak,navigable,difficult,True
pp_nav_01958,sandan,navigable,difficult,True
pp_nav_01958,kracheh,navigable,difficult,True
pp_nav_01959,phnom_santuk,navigable,difficult,True
pp_nav_01959,tboung_khmum,navigable,difficult,True
pp_nav_01959,kracheh,navigable,difficult,True
pp_nav_01960,pp_nav_01961,navigable,difficult,False
pp_nav_01960,srey_sarchhor,navigable,difficult,True
pp_nav_01960,phnom_santuk,navigable,difficult,True
pp_nav_01960,tboung_khmum,navigable,difficult,True
pp_nav_01960,indrapura_khmer,navigable,difficult,True
pp_nav_01961,pp_nav_01962,navigable,difficult,False
pp_nav_01961,srey_sarchhor,navigable,difficult,True
pp_nav_01961,phnom_penh,navigable,difficult,True
pp_nav_01961,indrapura_khmer,navigable,difficult,True
pp_nav_01962,pp_nav_01964,navigable,difficult,False
pp_nav_01962,srey_sarchhor,navigable,difficult,True
pp_nav_01962,vyadhapura,navigable,difficult,True
pp_nav_01962,phnom_penh,navigable,difficult,True
pp_nav_01963,pp_nav_01966,navigable,difficult,False
pp_nav_01963,mocana,navigable,difficult,True
pp_nav_01963,mahates,navigable,difficult,True
pp_nav_01963,galerazamba_coast,navigable,difficult,False
pp_nav_01963,kamach,navigable,difficult,True
pp_nav_01964,pp_nav_01965,navigable,difficult,False
pp_nav_01964,vyadhapura,navigable,difficult,True
pp_nav_01964,phsar_dek,navigable,difficult,True
pp_nav_01964,or_keo,navigable,difficult,True
pp_nav_01965,pp_nav_01967,navigable,difficult,False
pp_nav_01965,srok_khleang,navigable,difficult,True
pp_nav_01965,phsar_dek,navigable,difficult,True
pp_nav_01965,or_keo,navigable,difficult,True
pp_nav_01966,pp_nav_01968,navigable,difficult,False
pp_nav_01966,mahates,navigable,difficult,True
pp_nav_01966,one,navigable,difficult,True
pp_nav_01966,zarate,navigable,difficult,True
pp_nav_01967,north_mekong_delta,navigable,difficult,False
pp_nav_01967,srok_khleang,navigable,difficult,True
pp_nav_01967,phsar_dek,navigable,difficult,True
pp_nav_01968,one,navigable,difficult,True
pp_nav_01968,mompoj,navigable,difficult,True
pp_nav_01968,zarate,navigable,difficult,True
pp_nav_01969,pp_nav_01970,navigable,difficult,False
pp_nav_01969,fashoda,navigable,difficult,True
pp_nav_01969,naser,navigable,difficult,True
pp_nav_01969,sobat,navigable,difficult,True
pp_nav_01970,fashoda,navigable,difficult,True
pp_nav_01970,nuba_sud,navigable,difficult,True
pp_nav_01970,sobat,navigable,difficult,True
pp_nav_01970,meshra_er_req,navigable,difficult,True
pp_nav_01971,pp_nav_01972,navigable,difficult,False
pp_nav_01971,pp_nav_01976,navigable,difficult,False
pp_nav_01971,norosi,navigable,difficult,True
pp_nav_01971,mompoj,navigable,difficult,True
pp_nav_01972,pp_nav_01974,navigable,difficult,False
pp_nav_01972,tamalameque,navigable,difficult,True
pp_nav_01972,curumanao,navigable,difficult,True
pp_nav_01972,norosi,navigable,difficult,True
pp_nav_01972,mompoj,navigable,difficult,True
pp_nav_01973,tada,navigable,difficult,True
pp_nav_01973,nupeko,navigable,difficult,True
pp_nav_01974,norosi,navigable,difficult,True
pp_nav_01975,pp_nav_01984,navigable,difficult,False
pp_nav_01975,lapai,navigable,difficult,True
pp_nav_01975,nupeko,navigable,difficult,True
pp_nav_01975,lokoja,navigable,difficult,True
pp_nav_01976,mayaba,navigable,difficult,True
pp_nav_01976,nechi,navigable,difficult,True
pp_nav_01976,mompoj,navigable,difficult,True
pp_nav_01977,pp_nav_01991,navigable,difficult,False
pp_nav_01977,macaregua,navigable,difficult,True
pp_nav_01977,simiti,navigable,difficult,True
pp_nav_01977,norosi,navigable,difficult,True
pp_nav_01978,macaregua,navigable,difficult,True
pp_nav_01978,curumanao,navigable,difficult,True
pp_nav_01978,hacaritamas,navigable,difficult,True
pp_nav_01978,simiti,navigable,difficult,True
pp_nav_01978,norosi,navigable,difficult,True
pp_nav_01979,pp_nav_01980,navigable,difficult,False
pp_nav_01979,pp_nav_01982,navigable,difficult,False
pp_nav_01979,uyapari,navigable,difficult,True
pp_nav_01979,orinucu,navigable,difficult,True
pp_nav_01980,pp_nav_01981,navigable,difficult,False
pp_nav_01980,uyapari,navigable,difficult,True
pp_nav_01980,orinucu,navigable,difficult,True
pp_nav_01981,grande_mouth,navigable,difficult,False
pp_nav_01981,orinucu,navigable,difficult,True
pp_nav_01982,pp_nav_01983,navigable,difficult,False
pp_nav_01982,pp_nav_01985,navigable,difficult,False
pp_nav_01982,caroni,navigable,difficult,True
pp_nav_01982,cachamay,navigable,difficult,True
pp_nav_01982,uyapari,navigable,difficult,True
pp_nav_01982,guanipa,navigable,difficult,True
pp_nav_01983,pp_nav_01987,navigable,difficult,False
pp_nav_01983,caroni,navigable,difficult,True
pp_nav_01983,guanipa,navigable,difficult,True
pp_nav_01984,pp_nav_01993,navigable,difficult,False
pp_nav_01984,pp_nav_02001,navigable,difficult,False
pp_nav_01984,lokoja,navigable,difficult,True
pp_nav_01985,pp_nav_02003,navigable,difficult,False
pp_nav_01985,caroni,navigable,difficult,True
pp_nav_01985,cachamay,navigable,difficult,True
pp_nav_01986,darien_gulf,improvable,improvable,False
pp_nav_01986,murri,improvable,improvable,True
pp_nav_01986,acanti,improvable,improvable,True
pp_nav_01987,pp_nav_01989,navigable,difficult,False
pp_nav_01987,caroni,navigable,difficult,True
pp_nav_01987,guanipa,navigable,difficult,True
pp_nav_01987,aro,navigable,difficult,True
pp_nav_01988,pp_nav_01990,navigable,difficult,False
pp_nav_01988,pp_nav_01993,navigable,difficult,False
pp_nav_01988,lokoja,navigable,difficult,True
pp_nav_01988,kuje,navigable,difficult,True
pp_nav_01989,pp_nav_01995,navigable,difficult,False
pp_nav_01989,guanipa,navigable,difficult,True
pp_nav_01989,aro,navigable,difficult,True
pp_nav_01990,pp_nav_01996,navigable,difficult,False
pp_nav_01990,katsina_ala,navigable,difficult,True
pp_nav_01990,kuje,navigable,difficult,True
pp_nav_01991,pp_nav_02006,navigable,difficult,False
pp_nav_01991,macaregua,navigable,difficult,True
pp_nav_01991,simiti,navigable,difficult,True
pp_nav_01991,yolombo,navigable,difficult,True
pp_nav_01992,pp_nav_01997,navigable,difficult,False
pp_nav_01992,apure,navigable,difficult,True
pp_nav_01992,guamontey,navigable,difficult,True
pp_nav_01992,guaquire,navigable,difficult,True
pp_nav_01993,lokoja,navigable,difficult,True
pp_nav_01994,pp_nav_01995,navigable,difficult,False
pp_nav_01994,guanipa,navigable,difficult,True
pp_nav_01994,kai_kara,navigable,difficult,True
pp_nav_01994,ipire,navigable,difficult,True
pp_nav_01995,pp_nav_02002,navigable,difficult,False
pp_nav_01995,guanipa,navigable,difficult,True
pp_nav_01995,kai_kara,navigable,difficult,True
pp_nav_01995,aro,navigable,difficult,True
pp_nav_01996,katsina_ala,navigable,difficult,True
pp_nav_01997,pp_nav_01999,navigable,difficult,False
pp_nav_01997,apure,navigable,difficult,True
pp_nav_01997,guamontey,navigable,difficult,True
pp_nav_01997,kai_kara,navigable,difficult,True
pp_nav_01998,guamontey,navigable,difficult,True
pp_nav_01998,kai_kara,navigable,difficult,True
pp_nav_01998,ipire,navigable,difficult,True
pp_nav_01999,guamontey,navigable,difficult,True
pp_nav_01999,kai_kara,navigable,difficult,True
pp_nav_02000,murri,navigable,difficult,True
pp_nav_02001,pp_nav_02010,navigable,difficult,False
pp_nav_02001,idah,navigable,difficult,True
pp_nav_02001,lokoja,navigable,difficult,True
pp_nav_02002,kai_kara,navigable,difficult,True
pp_nav_02002,aro,navigable,difficult,True
pp_nav_02003,caroni,navigable,difficult,True
pp_nav_02003,cachamay,navigable,difficult,True
pp_nav_02004,apure,navigable,difficult,True
pp_nav_02004,kai_kara,navigable,difficult,True
pp_nav_02005,murri,navigable,difficult,True
pp_nav_02006,simiti,navigable,difficult,True
pp_nav_02006,yolombo,navigable,difficult,True
pp_nav_02007,guajobos,navigable,difficult,True
pp_nav_02007,apure,navigable,difficult,True
pp_nav_02007,kai_kara,navigable,difficult,True
pp_nav_02008,pp_nav_02016,navigable,difficult,False
pp_nav_02008,shambe,navigable,difficult,True
pp_nav_02009,pp_nav_02014,improvable,improvable,False
pp_nav_02009,parepona,navigable,difficult,True
pp_nav_02010,ugbodu,navigable,difficult,True
pp_nav_02010,idah,navigable,difficult,True
pp_nav_02010,ukunzu,navigable,difficult,True
pp_nav_02011,bojaya,navigable,difficult,True
pp_nav_02011,kuna,navigable,difficult,True
pp_nav_02012,guajobos,navigable,difficult,True
pp_nav_02013,chipata,navigable,difficult,True
pp_nav_02013,pantagoras,navigable,difficult,True
pp_nav_02013,yolombo,navigable,difficult,True
pp_nav_02014,parepona,improvable,improvable,True
pp_nav_02015,pp_nav_02020,navigable,difficult,False
pp_nav_02015,pp_nav_02023,navigable,difficult,False
pp_nav_02015,guajobos,navigable,difficult,True
pp_nav_02015,atanari,navigable,difficult,True
pp_nav_02016,pp_nav_02025,navigable,difficult,False
pp_nav_02016,lado,navigable,difficult,True
pp_nav_02016,bor,navigable,difficult,True
pp_nav_02016,shambe,navigable,difficult,True
pp_nav_02017,chipata,navigable,difficult,True
pp_nav_02017,pp_nav_02026,navigable,difficult,False
pp_nav_02017,pantagoras,navigable,difficult,True
pp_nav_02017,ondaimas,navigable,difficult,True
pp_nav_02017,cocorna,navigable,difficult,True
pp_nav_02018,pp_nav_02029,navigable,difficult,False
pp_nav_02018,nnewi,navigable,difficult,True
pp_nav_02018,ugbodu,navigable,difficult,True
pp_nav_02018,ozoro,navigable,difficult,True
pp_nav_02018,onitsha,navigable,difficult,True
pp_nav_02019,essequibo_mouth,navigable,difficult,False
pp_nav_02019,essequibo,navigable,difficult,True
pp_nav_02020,pp_nav_02022,navigable,difficult,False
pp_nav_02020,guajobos,navigable,difficult,True
pp_nav_02020,atanari,navigable,difficult,True
pp_nav_02021,pp_nav_02022,navigable,difficult,False
pp_nav_02021,pp_nav_02024,navigable,difficult,False
pp_nav_02021,arauca,navigable,difficult,True
pp_nav_02021,guajobos,navigable,difficult,True
pp_nav_02021,atanari,navigable,difficult,True
pp_nav_02022,guajobos,navigable,difficult,True
pp_nav_02022,atanari,navigable,difficult,True
pp_nav_02023,atanari,navigable,difficult,True
pp_nav_02024,pp_nav_02030,navigable,difficult,False
pp_nav_02024,arauca,navigable,difficult,True
pp_nav_02024,yopo,navigable,difficult,True
pp_nav_02024,atanari,navigable,difficult,True
pp_nav_02025,pp_nav_02033,navigable,difficult,False
pp_nav_02025,gondokoro,navigable,difficult,True
pp_nav_02025,lado,navigable,difficult,True
pp_nav_02025,bor,navigable,difficult,True
pp_nav_02026,ondaimas,navigable,difficult,True
pp_nav_02027,essequibo,navigable,difficult,True
pp_nav_02027,tumatumari,navigable,difficult,True
pp_nav_02028,pp_nav_02037,navigable,difficult,False
pp_nav_02028,afikpo,navigable,difficult,True
pp_nav_02028,arochukwu,navigable,difficult,True
pp_nav_02028,awka_etiti,navigable,difficult,True
pp_nav_02029,pp_nav_02036,navigable,difficult,False
pp_nav_02029,azia,navigable,difficult,True
pp_nav_02029,nnewi,navigable,difficult,True
pp_nav_02029,warri,navigable,difficult,True
pp_nav_02029,ozoro,navigable,difficult,True
pp_nav_02030,yopo,navigable,difficult,True
pp_nav_02031,maracoa,navigable,difficult,True
pp_nav_02031,atanari,navigable,difficult,True
pp_nav_02032,pp_nav_02034,navigable,difficult,False
pp_nav_02032,cumaribo,navigable,difficult,True
pp_nav_02032,yopo,navigable,difficult,True
pp_nav_02032,atanari,navigable,difficult,True
pp_nav_02033,pp_nav_02043,navigable,difficult,False
pp_nav_02033,gondokoro,navigable,difficult,True
pp_nav_02033,lado,navigable,difficult,True
pp_nav_02033,rejaf,navigable,difficult,True
pp_nav_02034,cumaribo,navigable,difficult,True
pp_nav_02034,yopo,navigable,difficult,True
pp_nav_02035,pp_nav_02047,improvable,improvable,False
pp_nav_02035,maracoa,navigable,difficult,True
pp_nav_02036,pp_nav_02044,navigable,difficult,False
pp_nav_02036,warri,navigable,difficult,True
pp_nav_02036,cabo_formoso,navigable,difficult,True
pp_nav_02036,brass,navigable,difficult,True
pp_nav_02037,cross_river_mouth,navigable,difficult,False
pp_nav_02037,calabar,navigable,difficult,True
pp_nav_02037,eket,navigable,difficult,True
pp_nav_02037,arochukwu,navigable,difficult,True
pp_nav_02038,pp_nav_02039,navigable,difficult,False
pp_nav_02038,pp_nav_02041,navigable,difficult,False
pp_nav_02038,krebedje,navigable,difficult,True
pp_nav_02038,ouaka,navigable,difficult,True
pp_nav_02038,bosobolo,navigable,difficult,True
pp_nav_02039,pp_nav_02045,navigable,difficult,False
pp_nav_02039,ouaka,navigable,difficult,True
pp_nav_02039,bosobolo,navigable,difficult,True
pp_nav_02040,tauramena,navigable,difficult,True
pp_nav_02040,yopo,navigable,difficult,True
pp_nav_02041,pp_nav_02048,navigable,difficult,False
pp_nav_02041,krebedje,navigable,difficult,True
pp_nav_02041,bangui,navigable,difficult,True
pp_nav_02041,boali,navigable,difficult,True
pp_nav_02041,bosobolo,navigable,difficult,True
pp_nav_02042,tauramena,navigable,difficult,True
pp_nav_02042,orocue,navigable,difficult,True
pp_nav_02043,pp_nav_02052,navigable,difficult,False
pp_nav_02043,gondokoro,navigable,difficult,True
pp_nav_02043,rejaf,navigable,difficult,True
pp_nav_02044,west_niger_mouth,navigable,difficult,False
pp_nav_02044,cabo_formoso,navigable,difficult,True
pp_nav_02044,brass,navigable,difficult,True
pp_nav_02045,pp_nav_02049,navigable,difficult,False
pp_nav_02045,ouaka,navigable,difficult,True
pp_nav_02045,mobaye,navigable,difficult,True
pp_nav_02045,bosobolo,navigable,difficult,True
pp_nav_02046,tauramena,navigable,difficult,True
pp_nav_02046,orocue,navigable,difficult,True
pp_nav_02046,metica,navigable,difficult,True
pp_nav_02047,maracoa,improvable,improvable,True
pp_nav_02048,mbaiki,navigable,difficult,True
pp_nav_02048,bangui,navigable,difficult,True
pp_nav_02048,boali,navigable,difficult,True
pp_nav_02049,mobaye,navigable,difficult,True
pp_nav_02049,bosobolo,navigable,difficult,True
pp_nav_02050,mobaye,navigable,difficult,True
pp_nav_02051,mobaye,navigable,difficult,True
pp_nav_02051,kotto,navigable,difficult,True
pp_nav_02052,pp_nav_02054,navigable,difficult,False
pp_nav_02052,gondokoro,navigable,difficult,True
pp_nav_02052,acholi,navigable,difficult,True
pp_nav_02052,rejaf,navigable,difficult,True
pp_nav_02053,mbaiki,navigable,difficult,True
pp_nav_02053,bangui,navigable,difficult,True
pp_nav_02054,pp_nav_02056,improvable,improvable,False
pp_nav_02054,pubungu,navigable,difficult,True
pp_nav_02054,acholi,navigable,difficult,True
pp_nav_02055,pp_nav_02058,navigable,difficult,False
pp_nav_02055,bangui,navigable,difficult,True
pp_nav_02056,pubungu,improvable,improvable,True
pp_nav_02057,pp_nav_02060,navigable,difficult,False
pp_nav_02057,mucajai,navigable,difficult,True
pp_nav_02057,takutu,navigable,difficult,True
pp_nav_02057,macuxi,navigable,difficult,True
pp_nav_02058,bangui,navigable,difficult,True
pp_nav_02059,bangui,navigable,difficult,True
pp_nav_02060,pp_nav_02067,navigable,difficult,False
pp_nav_02060,mucajai,navigable,difficult,True
pp_nav_02061,pp_nav_02063,improvable,improvable,False
pp_nav_02061,pawir,improvable,improvable,True
pp_nav_02061,pubungu,improvable,improvable,True
pp_nav_02062,pp_nav_02065,navigable,difficult,False
pp_nav_02062,igan,navigable,difficult,True
pp_nav_02062,sarikei,navigable,difficult,True
pp_nav_02062,julau,navigable,difficult,True
pp_nav_02063,pawir,navigable,difficult,True
pp_nav_02063,pubungu,navigable,difficult,True
pp_nav_02063,lango,navigable,difficult,True
pp_nav_02064,bangui,navigable,difficult,True
pp_nav_02065,katibas,navigable,difficult,True
pp_nav_02065,julau,navigable,difficult,True
pp_nav_02066,katibas,navigable,difficult,True
pp_nav_02066,rejang,navigable,difficult,True
pp_nav_02067,mucajai,navigable,difficult,True
pp_nav_02068,pp_nav_02071,navigable,difficult,False
pp_nav_02068,kinja,navigable,difficult,True
pp_nav_02069,north_buganda,improvable,improvable,True
pp_nav_02069,busoga,improvable,improvable,True
pp_nav_02069,buganda,improvable,improvable,True
pp_nav_02070,pp_nav_02073,navigable,difficult,False
pp_nav_02070,silat,navigable,difficult,True
pp_nav_02070,selimbau,navigable,difficult,True
pp_nav_02070,sintang,navigable,difficult,True
pp_nav_02070,jongkong,navigable,difficult,True
pp_nav_02071,kinja,navigable,difficult,True
pp_nav_02072,andaki,navigable,difficult,True
pp_nav_02073,sintang,navigable,difficult,True
pp_nav_02074,pp_nav_02075,navigable,difficult,False
pp_nav_02074,sepauk,navigable,difficult,True
pp_nav_02074,sintang,navigable,difficult,True
pp_nav_02074,sekadau,navigable,difficult,True
pp_nav_02075,pp_nav_02077,navigable,difficult,False
pp_nav_02075,sanggau,navigable,difficult,True
pp_nav_02075,sekadau,navigable,difficult,True
pp_nav_02076,pp_nav_02081,navigable,difficult,False
pp_nav_02076,tayan,navigable,difficult,True
pp_nav_02076,pontianak,navigable,difficult,True
pp_nav_02077,tayan,navigable,difficult,True
pp_nav_02077,sanggau,navigable,difficult,True
pp_nav_02078,pp_nav_02083,improvable,improvable,False
pp_nav_02078,boowe,improvable,improvable,True
pp_nav_02078,bakele_kongo,improvable,improvable,True
pp_nav_02078,ogoowe_kongo,improvable,improvable,True
pp_nav_02079,pp_nav_02087,navigable,difficult,False
pp_nav_02079,kinja,navigable,difficult,True
pp_nav_02079,waiwai,navigable,difficult,True
pp_nav_02080,boowe,navigable,difficult,True
pp_nav_02080,mitsogo_kongo,navigable,difficult,True
pp_nav_02081,pontianak,navigable,difficult,True
pp_nav_02081,kapuas_delta,navigable,difficult,False
pp_nav_02082,tenggarong,navigable,difficult,True
pp_nav_02082,pp_nav_02084,navigable,difficult,False
pp_nav_02082,muarakaman,navigable,difficult,True
pp_nav_02083,pp_nav_02086,navigable,difficult,False
pp_nav_02083,adyumba,navigable,difficult,True
pp_nav_02083,bakele_kongo,navigable,difficult,True
pp_nav_02083,lambarene,navigable,difficult,True
pp_nav_02083,ogoowe_kongo,navigable,difficult,True
pp_nav_02084,tenggarong,navigable,difficult,True
pp_nav_02084,pp_nav_02085,navigable,difficult,False
pp_nav_02084,kutai_lama,navigable,difficult,True
pp_nav_02084,muarakaman,navigable,difficult,True
pp_nav_02084,jembayan,navigable,difficult,True
pp_nav_02085,kutai_lama,navigable,difficult,True
pp_nav_02085,mahakam_delta,navigable,difficult,False
pp_nav_02086,pp_nav_02089,navigable,difficult,False
pp_nav_02086,adyumba,navigable,difficult,True
pp_nav_02086,lambarene,navigable,difficult,True
pp_nav_02086,nguyi,navigable,difficult,True
pp_nav_02087,mariua,navigable,difficult,True
pp_nav_02087,waiwai,navigable,difficult,True
pp_nav_02088,fura_dos_araiolos,navigable,difficult,False
pp_nav_02088,mariocai,navigable,difficult,True
pp_nav_02088,vieira_grande_bay,navigable,difficult,False
pp_nav_02089,ogoowe_coast,navigable,difficult,False
pp_nav_02089,adyumba,navigable,difficult,True
pp_nav_02089,nguyi,navigable,difficult,True
pp_nav_02090,pp_nav_02094,navigable,difficult,False
pp_nav_02090,mariua,navigable,difficult,True
pp_nav_02091,boma,navigable,difficult,True
pp_nav_02091,bobangi,navigable,difficult,True
pp_nav_02092,pp_nav_02103,navigable,difficult,False
pp_nav_02092,barito,navigable,difficult,True
pp_nav_02092,karau,navigable,difficult,True
pp_nav_02093,zoe,navigable,difficult,True
pp_nav_02094,mariua,navigable,difficult,True
pp_nav_02095,fura_dos_araiolos,navigable,difficult,False
pp_nav_02095,kuruaya,navigable,difficult,True
pp_nav_02096,fura_dos_araiolos,navigable,difficult,False
pp_nav_02096,paru,navigable,difficult,True
pp_nav_02096,prainha,navigable,difficult,True
pp_nav_02096,kuruaya,navigable,difficult,True
pp_nav_02097,pp_nav_02102,navigable,difficult,False
pp_nav_02097,curuai,navigable,difficult,True
pp_nav_02097,obidos,navigable,difficult,True
pp_nav_02097,zoe,navigable,difficult,True
pp_nav_02098,pp_nav_02105,navigable,difficult,False
pp_nav_02098,nunu,navigable,difficult,True
pp_nav_02098,boma,navigable,difficult,True
pp_nav_02098,bobangi,navigable,difficult,True
pp_nav_02098,bobaka,navigable,difficult,True
pp_nav_02099,paru,navigable,difficult,True
pp_nav_02099,prainha,navigable,difficult,True
pp_nav_02100,gurupatuba,navigable,difficult,True
pp_nav_02100,prainha,navigable,difficult,True
pp_nav_02101,mariua,navigable,difficult,True
pp_nav_02101,bares,navigable,difficult,True
pp_nav_02102,pp_nav_02107,navigable,difficult,False
pp_nav_02102,curuai,navigable,difficult,True
pp_nav_02102,tapajo,navigable,difficult,True
pp_nav_02102,zoe,navigable,difficult,True
pp_nav_02103,pp_nav_02117,navigable,difficult,False
pp_nav_02103,kuripan,navigable,difficult,True
pp_nav_02103,muara_bahan,navigable,difficult,True
pp_nav_02103,karau,navigable,difficult,True
pp_nav_02103,banua_lawas,navigable,difficult,True
pp_nav_02104,pp_nav_02116,navigable,difficult,False
pp_nav_02104,bares,navigable,difficult,True
pp_nav_02105,nunu,navigable,difficult,True
pp_nav_02105,ubangi,navigable,difficult,True
pp_nav_02105,ngato,navigable,difficult,True
pp_nav_02105,bobaka,navigable,difficult,True
pp_nav_02105,ngabo,navigable,difficult,True
pp_nav_02106,kwerba,navigable,difficult,True
pp_nav_02106,bauzi,navigable,difficult,True
pp_nav_02107,pp_nav_02111,navigable,difficult,False
pp_nav_02107,pp_nav_02115,navigable,difficult,False
pp_nav_02107,curuai,navigable,difficult,True
pp_nav_02107,tapajo,navigable,difficult,True
pp_nav_02107,tupinambarana,navigable,difficult,True
pp_nav_02108,pp_nav_02121,navigable,difficult,False
pp_nav_02108,musi_hilir,navigable,difficult,True
pp_nav_02108,bangka_strait,navigable,difficult,False
pp_nav_02108,palembang,navigable,difficult,True
pp_nav_02109,pp_nav_02112,improvable,improvable,False
pp_nav_02109,urucurituba,navigable,difficult,True
pp_nav_02109,uatuma,navigable,difficult,True
pp_nav_02110,curuai,navigable,difficult,True
pp_nav_02110,tupulicus,navigable,difficult,True
pp_nav_02111,tapajo,navigable,difficult,True
pp_nav_02111,urucurituba,navigable,difficult,True
pp_nav_02111,tupinambarana,navigable,difficult,True
pp_nav_02112,uatuma,improvable,improvable,True
pp_nav_02113,pp_nav_02139,navigable,difficult,False
pp_nav_02113,marapata_bay,navigable,difficult,False
pp_nav_02113,asurini,navigable,difficult,True
pp_nav_02113,anambe,navigable,difficult,True
pp_nav_02114,pp_nav_02134,navigable,difficult,False
pp_nav_02114,zimba,navigable,difficult,True
pp_nav_02114,kusu_mangbetu,navigable,difficult,True
pp_nav_02115,pp_nav_02118,navigable,difficult,False
pp_nav_02115,urucurituba,navigable,difficult,True
pp_nav_02115,tupinambarana,navigable,difficult,True
pp_nav_02116,bares,navigable,difficult,True
pp_nav_02117,pp_nav_02129,navigable,difficult,False
pp_nav_02117,banjar,navigable,difficult,True
pp_nav_02117,kuripan,navigable,difficult,True
pp_nav_02117,kahayan_hilir,navigable,difficult,True
pp_nav_02117,muara_bahan,navigable,difficult,True
pp_nav_02118,pp_nav_02135,navigable,difficult,False
pp_nav_02118,apoquitaua,navigable,difficult,True
pp_nav_02118,urucurituba,navigable,difficult,True
pp_nav_02119,tumba_ikoko,navigable,difficult,True
pp_nav_02119,pp_nav_02122,navigable,difficult,False
pp_nav_02119,pp_nav_02137,navigable,difficult,False
pp_nav_02119,ubangi,navigable,difficult,True
pp_nav_02119,ngabo,navigable,difficult,True
pp_nav_02120,mura,navigable,difficult,True
pp_nav_02120,manaos,navigable,difficult,True
pp_nav_02121,palembang,navigable,difficult,True
pp_nav_02122,tumba_ikoko,navigable,difficult,True
pp_nav_02122,bikoro,navigable,difficult,True
pp_nav_02122,ngabo,navigable,difficult,True
pp_nav_02123,pp_nav_02131,navigable,difficult,False
pp_nav_02123,north_juma,navigable,difficult,True
pp_nav_02123,bikoro,navigable,difficult,True
pp_nav_02123,chuapa,navigable,difficult,True
pp_nav_02124,manaos,navigable,difficult,True
pp_nav_02125,mundurukania,navigable,difficult,True
pp_nav_02125,tupulicus,navigable,difficult,True
pp_nav_02126,pp_nav_02128,navigable,difficult,False
pp_nav_02126,pp_nav_02130,navigable,difficult,False
pp_nav_02126,manaos,navigable,difficult,True
pp_nav_02126,maues,navigable,difficult,True
pp_nav_02127,pp_nav_02128,navigable,difficult,False
pp_nav_02127,munduruku,navigable,difficult,True
pp_nav_02127,juris,navigable,difficult,True
pp_nav_02128,maues,navigable,difficult,True
pp_nav_02128,munduruku,navigable,difficult,True
pp_nav_02129,banjar,navigable,difficult,True
pp_nav_02129,cape_selatan,navigable,difficult,False
pp_nav_02129,kahayan_hilir,navigable,difficult,True
pp_nav_02130,mura,navigable,difficult,True
pp_nav_02130,manaos,navigable,difficult,True
pp_nav_02130,maues,navigable,difficult,True
pp_nav_02131,pp_nav_02140,navigable,difficult,False
pp_nav_02131,north_juma,navigable,difficult,True
pp_nav_02131,chuapa,navigable,difficult,True
pp_nav_02132,pp_nav_02142,navigable,difficult,False
pp_nav_02132,miranha,navigable,difficult,True
pp_nav_02133,mura,navigable,difficult,True
pp_nav_02133,maues,navigable,difficult,True
pp_nav_02134,pp_nav_02157,navigable,difficult,False
pp_nav_02134,nguera,navigable,difficult,True
pp_nav_02134,zimba,navigable,difficult,True
pp_nav_02134,kusu_mangbetu,navigable,difficult,True
pp_nav_02135,pp_nav_02146,navigable,difficult,False
pp_nav_02135,apoquitaua,navigable,difficult,True
pp_nav_02135,turas,navigable,difficult,True
pp_nav_02136,pp_nav_02151,navigable,difficult,False
pp_nav_02136,turas,navigable,difficult,True
pp_nav_02136,munduruku,navigable,difficult,True
pp_nav_02136,juris,navigable,difficult,True
pp_nav_02137,tumba_ikoko,navigable,difficult,True
pp_nav_02137,pp_nav_02155,barrier,barrier,False
pp_nav_02137,ubangi,navigable,difficult,True
pp_nav_02137,monsol,navigable,difficult,True
pp_nav_02138,pp_nav_02156,navigable,difficult,False
pp_nav_02138,mundurukania,navigable,difficult,True
pp_nav_02139,asurini,navigable,difficult,True
pp_nav_02140,pp_nav_02145,navigable,difficult,False
pp_nav_02140,north_juma,navigable,difficult,True
pp_nav_02140,bankutu,navigable,difficult,True
pp_nav_02140,chuapa,navigable,difficult,True
pp_nav_02141,pp_nav_02143,navigable,difficult,False
pp_nav_02141,pp_nav_02148,navigable,difficult,False
pp_nav_02141,mura,navigable,difficult,True
pp_nav_02141,kambeba,navigable,difficult,True
pp_nav_02142,miranha,navigable,difficult,True
pp_nav_02143,pp_nav_02147,navigable,difficult,False
pp_nav_02143,kambeba,navigable,difficult,True
pp_nav_02144,miranha,navigable,difficult,True
pp_nav_02144,arua,navigable,difficult,True
pp_nav_02145,pp_nav_02159,improvable,improvable,False
pp_nav_02145,bankutu,navigable,difficult,True
pp_nav_02145,gana_damate,navigable,difficult,True
pp_nav_02146,turas,navigable,difficult,True
pp_nav_02147,pp_nav_02154,navigable,difficult,False
pp_nav_02147,kambeba,navigable,difficult,True
pp_nav_02147,arua,navigable,difficult,True
pp_nav_02148,kambeba,navigable,difficult,True
pp_nav_02149,turas,improvable,improvable,True
pp_nav_02150,turas,navigable,difficult,True
pp_nav_02151,turas,navigable,difficult,True
pp_nav_02151,munduruku,navigable,difficult,True
pp_nav_02152,girgir_cape,navigable,difficult,False
pp_nav_02152,angoram,navigable,difficult,True
pp_nav_02153,asurini,navigable,difficult,True
pp_nav_02154,arua,navigable,difficult,True
pp_nav_02155,pumbo,barrier,barrier,True
pp_nav_02155,monsol,barrier,barrier,True
pp_nav_02156,pp_nav_02167,navigable,difficult,False
pp_nav_02156,mundurukania,navigable,difficult,True
pp_nav_02156,satere_mawe,navigable,difficult,True
pp_nav_02157,pp_nav_02169,improvable,improvable,False
pp_nav_02157,lussuna,navigable,difficult,True
pp_nav_02157,moana_kassongo,navigable,difficult,True
pp_nav_02157,nguera,navigable,difficult,True
pp_nav_02158,asurini,navigable,difficult,True
pp_nav_02158,parakana,navigable,difficult,True
pp_nav_02158,para_gaviao,navigable,difficult,True
pp_nav_02159,pp_nav_02165,improvable,improvable,False
pp_nav_02159,gana_damate,improvable,improvable,True
pp_nav_02159,bendi,improvable,improvable,True
pp_nav_02160,pp_nav_02162,navigable,difficult,False
pp_nav_02160,pp_nav_02163,navigable,difficult,False
pp_nav_02160,boiken,navigable,difficult,True
pp_nav_02161,banaro,navigable,difficult,True
pp_nav_02161,angoram,navigable,difficult,True
pp_nav_02162,banaro,navigable,difficult,True
pp_nav_02162,boiken,navigable,difficult,True
pp_nav_02162,angoram,navigable,difficult,True
pp_nav_02163,wogamusin,navigable,difficult,True
pp_nav_02163,boiken,navigable,difficult,True
pp_nav_02164,pp_nav_02170,barrier,barrier,False
pp_nav_02164,pumbo,barrier,barrier,True
pp_nav_02164,sanga_pumbo,barrier,barrier,True
pp_nav_02164,monsol,barrier,barrier,True
pp_nav_02165,bendi,navigable,difficult,True
pp_nav_02166,wogamusin,navigable,difficult,True
pp_nav_02167,satere_mawe,navigable,difficult,True
pp_nav_02168,awajun,navigable,difficult,True
pp_nav_02169,lussuna,improvable,improvable,True
pp_nav_02169,moana_kassongo,improvable,improvable,True
pp_nav_02170,mbanza_nsundi,barrier,barrier,True
pp_nav_02170,pumbo,barrier,barrier,True
pp_nav_02170,sanga_pumbo,barrier,barrier,True
pp_nav_02171,awajun,improvable,improvable,True
pp_nav_02172,parakana,navigable,difficult,True
pp_nav_02173,pp_nav_02179,navigable,difficult,False
pp_nav_02173,lussuna,navigable,difficult,True
pp_nav_02173,moana_kassongo,navigable,difficult,True
pp_nav_02173,kabambare,navigable,difficult,True
pp_nav_02173,lukuga,navigable,difficult,True
pp_nav_02174,mbanza_nsundi,barrier,barrier,True
pp_nav_02174,pp_nav_02175,barrier,barrier,False
pp_nav_02174,mindouli,barrier,barrier,True
pp_nav_02174,sanga_pumbo,barrier,barrier,True
pp_nav_02175,mbanza_nsundi,barrier,barrier,True
pp_nav_02175,pp_nav_02178,barrier,barrier,False
pp_nav_02175,mindouli,barrier,barrier,True
pp_nav_02175,dingi,barrier,barrier,True
pp_nav_02175,bula_kongo,barrier,barrier,True
pp_nav_02176,pp_nav_02177,navigable,difficult,False
pp_nav_02176,pyti,navigable,difficult,True
pp_nav_02176,parkateje,navigable,difficult,True
pp_nav_02177,pp_nav_02180,navigable,difficult,False
pp_nav_02177,pyti,navigable,difficult,True
pp_nav_02177,tocantis,navigable,difficult,True
pp_nav_02177,parkateje,navigable,difficult,True
pp_nav_02178,pp_nav_02182,barrier,barrier,False
pp_nav_02178,bungu_kongo,barrier,barrier,True
pp_nav_02178,dingi,barrier,barrier,True
pp_nav_02178,bula_kongo,barrier,barrier,True
pp_nav_02179,pp_nav_02188,navigable,difficult,False
pp_nav_02179,lussuna,navigable,difficult,True
pp_nav_02179,moana_mussumba,navigable,difficult,True
pp_nav_02179,mussimi,navigable,difficult,True
pp_nav_02179,muichi,navigable,difficult,True
pp_nav_02179,lukuga,navigable,difficult,True
pp_nav_02180,pyti,navigable,difficult,True
pp_nav_02181,yurimagua,navigable,difficult,True
pp_nav_02182,bungu_kongo,barrier,barrier,True
pp_nav_02182,nogui,barrier,barrier,True
pp_nav_02182,bula_kongo,barrier,barrier,True
pp_nav_02183,pp_nav_02185,navigable,difficult,False
pp_nav_02183,cabinda_kongo,navigable,difficult,True
pp_nav_02183,bungu_kongo,navigable,difficult,True
pp_nav_02183,mbanza_soyo,navigable,difficult,True
pp_nav_02183,nogui,navigable,difficult,True
pp_nav_02184,yurimagua,navigable,difficult,True
pp_nav_02185,congo_river_coast,navigable,difficult,False
pp_nav_02185,cabinda_kongo,navigable,difficult,True
pp_nav_02185,mbanza_soyo,navigable,difficult,True
pp_nav_02186,pp_nav_02189,navigable,difficult,False
pp_nav_02186,yurimagua,navigable,difficult,True
pp_nav_02186,chatuza,navigable,difficult,True
pp_nav_02187,pp_nav_02190,navigable,difficult,False
pp_nav_02187,pyti,navigable,difficult,True
pp_nav_02187,paranaidji,navigable,difficult,True
pp_nav_02187,caraja,navigable,difficult,True
pp_nav_02188,ankoro,navigable,difficult,True
pp_nav_02188,mukalombo,navigable,difficult,True
pp_nav_02188,mussimi,navigable,difficult,True
pp_nav_02188,muichi,navigable,difficult,True
pp_nav_02189,pp_nav_02191,improvable,improvable,False
pp_nav_02189,cocamas,navigable,difficult,True
pp_nav_02189,chatuza,navigable,difficult,True
pp_nav_02189,lamas,navigable,difficult,True
pp_nav_02190,pp_nav_02193,improvable,improvable,False
pp_nav_02190,paranaidji,navigable,difficult,True
pp_nav_02190,caraja,navigable,difficult,True
pp_nav_02191,cocamas,improvable,improvable,True
pp_nav_02191,lamas,improvable,improvable,True
pp_nav_02192,cocamas,improvable,improvable,True
pp_nav_02193,paranaidji,improvable,improvable,True
pp_nav_02193,mehin,improvable,improvable,True
pp_nav_02193,caraja,improvable,improvable,True
pp_nav_02194,mehin,navigable,difficult,True
pp_nav_02194,caraja,navigable,difficult,True
pp_nav_02195,pp_nav_02200,navigable,difficult,False
pp_nav_02195,para,navigable,difficult,True
pp_nav_02196,suki,navigable,difficult,True
pp_nav_02197,pp_nav_02204,navigable,difficult,False
pp_nav_02197,kraho,navigable,difficult,True
pp_nav_02197,acroas,navigable,difficult,True
pp_nav_02197,caraja,navigable,difficult,True
pp_nav_02198,pp_nav_02202,navigable,difficult,False
pp_nav_02198,may_ushin,navigable,difficult,True
pp_nav_02199,purutu_island,navigable,difficult,False
pp_nav_02199,suki,navigable,difficult,True
pp_nav_02200,pp_nav_02208,navigable,difficult,False
pp_nav_02200,tupirama,navigable,difficult,True
pp_nav_02200,para,navigable,difficult,True
pp_nav_02201,pp_nav_02207,navigable,difficult,False
pp_nav_02201,yjxa,navigable,difficult,True
pp_nav_02202,may_ushin,navigable,difficult,True
pp_nav_02203,pp_nav_02206,navigable,difficult,False
pp_nav_02203,tumbalala,navigable,difficult,True
pp_nav_02203,truka,navigable,difficult,True
pp_nav_02203,pankara,navigable,difficult,True
pp_nav_02203,tuxa,navigable,difficult,True
pp_nav_02204,kraho,navigable,difficult,True
pp_nav_02204,acroas,navigable,difficult,True
pp_nav_02205,pp_nav_02211,navigable,difficult,False
pp_nav_02205,tumbalala,navigable,difficult,True
pp_nav_02205,paranabuku,navigable,difficult,True
pp_nav_02205,truka,navigable,difficult,True
pp_nav_02206,pp_nav_02210,improvable,improvable,False
pp_nav_02206,pankararu,navigable,difficult,True
pp_nav_02206,pankara,navigable,difficult,True
pp_nav_02206,tuxa,navigable,difficult,True
pp_nav_02207,pp_nav_02212,navigable,difficult,False
pp_nav_02207,ahe,navigable,difficult,True
pp_nav_02207,yjxa,navigable,difficult,True
pp_nav_02208,coco,navigable,difficult,True
pp_nav_02208,apyawa,navigable,difficult,True
pp_nav_02208,tupirama,navigable,difficult,True
pp_nav_02208,para,navigable,difficult,True
pp_nav_02209,pp_nav_02221,navigable,difficult,False
pp_nav_02209,akwe,navigable,difficult,True
pp_nav_02209,acroas,navigable,difficult,True
pp_nav_02210,pp_nav_02217,barrier,barrier,False
pp_nav_02210,pankararu,improvable,improvable,True
pp_nav_02210,tuxa,improvable,improvable,True
pp_nav_02211,pp_nav_02216,navigable,difficult,False
pp_nav_02211,tumbalala,navigable,difficult,True
pp_nav_02211,paranabuku,navigable,difficult,True
pp_nav_02212,ahe,navigable,difficult,True
pp_nav_02213,apyawa,navigable,difficult,True
pp_nav_02213,karaja,navigable,difficult,True
pp_nav_02214,apiacas,navigable,difficult,True
pp_nav_02215,pp_nav_02216,navigable,difficult,False
pp_nav_02215,pp_nav_02220,navigable,difficult,False
pp_nav_02215,jaguarari,navigable,difficult,True
pp_nav_02216,tumbalala,navigable,difficult,True
pp_nav_02216,paranabuku,navigable,difficult,True
pp_nav_02216,jaguarari,navigable,difficult,True
pp_nav_02217,pp_nav_02223,barrier,barrier,False
pp_nav_02217,pankararu,barrier,barrier,True
pp_nav_02217,caete,barrier,barrier,True
pp_nav_02217,xoko,barrier,barrier,True
pp_nav_02217,tuxa,barrier,barrier,True
pp_nav_02218,wari,navigable,difficult,True
pp_nav_02219,wari,navigable,difficult,True
pp_nav_02219,kaxarari,navigable,difficult,True
pp_nav_02220,acoroazes,navigable,difficult,True
pp_nav_02220,jaguarari,navigable,difficult,True
pp_nav_02221,akwe,navigable,difficult,True
pp_nav_02221,xerente,navigable,difficult,True
pp_nav_02221,acroas,navigable,difficult,True
pp_nav_02222,pp_nav_02227,navigable,difficult,False
pp_nav_02222,acoroazes,navigable,difficult,True
pp_nav_02223,pp_nav_02226,improvable,improvable,False
pp_nav_02223,kariri,improvable,improvable,True
pp_nav_02223,arakaiu,improvable,improvable,True
pp_nav_02223,xoko,improvable,improvable,True
pp_nav_02224,tapirape,navigable,difficult,True
pp_nav_02224,apyawa,navigable,difficult,True
pp_nav_02224,karaja,navigable,difficult,True
pp_nav_02225,apiaka,navigable,difficult,True
pp_nav_02226,kariri,navigable,difficult,True
pp_nav_02226,arakaiu,navigable,difficult,True
pp_nav_02227,pp_nav_02231,navigable,difficult,False
pp_nav_02227,acoroazes,navigable,difficult,True
pp_nav_02227,ipueira,navigable,difficult,True
pp_nav_02228,pp_nav_02234,navigable,difficult,False
pp_nav_02228,tapirape,navigable,difficult,True
pp_nav_02228,karaja,navigable,difficult,True
pp_nav_02228,auwe,navigable,difficult,True
pp_nav_02229,gurupi,navigable,difficult,True
pp_nav_02230,pp_nav_02232,improvable,improvable,False
pp_nav_02230,tungi,navigable,difficult,True
pp_nav_02230,ruvuma_bay,navigable,difficult,False
pp_nav_02230,mikindani,navigable,difficult,True
pp_nav_02231,pp_nav_02235,navigable,difficult,False
pp_nav_02231,ipueira,navigable,difficult,True
pp_nav_02232,pp_nav_02236,improvable,improvable,False
pp_nav_02232,tungi,improvable,improvable,True
pp_nav_02232,mikindani,improvable,improvable,True
pp_nav_02232,makonde,improvable,improvable,True
pp_nav_02232,north_meetto,improvable,improvable,True
pp_nav_02233,gurupi,navigable,difficult,True
pp_nav_02233,gameleira,navigable,difficult,True
pp_nav_02234,pp_nav_02239,navigable,difficult,False
pp_nav_02234,auwe,navigable,difficult,True
pp_nav_02235,pp_nav_02240,navigable,difficult,False
pp_nav_02235,ipueira,navigable,difficult,True
pp_nav_02236,tungi,navigable,difficult,True
pp_nav_02236,makonde,navigable,difficult,True
pp_nav_02236,north_meetto,navigable,difficult,True
pp_nav_02237,central_meetto,navigable,difficult,True
pp_nav_02237,makonde,navigable,difficult,True
pp_nav_02237,north_meetto,navigable,difficult,True
pp_nav_02238,nomatsigenga,improvable,improvable,True
pp_nav_02239,auwe,navigable,difficult,True
pp_nav_02240,pp_nav_02243,navigable,difficult,False
pp_nav_02240,ipueira,navigable,difficult,True
pp_nav_02240,ibotirama,navigable,difficult,True
pp_nav_02241,pp_nav_02245,navigable,difficult,False
pp_nav_02241,cayubaba,navigable,difficult,True
pp_nav_02241,pacahuara,navigable,difficult,True
pp_nav_02242,tayaccasa,improvable,improvable,True
pp_nav_02242,nomatsigenga,improvable,improvable,True
pp_nav_02242,pampahuaylla,improvable,improvable,True
pp_nav_02243,pp_nav_02246,navigable,difficult,False
pp_nav_02243,guanambi,navigable,difficult,True
pp_nav_02243,ipueira,navigable,difficult,True
pp_nav_02243,ibotirama,navigable,difficult,True
pp_nav_02244,itonama,navigable,difficult,True
pp_nav_02245,pp_nav_02247,navigable,difficult,False
pp_nav_02245,cayubaba,navigable,difficult,True
pp_nav_02245,movima,navigable,difficult,True
pp_nav_02246,pp_nav_02248,improvable,improvable,False
pp_nav_02246,guanambi,navigable,difficult,True
pp_nav_02246,ibotirama,navigable,difficult,True
pp_nav_02246,kayapo,navigable,difficult,True
pp_nav_02247,movima,navigable,difficult,True
pp_nav_02248,pp_nav_02250,improvable,improvable,False
pp_nav_02248,guanambi,improvable,improvable,True
pp_nav_02248,kayapo,improvable,improvable,True
pp_nav_02248,xakriaba,improvable,improvable,True
pp_nav_02249,pp_nav_02251,navigable,difficult,False
pp_nav_02249,movima,navigable,difficult,True
pp_nav_02249,kanisianas,navigable,difficult,True
pp_nav_02250,kayapo,navigable,difficult,True
pp_nav_02250,itapiracaba,navigable,difficult,True
pp_nav_02250,xakriaba,navigable,difficult,True
pp_nav_02251,moxos,navigable,difficult,True
pp_nav_02251,kanisianas,navigable,difficult,True
pp_nav_02252,jaiba,navigable,difficult,True
pp_nav_02252,pp_nav_02254,navigable,difficult,False
pp_nav_02252,anais,navigable,difficult,True
pp_nav_02252,itapiracaba,navigable,difficult,True
pp_nav_02253,moxos,navigable,difficult,True
pp_nav_02254,pp_nav_02259,navigable,difficult,False
pp_nav_02254,anais,navigable,difficult,True
pp_nav_02254,itapiracaba,navigable,difficult,True
pp_nav_02254,buriti,navigable,difficult,True
pp_nav_02255,pp_nav_02256,improvable,improvable,False
pp_nav_02255,pp_nav_02258,navigable,difficult,False
pp_nav_02255,tete,navigable,difficult,True
pp_nav_02255,massanza,navigable,difficult,True
pp_nav_02255,chikowa,navigable,difficult,True
pp_nav_02256,pp_nav_02260,improvable,improvable,False
pp_nav_02256,tete,improvable,improvable,True
pp_nav_02256,massanza,improvable,improvable,True
pp_nav_02256,ancuase,improvable,improvable,True
pp_nav_02257,pp_nav_02258,navigable,difficult,False
pp_nav_02257,kasekete,navigable,difficult,True
pp_nav_02257,mutota,navigable,difficult,True
pp_nav_02257,zumbo,navigable,difficult,True
pp_nav_02258,mutota,navigable,difficult,True
pp_nav_02258,zumbo,navigable,difficult,True
pp_nav_02258,massanza,navigable,difficult,True
pp_nav_02258,chikowa,navigable,difficult,True
pp_nav_02259,akwen,navigable,difficult,True
pp_nav_02259,anais,navigable,difficult,True
pp_nav_02259,buriti,navigable,difficult,True
pp_nav_02260,pp_nav_02261,improvable,improvable,False
pp_nav_02260,tete,improvable,improvable,True
pp_nav_02260,massangano,improvable,improvable,True
pp_nav_02260,ancuase,improvable,improvable,True
pp_nav_02261,pp_nav_02262,improvable,improvable,False
pp_nav_02261,chiramba,improvable,improvable,True
pp_nav_02261,massangano,improvable,improvable,True
pp_nav_02261,ancuase,improvable,improvable,True
pp_nav_02262,pp_nav_02263,improvable,improvable,False
pp_nav_02262,chiramba,improvable,improvable,True
pp_nav_02262,ancuase,improvable,improvable,True
pp_nav_02263,pp_nav_02264,navigable,difficult,False
pp_nav_02263,sena,navigable,difficult,True
pp_nav_02263,chamo,navigable,difficult,True
pp_nav_02263,ancuase,navigable,difficult,True
pp_nav_02264,pp_nav_02265,navigable,difficult,False
pp_nav_02264,sena,navigable,difficult,True
pp_nav_02264,chupanga,navigable,difficult,True
pp_nav_02264,mopeia,navigable,difficult,True
pp_nav_02264,chamo,navigable,difficult,True
pp_nav_02264,chindre,navigable,difficult,True
pp_nav_02265,mouth_zambezi,navigable,difficult,False
pp_nav_02265,cuama,navigable,difficult,True
pp_nav_02265,chupanga,navigable,difficult,True
pp_nav_02265,chindre,navigable,difficult,True
pp_nav_02266,pp_nav_02268,navigable,difficult,False
pp_nav_02266,bororos,navigable,difficult,True
pp_nav_02266,araripocone,navigable,difficult,True
pp_nav_02266,iranmranhre,navigable,difficult,True
pp_nav_02267,eexiwa,navigable,difficult,True
pp_nav_02268,paranaiba,navigable,difficult,True
pp_nav_02268,bororos,navigable,difficult,True
pp_nav_02268,iranmranhre,navigable,difficult,True
pp_nav_02269,pp_nav_02273,navigable,difficult,False
pp_nav_02269,pp_nav_02275,navigable,difficult,False
pp_nav_02269,tanabi,navigable,difficult,True
pp_nav_02269,paranaiba,navigable,difficult,True
pp_nav_02269,bororos,navigable,difficult,True
pp_nav_02270,pp_nav_02271,navigable,difficult,False
pp_nav_02270,pp_nav_02273,navigable,difficult,False
pp_nav_02270,tanabi,navigable,difficult,True
pp_nav_02270,bororos,navigable,difficult,True
pp_nav_02271,tanabi,navigable,difficult,True
pp_nav_02271,bororos,navigable,difficult,True
pp_nav_02272,tanabi,navigable,difficult,True
pp_nav_02272,uberaba,navigable,difficult,True
pp_nav_02272,bororos,navigable,difficult,True
pp_nav_02273,tanabi,navigable,difficult,True
pp_nav_02273,paranaiba,navigable,difficult,True
pp_nav_02273,bororos,navigable,difficult,True
pp_nav_02274,yshyr,navigable,difficult,True
pp_nav_02275,tanabi,navigable,difficult,True
pp_nav_02275,paranaiba,navigable,difficult,True
pp_nav_02276,yshyr,navigable,difficult,True
pp_nav_02277,paranaiba,improvable,improvable,True
pp_nav_02277,valparaiso,improvable,improvable,True
pp_nav_02277,ofaie,improvable,improvable,True
pp_nav_02278,valparaiso,navigable,difficult,True
pp_nav_02278,ofaie,navigable,difficult,True
pp_nav_02279,pp_nav_02281,navigable,difficult,False
pp_nav_02279,valparaiso,navigable,difficult,True
pp_nav_02279,porto_tibirica,navigable,difficult,True
pp_nav_02279,taquarucu,navigable,difficult,True
pp_nav_02279,ofaie,navigable,difficult,True
pp_nav_02280,pp_nav_02282,navigable,difficult,False
pp_nav_02280,guana,navigable,difficult,True
pp_nav_02281,pp_nav_02283,navigable,difficult,False
pp_nav_02281,porto_tibirica,navigable,difficult,True
pp_nav_02281,taquarucu,navigable,difficult,True
pp_nav_02282,pp_nav_02284,navigable,difficult,False
pp_nav_02282,ayvu_pora,navigable,difficult,True
pp_nav_02282,nenlhet,navigable,difficult,True
pp_nav_02282,guana,navigable,difficult,True
pp_nav_02283,porto_tibirica,navigable,difficult,True
pp_nav_02283,taquarucu,navigable,difficult,True
pp_nav_02283,kaiwa,navigable,difficult,True
pp_nav_02284,ayvu_pora,navigable,difficult,True
pp_nav_02284,nenlhet,navigable,difficult,True
pp_nav_02285,apucarana,navigable,difficult,True
pp_nav_02285,chiripa,navigable,difficult,True
pp_nav_02285,kaiwa,navigable,difficult,True
pp_nav_02286,pp_nav_02288,navigable,difficult,False
pp_nav_02286,ayvu_pora,navigable,difficult,True
pp_nav_02286,enenlhet,navigable,difficult,True
pp_nav_02286,nenlhet,navigable,difficult,True
pp_nav_02287,apucarana,navigable,difficult,True
pp_nav_02287,chiripa,navigable,difficult,True
pp_nav_02288,ayvu_pora,navigable,difficult,True
pp_nav_02288,enenlhet,navigable,difficult,True
pp_nav_02289,pp_nav_02292,navigable,navigable,False
pp_nav_02289,umuarama,navigable,navigable,True
pp_nav_02289,chiripa,navigable,navigable,True
pp_nav_02290,pp_nav_02293,improvable,improvable,False
pp_nav_02290,enxet,navigable,navigable,True
pp_nav_02290,enenlhet,navigable,navigable,True
pp_nav_02290,ycuamandiyu,navigable,navigable,True
pp_nav_02291,campo_mourao,improvable,improvable,True
pp_nav_02291,apucarana,improvable,improvable,True
pp_nav_02291,umuarama,improvable,improvable,True
pp_nav_02292,pp_nav_02294,navigable,navigable,False
pp_nav_02292,pp_nav_02295,navigable,navigable,False
pp_nav_02292,canindeyu,navigable,navigable,True
pp_nav_02292,umuarama,navigable,navigable,True
pp_nav_02292,chiripa,navigable,navigable,True
pp_nav_02292,mbya,navigable,navigable,True
pp_nav_02293,pp_nav_02296,improvable,improvable,False
pp_nav_02293,kuarepoti,improvable,improvable,True
pp_nav_02293,enxet,improvable,improvable,True
pp_nav_02293,ycuamandiyu,improvable,improvable,True
pp_nav_02294,umuarama,navigable,navigable,True
pp_nav_02294,mbya,navigable,navigable,True
pp_nav_02295,pp_nav_02298,navigable,navigable,False
pp_nav_02295,canindeyu,navigable,navigable,True
pp_nav_02295,mbya,navigable,navigable,True
pp_nav_02295,takuru_puku,navigable,navigable,True
pp_nav_02296,pp_nav_02299,improvable,improvable,False
pp_nav_02296,kuarepoti,navigable,navigable,True
pp_nav_02296,ipholhhelhlhup,navigable,navigable,True
pp_nav_02296,enxet,navigable,navigable,True
pp_nav_02296,nemby,navigable,navigable,True
pp_nav_02297,small_sea,navigable,navigable,False
pp_nav_02297,iguape,navigable,navigable,True
pp_nav_02297,cananeia,navigable,navigable,True
pp_nav_02298,pp_nav_02300,improvable,improvable,False
pp_nav_02298,mbya,navigable,navigable,True
pp_nav_02298,takuru_puku,navigable,navigable,True
pp_nav_02299,pp_nav_02304,improvable,improvable,False
pp_nav_02299,ipholhhelhlhup,improvable,improvable,True
pp_nav_02299,nemby,improvable,improvable,True
pp_nav_02299,tacshic,improvable,improvable,True
pp_nav_02300,pp_nav_02302,improvable,improvable,False
pp_nav_02300,pp_nav_02306,barrier,barrier,False
pp_nav_02300,kaarendy,improvable,improvable,True
pp_nav_02300,mbya,improvable,improvable,True
pp_nav_02300,yguazu,improvable,improvable,True
pp_nav_02300,takuru_puku,improvable,improvable,True
pp_nav_02301,iguazu,barrier,barrier,True
pp_nav_02301,pp_nav_02302,barrier,barrier,False
pp_nav_02301,pp_nav_02303,barrier,barrier,False
pp_nav_02301,santo_antonio,barrier,barrier,True
pp_nav_02301,mbya,barrier,barrier,True
pp_nav_02302,santo_antonio,improvable,improvable,True
pp_nav_02302,mbya,improvable,improvable,True
pp_nav_02302,yguazu,improvable,improvable,True
pp_nav_02303,palmas,barrier,barrier,True
pp_nav_02303,iguazu,barrier,barrier,True
pp_nav_02303,pp_nav_02305,barrier,barrier,False
pp_nav_02303,santo_antonio,barrier,barrier,True
pp_nav_02304,pp_nav_02308,navigable,navigable,False
pp_nav_02304,kyyindy,navigable,navigable,True
pp_nav_02304,nemby,navigable,navigable,True
pp_nav_02304,agaes,navigable,navigable,True
pp_nav_02304,tacshic,navigable,navigable,True
pp_nav_02305,palmas,barrier,barrier,True
pp_nav_02305,iguazu,barrier,barrier,True
pp_nav_02305,pp_nav_02307,barrier,barrier,False
pp_nav_02305,guarapuava,barrier,barrier,True
pp_nav_02306,pp_nav_02310,barrier,barrier,False
pp_nav_02306,kaarendy,barrier,barrier,True
pp_nav_02306,yguazu,barrier,barrier,True
pp_nav_02306,ygana,barrier,barrier,True
pp_nav_02307,palmas,improvable,improvable,True
pp_nav_02307,pp_nav_02309,improvable,improvable,False
pp_nav_02307,guarapuava,improvable,improvable,True
pp_nav_02308,pp_nav_02311,navigable,navigable,False
pp_nav_02308,avaes,navigable,navigable,True
pp_nav_02308,agaes,navigable,navigable,True
pp_nav_02308,tacshic,navigable,navigable,True
pp_nav_02308,lanagashec,navigable,navigable,True
pp_nav_02309,palmas,navigable,navigable,True
pp_nav_02309,taquara,navigable,navigable,True
pp_nav_02309,guarapuava,navigable,navigable,True
pp_nav_02310,pp_nav_02312,improvable,improvable,False
pp_nav_02310,ygana,improvable,improvable,True
pp_nav_02311,pp_nav_02315,navigable,navigable,False
pp_nav_02311,avaes,navigable,navigable,True
pp_nav_02311,lanagashec,navigable,navigable,True
pp_nav_02312,pp_nav_02317,improvable,improvable,False
pp_nav_02312,itapua,improvable,improvable,True
pp_nav_02312,ygana,improvable,improvable,True
pp_nav_02312,tsiripa,improvable,improvable,True
pp_nav_02313,chopim,barrier,barrier,True
pp_nav_02313,chapeco,barrier,barrier,True
pp_nav_02313,pp_nav_02314,barrier,barrier,False
pp_nav_02313,pp_nav_02318,barrier,barrier,False
pp_nav_02313,passo_fundo,barrier,barrier,True
pp_nav_02313,palmeira,barrier,barrier,True
pp_nav_02314,chopim,improvable,improvable,True
pp_nav_02314,pp_nav_02316,improvable,improvable,False
pp_nav_02314,yguazu,improvable,improvable,True
pp_nav_02314,palmeira,improvable,improvable,True
pp_nav_02315,pp_nav_02319,navigable,navigable,False
pp_nav_02315,pp_nav_02323,navigable,navigable,False
pp_nav_02315,avaes,navigable,navigable,True
pp_nav_02315,lanagashec,navigable,navigable,True
pp_nav_02315,mepenes,navigable,navigable,True
pp_nav_02316,pp_nav_02324,improvable,improvable,False
pp_nav_02316,cruz_alta,improvable,improvable,True
pp_nav_02316,yguazu,improvable,improvable,True
pp_nav_02316,uruguay,improvable,improvable,True
pp_nav_02316,palmeira,improvable,improvable,True
pp_nav_02317,pp_nav_02320,navigable,navigable,False
pp_nav_02317,itapua,navigable,navigable,True
pp_nav_02317,tsiripa,navigable,navigable,True
pp_nav_02318,chapeco,navigable,navigable,True
pp_nav_02318,pp_nav_02322,barrier,barrier,False
pp_nav_02318,passo_fundo,navigable,navigable,True
pp_nav_02318,lagoa_vermelha,navigable,navigable,True
pp_nav_02319,pp_nav_02321,navigable,navigable,False
pp_nav_02319,avaes,navigable,navigable,True
pp_nav_02319,mepenes,navigable,navigable,True
pp_nav_02320,pp_nav_02321,navigable,navigable,False
pp_nav_02320,itapua,navigable,navigable,True
pp_nav_02320,tsiripa,navigable,navigable,True
pp_nav_02321,avaes,navigable,navigable,True
pp_nav_02321,mepenes,navigable,navigable,True
pp_nav_02321,tsiripa,navigable,navigable,True
pp_nav_02322,chapeco,barrier,barrier,True
pp_nav_02322,curitibanos,barrier,barrier,True
pp_nav_02322,lagoa_vermelha,barrier,barrier,True
pp_nav_02323,pp_nav_02327,navigable,navigable,False
pp_nav_02323,lanagashec,navigable,navigable,True
pp_nav_02323,mepenes,navigable,navigable,True
pp_nav_02323,qollaxalec,navigable,navigable,True
pp_nav_02324,pp_nav_02325,improvable,improvable,False
pp_nav_02324,cruz_alta,improvable,improvable,True
pp_nav_02324,uruguay,improvable,improvable,True
pp_nav_02325,pp_nav_02326,improvable,improvable,False
pp_nav_02325,cruz_alta,improvable,improvable,True
pp_nav_02325,uruguay,improvable,improvable,True
pp_nav_02325,jeguakava,improvable,improvable,True
pp_nav_02326,pp_nav_02328,navigable,navigable,False
pp_nav_02326,uruguay,navigable,navigable,True
pp_nav_02326,jeguakava,navigable,navigable,True
pp_nav_02327,pp_nav_02329,navigable,navigable,False
pp_nav_02327,qompi,navigable,navigable,True
pp_nav_02327,qollaxalec,navigable,navigable,True
pp_nav_02328,pp_nav_02330,navigable,navigable,False
pp_nav_02328,uruguay,navigable,navigable,True
pp_nav_02328,jeguakava,navigable,navigable,True
pp_nav_02329,pp_nav_02332,navigable,navigable,False
pp_nav_02329,qompi,navigable,navigable,True
pp_nav_02330,pp_nav_02333,navigable,navigable,False
pp_nav_02330,yapeyu,navigable,navigable,True
pp_nav_02330,uruguay,navigable,navigable,True
pp_nav_02330,ibicui,navigable,navigable,True
pp_nav_02330,jeguakava,navigable,navigable,True
pp_nav_02331,pp_nav_02340,improvable,improvable,False
pp_nav_02331,patos,improvable,improvable,True
pp_nav_02332,pp_nav_02339,navigable,navigable,False
pp_nav_02332,romang,navigable,navigable,True
pp_nav_02332,taragui,navigable,navigable,True
pp_nav_02332,qompi,navigable,navigable,True
pp_nav_02332,nakaigetergehe,navigable,navigable,True
pp_nav_02333,pp_nav_02335,navigable,navigable,False
pp_nav_02333,pp_nav_02337,navigable,navigable,False
pp_nav_02333,yapeyu,navigable,navigable,True
pp_nav_02333,inhandui,navigable,navigable,True
pp_nav_02333,ibirapuita,navigable,navigable,True
pp_nav_02333,ibicui,navigable,navigable,True
pp_nav_02334,pp_nav_02335,navigable,navigable,False
pp_nav_02334,pp_nav_02336,navigable,navigable,False
pp_nav_02334,inhandui,navigable,navigable,True
pp_nav_02334,ibicui,navigable,navigable,True
pp_nav_02335,inhandui,navigable,navigable,True
pp_nav_02335,ibicui,navigable,navigable,True
pp_nav_02336,pp_nav_02338,navigable,navigable,False
pp_nav_02336,inhandui,navigable,navigable,True
pp_nav_02336,ibicui,navigable,navigable,True
pp_nav_02337,pp_nav_02344,navigable,navigable,False
pp_nav_02337,yapeyu,navigable,navigable,True
pp_nav_02337,ibirapuita,navigable,navigable,True
pp_nav_02338,inhandui,navigable,navigable,True
pp_nav_02338,ibicui,navigable,navigable,True
pp_nav_02339,pp_nav_02345,navigable,navigable,False
pp_nav_02339,romang,navigable,navigable,True
pp_nav_02339,taragui,navigable,navigable,True
pp_nav_02340,pp_nav_02342,navigable,navigable,False
pp_nav_02340,pp_nav_02343,navigable,navigable,False
pp_nav_02340,patos,navigable,navigable,True
pp_nav_02340,jacui,navigable,navigable,True
pp_nav_02340,sao_leopoldo,navigable,navigable,True
pp_nav_02341,pp_nav_02342,navigable,navigable,False
pp_nav_02341,umbu,navigable,navigable,True
pp_nav_02342,patos,navigable,navigable,True
pp_nav_02342,umbu,navigable,navigable,True
pp_nav_02342,jacui,navigable,navigable,True
pp_nav_02343,patos_lagoon,navigable,navigable,False
pp_nav_02343,tapes,navigable,navigable,True
pp_nav_02343,jacui,navigable,navigable,True
pp_nav_02343,sao_leopoldo,navigable,navigable,True
pp_nav_02344,pp_nav_02346,navigable,navigable,False
pp_nav_02344,mandisobi,navigable,navigable,True
pp_nav_02344,cuareim,navigable,navigable,True
pp_nav_02344,yapeyu,navigable,navigable,True
pp_nav_02344,ibirapuita,navigable,navigable,True
pp_nav_02345,pp_nav_02347,improvable,improvable,False
pp_nav_02345,romang,navigable,navigable,True
pp_nav_02345,qom_caia,navigable,navigable,True
pp_nav_02346,pp_nav_02348,navigable,navigable,False
pp_nav_02346,mandisobi,navigable,navigable,True
pp_nav_02346,cuareim,navigable,navigable,True
pp_nav_02347,pp_nav_02351,improvable,improvable,False
pp_nav_02347,qom_caia,improvable,improvable,True
pp_nav_02348,pp_nav_02352,navigable,navigable,False
pp_nav_02348,mandisobi,navigable,navigable,True
pp_nav_02348,bohan,navigable,navigable,True
pp_nav_02348,cuareim,navigable,navigable,True
pp_nav_02349,patos_lagoon,improvable,improvable,False
pp_nav_02349,piratinin,improvable,improvable,True
pp_nav_02349,icabaqua,improvable,improvable,True
pp_nav_02350,pp_nav_02353,navigable,navigable,False
pp_nav_02350,nogoya,navigable,navigable,True
pp_nav_02350,qom_caia,navigable,navigable,True
pp_nav_02350,pairindi,navigable,navigable,True
pp_nav_02351,pp_nav_02355,navigable,navigable,False
pp_nav_02351,qom_caia,navigable,navigable,True
pp_nav_02352,pp_nav_02356,navigable,navigable,False
pp_nav_02352,mandisobi,navigable,navigable,True
pp_nav_02352,bohan,navigable,navigable,True
pp_nav_02352,yaguari_guazu,navigable,navigable,True
pp_nav_02353,pp_nav_02357,navigable,navigable,False
pp_nav_02353,nogoya,navigable,navigable,True
pp_nav_02353,karendo,navigable,navigable,True
pp_nav_02353,qom_caia,navigable,navigable,True
pp_nav_02354,patos_lagoon,navigable,navigable,False
pp_nav_02354,cangucu,navigable,navigable,True
pp_nav_02354,piratinin,navigable,navigable,True
pp_nav_02355,pp_nav_02358,navigable,navigable,False
pp_nav_02355,karendo,navigable,navigable,True
pp_nav_02355,qom_caia,navigable,navigable,True
pp_nav_02356,pp_nav_02360,navigable,navigable,False
pp_nav_02356,bohan,navigable,navigable,True
pp_nav_02356,chana,navigable,navigable,True
pp_nav_02356,yaguari_guazu,navigable,navigable,True
pp_nav_02357,pp_nav_02358,navigable,navigable,False
pp_nav_02357,nogoya,navigable,navigable,True
pp_nav_02357,karendo,navigable,navigable,True
pp_nav_02357,mbegua,navigable,navigable,True
pp_nav_02357,lalek_cotaa,navigable,navigable,True
pp_nav_02358,pp_nav_02363,navigable,navigable,False
pp_nav_02358,karendo,navigable,navigable,True
pp_nav_02358,mbegua,navigable,navigable,True
pp_nav_02358,lalek_cotaa,navigable,navigable,True
pp_nav_02359,pp_nav_02361,navigable,navigable,False
pp_nav_02359,hum,navigable,navigable,True
pp_nav_02359,guenoa,navigable,navigable,True
pp_nav_02360,bohan,navigable,navigable,True
pp_nav_02360,chana,navigable,navigable,True
pp_nav_02361,pp_nav_02362,navigable,navigable,False
pp_nav_02361,hum,navigable,navigable,True
pp_nav_02361,yaros,navigable,navigable,True
pp_nav_02362,pp_nav_02364,navigable,navigable,False
pp_nav_02362,hum,navigable,navigable,True
pp_nav_02362,bohan,navigable,navigable,True
pp_nav_02362,chana,navigable,navigable,True
pp_nav_02362,yaros,navigable,navigable,True
pp_nav_02363,pp_nav_02365,navigable,navigable,False
pp_nav_02363,mbegua,navigable,navigable,True
pp_nav_02363,lalek_cotaa,navigable,navigable,True
pp_nav_02364,uruguay_river,navigable,navigable,False
pp_nav_02364,chana,navigable,navigable,True
pp_nav_02364,yaros,navigable,navigable,True
pp_nav_02365,pp_nav_02366,navigable,navigable,False
pp_nav_02365,carapachay,navigable,navigable,True
pp_nav_02365,mbegua,navigable,navigable,True
pp_nav_02365,timbu,navigable,navigable,True
pp_nav_02366,pp_nav_02367,navigable,navigable,False
pp_nav_02366,carapachay,navigable,navigable,True
pp_nav_02366,timbu,navigable,navigable,True
pp_nav_02367,la_plata_river_mouth,navigable,navigable,False
pp_nav_02367,carapachay,navigable,navigable,True
pp_nav_02367,ituzaingo,navigable,navigable,True
pp_nav_02368,pp_nav_02370,navigable,navigable,False
pp_nav_02368,chivilco,navigable,navigable,True
pp_nav_02368,tubicha_mini,navigable,navigable,True
pp_nav_02368,tuvicha_mini,navigable,navigable,True
pp_nav_02369,pp_nav_02370,navigable,navigable,False
pp_nav_02369,samborombon_bay,navigable,navigable,False
pp_nav_02369,tubicha_mini,navigable,navigable,True
pp_nav_02370,tubicha_mini,navigable,navigable,True
pp_nav_02371,pp_nav_02372,barrier,barrier,False
pp_nav_02371,concepcion_bay_plata,barrier,barrier,False
pp_nav_02371,biobio,barrier,barrier,True
pp_nav_02371,lafkenmapu,barrier,barrier,True
pp_nav_02371,lelbunmapu,barrier,barrier,True
pp_nav_02371,puchacay,barrier,barrier,True
pp_nav_02372,biobio,improvable,improvable,True
pp_nav_02372,lelbunmapu,improvable,improvable,True
pp_nav_02373,pp_nav_02374,improvable,improvable,False
pp_nav_02373,pp_nav_02376,improvable,improvable,False
pp_nav_02373,newenken,improvable,improvable,True
pp_nav_02373,fisque_menuco,improvable,improvable,True
pp_nav_02374,pp_nav_02377,improvable,improvable,False
pp_nav_02374,fisque_menuco,improvable,improvable,True
pp_nav_02375,pp_nav_02378,improvable,improvable,False
pp_nav_02375,pp_nav_02379,improvable,improvable,False
pp_nav_02375,newenken,improvable,improvable,True
pp_nav_02375,fisque_menuco,improvable,improvable,True
pp_nav_02375,elcui,improvable,improvable,True
pp_nav_02376,pp_nav_02384,navigable,navigable,False
pp_nav_02376,newenken,navigable,navigable,True
pp_nav_02377,pp_nav_02381,improvable,improvable,False
pp_nav_02377,choele_choel,improvable,improvable,True
pp_nav_02377,fisque_menuco,improvable,improvable,True
pp_nav_02378,pp_nav_02380,improvable,improvable,False
pp_nav_02378,fisque_menuco,improvable,improvable,True
pp_nav_02378,elcui,improvable,improvable,True
pp_nav_02379,pp_nav_02385,improvable,improvable,False
pp_nav_02379,newenken,navigable,navigable,True
pp_nav_02379,elcui,navigable,navigable,True
pp_nav_02380,pp_nav_02382,improvable,improvable,False
pp_nav_02380,choele_choel,navigable,navigable,True
pp_nav_02380,balcheta,navigable,navigable,True
pp_nav_02380,fisque_menuco,navigable,navigable,True
pp_nav_02380,elcui,navigable,navigable,True
pp_nav_02381,pp_nav_02383,improvable,improvable,False
pp_nav_02381,choele_choel,improvable,improvable,True
pp_nav_02381,balcheta,improvable,improvable,True
pp_nav_02382,choele_choel,improvable,improvable,True
pp_nav_02382,balcheta,improvable,improvable,True
pp_nav_02383,pp_nav_02387,improvable,improvable,False
pp_nav_02383,choele_choel,improvable,improvable,True
pp_nav_02383,balcheta,improvable,improvable,True
pp_nav_02384,pp_nav_02386,improvable,improvable,False
pp_nav_02384,newenken,navigable,navigable,True
pp_nav_02384,catan_lil,navigable,navigable,True
pp_nav_02385,pp_nav_02388,improvable,improvable,False
pp_nav_02385,naupa_huen,improvable,improvable,True
pp_nav_02385,newenken,improvable,improvable,True
pp_nav_02385,catan_lil,improvable,improvable,True
pp_nav_02385,elcui,improvable,improvable,True
pp_nav_02386,pp_nav_02391,improvable,improvable,False
pp_nav_02386,catan_lil,improvable,improvable,True
pp_nav_02387,pp_nav_02389,navigable,navigable,False
pp_nav_02387,choele_choel,navigable,navigable,True
pp_nav_02387,balcheta,navigable,navigable,True
pp_nav_02388,pp_nav_02392,improvable,improvable,False
pp_nav_02388,naupa_huen,improvable,improvable,True
pp_nav_02388,catan_lil,improvable,improvable,True
pp_nav_02389,pp_nav_02393,improvable,improvable,False
pp_nav_02389,choele_choel,navigable,navigable,True
pp_nav_02389,curu_leufvu,navigable,navigable,True
pp_nav_02390,mansa_bay,navigable,navigable,False
pp_nav_02390,pikunwijimapu,navigable,navigable,True
pp_nav_02391,catan_lil,navigable,navigable,True
pp_nav_02392,naupa_huen,improvable,improvable,True
pp_nav_02392,catan_lil,improvable,improvable,True
pp_nav_02393,pp_nav_02395,improvable,improvable,False
pp_nav_02393,curu_leufvu,improvable,improvable,True
pp_nav_02394,naupa_huen,navigable,navigable,True
pp_nav_02394,curruhuinca,navigable,navigable,True
pp_nav_02394,vuriloche,navigable,navigable,True
pp_nav_02394,catan_lil,navigable,navigable,True
pp_nav_02395,curu_leufvu,improvable,improvable,True
pp_nav_02396,pp_nav_02397,navigable,navigable,False
pp_nav_02396,otakou,navigable,navigable,True
pp_nav_02397,pp_nav_02398,improvable,improvable,False
pp_nav_02397,kaitangata,navigable,navigable,True
pp_nav_02397,otakou,navigable,navigable,True
pp_nav_02398,otakou,improvable,improvable,True
pp_nav_02399,pp_nav_02400,improvable,improvable,False
pp_nav_02399,santa_cruz_river_mouth,navigable,navigable,False
pp_nav_02399,corpen_aike,navigable,navigable,True
pp_nav_02400,pp_nav_02401,improvable,improvable,False
pp_nav_02400,chalten,improvable,improvable,True
pp_nav_02400,corpen_aike,improvable,improvable,True
pp_nav_02401,pp_nav_02403,improvable,improvable,False
pp_nav_02401,chalten,navigable,navigable,True
pp_nav_02402,pp_nav_02403,improvable,improvable,False
pp_nav_02402,chalten,improvable,improvable,True
pp_nav_02403,chalten,improvable,improvable,True
pp_nav_02404,camusu_aike,navigable,navigable,True
pp_nav_02404,chalten,navigable,navigable,True
pp_nav_02405,camusu_aike,barrier,barrier,True
pp_nav_02405,chalten,barrier,barrier,True
pp_nav_02406,chalten,improvable,improvable,True
pp_nav_02406,kehek_aike,improvable,improvable,True
