location_tag,water_location,state,shore_pixels
konghalla,pp_nav_00455,improvable,67
konghalla,pp_nav_00478,improvable,22
pagan,pp_nav_01882,navigable,42
pagan,pp_nav_01888,navigable,7
talaha,pp_nav_01008,navigable,76
talaha,pp_nav_01026,navigable,55
talaha,pp_nav_01073,navigable,3
borg,pp_nav_00387,navigable,23
taposa,pp_nav_01382,improvable,20
taposa,pp_nav_01399,navigable,79
katzenelnbogen,pp_nav_00850,barrier,28
uyana,pp_nav_00184,improvable,23
uyana,pp_nav_00195,navigable,67
teocak,pp_nav_01107,navigable,51
teocak,pp_nav_01110,improvable,15
perm,pp_nav_00435,improvable,3
perm,pp_nav_00454,navigable,43
perm,pp_nav_00474,navigable,22
perm,pp_nav_00492,navigable,55
yazoo,pp_nav_01430,navigable,35
yazoo,pp_nav_01440,navigable,32
yazoo,pp_nav_01451,navigable,38
yazoo,pp_nav_01457,navigable,36
yazoo,pp_nav_01469,improvable,26
rozdory,pp_nav_00921,navigable,6
rozdory,pp_nav_00928,navigable,31
chopim,pp_nav_02313,barrier,31
chopim,pp_nav_02314,improvable,34
urzhum,pp_nav_00512,navigable,19
urzhum,pp_nav_00524,navigable,61
urzhum,pp_nav_00548,navigable,1
yanci,pp_nav_01297,navigable,38
sto_lo,pp_nav_00861,navigable,22
sto_lo,pp_nav_00880,improvable,100
sto_lo,pp_nav_00896,improvable,20
sto_lo,pp_nav_00897,improvable,59
kyiv,pp_nav_00826,navigable,21
kyiv,pp_nav_00847,navigable,28
duanxi,pp_nav_01856,improvable,11
duanxi,pp_nav_01860,improvable,31
mbanza_nsundi,pp_nav_02170,barrier,2
mbanza_nsundi,pp_nav_02174,barrier,54
mbanza_nsundi,pp_nav_02175,barrier,23
chipata,pp_nav_02013,navigable,23
chipata,pp_nav_02017,navigable,32
khagaria,pp_nav_01755,navigable,24
khagaria,pp_nav_01776,navigable,43
khagaria,pp_nav_01779,navigable,28
khagaria,pp_nav_01786,navigable,33
mingyi,pp_nav_01672,improvable,2
mingyi,pp_nav_01698,navigable,39
gushan,pp_nav_01335,improvable,39
gushan,pp_nav_01341,improvable,81
gushan,pp_nav_01344,barrier,2
gushan,pp_nav_01350,barrier,11
bayan_susu,pp_nav_01049,navigable,2
bayan_susu,pp_nav_01050,navigable,50
waluulapam,pp_nav_01031,improvable,35
waluulapam,pp_nav_01032,improvable,6
waluulapam,pp_nav_01046,navigable,7
mattawa,pp_nav_01009,navigable,23
mattawa,pp_nav_01019,improvable,86
mattawa,pp_nav_01030,navigable,35
mattawa,pp_nav_01035,navigable,44
melenki,pp_nav_00620,navigable,31
melenki,pp_nav_00638,navigable,14
termez,pp_nav_01295,improvable,69
termez,pp_nav_01301,navigable,27
budaun,pp_nav_01663,navigable,9
budaun,pp_nav_01674,navigable,15
pangyang,pp_nav_01865,navigable,47
pangyang,pp_nav_01871,navigable,26
chekurovka,pp_nav_00003,navigable,14
huili,pp_nav_01697,navigable,26
huili,pp_nav_01729,barrier,46
huili,pp_nav_01738,navigable,8
thayet,pp_nav_01901,navigable,47
thayet,pp_nav_01911,navigable,20
buiunda,pp_nav_00189,improvable,78
buiunda,pp_nav_00209,navigable,7
kuanhe,pp_nav_00791,improvable,55
kuanhe,pp_nav_00812,navigable,53
sosnovy_ostrov,pp_nav_00735,navigable,28
sosnovy_ostrov,pp_nav_00750,navigable,50
tumul,pp_nav_00294,navigable,95
tumul,pp_nav_00314,improvable,2
anding_mashan,pp_nav_01835,navigable,22
anding_mashan,pp_nav_01837,navigable,7
koskoak,pp_nav_00464,navigable,92
koskoak,pp_nav_00490,improvable,19
koskoak,pp_nav_00496,improvable,66
ongoulastoga,pp_nav_01374,navigable,17
quge,pp_nav_01400,barrier,16
yicheng,pp_nav_01473,improvable,6
yicheng,pp_nav_01486,navigable,62
shizhao,pp_nav_01548,navigable,11
shizhao,pp_nav_01562,improvable,79
shizhao,pp_nav_01568,improvable,18
shizhao,pp_nav_01578,improvable,11
staraya_ladoga,pp_nav_00375,navigable,4
palmas,pp_nav_02303,barrier,41
palmas,pp_nav_02305,barrier,49
palmas,pp_nav_02307,improvable,51
palmas,pp_nav_02309,navigable,2
kengtawng,pp_nav_01890,barrier,32
krasny_bor,pp_nav_00241,navigable,2
krasny_bor,pp_nav_00252,navigable,6
krasny_bor,pp_nav_00289,navigable,9
donjek,pp_nav_00185,navigable,97
donjek,pp_nav_00193,navigable,21
staraya_mayna,pp_nav_00648,navigable,18
staraya_mayna,pp_nav_00663,navigable,18
ouasioto,pp_nav_01257,improvable,17
sagadahoc,pp_nav_01140,navigable,17
shimian,pp_nav_01582,barrier,50
shimian,pp_nav_01610,barrier,12
anipitapiskow,pp_nav_00560,improvable,59
anipitapiskow,pp_nav_00590,improvable,54
anipitapiskow,pp_nav_00616,navigable,1
ankoro,pp_nav_02188,navigable,71
tenggarong,pp_nav_02082,navigable,66
tenggarong,pp_nav_02084,navigable,22
lichtenberg,pp_nav_00900,navigable,30
beaupreau,pp_nav_00986,navigable,15
beaupreau,pp_nav_00990,navigable,38
chapeco,pp_nav_02313,barrier,30
chapeco,pp_nav_02318,navigable,63
chapeco,pp_nav_02322,barrier,2
saw,pp_nav_01882,navigable,32
saw,pp_nav_01888,navigable,20
mobile,pp_nav_01526,navigable,50
zamyany,pp_nav_01007,navigable,31
zamyany,pp_nav_01025,navigable,56
zamyany,pp_nav_01044,navigable,19
muang_sing,pp_nav_01879,navigable,37
muang_sing,pp_nav_01883,barrier,52
muang_sing,pp_nav_01889,improvable,6
koyukuk,pp_nav_00107,navigable,41
koyukuk,pp_nav_00117,navigable,95
charagua,pp_nav_01688,navigable,27
charagua,pp_nav_01690,navigable,14
charagua,pp_nav_01699,navigable,1
tumba_ikoko,pp_nav_02119,navigable,32
tumba_ikoko,pp_nav_02122,navigable,10
tumba_ikoko,pp_nav_02137,navigable,45
zhanhe,pp_nav_00878,navigable,17
zhanhe,pp_nav_00882,improvable,83
zhanhe,pp_nav_00888,navigable,44
zhanhe,pp_nav_00891,improvable,29
ahrweiler,pp_nav_00835,improvable,15
ahrweiler,pp_nav_00843,improvable,7
jiyang,pp_nav_01297,navigable,30
jiyang,pp_nav_01309,navigable,54
campo_mourao,pp_nav_02291,improvable,5
minqing,pp_nav_01734,improvable,28
penaca,pp_nav_01151,navigable,35
penaca,pp_nav_01159,navigable,67
yun,pp_nav_01446,navigable,18
yun,pp_nav_01447,improvable,16
peribonka,pp_nav_00886,improvable,4
pak_huei_lang,pp_nav_01921,navigable,25
pak_huei_lang,pp_nav_01922,navigable,69
pak_huei_lang,pp_nav_01924,navigable,40
luling,pp_nav_01687,navigable,35
luling,pp_nav_01707,navigable,4
godagari,pp_nav_01818,navigable,18
niagara,pp_nav_01154,barrier,33
niagara,pp_nav_01155,barrier,59
alchan,pp_nav_00963,navigable,68
alchan,pp_nav_00989,navigable,65
alchan,pp_nav_01006,navigable,44
alchan,pp_nav_01029,navigable,39
tanahun,pp_nav_01667,improvable,15
vientiane,pp_nav_01924,navigable,37
vientiane,pp_nav_01926,navigable,3
vientiane,pp_nav_01933,navigable,44
jaiba,pp_nav_02252,navigable,60
kaharlyk,pp_nav_00847,navigable,37
kaharlyk,pp_nav_00865,navigable,26
st_ambroix,pp_nav_01125,barrier,5
iguazu,pp_nav_02301,barrier,33
iguazu,pp_nav_02303,barrier,63
iguazu,pp_nav_02305,barrier,18
darmstadt,pp_nav_00864,improvable,13
darmstadt,pp_nav_00869,navigable,16
khamra,pp_nav_00333,navigable,49
khamra,pp_nav_00350,navigable,96
khamra,pp_nav_00364,barrier,60
cangwu,pp_nav_01830,navigable,26
cangwu,pp_nav_01851,navigable,41
cangwu,pp_nav_01853,navigable,10
cangwu,pp_nav_01855,improvable,33
cangwu,pp_nav_01856,improvable,16
satapo,pp_nav_01343,improvable,55
satapo,pp_nav_01349,navigable,21
mahoning_oh,pp_nav_01196,barrier,11
mahoning_oh,pp_nav_01197,improvable,20
karor,pp_nav_01482,navigable,3
karor,pp_nav_01504,navigable,51
karor,pp_nav_01539,navigable,3
pithapuram,pp_nav_01942,navigable,22
agra,pp_nav_01709,navigable,12
shendi,pp_nav_01939,navigable,9
shendi,pp_nav_01943,navigable,92
shendi,pp_nav_01947,navigable,4
bodebyn,pp_nav_00080,improvable,25
khemchik,pp_nav_00771,barrier,8
khemchik,pp_nav_00789,barrier,59
kittila,pp_nav_00060,improvable,47
nikopol,pp_nav_01145,improvable,30
nikopol,pp_nav_01147,navigable,25
nikopol,pp_nav_01148,navigable,60
nikopol,pp_nav_01149,navigable,13
bonanza,pp_nav_00140,navigable,2
bonanza,pp_nav_00155,navigable,63
kaiguang,pp_nav_01264,navigable,32
haiyang,pp_nav_01844,navigable,73
torun,pp_nav_00729,navigable,58
taliepacana,pp_nav_01448,navigable,26
quipana,pp_nav_01364,navigable,14
quipana,pp_nav_01367,navigable,84
batang,pp_nav_01552,navigable,25
batang,pp_nav_01587,navigable,9
carasova,pp_nav_01113,improvable,34
carasova,pp_nav_01123,barrier,6
cerwecerna,pp_nav_01064,navigable,40
cerwecerna,pp_nav_01089,navigable,72
cerwecerna,pp_nav_01116,navigable,79
muang_nakhon,pp_nav_01922,navigable,7
muang_nakhon,pp_nav_01932,navigable,92
muang_nakhon,pp_nav_01938,navigable,66
ntiltxitk,pp_nav_00874,navigable,16
ntiltxitk,pp_nav_00879,navigable,35
ntiltxitk,pp_nav_00885,navigable,97
ntiltxitk,pp_nav_00899,navigable,88
ntiltxitk,pp_nav_00908,navigable,7
vukovar,pp_nav_01067,navigable,30
vukovar,pp_nav_01078,navigable,27
vukovar,pp_nav_01098,navigable,1
magdeburg,pp_nav_00756,navigable,18
casqui,pp_nav_01329,improvable,17
casqui,pp_nav_01347,improvable,39
casqui,pp_nav_01362,navigable,3
emasulia,pp_nav_01231,navigable,17
emasulia,pp_nav_01237,improvable,79
emasulia,pp_nav_01247,improvable,96
emasulia,pp_nav_01250,navigable,2
emasulia,pp_nav_01255,improvable,97
emasulia,pp_nav_01259,barrier,18
lanzhou_lanzhou,pp_nav_01704,barrier,92
lanzhou_lanzhou,pp_nav_01739,improvable,28
liling,pp_nav_01666,improvable,7
monona,pp_nav_01168,navigable,3
danyang,pp_nav_01475,improvable,5
danyang,pp_nav_01477,improvable,29
krebedje,pp_nav_02038,navigable,48
krebedje,pp_nav_02041,navigable,4
koksharov,pp_nav_00438,navigable,65
koksharov,pp_nav_00453,navigable,42
yaroslavl,pp_nav_00482,navigable,57
yaroslavl,pp_nav_00483,navigable,31
yaroslavl,pp_nav_00489,navigable,36
yaroslavl,pp_nav_00494,navigable,36
yaroslavl,pp_nav_00502,navigable,15
mirandola,pp_nav_01101,navigable,14
mirandola,pp_nav_01108,navigable,8
fiorenzuola,pp_nav_01097,navigable,5
fiorenzuola,pp_nav_01099,navigable,14
dalneye_konstantinovo,pp_nav_00578,navigable,11
sariang,pp_nav_01935,barrier,14
ruhptare,pp_nav_00991,navigable,10
ruhptare,pp_nav_00999,navigable,49
ruhptare,pp_nav_01016,improvable,40
hengshan,pp_nav_01686,improvable,60
hengshan,pp_nav_01701,improvable,18
mainz,pp_nav_00850,barrier,48
mainz,pp_nav_00864,improvable,53
mainz,pp_nav_00867,barrier,8
sylhet,pp_nav_01793,navigable,31
sylhet,pp_nav_01803,navigable,13
qiaojia,pp_nav_01682,barrier,29
qiaojia,pp_nav_01697,navigable,41
nanping,pp_nav_01719,navigable,99
nanping,pp_nav_01734,improvable,10
mullheim,pp_nav_00943,improvable,24
mullheim,pp_nav_00971,improvable,16
durlach,pp_nav_00900,navigable,13
grafenau,pp_nav_00910,improvable,12
nonantola,pp_nav_01108,navigable,16
tit_ary,pp_nav_00282,navigable,14
tit_ary,pp_nav_00291,navigable,78
krems,pp_nav_00937,navigable,3
chandpur,pp_nav_01850,navigable,1
chandpur,pp_nav_01857,navigable,20
pavia,pp_nav_01097,navigable,7
chumikan,pp_nav_00661,improvable,89
bogatye_saby,pp_nav_00548,navigable,19
bogatye_saby,pp_nav_00562,navigable,58
bogatye_saby,pp_nav_00592,navigable,7
hajduszoboszlo,pp_nav_00955,navigable,35
daya_kathyn,pp_nav_01212,improvable,90
daya_kathyn,pp_nav_01225,navigable,42
sletewsi,pp_nav_00899,navigable,5
sletewsi,pp_nav_00904,improvable,60
mukalombo,pp_nav_02188,navigable,1
juque,pp_nav_01698,navigable,10
juque,pp_nav_01720,improvable,61
juque,pp_nav_01723,barrier,54
avignon,pp_nav_01134,improvable,15
pokrovskoye,pp_nav_00673,navigable,36
pokrovskoye,pp_nav_00684,navigable,14
ministik,pp_nav_00634,improvable,34
nerekhta,pp_nav_00489,navigable,15
nerekhta,pp_nav_00491,navigable,8
bidzhan,pp_nav_00924,navigable,33
bidzhan,pp_nav_00962,navigable,7
kuozhou,pp_nav_01682,barrier,9
kuozhou,pp_nav_01697,navigable,22
darbhanga,pp_nav_01755,navigable,5
zahuatan,pp_nav_01923,navigable,20
zahuatan,pp_nav_01929,navigable,20
arangastakh,pp_nav_00197,navigable,6
arangastakh,pp_nav_00198,navigable,14
yuanmou,pp_nav_01723,barrier,17
yuanmou,pp_nav_01738,navigable,7
yuanmou,pp_nav_01760,navigable,18
zhenkang,pp_nav_01811,navigable,17
kasuswapaskau,pp_nav_00490,improvable,75
kasuswapaskau,pp_nav_00497,navigable,79
pangu,pp_nav_00697,improvable,2
pangu,pp_nav_00713,navigable,55
pangu,pp_nav_00720,improvable,47
pangu,pp_nav_00731,navigable,28
lipno,pp_nav_00729,navigable,19
lipno,pp_nav_00738,improvable,35
tsivilsk,pp_nav_00577,navigable,6
tsivilsk,pp_nav_00588,navigable,51
sanyyakhtakh,pp_nav_00320,navigable,95
sanyyakhtakh,pp_nav_00324,navigable,42
sanyyakhtakh,pp_nav_00327,navigable,14
gunaaxoo,pp_nav_00386,improvable,6
dayao,pp_nav_01720,improvable,14
dayao,pp_nav_01737,barrier,24
dehua_jiujiang,pp_nav_01581,navigable,6
baling,pp_nav_01580,navigable,27
baling,pp_nav_01585,navigable,20
pakrac,pp_nav_01086,navigable,32
mistanipi,pp_nav_00614,barrier,5
mistanipi,pp_nav_00628,improvable,96
mistanipi,pp_nav_00642,improvable,76
khoja_idat_kala,pp_nav_01244,navigable,26
khoja_idat_kala,pp_nav_01261,navigable,50
khoja_idat_kala,pp_nav_01269,navigable,22
shawanoe,pp_nav_01310,navigable,18
shawanoe,pp_nav_01320,navigable,89
shawanoe,pp_nav_01328,navigable,8
guwahati,pp_nav_01742,improvable,36
guwahati,pp_nav_01745,navigable,41
sepauk,pp_nav_02074,navigable,26
matman,pp_nav_01871,navigable,27
matman,pp_nav_01878,improvable,31
jianchang_sichuan,pp_nav_01650,barrier,30
jianchang_sichuan,pp_nav_01672,improvable,22
wujiang_bozhou,pp_nav_01691,improvable,26
barchkend,pp_nav_01114,navigable,20
kikinda,pp_nav_01034,navigable,27
changqing,pp_nav_01317,navigable,29
lussuna,pp_nav_02157,navigable,29
lussuna,pp_nav_02169,improvable,38
lussuna,pp_nav_02173,navigable,45
lussuna,pp_nav_02179,navigable,11
pelly_faro,pp_nav_00215,navigable,26
pelly_faro,pp_nav_00231,improvable,82
pelly_faro,pp_nav_00238,navigable,54
pelly_faro,pp_nav_00250,barrier,42
deloy_ges,pp_nav_00214,navigable,96
deloy_ges,pp_nav_00234,navigable,20
youdian,pp_nav_01792,improvable,47
tulguur,pp_nav_00924,navigable,3
tulguur,pp_nav_00961,navigable,1
tulguur,pp_nav_00962,navigable,5
tulguur,pp_nav_00970,navigable,41
yuechi,pp_nav_01534,navigable,9
yuechi,pp_nav_01548,navigable,6
mengban_weiyuan,pp_nav_01842,navigable,8
banan,pp_nav_01578,improvable,14
banan,pp_nav_01584,barrier,19
banan,pp_nav_01595,improvable,13
banan,pp_nav_01598,improvable,14
saik_uz,pp_nav_00691,navigable,1
moksobo,pp_nav_01862,navigable,31
srey_sarchhor,pp_nav_01960,navigable,20
srey_sarchhor,pp_nav_01961,navigable,46
srey_sarchhor,pp_nav_01962,navigable,32
dadandang,pp_nav_01671,navigable,20
dadandang,pp_nav_01685,navigable,18
taquara,pp_nav_02309,navigable,11
xiangshan_xinhui,pp_nav_01866,navigable,24
xinhui,pp_nav_01861,navigable,5
xinhui,pp_nav_01866,navigable,44
gujrat,pp_nav_01434,navigable,26
gujrat,pp_nav_01438,improvable,11
gujrat,pp_nav_01454,navigable,1
gujrat,pp_nav_01456,navigable,44
kara,pp_nav_01757,navigable,26
kara,pp_nav_01763,navigable,26
kara,pp_nav_01778,navigable,7
pakpattan,pp_nav_01543,navigable,4
pakpattan,pp_nav_01561,navigable,37
derawar,pp_nav_01600,navigable,26
derawar,pp_nav_01625,navigable,4
wanga_bazar,pp_nav_01823,navigable,46
mailsi,pp_nav_01561,navigable,11
mailsi,pp_nav_01577,navigable,33
ismail,pp_nav_01079,navigable,21
ismail,pp_nav_01084,navigable,47
ismail,pp_nav_01087,navigable,20
korti,pp_nav_01920,barrier,32
korti,pp_nav_01930,barrier,5
qerri,pp_nav_01947,navigable,80
qerri,pp_nav_01950,navigable,29
porto,pp_nav_01185,barrier,21
kilmez,pp_nav_00512,navigable,25
kilmez,pp_nav_00524,navigable,52
kilmez,pp_nav_00548,navigable,24
azia,pp_nav_02029,navigable,48
viviers,pp_nav_01104,barrier,4
viviers,pp_nav_01125,barrier,18
chinon,pp_nav_00988,navigable,5
chinon,pp_nav_00993,barrier,33
elgyai,pp_nav_00197,navigable,56
elgyai,pp_nav_00223,improvable,16
jinglong,pp_nav_01879,navigable,5
orange,pp_nav_01125,barrier,20
orange,pp_nav_01134,improvable,8
kuanda,pp_nav_00556,navigable,53
kuanda,pp_nav_00584,improvable,44
yunnei,pp_nav_01201,navigable,14
yunnei,pp_nav_01207,navigable,31
yunnei,pp_nav_01209,navigable,3
dobyaz,pp_nav_00605,navigable,34
kherigarh,pp_nav_01634,barrier,15
opaskwayak,pp_nav_00683,navigable,2
quigualtam,pp_nav_01399,navigable,10
quigualtam,pp_nav_01413,navigable,74
quigualtam,pp_nav_01421,navigable,80
quigualtam,pp_nav_01430,navigable,53
branicevo,pp_nav_01113,improvable,49
branicevo,pp_nav_01115,improvable,5
branicevo,pp_nav_01117,navigable,41
branicevo,pp_nav_01123,barrier,4
tyagacho,pp_nav_00355,improvable,24
gongan,pp_nav_01560,improvable,36
gongan,pp_nav_01575,navigable,14
ksituan,pp_nav_00567,navigable,96
ksituan,pp_nav_00576,improvable,26
ksituan,pp_nav_00581,navigable,98
ksituan,pp_nav_00587,barrier,49
ksituan,pp_nav_00601,navigable,30
hanguang,pp_nav_01832,improvable,14
ust_tsimla,pp_nav_00942,navigable,27
ust_tsimla,pp_nav_00960,navigable,25
ust_tsimla,pp_nav_00968,navigable,18
ikryanoye,pp_nav_01044,navigable,50
zenta,pp_nav_01034,navigable,1
puge,pp_nav_01662,barrier,26
puge,pp_nav_01682,barrier,38
palisema,pp_nav_01357,navigable,10
tezpur,pp_nav_01710,navigable,33
tezpur,pp_nav_01722,navigable,13
kovin,pp_nav_01113,improvable,18
kovin,pp_nav_01115,improvable,22
kovin,pp_nav_01117,navigable,18
nudarcha,pp_nav_01230,navigable,96
nudarcha,pp_nav_01231,navigable,15
nudarcha,pp_nav_01234,navigable,96
nudarcha,pp_nav_01235,navigable,86
nudarcha,pp_nav_01237,improvable,19
nudarcha,pp_nav_01239,improvable,16
rudrapur,pp_nav_01743,navigable,28
chinchaga,pp_nav_00575,navigable,94
chinchaga,pp_nav_00576,improvable,38
wiesbaden,pp_nav_00864,improvable,29
tadoussac,pp_nav_00934,barrier,5
kunduz,pp_nav_01308,improvable,24
taoyuan,pp_nav_01624,navigable,19
taoyuan,pp_nav_01631,improvable,4
coiracoentanon,pp_nav_01177,improvable,22
coiracoentanon,pp_nav_01183,navigable,85
coiracoentanon,pp_nav_01190,navigable,9
tis_reka,pp_nav_00346,navigable,94
tis_reka,pp_nav_00363,navigable,24
tis_reka,pp_nav_00365,navigable,92
tis_reka,pp_nav_00385,navigable,42
arnhem,pp_nav_00781,navigable,24
mongyang,pp_nav_01806,navigable,50
mongyang,pp_nav_01824,improvable,27
mongyang,pp_nav_01829,navigable,18
tayan,pp_nav_02076,navigable,50
tayan,pp_nav_02077,navigable,18
krasny_yar,pp_nav_01025,navigable,21
phnom_santuk,pp_nav_01958,navigable,20
phnom_santuk,pp_nav_01959,navigable,18
phnom_santuk,pp_nav_01960,navigable,26
yenotayevka,pp_nav_00972,navigable,63
yenotayevka,pp_nav_00977,navigable,20
yenotayevka,pp_nav_00994,navigable,91
yenotayevka,pp_nav_01007,navigable,20
mohacs,pp_nav_01021,navigable,2
mohacs,pp_nav_01045,navigable,77
mohacs,pp_nav_01063,navigable,71
mohacs,pp_nav_01067,navigable,60
yunkyur,pp_nav_00329,navigable,3
yunkyur,pp_nav_00337,navigable,98
yunkyur,pp_nav_00343,navigable,21
zolotonosha,pp_nav_00877,navigable,7
voghera,pp_nav_01097,navigable,36
voghera,pp_nav_01106,improvable,1
ostiglia,pp_nav_01101,navigable,8
ostiglia,pp_nav_01108,navigable,6
romans,pp_nav_01074,navigable,27
romans,pp_nav_01104,barrier,5
chabcha,pp_nav_01337,navigable,52
chabcha,pp_nav_01348,barrier,32
xiangtan,pp_nav_01646,navigable,13
xiangtan,pp_nav_01666,improvable,15
xiangtan,pp_nav_01686,improvable,9
vyadhapura,pp_nav_01962,navigable,53
vyadhapura,pp_nav_01964,navigable,68
pontianak,pp_nav_02076,navigable,49
pontianak,pp_nav_02081,navigable,58
liucheng,pp_nav_01791,navigable,17
liucheng,pp_nav_01812,improvable,81
linz,pp_nav_00919,improvable,19
linz,pp_nav_00922,barrier,65
linz,pp_nav_00932,barrier,24
macha,pp_nav_00345,navigable,18
macha,pp_nav_00353,improvable,2
macha,pp_nav_00359,navigable,98
macha,pp_nav_00369,improvable,16
imangaq,pp_nav_00190,navigable,95
nichabau,pp_nav_01036,barrier,43
nichabau,pp_nav_01047,navigable,30
nichabau,pp_nav_01057,navigable,9
shwegu,pp_nav_01824,improvable,57
shwegu,pp_nav_01829,navigable,23
shwegu,pp_nav_01831,navigable,24
irakinda,pp_nav_00584,improvable,60
irakinda,pp_nav_00617,improvable,92
irakinda,pp_nav_00632,navigable,23
paxtang,pp_nav_01205,navigable,35
ardatov,pp_nav_00620,navigable,33
ardatov,pp_nav_00638,navigable,26
navidakh,pp_nav_01244,navigable,7
navidakh,pp_nav_01261,navigable,82
navidakh,pp_nav_01269,navigable,31
moana_kassongo,pp_nav_02157,navigable,42
moana_kassongo,pp_nav_02169,improvable,61
moana_kassongo,pp_nav_02173,navigable,8
mawkmai,pp_nav_01898,navigable,52
mawkmai,pp_nav_01902,navigable,45
hmawbi,pp_nav_01940,navigable,19
moana_mussumba,pp_nav_02179,navigable,34
ensisheim,pp_nav_00943,improvable,17
emuer,pp_nav_00695,improvable,50
emuer,pp_nav_00697,improvable,45
emuer,pp_nav_00701,navigable,16
emuer,pp_nav_00703,navigable,50
emuer,pp_nav_00705,improvable,12
emuer,pp_nav_00708,navigable,8
rastyapino,pp_nav_00549,navigable,56
rastyapino,pp_nav_00563,navigable,26
rastyapino,pp_nav_00574,navigable,34
lanxi,pp_nav_01579,navigable,7
lanxi,pp_nav_01614,navigable,17
nunu,pp_nav_02098,navigable,65
nunu,pp_nav_02105,navigable,21
baak,pp_nav_01929,navigable,23
seyat,pp_nav_00147,navigable,22
poligus,pp_nav_00249,navigable,92
poligus,pp_nav_00259,barrier,42
rouen,pp_nav_00883,improvable,17
rouen,pp_nav_00887,navigable,33
kara_shilka,pp_nav_00733,navigable,5
moosonee,pp_nav_00816,improvable,28
changning_changning,pp_nav_01630,improvable,24
licheng,pp_nav_01309,navigable,30
licheng,pp_nav_01317,navigable,8
khandyga,pp_nav_00204,navigable,69
khandyga,pp_nav_00217,improvable,69
saukiog,pp_nav_01176,improvable,21
peledui,pp_nav_00364,barrier,38
peledui,pp_nav_00372,navigable,41
kolomna,pp_nav_00647,navigable,29
amersfoort,pp_nav_00779,navigable,34
amersfoort,pp_nav_00781,navigable,22
iagodnoie,pp_nav_00230,improvable,13
qianwei,pp_nav_01597,barrier,3
qianwei,pp_nav_01608,navigable,55
otrar,pp_nav_01152,navigable,5
otrar,pp_nav_01158,navigable,27
kiya,pp_nav_00385,navigable,49
kiya,pp_nav_00397,navigable,55
otnabog,pp_nav_01058,navigable,48
siimitalik,pp_nav_00468,navigable,21
siimitalik,pp_nav_00501,barrier,89
tilsit,pp_nav_00649,navigable,25
kyr_uzkand,pp_nav_01152,navigable,3
pengshan,pp_nav_01555,improvable,29
salaspils,pp_nav_00532,navigable,61
salaspils,pp_nav_00545,navigable,24
wakmua_oin,pp_nav_01116,navigable,2
wakmua_oin,pp_nav_01132,navigable,19
wakmua_oin,pp_nav_01137,navigable,22
hatchie,pp_nav_01329,improvable,27
hatchie,pp_nav_01347,improvable,68
gaoyuan_jinan,pp_nav_01288,navigable,6
gaoyuan_jinan,pp_nav_01297,navigable,29
germersheim,pp_nav_00900,navigable,22
sillanwali,pp_nav_01483,navigable,8
sillanwali,pp_nav_01491,navigable,48
sillanwali,pp_nav_01494,navigable,32
sena,pp_nav_02263,navigable,51
sena,pp_nav_02264,navigable,17
naserpur,pp_nav_01752,navigable,2
naserpur,pp_nav_01774,navigable,36
kapurthala,pp_nav_01512,navigable,11
dajal,pp_nav_01572,navigable,32
fatehabad,pp_nav_01512,navigable,21
tungi,pp_nav_02230,navigable,50
tungi,pp_nav_02232,improvable,50
tungi,pp_nav_02236,navigable,4
oreshek,pp_nav_00354,improvable,39
tada,pp_nav_01973,navigable,6
omdurman,pp_nav_01947,navigable,6
omdurman,pp_nav_01950,navigable,42
fashoda,pp_nav_01969,navigable,54
fashoda,pp_nav_01970,navigable,38
guzhen,pp_nav_01443,navigable,26
qayyarah,pp_nav_01321,navigable,4
qayyarah,pp_nav_01340,improvable,74
kongsvinger,pp_nav_00347,navigable,55
tboung_khmum,pp_nav_01959,navigable,7
tboung_khmum,pp_nav_01960,navigable,43
zhanggu,pp_nav_01516,barrier,20
banjar,pp_nav_02117,navigable,23
banjar,pp_nav_02129,navigable,15
yinshan,pp_nav_01201,navigable,49
yinshan,pp_nav_01203,navigable,12
yinshan,pp_nav_01204,navigable,26
strasbourg,pp_nav_00900,navigable,8
strasbourg,pp_nav_00916,improvable,34
langqu,pp_nav_01689,navigable,6
manmaw,pp_nav_01787,navigable,13
manmaw,pp_nav_01806,navigable,52
manmaw,pp_nav_01829,navigable,11
shuitejiang,pp_nav_01656,barrier,84
shuitejiang,pp_nav_01678,navigable,6
binchuan,pp_nav_01737,barrier,12
solt,pp_nav_01001,navigable,56
changshou_changshou,pp_nav_01584,barrier,12
doboj,pp_nav_01096,navigable,27
doboj,pp_nav_01098,navigable,65
doboj,pp_nav_01100,navigable,4
gaoyao,pp_nav_01860,improvable,45
gaoyao,pp_nav_01861,navigable,49
nochpeem,pp_nav_01178,navigable,36
sarahan,pp_nav_01488,barrier,23
sarahan,pp_nav_01495,barrier,63
huangmei,pp_nav_01581,navigable,6
basel,pp_nav_00971,improvable,48
shakhty,pp_nav_00982,improvable,25
musi_hilir,pp_nav_02108,navigable,81
yuanling,pp_nav_01636,improvable,66
yuanling,pp_nav_01653,improvable,3
miskolc,pp_nav_00955,navigable,44
suntar,pp_nav_00223,improvable,18
nongan,pp_nav_01111,navigable,19
nimde,pp_nav_00124,barrier,36
lengshuitan,pp_nav_01724,navigable,43
lengshuitan,pp_nav_01740,improvable,10
burg,pp_nav_00756,navigable,66
burg,pp_nav_00778,navigable,13
sagaing,pp_nav_01862,navigable,31
sagaing,pp_nav_01872,navigable,7
sagaing,pp_nav_01874,navigable,29
sagaing,pp_nav_01877,navigable,19
comacchio,pp_nav_01109,navigable,27
tangdan,pp_nav_01729,barrier,29
tombigbee,pp_nav_01459,navigable,22
tombigbee,pp_nav_01472,navigable,6
tombigbee,pp_nav_01480,navigable,88
tombigbee,pp_nav_01487,navigable,50
tombigbee,pp_nav_01497,navigable,51
tombigbee,pp_nav_01503,navigable,10
uschu,pp_nav_00813,navigable,68
uschu,pp_nav_00824,navigable,98
uschu,pp_nav_00834,navigable,101
hachberg,pp_nav_00916,improvable,10
hachberg,pp_nav_00943,improvable,31
hanyang,pp_nav_01541,navigable,30
hanyang,pp_nav_01542,navigable,12
hanyang,pp_nav_01553,navigable,39
farkhor,pp_nav_01286,navigable,26
farkhor,pp_nav_01287,barrier,39
farkhor,pp_nav_01299,improvable,92
farkhor,pp_nav_01300,improvable,36
farkhor,pp_nav_01307,navigable,17
scharding,pp_nav_00919,improvable,21
scharding,pp_nav_00920,navigable,50
scharding,pp_nav_00922,barrier,11
mushikitee,pp_nav_00498,improvable,8
mushikitee,pp_nav_00518,navigable,94
mushikitee,pp_nav_00539,navigable,86
mushikitee,pp_nav_00557,navigable,96
mushikitee,pp_nav_00587,barrier,49
north_juma,pp_nav_02123,navigable,16
north_juma,pp_nav_02131,navigable,50
north_juma,pp_nav_02140,navigable,22
linxiang,pp_nav_01580,navigable,20
khoro,pp_nav_00152,improvable,50
khoro,pp_nav_00156,navigable,61
chornobyl,pp_nav_00807,navigable,17
chornobyl,pp_nav_00819,navigable,19
zhangqiu,pp_nav_01309,navigable,18
menahkwesk,pp_nav_01058,navigable,12
menahkwesk,pp_nav_01069,barrier,26
menahkwesk,pp_nav_01075,improvable,69
wittenberge,pp_nav_00726,navigable,32
bishan,pp_nav_01578,improvable,49
bishan,pp_nav_01598,improvable,31
zhiziluo,pp_nav_01680,improvable,59
zhiziluo,pp_nav_01706,improvable,62
niobrara,pp_nav_01156,navigable,38
niobrara,pp_nav_01162,improvable,77
ingapu,pp_nav_01934,navigable,13
shtax_heen,pp_nav_00547,navigable,41
vakhs,pp_nav_01286,navigable,11
tutilpinco,pp_nav_01381,navigable,49
tutilpinco,pp_nav_01404,navigable,54
tutilpinco,pp_nav_01415,navigable,21
meductic,pp_nav_01037,navigable,47
opimika,pp_nav_01002,barrier,89
opimika,pp_nav_01009,navigable,25
opimika,pp_nav_01019,improvable,11
quinnipiac,pp_nav_01176,improvable,37
prayag,pp_nav_01757,navigable,4
prayag,pp_nav_01771,navigable,37
prayag,pp_nav_01778,navigable,42
prayag,pp_nav_01784,navigable,2
bohai,pp_nav_01288,navigable,33
bohai,pp_nav_01297,navigable,11
maubin,pp_nav_01944,navigable,53
maubin,pp_nav_01948,navigable,8
gomsi,pp_nav_01649,barrier,5
gomsi,pp_nav_01657,improvable,65
gomsi,pp_nav_01670,navigable,29
daye,pp_nav_01545,navigable,3
daye,pp_nav_01566,barrier,11
lhagang,pp_nav_01596,navigable,10
gengma,pp_nav_01821,navigable,9
gengma,pp_nav_01842,navigable,46
toulnustouc,pp_nav_00846,navigable,18
toulnustouc,pp_nav_00868,improvable,97
toulnustouc,pp_nav_00890,improvable,15
malbork,pp_nav_00672,navigable,74
malbork,pp_nav_00674,navigable,14
malbork,pp_nav_00682,navigable,24
malbork,pp_nav_00686,navigable,18
bada,pp_nav_01808,navigable,5
corabia,pp_nav_01145,improvable,2
siyom,pp_nav_01649,barrier,33
bol_shaya_martynovka,pp_nav_00968,navigable,32
bol_shaya_martynovka,pp_nav_00975,navigable,3
bol_shaya_martynovka,pp_nav_00976,navigable,75
lom,pp_nav_01141,navigable,47
lom,pp_nav_01144,navigable,42
butalin,pp_nav_01854,improvable,10
butalin,pp_nav_01864,navigable,46
butalin,pp_nav_01869,navigable,50
butalin,pp_nav_01873,navigable,3
kippawa,pp_nav_01009,navigable,49
kippawa,pp_nav_01030,navigable,2
amazar,pp_nav_00701,navigable,11
amazar,pp_nav_00703,navigable,8
amazar,pp_nav_00708,navigable,13
koostaaka,pp_nav_00945,navigable,11
koostaaka,pp_nav_00947,navigable,29
zhenxi_lizhou,pp_nav_01610,barrier,21
zhenxi_lizhou,pp_nav_01613,barrier,6
lebus,pp_nav_00743,navigable,9
bulava,pp_nav_00725,barrier,5
bulava,pp_nav_00744,improvable,52
bulava,pp_nav_00759,improvable,30
bulava,pp_nav_00777,navigable,13
atishchevo,pp_nav_00588,navigable,21
atishchevo,pp_nav_00605,navigable,53
khampa,pp_nav_00142,navigable,18
amonokoa,pp_nav_01210,navigable,27
amonokoa,pp_nav_01222,navigable,1
voskresenskoye,pp_nav_00564,navigable,32
voskresenskoye,pp_nav_00573,navigable,5
cruz_alta,pp_nav_02316,improvable,27
cruz_alta,pp_nav_02324,improvable,74
cruz_alta,pp_nav_02325,improvable,16
bihariganj,pp_nav_01755,navigable,7
bihariganj,pp_nav_01776,navigable,29
qianjiang,pp_nav_01536,navigable,24
aaboukingon,pp_nav_01273,navigable,33
aaboukingon,pp_nav_01275,navigable,6
aaboukingon,pp_nav_01276,navigable,42
aaboukingon,pp_nav_01279,navigable,34
chatanugi,pp_nav_01349,navigable,15
chatanugi,pp_nav_01368,improvable,68
huaining,pp_nav_01540,navigable,44
yunlong,pp_nav_01739,improvable,69
yunlong,pp_nav_01748,improvable,6
yunlong,pp_nav_01768,barrier,18
tauramena,pp_nav_02040,navigable,22
tauramena,pp_nav_02042,navigable,48
tauramena,pp_nav_02046,navigable,30
kreuznach,pp_nav_00850,barrier,8
kreuznach,pp_nav_00864,improvable,3
kreuznach,pp_nav_00867,barrier,8
hehe,pp_nav_01245,navigable,27
hehe,pp_nav_01264,navigable,26
petaigan,pp_nav_00699,improvable,99
petaigan,pp_nav_00716,improvable,19
kutai_lama,pp_nav_02084,navigable,58
kutai_lama,pp_nav_02085,navigable,35
selenge,pp_nav_00769,navigable,96
selenge,pp_nav_00774,navigable,19
selenge,pp_nav_00786,improvable,68
kasekete,pp_nav_02257,navigable,35
kot_addu,pp_nav_01539,navigable,48
kot_addu,pp_nav_01564,navigable,25
kot_addu,pp_nav_01572,navigable,11
chiramba,pp_nav_02261,improvable,37
chiramba,pp_nav_02262,improvable,49
jhang,pp_nav_01491,navigable,33
jhang,pp_nav_01513,navigable,8
kohtali,pp_nav_01434,navigable,25
mutota,pp_nav_02257,navigable,53
mutota,pp_nav_02258,navigable,22
kalpi,pp_nav_01741,navigable,38
kalpi,pp_nav_01753,navigable,12
cuama,pp_nav_02265,navigable,42
attock,pp_nav_01410,improvable,24
attock,pp_nav_01418,improvable,17
nnewi,pp_nav_02018,navigable,21
nnewi,pp_nav_02029,navigable,6
shemkhiya,pp_nav_01906,barrier,64
shemkhiya,pp_nav_01909,barrier,79
shemkhiya,pp_nav_01910,navigable,52
shemkhiya,pp_nav_01913,barrier,59
shemkhiya,pp_nav_01917,navigable,51
shemkhiya,pp_nav_01920,barrier,20
shemkhiya,pp_nav_01927,navigable,45
shemkhiya,pp_nav_01939,navigable,4
soba,pp_nav_01950,navigable,24
katsina_ala,pp_nav_01990,navigable,16
katsina_ala,pp_nav_01996,navigable,39
yongping_yongchang,pp_nav_01768,barrier,35
yongping_yongchang,pp_nav_01792,improvable,14
calpista,pp_nav_01357,navigable,80
calpista,pp_nav_01381,navigable,11
jiangan,pp_nav_01627,improvable,8
jiangan,pp_nav_01630,improvable,28
mayen,pp_nav_00843,improvable,31
kolymskoie,pp_nav_00020,improvable,71
kolymskoie,pp_nav_00025,improvable,11
kolymskoie,pp_nav_00026,barrier,5
samarchyk,pp_nav_00917,navigable,14
samarchyk,pp_nav_00921,navigable,2
sumgut_vosh,pp_nav_00151,navigable,27
sumgut_vosh,pp_nav_00164,navigable,94
sumgut_vosh,pp_nav_00180,navigable,34
dingyuan_lingzhou,pp_nav_01221,navigable,73
dingyuan_lingzhou,pp_nav_01232,navigable,80
dingyuan_lingzhou,pp_nav_01251,navigable,9
winsen,pp_nav_00696,navigable,23
baja_hungary,pp_nav_01021,navigable,26
brahin,pp_nav_00783,navigable,27
brahin,pp_nav_00807,navigable,33
khaspur,pp_nav_01803,navigable,19
khaspur,pp_nav_01804,navigable,22
wabuk,pp_nav_00634,improvable,48
vyatskiye_polyany,pp_nav_00548,navigable,30
vyatskiye_polyany,pp_nav_00562,navigable,61
vyatskiye_polyany,pp_nav_00592,navigable,21
nanchong,pp_nav_01509,improvable,22
nanchong,pp_nav_01534,navigable,53
kale,pp_nav_01854,improvable,77
kale,pp_nav_01864,navigable,3
chepoussa,pp_nav_01258,navigable,11
chepoussa,pp_nav_01270,improvable,98
chepoussa,pp_nav_01281,navigable,88
moingwena,pp_nav_01190,navigable,52
moingwena,pp_nav_01200,improvable,14
taihe_taihe,pp_nav_01687,navigable,2
taihe_taihe,pp_nav_01707,navigable,56
zardab,pp_nav_01211,navigable,1
waingmaw,pp_nav_01750,barrier,12
waingmaw,pp_nav_01762,navigable,18
waingmaw,pp_nav_01770,improvable,51
waingmaw,pp_nav_01787,navigable,1
waingmaw,pp_nav_01794,navigable,14
leibo,pp_nav_01637,barrier,4
leibo,pp_nav_01644,navigable,46
leibo,pp_nav_01662,barrier,21
huayin,pp_nav_01376,navigable,7
huayin,pp_nav_01397,navigable,4
luzhang,pp_nav_01706,improvable,32
luzhang,pp_nav_01748,improvable,74
belgrad,pp_nav_01102,navigable,19
belgrad,pp_nav_01115,improvable,16
belgrad,pp_nav_01120,improvable,13
dubica,pp_nav_01086,navigable,10
dubica,pp_nav_01090,navigable,6
zalon_taung,pp_nav_01797,improvable,21
naungyo,pp_nav_01944,navigable,37
naungyo,pp_nav_01948,navigable,11
enhe_hada,pp_nav_00701,navigable,8
mukdahan,pp_nav_01945,navigable,51
mukdahan,pp_nav_01949,navigable,22
nanxi,pp_nav_01630,improvable,18
balakovo,pp_nav_00750,navigable,23
balakovo,pp_nav_00773,improvable,42
dzingcho,pp_nav_01587,navigable,72
dzingcho,pp_nav_01623,barrier,2
vieng_phouka,pp_nav_01889,improvable,24
vieng_phouka,pp_nav_01891,improvable,33
vieng_phouka,pp_nav_01893,improvable,30
chibwe,pp_nav_01733,navigable,88
chibwe,pp_nav_01762,navigable,60
gorokhovets,pp_nav_00574,navigable,19
gorokhovets,pp_nav_00582,navigable,51
salcha,pp_nav_00126,improvable,96
salcha,pp_nav_00133,barrier,23
mong_yai,pp_nav_01865,navigable,60
mong_yai,pp_nav_01871,navigable,27
luchuan_mangshi,pp_nav_01845,navigable,22
kyakhta,pp_nav_00825,navigable,2
alessandria,pp_nav_01106,improvable,11
wabasca,pp_nav_00426,navigable,96
wabasca,pp_nav_00428,improvable,42
wabasca,pp_nav_00431,navigable,20
wabasca,pp_nav_00437,navigable,82
wabasca,pp_nav_00444,navigable,47
wabasca,pp_nav_00467,improvable,88
wabasca,pp_nav_00498,improvable,92
piantouguan,pp_nav_01219,navigable,17
molodo,pp_nav_00009,navigable,37
tynda,pp_nav_00689,improvable,33
nizhny_novgorod,pp_nav_00549,navigable,20
nizhny_novgorod,pp_nav_00563,navigable,64
nizhny_novgorod,pp_nav_00578,navigable,31
mamterilleq,pp_nav_00311,navigable,21
austria_baden,pp_nav_00941,improvable,2
horoshino,pp_nav_00893,navigable,22
ouaka,pp_nav_02038,navigable,4
ouaka,pp_nav_02039,navigable,48
ouaka,pp_nav_02045,navigable,11
waawiiyaataanong,pp_nav_01169,navigable,36
skitsetsen,pp_nav_00836,navigable,45
skitsetsen,pp_nav_00838,improvable,47
kanna,pp_nav_01869,navigable,34
kanna,pp_nav_01873,navigable,19
chochenyo,pp_nav_01271,navigable,17
eldikan,pp_nav_00314,improvable,88
eldikan,pp_nav_00331,navigable,56
eldikan,pp_nav_00335,navigable,34
laskarpur,pp_nav_01822,navigable,32
laskarpur,pp_nav_01833,navigable,8
ngoc_ma,pp_nav_01922,navigable,13
tiou,pp_nav_01426,navigable,73
chena,pp_nav_00119,navigable,38
chena,pp_nav_00120,improvable,50
cuttaway,pp_nav_01310,navigable,46
fort_simpson,pp_nav_00247,improvable,90
fort_simpson,pp_nav_00269,improvable,98
fort_simpson,pp_nav_00275,navigable,95
muskingum,pp_nav_01218,barrier,39
muskingum,pp_nav_01228,improvable,66
apucarana,pp_nav_02285,navigable,42
apucarana,pp_nav_02287,navigable,22
apucarana,pp_nav_02291,improvable,39
tournon,pp_nav_01074,navigable,25
tournon,pp_nav_01104,barrier,10
mengtong,pp_nav_01821,navigable,10
mengtong,pp_nav_01842,navigable,4
naguatex,pp_nav_01423,navigable,96
naguatex,pp_nav_01439,navigable,14
guiyang_hengyang,pp_nav_01717,improvable,28
terbyas,pp_nav_00152,improvable,52
terbyas,pp_nav_00156,navigable,8
zhaushikumtobe,pp_nav_01166,navigable,10
zhaushikumtobe,pp_nav_01173,navigable,50
zhaushikumtobe,pp_nav_01180,navigable,56
chawasha,pp_nav_01593,navigable,96
chawasha,pp_nav_01616,navigable,28
gonjo,pp_nav_01505,navigable,5
gonjo,pp_nav_01521,barrier,10
lijin,pp_nav_01288,navigable,46
lijin,pp_nav_01291,navigable,23
baurang,pp_nav_01612,navigable,36
baurang,pp_nav_01635,barrier,4
baurang,pp_nav_01641,improvable,28
wushan,pp_nav_01517,barrier,59
nahanni,pp_nav_00312,navigable,49
nahanni,pp_nav_00319,improvable,96
nahanni,pp_nav_00342,barrier,21
youyang,pp_nav_01620,barrier,33
youyang,pp_nav_01638,navigable,5
tata,pp_nav_00964,navigable,57
tata,pp_nav_00965,navigable,7
andawaohie,pp_nav_01010,improvable,42
andawaohie,pp_nav_01020,navigable,13
pocasse,pp_nav_01040,navigable,23
pocasse,pp_nav_01064,navigable,10
utsutigway,pp_nav_01368,improvable,17
utsutigway,pp_nav_01379,navigable,32
okobojo,pp_nav_01089,navigable,44
okobojo,pp_nav_01116,navigable,6
sochaczew,pp_nav_00754,navigable,28
balagachchy,pp_nav_00142,navigable,85
balagachchy,pp_nav_00147,navigable,34
xojeli,pp_nav_01157,navigable,9
xojeli,pp_nav_01165,navigable,67
cernavoda,pp_nav_01122,navigable,27
cernavoda,pp_nav_01133,navigable,15
rechnoye,pp_nav_00972,navigable,2
rechnoye,pp_nav_00977,navigable,34
rechnoye,pp_nav_00994,navigable,5
shuntaneshnanga,pp_nav_01206,navigable,24
shuntaneshnanga,pp_nav_01217,navigable,90
shuntaneshnanga,pp_nav_01224,navigable,80
shuntaneshnanga,pp_nav_01235,navigable,6
ollo,pp_nav_00695,improvable,48
pawir,pp_nav_02061,improvable,48
pawir,pp_nav_02063,navigable,48
chupanga,pp_nav_02264,navigable,33
chupanga,pp_nav_02265,navigable,6
bunji,pp_nav_01351,barrier,81
bunji,pp_nav_01359,barrier,10
mopeia,pp_nav_02264,navigable,58
kahlur,pp_nav_01500,navigable,76
kahlur,pp_nav_01502,improvable,54
uch,pp_nav_01594,navigable,29
uch,pp_nav_01600,navigable,2
uch,pp_nav_01601,navigable,7
kandiaro,pp_nav_01681,navigable,15
kandiaro,pp_nav_01700,navigable,49
kandiaro,pp_nav_01726,navigable,4
karor_2,pp_nav_01482,navigable,19
karor_2,pp_nav_01504,navigable,39
tete,pp_nav_02255,navigable,20
tete,pp_nav_02256,improvable,47
tete,pp_nav_02260,improvable,26
hajner,pp_nav_01512,navigable,12
hajner,pp_nav_01524,navigable,28
chiniot,pp_nav_01483,navigable,43
chiniot,pp_nav_01491,navigable,16
qasr_ibrim,pp_nav_01859,barrier,57
qasr_ibrim,pp_nav_01867,barrier,63
qasr_ibrim,pp_nav_01868,barrier,22
abu_hamed,pp_nav_01906,barrier,54
abu_hamed,pp_nav_01909,barrier,46
abu_hamed,pp_nav_01910,navigable,43
abu_hamed,pp_nav_01913,barrier,21
gondokoro,pp_nav_02025,navigable,10
gondokoro,pp_nav_02033,navigable,70
gondokoro,pp_nav_02043,navigable,52
gondokoro,pp_nav_02052,navigable,21
xiacai,pp_nav_01443,navigable,23
xiacai,pp_nav_01453,navigable,42
baotong,pp_nav_01810,barrier,40
baotong,pp_nav_01821,navigable,63
lungkya,pp_nav_01366,barrier,21
lungkya,pp_nav_01392,navigable,44
lungkya,pp_nav_01400,barrier,8
moss,pp_nav_00366,improvable,47
moss,pp_nav_00387,navigable,27
visesav,pp_nav_01121,improvable,71
visesav,pp_nav_01126,navigable,69
visesav,pp_nav_01131,navigable,6
tutrakan,pp_nav_01135,improvable,14
tutrakan,pp_nav_01136,navigable,51
tutrakan,pp_nav_01139,navigable,12
salair,pp_nav_00651,navigable,36
salair,pp_nav_00664,navigable,64
qlispe,pp_nav_00929,improvable,6
qlispe,pp_nav_00936,navigable,88
qlispe,pp_nav_00950,improvable,61
qlispe,pp_nav_00966,navigable,11
jangipur,pp_nav_01795,navigable,33
jangipur,pp_nav_01818,navigable,8
bulbancha,pp_nav_01546,navigable,10
siegburg,pp_nav_00835,improvable,6
dongping,pp_nav_01648,improvable,72
bykovo,pp_nav_00857,navigable,36
bykovo,pp_nav_00875,navigable,48
bykovo,pp_nav_00895,navigable,1
paru,pp_nav_02096,navigable,33
paru,pp_nav_02099,navigable,3
arkhara,pp_nav_00891,improvable,30
arkhara,pp_nav_00903,navigable,37
arkhara,pp_nav_00909,navigable,7
nanhai,pp_nav_01861,navigable,12
nanhai,pp_nav_01863,navigable,32
nanhai,pp_nav_01866,navigable,6
zakroczym,pp_nav_00754,navigable,28
thien_truong,pp_nav_01887,navigable,4
thien_truong,pp_nav_01894,navigable,47
kouate,pp_nav_00940,navigable,7
manigotagan,pp_nav_00854,improvable,26
chandrabad,pp_nav_01818,navigable,39
chandrabad,pp_nav_01827,navigable,6
marmande,pp_nav_01124,improvable,26
balyktykol,pp_nav_00833,navigable,51
balyktykol,pp_nav_00840,navigable,5
burayevo,pp_nav_00610,improvable,24
burayevo,pp_nav_00619,navigable,51
burayevo,pp_nav_00625,navigable,30
cegani,pp_nav_01122,navigable,21
cegani,pp_nav_01133,navigable,56
fehervar,pp_nav_00969,improvable,29
charquis,pp_nav_01294,navigable,17
charquis,pp_nav_01298,navigable,30
charquis,pp_nav_01303,navigable,76
charquis,pp_nav_01305,navigable,48
charquis,pp_nav_01310,navigable,18
charquis,pp_nav_01312,navigable,61
charquis,pp_nav_01314,navigable,38
mala,pp_nav_01698,navigable,39
osterburg,pp_nav_00726,navigable,5
osterburg,pp_nav_00740,navigable,4
gichthanne,pp_nav_01263,navigable,38
gichthanne,pp_nav_01268,navigable,34
gichthanne,pp_nav_01272,barrier,4
gichthanne,pp_nav_01273,navigable,68
gichthanne,pp_nav_01278,navigable,11
ahkwesasne,pp_nav_01103,improvable,3
thang_long,pp_nav_01884,navigable,61
thang_long,pp_nav_01887,navigable,32
huanggang,pp_nav_01541,navigable,12
huanggang,pp_nav_01545,navigable,31
ficarolo,pp_nav_01108,navigable,30
bilgram,pp_nav_01692,improvable,32
bilgram,pp_nav_01711,navigable,31
velyka_oleksandrivka,pp_nav_00983,navigable,63
kleve,pp_nav_00781,navigable,15
kipahigan,pp_nav_00604,navigable,65
kipahigan,pp_nav_00621,navigable,98
kipahigan,pp_nav_00622,navigable,45
kerki,pp_nav_01269,navigable,25
kerki,pp_nav_01285,navigable,33
gunnaur,pp_nav_01643,improvable,37
gunnaur,pp_nav_01663,navigable,39
rotterdam,pp_nav_00785,navigable,6
bacs,pp_nav_01045,navigable,3
bacs,pp_nav_01067,navigable,33
bacs,pp_nav_01078,navigable,37
flix,pp_nav_01184,improvable,52
rohat_kermen,pp_nav_00983,navigable,9
rohat_kermen,pp_nav_01005,navigable,21
sayniabuli,pp_nav_01905,navigable,10
sayniabuli,pp_nav_01908,navigable,28
mangazeya,pp_nav_00042,navigable,2
jhanjharpur,pp_nav_01732,improvable,34
jhanjharpur,pp_nav_01755,navigable,7
radom,pp_nav_00784,navigable,16
kelif,pp_nav_01285,navigable,18
kelif,pp_nav_01289,navigable,96
kelif,pp_nav_01295,improvable,16
shizhu,pp_nav_01549,navigable,12
atchafalaya,pp_nav_01546,navigable,44
monghsu,pp_nav_01871,navigable,32
monghsu,pp_nav_01878,improvable,52
kaifeng,pp_nav_01373,navigable,9
kaifeng,pp_nav_01385,navigable,21
suzhou,pp_nav_01641,improvable,67
suzhou,pp_nav_01650,barrier,34
piletisipuk,pp_nav_00890,improvable,41
rongshan,pp_nav_01678,navigable,10
champasak,pp_nav_01952,navigable,72
champasak,pp_nav_01953,navigable,46
ciechanow,pp_nav_00748,navigable,1
ciechanow,pp_nav_00754,navigable,29
manley,pp_nav_00118,barrier,6
chiang_khong,pp_nav_01893,improvable,1
chiang_khong,pp_nav_01897,navigable,58
chiang_khong,pp_nav_01904,navigable,13
linxian,pp_nav_01274,barrier,13
chalkyitsik,pp_nav_00067,improvable,48
baden,pp_nav_00900,navigable,28
kiwigapawa,pp_nav_01142,navigable,10
kiwigapawa,pp_nav_01151,navigable,13
kiwigapawa,pp_nav_01153,navigable,21
yarensk,pp_nav_00245,navigable,99
yarensk,pp_nav_00268,improvable,42
mackenzie,pp_nav_00071,navigable,37
bankutu,pp_nav_02140,navigable,55
bankutu,pp_nav_02145,navigable,72
tirkong,pp_nav_01589,barrier,7
tirkong,pp_nav_01617,barrier,93
tirkong,pp_nav_01632,navigable,8
lahontan,pp_nav_01119,navigable,42
harsova,pp_nav_01091,navigable,20
harsova,pp_nav_01122,navigable,46
trogstad,pp_nav_00347,navigable,8
trogstad,pp_nav_00366,improvable,43
erachimo,pp_nav_00072,navigable,44
erachimo,pp_nav_00076,barrier,96
erachimo,pp_nav_00078,barrier,67
erachimo,pp_nav_00079,navigable,30
erachimo,pp_nav_00083,navigable,24
nemptu,pp_nav_00892,navigable,83
nemptu,pp_nav_00906,navigable,74
mamadysh,pp_nav_00592,navigable,41
mamadysh,pp_nav_00612,navigable,23
mamadysh,pp_nav_00624,navigable,25
longyou_jiading,pp_nav_01588,improvable,73
longyou_jiading,pp_nav_01597,barrier,61
longyou_jiading,pp_nav_01608,navigable,8
biswan,pp_nav_01655,navigable,10
biswan,pp_nav_01683,navigable,34
sabac,pp_nav_01110,improvable,62
sabac,pp_nav_01120,improvable,7
buchu,pp_nav_01586,navigable,11
buchu,pp_nav_01602,navigable,95
buchu,pp_nav_01619,barrier,58
titel,pp_nav_01076,navigable,35
katibas,pp_nav_02065,navigable,22
katibas,pp_nav_02066,navigable,38
dhubri,pp_nav_01746,improvable,25
dhubri,pp_nav_01756,improvable,33
braila,pp_nav_01083,navigable,24
braila,pp_nav_01091,navigable,15
ranibas,pp_nav_01708,improvable,2
sernur,pp_nav_00499,improvable,9
sernur,pp_nav_00512,navigable,30
lucheng,pp_nav_01802,barrier,31
lucheng,pp_nav_01809,navigable,12
rajnagar,pp_nav_01803,navigable,34
rajnagar,pp_nav_01813,navigable,2
rajnagar,pp_nav_01814,navigable,19
isaccea,pp_nav_01083,navigable,54
isaccea,pp_nav_01087,navigable,40
chipisipi,pp_nav_00593,barrier,92
chipisipi,pp_nav_00614,barrier,93
manatara,pp_nav_00991,navigable,18
xuanhua,pp_nav_01608,navigable,30
xuanhua,pp_nav_01629,barrier,24
xunhe,pp_nav_00878,navigable,25
durgyeling,pp_nav_01516,barrier,21
thaungdut,pp_nav_01797,improvable,16
thaungdut,pp_nav_01817,navigable,89
thaungdut,pp_nav_01834,improvable,47
thaungdut,pp_nav_01854,improvable,6
htigyaing,pp_nav_01831,navigable,30
htigyaing,pp_nav_01846,navigable,18
hucha_hudan,pp_nav_00193,navigable,77
hucha_hudan,pp_nav_00200,navigable,94
hucha_hudan,pp_nav_00203,improvable,14
seymchan,pp_nav_00189,improvable,56
seymchan,pp_nav_00207,navigable,34
seymchan,pp_nav_00208,improvable,98
seymchan,pp_nav_00209,navigable,62
seymchan,pp_nav_00210,navigable,37
nuoluo,pp_nav_00989,navigable,47
nuoluo,pp_nav_01006,navigable,65
huaihua,pp_nav_01675,improvable,39
kakisa,pp_nav_00270,navigable,95
kakisa,pp_nav_00276,navigable,68
kakisa,pp_nav_00280,navigable,53
kakisa,pp_nav_00281,navigable,34
unjegah,pp_nav_00580,improvable,4
unjegah,pp_nav_00585,navigable,33
unjegah,pp_nav_00586,navigable,47
atiya,pp_nav_01801,navigable,31
atiya,pp_nav_01825,navigable,8
missicabi,pp_nav_00823,barrier,14
arkhan,pp_nav_01286,navigable,3
arkhan,pp_nav_01299,improvable,50
arkhan,pp_nav_01300,improvable,7
arkhan,pp_nav_01307,navigable,14
arkhan,pp_nav_01308,improvable,7
machang,pp_nav_01798,improvable,8
machang,pp_nav_01808,navigable,40
malykovka,pp_nav_00750,navigable,3
malykovka,pp_nav_00773,improvable,82
malykovka,pp_nav_00782,navigable,1
chalin,pp_nav_01033,navigable,53
chalin,pp_nav_01053,navigable,14
chalin,pp_nav_01054,navigable,7
freienwalde,pp_nav_00724,navigable,20
freienwalde,pp_nav_00743,navigable,16
jujin,pp_nav_01669,improvable,27
jujin,pp_nav_01685,navigable,4
jujin,pp_nav_01695,navigable,37
arauca,pp_nav_02021,navigable,35
arauca,pp_nav_02024,navigable,26
kuripan,pp_nav_02103,navigable,59
kuripan,pp_nav_02117,navigable,62
chaudandi,pp_nav_01708,improvable,34
chaudandi,pp_nav_01732,improvable,19
phnom_penh,pp_nav_01961,navigable,12
phnom_penh,pp_nav_01962,navigable,24
yongshan,pp_nav_01644,navigable,42
yongshan,pp_nav_01662,barrier,51
tczew,pp_nav_00672,navigable,14
ilan_hala,pp_nav_01033,navigable,66
ilan_hala,pp_nav_01053,navigable,60
ilan_hala,pp_nav_01054,navigable,49
solingen,pp_nav_00820,navigable,6
luchow,pp_nav_00726,navigable,19
pavlovo,pp_nav_00582,navigable,10
muse,pp_nav_01828,barrier,20
muse,pp_nav_01841,navigable,47
muse,pp_nav_01858,navigable,34
grant_creek,pp_nav_00100,navigable,4
grant_creek,pp_nav_00101,navigable,97
grant_creek,pp_nav_00102,barrier,41
grant_creek,pp_nav_00104,navigable,29
sampheak_borak,pp_nav_01957,navigable,33
sampheak_borak,pp_nav_01958,navigable,3
tensas,pp_nav_01452,navigable,18
tensas,pp_nav_01469,improvable,32
tensas,pp_nav_01474,navigable,43
tensas,pp_nav_01485,navigable,17
mayya,pp_nav_00236,navigable,11
mayya,pp_nav_00257,improvable,18
kaskinampo,pp_nav_01310,navigable,26
kaskinampo,pp_nav_01314,navigable,60
kaskinampo,pp_nav_01320,navigable,10
kaskinampo,pp_nav_01330,navigable,95
danubyu,pp_nav_01940,navigable,29
danubyu,pp_nav_01944,navigable,14
pasho,pp_nav_01530,barrier,17
pasho,pp_nav_01547,barrier,89
krivoshchekovo,pp_nav_00627,navigable,1
krivoshchekovo,pp_nav_00644,improvable,47
krivoshchekovo,pp_nav_00660,navigable,47
krivoshchekovo,pp_nav_00670,navigable,48
krivoshchekovo,pp_nav_00677,navigable,19
makanpur,pp_nav_01692,improvable,7
makanpur,pp_nav_01711,navigable,46
makanpur,pp_nav_01721,navigable,10
makanpur,pp_nav_01735,navigable,8
makanpur,pp_nav_01741,navigable,37
omerkot,pp_nav_01625,navigable,38
omerkot,pp_nav_01639,navigable,27
muhammad_tur,pp_nav_01800,navigable,28
muhammad_tur,pp_nav_01819,navigable,46
karur_punjab,pp_nav_01577,navigable,15
karur_punjab,pp_nav_01592,navigable,42
sargadwari,pp_nav_01663,navigable,48
sargadwari,pp_nav_01674,navigable,46
sargadwari,pp_nav_01692,improvable,2
zumbo,pp_nav_02257,navigable,28
zumbo,pp_nav_02258,navigable,59
arrah,pp_nav_01759,navigable,15
arrah,pp_nav_01764,improvable,10
arrah,pp_nav_01765,navigable,5
arrah,pp_nav_01767,navigable,11
daw_sud,pp_nav_01867,barrier,33
daw_sud,pp_nav_01870,barrier,59
atbara,pp_nav_01927,navigable,21
basti,pp_nav_01705,navigable,4
basti,pp_nav_01714,navigable,45
basti,pp_nav_01727,navigable,1
ozanna,pp_nav_00352,navigable,96
ozanna,pp_nav_00355,improvable,37
ozanna,pp_nav_00357,barrier,98
ozanna,pp_nav_00370,improvable,21
wujiang_yingtian,pp_nav_01484,navigable,14
zimnicea,pp_nav_01139,navigable,8
zimnicea,pp_nav_01145,improvable,7
zimnicea,pp_nav_01147,navigable,37
zimnicea,pp_nav_01149,navigable,9
guichi,pp_nav_01514,navigable,22
guichi,pp_nav_01540,navigable,31
xiaoshan,pp_nav_01563,improvable,23
xiaoshan,pp_nav_01569,navigable,11
woking,pp_nav_00798,improvable,4
woking,pp_nav_00802,improvable,11
riga,pp_nav_00532,navigable,13
tarung,pp_nav_01725,navigable,12
kraho,pp_nav_02197,navigable,30
kraho,pp_nav_02204,navigable,49
hum,pp_nav_02359,navigable,61
hum,pp_nav_02361,navigable,86
hum,pp_nav_02362,navigable,17
gigen,pp_nav_01145,improvable,41
gigen,pp_nav_01146,navigable,30
barnaul,pp_nav_00688,navigable,10
barnaul,pp_nav_00692,navigable,51
barnaul,pp_nav_00698,navigable,49
barnaul,pp_nav_00707,navigable,18
lower_aktanyshbash,pp_nav_00591,navigable,14
lower_aktanyshbash,pp_nav_00602,navigable,62
lower_aktanyshbash,pp_nav_00603,navigable,11
selpils,pp_nav_00553,improvable,57
ferrette,pp_nav_00971,improvable,11
cabinda_kongo,pp_nav_02183,navigable,12
cabinda_kongo,pp_nav_02185,navigable,11
meshchersk,pp_nav_00563,navigable,25
meshchersk,pp_nav_00574,navigable,78
meshchersk,pp_nav_00582,navigable,19
raznezhye,pp_nav_00573,navigable,91
raznezhye,pp_nav_00583,improvable,59
raznezhye,pp_nav_00589,navigable,5
bungu_kongo,pp_nav_02178,barrier,35
bungu_kongo,pp_nav_02182,barrier,8
bungu_kongo,pp_nav_02183,navigable,48
malinithan,pp_nav_01670,navigable,17
malinithan,pp_nav_01688,navigable,22
mattawana,pp_nav_01193,navigable,9
martaban,pp_nav_01941,navigable,17
martaban,pp_nav_01946,navigable,21
korenevo,pp_nav_00513,navigable,21
korenevo,pp_nav_00523,navigable,23
hedong,pp_nav_01376,navigable,36
angermunde,pp_nav_00724,navigable,34
starodub_votsky,pp_nav_00582,navigable,29
starodub_votsky,pp_nav_00599,navigable,62
boowe,pp_nav_02078,improvable,15
boowe,pp_nav_02080,navigable,25
tinnaya,pp_nav_00330,improvable,82
tinnaya,pp_nav_00345,navigable,10
jiangjin,pp_nav_01598,improvable,57
jiangjin,pp_nav_01622,improvable,33
dusseldorf,pp_nav_00820,navigable,10
yanchang,pp_nav_01311,improvable,27
yanchang,pp_nav_01324,improvable,4
nam_xuang,pp_nav_01899,navigable,5
nam_xuang,pp_nav_01903,barrier,8
dibang,pp_nav_01640,barrier,69
voznesenskoye,pp_nav_00241,navigable,17
ruicheng,pp_nav_01376,navigable,3
ruicheng,pp_nav_01389,navigable,7
ruicheng,pp_nav_01397,navigable,65
kwerba,pp_nav_02106,navigable,50
futian,pp_nav_01687,navigable,4
mengjin,pp_nav_01390,improvable,2
tywhapita,pp_nav_01263,navigable,1
tywhapita,pp_nav_01268,navigable,75
tywhapita,pp_nav_01272,barrier,16
tywhapita,pp_nav_01273,navigable,32
tywhapita,pp_nav_01278,navigable,11
nipissu,pp_nav_00714,navigable,10
nipissu,pp_nav_00721,improvable,96
nipissu,pp_nav_00723,navigable,42
nipissu,pp_nav_00737,improvable,62
akwe,pp_nav_02209,navigable,74
akwe,pp_nav_02221,navigable,8
shanxian,pp_nav_01389,navigable,37
nong_khay,pp_nav_01924,navigable,10
nong_khay,pp_nav_01933,navigable,47
riverie,pp_nav_01055,improvable,8
riverie,pp_nav_01074,navigable,16
bira,pp_nav_00939,improvable,32
bira,pp_nav_00949,navigable,15
bira,pp_nav_00961,navigable,29
shangjin,pp_nav_01444,barrier,21
shangjin,pp_nav_01446,navigable,5
klewi,pp_nav_00309,navigable,5
klewi,pp_nav_00323,navigable,85
klewi,pp_nav_00336,navigable,86
klewi,pp_nav_00349,navigable,87
dongchuan,pp_nav_01697,navigable,7
dongchuan,pp_nav_01729,barrier,2
yashikumne,pp_nav_01271,navigable,5
novgorod,pp_nav_00414,navigable,9
lingwu,pp_nav_01266,improvable,58
hoilkut,pp_nav_01182,barrier,3
kamassekuakamat,pp_nav_00712,barrier,63
loei,pp_nav_01931,navigable,8
qubodijon,pp_nav_01286,navigable,65
muang_khemarat,pp_nav_01949,navigable,21
muang_khemarat,pp_nav_01951,navigable,47
muang_khemarat,pp_nav_01952,navigable,28
kath,pp_nav_01170,navigable,72
kath,pp_nav_01174,navigable,84
kath,pp_nav_01179,navigable,34
ayays,pp_nav_01386,navigable,12
ayays,pp_nav_01407,navigable,96
ayays,pp_nav_01415,navigable,9
kamyshin,pp_nav_00841,navigable,53
kamyshin,pp_nav_00857,navigable,46
qipcarpak,pp_nav_00246,improvable,31
khamyab,pp_nav_01285,navigable,10
khamyab,pp_nav_01289,navigable,50
khamyab,pp_nav_01295,improvable,9
boduna,pp_nav_01070,navigable,48
boduna,pp_nav_01073,navigable,42
boduna,pp_nav_01080,navigable,76
boduna,pp_nav_01085,navigable,96
boduna,pp_nav_01111,navigable,85
taizhou_jurchen,pp_nav_01008,navigable,43
taizhou_jurchen,pp_nav_01026,navigable,4
pema,pp_nav_01547,barrier,2
pema,pp_nav_01565,barrier,82
wachilmezi,pp_nav_01010,improvable,26
wachilmezi,pp_nav_01020,navigable,13
hkamti,pp_nav_01736,improvable,60
hkamti,pp_nav_01758,navigable,9
stezyca,pp_nav_00784,navigable,38
machecoul,pp_nav_00992,navigable,47
silat,pp_nav_02070,navigable,34
muktagacha,pp_nav_01777,improvable,49
muktagacha,pp_nav_01801,navigable,22
ynakhsyt,pp_nav_00162,navigable,35
ynakhsyt,pp_nav_00174,improvable,38
sutkent,pp_nav_01166,navigable,1
sutkent,pp_nav_01173,navigable,57
sutkent,pp_nav_01180,navigable,57
apoquitaua,pp_nav_02118,navigable,42
apoquitaua,pp_nav_02135,navigable,75
hulin,pp_nav_01006,navigable,11
hulin,pp_nav_01029,navigable,76
hulin,pp_nav_01048,navigable,49
czersk,pp_nav_00757,navigable,43
czersk,pp_nav_00784,navigable,42
wando,pp_nav_01427,navigable,25
wando,pp_nav_01433,navigable,10
weiyuan,pp_nav_01842,navigable,5
guastalla,pp_nav_01101,navigable,32
maping,pp_nav_01812,improvable,22
maping,pp_nav_01826,improvable,27
yor,pp_nav_00787,navigable,6
yor,pp_nav_00800,navigable,77
yor,pp_nav_00818,navigable,66
nyzvar,pp_nav_01165,navigable,7
nyzvar,pp_nav_01170,navigable,44
lyuban,pp_nav_00375,navigable,63
zhongli,pp_nav_01436,navigable,25
zhongli,pp_nav_01443,navigable,46
griesbach,pp_nav_00920,navigable,44
griesbach,pp_nav_00933,improvable,44
dymer,pp_nav_00807,navigable,5
dymer,pp_nav_00826,navigable,29
shiqian,pp_nav_01678,navigable,18
tangkya,pp_nav_01505,navigable,11
mengli,pp_nav_01815,navigable,27
bolghar,pp_nav_00629,navigable,49
bolghar,pp_nav_00635,navigable,82
bolghar,pp_nav_00648,navigable,51
jonang,pp_nav_01604,improvable,64
myshuryn_rih,pp_nav_00902,navigable,8
myshuryn_rih,pp_nav_00907,navigable,47
myshuryn_rih,pp_nav_00912,navigable,6
giurgiu,pp_nav_01139,navigable,66
huolin,pp_nav_01073,navigable,28
casalmaggiore,pp_nav_01101,navigable,8
tanabi,pp_nav_02269,navigable,15
tanabi,pp_nav_02270,navigable,48
tanabi,pp_nav_02271,navigable,36
tanabi,pp_nav_02272,navigable,6
tanabi,pp_nav_02273,navigable,13
tanabi,pp_nav_02275,navigable,68
lensk,pp_nav_00313,navigable,3
lensk,pp_nav_00317,navigable,79
lensk,pp_nav_00333,navigable,47
kyakhtinskii,pp_nav_00443,barrier,92
kyakhtinskii,pp_nav_00463,navigable,100
kyakhtinskii,pp_nav_00472,navigable,98
kyakhtinskii,pp_nav_00477,navigable,89
kyakhtinskii,pp_nav_00503,navigable,22
htamanthi,pp_nav_01775,navigable,67
htamanthi,pp_nav_01797,improvable,59
luneburg,pp_nav_00696,navigable,8
luneburg,pp_nav_00710,navigable,12
yusha,pp_nav_01536,navigable,13
yusha,pp_nav_01542,navigable,7
yusha,pp_nav_01550,navigable,36
rashid,pp_nav_01499,navigable,17
giza,pp_nav_01559,navigable,30
giza,pp_nav_01576,navigable,32
shangyuan,pp_nav_01484,navigable,2
boli,pp_nav_00906,navigable,22
boli,pp_nav_00914,navigable,91
boli,pp_nav_00915,navigable,56
boli,pp_nav_00923,navigable,99
boli,pp_nav_00931,navigable,21
boli,pp_nav_00938,navigable,71
achan,pp_nav_00862,navigable,97
achan,pp_nav_00873,navigable,100
achan,pp_nav_00892,navigable,14
mikkwa,pp_nav_00398,improvable,90
mikkwa,pp_nav_00407,navigable,93
mikkwa,pp_nav_00415,navigable,96
mikkwa,pp_nav_00428,improvable,56
maskwa,pp_nav_00854,improvable,68
maskwa,pp_nav_00855,improvable,81
maskwa,pp_nav_00856,navigable,1
aizkraukle,pp_nav_00545,navigable,66
aizkraukle,pp_nav_00553,improvable,18
chilia,pp_nav_01079,navigable,33
jingling,pp_nav_01536,navigable,42
jingling,pp_nav_01550,navigable,30
dannenberg,pp_nav_00710,navigable,86
dannenberg,pp_nav_00726,navigable,14
bagayevskaya,pp_nav_00982,improvable,43
yemetsk,pp_nav_00175,navigable,38
naxi,pp_nav_01627,improvable,16
yongchuan,pp_nav_01622,improvable,44
tarascon,pp_nav_01134,improvable,18
muchuan,pp_nav_01597,barrier,12
muchuan,pp_nav_01608,navigable,8
jiangling,pp_nav_01554,navigable,5
jiangling,pp_nav_01560,improvable,59
jiangling,pp_nav_01575,navigable,9
onimgohow,pp_nav_01218,barrier,17
onimgohow,pp_nav_01228,improvable,51
onimgohow,pp_nav_01238,navigable,4
chojna,pp_nav_00724,navigable,38
chojna,pp_nav_00743,navigable,44
yamachiche,pp_nav_01011,barrier,30
iguape,pp_nav_02297,navigable,21
swiecie,pp_nav_00686,navigable,8
swiecie,pp_nav_00706,navigable,35
ust_medveditskaya,pp_nav_00881,navigable,74
zhaohua,pp_nav_01468,improvable,44
yurimagua,pp_nav_02181,navigable,29
yurimagua,pp_nav_02184,navigable,48
yurimagua,pp_nav_02186,navigable,14
vilyuy,pp_nav_00152,improvable,19
amyint,pp_nav_01873,navigable,47
amyint,pp_nav_01876,navigable,48
amyint,pp_nav_01877,navigable,3
amyint,pp_nav_01880,navigable,10
srok_khleang,pp_nav_01965,navigable,11
srok_khleang,pp_nav_01967,navigable,27
saleesh,pp_nav_00966,navigable,85
saleesh,pp_nav_00985,navigable,27
kele,pp_nav_00165,improvable,49
kele,pp_nav_00170,navigable,35
kele,pp_nav_00171,navigable,54
witym,pp_nav_00372,navigable,38
witym,pp_nav_00383,navigable,96
witym,pp_nav_00402,navigable,97
shishou,pp_nav_01575,navigable,58
negoot,pp_nav_01013,improvable,15
dinkot,pp_nav_01428,navigable,10
dinkot,pp_nav_01442,navigable,38
dinkot,pp_nav_01465,navigable,26
vijayapur,pp_nav_01708,improvable,38
nkee_us,pp_nav_00984,barrier,28
nkee_us,pp_nav_01004,barrier,4
koasati,pp_nav_01394,navigable,20
koasati,pp_nav_01396,navigable,60
koasati,pp_nav_01401,improvable,38
khosheutovo,pp_nav_01007,navigable,85
khosheutovo,pp_nav_01025,navigable,18
chucalissa,pp_nav_01347,improvable,7
chucalissa,pp_nav_01362,navigable,72
sanshui,pp_nav_01861,navigable,17
moapa,pp_nav_01336,navigable,76
lingling,pp_nav_01740,improvable,8
santo_antonio,pp_nav_02301,barrier,58
santo_antonio,pp_nav_02302,improvable,20
santo_antonio,pp_nav_02303,barrier,11
tayaccasa,pp_nav_02242,improvable,7
ekwentondie,pp_nav_01020,navigable,53
bruck_leitha,pp_nav_00941,improvable,4
bruck_leitha,pp_nav_00946,improvable,5
illecillewaet,pp_nav_00839,improvable,3
byuteydyakh,pp_nav_00156,navigable,42
byuteydyakh,pp_nav_00160,navigable,99
byuteydyakh,pp_nav_00162,navigable,8
dzogon,pp_nav_01567,navigable,4
blackwater,pp_nav_00125,improvable,2
blackwater,pp_nav_00131,improvable,95
blackwater,pp_nav_00143,improvable,85
nedong,pp_nav_01611,navigable,15
nedong,pp_nav_01615,improvable,19
donglan,pp_nav_01799,barrier,43
donglan,pp_nav_01820,navigable,54
jalalabad,pp_nav_01402,improvable,43
jalalabad,pp_nav_01409,improvable,5
isakhel,pp_nav_01428,navigable,10
isakhel,pp_nav_01442,navigable,41
bhind,pp_nav_01709,navigable,39
bhind,pp_nav_01721,navigable,15
chamo,pp_nav_02263,navigable,61
chamo,pp_nav_02264,navigable,6
shahpur,pp_nav_01464,navigable,18
shahpur,pp_nav_01476,navigable,17
rath,pp_nav_01753,navigable,37
rasyal,pp_nav_01432,navigable,17
rasyal,pp_nav_01438,improvable,7
chishtian,pp_nav_01543,navigable,21
chishtian,pp_nav_01561,navigable,43
mankera,pp_nav_01494,navigable,30
mankera,pp_nav_01513,navigable,7
north_buganda,pp_nav_02069,improvable,8
chunar,pp_nav_01772,navigable,16
chunar,pp_nav_01773,navigable,50
chunar,pp_nav_01790,navigable,16
hala,pp_nav_01752,navigable,42
ugbodu,pp_nav_02010,navigable,7
ugbodu,pp_nav_02018,navigable,53
warri,pp_nav_02029,navigable,21
warri,pp_nav_02036,navigable,59
faras,pp_nav_01870,barrier,37
faras,pp_nav_01875,barrier,98
faras,pp_nav_01881,barrier,27
rovaniemi,pp_nav_00060,improvable,18
rovaniemi,pp_nav_00068,navigable,96
rovaniemi,pp_nav_00075,improvable,57
puyang,pp_nav_01356,navigable,47
oohl,pp_nav_01182,barrier,55
cumaribo,pp_nav_02032,navigable,58
cumaribo,pp_nav_02034,navigable,37
hamar,pp_nav_00347,navigable,35
rangpur_bengal,pp_nav_01756,improvable,12
rangpur_bengal,pp_nav_01777,improvable,21
thoulakhom,pp_nav_01921,navigable,10
thoulakhom,pp_nav_01924,navigable,20
hutton,pp_nav_00676,barrier,12
shadodkot,pp_nav_01681,navigable,46
kabachischi,pp_nav_00588,navigable,49
kabachischi,pp_nav_00605,navigable,10
lodose,pp_nav_00455,improvable,27
khanda,pp_nav_00233,improvable,5
khanda,pp_nav_00251,navigable,94
khanda,pp_nav_00267,navigable,75
moneton,pp_nav_01254,improvable,1
skardu,pp_nav_01358,barrier,95
skardu,pp_nav_01372,barrier,57
tulita,pp_nav_00115,navigable,2
tulita,pp_nav_00125,improvable,94
tulita,pp_nav_00131,improvable,5
qikirtajuaq,pp_nav_00452,navigable,29
nytva,pp_nav_00435,improvable,27
nytva,pp_nav_00454,navigable,73
nytva,pp_nav_00458,improvable,40
nytva,pp_nav_00474,navigable,79
yakesa,pp_nav_00695,improvable,8
yakesa,pp_nav_00697,improvable,49
yakesa,pp_nav_00713,navigable,47
yakesa,pp_nav_00720,improvable,53
yakesa,pp_nav_00731,navigable,56
yakesa,pp_nav_00741,navigable,27
curuai,pp_nav_02097,navigable,9
curuai,pp_nav_02102,navigable,62
curuai,pp_nav_02107,navigable,20
curuai,pp_nav_02110,navigable,67
bengmara,pp_nav_01657,improvable,9
bengmara,pp_nav_01665,improvable,15
bengmara,pp_nav_01670,navigable,26
jinkang,pp_nav_01860,improvable,26
n_pooh_le,pp_nav_00925,improvable,44
n_pooh_le,pp_nav_00944,improvable,96
n_pooh_le,pp_nav_00953,improvable,77
n_pooh_le,pp_nav_00954,improvable,14
yongning_baisheng,pp_nav_01671,navigable,24
yongning_baisheng,pp_nav_01689,navigable,28
mbanza_soyo,pp_nav_02183,navigable,11
mbanza_soyo,pp_nav_02185,navigable,11
xindi,pp_nav_01553,navigable,9
xindi,pp_nav_01570,improvable,44
xindi,pp_nav_01580,navigable,26
aklaviq,pp_nav_00028,navigable,55
calafat,pp_nav_01131,navigable,19
calafat,pp_nav_01141,navigable,39
kletskaya,pp_nav_00881,navigable,9
kletskaya,pp_nav_00889,navigable,20
pecatonica,pp_nav_01172,navigable,15
parepona,pp_nav_02009,navigable,101
parepona,pp_nav_02014,improvable,27
zadian,pp_nav_01295,improvable,41
zadian,pp_nav_01301,navigable,5
indrapura_khmer,pp_nav_01960,navigable,24
indrapura_khmer,pp_nav_01961,navigable,41
igushiq,pp_nav_00395,navigable,11
wuxian_liuzhou,pp_nav_01826,improvable,5
wuxian_liuzhou,pp_nav_01840,navigable,37
wuxian_liuzhou,pp_nav_01852,navigable,34
buda,pp_nav_00958,improvable,18
buda,pp_nav_00969,improvable,22
canindeyu,pp_nav_02292,navigable,35
canindeyu,pp_nav_02295,navigable,55
kamla,pp_nav_01660,barrier,19
kamla,pp_nav_01668,navigable,16
nazym,pp_nav_00211,navigable,42
nazym,pp_nav_00220,navigable,94
nazym,pp_nav_00229,improvable,17
yemelyanovo,pp_nav_00530,navigable,42
yemelyanovo,pp_nav_00554,improvable,46
yemelyanovo,pp_nav_00572,navigable,44
yemelyanovo,pp_nav_00594,improvable,50
yemelyanovo,pp_nav_00608,navigable,30
gongxian,pp_nav_01383,navigable,5
gongxian,pp_nav_01390,improvable,16
esztergom,pp_nav_00958,improvable,36
esztergom,pp_nav_00965,navigable,29
jomda,pp_nav_01505,navigable,18
llenllenet_ten,pp_nav_00764,improvable,38
llenllenet_ten,pp_nav_00794,navigable,15
pengze,pp_nav_01558,navigable,27
sarapul,pp_nav_00543,navigable,24
sarapul,pp_nav_00559,navigable,63
sarapul,pp_nav_00591,navigable,45
sarapul,pp_nav_00597,navigable,19
sarapul,pp_nav_00603,navigable,24
hazarasp,pp_nav_01179,navigable,61
bikoro,pp_nav_02122,navigable,24
bikoro,pp_nav_02123,navigable,42
dyryn_ebe,pp_nav_00039,navigable,12
dyryn_ebe,pp_nav_00041,navigable,4
aarau,pp_nav_00971,improvable,27
aarau,pp_nav_00973,barrier,23
taksimo,pp_nav_00556,navigable,41
songzi,pp_nav_01535,improvable,11
songzi,pp_nav_01554,navigable,55
yelovo,pp_nav_00527,navigable,48
yelovo,pp_nav_00533,navigable,18
tapirape,pp_nav_02224,navigable,27
tapirape,pp_nav_02228,navigable,30
payette,pp_nav_01118,navigable,19
payette,pp_nav_01130,improvable,5
ganxian,pp_nav_01731,barrier,32
ganxian,pp_nav_01761,improvable,51
koroa,pp_nav_01426,navigable,28
koroa,pp_nav_01440,navigable,63
gromatukha,pp_nav_00734,navigable,20
gromatukha,pp_nav_00747,improvable,93
gromatukha,pp_nav_00765,improvable,96
gromatukha,pp_nav_00787,navigable,74
lingzhou,pp_nav_01251,navigable,13
lingzhou,pp_nav_01266,improvable,31
samye,pp_nav_01611,navigable,61
tethul,pp_nav_00349,navigable,7
tethul,pp_nav_00360,navigable,98
tethul,pp_nav_00380,navigable,37
tethul,pp_nav_00391,navigable,10
suki,pp_nav_02196,navigable,46
suki,pp_nav_02199,navigable,42
kaibab,pp_nav_01304,navigable,52
kaibab,pp_nav_01313,navigable,93
kaibab,pp_nav_01325,navigable,15
cahokia,pp_nav_01246,navigable,8
fengdu,pp_nav_01549,navigable,9
fengdu,pp_nav_01573,barrier,45
hogehege,pp_nav_01374,navigable,11
hogehege,pp_nav_01391,navigable,58
hogehege,pp_nav_01396,navigable,17
dzhuk,pp_nav_00725,barrier,59
dzhuk,pp_nav_00744,improvable,44
simmern,pp_nav_00850,barrier,19
simmern,pp_nav_00864,improvable,4
tala_kyuyel,pp_nav_00074,improvable,89
tala_kyuyel,pp_nav_00087,navigable,9
laish,pp_nav_00629,navigable,20
laish,pp_nav_00635,navigable,25
sangamon,pp_nav_01210,navigable,40
sangamon,pp_nav_01222,navigable,18
ethapetha,pp_nav_01228,improvable,4
ethapetha,pp_nav_01238,navigable,52
ethapetha,pp_nav_01243,improvable,44
ethapetha,pp_nav_01257,improvable,54
ust_pinega,pp_nav_00137,navigable,70
ust_pinega,pp_nav_00146,navigable,8
macaregua,pp_nav_01977,navigable,69
macaregua,pp_nav_01978,navigable,49
macaregua,pp_nav_01991,navigable,22
outapimiskou,pp_nav_00934,barrier,12
outapimiskou,pp_nav_00940,navigable,17
osa,pp_nav_00514,navigable,16
osa,pp_nav_00527,navigable,4
selimbau,pp_nav_02070,navigable,48
putao,pp_nav_01693,navigable,57
kuarepoti,pp_nav_02293,improvable,54
kuarepoti,pp_nav_02296,navigable,60
shaharpara,pp_nav_01793,navigable,11
shaharpara,pp_nav_01803,navigable,11
shaharpara,pp_nav_01813,navigable,29
shaharpara,pp_nav_01814,navigable,16
nehantuck,pp_nav_01176,improvable,55
misha_shipu,pp_nav_00714,navigable,89
susitna,pp_nav_00242,improvable,11
mantova,pp_nav_01101,navigable,43
tamaroa,pp_nav_01227,navigable,5
tamaroa,pp_nav_01236,navigable,68
tamaroa,pp_nav_01242,navigable,34
tamaroa,pp_nav_01246,navigable,76
tamaroa,pp_nav_01250,navigable,97
tamaroa,pp_nav_01258,navigable,40
turnu_magurele,pp_nav_01145,improvable,20
lodi,pp_nav_01097,navigable,25
akinka_nup,pp_nav_00879,navigable,64
salay,pp_nav_01888,navigable,43
salay,pp_nav_01895,navigable,2
dipayal,pp_nav_01626,navigable,11
abrahamtelke,pp_nav_00969,improvable,25
abrahamtelke,pp_nav_01001,navigable,7
sadiya,pp_nav_01640,barrier,28
sadiya,pp_nav_01657,improvable,24
sadiya,pp_nav_01661,barrier,24
sadiya,pp_nav_01665,improvable,57
sadiya,pp_nav_01670,navigable,8
aiwanj,pp_nav_01286,navigable,3
aiwanj,pp_nav_01301,navigable,57
aiwanj,pp_nav_01308,improvable,48
lanyang,pp_nav_01373,navigable,18
lanyang,pp_nav_01387,navigable,18
damanhur,pp_nav_01499,navigable,31
damanhur,pp_nav_01527,navigable,14
damanhur,pp_nav_01531,navigable,4
atfih,pp_nav_01576,navigable,53
atfih,pp_nav_01599,navigable,14
qus,pp_nav_01749,navigable,34
qena,pp_nav_01715,navigable,4
qena,pp_nav_01744,navigable,47
qena,pp_nav_01749,navigable,18
busoga,pp_nav_02069,improvable,11
nantes,pp_nav_00990,navigable,30
nantes,pp_nav_00992,navigable,37
samarra,pp_nav_01380,improvable,10
samarra,pp_nav_01405,navigable,66
samarra,pp_nav_01416,navigable,5
baghdad,pp_nav_01425,navigable,75
baghdad,pp_nav_01429,navigable,57
baghdad,pp_nav_01445,navigable,1
dayr_aqul,pp_nav_01425,navigable,8
dayr_aqul,pp_nav_01441,navigable,68
dayr_aqul,pp_nav_01450,navigable,50
dayr_aqul,pp_nav_01455,navigable,32
abdas,pp_nav_01479,navigable,28
abdas,pp_nav_01493,navigable,47
abdas,pp_nav_01518,navigable,13
tabqah,pp_nav_01333,navigable,6
tabqah,pp_nav_01346,navigable,50
tabqah,pp_nav_01352,navigable,34
raqqa,pp_nav_01346,navigable,60
raqqa,pp_nav_01352,navigable,55
jean_marie_river,pp_nav_00258,improvable,81
jean_marie_river,pp_nav_00280,navigable,14
lyskovo,pp_nav_00583,improvable,50
lyskovo,pp_nav_00589,navigable,12
lujiang,pp_nav_01748,improvable,20
lujiang,pp_nav_01781,navigable,82
chelmno,pp_nav_00686,navigable,3
chelmno,pp_nav_00706,navigable,45
chelmno,pp_nav_00729,navigable,3
nandan,pp_nav_01799,barrier,17
shar_yelpuk,pp_nav_01521,barrier,78
shar_yelpuk,pp_nav_01552,navigable,56
bensheim,pp_nav_00872,navigable,8
xingyang,pp_nav_01383,navigable,28
baode,pp_nav_01229,navigable,15
baode,pp_nav_01245,navigable,24
oppenheim,pp_nav_00864,improvable,2
oppenheim,pp_nav_00869,navigable,8
aha_macav,pp_nav_01371,navigable,91
aha_macav,pp_nav_01395,navigable,91
hinthada,pp_nav_01934,navigable,48
hinthada,pp_nav_01940,navigable,20
birches,pp_nav_00104,navigable,65
birches,pp_nav_00113,barrier,79
vitim,pp_nav_00372,navigable,16
vitim,pp_nav_00389,navigable,96
vitim,pp_nav_00394,navigable,8
chach,pp_nav_01180,navigable,4
chach,pp_nav_01187,navigable,87
bazas,pp_nav_01124,improvable,68
sreepur,pp_nav_01827,navigable,46
sreepur,pp_nav_01839,navigable,17
tongzhou,pp_nav_01376,navigable,32
kamyskala,pp_nav_01114,navigable,58
namhkan,pp_nav_01845,navigable,72
birma,pp_nav_00775,improvable,11
birma,pp_nav_00787,navigable,27
birma,pp_nav_00800,navigable,50
birma,pp_nav_00818,navigable,50
birma,pp_nav_00832,navigable,52
gaur,pp_nav_01780,improvable,8
gaur,pp_nav_01783,navigable,13
gaur,pp_nav_01795,navigable,52
gaur,pp_nav_01818,navigable,13
lahasusu,pp_nav_00931,navigable,77
lahasusu,pp_nav_00938,navigable,21
lahasusu,pp_nav_00939,improvable,82
lahasusu,pp_nav_00949,navigable,88
lahasusu,pp_nav_00961,navigable,20
lahasusu,pp_nav_00963,navigable,31
lahasusu,pp_nav_00970,navigable,22
mongping,pp_nav_01878,improvable,17
mongping,pp_nav_01885,improvable,55
mongping,pp_nav_01890,barrier,9
hequ,pp_nav_01219,navigable,10
hequ,pp_nav_01229,navigable,32
nijmegen,pp_nav_00781,navigable,38
winnee,pp_nav_01422,navigable,6
winnee,pp_nav_01427,navigable,37
nashwaak,pp_nav_01052,navigable,2
bir_amur,pp_nav_00741,navigable,32
bir_amur,pp_nav_00753,navigable,55
bir_amur,pp_nav_00768,improvable,53
bir_amur,pp_nav_00791,improvable,65
bir_amur,pp_nav_00812,navigable,58
bir_amur,pp_nav_00831,navigable,61
bir_amur,pp_nav_00832,navigable,35
bir_amur,pp_nav_00848,improvable,67
bir_amur,pp_nav_00851,navigable,20
tamalameque,pp_nav_01972,navigable,15
xincheng,pp_nav_01701,improvable,57
xincheng,pp_nav_01717,improvable,34
daklha_gampo,pp_nav_01615,improvable,20
daklha_gampo,pp_nav_01619,barrier,42
daklha_gampo,pp_nav_01621,navigable,72
aroostook,pp_nav_01013,improvable,18
emei,pp_nav_01597,barrier,21
emei,pp_nav_01610,barrier,2
emei,pp_nav_01613,barrier,59
namling,pp_nav_01605,improvable,31
watappo,pp_nav_01538,navigable,28
watappo,pp_nav_01571,navigable,63
lauenburg,pp_nav_00696,navigable,14
lauenburg,pp_nav_00710,navigable,6
pabna,pp_nav_01825,navigable,24
pabna,pp_nav_01827,navigable,23
pabna,pp_nav_01839,navigable,25
wloclawek,pp_nav_00738,improvable,30
hengyang,pp_nav_01701,improvable,31
ryazan,pp_nav_00654,navigable,19
ryazan,pp_nav_00665,navigable,22
that_phanom,pp_nav_01938,navigable,7
that_phanom,pp_nav_01945,navigable,16
srebrenik,pp_nav_01098,navigable,33
srebrenik,pp_nav_01107,navigable,34
palembang,pp_nav_02108,navigable,23
palembang,pp_nav_02121,navigable,21
poskatinak,pp_nav_00540,navigable,78
poskatinak,pp_nav_00555,improvable,98
poskatinak,pp_nav_00560,improvable,40
gongkar,pp_nav_01606,improvable,3
gongkar,pp_nav_01609,improvable,86
gongkar,pp_nav_01611,navigable,19
dep,pp_nav_00709,navigable,10
dep,pp_nav_00734,navigable,28
ballia,pp_nav_01743,navigable,24
ballia,pp_nav_01759,navigable,41
ballia,pp_nav_01764,improvable,33
ballia,pp_nav_01767,navigable,7
salyan,pp_nav_01220,navigable,41
varanasi,pp_nav_01773,navigable,35
varanasi,pp_nav_01785,navigable,8
varanasi,pp_nav_01790,navigable,34
dera_ismail_khan,pp_nav_01465,navigable,45
dera_ismail_khan,pp_nav_01482,navigable,36
kothagudem,pp_nav_01937,navigable,18
kishtwar,pp_nav_01432,navigable,22
kishtwar,pp_nav_01435,navigable,51
central_meetto,pp_nav_02237,navigable,5
kashmore,pp_nav_01639,navigable,21
kashmore,pp_nav_01652,navigable,39
mikindani,pp_nav_02230,navigable,55
mikindani,pp_nav_02232,improvable,52
windsor,pp_nav_00798,improvable,41
etawah,pp_nav_01709,navigable,34
etawah,pp_nav_01721,navigable,42
asadabad_kunar,pp_nav_01402,improvable,9
banihal,pp_nav_01432,navigable,23
kantit,pp_nav_01785,navigable,25
kantit,pp_nav_01790,navigable,22
sherwan,pp_nav_01410,improvable,19
massanza,pp_nav_02255,navigable,79
massanza,pp_nav_02256,improvable,71
massanza,pp_nav_02258,navigable,11
pubungu,pp_nav_02054,navigable,69
pubungu,pp_nav_02056,improvable,93
pubungu,pp_nav_02061,improvable,51
pubungu,pp_nav_02063,navigable,15
massangano,pp_nav_02260,improvable,24
massangano,pp_nav_02261,improvable,13
konch,pp_nav_01721,navigable,36
konch,pp_nav_01741,navigable,14
lapai,pp_nav_01975,navigable,15
ozoro,pp_nav_02018,navigable,15
ozoro,pp_nav_02029,navigable,28
nupeko,pp_nav_01973,navigable,48
nupeko,pp_nav_01975,navigable,69
ed_damer,pp_nav_01927,navigable,23
ed_damer,pp_nav_01939,navigable,65
mandisobi,pp_nav_02344,navigable,31
mandisobi,pp_nav_02346,navigable,52
mandisobi,pp_nav_02348,navigable,88
mandisobi,pp_nav_02352,navigable,5
yingde,pp_nav_01815,navigable,62
yingde,pp_nav_01832,improvable,34
nizhny_chir,pp_nav_00905,navigable,17
nizhny_chir,pp_nav_00918,navigable,80
kaltag,pp_nav_00130,improvable,96
kaltag,pp_nav_00144,improvable,68
metabetchouane,pp_nav_00886,improvable,6
kariri,pp_nav_02223,improvable,19
kariri,pp_nav_02226,navigable,11
jiazhou,pp_nav_01264,navigable,30
jiazhou,pp_nav_01274,barrier,54
jiazhou,pp_nav_01293,navigable,12
jiangning,pp_nav_01484,navigable,13
taixing,pp_nav_01471,navigable,9
taixing,pp_nav_01478,navigable,9
lichiresti,pp_nav_01133,navigable,4
lichiresti,pp_nav_01135,improvable,37
shouchun,pp_nav_01453,navigable,58
shouchun,pp_nav_01461,navigable,4
jiande,pp_nav_01579,navigable,47
chesnokovka,pp_nav_00698,navigable,37
chesnokovka,pp_nav_00707,navigable,50
tarrana,pp_nav_01531,navigable,24
tarrana,pp_nav_01559,navigable,15
khantayskoye,pp_nav_00036,navigable,95
khantayskoye,pp_nav_00040,navigable,98
khantayskoye,pp_nav_00049,navigable,96
khantayskoye,pp_nav_00051,barrier,96
khantayskoye,pp_nav_00057,navigable,98
khantayskoye,pp_nav_00059,navigable,91
khantayskoye,pp_nav_00065,navigable,94
khantayskoye,pp_nav_00072,navigable,46
belabo,pp_nav_01807,navigable,24
belabo,pp_nav_01822,navigable,22
belabo,pp_nav_01833,navigable,10
kansas,pp_nav_01235,navigable,25
badong,pp_nav_01517,barrier,22
badong,pp_nav_01520,barrier,17
ust_tsilma,pp_nav_00093,improvable,82
andar,pp_nav_01743,navigable,14
andar,pp_nav_01759,navigable,34
callamaco,pp_nav_01379,navigable,61
callamaco,pp_nav_01394,navigable,73
solovtsovo,pp_nav_00718,navigable,13
solovtsovo,pp_nav_00735,navigable,18
reka_tuba,pp_nav_00441,improvable,12
reka_tuba,pp_nav_00485,improvable,6
inowroclaw,pp_nav_00729,navigable,37
inowroclaw,pp_nav_00738,improvable,8
gorkovskoye,pp_nav_00571,navigable,47
gorkovskoye,pp_nav_00598,navigable,42
cuttawba,pp_nav_01240,improvable,71
cuttawba,pp_nav_01241,navigable,73
cuttawba,pp_nav_01248,navigable,55
cuttawba,pp_nav_01252,barrier,49
orocue,pp_nav_02042,navigable,60
orocue,pp_nav_02046,navigable,39
mariua,pp_nav_02087,navigable,16
mariua,pp_nav_02090,navigable,86
mariua,pp_nav_02094,navigable,33
mariua,pp_nav_02101,navigable,9
jekabpils,pp_nav_00553,improvable,26
wenatchi,pp_nav_00957,barrier,44
wenatchi,pp_nav_00980,barrier,78
wenatchi,pp_nav_00984,barrier,40
lanzhou,pp_nav_01322,improvable,72
lanzhou,pp_nav_01334,navigable,44
lanzhou,pp_nav_01339,navigable,21
sanggau,pp_nav_02075,navigable,76
sanggau,pp_nav_02077,navigable,12
siberia_abalak,pp_nav_00456,navigable,77
siberia_abalak,pp_nav_00459,navigable,98
siberia_abalak,pp_nav_00461,navigable,50
siberia_abalak,pp_nav_00462,navigable,12
siberia_abalak,pp_nav_00465,navigable,53
siberia_abalak,pp_nav_00470,navigable,34
enselxcin,pp_nav_00908,navigable,89
enselxcin,pp_nav_00925,improvable,36
pawwikamsipi,pp_nav_01265,navigable,53
suzun,pp_nav_00660,navigable,9
suzun,pp_nav_00670,navigable,48
suzun,pp_nav_00677,navigable,45
suzun,pp_nav_00688,navigable,48
suzun,pp_nav_00692,navigable,56
suzun,pp_nav_00698,navigable,28
dingqiang,pp_nav_01334,navigable,54
dingqiang,pp_nav_01344,barrier,92
dingqiang,pp_nav_01350,barrier,7
sangme,pp_nav_01623,barrier,47
sangme,pp_nav_01647,navigable,23
lewekeomi,pp_nav_01252,barrier,13
lewekeomi,pp_nav_01263,navigable,69
uberaba,pp_nav_02272,navigable,33
kezhma,pp_nav_00404,navigable,96
kezhma,pp_nav_00405,navigable,99
kezhma,pp_nav_00409,navigable,2
kezhma,pp_nav_00411,navigable,38
omaha,pp_nav_01175,navigable,89
omaha,pp_nav_01181,navigable,91
omaha,pp_nav_01189,navigable,27
chyormoz,pp_nav_00392,navigable,14
chyormoz,pp_nav_00412,navigable,38
chyormoz,pp_nav_00435,improvable,44
mobaye,pp_nav_02045,navigable,38
mobaye,pp_nav_02049,navigable,27
mobaye,pp_nav_02050,navigable,9
mobaye,pp_nav_02051,navigable,11
klyuchi,pp_nav_00561,navigable,95
klyuchi,pp_nav_00568,navigable,26
vienne,pp_nav_01055,improvable,49
vienne,pp_nav_01074,navigable,51
afikpo,pp_nav_02028,navigable,15
lyubichi,pp_nav_00647,navigable,32
lyubichi,pp_nav_00654,navigable,27
curitibanos,pp_nav_02322,barrier,35
xiangru,pp_nav_01509,improvable,47
abingdon,pp_nav_00788,improvable,38
abingdon,pp_nav_00792,improvable,14
karymkary,pp_nav_00180,navigable,6
karymkary,pp_nav_00196,navigable,16
karymkary,pp_nav_00199,navigable,88
karymkary,pp_nav_00211,navigable,54
ziryanka,pp_nav_00087,navigable,82
ziryanka,pp_nav_00096,navigable,81
k_alii_xkalaan,pp_nav_00596,improvable,99
k_alii_xkalaan,pp_nav_00623,improvable,33
romang,pp_nav_02332,navigable,40
romang,pp_nav_02339,navigable,95
romang,pp_nav_02345,navigable,54
nishnabotna,pp_nav_01181,navigable,1
nishnabotna,pp_nav_01189,navigable,10
gurupatuba,pp_nav_02100,navigable,43
fengjie,pp_nav_01517,barrier,17
fengjie,pp_nav_01523,barrier,39
siang,pp_nav_01617,barrier,3
siang,pp_nav_01632,navigable,84
siang,pp_nav_01649,barrier,54
chymnaii,pp_nav_00217,improvable,4
chymnaii,pp_nav_00233,improvable,84
chymnaii,pp_nav_00251,navigable,8
diaomen,pp_nav_01551,barrier,32
diaomen,pp_nav_01582,barrier,45
shilovo,pp_nav_00659,navigable,3
shilovo,pp_nav_00669,improvable,14
boma,pp_nav_02091,navigable,39
boma,pp_nav_02098,navigable,7
umuarama,pp_nav_02289,navigable,79
umuarama,pp_nav_02291,improvable,34
umuarama,pp_nav_02292,navigable,46
umuarama,pp_nav_02294,navigable,52
shayang,pp_nav_01506,navigable,13
shayang,pp_nav_01536,navigable,18
ostrechiny,pp_nav_00296,navigable,95
ostrechiny,pp_nav_00303,improvable,19
orlov,pp_nav_00438,navigable,3
biobio,pp_nav_02371,barrier,4
biobio,pp_nav_02372,improvable,3
xiaxian,pp_nav_01378,navigable,8
maganasipi,pp_nav_01030,navigable,45
maganasipi,pp_nav_01036,barrier,6
khulm,pp_nav_01301,navigable,41
khulm,pp_nav_01308,improvable,5
lingbao,pp_nav_01389,navigable,7
lingbao,pp_nav_01397,navigable,17
runyan,pp_nav_01659,barrier,11
heves,pp_nav_00955,navigable,15
heves,pp_nav_00981,navigable,90
heves,pp_nav_00997,navigable,3
puqi,pp_nav_01570,improvable,4
puqi,pp_nav_01580,navigable,8
kagawask,pp_nav_00816,improvable,67
kagawask,pp_nav_00828,navigable,9
pinglu,pp_nav_01378,navigable,7
pinglu,pp_nav_01389,navigable,66
thatta,pp_nav_01774,navigable,3
thatta,pp_nav_01800,navigable,34
vorontsovo,pp_nav_00006,navigable,12
vorontsovo,pp_nav_00008,navigable,98
vorontsovo,pp_nav_00010,navigable,11
vorontsovo,pp_nav_00011,navigable,20
paranaiba,pp_nav_02268,navigable,8
paranaiba,pp_nav_02269,navigable,54
paranaiba,pp_nav_02273,navigable,2
paranaiba,pp_nav_02275,navigable,46
paranaiba,pp_nav_02277,improvable,12
barpeta,pp_nav_01745,navigable,13
barpeta,pp_nav_01746,improvable,3
aksay,pp_nav_00918,navigable,16
aksay,pp_nav_00942,navigable,12
srednyaya_akhtuba,pp_nav_00895,navigable,47
srednyaya_akhtuba,pp_nav_00911,barrier,20
srednyaya_akhtuba,pp_nav_00913,navigable,16
srednyaya_akhtuba,pp_nav_00926,navigable,8
mianchi,pp_nav_01378,navigable,27
mianchi,pp_nav_01389,navigable,5
bohan,pp_nav_02348,navigable,7
bohan,pp_nav_02352,navigable,89
bohan,pp_nav_02356,navigable,85
bohan,pp_nav_02360,navigable,4
bohan,pp_nav_02362,navigable,13
bares,pp_nav_02101,navigable,57
bares,pp_nav_02104,navigable,96
bares,pp_nav_02116,navigable,24
upper_ob,pp_nav_00304,navigable,5
upper_ob,pp_nav_00316,navigable,96
upper_ob,pp_nav_00325,navigable,98
upper_ob,pp_nav_00334,navigable,90
upper_ob,pp_nav_00348,navigable,88
upper_ob,pp_nav_00361,navigable,96
upper_ob,pp_nav_00376,improvable,98
upper_ob,pp_nav_00381,navigable,77
upper_ob,pp_nav_00393,improvable,83
gostynin,pp_nav_00748,navigable,13
tsangdram,pp_nav_01605,improvable,41
tsangdram,pp_nav_01606,improvable,16
conewago,pp_nav_01205,navigable,5
conewago,pp_nav_01215,navigable,1
kysyl_syr,pp_nav_00202,navigable,9
kysyl_syr,pp_nav_00212,navigable,10
kysyl_syr,pp_nav_00221,navigable,6
kysyl_syr,pp_nav_00227,navigable,8
thakhek,pp_nav_01922,navigable,11
thakhek,pp_nav_01932,navigable,47
thakhek,pp_nav_01938,navigable,33
qingjian,pp_nav_01293,navigable,54
qingjian,pp_nav_01311,improvable,2
metica,pp_nav_02046,navigable,9
myitkyina,pp_nav_01750,barrier,2
myitkyina,pp_nav_01770,improvable,48
myitkyina,pp_nav_01787,navigable,36
myitkyina,pp_nav_01794,navigable,11
qingyuan,pp_nav_01832,improvable,43
qingyuan,pp_nav_01849,navigable,26
kanawha,pp_nav_01238,navigable,65
kanawha,pp_nav_01243,improvable,73
kanawha,pp_nav_01254,improvable,54
kanawha,pp_nav_01257,improvable,36
cherdakly,pp_nav_00663,navigable,40
cherdakly,pp_nav_00673,navigable,66
cherdakly,pp_nav_00684,navigable,18
snk_mip,pp_nav_00839,improvable,76
snk_mip,pp_nav_00859,navigable,40
curumanao,pp_nav_01972,navigable,20
curumanao,pp_nav_01978,navigable,15
chekmagush,pp_nav_00625,navigable,51
chekmagush,pp_nav_00636,navigable,67
chekmagush,pp_nav_00641,navigable,9
natastan,pp_nav_00808,improvable,14
asanas,pp_nav_01114,navigable,4
yilong,pp_nav_01509,improvable,9
mingsha,pp_nav_01266,improvable,6
mingsha,pp_nav_01282,improvable,71
marxa,pp_nav_00324,navigable,56
marxa,pp_nav_00326,navigable,25
marxa,pp_nav_00328,navigable,24
wanquan,pp_nav_01355,improvable,23
hwalbay,pp_nav_01331,navigable,31
hwalbay,pp_nav_01336,navigable,2
wayustikw,pp_nav_00544,improvable,43
wayustikw,pp_nav_00565,barrier,94
wayustikw,pp_nav_00593,barrier,2
fuchuan_ningxia,pp_nav_01290,improvable,6
fuchuan_ningxia,pp_nav_01302,navigable,51
fuchuan_ningxia,pp_nav_01315,improvable,95
landau,pp_nav_00910,improvable,64
landau,pp_nav_00919,improvable,12
landau,pp_nav_00920,navigable,18
uraqai,pp_nav_01191,navigable,28
uraqai,pp_nav_01192,navigable,92
uraqai,pp_nav_01203,navigable,35
kinozhesipi,pp_nav_01057,navigable,59
kinozhesipi,pp_nav_01066,improvable,44
dhading,pp_nav_01667,improvable,11
solikamsk,pp_nav_00358,navigable,73
solikamsk,pp_nav_00378,navigable,21
perevitska,pp_nav_00647,navigable,47
perevitska,pp_nav_00654,navigable,30
cupilco,pp_nav_01919,navigable,20
cupilco,pp_nav_01923,navigable,67
kungur,pp_nav_00492,navigable,18
rovigo,pp_nav_01109,navigable,31
jishui,pp_nav_01664,navigable,3
jishui,pp_nav_01687,navigable,71
kholmogory,pp_nav_00137,navigable,27
kholmogory,pp_nav_00146,navigable,14
kholmogory,pp_nav_00150,navigable,79
winokapau,pp_nav_00712,barrier,34
winokapau,pp_nav_00723,navigable,56
quyon,pp_nav_01057,navigable,19
quyon,pp_nav_01066,improvable,5
kremenskaya,pp_nav_00884,navigable,69
kremenskaya,pp_nav_00889,navigable,2
kremenskaya,pp_nav_00894,navigable,68
kremenskaya,pp_nav_00905,navigable,55
voikar,pp_nav_00092,navigable,92
voikar,pp_nav_00098,navigable,95
voikar,pp_nav_00106,navigable,87
voikar,pp_nav_00112,navigable,62
nyuya,pp_nav_00313,navigable,7
nyuya,pp_nav_00318,navigable,98
nyuya,pp_nav_00330,improvable,14
jiangxia,pp_nav_01541,navigable,50
jiangxia,pp_nav_01542,navigable,16
jiangxia,pp_nav_01553,navigable,5
azok,pp_nav_00982,improvable,4
azok,pp_nav_00996,improvable,48
capotigamau,pp_nav_00846,navigable,81
anilco,pp_nav_01399,navigable,16
anilco,pp_nav_01404,navigable,45
anilco,pp_nav_01413,navigable,50
anilco,pp_nav_01415,navigable,30
anilco,pp_nav_01417,navigable,22
anilco,pp_nav_01421,navigable,20
wels,pp_nav_00932,barrier,23
ramsis,pp_nav_01527,navigable,16
ramsis,pp_nav_01531,navigable,11
beni_suef,pp_nav_01576,navigable,9
beni_suef,pp_nav_01599,navigable,27
aswan,pp_nav_01816,barrier,46
aswan,pp_nav_01836,barrier,30
minya,pp_nav_01628,navigable,15
minya,pp_nav_01651,navigable,18
sharuna,pp_nav_01599,navigable,41
sharuna,pp_nav_01628,navigable,31
lango,pp_nav_02063,navigable,39
makonde,pp_nav_02232,improvable,1
makonde,pp_nav_02236,navigable,23
makonde,pp_nav_02237,navigable,32
gerger,pp_nav_01262,navigable,23
gerger,pp_nav_01267,improvable,46
rahba,pp_nav_01360,navigable,1
rahba,pp_nav_01377,navigable,59
khalis,pp_nav_01416,navigable,23
karbala,pp_nav_01429,navigable,40
karbala,pp_nav_01445,navigable,39
an_nil,pp_nav_01425,navigable,4
an_nil,pp_nav_01441,navigable,46
an_nil,pp_nav_01445,navigable,8
an_nil,pp_nav_01450,navigable,17
al_madar,pp_nav_01479,navigable,22
al_madar,pp_nav_01493,navigable,55
al_madar,pp_nav_01518,navigable,10
barqaid,pp_nav_01296,improvable,19
xiangyang,pp_nav_01473,improvable,47
xiangyang,pp_nav_01486,navigable,1
alpo_wa,pp_nav_01017,barrier,29
alpo_wa,pp_nav_01022,improvable,96
alpo_wa,pp_nav_01031,improvable,12
alpo_wa,pp_nav_01032,improvable,29
anhua_anhua,pp_nav_01642,navigable,26
anhua_anhua,pp_nav_01648,improvable,9
mussimi,pp_nav_02179,navigable,1
mussimi,pp_nav_02188,navigable,8
darganata,pp_nav_01198,navigable,93
darganata,pp_nav_01212,improvable,10
tutilcoya,pp_nav_01367,navigable,3
tutilcoya,pp_nav_01375,improvable,43
lean,pp_nav_01291,navigable,15
santee,pp_nav_01422,navigable,82
zhaoxin,pp_nav_01431,navigable,17
zhaoxin,pp_nav_01436,navigable,48
myanaung,pp_nav_01918,navigable,58
myanaung,pp_nav_01934,navigable,2
ulakhan_an,pp_nav_00282,navigable,67
dibrugarh,pp_nav_01670,navigable,17
dibrugarh,pp_nav_01688,navigable,26
dibrugarh,pp_nav_01690,navigable,15
nodaway,pp_nav_01217,navigable,13
nodaway,pp_nav_01224,navigable,18
coblenz,pp_nav_00843,improvable,11
coblenz,pp_nav_00849,improvable,17
coblenz,pp_nav_00850,barrier,28
luorong,pp_nav_01812,improvable,8
luorong,pp_nav_01826,improvable,25
caisaboscai,pp_nav_00758,navigable,87
caisaboscai,pp_nav_00761,barrier,55
caisaboscai,pp_nav_00762,barrier,4
jurbarkas,pp_nav_00645,improvable,62
cologne,pp_nav_00820,navigable,3
cologne,pp_nav_00835,improvable,2
fengqiu,pp_nav_01373,navigable,33
fengqiu,pp_nav_01385,navigable,23
jigansk,pp_nav_00053,navigable,14
jigansk,pp_nav_00066,improvable,34
bama,pp_nav_01820,navigable,8
suidong,pp_nav_01691,improvable,32
bydgoszcz,pp_nav_00706,navigable,19
bydgoszcz,pp_nav_00729,navigable,16
lashio,pp_nav_01858,navigable,24
lashio,pp_nav_01865,navigable,4
hancheng,pp_nav_01324,improvable,13
hancheng,pp_nav_01355,improvable,37
chelan,pp_nav_00944,improvable,1
chelan,pp_nav_00948,improvable,23
chelan,pp_nav_00957,barrier,10
fancheng,pp_nav_01458,improvable,4
fancheng,pp_nav_01473,improvable,46
ya_ttaish,pp_nav_01462,improvable,64
ya_ttaish,pp_nav_01481,navigable,24
daxunhyuu,pp_nav_00315,navigable,53
kasimov,pp_nav_00638,navigable,35
kasimov,pp_nav_00652,improvable,83
kasimov,pp_nav_00656,improvable,73
kasimov,pp_nav_00659,navigable,8
balagannakh,pp_nav_00321,navigable,98
balagannakh,pp_nav_00326,navigable,73
balagannakh,pp_nav_00329,navigable,92
balagannakh,pp_nav_00338,barrier,12
gana_damate,pp_nav_02145,navigable,24
gana_damate,pp_nav_02159,improvable,49
panemune,pp_nav_00645,improvable,26
nottaway,pp_nav_00823,barrier,85
nottaway,pp_nav_00830,improvable,60
igan,pp_nav_02062,navigable,38
adeqiu,pp_nav_01587,navigable,9
adeqiu,pp_nav_01623,barrier,30
ordu_bazar,pp_nav_01014,improvable,19
ordu_bazar,pp_nav_01024,navigable,12
khimni,pp_nav_00804,navigable,61
khimni,pp_nav_00825,navigable,14
lhakhang,pp_nav_01547,barrier,2
lhakhang,pp_nav_01565,barrier,6
veliky_ustyug,pp_nav_00273,navigable,11
veliky_ustyug,pp_nav_00289,navigable,3
veliky_ustyug,pp_nav_00301,navigable,91
may_ushin,pp_nav_02198,navigable,84
may_ushin,pp_nav_02202,navigable,29
mahu,pp_nav_01629,barrier,1
mahu,pp_nav_01637,barrier,84
mahu,pp_nav_01644,navigable,16
wapkawazioju,pp_nav_01119,navigable,57
wapkawazioju,pp_nav_01129,navigable,42
pitchibourenik,pp_nav_00761,barrier,41
pitchibourenik,pp_nav_00763,improvable,13
nowe,pp_nav_00686,navigable,23
tanjin,pp_nav_01853,navigable,23
tanjin,pp_nav_01855,improvable,23
wehe,pp_nav_01000,navigable,4
wehe,pp_nav_01033,navigable,2
chandpur_uttar_pradesh,pp_nav_01590,navigable,7
chandpur_uttar_pradesh,pp_nav_01618,navigable,37
yukte,pp_nav_00394,navigable,88
yukte,pp_nav_00406,improvable,96
yukte,pp_nav_00416,navigable,87
kotri,pp_nav_01752,navigable,15
kotri,pp_nav_01774,navigable,47
sirhind,pp_nav_01502,improvable,4
sirhind,pp_nav_01525,navigable,14
mithankot,pp_nav_01572,navigable,1
mithankot,pp_nav_01600,navigable,34
mithankot,pp_nav_01625,navigable,8
ranikot,pp_nav_01726,navigable,28
ranikot,pp_nav_01752,navigable,32
khushab,pp_nav_01464,navigable,42
agror,pp_nav_01393,improvable,57
agror,pp_nav_01410,improvable,8
kol,pp_nav_01643,improvable,20
kol,pp_nav_01663,navigable,2
asni,pp_nav_01735,navigable,25
asni,pp_nav_01753,navigable,19
asni,pp_nav_01757,navigable,19
asni,pp_nav_01763,navigable,22
jansath,pp_nav_01590,navigable,18
busal,pp_nav_01454,navigable,27
busal,pp_nav_01456,navigable,11
busal,pp_nav_01467,navigable,36
sitpur,pp_nav_01564,navigable,21
sitpur,pp_nav_01572,navigable,36
sitpur,pp_nav_01594,navigable,36
sitpur,pp_nav_01600,navigable,35
pindi_gheb,pp_nav_01418,improvable,31
pindi_gheb,pp_nav_01428,navigable,57
el_metemma,pp_nav_01939,navigable,42
el_metemma,pp_nav_01943,navigable,49
el_metemma,pp_nav_01947,navigable,42
korela,pp_nav_00302,navigable,5
lodenoye_pole,pp_nav_00305,navigable,17
galati,pp_nav_01083,navigable,34
kom_ombo,pp_nav_01789,navigable,22
kom_ombo,pp_nav_01816,barrier,50
tongling,pp_nav_01498,navigable,10
tongling,pp_nav_01514,navigable,23
huoqiu,pp_nav_01461,navigable,22
fuyang_hangzhou,pp_nav_01563,improvable,50
fuyang_hangzhou,pp_nav_01579,navigable,6
shenmu,pp_nav_01245,navigable,31
shenmu,pp_nav_01264,navigable,15
humati,pp_nav_01463,navigable,51
ust_sysola,pp_nav_00225,improvable,4
ust_sysola,pp_nav_00240,navigable,75
caniapiscau,pp_nav_00642,improvable,13
caniapiscau,pp_nav_00653,barrier,77
luxi,pp_nav_01636,improvable,5
luxi,pp_nav_01653,improvable,17
wudang,pp_nav_01447,improvable,62
wudang,pp_nav_01458,improvable,19
inuviq,pp_nav_00013,navigable,92
inuviq,pp_nav_00018,navigable,74
inuviq,pp_nav_00022,navigable,89
inuviq,pp_nav_00028,navigable,37
inuviq,pp_nav_00029,navigable,18
chittaloosa,pp_nav_01469,improvable,42
chittaloosa,pp_nav_01485,navigable,4
mayaba,pp_nav_01976,navigable,19
minusinsk,pp_nav_00680,navigable,39
minusinsk,pp_nav_00693,improvable,34
lukou,pp_nav_01666,improvable,67
lukou,pp_nav_01686,improvable,21
lutava,pp_nav_00807,navigable,33
lutava,pp_nav_00826,navigable,17
tiotoren,pp_nav_01154,barrier,15
linjiang,pp_nav_01549,navigable,60
guangji,pp_nav_01566,barrier,18
guangji,pp_nav_01581,navigable,7
cangucu,pp_nav_02354,navigable,92
cuareim,pp_nav_02344,navigable,65
cuareim,pp_nav_02346,navigable,66
cuareim,pp_nav_02348,navigable,2
yeniseysk,pp_nav_00397,navigable,5
yeniseysk,pp_nav_00408,improvable,29
yeniseysk,pp_nav_00427,improvable,7
yeniseysk,pp_nav_00448,improvable,37
yeniseysk,pp_nav_00466,improvable,41
guajobos,pp_nav_02007,navigable,21
guajobos,pp_nav_02012,navigable,18
guajobos,pp_nav_02015,navigable,84
guajobos,pp_nav_02020,navigable,50
guajobos,pp_nav_02021,navigable,18
guajobos,pp_nav_02022,navigable,25
baykit,pp_nav_00259,barrier,53
baykit,pp_nav_00274,navigable,90
baykit,pp_nav_00287,barrier,22
baykit,pp_nav_00290,improvable,34
baykit,pp_nav_00300,navigable,24
coco,pp_nav_02208,navigable,6
scw_exmx,pp_nav_00821,barrier,88
scw_exmx,pp_nav_00836,navigable,53
scw_exmx,pp_nav_00837,navigable,70
scw_exmx,pp_nav_00845,barrier,27
uinkaret,pp_nav_01325,navigable,9
deren,pp_nav_00777,navigable,41
deren,pp_nav_00797,navigable,98
deren,pp_nav_00813,navigable,28
cabo_formoso,pp_nav_02036,navigable,12
cabo_formoso,pp_nav_02044,navigable,19
kaarendy,pp_nav_02300,improvable,32
kaarendy,pp_nav_02306,barrier,36
naupa_huen,pp_nav_02385,improvable,26
naupa_huen,pp_nav_02388,improvable,48
naupa_huen,pp_nav_02392,improvable,20
naupa_huen,pp_nav_02394,navigable,2
baronsk,pp_nav_00773,improvable,8
baronsk,pp_nav_00782,navigable,42
pantagoras,pp_nav_02013,navigable,9
pantagoras,pp_nav_02017,navigable,39
newenken,pp_nav_02373,improvable,73
newenken,pp_nav_02375,improvable,39
newenken,pp_nav_02376,navigable,96
newenken,pp_nav_02379,navigable,48
newenken,pp_nav_02384,navigable,23
newenken,pp_nav_02385,improvable,5
tapes,pp_nav_02343,navigable,12
okhannoye,pp_nav_00492,navigable,37
okhannoye,pp_nav_00514,navigable,62
bordeaux,pp_nav_01105,navigable,25
atfalati,pp_nav_01081,barrier,63
atfalati,pp_nav_01095,navigable,81
modos,pp_nav_01076,navigable,17
omoloon,pp_nav_00020,improvable,21
omoloon,pp_nav_00025,improvable,12
omoloon,pp_nav_00026,barrier,2
omoloon,pp_nav_00027,improvable,98
omoloon,pp_nav_00038,navigable,11
hacaritamas,pp_nav_01978,navigable,25
verkhnyaya_toyma,pp_nav_00222,navigable,24
verkhnyaya_toyma,pp_nav_00241,navigable,24
verkhnyaya_toyma,pp_nav_00243,navigable,98
verkhnyaya_toyma,pp_nav_00252,navigable,10
verkhnyaya_toyma,pp_nav_00261,improvable,63
nizhnyaya_toyma,pp_nav_00218,navigable,43
nizhnyaya_toyma,pp_nav_00222,navigable,72
nizhnyaya_toyma,pp_nav_00241,navigable,1
ipholhhelhlhup,pp_nav_02296,navigable,26
ipholhhelhlhup,pp_nav_02299,improvable,23
wrigley,pp_nav_00168,navigable,62
wrigley,pp_nav_00192,navigable,86
wrigley,pp_nav_00213,navigable,96
wrigley,pp_nav_00228,improvable,16
nazimovo,pp_nav_00363,navigable,26
nazimovo,pp_nav_00365,navigable,4
nazimovo,pp_nav_00385,navigable,14
choele_choel,pp_nav_02377,improvable,53
choele_choel,pp_nav_02380,navigable,27
choele_choel,pp_nav_02381,improvable,86
choele_choel,pp_nav_02382,improvable,31
choele_choel,pp_nav_02383,improvable,66
choele_choel,pp_nav_02387,navigable,92
choele_choel,pp_nav_02389,navigable,24
koryazhma,pp_nav_00273,navigable,45
koryazhma,pp_nav_00289,navigable,12
tolna,pp_nav_01001,navigable,21
tolna,pp_nav_01021,navigable,61
kucevo,pp_nav_01121,improvable,5
kucevo,pp_nav_01123,barrier,73
shawinigan,pp_nav_00987,barrier,15
shawinigan,pp_nav_01011,barrier,69
pyti,pp_nav_02176,navigable,42
pyti,pp_nav_02177,navigable,69
pyti,pp_nav_02180,navigable,71
pyti,pp_nav_02187,navigable,60
ngasingu,pp_nav_01846,navigable,5
ngasingu,pp_nav_01862,navigable,50
ngasingu,pp_nav_01872,navigable,10
valparaiso,pp_nav_02277,improvable,2
valparaiso,pp_nav_02278,navigable,36
valparaiso,pp_nav_02279,navigable,21
mawlamyine,pp_nav_01946,navigable,5
dukhovnitskoye,pp_nav_00735,navigable,14
dukhovnitskoye,pp_nav_00750,navigable,25
upardang,pp_nav_01667,improvable,30
sihui,pp_nav_01861,navigable,3
szeged,pp_nav_00997,navigable,8
szeged,pp_nav_01012,navigable,81
szeged,pp_nav_01034,navigable,30
barayy,pp_nav_00166,navigable,72
barayy,pp_nav_00177,navigable,96
barayy,pp_nav_00184,improvable,30
barayy,pp_nav_00187,navigable,18
esk_el,pp_nav_00742,navigable,44
patos,pp_nav_02331,improvable,99
patos,pp_nav_02340,navigable,50
patos,pp_nav_02342,navigable,7
shungopavi,pp_nav_01304,navigable,68
shungopavi,pp_nav_01313,navigable,6
dura,pp_nav_01756,improvable,33
dura,pp_nav_01777,improvable,28
guide,pp_nav_01335,improvable,51
guide,pp_nav_01337,navigable,51
guide,pp_nav_01348,barrier,29
pest,pp_nav_00958,improvable,5
pest,pp_nav_00969,improvable,31
kai_theli_ke_hot_inne,pp_nav_00391,navigable,79
kai_theli_ke_hot_inne,pp_nav_00398,improvable,16
kai_theli_ke_hot_inne,pp_nav_00399,navigable,87
kai_theli_ke_hot_inne,pp_nav_00403,navigable,16
siri_do,pp_nav_01912,navigable,85
tumbalala,pp_nav_02203,navigable,32
tumbalala,pp_nav_02205,navigable,72
tumbalala,pp_nav_02211,navigable,71
tumbalala,pp_nav_02216,navigable,5
ahe,pp_nav_02207,navigable,14
ahe,pp_nav_02212,navigable,11
nagina,pp_nav_01590,navigable,42
guanambi,pp_nav_02243,navigable,66
guanambi,pp_nav_02246,navigable,72
guanambi,pp_nav_02248,improvable,16
staraya_zima,pp_nav_00666,navigable,1
guachoyo,pp_nav_01421,navigable,29
guachoyo,pp_nav_01430,navigable,25
karcag,pp_nav_00955,navigable,8
karcag,pp_nav_00981,navigable,10
kishim,pp_nav_01300,improvable,13
moxos,pp_nav_02251,navigable,72
moxos,pp_nav_02253,navigable,72
shuangliu,pp_nav_01555,improvable,9
changyuan,pp_nav_01356,navigable,7
changyuan,pp_nav_01373,navigable,46
petrovaradin,pp_nav_01076,navigable,18
petrovaradin,pp_nav_01092,navigable,28
petrovaradin,pp_nav_01102,navigable,44
petrovaradin,pp_nav_01120,improvable,36
hebin,pp_nav_01201,navigable,41
hebin,pp_nav_01203,navigable,55
hebin,pp_nav_01204,navigable,36
hebin,pp_nav_01207,navigable,78
hebin,pp_nav_01209,navigable,44
hebin,pp_nav_01219,navigable,73
hebin,pp_nav_01229,navigable,18
stepanevka,pp_nav_00918,navigable,34
kurung,pp_nav_01668,navigable,13
takhir,pp_nav_00840,navigable,41
takhir,pp_nav_00844,navigable,50
takhir,pp_nav_00852,improvable,29
nako,pp_nav_01488,barrier,74
tohome,pp_nav_01466,navigable,20
tohome,pp_nav_01472,navigable,88
tohome,pp_nav_01487,navigable,79
tohome,pp_nav_01497,navigable,56
tohome,pp_nav_01503,navigable,16
tohome,pp_nav_01526,navigable,8
carapachay,pp_nav_02365,navigable,24
carapachay,pp_nav_02366,navigable,83
carapachay,pp_nav_02367,navigable,52
staraya_ryazan,pp_nav_00665,navigable,31
staraya_ryazan,pp_nav_00669,improvable,24
calabar,pp_nav_02037,navigable,24
tuktoyukiuq,pp_nav_00018,navigable,34
bhagalpur,pp_nav_01786,navigable,21
sandan,pp_nav_01956,barrier,16
sandan,pp_nav_01957,navigable,44
sandan,pp_nav_01958,navigable,3
scioto,pp_nav_01253,improvable,19
scioto,pp_nav_01256,navigable,4
yusva,pp_nav_00392,navigable,34
qujiang,pp_nav_01815,navigable,7
puan,pp_nav_01468,improvable,31
kal_gatana,pp_nav_00037,navigable,57
kal_gatana,pp_nav_00039,navigable,78
kal_gatana,pp_nav_00041,navigable,11
kangiqsualujjuaq,pp_nav_00424,improvable,41
kangiqsualujjuaq,pp_nav_00440,barrier,42
muang_xay,pp_nav_01899,navigable,45
muang_xay,pp_nav_01904,navigable,28
tapajo,pp_nav_02102,navigable,35
tapajo,pp_nav_02107,navigable,48
tapajo,pp_nav_02111,navigable,59
nikahionhwakowa,pp_nav_01127,navigable,24
piacenza,pp_nav_01097,navigable,43
kuturga,pp_nav_00141,navigable,19
kaskaskia,pp_nav_01246,navigable,14
kaskaskia,pp_nav_01258,navigable,72
nogoya,pp_nav_02350,navigable,1
nogoya,pp_nav_02353,navigable,48
nogoya,pp_nav_02357,navigable,34
ponkhockie,pp_nav_01171,navigable,60
huaying,pp_nav_01548,navigable,36
huaying,pp_nav_01568,improvable,3
tormosin,pp_nav_00918,navigable,1
tormosin,pp_nav_00942,navigable,41
turtas,pp_nav_00351,navigable,35
turtas,pp_nav_00368,navigable,82
turtas,pp_nav_00379,navigable,23
turtas,pp_nav_00388,navigable,82
turtas,pp_nav_00400,navigable,28
turtas,pp_nav_00401,navigable,41
mikhalkino,pp_nav_00014,navigable,39
freiburg,pp_nav_00943,improvable,7
wetwin,pp_nav_01874,navigable,25
tatarskaya_tesyu,pp_nav_00655,navigable,55
tatarskaya_tesyu,pp_nav_00668,navigable,67
tatarskaya_tesyu,pp_nav_00680,navigable,14
essequibo,pp_nav_02019,navigable,23
essequibo,pp_nav_02027,navigable,69
prainha,pp_nav_02096,navigable,9
prainha,pp_nav_02099,navigable,13
prainha,pp_nav_02100,navigable,61
tortona,pp_nav_01106,improvable,6
kholmyech,pp_nav_00783,navigable,29
offenburg,pp_nav_00900,navigable,7
offenburg,pp_nav_00916,improvable,44
morkvash,pp_nav_00684,navigable,2
morkvash,pp_nav_00718,navigable,1
morkvash,pp_nav_00722,navigable,6
dongsheng,pp_nav_01209,navigable,53
muang_mang,pp_nav_01951,navigable,41
muang_mang,pp_nav_01952,navigable,4
athabasca,pp_nav_00433,navigable,97
athabasca,pp_nav_00460,navigable,63
kuzmovka,pp_nav_00244,navigable,96
kuzmovka,pp_nav_00256,navigable,11
kuzmovka,pp_nav_00262,navigable,32
berezhnovka,pp_nav_00841,navigable,19
berezhnovka,pp_nav_00857,navigable,12
ningbian,pp_nav_01209,navigable,16
ningbian,pp_nav_01219,navigable,27
pengshui,pp_nav_01603,barrier,58
pengshui,pp_nav_01620,barrier,21
selo_yartsevo,pp_nav_00310,improvable,15
selo_yartsevo,pp_nav_00363,navigable,4
chana,pp_nav_02356,navigable,15
chana,pp_nav_02360,navigable,17
chana,pp_nav_02362,navigable,19
chana,pp_nav_02364,navigable,60
apyawa,pp_nav_02208,navigable,52
apyawa,pp_nav_02213,navigable,62
apyawa,pp_nav_02224,navigable,15
malye_oserki,pp_nav_00153,navigable,36
malye_oserki,pp_nav_00163,navigable,51
pereiaslav,pp_nav_00865,navigable,11
pereiaslav,pp_nav_00870,navigable,26
pereiaslav,pp_nav_00877,navigable,2
morangi,pp_nav_01710,navigable,1
morangi,pp_nav_01712,navigable,39
morangi,pp_nav_01716,navigable,17
ukek,pp_nav_00790,navigable,36
ukek,pp_nav_00806,navigable,25
lumbini,pp_nav_01684,navigable,13
olenegorsk,pp_nav_00004,navigable,56
olenegorsk,pp_nav_00005,navigable,12
olenegorsk,pp_nav_00006,navigable,64
bkwejanong,pp_nav_01160,navigable,61
yiman,pp_nav_01029,navigable,12
yiman,pp_nav_01048,navigable,42
huitong,pp_nav_01696,barrier,15
paungde,pp_nav_01918,navigable,38
nagavskaya,pp_nav_00942,navigable,31
kamatapur,pp_nav_01756,improvable,4
el_burullus,pp_nav_01499,navigable,20
hiw,pp_nav_01744,navigable,57
hiw,pp_nav_01749,navigable,41
manfalut,pp_nav_01676,navigable,37
nuba_sud,pp_nav_01970,navigable,3
cermik,pp_nav_01267,improvable,13
samsat,pp_nav_01280,navigable,29
samsat,pp_nav_01292,navigable,10
mosul,pp_nav_01321,navigable,63
mosul,pp_nav_01340,improvable,10
abu_kemal,pp_nav_01377,navigable,18
abu_kemal,pp_nav_01398,navigable,38
samawa,pp_nav_01490,navigable,25
samawa,pp_nav_01501,navigable,47
samawa,pp_nav_01515,navigable,29
basra,pp_nav_01518,navigable,46
basra,pp_nav_01529,navigable,5
basra,pp_nav_01537,navigable,28
numaniyyah,pp_nav_01450,navigable,36
numaniyyah,pp_nav_01455,navigable,3
pravaya_khetta,pp_nav_00082,navigable,45
avaes,pp_nav_02308,navigable,4
avaes,pp_nav_02311,navigable,81
avaes,pp_nav_02315,navigable,42
avaes,pp_nav_02319,navigable,53
avaes,pp_nav_02321,navigable,10
orotukan,pp_nav_00219,navigable,23
yapeyu,pp_nav_02330,navigable,16
yapeyu,pp_nav_02333,navigable,46
yapeyu,pp_nav_02337,navigable,67
yapeyu,pp_nav_02344,navigable,17
patoka,pp_nav_01265,navigable,72
patoka,pp_nav_01275,navigable,41
patoka,pp_nav_01276,navigable,53
shigatse,pp_nav_01604,improvable,35
shigatse,pp_nav_01605,improvable,24
yevoyakha,pp_nav_00085,navigable,26
yevoyakha,pp_nav_00095,navigable,12
ramnagar_bihar,pp_nav_01667,improvable,16
ramnagar_bihar,pp_nav_01684,navigable,50
ramnagar_bihar,pp_nav_01703,navigable,12
ob,pp_nav_00047,navigable,76
ob,pp_nav_00050,navigable,96
ob,pp_nav_00058,navigable,30
benauges,pp_nav_01105,navigable,88
benauges,pp_nav_01124,improvable,4
gabin,pp_nav_00748,navigable,26
gabin,pp_nav_00754,navigable,15
kaniv,pp_nav_00865,navigable,66
kaniv,pp_nav_00870,navigable,23
maanaagi_iixodagish,pp_nav_00951,navigable,16
kracheh,pp_nav_01958,navigable,20
kracheh,pp_nav_01959,navigable,15
zharzhan,pp_nav_00016,navigable,60
unalakleet,pp_nav_00158,navigable,12
zhijiang,pp_nav_01554,navigable,26
zhijiang,pp_nav_01560,improvable,5
baxian,pp_nav_01578,improvable,34
baxian,pp_nav_01584,barrier,19
baxian,pp_nav_01595,improvable,15
yakovlevskoye_bolshoye,pp_nav_00491,navigable,16
yakovlevskoye_bolshoye,pp_nav_00510,improvable,49
yakovlevskoye_bolshoye,pp_nav_00511,navigable,14
tana,pp_nav_00982,improvable,35
tana,pp_nav_00996,improvable,94
aigun,pp_nav_00812,navigable,5
aigun,pp_nav_00831,navigable,55
aigun,pp_nav_00848,improvable,49
aigun,pp_nav_00863,navigable,69
aigun,pp_nav_00878,navigable,13
rovnoye,pp_nav_00806,navigable,24
rovnoye,pp_nav_00829,navigable,66
rovnoye,pp_nav_00841,navigable,52
amaye,pp_nav_01423,navigable,3
matoueska,pp_nav_01066,improvable,34
eket,pp_nav_02037,navigable,25
qingjiang,pp_nav_01645,improvable,23
qingjiang,pp_nav_01664,navigable,22
kisatchie,pp_nav_01492,navigable,42
kisatchie,pp_nav_01496,navigable,8
kisatchie,pp_nav_01510,navigable,37
sm_algyax,pp_nav_00662,barrier,12
sm_algyax,pp_nav_00671,improvable,90
goalpara,pp_nav_01745,navigable,11
goalpara,pp_nav_01746,improvable,43
goalpara,pp_nav_01756,improvable,11
ilovlya,pp_nav_00884,navigable,15
ilovlya,pp_nav_00894,navigable,7
pingchuan,pp_nav_01650,barrier,30
pingchuan,pp_nav_01672,improvable,45
pingchuan,pp_nav_01698,navigable,5
enisala,pp_nav_01093,navigable,21
usolye,pp_nav_00358,navigable,28
usolye,pp_nav_00378,navigable,76
usolye,pp_nav_00392,navigable,23
kasakaupuyau,pp_nav_00496,improvable,32
kasakaupuyau,pp_nav_00521,navigable,96
kasakaupuyau,pp_nav_00544,improvable,54
tyokhtyur,pp_nav_00255,navigable,50
tyokhtyur,pp_nav_00272,navigable,36
carmacks,pp_nav_00203,improvable,82
carmacks,pp_nav_00215,navigable,79
carmacks,pp_nav_00231,improvable,27
cocamas,pp_nav_02189,navigable,32
cocamas,pp_nav_02191,improvable,29
cocamas,pp_nav_02192,improvable,30
mbaiki,pp_nav_02048,navigable,2
mbaiki,pp_nav_02053,navigable,11
scqescilni,pp_nav_00953,improvable,12
nlaka_pamux,pp_nav_00837,navigable,29
nlaka_pamux,pp_nav_00845,barrier,68
nlaka_pamux,pp_nav_00861,navigable,76
mackinac,pp_nav_01027,navigable,28
mackinac,pp_nav_01028,navigable,50
mackinac,pp_nav_01041,navigable,41
thilane_hot_ine,pp_nav_00460,navigable,33
thilane_hot_ine,pp_nav_00505,navigable,92
thilane_hot_ine,pp_nav_00528,improvable,96
thilane_hot_ine,pp_nav_00552,barrier,96
thilane_hot_ine,pp_nav_00558,improvable,2
andaki,pp_nav_02072,navigable,21
szabolcs,pp_nav_00955,navigable,21
wishram,pp_nav_01062,navigable,26
wishram,pp_nav_01065,improvable,39
wishram,pp_nav_01068,improvable,20
arguvan,pp_nav_01249,navigable,18
guancheng_zhengzhou,pp_nav_01383,navigable,16
guancheng_zhengzhou,pp_nav_01385,navigable,6
kapuskaywak,pp_nav_00604,navigable,29
kapuskaywak,pp_nav_00607,navigable,96
kapuskaywak,pp_nav_00609,navigable,57
sagu,pp_nav_01895,navigable,7
sagu,pp_nav_01896,navigable,22
sagu,pp_nav_01901,navigable,10
yongshun,pp_nav_01835,navigable,12
daban,pp_nav_00343,navigable,76
daban,pp_nav_00353,improvable,94
zhongmu,pp_nav_01385,navigable,26
villars,pp_nav_01055,improvable,24
chinook,pp_nav_01038,improvable,71
baishan,pp_nav_01835,navigable,49
baishan,pp_nav_01837,navigable,12
wanapum,pp_nav_00980,barrier,22
wanapum,pp_nav_00984,barrier,10
wanapum,pp_nav_01003,barrier,86
wanapum,pp_nav_01004,barrier,25
wanapum,pp_nav_01015,improvable,66
cukataw,pp_nav_00612,navigable,16
cukataw,pp_nav_00624,navigable,58
cukataw,pp_nav_00629,navigable,27
changle_fujian,pp_nav_01751,navigable,15
deskenetlata,pp_nav_00323,navigable,9
mongkawng,pp_nav_01787,navigable,48
longyang,pp_nav_01624,navigable,3
sviyazhsk,pp_nav_00605,navigable,27
sviyazhsk,pp_nav_00618,navigable,48
sviyazhsk,pp_nav_00635,navigable,13
sviyazhsk,pp_nav_00648,navigable,12
kotto,pp_nav_02051,navigable,7
apure,pp_nav_01992,navigable,41
apure,pp_nav_01997,navigable,47
apure,pp_nav_02004,navigable,66
apure,pp_nav_02007,navigable,29
ahsenisiipi,pp_nav_01172,navigable,12
ahsenisiipi,pp_nav_01177,improvable,57
ahsenisiipi,pp_nav_01183,navigable,25
doustioni,pp_nav_01439,navigable,72
doustioni,pp_nav_01462,improvable,34
chatuza,pp_nav_02186,navigable,77
chatuza,pp_nav_02189,navigable,56
upper_yukon,pp_nav_00140,navigable,69
gitxsanimaax,pp_nav_00623,improvable,65
gitxsanimaax,pp_nav_00639,navigable,57
samastipur,pp_nav_01769,navigable,14
samastipur,pp_nav_01779,navigable,21
samastipur,pp_nav_01782,navigable,15
kaipeshimushich,pp_nav_00805,improvable,28
kaipeshimushich,pp_nav_00811,improvable,64
eminabad,pp_nav_01456,navigable,28
eminabad,pp_nav_01467,navigable,15
sialkot,pp_nav_01438,improvable,16
sialkot,pp_nav_01456,navigable,20
pindi_bhattian,pp_nav_01467,navigable,32
pindi_bhattian,pp_nav_01483,navigable,12
chindre,pp_nav_02264,navigable,20
chindre,pp_nav_02265,navigable,78
jammu,pp_nav_01438,improvable,23
pallakolu,pp_nav_01942,navigable,19
kingston,pp_nav_00802,improvable,20
chikowa,pp_nav_02255,navigable,30
chikowa,pp_nav_02258,navigable,30
baran,pp_nav_01618,navigable,4
baran,pp_nav_01643,improvable,29
oxford,pp_nav_00788,improvable,10
shorkot,pp_nav_01513,navigable,43
ghazipur,pp_nav_01764,improvable,19
ghazipur,pp_nav_01772,navigable,51
ghazipur,pp_nav_01773,navigable,4
dera_ghazi_khan,pp_nav_01504,navigable,8
dera_ghazi_khan,pp_nav_01539,navigable,47
dera_ghazi_khan,pp_nav_01572,navigable,20
korra,pp_nav_01735,navigable,16
korra,pp_nav_01741,navigable,10
korra,pp_nav_01753,navigable,26
chilas,pp_nav_01359,barrier,79
chilas,pp_nav_01361,navigable,69
jaunpur,pp_nav_01773,navigable,16
kerma,pp_nav_01892,barrier,36
kerma,pp_nav_01900,barrier,96
kerma,pp_nav_01907,barrier,15
tu_nedhe,pp_nav_00309,navigable,92
hezhou_he,pp_nav_01484,navigable,33
hezhou_he,pp_nav_01498,navigable,10
dongliu,pp_nav_01540,navigable,17
dongliu,pp_nav_01558,navigable,27
st_at_imcets,pp_nav_00794,navigable,79
st_at_imcets,pp_nav_00821,barrier,6
bordowa,pp_nav_01710,navigable,29
bordowa,pp_nav_01722,navigable,52
bordowa,pp_nav_01742,improvable,24
bordowa,pp_nav_01747,navigable,25
pokiok,pp_nav_01037,navigable,15
pokiok,pp_nav_01052,navigable,6
pokiok,pp_nav_01058,navigable,3
usun,pp_nav_00749,navigable,71
usun,pp_nav_00771,barrier,86
drastar,pp_nav_01133,navigable,42
drastar,pp_nav_01135,improvable,30
drastar,pp_nav_01136,navigable,48
katok,pp_nav_01505,navigable,66
katok,pp_nav_01521,barrier,8
ondaimas,pp_nav_02017,navigable,39
ondaimas,pp_nav_02026,navigable,35
nogui,pp_nav_02182,barrier,3
nogui,pp_nav_02183,navigable,40
privas,pp_nav_01104,barrier,31
qingshen,pp_nav_01555,improvable,26
qingshen,pp_nav_01588,improvable,14
iiq,pp_nav_00339,navigable,32
iiq,pp_nav_00344,navigable,28
tukulan,pp_nav_00166,navigable,37
tukulan,pp_nav_00172,navigable,98
tukulan,pp_nav_00173,navigable,14
mongtung,pp_nav_01890,barrier,62
mongtung,pp_nav_01898,navigable,46
chistamikap,pp_nav_00758,navigable,9
chistamikap,pp_nav_00762,barrier,96
chistamikap,pp_nav_00766,navigable,29
chistamikap,pp_nav_00770,navigable,50
nguera,pp_nav_02134,navigable,66
nguera,pp_nav_02157,navigable,54
utlandet,pp_nav_00455,improvable,1
verkh_chebula,pp_nav_00643,improvable,29
verkh_chebula,pp_nav_00651,navigable,9
ufa,pp_nav_00625,navigable,20
ufa,pp_nav_00636,navigable,52
ufa,pp_nav_00641,navigable,65
ufa,pp_nav_00657,navigable,27
luocheng,pp_nav_01791,navigable,3
uzes,pp_nav_01125,barrier,29
uzes,pp_nav_01134,improvable,60
kyat_kala,pp_nav_01170,navigable,3
kyat_kala,pp_nav_01174,navigable,49
kyat_kala,pp_nav_01179,navigable,19
stung_treng,pp_nav_01956,barrier,32
stung_treng,pp_nav_01957,navigable,5
xerente,pp_nav_02221,navigable,90
lyon,pp_nav_01055,improvable,38
chastye,pp_nav_00514,navigable,13
chastye,pp_nav_00526,navigable,57
chastye,pp_nav_00527,navigable,26
purnia,pp_nav_01776,navigable,12
purnia,pp_nav_01780,improvable,15
khakhaly,pp_nav_00578,navigable,61
khakhaly,pp_nav_00589,navigable,17
muarakaman,pp_nav_02082,navigable,43
muarakaman,pp_nav_02084,navigable,12
kutarka,pp_nav_00484,improvable,43
kutarka,pp_nav_00499,improvable,53
putyatino,pp_nav_00659,navigable,21
kitchissippi,pp_nav_01066,improvable,14
kitchissippi,pp_nav_01071,barrier,10
kitchissippi,pp_nav_01077,improvable,71
kitchissippi,pp_nav_01082,navigable,18
lheidlit_en,pp_nav_00676,barrier,85
lheidlit_en,pp_nav_00679,improvable,86
lheidlit_en,pp_nav_00691,navigable,13
reading,pp_nav_00788,improvable,10
reading,pp_nav_00798,improvable,2
shopando,pp_nav_01530,barrier,82
oleshia,pp_nav_01014,improvable,8
oleshia,pp_nav_01024,navigable,7
cangxi,pp_nav_01468,improvable,34
cangxi,pp_nav_01489,navigable,16
cayubaba,pp_nav_02241,navigable,31
cayubaba,pp_nav_02245,navigable,56
kolchugino,pp_nav_00600,navigable,44
kolchugino,pp_nav_00615,navigable,83
kolchugino,pp_nav_00630,navigable,77
kolchugino,pp_nav_00643,improvable,61
kolchugino,pp_nav_00651,navigable,46
mocana,pp_nav_01963,navigable,85
uiju,pp_nav_01213,improvable,41
tillamook,pp_nav_01038,improvable,2
kostroma,pp_nav_00483,navigable,46
kostroma,pp_nav_00489,navigable,14
kostroma,pp_nav_00491,navigable,61
kostroma,pp_nav_00507,improvable,97
kostroma,pp_nav_00508,navigable,3
kostroma,pp_nav_00510,improvable,47
kostroma,pp_nav_00511,navigable,9
oahaha,pp_nav_01216,navigable,71
oahaha,pp_nav_01227,navigable,88
yichuan,pp_nav_01324,improvable,35
hamburg,pp_nav_00696,navigable,46
koponovo,pp_nav_00659,navigable,58
koponovo,pp_nav_00669,improvable,14
murri,pp_nav_01986,improvable,1
murri,pp_nav_02000,navigable,34
murri,pp_nav_02005,navigable,38
magyarovar,pp_nav_00946,improvable,83
kyyindy,pp_nav_02304,navigable,60
caroni,pp_nav_01982,navigable,55
caroni,pp_nav_01983,navigable,70
caroni,pp_nav_01985,navigable,83
caroni,pp_nav_01987,navigable,44
caroni,pp_nav_02003,navigable,62
ceheng,pp_nav_01796,barrier,20
ceheng,pp_nav_01802,barrier,44
ceheng,pp_nav_01809,navigable,15
kalispel,pp_nav_00904,improvable,38
kalispel,pp_nav_00929,improvable,94
kalispel,pp_nav_00936,navigable,11
hezhou,pp_nav_01344,barrier,6
xincheng_xincheng,pp_nav_01835,navigable,31
xincheng_xincheng,pp_nav_01843,navigable,26
qonirat,pp_nav_01157,navigable,35
chom_khao_maneerat,pp_nav_01893,improvable,9
chom_khao_maneerat,pp_nav_01897,navigable,46
chom_khao_maneerat,pp_nav_01904,navigable,15
kazhi,pp_nav_01567,navigable,47
kazhi,pp_nav_01596,navigable,8
geshitsa,pp_nav_01516,barrier,31
kichkas,pp_nav_00928,navigable,31
kichkas,pp_nav_00956,navigable,18
nong_bok,pp_nav_01938,navigable,20
nong_bok,pp_nav_01945,navigable,10
myedu,pp_nav_01846,navigable,11
myedu,pp_nav_01862,navigable,1
kamchatsk,pp_nav_00568,navigable,71
kamchatsk,pp_nav_00569,navigable,32
kalapuya,pp_nav_01095,navigable,16
gananoque,pp_nav_01112,navigable,15
gananoque,pp_nav_01127,navigable,31
pyay,pp_nav_01911,navigable,16
pyay,pp_nav_01914,navigable,26
pyay,pp_nav_01918,navigable,11
bakhtinsky,pp_nav_00216,navigable,33
bakhtinsky,pp_nav_00237,navigable,96
bakhtinsky,pp_nav_00253,navigable,97
bakhtinsky,pp_nav_00256,navigable,94
bakhtinsky,pp_nav_00260,navigable,14
bakhtinsky,pp_nav_00262,navigable,10
bakhtinsky,pp_nav_00265,navigable,73
porto_tibirica,pp_nav_02279,navigable,40
porto_tibirica,pp_nav_02281,navigable,77
porto_tibirica,pp_nav_02283,navigable,48
yunyang,pp_nav_01523,barrier,59
yunyang,pp_nav_01532,barrier,15
angers,pp_nav_00986,navigable,24
angers,pp_nav_00988,navigable,23
chudovo,pp_nav_00375,navigable,15
chudovo,pp_nav_00396,navigable,98
chudovo,pp_nav_00414,navigable,60
akwen,pp_nav_02259,navigable,1
tsa_tinne,pp_nav_00570,improvable,96
tsa_tinne,pp_nav_00575,navigable,4
tsa_tinne,pp_nav_00580,improvable,94
piratinin,pp_nav_02349,improvable,14
piratinin,pp_nav_02354,navigable,26
xunyang,pp_nav_01444,barrier,75
xunyang,pp_nav_01446,navigable,6
xunyang,pp_nav_01449,barrier,18
qashliq,pp_nav_00401,navigable,54
qashliq,pp_nav_00410,navigable,92
qashliq,pp_nav_00429,navigable,79
qashliq,pp_nav_00446,navigable,77
qashliq,pp_nav_00456,navigable,10
qashliq,pp_nav_00469,navigable,9
towosaghy,pp_nav_01281,navigable,5
towosaghy,pp_nav_01298,navigable,62
towosaghy,pp_nav_01312,navigable,26
towosaghy,pp_nav_01319,navigable,60
towosaghy,pp_nav_01329,improvable,19
jiyin,pp_nav_01356,navigable,10
tetyushi,pp_nav_00648,navigable,36
tetyushi,pp_nav_00663,navigable,6
tucho,pp_nav_00276,navigable,30
rajanari,pp_nav_01708,improvable,6
bororos,pp_nav_02266,navigable,60
bororos,pp_nav_02268,navigable,27
bororos,pp_nav_02269,navigable,60
bororos,pp_nav_02270,navigable,65
bororos,pp_nav_02271,navigable,3
bororos,pp_nav_02272,navigable,7
bororos,pp_nav_02273,navigable,14
educhanka,pp_nav_00441,improvable,2
educhanka,pp_nav_00485,improvable,78
educhanka,pp_nav_00529,navigable,92
educhanka,pp_nav_00538,navigable,15
verkhotomsk,pp_nav_00566,navigable,22
verkhotomsk,pp_nav_00600,navigable,47
verkhotomsk,pp_nav_00615,navigable,49
verkhotomsk,pp_nav_00630,navigable,49
verkhotomsk,pp_nav_00643,improvable,15
xicheng,pp_nav_01449,barrier,33
beya,pp_nav_00680,navigable,12
beya,pp_nav_00693,improvable,53
beya,pp_nav_00715,navigable,73
beya,pp_nav_00736,barrier,34
jishi,pp_nav_01335,improvable,23
jishi,pp_nav_01341,improvable,50
jishi,pp_nav_01350,barrier,4
chagu,pp_nav_01137,navigable,16
chagu,pp_nav_01162,improvable,8
sodankyla,pp_nav_00060,improvable,30
halchidoma,pp_nav_01395,navigable,7
halchidoma,pp_nav_01412,navigable,96
halchidoma,pp_nav_01420,navigable,50
wied,pp_nav_00835,improvable,8
wied,pp_nav_00843,improvable,18
icabaqua,pp_nav_02349,improvable,18
akokpaq,pp_nav_00374,navigable,94
akokpaq,pp_nav_00390,navigable,28
chiripa,pp_nav_02285,navigable,15
chiripa,pp_nav_02287,navigable,24
chiripa,pp_nav_02289,navigable,54
chiripa,pp_nav_02292,navigable,5
weskarini,pp_nav_01071,barrier,31
xicallanco,pp_nav_01923,navigable,23
xicallanco,pp_nav_01929,navigable,11
araska,pp_nav_01277,improvable,30
araska,pp_nav_01287,barrier,71
araska,pp_nav_01300,improvable,12
maracoa,pp_nav_02031,navigable,3
maracoa,pp_nav_02035,navigable,99
maracoa,pp_nav_02047,improvable,11
changan,pp_nav_01791,navigable,50
mucajai,pp_nav_02057,navigable,9
mucajai,pp_nav_02060,navigable,96
mucajai,pp_nav_02067,navigable,42
itanagar,pp_nav_01699,navigable,1
itanagar,pp_nav_01702,navigable,10
itanagar,pp_nav_01712,navigable,35
ferrara,pp_nav_01108,navigable,47
ferrara,pp_nav_01109,navigable,19
batamay,pp_nav_00161,navigable,56
batamay,pp_nav_00165,improvable,31
batamay,pp_nav_00170,navigable,31
pakokku,pp_nav_01873,navigable,30
pakokku,pp_nav_01880,navigable,14
pakokku,pp_nav_01882,navigable,25
alat,pp_nav_01225,navigable,54
alat,pp_nav_01233,navigable,28
sandonnino,pp_nav_01099,navigable,11
aslan_horod,pp_nav_01005,navigable,59
aslan_horod,pp_nav_01014,improvable,62
cheremkhovo,pp_nav_00690,navigable,17
cheremkhovo,pp_nav_00732,improvable,52
cheremkhovo,pp_nav_00746,navigable,20
kalmanka,pp_nav_00707,navigable,30
kalmanka,pp_nav_00730,navigable,94
kalmanka,pp_nav_00751,navigable,57
adyumba,pp_nav_02083,navigable,18
adyumba,pp_nav_02086,navigable,52
adyumba,pp_nav_02089,navigable,65
yukonda,pp_nav_00322,navigable,45
yukonda,pp_nav_00341,navigable,49
yukonda,pp_nav_00351,navigable,24
yukonda,pp_nav_00368,navigable,31
yukonda,pp_nav_00379,navigable,16
paranabuku,pp_nav_02205,navigable,42
paranabuku,pp_nav_02211,navigable,53
paranabuku,pp_nav_02216,navigable,8
kangu,pp_nav_01315,improvable,6
kangu,pp_nav_01322,improvable,71
kangu,pp_nav_01339,navigable,3
sakawyiniw,pp_nav_00552,barrier,3
sakawyiniw,pp_nav_00558,improvable,76
novosyolovo,pp_nav_00608,navigable,40
novosyolovo,pp_nav_00631,navigable,47
novosyolovo,pp_nav_00646,navigable,49
novosyolovo,pp_nav_00655,navigable,18
liubech,pp_nav_00783,navigable,55
liubech,pp_nav_00807,navigable,4
madi_yuanling,pp_nav_01631,improvable,53
madi_yuanling,pp_nav_01636,improvable,24
mindon,pp_nav_01911,navigable,14
mindon,pp_nav_01914,navigable,18
amnye_machen,pp_nav_01348,barrier,21
amnye_machen,pp_nav_01366,barrier,25
otadaonanis,pp_nav_00760,improvable,13
curruhuinca,pp_nav_02394,navigable,5
solothurn,pp_nav_00971,improvable,3
gucheng,pp_nav_01458,improvable,39
gucheng,pp_nav_01473,improvable,10
zimba,pp_nav_02114,navigable,71
zimba,pp_nav_02134,navigable,48
acoroazes,pp_nav_02220,navigable,6
acoroazes,pp_nav_02222,navigable,99
acoroazes,pp_nav_02227,navigable,32
ostrovskoye,pp_nav_00507,improvable,3
ostrovskoye,pp_nav_00508,navigable,86
ostrovskoye,pp_nav_00511,navigable,40
ostrovskoye,pp_nav_00517,improvable,4
tamu,pp_nav_01817,navigable,3
tamu,pp_nav_01834,improvable,56
tamu,pp_nav_01854,improvable,1
kaitangata,pp_nav_02397,navigable,6
siya,pp_nav_00150,navigable,15
siya,pp_nav_00159,navigable,96
siya,pp_nav_00175,navigable,40
siya,pp_nav_00182,navigable,56
scheibbs,pp_nav_00937,navigable,9
tomakivka,pp_nav_00928,navigable,16
tomakivka,pp_nav_00956,navigable,57
tomakivka,pp_nav_00974,navigable,14
amstetten,pp_nav_00932,barrier,35
amstetten,pp_nav_00937,navigable,5
freistadt,pp_nav_00932,barrier,18
wycombe,pp_nav_00798,improvable,21
mariocai,pp_nav_02088,navigable,44
brass,pp_nav_02036,navigable,26
brass,pp_nav_02044,navigable,38
qichun,pp_nav_01566,barrier,21
yaguari_guazu,pp_nav_02352,navigable,42
yaguari_guazu,pp_nav_02356,navigable,35
kengkham,pp_nav_01878,improvable,17
kengkham,pp_nav_01885,improvable,67
kengkham,pp_nav_01890,barrier,2
tulsa,pp_nav_01353,navigable,46
kamyshnoye,pp_nav_00626,navigable,46
kamyshnoye,pp_nav_00640,navigable,45
glukharinyi,pp_nav_00116,navigable,93
glukharinyi,pp_nav_00123,improvable,47
araripocone,pp_nav_02266,navigable,38
tula_ark,pp_nav_01364,navigable,81
tula_ark,pp_nav_01365,navigable,64
mbya,pp_nav_02292,navigable,14
mbya,pp_nav_02294,navigable,43
mbya,pp_nav_02295,navigable,44
mbya,pp_nav_02298,navigable,44
mbya,pp_nav_02300,improvable,49
mbya,pp_nav_02301,barrier,31
mbya,pp_nav_02302,improvable,47
sylgy_ytar,pp_nav_00034,improvable,50
idah,pp_nav_02001,navigable,82
idah,pp_nav_02010,navigable,3
awadh,pp_nav_01705,navigable,37
awadh,pp_nav_01714,navigable,39
tehcha,pp_nav_00832,navigable,24
tehcha,pp_nav_00848,improvable,17
tehcha,pp_nav_00851,navigable,16
tehcha,pp_nav_00863,navigable,56
tehcha,pp_nav_00878,navigable,85
el_mahalla,pp_nav_01499,navigable,6
el_mahalla,pp_nav_01531,navigable,5
qalyub,pp_nav_01559,navigable,23
el_bahnasa,pp_nav_01599,navigable,21
el_bahnasa,pp_nav_01628,navigable,37
el_balyana,pp_nav_01694,navigable,5
el_balyana,pp_nav_01715,navigable,46
el_balyana,pp_nav_01744,navigable,6
acholi,pp_nav_02052,navigable,44
acholi,pp_nav_02054,navigable,27
urfa,pp_nav_01280,navigable,21
malatya,pp_nav_01249,navigable,17
malatya,pp_nav_01262,navigable,49
saumur,pp_nav_00988,navigable,70
kahta,pp_nav_01267,improvable,9
kahta,pp_nav_01280,navigable,40
anah,pp_nav_01398,navigable,15
anah,pp_nav_01403,navigable,33
anah,pp_nav_01406,navigable,27
kufa,pp_nav_01445,navigable,9
kufa,pp_nav_01470,navigable,38
bakusaya,pp_nav_01455,navigable,31
bakusaya,pp_nav_01460,navigable,10
abadan,pp_nav_01537,navigable,1
abadan,pp_nav_01556,navigable,82
nasiriyah,pp_nav_01501,navigable,50
nasiriyah,pp_nav_01515,navigable,34
manbij,pp_nav_01306,navigable,30
manbij,pp_nav_01318,navigable,26
orasul_de_floci,pp_nav_01091,navigable,16
orasul_de_floci,pp_nav_01122,navigable,30
amahami,pp_nav_00978,navigable,23
amahami,pp_nav_00991,navigable,15
yunxi,pp_nav_01446,navigable,32
lamas,pp_nav_02189,navigable,23
lamas,pp_nav_02191,improvable,16
nasacauso,pp_nav_00767,navigable,97
nasacauso,pp_nav_00770,navigable,21
kamashikamach,pp_nav_00809,navigable,21
kamashikamach,pp_nav_00811,improvable,6
segyan_kyuyol,pp_nav_00161,navigable,56
segyan_kyuyol,pp_nav_00165,improvable,29
camusu_aike,pp_nav_02404,navigable,7
camusu_aike,pp_nav_02405,barrier,5
kitchawanc,pp_nav_01171,navigable,38
kitchawanc,pp_nav_01178,navigable,23
matabichuan,pp_nav_01002,barrier,6
tesinigh,pp_nav_01214,navigable,5
tesinigh,pp_nav_01223,improvable,2
marapa,pp_nav_01039,navigable,65
marapa,pp_nav_01040,navigable,58
marapa,pp_nav_01064,navigable,57
kashechewan,pp_nav_00760,improvable,13
kashechewan,pp_nav_00772,improvable,25
monghyr,pp_nav_01779,navigable,40
monghyr,pp_nav_01786,navigable,11
muichi,pp_nav_02179,navigable,28
muichi,pp_nav_02188,navigable,6
ganatchio,pp_nav_01169,navigable,37
yguazu,pp_nav_02300,improvable,48
yguazu,pp_nav_02302,improvable,35
yguazu,pp_nav_02306,barrier,75
yguazu,pp_nav_02314,improvable,22
yguazu,pp_nav_02316,improvable,32
qianyang_yuanzhou,pp_nav_01675,improvable,41
qianyang_yuanzhou,pp_nav_01696,barrier,27
dzogang,pp_nav_01565,barrier,13
dzogang,pp_nav_01583,navigable,94
dzogang,pp_nav_01607,navigable,37
connatachequa,pp_nav_01205,navigable,29
ayvu_pora,pp_nav_02282,navigable,82
ayvu_pora,pp_nav_02284,navigable,4
ayvu_pora,pp_nav_02286,navigable,71
ayvu_pora,pp_nav_02288,navigable,45
aguyaq,pp_nav_00390,navigable,67
aguyaq,pp_nav_00395,navigable,50
twante,pp_nav_01940,navigable,22
twante,pp_nav_01944,navigable,7
saskatchewan,pp_nav_00681,navigable,99
saskatchewan,pp_nav_00683,navigable,87
lamego,pp_nav_01185,barrier,57
lamego,pp_nav_01186,navigable,13
humar,pp_nav_00731,navigable,18
humar,pp_nav_00741,navigable,49
humar,pp_nav_00753,navigable,61
humar,pp_nav_00768,improvable,54
humar,pp_nav_00791,improvable,5
yidu,pp_nav_01535,improvable,14
yidu,pp_nav_01554,navigable,16
kharak,pp_nav_01505,navigable,1
chalten,pp_nav_02400,improvable,15
chalten,pp_nav_02401,navigable,96
chalten,pp_nav_02402,improvable,99
chalten,pp_nav_02403,improvable,62
chalten,pp_nav_02404,navigable,11
chalten,pp_nav_02405,barrier,9
chalten,pp_nav_02406,improvable,11
fengle,pp_nav_01486,navigable,31
fengle,pp_nav_01506,navigable,13
khoai_chau,pp_nav_01887,navigable,26
ust_maia,pp_nav_00331,navigable,42
ust_maia,pp_nav_00340,navigable,41
kheong,pp_nav_01612,navigable,35
kheong,pp_nav_01635,barrier,92
kheong,pp_nav_01659,barrier,25
ruichang,pp_nav_01566,barrier,10
ruichang,pp_nav_01581,navigable,4
kistapinan,pp_nav_00716,improvable,82
wolinak,pp_nav_01020,navigable,41
calli,pp_nav_00624,navigable,23
calli,pp_nav_00629,navigable,27
kwatsaan,pp_nav_01420,navigable,48
kwatsaan,pp_nav_01437,improvable,51
syagannaax,pp_nav_00032,improvable,98
syagannaax,pp_nav_00033,navigable,34
syagannaax,pp_nav_00035,improvable,69
dinghu,pp_nav_01274,barrier,18
dinghu,pp_nav_01293,navigable,21
mamyn,pp_nav_00775,improvable,85
mamyn,pp_nav_00787,navigable,11
yedey,pp_nav_00291,navigable,20
yedey,pp_nav_00297,navigable,98
yedey,pp_nav_00308,improvable,75
dergaon,pp_nav_01699,navigable,19
dergaon,pp_nav_01712,navigable,22
amalyk,pp_nav_00504,navigable,97
amalyk,pp_nav_00525,barrier,77
amalyk,pp_nav_00542,navigable,79
amalyk,pp_nav_00556,navigable,22
yuanyang,pp_nav_01383,navigable,25
yuanyang,pp_nav_01385,navigable,48
dobrzyn,pp_nav_00738,improvable,49
dobrzyn,pp_nav_00748,navigable,22
la_tour_du_pin,pp_nav_01055,improvable,5
goupingguan,pp_nav_01449,barrier,52
dechang,pp_nav_01672,improvable,29
nomatsigenga,pp_nav_02238,improvable,52
nomatsigenga,pp_nav_02242,improvable,9
mahony,pp_nav_00108,improvable,98
mahony,pp_nav_00110,navigable,27
mahony,pp_nav_00111,improvable,53
mahony,pp_nav_00115,navigable,93
mahony,pp_nav_00125,improvable,3
mahates,pp_nav_01963,navigable,4
mahates,pp_nav_01966,navigable,56
nurgan,pp_nav_00719,barrier,96
nurgan,pp_nav_00725,barrier,46
nurgan,pp_nav_00728,navigable,19
mulhouse,pp_nav_00943,improvable,19
mulhouse,pp_nav_00971,improvable,3
siklos,pp_nav_01063,navigable,2
langzhong,pp_nav_01489,navigable,48
tiel,pp_nav_00779,navigable,17
tiel,pp_nav_00781,navigable,23
rampart,pp_nav_00088,navigable,81
rampart,pp_nav_00094,improvable,55
rampart,pp_nav_00109,navigable,52
huarong,pp_nav_01575,navigable,6
huarong,pp_nav_01585,navigable,13
talok,pp_nav_01876,navigable,24
talok,pp_nav_01882,navigable,9
kadyy,pp_nav_00508,navigable,10
kadyy,pp_nav_00513,navigable,56
kadyy,pp_nav_00517,improvable,8
archar,pp_nav_01141,navigable,22
bakele_kongo,pp_nav_02078,improvable,50
bakele_kongo,pp_nav_02083,navigable,38
huaiyuan,pp_nav_01443,navigable,26
sangar,pp_nav_00157,navigable,28
akhsisek,pp_nav_01269,navigable,44
akhsisek,pp_nav_01285,navigable,48
khaliajuri,pp_nav_01793,navigable,21
khaliajuri,pp_nav_01807,navigable,78
khaliajuri,pp_nav_01813,navigable,22
khaliajuri,pp_nav_01822,navigable,26
simiti,pp_nav_01977,navigable,49
simiti,pp_nav_01978,navigable,9
simiti,pp_nav_01991,navigable,81
simiti,pp_nav_02006,navigable,2
jalandhar,pp_nav_01512,navigable,18
jalandhar,pp_nav_01524,navigable,32
ghotki,pp_nav_01639,navigable,21
ghotki,pp_nav_01652,navigable,28
bihar_sharif,pp_nav_01769,navigable,21
bihar_sharif,pp_nav_01779,navigable,6
bihar_sharif,pp_nav_01782,navigable,21
buxar,pp_nav_01764,improvable,32
buxar,pp_nav_01772,navigable,35
rekapalle,pp_nav_01937,navigable,19
kohat,pp_nav_01418,improvable,22
kohat,pp_nav_01428,navigable,31
ancuase,pp_nav_02256,improvable,26
ancuase,pp_nav_02260,improvable,88
ancuase,pp_nav_02261,improvable,89
ancuase,pp_nav_02262,improvable,88
ancuase,pp_nav_02263,navigable,21
khairpur,pp_nav_01577,navigable,27
khairpur,pp_nav_01592,navigable,15
suket,pp_nav_01495,barrier,35
suket,pp_nav_01500,navigable,30
suket,pp_nav_01507,barrier,40
jijial,pp_nav_01370,navigable,58
jijial,pp_nav_01388,navigable,10
firozpur,pp_nav_01512,navigable,33
firozpur,pp_nav_01519,navigable,44
sehwan,pp_nav_01700,navigable,9
sehwan,pp_nav_01726,navigable,20
shankargah,pp_nav_01771,navigable,22
shankargah,pp_nav_01778,navigable,18
shankargah,pp_nav_01784,navigable,9
shankargah,pp_nav_01785,navigable,29
peshawar,pp_nav_01409,improvable,43
peshawar,pp_nav_01410,improvable,2
peshawar,pp_nav_01414,navigable,46
peshawar,pp_nav_01418,improvable,40
moro_sindh,pp_nav_01726,navigable,49
moro_sindh,pp_nav_01752,navigable,9
lalpur,pp_nav_01402,improvable,72
lalpur,pp_nav_01409,improvable,70
tangir,pp_nav_01361,navigable,12
ukunzu,pp_nav_02010,navigable,47
arochukwu,pp_nav_02028,navigable,50
arochukwu,pp_nav_02037,navigable,28
dongola,pp_nav_01907,barrier,83
dongola,pp_nav_01916,barrier,98
dongola,pp_nav_01928,barrier,17
sai,pp_nav_01881,barrier,71
sai,pp_nav_01886,barrier,94
sai,pp_nav_01892,barrier,62
cananeia,pp_nav_02297,navigable,30
dantu,pp_nav_01471,navigable,5
dantu,pp_nav_01475,improvable,12
dantu,pp_nav_01477,improvable,8
dantu,pp_nav_01478,navigable,8
assereniet,pp_nav_01240,improvable,42
assereniet,pp_nav_01248,navigable,1
assereniet,pp_nav_01256,navigable,1
jiangyin,pp_nav_01478,navigable,27
fanchang,pp_nav_01498,navigable,27
wuwei,pp_nav_01498,navigable,44
wuwei,pp_nav_01514,navigable,19
yingshang,pp_nav_01453,navigable,12
yingshang,pp_nav_01461,navigable,28
wujin,pp_nav_01475,improvable,4
wujin,pp_nav_01478,navigable,5
haining,pp_nav_01533,improvable,37
haining,pp_nav_01544,improvable,3
haining,pp_nav_01557,improvable,2
mindouli,pp_nav_02174,barrier,18
mindouli,pp_nav_02175,barrier,3
inbatskoye,pp_nav_00122,navigable,59
inbatskoye,pp_nav_00132,navigable,96
inbatskoye,pp_nav_00149,navigable,74
inbatskoye,pp_nav_00169,navigable,70
apiaka,pp_nav_02225,navigable,48
surgut,pp_nav_00279,navigable,97
surgut,pp_nav_00283,navigable,98
surgut,pp_nav_00285,navigable,98
surgut,pp_nav_00286,navigable,63
kozmodemyansk,pp_nav_00564,navigable,64
kozmodemyansk,pp_nav_00577,navigable,9
kailali,pp_nav_01626,navigable,69
kailali,pp_nav_01634,barrier,60
karendo,pp_nav_02353,navigable,14
karendo,pp_nav_02355,navigable,62
karendo,pp_nav_02357,navigable,36
karendo,pp_nav_02358,navigable,46
grudziadz,pp_nav_00686,navigable,21
dubovskoye,pp_nav_00942,navigable,6
dubovskoye,pp_nav_00960,navigable,59
dubovskoye,pp_nav_00968,navigable,31
tanana,pp_nav_00094,improvable,27
tanana,pp_nav_00100,navigable,94
tanana,pp_nav_00102,barrier,1
tanana,pp_nav_00109,navigable,46
tanana,pp_nav_00118,barrier,20
kortuz,pp_nav_00631,navigable,71
kortuz,pp_nav_00646,navigable,47
kortuz,pp_nav_00655,navigable,47
kortuz,pp_nav_00668,navigable,16
taragui,pp_nav_02332,navigable,22
taragui,pp_nav_02339,navigable,1
kushinagar,pp_nav_01684,navigable,34
kushinagar,pp_nav_01703,navigable,13
astrakhan,pp_nav_01025,navigable,26
astrakhan,pp_nav_01044,navigable,33
valence,pp_nav_01104,barrier,67
valence,pp_nav_01125,barrier,17
takspaslama,pp_nav_01056,navigable,36
takspaslama,pp_nav_01062,navigable,4
uruguay,pp_nav_02316,improvable,17
uruguay,pp_nav_02324,improvable,45
uruguay,pp_nav_02325,improvable,37
uruguay,pp_nav_02326,navigable,45
uruguay,pp_nav_02328,navigable,48
uruguay,pp_nav_02330,navigable,33
zhaozhou_jurchen,pp_nav_01073,navigable,36
zhaozhou_jurchen,pp_nav_01080,navigable,32
sienzhou,pp_nav_01837,navigable,7
zhatai,pp_nav_00212,navigable,12
zhatai,pp_nav_00226,navigable,17
zhatai,pp_nav_00227,navigable,95
zhatai,pp_nav_00236,navigable,38
zhatai,pp_nav_00255,navigable,46
zhatai,pp_nav_00257,improvable,18
kuruaya,pp_nav_02095,navigable,72
kuruaya,pp_nav_02096,navigable,41
allakaket,pp_nav_00088,navigable,16
allakaket,pp_nav_00094,improvable,43
bolotnye,pp_nav_00537,navigable,77
bolotnye,pp_nav_00546,navigable,83
bolotnye,pp_nav_00550,navigable,73
bolotnye,pp_nav_00566,navigable,70
bolotnye,pp_nav_00579,navigable,67
bolotnye,pp_nav_00600,navigable,31
bolotnye,pp_nav_00611,navigable,81
bolotnye,pp_nav_00627,navigable,76
bolotnye,pp_nav_00644,improvable,25
bangui,pp_nav_02041,navigable,48
bangui,pp_nav_02048,navigable,69
bangui,pp_nav_02053,navigable,9
bangui,pp_nav_02055,navigable,96
bangui,pp_nav_02058,navigable,9
bangui,pp_nav_02059,navigable,45
bangui,pp_nav_02064,navigable,17
vuriloche,pp_nav_02394,navigable,3
barito,pp_nav_02092,navigable,50
wari,pp_nav_02218,navigable,46
wari,pp_nav_02219,navigable,29
rampa,pp_nav_01937,navigable,48
qasba,pp_nav_01848,navigable,23
qasba,pp_nav_01857,navigable,14
mengxian,pp_nav_01390,improvable,11
mamachatpam,pp_nav_01003,barrier,13
mamachatpam,pp_nav_01015,improvable,38
mamachatpam,pp_nav_01031,improvable,71
mamachatpam,pp_nav_01046,navigable,12
konwargaon,pp_nav_01660,barrier,17
konwargaon,pp_nav_01677,navigable,73
konwargaon,pp_nav_01688,navigable,14
konwargaon,pp_nav_01699,navigable,26
yibin,pp_nav_01629,barrier,72
yibin,pp_nav_01630,improvable,13
yibin,pp_nav_01637,barrier,7
bodrog,pp_nav_01021,navigable,13
bodrog,pp_nav_01045,navigable,28
snt_t_ulix,pp_nav_00925,improvable,46
snt_t_ulix,pp_nav_00953,improvable,22
zainsk,pp_nav_00606,navigable,41
zainsk,pp_nav_00612,navigable,58
hytop,pp_nav_01379,navigable,25
hytop,pp_nav_01394,navigable,38
linxi,pp_nav_01669,improvable,8
linxi,pp_nav_01679,navigable,99
linxi,pp_nav_01704,barrier,6
zheshart,pp_nav_00224,navigable,49
zheshart,pp_nav_00225,improvable,6
zheshart,pp_nav_00232,navigable,96
zheshart,pp_nav_00235,improvable,32
zheshart,pp_nav_00239,navigable,27
nikolsky_pogost,pp_nav_00416,navigable,15
nikolsky_pogost,pp_nav_00419,barrier,81
nikolsky_pogost,pp_nav_00439,navigable,113
nikolsky_pogost,pp_nav_00442,improvable,96
nikolsky_pogost,pp_nav_00471,navigable,67
ragnit,pp_nav_00645,improvable,16
ragnit,pp_nav_00649,navigable,63
tongle,pp_nav_01796,barrier,37
tongle,pp_nav_01809,navigable,1
siberia_bor,pp_nav_00265,navigable,25
siberia_bor,pp_nav_00277,navigable,46
natchez,pp_nav_01485,navigable,83
natchez,pp_nav_01508,improvable,57
smederevo,pp_nav_01115,improvable,51
qiaokou,pp_nav_01646,navigable,59
sailahai,pp_nav_01348,barrier,16
sailahai,pp_nav_01366,barrier,48
sailahai,pp_nav_01392,navigable,55
qidong,pp_nav_01297,navigable,12
qidong,pp_nav_01309,navigable,3
tansen,pp_nav_01667,improvable,33
tansen,pp_nav_01684,navigable,8
pozega,pp_nav_01086,navigable,4
pozega,pp_nav_01096,navigable,40
pozega,pp_nav_01098,navigable,1
utaya,pp_nav_00074,improvable,4
utaya,pp_nav_00087,navigable,9
gurupi,pp_nav_02229,navigable,68
gurupi,pp_nav_02233,navigable,67
hejiang,pp_nav_01622,improvable,27
hejiang,pp_nav_01627,improvable,9
nadi,pp_nav_01788,navigable,65
nadi,pp_nav_01796,barrier,2
nadi,pp_nav_01799,barrier,34
semikarakorsk,pp_nav_00975,navigable,97
semikarakorsk,pp_nav_00976,navigable,2
semikarakorsk,pp_nav_00982,improvable,11
agen,pp_nav_01124,improvable,9
markham,pp_nav_01552,navigable,17
markham,pp_nav_01587,navigable,8
sol_velikaya,pp_nav_00489,navigable,30
sol_velikaya,pp_nav_00502,navigable,19
vazhiny,pp_nav_00303,improvable,77
vazhiny,pp_nav_00305,navigable,34
bojaya,pp_nav_02011,navigable,7
gaoming,pp_nav_01861,navigable,18
jiajin,pp_nav_00891,improvable,21
jiajin,pp_nav_00903,navigable,78
jiajin,pp_nav_00909,navigable,71
jiajin,pp_nav_00924,navigable,60
kurba,pp_nav_00482,navigable,1
hont,pp_nav_00958,improvable,34
hont,pp_nav_00959,improvable,22
kamniga,pp_nav_00443,barrier,10
pumbo,pp_nav_02155,barrier,1
pumbo,pp_nav_02164,barrier,48
pumbo,pp_nav_02170,barrier,10
tupirama,pp_nav_02200,navigable,23
tupirama,pp_nav_02208,navigable,38
enxet,pp_nav_02290,navigable,12
enxet,pp_nav_02293,improvable,45
enxet,pp_nav_02296,navigable,20
minsin,pp_nav_01736,improvable,9
minsin,pp_nav_01758,navigable,77
minsin,pp_nav_01775,navigable,25
matootonha,pp_nav_00991,navigable,46
matootonha,pp_nav_00998,navigable,94
matootonha,pp_nav_00999,navigable,47
matootonha,pp_nav_01016,improvable,58
matootonha,pp_nav_01018,navigable,92
matootonha,pp_nav_01039,navigable,29
matootonha,pp_nav_01040,navigable,24
kazachinskoye,pp_nav_00466,improvable,37
kazachinskoye,pp_nav_00509,improvable,69
kazachinskoye,pp_nav_00530,navigable,28
nanchang,pp_nav_01645,improvable,12
village_onega,pp_nav_00145,navigable,64
village_onega,pp_nav_00153,navigable,50
suide,pp_nav_01293,navigable,15
wallowa,pp_nav_01043,barrier,35
wallowa,pp_nav_01061,improvable,63
wallowa,pp_nav_01088,barrier,35
zhongxiang,pp_nav_01486,navigable,3
zhongxiang,pp_nav_01506,navigable,25
chalninsky_pochinok,pp_nav_00597,navigable,74
chalninsky_pochinok,pp_nav_00603,navigable,17
chalninsky_pochinok,pp_nav_00606,navigable,45
sremska_mitrovica,pp_nav_01092,navigable,56
sremska_mitrovica,pp_nav_01110,improvable,24
sremska_mitrovica,pp_nav_01120,improvable,28
klutina,pp_nav_00271,improvable,87
nabagram,pp_nav_01793,navigable,19
obidos,pp_nav_02097,navigable,23
swarakxen,pp_nav_00859,navigable,45
swarakxen,pp_nav_00874,navigable,80
dingi,pp_nav_02175,barrier,46
dingi,pp_nav_02178,barrier,24
chiang_khan,pp_nav_01926,navigable,54
chiang_khan,pp_nav_01931,navigable,20
chiang_khan,pp_nav_01933,navigable,10
megion,pp_nav_00286,navigable,35
megion,pp_nav_00292,navigable,98
megion,pp_nav_00293,navigable,94
megion,pp_nav_00299,navigable,94
megion,pp_nav_00304,navigable,94
megion,pp_nav_00307,navigable,36
kowal,pp_nav_00738,improvable,10
kowal,pp_nav_00748,navigable,12
nisga_a,pp_nav_00633,barrier,77
nisga_a,pp_nav_00650,navigable,96
nisga_a,pp_nav_00662,barrier,84
chiang_saen,pp_nav_01891,improvable,8
chiang_saen,pp_nav_01893,improvable,30
zalari,pp_nav_00678,navigable,24
zalari,pp_nav_00690,navigable,55
truka,pp_nav_02203,navigable,48
truka,pp_nav_02205,navigable,13
dan_sai,pp_nav_01931,navigable,5
simbirsk,pp_nav_00663,navigable,44
simbirsk,pp_nav_00673,navigable,12
rinpung_yarlung,pp_nav_01606,improvable,47
yopo,pp_nav_02024,navigable,48
yopo,pp_nav_02030,navigable,19
yopo,pp_nav_02032,navigable,51
yopo,pp_nav_02034,navigable,37
yopo,pp_nav_02040,navigable,4
feira,pp_nav_01185,barrier,29
wumeng,pp_nav_01662,barrier,4
wumeng,pp_nav_01682,barrier,16
tara,pp_nav_00522,navigable,31
tara,pp_nav_00534,navigable,71
tara,pp_nav_00551,navigable,55
tara,pp_nav_00571,navigable,49
tanico,pp_nav_01364,navigable,11
tanico,pp_nav_01367,navigable,12
hejin,pp_nav_01324,improvable,5
hejin,pp_nav_01355,improvable,14
jiaxing,pp_nav_01533,improvable,17
jiaxing,pp_nav_01544,improvable,6
yuryev_povolzhsk,pp_nav_00511,navigable,35
yuryev_povolzhsk,pp_nav_00513,navigable,21
yuryev_povolzhsk,pp_nav_00517,improvable,14
yuryev_povolzhsk,pp_nav_00523,navigable,12
bonn,pp_nav_00835,improvable,44
soscumica,pp_nav_00830,improvable,38
soscumica,pp_nav_00842,navigable,93
mura,pp_nav_02120,navigable,10
mura,pp_nav_02130,navigable,9
mura,pp_nav_02133,navigable,43
mura,pp_nav_02141,navigable,23
lakhimpur,pp_nav_01660,barrier,23
lakhimpur,pp_nav_01668,navigable,8
lakhimpur,pp_nav_01677,navigable,47
lakhimpur,pp_nav_01699,navigable,21
lakhimpur,pp_nav_01702,navigable,42
yanhe,pp_nav_01620,barrier,38
yanhe,pp_nav_01638,navigable,68
kremenchuk,pp_nav_00898,navigable,5
kremenchuk,pp_nav_00901,navigable,24
kremenchuk,pp_nav_00902,navigable,73
kremenchuk,pp_nav_00907,navigable,36
guamontey,pp_nav_01992,navigable,58
guamontey,pp_nav_01997,navigable,42
guamontey,pp_nav_01998,navigable,1
guamontey,pp_nav_01999,navigable,7
hackensack,pp_nav_01188,navigable,20
mikhaylovka_pontic,pp_nav_00972,navigable,10
mikhaylovka_pontic,pp_nav_00977,navigable,35
olekma,pp_nav_00329,navigable,4
olekma,pp_nav_00338,barrier,15
kahayan_hilir,pp_nav_02117,navigable,9
kahayan_hilir,pp_nav_02129,navigable,20
asurini,pp_nav_02113,navigable,23
asurini,pp_nav_02139,navigable,69
asurini,pp_nav_02153,navigable,12
asurini,pp_nav_02158,navigable,2
rohrbach,pp_nav_00919,improvable,22
rohrbach,pp_nav_00922,barrier,15
rohrbach,pp_nav_00932,barrier,8
mengla,pp_nav_01879,navigable,16
jizhou,pp_nav_01324,improvable,28
bahraich,pp_nav_01655,navigable,19
bahraich,pp_nav_01683,navigable,21
anais,pp_nav_02252,navigable,9
anais,pp_nav_02254,navigable,54
anais,pp_nav_02259,navigable,41
itapua,pp_nav_02312,improvable,57
itapua,pp_nav_02317,navigable,69
itapua,pp_nav_02320,navigable,33
tam_dai,pp_nav_01884,navigable,31
qujiang_guangan,pp_nav_01522,navigable,20
qujiang_guangan,pp_nav_01548,navigable,56
eskalapia,pp_nav_01248,navigable,42
eskalapia,pp_nav_01253,improvable,82
eskalapia,pp_nav_01256,navigable,35
eskalapia,pp_nav_01257,improvable,24
eskalapia,pp_nav_01260,navigable,18
bakhanay,pp_nav_00066,improvable,57
bakhanay,pp_nav_00077,navigable,22
velyka_lepetykha,pp_nav_00979,navigable,17
velyka_lepetykha,pp_nav_00983,navigable,42
yonghe,pp_nav_01311,improvable,25
calbe,pp_nav_00756,navigable,6
calbe,pp_nav_00778,navigable,14
kolosovka,pp_nav_00571,navigable,12
kolosovka,pp_nav_00598,navigable,50
kolosovka,pp_nav_00613,improvable,48
kolosovka,pp_nav_00626,navigable,17
oryahovo,pp_nav_01144,navigable,56
oryahovo,pp_nav_01146,navigable,18
sambhal,pp_nav_01618,navigable,11
sambhal,pp_nav_01643,improvable,10
wanan,pp_nav_01707,navigable,38
wanan,pp_nav_01731,barrier,64
thaton,pp_nav_01941,navigable,27
pandua_adina,pp_nav_01783,navigable,15
wuhe,pp_nav_01431,navigable,19
wuhe,pp_nav_01436,navigable,49
wuhe,pp_nav_01443,navigable,3
rigyal,pp_nav_01574,barrier,57
rigyal,pp_nav_01586,navigable,78
xilong,pp_nav_01798,improvable,45
xilong,pp_nav_01802,barrier,21
xilong,pp_nav_01808,navigable,5
cremona,pp_nav_01097,navigable,2
cremona,pp_nav_01099,navigable,40
chioggia,pp_nav_01109,navigable,10
phon_hong,pp_nav_01926,navigable,47
phon_hong,pp_nav_01931,navigable,23
fathabad,pp_nav_01839,navigable,43
fathabad,pp_nav_01848,navigable,40
cherlak,pp_nav_00640,navigable,14
cherlak,pp_nav_00658,navigable,56
cherlak,pp_nav_00667,navigable,91
cherlak,pp_nav_00675,navigable,98
cherlak,pp_nav_00685,navigable,11
karnak,pp_nav_01152,navigable,20
maymaga,pp_nav_00186,navigable,28
maymaga,pp_nav_00202,navigable,17
yaros,pp_nav_02361,navigable,9
yaros,pp_nav_02362,navigable,83
yaros,pp_nav_02364,navigable,7
shilou,pp_nav_01293,navigable,28
shilou,pp_nav_01311,improvable,9
huangcaoba,pp_nav_01798,improvable,32
huangcaoba,pp_nav_01808,navigable,31
menouf,pp_nav_01531,navigable,51
menouf,pp_nav_01559,navigable,26
ashmunayn,pp_nav_01651,navigable,27
ashmunayn,pp_nav_01676,navigable,12
esna,pp_nav_01749,navigable,14
esna,pp_nav_01766,navigable,94
esna,pp_nav_01789,navigable,3
el_buwit,pp_nav_01676,navigable,40
el_buwit,pp_nav_01694,navigable,30
north_meetto,pp_nav_02232,improvable,3
north_meetto,pp_nav_02236,navigable,35
north_meetto,pp_nav_02237,navigable,36
sirnak,pp_nav_01284,barrier,22
sirnak,pp_nav_01296,improvable,41
suruc,pp_nav_01306,navigable,52
suruc,pp_nav_01318,navigable,14
birecik,pp_nav_01280,navigable,6
birecik,pp_nav_01292,navigable,49
birecik,pp_nav_01306,navigable,27
al_sinn,pp_nav_01340,improvable,8
al_sinn,pp_nav_01363,improvable,69
haditha,pp_nav_01403,navigable,11
haditha,pp_nav_01408,navigable,17
haditha,pp_nav_01411,navigable,35
hillah,pp_nav_01445,navigable,39
hillah,pp_nav_01470,navigable,58
hillah,pp_nav_01490,navigable,57
hillah,pp_nav_01501,navigable,3
al_tib,pp_nav_01460,navigable,51
al_tib,pp_nav_01479,navigable,36
suq_al_shuyukh,pp_nav_01515,navigable,23
suq_al_shuyukh,pp_nav_01529,navigable,28
al_bab,pp_nav_01318,navigable,22
al_bab,pp_nav_01333,navigable,1
yongchang_yongchang,pp_nav_01768,barrier,35
yongchang_yongchang,pp_nav_01792,improvable,2
severin,pp_nav_01126,navigable,3
havasu,pp_nav_01336,navigable,6
havasu,pp_nav_01371,navigable,4
la_teste_de_buch,pp_nav_01105,navigable,4
wogamusin,pp_nav_02163,navigable,5
wogamusin,pp_nav_02166,navigable,14
mundurukania,pp_nav_02125,navigable,20
mundurukania,pp_nav_02138,navigable,95
mundurukania,pp_nav_02156,navigable,22
deloy_chet,pp_nav_00214,navigable,4
deloy_chet,pp_nav_00234,navigable,14
deloy_chet,pp_nav_00264,navigable,53
ban_khon,pp_nav_01915,improvable,58
ban_khon,pp_nav_01925,improvable,14
xinan,pp_nav_01378,navigable,17
saint_etienne,pp_nav_01074,navigable,6
subansiri,pp_nav_01660,barrier,53
opelousa,pp_nav_01496,navigable,30
opelousa,pp_nav_01508,improvable,29
opelousa,pp_nav_01510,navigable,20
opelousa,pp_nav_01511,navigable,15
opelousa,pp_nav_01528,navigable,61
opelousa,pp_nav_01546,navigable,49
lemberan,pp_nav_01211,navigable,5
ulma,pp_nav_00775,improvable,42
yolombo,pp_nav_01991,navigable,9
yolombo,pp_nav_02006,navigable,85
yolombo,pp_nav_02013,navigable,19
bijni,pp_nav_01746,improvable,20
chicoutimi,pp_nav_00927,improvable,34
tomsk,pp_nav_00493,navigable,7
tomsk,pp_nav_00495,navigable,22
tomsk,pp_nav_00519,navigable,23
tomsk,pp_nav_00520,navigable,73
tomsk,pp_nav_00537,navigable,28
tomsk,pp_nav_00546,navigable,50
tomsk,pp_nav_00566,navigable,38
shahjadpur,pp_nav_01801,navigable,40
shahjadpur,pp_nav_01825,navigable,33
ningfan,pp_nav_01720,improvable,20
savannakhet,pp_nav_01945,navigable,41
savannakhet,pp_nav_01949,navigable,8
ningxia,pp_nav_01251,navigable,86
ningxia,pp_nav_01266,improvable,16
taungdwingyi,pp_nav_01901,navigable,18
guanghua,pp_nav_01458,improvable,36
oli_baraza,pp_nav_00548,navigable,52
phsar_dek,pp_nav_01964,navigable,10
phsar_dek,pp_nav_01965,navigable,47
phsar_dek,pp_nav_01967,navigable,52
cachamay,pp_nav_01982,navigable,8
cachamay,pp_nav_01985,navigable,22
cachamay,pp_nav_02003,navigable,33
firuzabad_bahraich,pp_nav_01634,barrier,23
firuzabad_bahraich,pp_nav_01655,navigable,67
baden_im_aargau,pp_nav_00973,barrier,15
cussate,pp_nav_01330,navigable,3
cussate,pp_nav_01354,navigable,98
cussate,pp_nav_01374,navigable,39
liujiang,pp_nav_01522,navigable,69
machichi,pp_nav_00531,improvable,31
machichi,pp_nav_00535,navigable,3
machichi,pp_nav_00541,navigable,38
myede,pp_nav_01901,navigable,27
myede,pp_nav_01911,navigable,15
savar,pp_nav_01825,navigable,22
qishui,pp_nav_01545,navigable,19
qishui,pp_nav_01566,barrier,6
thalisain,pp_nav_01590,navigable,3
bysyttakh,pp_nav_00176,navigable,72
bysyttakh,pp_nav_00197,navigable,31
bysyttakh,pp_nav_00198,navigable,14
nemby,pp_nav_02296,navigable,28
nemby,pp_nav_02299,improvable,77
nemby,pp_nav_02304,navigable,2
gryfow,pp_nav_00694,navigable,37
gryfow,pp_nav_00724,navigable,18
yongxing_xingguo,pp_nav_01566,barrier,32
mahmudabad,pp_nav_01220,navigable,45
multnomah,pp_nav_01038,improvable,23
multnomah,pp_nav_01051,navigable,77
multnomah,pp_nav_01081,barrier,4
saharsa,pp_nav_01732,improvable,47
saharsa,pp_nav_01755,navigable,42
saucunk,pp_nav_01196,barrier,7
saucunk,pp_nav_01197,improvable,9
saucunk,pp_nav_01199,improvable,33
nograd,pp_nav_00958,improvable,7
nograd,pp_nav_00959,improvable,6
beisheng,pp_nav_01689,navigable,18
beisheng,pp_nav_01713,barrier,23
huanglong,pp_nav_01446,navigable,43
huanglong,pp_nav_01447,improvable,18
shchuchya,pp_nav_00054,navigable,97
shchuchya,pp_nav_00055,improvable,90
shchuchya,pp_nav_00056,navigable,16
shchuchya,pp_nav_00058,navigable,14
shchuchya,pp_nav_00064,navigable,78
mangshi,pp_nav_01828,barrier,9
oromocto,pp_nav_01052,navigable,46
oromocto,pp_nav_01058,navigable,34
mong_hsat,pp_nav_01891,improvable,13
heyang_xian,pp_nav_01355,improvable,12
heyang_xian,pp_nav_01376,navigable,29
pur,pp_nav_00046,navigable,95
pur,pp_nav_00061,navigable,98
pur,pp_nav_00070,navigable,94
pur,pp_nav_00085,navigable,72
wolmirstedt,pp_nav_00756,navigable,29
worms,pp_nav_00869,navigable,5
worms,pp_nav_00872,navigable,13
jianli,pp_nav_01575,navigable,9
jianli,pp_nav_01580,navigable,18
jianli,pp_nav_01585,navigable,38
desnyanskyi_horodok,pp_nav_00826,navigable,67
desnyanskyi_horodok,pp_nav_00847,navigable,61
aowa,pp_nav_01161,improvable,81
aowa,pp_nav_01162,improvable,13
aowa,pp_nav_01163,navigable,14
aowa,pp_nav_01164,navigable,94
aowa,pp_nav_01168,navigable,95
aowa,pp_nav_01175,navigable,7
becaguimec,pp_nav_01013,improvable,68
becaguimec,pp_nav_01037,navigable,45
danilov,pp_nav_00483,navigable,25
vu_ninh,pp_nav_01884,navigable,25
vu_ninh,pp_nav_01887,navigable,9
houguan,pp_nav_01734,improvable,56
houguan,pp_nav_01751,navigable,22
enookwasaneenah,pp_nav_01142,navigable,38
qihe,pp_nav_01309,navigable,28
qihe,pp_nav_01317,navigable,63
rongcheng,pp_nav_01855,improvable,12
harburg,pp_nav_00696,navigable,15
laribandar,pp_nav_01800,navigable,12
laribandar,pp_nav_01819,navigable,41
sonepur_bihar,pp_nav_01728,navigable,43
sonepur_bihar,pp_nav_01754,navigable,40
sonepur_bihar,pp_nav_01759,navigable,7
sonepur_bihar,pp_nav_01765,navigable,26
dipalpur,pp_nav_01519,navigable,12
dipalpur,pp_nav_01543,navigable,44
chitrakuta,pp_nav_01763,navigable,10
chitrakuta,pp_nav_01778,navigable,41
banda,pp_nav_01753,navigable,6
banda,pp_nav_01763,navigable,41
kutlehar,pp_nav_01502,improvable,12
aror,pp_nav_01625,navigable,57
aror,pp_nav_01639,navigable,30
baligram,pp_nav_01370,navigable,12
baligram,pp_nav_01388,navigable,6
baligram,pp_nav_01393,improvable,53
baligram,pp_nav_01410,improvable,3
sonda,pp_nav_01774,navigable,12
sonda,pp_nav_01800,navigable,24
rahon,pp_nav_01502,improvable,28
rahon,pp_nav_01524,navigable,18
rahon,pp_nav_01525,navigable,20
patna,pp_nav_01754,navigable,17
patna,pp_nav_01765,navigable,22
patna,pp_nav_01769,navigable,24
multan,pp_nav_01564,navigable,28
lalian,pp_nav_01467,navigable,13
lalian,pp_nav_01483,navigable,39
dunga_bunga,pp_nav_01561,navigable,9
dunga_bunga,pp_nav_01577,navigable,24
astore,pp_nav_01359,barrier,4
lokoja,pp_nav_01975,navigable,15
lokoja,pp_nav_01984,navigable,91
lokoja,pp_nav_01988,navigable,40
lokoja,pp_nav_01993,navigable,16
lokoja,pp_nav_02001,navigable,14
onitsha,pp_nav_02018,navigable,7
berber,pp_nav_01910,navigable,9
berber,pp_nav_01917,navigable,55
berber,pp_nav_01927,navigable,28
karima,pp_nav_01913,barrier,29
karima,pp_nav_01920,barrier,39
karima,pp_nav_01928,barrier,40
karima,pp_nav_01930,barrier,5
bolikham,pp_nav_01921,navigable,16
bolikham,pp_nav_01922,navigable,28
anundsjo,pp_nav_00179,navigable,17
wuhu,pp_nav_01484,navigable,2
wuhu,pp_nav_01498,navigable,18
dangtu,pp_nav_01484,navigable,32
hangzhou,pp_nav_01533,improvable,14
hangzhou,pp_nav_01557,improvable,17
hangzhou,pp_nav_01563,improvable,20
shaoxing,pp_nav_01569,navigable,16
mitchigamea,pp_nav_01265,navigable,5
mitchigamea,pp_nav_01275,navigable,37
mitchigamea,pp_nav_01281,navigable,5
mitchigamea,pp_nav_01283,navigable,63
mitchigamea,pp_nav_01294,navigable,27
mitchigamea,pp_nav_01298,navigable,10
mitchigamea,pp_nav_01303,navigable,19
pingnan,pp_nav_01853,navigable,43
papun,pp_nav_01912,navigable,5
papun,pp_nav_01935,barrier,72
chernihiv,pp_nav_00807,navigable,6
kholongsolokh,pp_nav_00039,navigable,10
yanchuan,pp_nav_01311,improvable,27
pustozersk,pp_nav_00043,navigable,15
pustozersk,pp_nav_00045,improvable,99
pustozersk,pp_nav_00062,navigable,99
messoyakha,pp_nav_00042,navigable,39
henley,pp_nav_00788,improvable,28
henley,pp_nav_00798,improvable,15
zhebariki_khaya,pp_nav_00217,improvable,24
zhebariki_khaya,pp_nav_00233,improvable,23
uyapari,pp_nav_01979,navigable,97
uyapari,pp_nav_01980,navigable,9
uyapari,pp_nav_01982,navigable,26
parrusit,pp_nav_01338,barrier,13
parrusit,pp_nav_01345,barrier,7
uftyuga,pp_nav_00261,improvable,37
uftyuga,pp_nav_00268,improvable,15
uftyuga,pp_nav_00273,navigable,39
katihar,pp_nav_01780,improvable,24
katihar,pp_nav_01783,navigable,18
baodian,pp_nav_01810,barrier,19
baodian,pp_nav_01821,navigable,38
wuzhi,pp_nav_01383,navigable,30
winyah,pp_nav_01424,navigable,58
winyah,pp_nav_01427,navigable,54
winyah,pp_nav_01433,navigable,15
chitina,pp_nav_00271,improvable,6
chitina,pp_nav_00295,navigable,100
chitina,pp_nav_00315,navigable,22
cherdyn,pp_nav_00358,navigable,6
metog,pp_nav_01574,barrier,55
metog,pp_nav_01589,barrier,92
metog,pp_nav_01617,barrier,1
niurba,pp_nav_00174,improvable,75
niurba,pp_nav_00176,navigable,24
hurle,pp_nav_01026,navigable,40
oyate_shisha,pp_nav_01161,improvable,17
parakana,pp_nav_02158,navigable,84
parakana,pp_nav_02172,navigable,32
anambe,pp_nav_02113,navigable,70
pokrovsk,pp_nav_00782,navigable,8
pokrovsk,pp_nav_00790,navigable,46
pokrovsk,pp_nav_00806,navigable,35
agaes,pp_nav_02304,navigable,21
agaes,pp_nav_02308,navigable,83
dartsedo,pp_nav_01516,barrier,23
dartsedo,pp_nav_01551,barrier,66
urucurituba,pp_nav_02109,navigable,4
urucurituba,pp_nav_02111,navigable,9
urucurituba,pp_nav_02115,navigable,15
urucurituba,pp_nav_02118,navigable,56
azeevo,pp_nav_00638,navigable,23
azeevo,pp_nav_00656,improvable,5
enenlhet,pp_nav_02286,navigable,34
enenlhet,pp_nav_02288,navigable,32
enenlhet,pp_nav_02290,navigable,45
bolkhuny,pp_nav_00930,navigable,8
bolkhuny,pp_nav_00935,navigable,35
bolkhuny,pp_nav_00952,navigable,48
balcheta,pp_nav_02380,navigable,46
balcheta,pp_nav_02381,improvable,15
balcheta,pp_nav_02382,improvable,36
balcheta,pp_nav_02383,improvable,37
balcheta,pp_nav_02387,navigable,4
kamiahpu,pp_nav_01061,improvable,51
kamiahpu,pp_nav_01088,barrier,81
kamiahpu,pp_nav_01118,navigable,30
khvorostyanka,pp_nav_00718,navigable,45
khvorostyanka,pp_nav_00722,navigable,7
khvorostyanka,pp_nav_00735,navigable,43
krasnoyarsk,pp_nav_00554,improvable,45
krasnoyarsk,pp_nav_00572,navigable,77
krasnoyarsk,pp_nav_00594,improvable,71
krasnoyarsk,pp_nav_00608,navigable,50
krasnoyarsk,pp_nav_00631,navigable,2
passo_fundo,pp_nav_02313,barrier,15
passo_fundo,pp_nav_02318,navigable,47
caspe,pp_nav_01184,improvable,24
wutun,pp_nav_01853,navigable,13
chivilco,pp_nav_02368,navigable,5
xiaodandang,pp_nav_01647,navigable,3
xiaodandang,pp_nav_01669,improvable,47
xiaodandang,pp_nav_01685,navigable,32
xiaodandang,pp_nav_01695,navigable,33
wuling,pp_nav_01624,navigable,67
fugu,pp_nav_01229,navigable,58
fugu,pp_nav_01245,navigable,35
pantian,pp_nav_01844,navigable,7
nam_thing,pp_nav_01858,navigable,47
nam_thing,pp_nav_01865,navigable,3
mistutikumak,pp_nav_00516,navigable,44
gniew,pp_nav_00672,navigable,12
gniew,pp_nav_00686,navigable,8
bendi,pp_nav_02159,improvable,45
bendi,pp_nav_02165,navigable,29
densatil,pp_nav_01611,navigable,5
densatil,pp_nav_01615,improvable,61
gyor,pp_nav_00946,improvable,14
gyor,pp_nav_00964,navigable,41
yangshou,pp_nav_01826,improvable,43
yangshou,pp_nav_01840,navigable,11
catan_lil,pp_nav_02384,navigable,78
catan_lil,pp_nav_02385,improvable,43
catan_lil,pp_nav_02386,improvable,94
catan_lil,pp_nav_02388,improvable,46
catan_lil,pp_nav_02391,navigable,79
catan_lil,pp_nav_02392,improvable,15
catan_lil,pp_nav_02394,navigable,8
maizinaazibi,pp_nav_01066,improvable,1
sohra,pp_nav_01793,navigable,22
lagoa_vermelha,pp_nav_02318,navigable,3
lagoa_vermelha,pp_nav_02322,barrier,40
passau,pp_nav_00910,improvable,15
passau,pp_nav_00919,improvable,33
pinya,pp_nav_01876,navigable,32
pinya,pp_nav_01877,navigable,35
manaos,pp_nav_02120,navigable,16
manaos,pp_nav_02124,navigable,38
manaos,pp_nav_02126,navigable,63
manaos,pp_nav_02130,navigable,24
shunde,pp_nav_01863,navigable,20
shunde,pp_nav_01866,navigable,14
kulun_olbut,pp_nav_00048,improvable,98
hpa_an,pp_nav_01935,barrier,11
hpa_an,pp_nav_01941,navigable,57
wengshui,pp_nav_01678,navigable,1
wengshui,pp_nav_01691,improvable,35
mihalt,pp_nav_01121,improvable,30
ruse,pp_nav_01139,navigable,31
beljamen,pp_nav_00875,navigable,21
beljamen,pp_nav_00894,navigable,5
beljamen,pp_nav_00895,navigable,45
paranaidji,pp_nav_02187,navigable,2
paranaidji,pp_nav_02190,navigable,61
paranaidji,pp_nav_02193,improvable,19
kamen,pp_nav_00677,navigable,33
kamen,pp_nav_00688,navigable,38
lamayuru,pp_nav_01372,barrier,39
lamayuru,pp_nav_01384,improvable,37
stswecen_c,pp_nav_00742,navigable,36
stswecen_c,pp_nav_00764,improvable,60
viziru,pp_nav_01091,navigable,55
pingyin,pp_nav_01317,navigable,13
pingyin,pp_nav_01327,navigable,19
tharrawaddy,pp_nav_01918,navigable,5
tharrawaddy,pp_nav_01934,navigable,37
tharrawaddy,pp_nav_01940,navigable,7
hajipur,pp_nav_01728,navigable,10
hajipur,pp_nav_01754,navigable,40
hajipur,pp_nav_01769,navigable,37
circle,pp_nav_00090,navigable,98
circle,pp_nav_00097,improvable,33
madhubani,pp_nav_01755,navigable,17
mehin,pp_nav_02193,improvable,4
mehin,pp_nav_02194,navigable,38
lho_taklung,pp_nav_01609,improvable,19
ipueira,pp_nav_02227,navigable,66
ipueira,pp_nav_02231,navigable,96
ipueira,pp_nav_02235,navigable,97
ipueira,pp_nav_02240,navigable,95
ipueira,pp_nav_02243,navigable,17
tuma,pp_nav_00652,improvable,30
tuma,pp_nav_00659,navigable,11
bauzi,pp_nav_02106,navigable,72
inhandui,pp_nav_02333,navigable,8
inhandui,pp_nav_02334,navigable,62
inhandui,pp_nav_02335,navigable,15
inhandui,pp_nav_02336,navigable,62
inhandui,pp_nav_02338,navigable,13
goleniow,pp_nav_00694,navigable,15
shimbay,pp_nav_01157,navigable,60
shimbay,pp_nav_01165,navigable,36
shimbay,pp_nav_01170,navigable,25
walong,pp_nav_01658,navigable,100
walong,pp_nav_01661,barrier,37
wenxiang,pp_nav_01397,navigable,21
vagay,pp_nav_00446,navigable,14
vagay,pp_nav_00456,navigable,18
vagay,pp_nav_00461,navigable,54
vagay,pp_nav_00465,navigable,14
vagay,pp_nav_00469,navigable,25
vagay,pp_nav_00470,navigable,45
yuncheng,pp_nav_01342,navigable,18
braunau,pp_nav_00933,improvable,25
rampur_boalla,pp_nav_01818,navigable,18
rampur_boalla,pp_nav_01827,navigable,25
nyemo,pp_nav_01606,improvable,23
pankararu,pp_nav_02206,navigable,28
pankararu,pp_nav_02210,improvable,91
pankararu,pp_nav_02217,barrier,30
itonama,pp_nav_02244,navigable,23
passavant,pp_nav_00986,navigable,40
passavant,pp_nav_00988,navigable,8
passavant,pp_nav_00990,navigable,34
shidian,pp_nav_01781,navigable,8
shidian,pp_nav_01811,navigable,38
q_espiea,pp_nav_00839,improvable,20
q_espiea,pp_nav_00859,navigable,13
samara,pp_nav_00722,navigable,1
kuna,pp_nav_02011,navigable,27
jaintiapur,pp_nav_01803,navigable,5
ibrahimabad,pp_nav_01683,navigable,12
ibrahimabad,pp_nav_01705,navigable,11
murom,pp_nav_00599,navigable,32
murom,pp_nav_00620,navigable,44
nikolsky,pp_nav_00484,improvable,9
nikolsky,pp_nav_00499,improvable,61
nikolsky,pp_nav_00512,navigable,27
tukuringra,pp_nav_00689,improvable,30
teliagarhi,pp_nav_01776,navigable,13
teliagarhi,pp_nav_01780,improvable,36
teliagarhi,pp_nav_01786,navigable,9
muara_bahan,pp_nav_02103,navigable,8
muara_bahan,pp_nav_02117,navigable,24
bo_hai_khau,pp_nav_01887,navigable,6
bo_hai_khau,pp_nav_01894,navigable,23
tuyandina,pp_nav_00021,navigable,60
tuyandina,pp_nav_00024,improvable,88
tuyandina,pp_nav_00030,navigable,35
linjin,pp_nav_01355,improvable,17
linjin,pp_nav_01376,navigable,11
mingin,pp_nav_01864,navigable,51
mingin,pp_nav_01869,navigable,18
osaakiiwaki,pp_nav_01160,navigable,37
salin,pp_nav_01888,navigable,32
salin,pp_nav_01895,navigable,1
patharkandi,pp_nav_01803,navigable,27
patharkandi,pp_nav_01804,navigable,2
charaideo,pp_nav_01699,navigable,35
azamgarh,pp_nav_01727,navigable,32
azamgarh,pp_nav_01743,navigable,22
gonda,pp_nav_01683,navigable,27
gonda,pp_nav_01705,navigable,44
ibirapuita,pp_nav_02333,navigable,18
ibirapuita,pp_nav_02337,navigable,53
ibirapuita,pp_nav_02344,navigable,29
plenita,pp_nav_01126,navigable,65
plenita,pp_nav_01131,navigable,4
ried,pp_nav_00920,navigable,2
ried,pp_nav_00933,improvable,15
glaz,pp_nav_01096,navigable,29
glaz,pp_nav_01100,navigable,45
mechet,pp_nav_00894,navigable,16
mechet,pp_nav_00895,navigable,26
mechet,pp_nav_00905,navigable,56
mechet,pp_nav_00913,navigable,29
mechet,pp_nav_00918,navigable,2
shemonayevskoye,pp_nav_00844,navigable,35
shemonayevskoye,pp_nav_00852,improvable,94
shemonayevskoye,pp_nav_00853,navigable,65
miranha,pp_nav_02132,navigable,94
miranha,pp_nav_02142,navigable,13
miranha,pp_nav_02144,navigable,84
turas,pp_nav_02135,navigable,27
turas,pp_nav_02136,navigable,56
turas,pp_nav_02146,navigable,34
turas,pp_nav_02149,improvable,17
turas,pp_nav_02150,navigable,94
turas,pp_nav_02151,navigable,22
edfu,pp_nav_01789,navigable,58
kharibta,pp_nav_01531,navigable,6
eruh,pp_nav_01284,barrier,51
harput,pp_nav_01262,navigable,15
hit,pp_nav_01411,navigable,25
hit,pp_nav_01419,navigable,38
baqubah,pp_nav_01416,navigable,29
baqubah,pp_nav_01425,navigable,7
wasit,pp_nav_01455,navigable,45
wasit,pp_nav_01460,navigable,49
wasit,pp_nav_01479,navigable,20
zuwayr,pp_nav_01537,navigable,18
deir_ez_zor,pp_nav_01352,navigable,6
deir_ez_zor,pp_nav_01360,navigable,46
duhok,pp_nav_01296,improvable,54
duhok,pp_nav_01316,navigable,31
karaja,pp_nav_02213,navigable,9
karaja,pp_nav_02224,navigable,42
karaja,pp_nav_02228,navigable,35
kaltysyany,pp_nav_00180,navigable,54
kaltysyany,pp_nav_00196,navigable,12
pancevo,pp_nav_01076,navigable,16
pancevo,pp_nav_01102,navigable,68
pancevo,pp_nav_01115,improvable,29
ibotirama,pp_nav_02240,navigable,47
ibotirama,pp_nav_02243,navigable,47
ibotirama,pp_nav_02246,navigable,8
hongsa,pp_nav_01899,navigable,69
hongsa,pp_nav_01903,barrier,10
hongsa,pp_nav_01904,navigable,67
hongsa,pp_nav_01905,navigable,43
oheyandewa,pp_nav_01240,improvable,4
oheyandewa,pp_nav_01241,navigable,56
oheyandewa,pp_nav_01252,barrier,64
oheyandewa,pp_nav_01263,navigable,21
fengchuan,pp_nav_01856,improvable,42
bettiah,pp_nav_01703,navigable,36
bettiah,pp_nav_01728,navigable,15
wuntho,pp_nav_01846,navigable,23
chishmy,pp_nav_00641,navigable,40
chishmy,pp_nav_00657,navigable,20
norosi,pp_nav_01971,navigable,12
norosi,pp_nav_01972,navigable,76
norosi,pp_nav_01974,navigable,15
norosi,pp_nav_01977,navigable,15
norosi,pp_nav_01978,navigable,4
hanyuan,pp_nav_01582,barrier,4
hanyuan,pp_nav_01610,barrier,71
chandrapur,pp_nav_01813,navigable,4
wicontiss,pp_nav_01215,navigable,18
wicontiss,pp_nav_01223,improvable,18
wicontiss,pp_nav_01226,improvable,11
stadacona,pp_nav_01010,improvable,46
mabila,pp_nav_01463,navigable,11
mabila,pp_nav_01466,navigable,48
rowta,pp_nav_01722,navigable,32
naser,pp_nav_01969,navigable,40
sobat,pp_nav_01969,navigable,28
sobat,pp_nav_01970,navigable,46
injangyang,pp_nav_01718,improvable,48
injangyang,pp_nav_01750,barrier,81
injangyang,pp_nav_01762,navigable,4
wulong,pp_nav_01591,barrier,49
wulong,pp_nav_01603,barrier,36
lado,pp_nav_02016,navigable,39
lado,pp_nav_02025,navigable,48
lado,pp_nav_02033,navigable,28
meshra_er_req,pp_nav_01970,navigable,1
takutu,pp_nav_02057,navigable,77
para_gaviao,pp_nav_02158,navigable,2
taquarucu,pp_nav_02279,navigable,18
taquarucu,pp_nav_02281,navigable,47
taquarucu,pp_nav_02283,navigable,35
kozhevnikovo,pp_nav_00550,navigable,17
kozhevnikovo,pp_nav_00579,navigable,48
kozhevnikovo,pp_nav_00611,navigable,46
kozhevnikovo,pp_nav_00627,navigable,45
kuujjuaq,pp_nav_00457,navigable,58
kuujjuaq,pp_nav_00464,navigable,1
longquanping,pp_nav_01678,navigable,13
curu_leufvu,pp_nav_02389,navigable,77
curu_leufvu,pp_nav_02393,improvable,98
curu_leufvu,pp_nav_02395,improvable,57
nioman,pp_nav_00860,improvable,95
nioman,pp_nav_00871,navigable,96
nioman,pp_nav_00882,improvable,39
nioman,pp_nav_00888,navigable,75
nioman,pp_nav_00891,improvable,36
dordrecht,pp_nav_00779,navigable,62
dordrecht,pp_nav_00785,navigable,19
daning,pp_nav_01311,improvable,17
daning,pp_nav_01324,improvable,4
ust_vayenga,pp_nav_00182,navigable,38
ust_vayenga,pp_nav_00191,navigable,61
nechi,pp_nav_01976,navigable,20
uatuma,pp_nav_02109,navigable,78
uatuma,pp_nav_02112,improvable,34
ouachita,pp_nav_01452,navigable,77
dizhai,pp_nav_01691,improvable,5
havasubaaja,pp_nav_01323,barrier,21
havasubaaja,pp_nav_01332,improvable,25
nooksack,pp_nav_00896,improvable,18
nooksack,pp_nav_00897,improvable,16
muxihe,pp_nav_01400,barrier,10
bula_kongo,pp_nav_02175,barrier,31
bula_kongo,pp_nav_02178,barrier,54
bula_kongo,pp_nav_02182,barrier,8
whonnock,pp_nav_00896,improvable,66
catahoula,pp_nav_01474,navigable,59
catahoula,pp_nav_01485,navigable,31
catahoula,pp_nav_01496,navigable,74
catahoula,pp_nav_01508,improvable,15
catahoula,pp_nav_01511,navigable,10
daguwanalahi,pp_nav_01326,navigable,88
daguwanalahi,pp_nav_01328,navigable,9
pont_audemer,pp_nav_00883,improvable,68
pont_audemer,pp_nav_00887,navigable,8
toniato,pp_nav_01103,improvable,17
toniato,pp_nav_01112,navigable,35
piachi,pp_nav_01463,navigable,38
piachi,pp_nav_01466,navigable,50
muli,pp_nav_01671,navigable,6
consha,pp_nav_01448,navigable,70
consha,pp_nav_01459,navigable,75
chillupar,pp_nav_01727,navigable,48
chillupar,pp_nav_01743,navigable,8
boali,pp_nav_02041,navigable,44
boali,pp_nav_02048,navigable,50
qom_caia,pp_nav_02345,navigable,46
qom_caia,pp_nav_02347,improvable,88
qom_caia,pp_nav_02350,navigable,49
qom_caia,pp_nav_02351,navigable,102
qom_caia,pp_nav_02353,navigable,35
qom_caia,pp_nav_02355,navigable,32
konski_vody,pp_nav_00956,navigable,8
miangu,pp_nav_01468,improvable,2
macoupin,pp_nav_01222,navigable,88
macoupin,pp_nav_01227,navigable,6
macoupin,pp_nav_01236,navigable,46
macoupin,pp_nav_01242,navigable,7
nikolskoye_pontic,pp_nav_00952,navigable,52
nikolskoye_pontic,pp_nav_00972,navigable,28
washeo,pp_nav_00595,improvable,52
atahachi,pp_nav_01463,navigable,24
okaisipi,pp_nav_01071,barrier,16
okaisipi,pp_nav_01077,improvable,12
bulun,pp_nav_00184,improvable,54
bulun,pp_nav_00187,navigable,24
aerzhai,pp_nav_01191,navigable,57
aerzhai,pp_nav_01192,navigable,50
aerzhai,pp_nav_01194,navigable,22
aerzhai,pp_nav_01195,navigable,71
aerzhai,pp_nav_01203,navigable,19
aerzhai,pp_nav_01208,navigable,50
aerzhai,pp_nav_01221,navigable,9
mykytyn_rih,pp_nav_00974,navigable,31
mykytyn_rih,pp_nav_00979,navigable,26
cocorna,pp_nav_02017,navigable,3
zazhimchar,pp_nav_00106,navigable,7
zazhimchar,pp_nav_00121,navigable,78
zazhimchar,pp_nav_00128,navigable,84
zazhimchar,pp_nav_00135,navigable,10
petawawa,pp_nav_01030,navigable,14
petawawa,pp_nav_01035,navigable,54
petawawa,pp_nav_01036,barrier,49
petawawa,pp_nav_01042,navigable,94
petawawa,pp_nav_01047,navigable,31
petawawa,pp_nav_01057,navigable,24
petawawa,pp_nav_01059,navigable,10
lafkenmapu,pp_nav_02371,barrier,26
kaniatarahontsi,pp_nav_01103,improvable,24
kaniatarahontsi,pp_nav_01112,navigable,48
kaniatarahontsi,pp_nav_01127,navigable,8
manhattan,pp_nav_01178,navigable,2
manhattan,pp_nav_01188,navigable,26
sawran,pp_nav_01152,navigable,52
onontchataronon,pp_nav_01071,barrier,66
kamach,pp_nav_01963,navigable,9
bogra,pp_nav_01801,navigable,8
ural_nema,pp_nav_00512,navigable,16
oyuuhardaax,pp_nav_00037,navigable,29
matawin,pp_nav_00987,barrier,48
sarikei,pp_nav_02062,navigable,22
arkhangelsk,pp_nav_00129,navigable,47
arkhangelsk,pp_nav_00146,navigable,4
hagwilget,pp_nav_00633,barrier,22
wapsipinicon,pp_nav_01159,navigable,29
wapsipinicon,pp_nav_01167,navigable,94
wapsipinicon,pp_nav_01172,navigable,78
wapsipinicon,pp_nav_01177,improvable,44
pologoye_zaymishche,pp_nav_00935,navigable,7
obion,pp_nav_01312,navigable,23
obion,pp_nav_01319,navigable,58
obion,pp_nav_01329,improvable,40
kunovat,pp_nav_00112,navigable,45
kunovat,pp_nav_00121,navigable,18
dingbian_shunning,pp_nav_01805,navigable,28
dingbian_shunning,pp_nav_01810,barrier,19
ygana,pp_nav_02306,barrier,19
ygana,pp_nav_02310,improvable,98
ygana,pp_nav_02312,improvable,17
kapitukamach,pp_nav_00801,improvable,98
kapitukamach,pp_nav_00808,improvable,41
kapitukamach,pp_nav_00810,navigable,19
chisasibi,pp_nav_00687,improvable,84
anlong,pp_nav_01798,improvable,24
anlong,pp_nav_01802,barrier,3
tomtor,pp_nav_00236,navigable,27
tchakashapug,pp_nav_00803,improvable,24
tchakashapug,pp_nav_00814,improvable,14
tchakashapug,pp_nav_00815,improvable,54
tchakashapug,pp_nav_00822,navigable,22
tchakashapug,pp_nav_00827,navigable,3
juancheng,pp_nav_01342,navigable,13
juancheng,pp_nav_01356,navigable,23
sowunusiske,pp_nav_00535,navigable,91
sowunusiske,pp_nav_00540,navigable,20
lutang,pp_nav_01290,improvable,24
lutang,pp_nav_01302,navigable,61
boxing,pp_nav_01288,navigable,31
boxing,pp_nav_01291,navigable,8
turama,pp_nav_00290,improvable,5
turama,pp_nav_00300,navigable,30
bodaybo,pp_nav_00477,navigable,15
bodaybo,pp_nav_00503,navigable,15
bodaybo,pp_nav_00525,barrier,36
bodaybo,pp_nav_00542,navigable,36
karau,pp_nav_02092,navigable,47
karau,pp_nav_02103,navigable,23
kehu,pp_nav_01264,navigable,23
kehu,pp_nav_01274,barrier,27
futi,pp_nav_00970,navigable,56
futi,pp_nav_00995,navigable,98
futi,pp_nav_01000,navigable,79
mengung,pp_nav_01607,navigable,61
mengung,pp_nav_01633,barrier,100
mengung,pp_nav_01654,navigable,11
fanxian,pp_nav_01342,navigable,32
fanxian,pp_nav_01356,navigable,8
nanbu,pp_nav_01489,navigable,36
nanbu,pp_nav_01509,improvable,18
fuzhou_sichuan,pp_nav_01573,barrier,49
fuzhou_sichuan,pp_nav_01584,barrier,58
fuzhou_sichuan,pp_nav_01591,barrier,50
chandwar,pp_nav_01709,navigable,6
otakou,pp_nav_02396,navigable,97
otakou,pp_nav_02397,navigable,90
otakou,pp_nav_02398,improvable,21
muktsar,pp_nav_01519,navigable,7
muktsar,pp_nav_01543,navigable,29
bhakkar,pp_nav_01465,navigable,25
bhakkar,pp_nav_01482,navigable,46
jalalpur_pirwala,pp_nav_01564,navigable,23
jalalpur_pirwala,pp_nav_01592,navigable,6
jalalpur_pirwala,pp_nav_01594,navigable,34
jalalpur_pirwala,pp_nav_01601,navigable,22
khewra,pp_nav_01434,navigable,5
khewra,pp_nav_01454,navigable,58
khewra,pp_nav_01464,navigable,16
mardan,pp_nav_01409,improvable,10
mardan,pp_nav_01410,improvable,52
mardan,pp_nav_01414,navigable,74
mardan,pp_nav_01418,improvable,4
sukkur,pp_nav_01652,navigable,1
sukkur,pp_nav_01673,navigable,4
sukkur,pp_nav_01681,navigable,2
paat,pp_nav_01681,navigable,1
paat,pp_nav_01700,navigable,44
udamphur,pp_nav_01432,navigable,34
udamphur,pp_nav_01438,improvable,12
tulcea,pp_nav_01079,navigable,38
tulcea,pp_nav_01084,navigable,70
tulcea,pp_nav_01087,navigable,19
tulcea,pp_nav_01093,navigable,16
tulcea,pp_nav_01094,navigable,25
ed_debba,pp_nav_01928,barrier,49
ed_debba,pp_nav_01930,barrier,4
branna,pp_nav_00080,improvable,35
wujiang,pp_nav_01533,improvable,23
susong,pp_nav_01558,navigable,9
chongde,pp_nav_01533,improvable,27
tonglu,pp_nav_01563,improvable,1
tonglu,pp_nav_01579,navigable,36
linhuai,pp_nav_01431,navigable,21
maues,pp_nav_02126,navigable,51
maues,pp_nav_02128,navigable,18
maues,pp_nav_02130,navigable,34
maues,pp_nav_02133,navigable,14
xatingnaax,pp_nav_00044,navigable,82
xatingnaax,pp_nav_00052,navigable,38
palmeira,pp_nav_02313,barrier,35
palmeira,pp_nav_02314,improvable,70
palmeira,pp_nav_02316,improvable,46
kamensk,pp_nav_00397,navigable,43
kamensk,pp_nav_00408,improvable,78
kamensk,pp_nav_00427,improvable,93
kamensk,pp_nav_00445,navigable,63
kamensk,pp_nav_00448,improvable,61
banbury,pp_nav_00788,improvable,7
banbury,pp_nav_00792,improvable,12
ituzaingo,pp_nav_02367,navigable,10
ski,pp_nav_00347,navigable,15
ski,pp_nav_00366,improvable,31
hajo,pp_nav_01745,navigable,25
chamcha,pp_nav_00313,navigable,89
chamcha,pp_nav_00317,navigable,43
vidin,pp_nav_01131,navigable,74
vidin,pp_nav_01141,navigable,7
tengapani,pp_nav_01661,barrier,40
tengapani,pp_nav_01665,improvable,18
idrinskoye,pp_nav_00668,navigable,35
idrinskoye,pp_nav_00680,navigable,8
nixi,pp_nav_01647,navigable,15
kodak,pp_nav_00907,navigable,17
kodak,pp_nav_00912,navigable,9
kodak,pp_nav_00917,navigable,42
kodak,pp_nav_00921,navigable,92
kodak,pp_nav_00928,navigable,42
ungaliq,pp_nav_00144,improvable,41
kengdey,pp_nav_00001,navigable,97
kengdey,pp_nav_00002,navigable,16
kengdey,pp_nav_00003,navigable,2
goly_karamysh,pp_nav_00806,navigable,25
goly_karamysh,pp_nav_00829,navigable,62
goly_karamysh,pp_nav_00841,navigable,1
waskaganish,pp_nav_00805,improvable,54
ragh,pp_nav_01277,improvable,66
taseyevo,pp_nav_00448,improvable,11
taseyevo,pp_nav_00466,improvable,56
taseyevo,pp_nav_00509,improvable,56
taseyevo,pp_nav_00530,navigable,34
nyssa,pp_nav_01118,navigable,53
nyssa,pp_nav_01130,improvable,91
nyssa,pp_nav_01143,navigable,13
vukyl,pp_nav_00127,navigable,10
vukyl,pp_nav_00138,navigable,96
vukyl,pp_nav_00148,navigable,96
vukyl,pp_nav_00154,improvable,96
vukyl,pp_nav_00167,navigable,100
vukyl,pp_nav_00178,navigable,90
kamenka,pp_nav_00421,improvable,96
kamenka,pp_nav_00422,navigable,98
kamenka,pp_nav_00430,navigable,25
kamenka,pp_nav_00432,improvable,42
menzelinsk,pp_nav_00603,navigable,15
tacshic,pp_nav_02299,improvable,26
tacshic,pp_nav_02304,navigable,49
tacshic,pp_nav_02308,navigable,21
abakasnk,pp_nav_00680,navigable,27
keelivtyn,pp_nav_00105,navigable,48
dongming,pp_nav_01356,navigable,19
dongming,pp_nav_01373,navigable,24
jinkou,pp_nav_01553,navigable,18
preah_ko,pp_nav_01954,barrier,46
preah_ko,pp_nav_01955,barrier,31
preah_ko,pp_nav_01956,barrier,60
shunning,pp_nav_01792,improvable,35
shunning,pp_nav_01810,barrier,23
sededema,pp_nav_00052,navigable,58
sededema,pp_nav_00063,navigable,10
shamokin,pp_nav_01193,navigable,72
shamokin,pp_nav_01205,navigable,16
verkhneimbatsk,pp_nav_00169,navigable,27
verkhneimbatsk,pp_nav_00183,navigable,96
verkhneimbatsk,pp_nav_00201,navigable,98
verkhneimbatsk,pp_nav_00216,navigable,63
tappan,pp_nav_01178,navigable,54
tappan,pp_nav_01188,navigable,2
ubangi,pp_nav_02105,navigable,2
ubangi,pp_nav_02119,navigable,34
ubangi,pp_nav_02137,navigable,42
abyy,pp_nav_00024,improvable,20
abyy,pp_nav_00030,navigable,71
abyy,pp_nav_00033,navigable,38
debrc,pp_nav_01120,improvable,23
coligua,pp_nav_01357,navigable,14
yuannan,pp_nav_01624,navigable,11
yuannan,pp_nav_01631,improvable,41
sulkhari,pp_nav_00786,improvable,28
sulkhari,pp_nav_00804,navigable,65
sulkhari,pp_nav_00825,navigable,8
sonargaon,pp_nav_01833,navigable,74
sonargaon,pp_nav_01850,navigable,23
kalocsa,pp_nav_01001,navigable,8
kalocsa,pp_nav_01021,navigable,28
acroas,pp_nav_02197,navigable,59
acroas,pp_nav_02204,navigable,26
acroas,pp_nav_02209,navigable,51
acroas,pp_nav_02221,navigable,26
lanagashec,pp_nav_02308,navigable,29
lanagashec,pp_nav_02311,navigable,50
lanagashec,pp_nav_02315,navigable,34
lanagashec,pp_nav_02323,navigable,2
utiangue,pp_nav_01375,improvable,3
utiangue,pp_nav_01381,navigable,26
utiangue,pp_nav_01386,navigable,82
gutian,pp_nav_01719,navigable,6
gutian,pp_nav_01734,improvable,8
wabimeig,pp_nav_00795,improvable,99
wabimeig,pp_nav_00814,improvable,87
wabimeig,pp_nav_00822,navigable,5
wabimeig,pp_nav_00827,navigable,19
sogra,pp_nav_00191,navigable,40
sogra,pp_nav_00205,navigable,97
sogra,pp_nav_00218,navigable,13
belin,pp_nav_01105,navigable,25
belin,pp_nav_01124,improvable,1
golino,pp_nav_00414,navigable,6
soltsy_kirishi,pp_nav_00375,navigable,13
vat_phou,pp_nav_01953,navigable,43
vat_phou,pp_nav_01954,barrier,42
zemukh,pp_nav_01158,navigable,65
zemukh,pp_nav_01166,navigable,55
zemukh,pp_nav_01173,navigable,4
mepenes,pp_nav_02315,navigable,43
mepenes,pp_nav_02319,navigable,51
mepenes,pp_nav_02321,navigable,26
mepenes,pp_nav_02323,navigable,13
suisin,pp_nav_01271,navigable,27
kambeba,pp_nav_02141,navigable,72
kambeba,pp_nav_02143,navigable,80
kambeba,pp_nav_02147,navigable,45
kambeba,pp_nav_02148,navigable,36
nadleht_en,pp_nav_00691,navigable,82
nadleht_en,pp_nav_00717,improvable,100
nadleht_en,pp_nav_00742,navigable,16
pali_uttar_pradesh,pp_nav_01674,navigable,31
pali_uttar_pradesh,pp_nav_01692,improvable,20
osinsky,pp_nav_00690,navigable,46
osinsky,pp_nav_00732,improvable,53
osinsky,pp_nav_00746,navigable,23
qompi,pp_nav_02327,navigable,84
qompi,pp_nav_02329,navigable,84
qompi,pp_nav_02332,navigable,25
djee,pp_nav_00689,improvable,45
djee,pp_nav_00709,navigable,38
amol_turkmenabad,pp_nav_01225,navigable,18
amol_turkmenabad,pp_nav_01233,navigable,51
amol_turkmenabad,pp_nav_01244,navigable,24
dingyuan,pp_nav_01534,navigable,35
dingyuan,pp_nav_01562,improvable,16
ngato,pp_nav_02105,navigable,38
motygino,pp_nav_00430,navigable,77
motygino,pp_nav_00445,navigable,35
motygino,pp_nav_00447,navigable,98
motygino,pp_nav_00449,navigable,52
veliky_beckerek,pp_nav_01076,navigable,40
guaquire,pp_nav_01992,navigable,17
lelbunmapu,pp_nav_02371,barrier,35
lelbunmapu,pp_nav_02372,improvable,12
udamik,pp_nav_00195,navigable,33
udamik,pp_nav_00204,navigable,33
udamik,pp_nav_00206,improvable,60
grayling,pp_nav_00144,improvable,4
grayling,pp_nav_00158,navigable,90
grayling,pp_nav_00181,navigable,40
barda,pp_nav_01211,navigable,10
bobangi,pp_nav_02091,navigable,35
bobangi,pp_nav_02098,navigable,36
bobaka,pp_nav_02098,navigable,13
bobaka,pp_nav_02105,navigable,13
magway,pp_nav_01895,navigable,5
magway,pp_nav_01896,navigable,20
magway,pp_nav_01901,navigable,6
mehsi,pp_nav_01728,navigable,26
baini,pp_nav_01678,navigable,49
caete,pp_nav_02217,barrier,25
pikwitonei,pp_nav_00616,navigable,99
sulomay,pp_nav_00277,navigable,50
sulomay,pp_nav_00310,improvable,84
sulomay,pp_nav_00332,improvable,94
sulomay,pp_nav_00346,navigable,4
warsaw,pp_nav_00754,navigable,21
warsaw,pp_nav_00757,navigable,57
mbegua,pp_nav_02357,navigable,17
mbegua,pp_nav_02358,navigable,20
mbegua,pp_nav_02363,navigable,68
mbegua,pp_nav_02365,navigable,58
daboka,pp_nav_01742,improvable,9
daboka,pp_nav_01747,navigable,35
ta_shwe_htan,pp_nav_01828,barrier,36
ta_shwe_htan,pp_nav_01841,navigable,37
ta_shwe_htan,pp_nav_01858,navigable,3
mongpai,pp_nav_01902,navigable,47
mongpai,pp_nav_01912,navigable,2
shipai,pp_nav_01506,navigable,52
shipai,pp_nav_01536,navigable,5
watlala,pp_nav_01051,navigable,25
watlala,pp_nav_01065,improvable,59
watlala,pp_nav_01072,barrier,76
watlala,pp_nav_01081,barrier,27
pankara,pp_nav_02203,navigable,31
pankara,pp_nav_02206,navigable,63
mabein,pp_nav_01831,navigable,3
mabein,pp_nav_01838,navigable,40
guanipa,pp_nav_01982,navigable,22
guanipa,pp_nav_01983,navigable,49
guanipa,pp_nav_01987,navigable,54
guanipa,pp_nav_01989,navigable,46
guanipa,pp_nav_01994,navigable,9
guanipa,pp_nav_01995,navigable,46
fengcheng_fengcheng,pp_nav_01645,improvable,54
one,pp_nav_01966,navigable,10
one,pp_nav_01968,navigable,22
tubicha_mini,pp_nav_02368,navigable,71
tubicha_mini,pp_nav_02369,navigable,96
tubicha_mini,pp_nav_02370,navigable,82
kongwei,pp_nav_01811,navigable,9
kongwei,pp_nav_01828,barrier,12
parma,pp_nav_01099,navigable,45
parma,pp_nav_01101,navigable,17
tupulicus,pp_nav_02110,navigable,8
tupulicus,pp_nav_02125,navigable,5
lambarene,pp_nav_02083,navigable,15
lambarene,pp_nav_02086,navigable,44
shouzhang,pp_nav_01342,navigable,16
wenxian,pp_nav_01383,navigable,22
wenxian,pp_nav_01390,improvable,10
hequ_wuding,pp_nav_01738,navigable,18
zhuluo,pp_nav_01623,barrier,17
zhuluo,pp_nav_01647,navigable,49
zhuluo,pp_nav_01669,improvable,14
manikpur,pp_nav_01735,navigable,2
manikpur,pp_nav_01757,navigable,49
manikpur,pp_nav_01771,navigable,3
lower_angara,pp_nav_00409,navigable,95
lower_angara,pp_nav_00441,improvable,90
stettin,pp_nav_00694,navigable,24
kayapo,pp_nav_02246,navigable,41
kayapo,pp_nav_02248,improvable,39
kayapo,pp_nav_02250,navigable,11
usivka,pp_nav_00898,navigable,59
usivka,pp_nav_00901,navigable,71
usivka,pp_nav_00902,navigable,22
usivka,pp_nav_00907,navigable,11
stata_ketux,pp_nav_00944,improvable,14
stata_ketux,pp_nav_00948,improvable,86
stata_ketux,pp_nav_00957,barrier,59
stata_ketux,pp_nav_00984,barrier,19
esteriktyaax,pp_nav_00030,navigable,2
zigui,pp_nav_01520,barrier,68
den_terek,pp_nav_00789,barrier,39
den_terek,pp_nav_00793,improvable,55
den_terek,pp_nav_00799,improvable,98
korsun,pp_nav_00870,navigable,24
korsun,pp_nav_00877,navigable,16
qianjiang_binzhou,pp_nav_01843,navigable,72
qianjiang_binzhou,pp_nav_01847,navigable,8
tumatumari,pp_nav_02027,navigable,14
gameleira,pp_nav_02233,navigable,11
votkings,pp_nav_00526,navigable,57
votkings,pp_nav_00527,navigable,31
votkings,pp_nav_00533,navigable,75
votkings,pp_nav_00543,navigable,27
sanga_pumbo,pp_nav_02164,barrier,33
sanga_pumbo,pp_nav_02170,barrier,11
sanga_pumbo,pp_nav_02174,barrier,42
hanchuan,pp_nav_01542,navigable,62
hanchuan,pp_nav_01550,navigable,2
pervomayskoye,pp_nav_00479,navigable,15
pervomayskoye,pp_nav_00493,navigable,92
pervomayskoye,pp_nav_00519,navigable,84
pervomayskoye,pp_nav_00536,navigable,35
shichah,pp_nav_01116,navigable,14
shichah,pp_nav_01128,navigable,96
shichah,pp_nav_01132,navigable,74
shichah,pp_nav_01137,navigable,12
verkhneyarkeyevo,pp_nav_00602,navigable,4
verkhneyarkeyevo,pp_nav_00610,improvable,54
verkhneyarkeyevo,pp_nav_00619,navigable,55
verkhneyarkeyevo,pp_nav_00625,navigable,7
chenxi,pp_nav_01653,improvable,76
chenxi,pp_nav_01675,improvable,18
stade,pp_nav_00696,navigable,6
shigony,pp_nav_00684,navigable,38
shigony,pp_nav_00718,navigable,50
itapiracaba,pp_nav_02250,navigable,28
itapiracaba,pp_nav_02252,navigable,51
itapiracaba,pp_nav_02254,navigable,27
banaro,pp_nav_02161,navigable,22
banaro,pp_nav_02162,navigable,37
pacahuara,pp_nav_02241,navigable,54
tupinambarana,pp_nav_02107,navigable,54
tupinambarana,pp_nav_02111,navigable,29
tupinambarana,pp_nav_02115,navigable,81
thahnawate,pp_nav_01154,barrier,19
romanov,pp_nav_00482,navigable,28
quizquiz,pp_nav_01362,navigable,7
quizquiz,pp_nav_01382,improvable,54
stavropol_na_volge,pp_nav_00684,navigable,40
boiken,pp_nav_02160,navigable,96
boiken,pp_nav_02162,navigable,21
boiken,pp_nav_02163,navigable,16
nalimsk,pp_nav_00041,navigable,87
nalimsk,pp_nav_00044,navigable,16
tancarville,pp_nav_00883,improvable,23
asyut,pp_nav_01676,navigable,4
asyut,pp_nav_01694,navigable,42
fuwa,pp_nav_01499,navigable,37
tahna,pp_nav_01628,navigable,16
tahna,pp_nav_01651,navigable,59
tahna,pp_nav_01676,navigable,9
cizre,pp_nav_01284,barrier,46
cizre,pp_nav_01296,improvable,1
kaysun,pp_nav_01292,navigable,48
hasankeyf,pp_nav_01284,barrier,4
sivrice,pp_nav_01262,navigable,9
sivrice,pp_nav_01267,improvable,16
arapgir,pp_nav_01249,navigable,35
loudun,pp_nav_00988,navigable,3
keban,pp_nav_01249,navigable,43
keban,pp_nav_01262,navigable,20
ar_rabb,pp_nav_01411,navigable,14
ar_rabb,pp_nav_01419,navigable,79
ukbara,pp_nav_01405,navigable,54
ukbara,pp_nav_01416,navigable,46
ukbara,pp_nav_01425,navigable,5
qadisiyyah,pp_nav_01470,navigable,5
qadisiyyah,pp_nav_01490,navigable,26
maskanah,pp_nav_01333,navigable,43
jabar,pp_nav_01318,navigable,56
jabar,pp_nav_01333,navigable,84
jabar,pp_nav_01346,navigable,17
busayrah,pp_nav_01352,navigable,26
busayrah,pp_nav_01360,navigable,88
busayrah,pp_nav_01377,navigable,2
balad,pp_nav_01296,improvable,5
balad,pp_nav_01316,navigable,88
balad,pp_nav_01321,navigable,32
wyaconda,pp_nav_01200,improvable,61
wyaconda,pp_nav_01216,navigable,25
bhadohi,pp_nav_01771,navigable,35
bhadohi,pp_nav_01785,navigable,34
yuanqu,pp_nav_01378,navigable,46
urmi,pp_nav_00915,navigable,35
hahawakpa,pp_nav_01129,navigable,56
hahawakpa,pp_nav_01138,barrier,96
hahawakpa,pp_nav_01142,navigable,56
hahawakpa,pp_nav_01151,navigable,65
hahawakpa,pp_nav_01153,navigable,22
gorodets,pp_nav_00523,navigable,30
gorodets,pp_nav_00549,navigable,28
ust_ishim,pp_nav_00465,navigable,20
ust_ishim,pp_nav_00480,improvable,94
ust_ishim,pp_nav_00487,navigable,96
ust_ishim,pp_nav_00500,navigable,88
ust_ishim,pp_nav_00506,navigable,94
ust_ishim,pp_nav_00515,navigable,17
dobryanka,pp_nav_00392,navigable,39
dobryanka,pp_nav_00412,navigable,58
dobryanka,pp_nav_00435,improvable,30
turu,pp_nav_00134,improvable,84
turu,pp_nav_00136,navigable,17
changning,pp_nav_01717,improvable,42
changning,pp_nav_01730,navigable,4
tatahuitalpan,pp_nav_01929,navigable,64
tatahuitalpan,pp_nav_01936,navigable,29
kaniksu,pp_nav_00950,improvable,63
qiyang,pp_nav_01717,improvable,5
qiyang,pp_nav_01724,navigable,50
qiyang,pp_nav_01730,navigable,14
ulukulevo,pp_nav_00657,navigable,8
muhammerah,pp_nav_01518,navigable,17
muhammerah,pp_nav_01537,navigable,54
muhammerah,pp_nav_01556,navigable,5
kwidzyn,pp_nav_00686,navigable,25
yiyang_changsha,pp_nav_01642,navigable,69
arakaiu,pp_nav_02223,improvable,4
arakaiu,pp_nav_02226,navigable,86
reni,pp_nav_01083,navigable,1
reni,pp_nav_01087,navigable,5
bayannur,pp_nav_01191,navigable,3
bayannur,pp_nav_01195,navigable,37
bayannur,pp_nav_01208,navigable,78
bor,pp_nav_02016,navigable,39
bor,pp_nav_02025,navigable,39
huiqi,pp_nav_01832,improvable,4
huiqi,pp_nav_01849,navigable,2
shambe,pp_nav_02008,navigable,97
shambe,pp_nav_02016,navigable,22
kurung_yuryakh,pp_nav_00017,navigable,96
kurung_yuryakh,pp_nav_00021,navigable,19
munduruku,pp_nav_02127,navigable,43
munduruku,pp_nav_02128,navigable,57
munduruku,pp_nav_02136,navigable,52
munduruku,pp_nav_02151,navigable,17
hulawen,pp_nav_01049,navigable,12
hulawen,pp_nav_01060,navigable,96
hulawen,pp_nav_01070,navigable,48
muang_phalan,pp_nav_01951,navigable,7
horodyshche,pp_nav_00893,navigable,15
horodyshche,pp_nav_00898,navigable,19
ngabo,pp_nav_02105,navigable,56
ngabo,pp_nav_02119,navigable,25
ngabo,pp_nav_02122,navigable,43
kahwenoke,pp_nav_01103,improvable,21
molchanovo,pp_nav_00451,navigable,2
molchanovo,pp_nav_00476,navigable,94
molchanovo,pp_nav_00479,navigable,79
molchanovo,pp_nav_00481,navigable,93
molchanovo,pp_nav_00488,navigable,24
molchanovo,pp_nav_00495,navigable,58
cokuurdaax,pp_nav_00004,navigable,44
cokuurdaax,pp_nav_00005,navigable,12
sebit,pp_nav_01331,navigable,15
pa_lus_sa,pp_nav_01017,barrier,67
pa_lus_sa,pp_nav_01023,barrier,12
winisk,pp_nav_00634,improvable,2
shar,pp_nav_00852,improvable,21
shar,pp_nav_00853,navigable,47
shar,pp_nav_00858,navigable,48
shar,pp_nav_00866,improvable,50
shar,pp_nav_00876,navigable,44
chuapa,pp_nav_02123,navigable,73
chuapa,pp_nav_02131,navigable,76
chuapa,pp_nav_02140,navigable,41
zhalauly,pp_nav_00685,navigable,44
zhalauly,pp_nav_00702,navigable,52
zhalauly,pp_nav_00727,navigable,47
zhalauly,pp_nav_00739,navigable,31
imakia,pp_nav_00739,navigable,53
imakia,pp_nav_00752,navigable,48
imakia,pp_nav_00776,navigable,36
kai_kara,pp_nav_01994,navigable,69
kai_kara,pp_nav_01995,navigable,40
kai_kara,pp_nav_01997,navigable,10
kai_kara,pp_nav_01998,navigable,6
kai_kara,pp_nav_01999,navigable,10
kai_kara,pp_nav_02002,navigable,20
kai_kara,pp_nav_02004,navigable,38
kai_kara,pp_nav_02007,navigable,7
chiryapchi,pp_nav_00212,navigable,35
chiryapchi,pp_nav_00226,navigable,20
ford_liard,pp_nav_00342,barrier,84
ford_liard,pp_nav_00356,improvable,92
ford_liard,pp_nav_00367,improvable,94
ford_liard,pp_nav_00371,navigable,36
ford_liard,pp_nav_00373,navigable,24
xiangning,pp_nav_01324,improvable,13
neuss,pp_nav_00820,navigable,15
wayagamac,pp_nav_00987,barrier,34
laibin,pp_nav_01840,navigable,40
laibin,pp_nav_01847,navigable,8
apiacas,pp_nav_02214,navigable,67
coste,pp_nav_01343,improvable,45
yanggu_yanzhou,pp_nav_01327,navigable,19
yanggu_yanzhou,pp_nav_01342,navigable,36
yelabuga,pp_nav_00592,navigable,36
yelabuga,pp_nav_00597,navigable,32
yelabuga,pp_nav_00606,navigable,49
yelabuga,pp_nav_00612,navigable,23
troitsko_pechorsk,pp_nav_00178,navigable,2
troitsko_pechorsk,pp_nav_00194,navigable,55
kystatyam,pp_nav_00053,navigable,88
kystatyam,pp_nav_00066,improvable,7
kolpashevo,pp_nav_00418,navigable,15
kolpashevo,pp_nav_00423,navigable,95
kolpashevo,pp_nav_00425,navigable,33
kolpashevo,pp_nav_00436,navigable,94
kolpashevo,pp_nav_00451,navigable,96
kolpashevo,pp_nav_00488,navigable,2
tsiripa,pp_nav_02312,improvable,47
tsiripa,pp_nav_02317,navigable,61
tsiripa,pp_nav_02320,navigable,65
tsiripa,pp_nav_02321,navigable,22
vezhakary,pp_nav_00180,navigable,7
vezhakary,pp_nav_00196,navigable,2
vezhakary,pp_nav_00199,navigable,8
ipire,pp_nav_01994,navigable,42
ipire,pp_nav_01998,navigable,11
wangmu,pp_nav_01796,barrier,32
puchacay,pp_nav_02371,barrier,55
cheboksary,pp_nav_00577,navigable,86
jembayan,pp_nav_02084,navigable,5
ulug,pp_nav_00793,improvable,44
hymahi,pp_nav_01422,navigable,1
stendal,pp_nav_00740,navigable,34
mong_yawng,pp_nav_01879,navigable,46
mong_yawng,pp_nav_01883,barrier,33
kuttawa,pp_nav_01275,navigable,45
kuttawa,pp_nav_01283,navigable,70
kuttawa,pp_nav_01294,navigable,70
kuttawa,pp_nav_01305,navigable,63
kuttawa,pp_nav_01310,navigable,9
rajmahal,pp_nav_01780,improvable,9
rajmahal,pp_nav_01795,navigable,24
nemasca,pp_nav_00809,navigable,82
nemasca,pp_nav_00810,navigable,77
nemasca,pp_nav_00811,improvable,16
pikunwijimapu,pp_nav_02390,navigable,43
mompoj,pp_nav_01968,navigable,53
mompoj,pp_nav_01971,navigable,90
mompoj,pp_nav_01972,navigable,23
mompoj,pp_nav_01976,navigable,70
corpen_aike,pp_nav_02399,navigable,97
corpen_aike,pp_nav_02400,improvable,81
escatawppa,pp_nav_01480,navigable,20
escatawppa,pp_nav_01497,navigable,35
escatawppa,pp_nav_01526,navigable,3
kanaskipenaski,pp_nav_00541,navigable,63
wabaseemong,pp_nav_00854,improvable,16
wabaseemong,pp_nav_00856,navigable,18
thawe,pp_nav_01703,navigable,35
thawe,pp_nav_01728,navigable,4
osijek,pp_nav_01063,navigable,8
osijek,pp_nav_01067,navigable,24
verkhoshizhemye,pp_nav_00438,navigable,27
verkhoshizhemye,pp_nav_00453,navigable,78
verkhoshizhemye,pp_nav_00484,improvable,69
julau,pp_nav_02062,navigable,39
julau,pp_nav_02065,navigable,23
acanti,pp_nav_01986,improvable,43
yingli,pp_nav_01282,improvable,27
yingli,pp_nav_01290,improvable,80
melnikovo,pp_nav_00495,navigable,20
melnikovo,pp_nav_00520,navigable,39
melnikovo,pp_nav_00537,navigable,32
melnikovo,pp_nav_00550,navigable,34
pampahuaylla,pp_nav_02242,improvable,1
luzhou,pp_nav_01622,improvable,8
luzhou,pp_nav_01627,improvable,76
mong_hpayak,pp_nav_01883,barrier,12
mong_hpayak,pp_nav_01889,improvable,23
mong_hpayak,pp_nav_01891,improvable,18
xingan_linjiang,pp_nav_01664,navigable,77
xingan_linjiang,pp_nav_01687,navigable,3
guiping,pp_nav_01852,navigable,60
guiping,pp_nav_01853,navigable,14
khachimcher,pp_nav_00021,navigable,25
nyonoksa,pp_nav_00145,navigable,39
nyonoksa,pp_nav_00153,navigable,34
tereshka,pp_nav_00782,navigable,57
tereshka,pp_nav_00790,navigable,20
kuujjuarapik,pp_nav_00637,navigable,47
chyorny_yar,pp_nav_00926,navigable,67
chyorny_yar,pp_nav_00930,navigable,90
chyorny_yar,pp_nav_00952,navigable,17
nakshaparvat,pp_nav_01710,navigable,33
nakshaparvat,pp_nav_01712,navigable,7
nakshaparvat,pp_nav_01716,navigable,12
waahukaahaanu,pp_nav_00947,navigable,22
spithota,pp_nav_01326,navigable,4
spithota,pp_nav_01328,navigable,15
ogoowe_kongo,pp_nav_02078,improvable,49
ogoowe_kongo,pp_nav_02083,navigable,27
nagatinong,pp_nav_01077,improvable,27
wihlink,pp_nav_01197,improvable,8
wihlink,pp_nav_01202,navigable,42
wihlink,pp_nav_01218,barrier,50
kaya_paha,pp_nav_01137,navigable,62
kaya_paha,pp_nav_01150,navigable,96
kaya_paha,pp_nav_01156,navigable,60
silkari,pp_nav_00700,improvable,98
silkari,pp_nav_00701,navigable,65
silkari,pp_nav_00704,improvable,100
silkari,pp_nav_00711,navigable,96
silkari,pp_nav_00733,navigable,18
adixoodagoorahareesh,pp_nav_00945,navigable,85
adixoodagoorahareesh,pp_nav_00947,navigable,48
adixoodagoorahareesh,pp_nav_00951,navigable,37
ahkwesasne_ny,pp_nav_01103,improvable,48
tunica,pp_nav_01430,navigable,25
tunica,pp_nav_01451,navigable,73
tunica,pp_nav_01457,navigable,2
tunica,pp_nav_01469,improvable,18
beryozovo,pp_nav_00128,navigable,18
beryozovo,pp_nav_00135,navigable,95
beryozovo,pp_nav_00151,navigable,73
etiwan,pp_nav_01422,navigable,14
etiwan,pp_nav_01427,navigable,25
hoveyzeh,pp_nav_01518,navigable,3
tobolsk,pp_nav_00429,navigable,25
tobolsk,pp_nav_00446,navigable,12
tobolsk,pp_nav_00450,navigable,94
tobolsk,pp_nav_00469,navigable,8
tobolsk,pp_nav_00475,navigable,75
juniata,pp_nav_01193,navigable,30
juniata,pp_nav_01205,navigable,12
ycuamandiyu,pp_nav_02290,navigable,77
ycuamandiyu,pp_nav_02293,improvable,18
suamprabon,pp_nav_01693,navigable,42
suamprabon,pp_nav_01718,improvable,48
kizel,pp_nav_00378,navigable,12
tayxlama,pp_nav_01062,navigable,64
bosobolo,pp_nav_02038,navigable,49
bosobolo,pp_nav_02039,navigable,51
bosobolo,pp_nav_02041,navigable,32
bosobolo,pp_nav_02045,navigable,49
bosobolo,pp_nav_02049,navigable,28
mitsogo_kongo,pp_nav_02080,navigable,23
umatilla,pp_nav_01046,navigable,87
umatilla,pp_nav_01056,navigable,62
shuryshkar,pp_nav_00064,navigable,5
shuryshkar,pp_nav_00069,navigable,94
shuryshkar,pp_nav_00073,navigable,95
shuryshkar,pp_nav_00084,navigable,45
acham,pp_nav_01626,navigable,23
dasu,pp_nav_01361,navigable,24
dasu,pp_nav_01370,navigable,33
kasur,pp_nav_01512,navigable,1
kasur,pp_nav_01519,navigable,35
rajamahendry,pp_nav_01937,navigable,14
rajamahendry,pp_nav_01942,navigable,73
gilgit,pp_nav_01351,barrier,2
piran_i_kaliyar,pp_nav_01590,navigable,22
raikot,pp_nav_01524,navigable,24
raikot,pp_nav_01525,navigable,10
harrow,pp_nav_00798,improvable,20
harrow,pp_nav_00802,improvable,17
dubbi,pp_nav_01681,navigable,37
london,pp_nav_00802,improvable,27
kanauj,pp_nav_01692,improvable,37
dina,pp_nav_01434,navigable,49
neva,pp_nav_00354,improvable,61
neva,pp_nav_00362,improvable,31
koknese,pp_nav_00532,navigable,29
koknese,pp_nav_00545,navigable,33
koknese,pp_nav_00553,improvable,33
solatunum,pp_nav_00179,navigable,29
aro,pp_nav_01987,navigable,31
aro,pp_nav_01989,navigable,76
aro,pp_nav_01995,navigable,49
aro,pp_nav_02002,navigable,32
turukhansk,pp_nav_00072,navigable,12
turukhansk,pp_nav_00079,navigable,69
turukhansk,pp_nav_00089,navigable,98
turukhansk,pp_nav_00103,navigable,98
turukhansk,pp_nav_00122,navigable,39
kalabsha,pp_nav_01836,barrier,68
kalabsha,pp_nav_01859,barrier,39
wangjiang,pp_nav_01540,navigable,1
wangjiang,pp_nav_01558,navigable,53
haiyan,pp_nav_01544,improvable,29
shangjing,pp_nav_01049,navigable,83
shangjing,pp_nav_01050,navigable,70
shangjing,pp_nav_01053,navigable,34
zoe,pp_nav_02093,navigable,39
zoe,pp_nav_02097,navigable,76
zoe,pp_nav_02102,navigable,18
quigate,pp_nav_01381,navigable,31
quigate,pp_nav_01382,improvable,16
quigate,pp_nav_01399,navigable,27
lalek_cotaa,pp_nav_02357,navigable,17
lalek_cotaa,pp_nav_02358,navigable,45
lalek_cotaa,pp_nav_02363,navigable,37
xoko,pp_nav_02217,barrier,44
xoko,pp_nav_02223,improvable,84
mardankuyik,pp_nav_01158,navigable,9
mardankuyik,pp_nav_01166,navigable,44
cherven,pp_nav_01139,navigable,12
cherven,pp_nav_01147,navigable,23
vienna,pp_nav_00941,improvable,18
rejang,pp_nav_02066,navigable,8
luodian,pp_nav_01788,navigable,31
luodian,pp_nav_01796,barrier,3
jinshajiang,pp_nav_01713,barrier,32
jinshajiang,pp_nav_01720,improvable,1
jinshajiang,pp_nav_01737,barrier,50
kazari,pp_nav_00654,navigable,22
kazari,pp_nav_00665,navigable,54
kazari,pp_nav_00669,improvable,22
tsay_iona,pp_nav_00370,improvable,77
tsay_iona,pp_nav_00377,navigable,98
tsay_iona,pp_nav_00382,navigable,92
tsay_iona,pp_nav_00384,navigable,14
shushenskoye,pp_nav_00693,improvable,16
shushenskoye,pp_nav_00715,navigable,48
shushenskoye,pp_nav_00736,barrier,76
shushenskoye,pp_nav_00745,barrier,96
shushenskoye,pp_nav_00749,navigable,23
zongyang,pp_nav_01514,navigable,30
zongyang,pp_nav_01540,navigable,12
ilok,pp_nav_01078,navigable,47
ilok,pp_nav_01092,navigable,27
ilok,pp_nav_01107,navigable,22
ilok,pp_nav_01110,improvable,1
sintang,pp_nav_02070,navigable,13
sintang,pp_nav_02073,navigable,49
sintang,pp_nav_02074,navigable,14
jaskis,pp_nav_00302,navigable,93
dejiang,pp_nav_01638,navigable,23
dejiang,pp_nav_01656,barrier,16
unnao,pp_nav_01711,navigable,17
unnao,pp_nav_01735,navigable,41
heqing,pp_nav_01713,barrier,24
tongan_lijiang,pp_nav_01671,navigable,44
tongan_lijiang,pp_nav_01685,navigable,51
tongan_lijiang,pp_nav_01689,navigable,45
tongan_lijiang,pp_nav_01713,barrier,22
chestowee,pp_nav_01349,navigable,64
artyk_ata,pp_nav_01152,navigable,49
artyk_ata,pp_nav_01158,navigable,9
tuzdysor,pp_nav_00739,navigable,18
tuzdysor,pp_nav_00752,navigable,51
tuzdysor,pp_nav_00776,navigable,11
rouyuan,pp_nav_01781,navigable,8
rouyuan,pp_nav_01811,navigable,40
rouyuan,pp_nav_01828,barrier,19
argaxtaax,pp_nav_00037,navigable,27
nenlhet,pp_nav_02282,navigable,38
nenlhet,pp_nav_02284,navigable,11
nenlhet,pp_nav_02286,navigable,23
awka_etiti,pp_nav_02028,navigable,37
otog,pp_nav_01232,navigable,37
otog,pp_nav_01251,navigable,11
durjaya,pp_nav_01722,navigable,2
durjaya,pp_nav_01742,improvable,28
durjaya,pp_nav_01745,navigable,5
nistam,pp_nav_00805,improvable,27
fisque_menuco,pp_nav_02373,improvable,23
fisque_menuco,pp_nav_02374,improvable,98
fisque_menuco,pp_nav_02375,improvable,10
fisque_menuco,pp_nav_02377,improvable,43
fisque_menuco,pp_nav_02378,improvable,51
fisque_menuco,pp_nav_02380,navigable,22
pilda,pp_nav_00759,improvable,5
pilda,pp_nav_00777,navigable,69
szolnok,pp_nav_00981,navigable,10
szolnok,pp_nav_00997,navigable,83
guana,pp_nav_02280,navigable,93
guana,pp_nav_02282,navigable,11
luquan,pp_nav_01729,barrier,19
luquan,pp_nav_01738,navigable,28
kusu_mangbetu,pp_nav_02114,navigable,50
kusu_mangbetu,pp_nav_02134,navigable,4
kuje,pp_nav_01988,navigable,58
kuje,pp_nav_01990,navigable,82
juris,pp_nav_02127,navigable,72
juris,pp_nav_02136,navigable,12
gradiski_brod,pp_nav_01086,navigable,46
gradiski_brod,pp_nav_01090,navigable,37
gradiski_brod,pp_nav_01096,navigable,12
gradiski_brod,pp_nav_01100,navigable,15
charang,pp_nav_00272,navigable,62
charang,pp_nav_00282,navigable,17
takuru_puku,pp_nav_02295,navigable,19
takuru_puku,pp_nav_02298,navigable,73
takuru_puku,pp_nav_02300,improvable,1
smolenskoye,pp_nav_00751,navigable,41
smolenskoye,pp_nav_00755,navigable,86
donge,pp_nav_01317,navigable,21
donge,pp_nav_01327,navigable,34
ust_vym,pp_nav_00224,navigable,49
ust_vym,pp_nav_00225,improvable,89
ust_vym,pp_nav_00240,navigable,26
zimnyatsky,pp_nav_00881,navigable,29
zimnyatsky,pp_nav_00884,navigable,23
zimnyatsky,pp_nav_00889,navigable,38
nakaigetergehe,pp_nav_02332,navigable,20
umbu,pp_nav_02341,navigable,95
umbu,pp_nav_02342,navigable,75
macuxi,pp_nav_02057,navigable,50
zwolen,pp_nav_00784,navigable,4
ibicui,pp_nav_02330,navigable,56
ibicui,pp_nav_02333,navigable,46
ibicui,pp_nav_02334,navigable,52
ibicui,pp_nav_02335,navigable,8
ibicui,pp_nav_02336,navigable,58
ibicui,pp_nav_02338,navigable,2
baniachang,pp_nav_01813,navigable,42
baniachang,pp_nav_01822,navigable,10
movima,pp_nav_02245,navigable,40
movima,pp_nav_02247,navigable,87
movima,pp_nav_02249,navigable,17
pashino,pp_nav_00449,navigable,41
pashino,pp_nav_00473,navigable,96
pashino,pp_nav_00486,navigable,57
ulakhan_kyuyol,pp_nav_00139,navigable,92
jacui,pp_nav_02340,navigable,37
jacui,pp_nav_02342,navigable,8
jacui,pp_nav_02343,navigable,26
zarate,pp_nav_01966,navigable,49
zarate,pp_nav_01968,navigable,49
kaxarari,pp_nav_02219,navigable,16
calcasieu,pp_nav_01481,navigable,74
calcasieu,pp_nav_01492,navigable,58
caraja,pp_nav_02187,navigable,37
caraja,pp_nav_02190,navigable,64
caraja,pp_nav_02193,improvable,16
caraja,pp_nav_02194,navigable,65
caraja,pp_nav_02197,navigable,24
taant_a,pp_nav_00547,navigable,15
yshyr,pp_nav_02274,navigable,42
yshyr,pp_nav_02276,navigable,20
timkino,pp_nav_00026,barrier,6
jiyuan,pp_nav_01378,navigable,12
yarkino,pp_nav_00413,navigable,72
yarkino,pp_nav_00420,navigable,100
yarkino,pp_nav_00432,improvable,58
kinja,pp_nav_02068,navigable,96
kinja,pp_nav_02071,navigable,58
kinja,pp_nav_02079,navigable,12
muromtsevo,pp_nav_00522,navigable,4
muromtsevo,pp_nav_00534,navigable,47
muromtsevo,pp_nav_00551,navigable,71
muromtsevo,pp_nav_00571,navigable,16
good_hope,pp_nav_00071,navigable,58
good_hope,pp_nav_00086,improvable,46
waldshut,pp_nav_00973,barrier,12
kaiwa,pp_nav_02283,navigable,18
kaiwa,pp_nav_02285,navigable,43
k_enakatnu,pp_nav_00263,navigable,17
sao_leopoldo,pp_nav_02340,navigable,21
sao_leopoldo,pp_nav_02343,navigable,12
tawehash,pp_nav_01353,navigable,49
tawehash,pp_nav_01365,navigable,32
tawehash,pp_nav_01369,navigable,20
dzerzhinskoye,pp_nav_00530,navigable,19
dzerzhinskoye,pp_nav_00554,improvable,20
nyachukha,pp_nav_01567,navigable,61
nyachukha,pp_nav_01596,navigable,18
nyachukha,pp_nav_01612,navigable,11
jerichow,pp_nav_00740,navigable,43
jerichow,pp_nav_00756,navigable,2
para,pp_nav_02195,navigable,99
para,pp_nav_02200,navigable,79
para,pp_nav_02208,navigable,12
hinsepu,pp_nav_01023,barrier,86
hinsepu,pp_nav_01043,barrier,72
kuchugur,pp_nav_00956,navigable,29
kuchugur,pp_nav_00974,navigable,38
kuchugur,pp_nav_00979,navigable,70
angoram,pp_nav_02152,navigable,57
angoram,pp_nav_02161,navigable,23
angoram,pp_nav_02162,navigable,25
chateaubriant,pp_nav_00986,navigable,29
chateaubriant,pp_nav_00990,navigable,8
apalachee,pp_nav_01538,navigable,71
yendyr,pp_nav_00254,improvable,35
yendyr,pp_nav_00266,navigable,95
yendyr,pp_nav_00284,navigable,47
yendyr,pp_nav_00288,navigable,74
yendyr,pp_nav_00298,navigable,22
satere_mawe,pp_nav_02156,navigable,77
satere_mawe,pp_nav_02167,navigable,15
cherkasy,pp_nav_00877,navigable,72
cherkasy,pp_nav_00893,navigable,72
cherkasy,pp_nav_00898,navigable,6
melk,pp_nav_00937,navigable,43
tocantis,pp_nav_02177,navigable,39
gdansk,pp_nav_00672,navigable,24
gdansk,pp_nav_00674,navigable,2
wuchang,pp_nav_01541,navigable,5
wuchang,pp_nav_01545,navigable,43
meizhou,pp_nav_01555,improvable,33
berdsk,pp_nav_00644,improvable,27
berdsk,pp_nav_00660,navigable,46
cootcla,pp_nav_01374,navigable,51
cootcla,pp_nav_01391,navigable,66
cootcla,pp_nav_01396,navigable,31
thuan_binh,pp_nav_01949,navigable,24
thuan_binh,pp_nav_01951,navigable,7
wanzhou,pp_nav_01532,barrier,77
wanzhou,pp_nav_01549,navigable,15
karasor,pp_nav_00776,navigable,39
karasor,pp_nav_00796,navigable,48
karasor,pp_nav_00817,navigable,48
pechora,pp_nav_00091,improvable,93
pechora,pp_nav_00099,improvable,96
pechora,pp_nav_00114,navigable,29
pechora,pp_nav_00127,navigable,82
pechora,pp_nav_00138,navigable,2
huichuan_dechang,pp_nav_01723,barrier,27
huichuan_dechang,pp_nav_01738,navigable,36
omsk,pp_nav_00598,navigable,39
omsk,pp_nav_00613,improvable,85
omsk,pp_nav_00626,navigable,54
omsk,pp_nav_00640,navigable,52
omsk,pp_nav_00658,navigable,48
omsk,pp_nav_00667,navigable,6
awatixa,pp_nav_00951,navigable,47
awatixa,pp_nav_00967,navigable,96
awatixa,pp_nav_00978,navigable,73
bitki,pp_nav_00744,improvable,18
bitki,pp_nav_00759,improvable,37
adony,pp_nav_00969,improvable,1
adony,pp_nav_01001,navigable,32
biysk,pp_nav_00755,navigable,1
pyras,pp_nav_00273,navigable,1
waiwai,pp_nav_02079,navigable,94
waiwai,pp_nav_02087,navigable,13
muang_sua,pp_nav_01905,navigable,55
muang_sua,pp_nav_01908,navigable,3
cairo,pp_nav_01559,navigable,15
cairo,pp_nav_01576,navigable,8
akhmim,pp_nav_01694,navigable,18
akhmim,pp_nav_01715,navigable,51
buganda,pp_nav_02069,improvable,7
dluk,pp_nav_01292,navigable,10
dluk,pp_nav_01306,navigable,18
siverek,pp_nav_01267,improvable,23
siverek,pp_nav_01280,navigable,25
al_anbar,pp_nav_01419,navigable,9
al_anbar,pp_nav_01429,navigable,16
tikrit,pp_nav_01363,improvable,22
tikrit,pp_nav_01380,improvable,86
al_qatr,pp_nav_01515,navigable,15
al_qatr,pp_nav_01518,navigable,12
al_qatr,pp_nav_01529,navigable,32
okladnikova_sloboda,pp_nav_00081,navigable,62
kabambare,pp_nav_02173,navigable,19
qollaxalec,pp_nav_02323,navigable,86
qollaxalec,pp_nav_02327,navigable,12
saygatsky,pp_nav_00543,navigable,56
saygatsky,pp_nav_00559,navigable,41
balagansk,pp_nav_00666,navigable,96
balagansk,pp_nav_00678,navigable,78
balagansk,pp_nav_00690,navigable,5
dudinka,pp_nav_00007,navigable,95
dudinka,pp_nav_00012,navigable,96
dudinka,pp_nav_00019,barrier,96
dudinka,pp_nav_00023,navigable,98
dudinka,pp_nav_00031,barrier,31
dudinka,pp_nav_00036,navigable,1
guarapuava,pp_nav_02305,barrier,45
guarapuava,pp_nav_02307,improvable,61
guarapuava,pp_nav_02309,navigable,11
katen,pp_nav_00938,navigable,7
katen,pp_nav_00963,navigable,17
louviers,pp_nav_00887,navigable,56
tavan,pp_nav_00983,navigable,10
tavan,pp_nav_01005,navigable,32
kazan,pp_nav_00605,navigable,9
kazan,pp_nav_00618,navigable,52
kazan,pp_nav_00635,navigable,21
shabash,pp_nav_00034,improvable,12
oskemen,pp_nav_00853,navigable,29
oskemen,pp_nav_00858,navigable,82
oskemen,pp_nav_00866,improvable,46
benfeld,pp_nav_00916,improvable,20
benfeld,pp_nav_00943,improvable,8
bardak,pp_nav_00229,improvable,81
bardak,pp_nav_00254,improvable,31
shish,pp_nav_00515,navigable,71
shish,pp_nav_00522,navigable,74
peewareewa,pp_nav_01190,navigable,63
peewareewa,pp_nav_01200,improvable,34
ofaie,pp_nav_02277,improvable,8
ofaie,pp_nav_02278,navigable,44
ofaie,pp_nav_02279,navigable,41
xinjian,pp_nav_01645,improvable,8
elcui,pp_nav_02375,improvable,49
elcui,pp_nav_02378,improvable,53
elcui,pp_nav_02379,navigable,50
elcui,pp_nav_02380,navigable,3
elcui,pp_nav_02385,improvable,26
rejaf,pp_nav_02033,navigable,20
rejaf,pp_nav_02043,navigable,51
rejaf,pp_nav_02052,navigable,32
zenzevatka,pp_nav_00857,navigable,6
zenzevatka,pp_nav_00875,navigable,35
nemaha,pp_nav_01189,navigable,66
nemaha,pp_nav_01206,navigable,72
xakriaba,pp_nav_02248,improvable,29
xakriaba,pp_nav_02250,navigable,50
firabr,pp_nav_01233,navigable,58
firabr,pp_nav_01244,navigable,52
eexiwa,pp_nav_02267,navigable,48
ducheng,pp_nav_01856,improvable,24
ducheng,pp_nav_01860,improvable,2
irtysh,pp_nav_00278,navigable,37
irtysh,pp_nav_00284,navigable,50
irtysh,pp_nav_00298,navigable,74
irtysh,pp_nav_00306,navigable,92
irtysh,pp_nav_00322,navigable,66
irtysh,pp_nav_00341,navigable,83
irtysh,pp_nav_00351,navigable,57
mughan,pp_nav_01220,navigable,20
pacaha,pp_nav_01362,navigable,46
pacaha,pp_nav_01382,improvable,31
jiayu,pp_nav_01553,navigable,20
jiayu,pp_nav_01570,improvable,46
takawng,pp_nav_01831,navigable,34
takawng,pp_nav_01838,navigable,44
takawng,pp_nav_01846,navigable,43
olonets,pp_nav_00305,navigable,58
lukuga,pp_nav_02173,navigable,61
lukuga,pp_nav_02179,navigable,47
jongkong,pp_nav_02070,navigable,8
buriti,pp_nav_02254,navigable,23
buriti,pp_nav_02259,navigable,34
anoixi,pp_nav_01367,navigable,1
anoixi,pp_nav_01375,improvable,66
vasilyeva_sloboda,pp_nav_00523,navigable,37
vasilyeva_sloboda,pp_nav_00549,navigable,36
zyryan,pp_nav_00866,improvable,32
zyryan,pp_nav_00876,navigable,53
zhelezin,pp_nav_00685,navigable,48
zhelezin,pp_nav_00702,navigable,47
zhelezin,pp_nav_00727,navigable,51
zhelezin,pp_nav_00739,navigable,2
tuxa,pp_nav_02203,navigable,17
tuxa,pp_nav_02206,navigable,29
tuxa,pp_nav_02210,improvable,15
tuxa,pp_nav_02217,barrier,8
irkutsk,pp_nav_00746,navigable,56
ichera,pp_nav_00419,barrier,15
ichera,pp_nav_00439,navigable,10
jaguarari,pp_nav_02215,navigable,96
jaguarari,pp_nav_02216,navigable,7
jaguarari,pp_nav_02220,navigable,29
longping_pingle,pp_nav_01830,navigable,71
upper_angara,pp_nav_00411,navigable,58
upper_angara,pp_nav_00413,navigable,22
upper_angara,pp_nav_00417,navigable,98
upper_angara,pp_nav_00434,improvable,74
thai_binh,pp_nav_01887,navigable,39
vang_vieng,pp_nav_01908,navigable,22
iranmranhre,pp_nav_02266,navigable,18
iranmranhre,pp_nav_02268,navigable,24
nelemney,pp_nav_00096,navigable,12
wujing,pp_nav_01739,improvable,3
wujing,pp_nav_01768,barrier,7
bikrampur,pp_nav_01825,navigable,5
bikrampur,pp_nav_01839,navigable,22
bikrampur,pp_nav_01848,navigable,49
bikrampur,pp_nav_01850,navigable,5
bikrampur,pp_nav_01857,navigable,12
poughkeepsie,pp_nav_01171,navigable,1
xupu,pp_nav_01653,improvable,11
mako,pp_nav_01012,navigable,21
mako,pp_nav_01034,navigable,5
auwe,pp_nav_02228,navigable,45
auwe,pp_nav_02234,navigable,98
auwe,pp_nav_02239,navigable,21
sarai_al_jadid,pp_nav_00913,navigable,58
sarai_al_jadid,pp_nav_00926,navigable,27
sekadau,pp_nav_02074,navigable,43
sekadau,pp_nav_02075,navigable,24
tchitogama,pp_nav_00886,improvable,90
khatas,pp_nav_00170,navigable,29
khatas,pp_nav_00186,navigable,34
khatas,pp_nav_00188,navigable,96
khatas,pp_nav_00202,navigable,30
khatas,pp_nav_00212,navigable,58
khatas,pp_nav_00221,navigable,5
pairindi,pp_nav_02350,navigable,47
jintan,pp_nav_01477,improvable,3
gongshan,pp_nav_01654,navigable,77
gongshan,pp_nav_01680,improvable,19
oril,pp_nav_00902,navigable,20
oril,pp_nav_00907,navigable,2
oril,pp_nav_00912,navigable,13
oril,pp_nav_00917,navigable,31
yaakwdaat,pp_nav_00386,improvable,84
parkateje,pp_nav_02176,navigable,69
parkateje,pp_nav_02177,navigable,2
atanari,pp_nav_02015,navigable,19
atanari,pp_nav_02020,navigable,64
atanari,pp_nav_02021,navigable,64
atanari,pp_nav_02022,navigable,30
atanari,pp_nav_02023,navigable,69
atanari,pp_nav_02024,navigable,24
atanari,pp_nav_02031,navigable,71
atanari,pp_nav_02032,navigable,9
timbu,pp_nav_02365,navigable,20
timbu,pp_nav_02366,navigable,17
kasevo,pp_nav_00559,navigable,13
kasevo,pp_nav_00591,navigable,77
kasevo,pp_nav_00602,navigable,46
kasevo,pp_nav_00610,improvable,26
duyang,pp_nav_01820,navigable,42
duyang,pp_nav_01837,navigable,81
yjxa,pp_nav_02201,navigable,91
yjxa,pp_nav_02207,navigable,73
nguyi,pp_nav_02086,navigable,6
nguyi,pp_nav_02089,navigable,46
orinucu,pp_nav_01979,navigable,1
orinucu,pp_nav_01980,navigable,92
orinucu,pp_nav_01981,navigable,16
itihumma,pp_nav_01508,improvable,12
itihumma,pp_nav_01528,navigable,54
patom,pp_nav_00345,navigable,68
arua,pp_nav_02144,navigable,3
arua,pp_nav_02147,navigable,61
arua,pp_nav_02154,navigable,33
kanisianas,pp_nav_02249,navigable,80
kanisianas,pp_nav_02251,navigable,15
kwetabohigan,pp_nav_00828,navigable,76
tovisq_ol,pp_nav_00248,barrier,98
nicalaax,pp_nav_00006,navigable,35
captina,pp_nav_01197,improvable,11
captina,pp_nav_01202,navigable,68
captina,pp_nav_01218,barrier,7
khargytyr,pp_nav_00015,improvable,89
monsol,pp_nav_02137,navigable,15
monsol,pp_nav_02155,barrier,66
monsol,pp_nav_02164,barrier,24
tuvicha_mini,pp_nav_02368,navigable,35
guenoa,pp_nav_02359,navigable,36
lebyazhye,pp_nav_00776,navigable,25
lebyazhye,pp_nav_00796,navigable,62
lebyazhye,pp_nav_00817,navigable,57
lebyazhye,pp_nav_00833,navigable,75
lebyazhye,pp_nav_00840,navigable,85
lebyazhye,pp_nav_00844,navigable,54
urka,pp_nav_00695,improvable,7
urka,pp_nav_00703,navigable,56
urka,pp_nav_00705,improvable,13
changsha,pp_nav_01646,navigable,51
changsha,pp_nav_01666,improvable,26
or_keo,pp_nav_01964,navigable,16
or_keo,pp_nav_01965,navigable,63
tygde,pp_nav_00689,improvable,2
tygde,pp_nav_00709,navigable,58
tygde,pp_nav_00734,navigable,56
tygde,pp_nav_00747,improvable,5
huangpi,pp_nav_01541,navigable,12
sutara,pp_nav_00909,navigable,47
sutara,pp_nav_00924,navigable,11
imaapik,pp_nav_00440,barrier,53
imaapik,pp_nav_00468,navigable,77
minxian,pp_nav_01734,improvable,10
minxian,pp_nav_01751,navigable,21
kikonteku,pp_nav_01010,improvable,25
jeguakava,pp_nav_02325,improvable,56
jeguakava,pp_nav_02326,navigable,89
jeguakava,pp_nav_02328,navigable,88
jeguakava,pp_nav_02330,navigable,31
awajun,pp_nav_02168,navigable,49
awajun,pp_nav_02171,improvable,19
banua_lawas,pp_nav_02103,navigable,24
plock,pp_nav_00748,navigable,64
kehek_aike,pp_nav_02406,improvable,7
akbarpur,pp_nav_01714,navigable,14
akbarpur,pp_nav_01727,navigable,17
kosi,pp_nav_01708,improvable,20
kosi,pp_nav_01732,improvable,5
kham_bahar,pp_nav_01277,improvable,9
pagashi,pp_nav_00780,navigable,50
pagashi,pp_nav_00803,improvable,2
peoria,pp_nav_01210,navigable,45
xucheng,pp_nav_01327,navigable,16
xucheng,pp_nav_01342,navigable,2
attaock,pp_nav_01214,navigable,7
attaock,pp_nav_01215,navigable,88
attaock,pp_nav_01223,improvable,38
attaock,pp_nav_01226,improvable,26
rongshui,pp_nav_01791,navigable,33
allegheny,pp_nav_01196,barrier,3
allegheny,pp_nav_01197,improvable,59
allegheny,pp_nav_01199,improvable,53
yiling,pp_nav_01520,barrier,11
yiling,pp_nav_01535,improvable,73
katha,pp_nav_01824,improvable,23
katha,pp_nav_01831,navigable,5
bhimber,pp_nav_01438,improvable,34
bhera,pp_nav_01454,navigable,23
bhera,pp_nav_01464,navigable,29
mirat,pp_nav_01590,navigable,6
mirat,pp_nav_01618,navigable,43
rohri,pp_nav_01652,navigable,11
rohri,pp_nav_01673,navigable,10
channan_pir,pp_nav_01592,navigable,40
channan_pir,pp_nav_01601,navigable,15
eidsvoll,pp_nav_00347,navigable,14
