location,state,pixels,region,near_location,mean_discharge_m3_s,low_discharge_m3_s,gradient_m_per_km,evidence,river_level,tropical,seasonal,x,y,ocean_connected
pp_nav_00001,navigable,77,east_siberia_region,kengdey,15592.426,1909.83,0.012546408254882988,bounded_native_gap;physical_screen,5,False,True,13494.375,276.5416666666667,False
pp_nav_00002,navigable,11,east_siberia_region,kengdey,15582.653,1919.172,0.08976126735997332,physical_screen,5,False,True,13482.375,289.875,False
pp_nav_00003,navigable,11,east_siberia_region,chekurovka,15572.117,1939.419,0.08726824379051519,physical_screen,1,False,True,13482.57142857143,299.42857142857144,False
pp_nav_00004,navigable,77,east_siberia_region,olenegorsk,1569.851,378.226,0.20901353293164482,physical_screen,3,False,False,14409.416666666666,401.9166666666667,False
pp_nav_00005,navigable,17,east_siberia_region,olenegorsk,1570.374,376.906,0.0,physical_screen,1,False,False,14414.727272727272,395.72727272727275,False
pp_nav_00006,navigable,80,east_siberia_region,olenegorsk,1561.339,379.984,0.22720931982335296,physical_screen,3,False,False,14403.5625,430.6041666666667,False
pp_nav_00007,navigable,75,west_siberia_region,dudinka,19386.365,5415.841,0.0014423072338104249,physical_screen,5,False,False,11605.270833333334,454.2291666666667,False
pp_nav_00008,navigable,78,east_siberia_region,vorontsovo,1511.169,359.375,0.22720931982335296,physical_screen,3,False,False,14402.854166666666,456.5625,False
pp_nav_00009,navigable,36,east_siberia_region,molodo,15237.118,1800.214,0.0,physical_screen,5,False,True,13335.5,460.0,False
pp_nav_00010,navigable,9,east_siberia_region,vorontsovo,1507.474,365.806,0.0,physical_screen,3,False,False,14394.0,462.5,False
pp_nav_00011,navigable,14,east_siberia_region,vorontsovo,1507.474,365.806,0.0,physical_screen,1,False,False,14400.625,467.875,False
pp_nav_00012,navigable,81,west_siberia_region,dudinka,19326.35,5369.002,0.003197107114131761,physical_screen,5,False,False,11618.416666666666,483.625,False
pp_nav_00013,navigable,80,alaska_region,inuviq,9236.721,5778.597,0.0,physical_screen,5,False,False,1578.3125,485.1041666666667,False
pp_nav_00014,navigable,27,east_siberia_region,mikhalkino,3716.337,1761.874,0.0,physical_screen,4,False,False,15029.277777777777,483.77777777777777,False
pp_nav_00015,improvable,78,east_siberia_region,khargytyr,1486.164,369.642,0.4789145431991715,physical_screen,3,False,False,14375.75,486.1136363636364,False
pp_nav_00016,navigable,49,east_siberia_region,zharzhan,15158.88,1743.314,0.08702333634615009,physical_screen,5,False,True,13328.709677419354,502.7096774193548,False
pp_nav_00017,navigable,79,east_siberia_region,kurung_yuryakh,1129.952,229.341,0.05716289543758356,bounded_native_gap;physical_screen,5,False,False,14332.125,504.0416666666667,False
pp_nav_00018,navigable,80,alaska_region,inuviq,9234.284,5771.182,0.061067976018207154,physical_screen,5,False,False,1575.2083333333333,508.6666666666667,False
pp_nav_00019,barrier,71,west_siberia_region,dudinka,19326.559,5309.6295,0.014715901371854774,bounded_native_gap;physical_screen,5,False,False,11628.4375,515.8958333333334,False
pp_nav_00020,improvable,79,east_siberia_region,kolymskoie,782.152,304.278,0.4305214280942418,physical_screen,3,False,False,14910.833333333334,529.6666666666666,False
pp_nav_00021,navigable,76,east_siberia_region,tuyandina,1126.187,210.07,0.2171580986457964,physical_screen,3,False,False,14310.833333333334,522.875,False
pp_nav_00022,navigable,76,alaska_region,inuviq,8730.915,5675.747,0.0,physical_screen,5,False,False,1568.7916666666667,539.6458333333334,False
pp_nav_00023,navigable,78,west_siberia_region,dudinka,18898.039,5254.022,4.083514213562012e-05,physical_screen,5,False,False,11626.395833333334,546.1458333333334,False
pp_nav_00024,improvable,77,east_siberia_region,tuyandina,1122.02,164.784,0.0,bounded_native_gap;physical_screen,5,False,True,14297.0,542.375,False
pp_nav_00025,improvable,15,east_siberia_region,omoloon,782.152,304.278,0.4305214280942418,physical_screen,1,False,False,14905.5,536.0,False
pp_nav_00026,barrier,9,east_siberia_region,omoloon,775.079,301.947,5.935429382324219,physical_screen,1,False,False,14919.0,541.0,False
pp_nav_00027,improvable,84,east_siberia_region,omoloon,772.459,301.375,0.4995992165160281,physical_screen,3,False,False,14917.270833333334,564.0625,False
pp_nav_00028,navigable,69,alaska_region,inuviq,8951.51,5696.309,0.11629898846888789,physical_screen,5,False,False,1581.6341463414635,563.3658536585366,False
pp_nav_00029,navigable,13,alaska_region,inuviq,697.105,109.433,0.0,physical_screen,3,False,False,1564.5,554.0,False
pp_nav_00030,navigable,83,east_siberia_region,abyy,912.958,118.776,0.21161223263062423,physical_screen,3,False,True,14276.75,558.1666666666666,False
pp_nav_00031,barrier,24,west_siberia_region,dudinka,18857.895,5247.434,0.10088630044077851,bounded_native_gap;physical_screen,5,False,False,11618.4375,564.9375,False
pp_nav_00032,improvable,85,east_siberia_region,syagannaax,896.267,108.732,0.6822009432838809,physical_screen,3,False,True,14227.791666666666,571.9583333333334,False
pp_nav_00033,navigable,64,east_siberia_region,abyy,892.916,111.252,0.3462626995790471,physical_screen,3,False,True,14262.542857142857,571.0,False
pp_nav_00034,improvable,42,east_siberia_region,shabash,2192.589,1284.186,0.4363059845455806,bounded_native_gap;physical_screen,4,False,False,14780.64,572.04,False
pp_nav_00035,improvable,56,east_siberia_region,syagannaax,890.481,106.742,0.41723480224609377,physical_screen,3,False,True,14198.0,581.0,False
pp_nav_00036,navigable,82,west_siberia_region,khantayskoye,18720.378,5218.8235,0.0,physical_screen,5,False,False,11627.854166666666,589.8125,False
pp_nav_00037,navigable,86,east_siberia_region,argaxtaax,2163.582,1282.327,0.19194984436035156,physical_screen,4,False,False,14708.479166666666,580.4375,False
pp_nav_00038,navigable,11,east_siberia_region,omoloon,754.348,298.129,0.2940101623535156,physical_screen,3,False,False,14916.285714285714,586.2857142857143,False
pp_nav_00039,navigable,78,east_siberia_region,kal_gatana,2140.336,1257.438,0.3373218346569956,physical_screen,4,False,False,14685.020833333334,598.8958333333334,False
pp_nav_00040,navigable,85,west_siberia_region,khantayskoye,17720.646500000003,4898.552,0.006963890790939331,physical_screen,5,False,False,11635.291666666666,625.2916666666666,False
pp_nav_00041,navigable,81,east_siberia_region,nalimsk,2131.466,1250.097,0.0,bounded_native_gap;physical_screen,4,False,False,14664.270833333334,617.7708333333334,False
pp_nav_00042,navigable,34,west_siberia_region,messoyakha,1343.005,1042.645,0.0,physical_screen,3,False,False,11339.6,616.2,False
pp_nav_00043,navigable,12,ural_region,pustozersk,4528.658,1064.339,0.0,physical_screen,4,False,False,10075.0,621.5,False
pp_nav_00044,navigable,72,east_siberia_region,xatingnaax,2018.38,1158.73,0.02829142393778852,physical_screen,4,False,False,14637.958333333334,639.3333333333334,False
pp_nav_00045,improvable,82,ural_region,pustozersk,4333.832,1029.924,0.22654850356787254,bounded_native_gap;physical_screen,5,False,False,10077.666666666666,655.6041666666666,False
pp_nav_00046,navigable,78,west_siberia_region,pur,877.762,760.345,0.015363556057249228,physical_screen,3,False,False,11238.8125,653.4375,False
pp_nav_00047,navigable,67,west_siberia_region,ob,13746.619,7571.273,0.0,physical_screen,5,False,False,10862.513513513513,645.0540540540541,False
pp_nav_00048,improvable,81,east_siberia_region,kulun_olbut,838.867,91.78399999999999,0.5676011803053085,physical_screen,3,False,True,14199.25,660.25,False
pp_nav_00049,navigable,79,west_siberia_region,khantayskoye,17662.216,4868.548000000001,0.015091949701309204,physical_screen,5,False,False,11625.6875,655.8541666666666,False
pp_nav_00050,navigable,76,west_siberia_region,ob,13494.387,7424.143,0.10953307151794434,physical_screen,5,False,False,10804.291666666666,660.7916666666666,False
pp_nav_00051,barrier,79,west_siberia_region,khantayskoye,1174.965,156.643,0.13836441040039063,bounded_native_gap;physical_screen,3,False,True,11690.041666666666,660.2916666666666,False
pp_nav_00052,navigable,75,east_siberia_region,sededema,2009.11,1153.295,0.0,physical_screen,4,False,False,14617.458333333334,664.9583333333334,False
pp_nav_00053,navigable,81,east_siberia_region,kystatyam,14812.725,1584.951,0.003937149047851562,physical_screen,5,False,True,13321.604166666666,670.8958333333334,False
pp_nav_00054,navigable,80,west_siberia_region,shchuchya,13367.046,7376.157,0.07063552141189575,physical_screen,5,False,False,10745.729166666666,660.6458333333334,False
pp_nav_00055,improvable,70,west_siberia_region,shchuchya,13126.815,7247.435,0.004157098808153007,bounded_native_gap;physical_screen,5,False,False,10717.1875,665.3333333333334,False
pp_nav_00056,navigable,16,west_siberia_region,shchuchya,13478.317,7401.988,0.0,physical_screen,5,False,False,10768.0,660.0,False
pp_nav_00057,navigable,79,west_siberia_region,khantayskoye,17556.385000000002,4817.2654999999995,0.09366125150530133,physical_screen,5,False,False,11642.416666666666,663.2083333333334,False
pp_nav_00058,navigable,30,west_siberia_region,shchuchya,13482.678,7403.7095,0.3485373020172119,physical_screen,5,False,False,10782.555555555555,665.9444444444445,False
pp_nav_00059,navigable,76,west_siberia_region,khantayskoye,16267.497,4564.2895,0.11538889408111572,physical_screen,5,False,False,11666.375,671.7916666666666,False
pp_nav_00060,improvable,77,scandinavian_region,kittila,531.411,157.998,1.0306729473167209,physical_screen,3,False,False,8850.229166666666,680.3958333333334,False
pp_nav_00061,navigable,78,west_siberia_region,pur,802.5325,700.4565,0.052044865426503634,physical_screen,3,False,False,11245.6875,684.9791666666666,False
pp_nav_00062,navigable,85,ural_region,pustozersk,4230.524,992.43,0.0683538727399195,physical_screen,4,False,False,10078.708333333334,697.5833333333334,False
pp_nav_00063,navigable,9,east_siberia_region,sededema,1974.246,1143.218,0.13908863106820726,physical_screen,3,False,False,14603.166666666666,677.6666666666666,False
pp_nav_00064,navigable,68,west_siberia_region,shchuchya,12913.843,7168.329,0.22882332801818847,physical_screen,5,False,False,10699.377777777778,687.8,False
pp_nav_00065,navigable,77,west_siberia_region,khantayskoye,16256.31,4489.805,0.10395504461886121,bounded_native_gap;physical_screen,5,False,False,11667.395833333334,693.1875,False
pp_nav_00066,improvable,79,east_siberia_region,bakhanay,14744.825,1553.232,0.11540911358340486,bounded_native_gap;physical_screen,5,False,True,13336.729166666666,702.9583333333334,False
pp_nav_00067,improvable,40,alaska_region,chalkyitsik,2486.91,566.2375,0.68626579237501,physical_screen,4,False,False,1109.375,700.125,False
pp_nav_00068,navigable,77,scandinavian_region,rovaniemi,556.636,168.63,0.13314221607786578,physical_screen,3,False,False,8827.083333333334,703.5833333333334,False
pp_nav_00069,navigable,77,west_siberia_region,shuryshkar,11478.9155,6716.746499999999,0.0,physical_screen,5,False,False,10688.5,715.5833333333334,False
pp_nav_00070,navigable,74,west_siberia_region,pur,683.166,589.553,0.027264976501464845,bounded_native_gap;physical_screen,5,False,False,11253.25,716.8541666666666,False
pp_nav_00071,navigable,83,alaska_region,good_hope,8729.786,5374.755,0.13900201025051315,physical_screen,5,False,False,1817.4166666666667,722.0833333333334,False
pp_nav_00072,navigable,82,west_siberia_region,khantayskoye,16038.1345,4173.564,0.12618331675600913,physical_screen,5,False,False,11688.083333333334,709.8333333333334,False
pp_nav_00073,navigable,80,west_siberia_region,shuryshkar,1395.535,421.172,0.2179268651419769,physical_screen,3,False,False,10666.617021276596,719.6170212765958,False
pp_nav_00074,improvable,76,east_siberia_region,tala_kyuyel,1570.263,949.511,0.1614220772431148,bounded_native_gap;physical_screen,3,False,False,14557.770833333334,722.9375,False
pp_nav_00075,improvable,41,scandinavian_region,rovaniemi,564.972,171.18,0.7491046905517578,physical_screen,3,False,False,8810.538461538461,724.0384615384615,False
pp_nav_00076,barrier,81,west_siberia_region,erachimo,3996.921,506.403,0.8325454711914062,bounded_native_gap;physical_screen,5,False,True,11729.0625,719.4791666666666,False
pp_nav_00077,navigable,19,east_siberia_region,bakhanay,14747.212,1527.196,0.0,physical_screen,5,False,True,13345.545454545454,723.4545454545455,False
pp_nav_00078,barrier,57,west_siberia_region,erachimo,3825.612,491.572,0.12373123168945313,bounded_native_gap;physical_screen,4,False,True,11757.513513513513,728.4864864864865,False
pp_nav_00079,navigable,80,west_siberia_region,turukhansk,11883.23,3645.098,0.0019499778747558594,physical_screen,5,False,False,11695.333333333334,731.2083333333334,False
pp_nav_00080,improvable,48,scandinavian_region,branna,501.918,204.024,0.4487821363663549,physical_screen,3,False,False,8672.535714285714,727.9642857142857,False
pp_nav_00081,navigable,53,russian_region,okladnikova_sloboda,832.509,334.921,0.0,physical_screen,3,False,False,9707.53125,737.96875,True
pp_nav_00082,navigable,39,west_siberia_region,pravaya_khetta,528.145,481.802,0.058411693572998045,physical_screen,5,False,False,10991.375,736.375,False
pp_nav_00083,navigable,19,west_siberia_region,erachimo,4065.414,509.234,0.0,physical_screen,4,False,True,11710.363636363636,728.4545454545455,False
pp_nav_00084,navigable,38,west_siberia_region,shuryshkar,11441.03,6693.491,0.0,physical_screen,5,False,False,10681.192307692309,742.6923076923077,False
pp_nav_00085,navigable,76,west_siberia_region,pur,608.111,521.224,0.02295999526977539,physical_screen,3,False,False,11246.729166666666,749.3125,False
pp_nav_00086,improvable,41,alaska_region,good_hope,8595.987,5344.188,0.31454446259663305,bounded_native_gap;physical_screen,5,False,False,1831.8,743.24,False
pp_nav_00087,navigable,79,east_siberia_region,ziryanka,1562.905,934.275,0.3387076442531672,physical_screen,3,False,False,14576.0,751.375,False
pp_nav_00088,navigable,83,alaska_region,rampart,3257.87,881.5605,0.15558929443359376,physical_screen,4,False,False,843.3958333333334,752.8958333333334,False
pp_nav_00089,navigable,79,west_siberia_region,turukhansk,11681.08,3618.005,0.008559656143188477,bounded_native_gap;physical_screen,5,False,False,11695.208333333334,763.7083333333334,False
pp_nav_00090,navigable,83,alaska_region,circle,2487.454,580.471,0.15116985124804722,physical_screen,4,False,False,1148.1041666666667,757.3958333333334,False
pp_nav_00091,improvable,79,ural_region,pechora,1102.65,219.948,0.1851125413283178,bounded_native_gap;physical_screen,3,False,False,10287.02,762.16,False
pp_nav_00092,navigable,83,west_siberia_region,voikar,1187.651,355.084,0.027626609802246092,bounded_native_gap;physical_screen,3,False,False,10639.229166666666,773.7708333333334,False
pp_nav_00093,improvable,74,ural_region,ust_tsilma,3850.978,864.495,0.0,bounded_native_gap;physical_screen,5,False,False,10075.372093023256,764.2325581395348,False
pp_nav_00094,improvable,78,alaska_region,allakaket,3267.155,886.335,1.39954833984375,physical_screen,4,False,False,811.2916666666666,768.7916666666666,False
pp_nav_00095,navigable,9,west_siberia_region,yevoyakha,522.292,407.004,0.11916542053222656,bounded_native_gap;physical_screen,5,False,False,11239.142857142857,766.5714285714286,False
pp_nav_00096,navigable,67,east_siberia_region,ziryanka,1528.987,915.8745,0.19162436244857073,bounded_native_gap;physical_screen,3,False,False,14593.547619047618,776.952380952381,False
pp_nav_00097,improvable,32,alaska_region,circle,2482.793,587.505,0.36434170963254925,physical_screen,4,False,False,1170.6470588235295,767.3529411764706,False
pp_nav_00098,navigable,72,west_siberia_region,voikar,11396.236,6628.772,0.046774435043334964,physical_screen,5,False,False,10664.104166666666,783.3125,False
pp_nav_00099,improvable,86,ural_region,pechora,1100.604,219.026,0.13742205520627618,bounded_native_gap;physical_screen,3,False,False,10294.229166666666,788.5208333333334,False
pp_nav_00100,navigable,88,alaska_region,tanana,3270.813,886.885,0.0,physical_screen,4,False,False,777.3333333333334,781.5833333333334,False
pp_nav_00101,navigable,84,alaska_region,grant_creek,4262.576999999999,1232.66,0.0,physical_screen,4,False,False,722.8541666666666,783.8125,False
pp_nav_00102,barrier,33,alaska_region,grant_creek,4242.7654999999995,1223.81,2.2953033447265625,physical_screen,4,False,False,748.4,785.7,False
pp_nav_00103,navigable,77,west_siberia_region,turukhansk,11513.676,3503.9865,0.013492843122927017,bounded_native_gap;physical_screen,5,False,False,11688.083333333334,803.0833333333334,False
pp_nav_00104,navigable,80,alaska_region,birches,4273.078,1237.192,0.0,physical_screen,4,False,False,687.1875,790.8958333333334,False
pp_nav_00105,navigable,44,east_siberia_region,keelivtyn,1333.817,266.945,0.07341371246943623,physical_screen,3,False,False,15597.461538461539,793.4230769230769,False
pp_nav_00106,navigable,79,west_siberia_region,voikar,987.671,298.751,0.20752577475633477,bounded_native_gap;physical_screen,3,False,False,10652.5625,803.5208333333334,False
pp_nav_00107,navigable,38,alaska_region,koyukuk,753.67,396.763,0.0,physical_screen,3,False,False,516.7727272727273,798.2727272727273,False
pp_nav_00108,improvable,85,alaska_region,mahony,844.089,613.099,1.5883909358280413,physical_screen,3,False,False,2012.8541666666667,796.5208333333334,False
pp_nav_00109,navigable,79,alaska_region,rampart,937.021,323.071,0.0,physical_screen,1,False,False,827.875,801.375,False
pp_nav_00110,navigable,25,alaska_region,mahony,832.667,604.548,0.0,physical_screen,3,False,False,2038.0,796.0,False
pp_nav_00111,improvable,46,alaska_region,mahony,849.7,614.295,0.9346149032173297,physical_screen,3,False,False,1982.962962962963,798.9629629629629,False
pp_nav_00112,navigable,78,west_siberia_region,kunovat,11208.423,6531.379,0.06665088335882491,bounded_native_gap;physical_screen,5,False,False,10675.354166666666,803.8541666666666,False
pp_nav_00113,barrier,74,alaska_region,birches,4278.771,1236.976,4.249320220947266,bounded_native_gap;physical_screen,5,False,False,655.5111111111111,802.5333333333333,False
pp_nav_00114,navigable,23,ural_region,pechora,1077.071,214.831,0.3296142578125,physical_screen,3,False,False,10309.8,802.2,False
pp_nav_00115,navigable,82,alaska_region,mahony,7670.7495,4644.094999999999,0.06899806353026519,physical_screen,4,False,False,1992.8333333333333,815.5833333333334,False
pp_nav_00116,navigable,83,east_siberia_region,glukharinyi,1457.404,863.373,0.0284942626953125,physical_screen,3,False,False,14643.875,814.625,False
pp_nav_00117,navigable,83,alaska_region,koyukuk,4497.489,1369.364,0.14454193115234376,physical_screen,4,False,False,526.265306122449,814.8979591836735,False
pp_nav_00118,barrier,17,alaska_region,tanana,937.589,326.8645,13.372509729456073,physical_screen,1,False,False,802.5833333333334,814.25,False
pp_nav_00119,navigable,36,alaska_region,chena,608.671,148.877,0.0,physical_screen,3,False,False,945.1818181818181,819.6818181818181,False
pp_nav_00120,improvable,45,alaska_region,chena,578.194,129.001,0.922463695671676,physical_screen,3,False,False,976.0769230769231,818.4230769230769,False
pp_nav_00121,navigable,76,west_siberia_region,zazhimchar,974.838,294.717,0.05355386734008789,physical_screen,3,False,False,10663.666666666666,833.1666666666666,False
pp_nav_00122,navigable,80,west_siberia_region,inbatskoye,11784.958,3505.724,0.021845985094333154,bounded_native_gap;physical_screen,5,False,False,11676.291666666666,837.125,False
pp_nav_00123,improvable,41,east_siberia_region,glukharinyi,1447.756,850.649,0.44930267333984375,physical_screen,3,False,False,14668.521739130434,825.4782608695652,False
pp_nav_00124,barrier,31,west_siberia_region,nimde,3480.654,461.575,3.0543663024902346,physical_screen,4,False,True,11832.333333333334,832.1666666666666,False
pp_nav_00125,improvable,77,alaska_region,tulita,7662.883,4641.529,0.3313069021008936,bounded_native_gap;physical_screen,5,False,False,2007.1041666666667,843.8958333333334,False
pp_nav_00126,improvable,85,alaska_region,salcha,538.121,126.903,1.8308392946699876,bounded_native_gap;physical_screen,3,False,False,1003.25,851.1666666666666,False
pp_nav_00127,navigable,76,ural_region,pechora,994.8715,197.9225,0.08120704354230067,physical_screen,3,False,False,10313.625,858.375,False
pp_nav_00128,navigable,83,west_siberia_region,zazhimchar,952.236,286.099,0.0,physical_screen,3,False,False,10668.392156862745,864.0588235294117,False
pp_nav_00129,navigable,47,russian_region,arkhangelsk,3244.888,989.623,0.0,physical_screen,4,False,False,9565.76923076923,852.8846153846154,False
pp_nav_00130,improvable,78,alaska_region,kaltag,5614.703,1920.8535000000002,0.3874746293504884,bounded_native_gap;physical_screen,4,False,False,460.9166666666667,870.8333333333334,False
pp_nav_00131,improvable,81,alaska_region,blackwater,7239.583,4591.024,0.5721873212538161,physical_screen,4,False,False,2024.5416666666667,870.75,False
pp_nav_00132,navigable,80,west_siberia_region,inbatskoye,11729.786,3399.757,0.13787203276204857,bounded_native_gap;physical_screen,5,False,False,11675.791666666666,876.5416666666666,False
pp_nav_00133,barrier,18,alaska_region,salcha,503.501,117.143,2.5767333984375,physical_screen,3,False,False,1023.5454545454545,858.4545454545455,False
pp_nav_00134,improvable,72,west_siberia_region,turu,1690.85,185.516,0.0,bounded_native_gap;physical_screen,3,False,True,12244.595238095239,865.0952380952381,False
pp_nav_00135,navigable,76,west_siberia_region,beryozovo,11127.962,6483.812,0.019337350543402434,bounded_native_gap;physical_screen,5,False,False,10693.5625,881.5625,False
pp_nav_00136,navigable,17,west_siberia_region,turu,887.492,122.154,0.179522705078125,physical_screen,3,False,True,12268.0,867.0,False
pp_nav_00137,navigable,77,russian_region,ust_pinega,2766.603,836.435,0.0,physical_screen,4,False,False,9589.645833333334,879.9375,False
pp_nav_00138,navigable,83,ural_region,vukyl,806.249,184.54,0.11729218309204224,physical_screen,3,False,False,10309.354166666666,880.6458333333334,False
pp_nav_00139,navigable,78,east_siberia_region,ulakhan_kyuyol,1678.631,227.896,0.10726901835698625,physical_screen,3,False,True,13420.282608695652,883.7826086956521,False
pp_nav_00140,navigable,57,alaska_region,upper_yukon,2254.839,551.841,0.0,physical_screen,4,False,False,1329.1666666666667,890.9444444444445,False
pp_nav_00141,navigable,17,east_siberia_region,kuturga,12724.8445,1104.9755,0.10890274047851563,physical_screen,5,False,True,13482.4,881.1,False
pp_nav_00142,navigable,80,east_siberia_region,balagachchy,1644.2065,205.36849999999998,0.10466156005859376,physical_screen,3,False,True,13294.479166666666,886.3958333333334,False
pp_nav_00143,improvable,70,alaska_region,blackwater,7193.252,4572.467,0.8627613288007416,physical_screen,4,False,False,2042.7727272727273,895.7272727272727,False
pp_nav_00144,improvable,73,alaska_region,kaltag,5697.4395,1973.763,0.6048099517822265,physical_screen,4,False,False,439.6458333333333,897.1458333333334,False
pp_nav_00145,navigable,78,russian_region,village_onega,512.388,260.753,0.0,physical_screen,3,False,False,9434.166666666666,894.375,True
pp_nav_00146,navigable,15,russian_region,kholmogory,2756.835,831.798,0.18157260603637335,physical_screen,5,False,False,9581.666666666666,887.3333333333334,False
pp_nav_00147,navigable,49,east_siberia_region,balagachchy,1637.027,201.271,0.0,physical_screen,3,False,True,13266.0,889.7777777777778,False
pp_nav_00148,navigable,78,ural_region,vukyl,657.784,147.317,0.01010200226141576,physical_screen,3,False,False,10282.083333333334,895.0416666666666,False
pp_nav_00149,navigable,59,west_siberia_region,inbatskoye,11643.313,3305.416,0.049590682983398436,physical_screen,5,False,False,11667.297297297297,906.0,False
pp_nav_00150,navigable,76,russian_region,kholmogory,2745.372,821.497,0.22501719647688187,bounded_native_gap;physical_screen,4,False,False,9583.729166666666,906.3541666666666,False
pp_nav_00151,navigable,81,west_siberia_region,beryozovo,10698.298,6222.994,0.0,physical_screen,5,False,False,10683.354166666666,911.4375,False
pp_nav_00152,improvable,83,east_siberia_region,terbyas,1459.5365,158.1985,0.0,bounded_native_gap;physical_screen,3,False,True,13207.083333333334,900.9166666666666,False
pp_nav_00153,navigable,79,russian_region,nyonoksa,523.391,267.981,0.0,physical_screen,3,False,False,9459.1875,909.5208333333334,True
pp_nav_00154,improvable,74,ural_region,vukyl,591.036,131.121,0.3595489612733032,physical_screen,3,False,False,10263.645833333334,919.2708333333334,False
pp_nav_00155,navigable,62,alaska_region,bonanza,2228.948,550.955,0.0,physical_screen,4,False,False,1329.081081081081,920.1351351351351,False
pp_nav_00156,navigable,86,east_siberia_region,khoro,1437.934,144.447,0.17598364514907025,physical_screen,3,False,True,13178.125,916.5,False
pp_nav_00157,navigable,25,east_siberia_region,sangar,12662.751499999998,1070.1950000000002,0.07324208868806764,physical_screen,5,False,True,13525.3125,914.1875,False
pp_nav_00158,navigable,74,alaska_region,grayling,5714.9295,1997.3175,0.09189908821980482,physical_screen,4,False,False,424.6458333333333,930.1458333333334,False
pp_nav_00159,navigable,78,russian_region,siya,2579.634,751.583,0.15836668014526367,physical_screen,4,False,False,9600.020833333334,932.2708333333334,False
pp_nav_00160,navigable,87,east_siberia_region,byuteydyakh,1377.842,131.281,0.1862218182571929,physical_screen,3,False,True,13143.979166666666,918.2291666666666,False
pp_nav_00161,navigable,75,east_siberia_region,batamay,7313.997,855.525,0.04692230224609375,physical_screen,5,False,True,13583.979166666666,925.6666666666666,False
pp_nav_00162,navigable,36,east_siberia_region,ynakhsyt,928.398,88.409,0.0,physical_screen,3,False,True,13115.3,922.7,False
pp_nav_00163,navigable,41,russian_region,malye_oserki,526.729,270.58,0.047994298069925924,physical_screen,3,False,False,9468.958333333334,930.375,True
pp_nav_00164,navigable,73,west_siberia_region,sumgut_vosh,10674.784,6188.002,0.05746002197265625,physical_screen,5,False,False,10668.666666666666,934.375,False
pp_nav_00165,improvable,88,east_siberia_region,kele,5169.357,184.566,0.29410971996193136,bounded_native_gap;physical_screen,4,False,True,13614.3125,931.1875,False
pp_nav_00166,navigable,85,east_siberia_region,barayy,5053.743,172.746,0.2809112548828125,physical_screen,4,False,True,13746.604166666666,933.8125,False
pp_nav_00167,navigable,78,ural_region,vukyl,581.222,123.404,0.0,physical_screen,3,False,False,10252.583333333334,940.4166666666666,False
pp_nav_00168,navigable,52,alaska_region,wrigley,7142.384,4538.271,0.0,physical_screen,4,False,False,2064.3636363636365,941.6363636363636,False
pp_nav_00169,navigable,76,west_siberia_region,inbatskoye,11586.795,3253.147,0.12401038359687001,physical_screen,5,False,False,11680.395833333334,941.1041666666666,False
pp_nav_00170,navigable,80,east_siberia_region,khatas,7317.258,838.295,0.2878143310546875,physical_screen,4,False,True,13592.541666666666,949.25,False
pp_nav_00171,navigable,46,east_siberia_region,kele,5106.7735,179.362,0.242596435546875,physical_screen,4,False,True,13644.846153846154,937.6538461538462,False
pp_nav_00172,navigable,84,east_siberia_region,tukulan,5063.853,173.437,0.02158300224197472,physical_screen,4,False,True,13710.479166666666,937.6041666666666,False
pp_nav_00173,navigable,12,east_siberia_region,tukulan,5072.598,175.195,0.0,physical_screen,4,False,True,13689.142857142857,936.5714285714286,False
pp_nav_00174,improvable,84,east_siberia_region,ynakhsyt,912.806,86.155,0.6308289688975577,physical_screen,3,False,True,13075.020833333334,939.8125,False
pp_nav_00175,navigable,62,russian_region,siya,2573.182,749.216,0.19071778386799407,physical_screen,5,False,False,9599.184210526315,953.4736842105264,False
pp_nav_00176,navigable,75,east_siberia_region,bysyttakh,908.169,86.571,0.0,physical_screen,3,False,True,13045.041666666666,954.5416666666666,False
pp_nav_00177,navigable,80,east_siberia_region,barayy,5025.564,169.91750000000002,0.07249603271484376,physical_screen,4,False,True,13762.1875,953.6458333333334,False
pp_nav_00178,navigable,78,ural_region,vukyl,535.542,105.904,0.03950653076171875,physical_screen,3,False,False,10240.4375,956.2708333333334,False
pp_nav_00179,navigable,40,scandinavian_region,solatunum,513.525,197.064,0.0,physical_screen,3,False,False,8482.380952380952,948.6190476190476,False
pp_nav_00180,navigable,75,west_siberia_region,kaltysyany,10655.116,6166.823,0.2891701650934903,physical_screen,5,False,False,10656.541666666666,962.0416666666666,False
pp_nav_00181,navigable,28,alaska_region,grayling,5724.891,2006.587,0.0,physical_screen,4,False,False,414.6842105263158,953.6842105263158,False
pp_nav_00182,navigable,81,russian_region,siya,2564.76,746.108,0.12219309374674117,bounded_native_gap;physical_screen,5,False,False,9617.708333333334,958.6666666666666,False
pp_nav_00183,navigable,76,west_siberia_region,verkhneimbatsk,11344.716,3177.588,0.0,physical_screen,5,False,False,11705.354166666666,964.1458333333334,False
pp_nav_00184,improvable,84,east_siberia_region,bulun,5011.575,165.62099999999998,0.36592339496596565,physical_screen,4,False,True,13790.416666666666,958.5,False
pp_nav_00185,navigable,85,alaska_region,donjek,1510.309,501.821,0.1416259765625,physical_screen,3,False,False,1348.6666666666667,964.8333333333334,False
pp_nav_00186,navigable,48,east_siberia_region,maymaga,7314.308,829.299,0.16285034585515837,physical_screen,1,False,True,13588.833333333334,965.1333333333333,False
pp_nav_00187,navigable,30,east_siberia_region,bulun,5025.718,169.93,0.20245361328125,physical_screen,1,False,True,13753.0,959.578947368421,False
pp_nav_00188,navigable,83,east_siberia_region,khatas,7306.706,825.932,0.0,physical_screen,4,False,True,13599.604166666666,980.8958333333334,False
pp_nav_00189,improvable,71,east_siberia_region,seymchan,733.137,381.12,0.48076171875,bounded_native_gap;physical_screen,3,False,False,14632.541666666666,979.2083333333334,False
pp_nav_00190,navigable,83,alaska_region,imangaq,6457.685,2617.63,0.0,physical_screen,4,False,False,220.83333333333334,986.6666666666666,True
pp_nav_00191,navigable,81,russian_region,ust_vayenga,2278.872,646.489,0.05132950923904396,bounded_native_gap;physical_screen,5,False,False,9646.02,977.88,False
pp_nav_00192,navigable,83,alaska_region,wrigley,7022.0735,4458.43,0.1636474609375,bounded_native_gap;physical_screen,5,False,False,2078.125,984.3333333333334,False
pp_nav_00193,navigable,87,alaska_region,hucha_hudan,1748.861,582.537,0.0,physical_screen,3,False,False,1384.4791666666667,976.1041666666666,False
pp_nav_00194,navigable,40,ural_region,troitsko_pechorsk,524.096,101.349,0.0,physical_screen,3,False,False,10250.461538461539,979.1923076923077,False
pp_nav_00195,navigable,78,east_siberia_region,uyana,4988.266,161.484,0.13017032043609666,physical_screen,5,False,True,13812.291666666666,981.0208333333334,False
pp_nav_00196,navigable,15,west_siberia_region,kaltysyany,10649.874,6163.775,0.2891701650934903,physical_screen,1,False,False,10659.3,976.8,False
pp_nav_00197,navigable,75,east_siberia_region,elgyai,851.76,76.793,0.0,physical_screen,3,False,True,13038.021276595744,988.6808510638298,False
pp_nav_00198,navigable,19,east_siberia_region,arangastakh,859.737,78.415,0.0,physical_screen,1,False,True,13044.0,976.0,False
pp_nav_00199,navigable,73,west_siberia_region,karymkary,10606.271499999999,6134.1455,0.0,physical_screen,5,False,False,10674.020833333334,986.9375,False
pp_nav_00200,navigable,80,alaska_region,hucha_hudan,1746.458,580.599,0.0,physical_screen,3,False,False,1420.3333333333333,978.2916666666666,False
pp_nav_00201,navigable,79,west_siberia_region,verkhneimbatsk,11331.393,3176.624,0.2589280213029364,physical_screen,5,False,False,11725.083333333334,992.4166666666666,False
pp_nav_00202,navigable,46,east_siberia_region,khatas,7306.505,825.743,0.0,physical_screen,1,False,True,13594.038461538461,989.4615384615385,False
pp_nav_00203,improvable,76,alaska_region,carmacks,1353.939,501.934,0.815838623046875,physical_screen,3,False,False,1451.1666666666667,992.3333333333334,False
pp_nav_00204,navigable,79,east_siberia_region,khandyga,4585.135,138.507,0.08441925048828125,bounded_native_gap;physical_screen,5,False,True,13861.4375,993.8958333333334,False
pp_nav_00205,navigable,77,russian_region,sogra,2257.281,637.2909999999999,0.0,physical_screen,4,False,False,9679.4375,1000.0625,False
pp_nav_00206,improvable,49,east_siberia_region,udamik,4594.481,136.832,0.33800017283253664,bounded_native_gap;physical_screen,5,False,True,13837.8,990.9,False
pp_nav_00207,navigable,32,east_siberia_region,seymchan,716.926,383.293,0.0,physical_screen,3,False,False,14580.947368421053,995.0526315789474,False
pp_nav_00208,improvable,82,east_siberia_region,seymchan,723.7945,384.201,2.1253451767142453,physical_screen,3,False,False,14607.020833333334,1003.6458333333334,False
pp_nav_00209,navigable,54,east_siberia_region,seymchan,723.692,384.08,0.0,physical_screen,3,False,False,14622.741935483871,1003.516129032258,False
pp_nav_00210,navigable,31,east_siberia_region,seymchan,722.404,384.378,0.0,physical_screen,3,False,False,14594.578947368422,1001.8947368421053,False
pp_nav_00211,navigable,80,west_siberia_region,nazym,10540.515,6050.914000000001,0.12034797668457031,physical_screen,5,False,False,10700.4375,1007.0625,False
pp_nav_00212,navigable,74,east_siberia_region,khatas,7292.682,819.296,1.068115234375e-05,physical_screen,4,False,True,13608.4375,1013.8958333333334,False
pp_nav_00213,navigable,73,alaska_region,wrigley,6934.062,4446.827499999999,0.0,bounded_native_gap;physical_screen,4,False,False,2076.125,1016.75,False
pp_nav_00214,navigable,79,alaska_region,deloy_ges,5827.298,2073.973,0.27103962236848644,bounded_native_gap;physical_screen,4,False,False,406.9375,1017.5625,False
pp_nav_00215,navigable,82,alaska_region,carmacks,1349.5075,494.279,0.0,physical_screen,3,False,False,1475.5625,1015.9375,False
pp_nav_00216,navigable,81,west_siberia_region,verkhneimbatsk,10996.151,2907.897,0.000666596270665486,bounded_native_gap;physical_screen,5,False,False,11744.125,1019.2916666666666,False
pp_nav_00217,improvable,78,east_siberia_region,khandyga,4450.851,119.82,0.17374420166015625,bounded_native_gap;physical_screen,5,False,True,13871.895833333334,1018.5,False
pp_nav_00218,navigable,51,russian_region,nizhnyaya_toyma,2151.7335000000003,598.6614999999999,0.0,physical_screen,4,False,False,9703.964285714286,1013.5357142857143,False
pp_nav_00219,navigable,21,east_siberia_region,orotukan,610.3,334.512,0.2549072265625,physical_screen,3,False,False,14556.0,1018.0,False
pp_nav_00220,navigable,81,west_siberia_region,nazym,10310.942,5842.668,0.019529009552648365,bounded_native_gap;physical_screen,5,False,False,10731.583333333334,1023.375,False
pp_nav_00221,navigable,8,east_siberia_region,kysyl_syr,7292.079,817.89,0.06764127420221275,physical_screen,1,False,True,13602.4,1017.6,False
pp_nav_00222,navigable,80,russian_region,nizhnyaya_toyma,2013.477,557.726,0.048525238037109376,physical_screen,4,False,False,9738.791666666666,1029.7083333333333,False
pp_nav_00223,improvable,25,east_siberia_region,suntar,837.128,75.263,0.6198165893554688,physical_screen,3,False,True,13048.133333333333,1023.8666666666667,False
pp_nav_00224,navigable,80,ural_region,ust_vym,932.739,250.673,0.07829688762606704,physical_screen,3,False,False,9966.458333333334,1028.75,False
pp_nav_00225,improvable,81,ural_region,ust_vym,653.78,160.5345,0.09234460139176943,bounded_native_gap;physical_screen,3,False,False,9981.479166666666,1036.0625,False
pp_nav_00226,navigable,20,east_siberia_region,chiryapchi,7291.013,817.673,0.0,physical_screen,1,False,True,13609.083333333334,1029.4166666666667,False
pp_nav_00227,navigable,73,east_siberia_region,zhatai,7272.47,813.883,0.03228080786308723,physical_screen,4,False,True,13599.291666666666,1045.7916666666667,False
pp_nav_00228,improvable,15,alaska_region,wrigley,6870.589,4446.383,1.506781005859375,physical_screen,4,False,False,2087.875,1029.625,False
pp_nav_00229,improvable,79,west_siberia_region,bardak,10289.876,5800.99,0.3547038031430033,physical_screen,5,False,False,10757.8125,1044.6875,False
pp_nav_00230,improvable,9,east_siberia_region,iagodnoie,565.105,310.543,0.9158791325241435,physical_screen,5,False,False,14548.857142857143,1032.2857142857142,False
pp_nav_00231,improvable,82,alaska_region,pelly_faro,1340.521,492.5395,0.3652530094114002,physical_screen,3,False,False,1499.5,1037.0833333333333,False
pp_nav_00232,navigable,80,ural_region,zheshart,941.733,256.152,0.0,physical_screen,3,False,False,9925.25,1035.1666666666667,False
pp_nav_00233,improvable,82,east_siberia_region,chymnaii,4429.874,116.957,0.5503690570283803,physical_screen,4,False,True,13864.3125,1045.1041666666667,False
pp_nav_00234,navigable,23,alaska_region,deloy_chet,6134.615,2326.3715,0.5800286293029785,physical_screen,4,False,False,409.64285714285717,1035.142857142857,False
pp_nav_00235,improvable,23,ural_region,zheshart,933.251,252.812,0.698529052734375,physical_screen,3,False,False,9946.266666666666,1037.8666666666666,False
pp_nav_00236,navigable,58,east_siberia_region,tomtor,7272.47,814.854,0.06748875607330465,physical_screen,1,False,True,13604.324324324325,1048.3243243243244,False
pp_nav_00237,navigable,81,west_siberia_region,bakhtinsky,10981.090499999998,2905.768,0.23169403076171874,physical_screen,5,False,False,11759.4375,1051.0625,False
pp_nav_00238,navigable,47,alaska_region,pelly_faro,1330.867,484.852,0.0,physical_screen,3,False,False,1525.9259259259259,1043.0740740740741,False
pp_nav_00239,navigable,23,ural_region,zheshart,970.199,266.831,0.20002670288085939,physical_screen,3,False,False,9903.4,1042.4,False
pp_nav_00240,navigable,76,ural_region,ust_sysola,629.801,152.281,0.2778678355395579,physical_screen,3,False,False,9998.608695652174,1049.6304347826087,False
pp_nav_00241,navigable,34,russian_region,verkhnyaya_toyma,1853.322,512.896,0.19245643615722657,physical_screen,5,False,False,9741.65,1049.85,False
pp_nav_00242,improvable,10,alaska_region,susitna,680.672,83.486,1.2033775329589844,physical_screen,3,False,True,855.0,1047.0,False
pp_nav_00243,navigable,80,russian_region,verkhnyaya_toyma,1678.9925,454.03650000000005,0.1433114386823791,physical_screen,3,False,False,9756.979166666666,1059.5208333333333,False
pp_nav_00244,navigable,78,west_siberia_region,kuzmovka,1838.964,341.099,0.0,physical_screen,3,False,False,11852.354166666666,1062.1875,False
pp_nav_00245,navigable,76,russian_region,yarensk,977.073,268.613,0.17017898559570313,physical_screen,3,False,False,9883.458333333334,1067.9583333333333,False
pp_nav_00246,improvable,26,alaska_region,qipcarpak,1186.357,482.868,1.6393447875976563,physical_screen,3,False,False,486.8333333333333,1060.3333333333333,False
pp_nav_00247,improvable,77,alaska_region,fort_simpson,2442.481,639.983,1.3055428458440288,physical_screen,4,False,False,2164.3333333333335,1067.625,False
pp_nav_00248,barrier,76,alaska_region,tovisq_ol,836.462,310.476,2.18580322265625,bounded_native_gap;physical_screen,5,False,False,548.8958333333334,1061.8125,False
pp_nav_00249,navigable,82,west_siberia_region,poligus,995.44,125.215,0.0,physical_screen,3,False,True,12064.520833333334,1066.8125,False
pp_nav_00250,barrier,38,alaska_region,pelly_faro,1042.47,355.089,2.7287841796875,physical_screen,3,False,False,1547.8695652173913,1066.695652173913,False
pp_nav_00251,navigable,80,east_siberia_region,khanda,4418.369,113.083,0.0,physical_screen,4,False,True,13852.75,1067.625,False
pp_nav_00252,navigable,8,russian_region,verkhnyaya_toyma,1722.64,469.089,0.0442108154296875,physical_screen,5,False,False,9746.6,1062.4,False
pp_nav_00253,navigable,78,west_siberia_region,bakhtinsky,10964.045,2915.431,0.07600722374801971,physical_screen,5,False,False,11782.020833333334,1071.3958333333333,False
pp_nav_00254,improvable,57,west_siberia_region,yendyr,10280.594,5766.696,0.48764885662811985,physical_screen,5,False,False,10772.28125,1070.21875,False
pp_nav_00255,navigable,71,east_siberia_region,tyokhtyur,7281.6715,802.083,0.0,physical_screen,4,False,True,13580.458333333334,1074.9583333333333,False
pp_nav_00256,navigable,80,west_siberia_region,bakhtinsky,1939.843,371.962,0.0,physical_screen,3,False,False,11815.604166666666,1067.6458333333333,False
pp_nav_00257,improvable,21,east_siberia_region,zhatai,7262.003,807.05,0.548505101354604,physical_screen,1,False,True,13596.882352941177,1069.8823529411766,False
pp_nav_00258,improvable,66,alaska_region,jean_marie_river,4410.856,3497.31,0.3891345846236621,physical_screen,4,False,False,2198.1463414634145,1077.5853658536585,False
pp_nav_00259,barrier,76,west_siberia_region,poligus,572.929,82.132,3.0437390360689522,physical_screen,5,False,True,12082.229166666666,1080.6458333333333,False
pp_nav_00260,navigable,8,west_siberia_region,bakhtinsky,1945.037,372.189,0.15435587180400084,physical_screen,3,False,False,11796.285714285714,1072.2857142857142,False
pp_nav_00261,improvable,79,russian_region,verkhnyaya_toyma,1396.81,378.351,0.29980010986328126,bounded_native_gap;physical_screen,5,False,False,9785.333333333334,1078.6041666666667,False
pp_nav_00262,navigable,31,west_siberia_region,kuzmovka,1883.326,353.595,0.0,physical_screen,3,False,False,11837.666666666666,1073.8333333333333,False
pp_nav_00263,navigable,15,alaska_region,k_enakatnu,802.2425000000001,137.628,0.04839057922363281,physical_screen,3,False,False,839.4,1074.9,False
pp_nav_00264,navigable,53,alaska_region,deloy_chet,1279.699,533.4580000000001,0.04882888793945313,bounded_native_gap;physical_screen,3,False,False,423.3125,1074.625,False
pp_nav_00265,navigable,80,west_siberia_region,bakhtinsky,9005.628,2563.068,0.0,physical_screen,5,False,False,11785.583333333334,1085.375,False
pp_nav_00266,navigable,74,west_siberia_region,yendyr,10270.47,5728.631,0.18396949768066406,physical_screen,5,False,False,10796.020833333334,1090.2291666666667,False
pp_nav_00267,navigable,63,east_siberia_region,khanda,4363.429,109.405,0.0,physical_screen,4,False,True,13856.538461538461,1088.0,False
pp_nav_00268,improvable,37,russian_region,yarensk,794.6610000000001,218.4075,0.7319523172766816,physical_screen,3,False,False,9863.125,1083.625,False
pp_nav_00269,improvable,81,alaska_region,fort_simpson,2423.919,613.327,0.39974280453171623,physical_screen,4,False,False,2142.7291666666665,1089.7291666666667,False
pp_nav_00270,navigable,79,alaska_region,kakisa,4369.228,3475.0280000000002,3.0517578125e-06,physical_screen,4,False,False,2298.25,1090.875,False
pp_nav_00271,improvable,74,alaska_region,klutina,1098.618,95.77250000000001,0.7600259344901541,physical_screen,3,False,True,1099.6666666666667,1097.0,False
pp_nav_00272,navigable,84,east_siberia_region,charang,7305.854,791.575,0.07375270246107787,physical_screen,4,False,True,13552.25,1094.75,False
pp_nav_00273,navigable,78,russian_region,koryazhma,1014.992,258.541,0.0,physical_screen,5,False,False,9808.083333333334,1101.7083333333333,False
pp_nav_00274,navigable,74,west_siberia_region,baykit,569.556,81.242,0.0,physical_screen,3,False,True,12086.770833333334,1098.9583333333333,False
pp_nav_00275,navigable,79,alaska_region,fort_simpson,2419.671,606.008,0.0,physical_screen,4,False,False,2107.9375,1101.4375,False
pp_nav_00276,navigable,78,alaska_region,kakisa,4350.846,2929.971,0.0,physical_screen,4,False,False,2346.125,1105.375,False
pp_nav_00277,navigable,81,west_siberia_region,siberia_bor,8960.109,2573.939,0.06206550598144531,bounded_native_gap;physical_screen,5,False,False,11771.4375,1114.2708333333333,False
pp_nav_00278,navigable,38,west_siberia_region,irtysh,7287.485500000001,3821.92,0.1356277517149324,physical_screen,4,False,False,10905.85,1099.65,False
pp_nav_00279,navigable,84,west_siberia_region,surgut,6865.351,3409.775,0.11291701314394888,bounded_native_gap;physical_screen,4,False,False,10982.770833333334,1100.6875,False
pp_nav_00280,navigable,60,alaska_region,kakisa,4379.708,3467.464,0.226190185546875,physical_screen,4,False,False,2250.75,1101.75,False
pp_nav_00281,navigable,30,alaska_region,kakisa,4373.36,3463.857,0.1031951904296875,physical_screen,4,False,False,2275.823529411765,1100.8235294117646,False
pp_nav_00282,navigable,85,east_siberia_region,ulakhan_an,7272.033,781.229,0.0,physical_screen,4,False,True,13512.520833333334,1103.0208333333333,False
pp_nav_00283,navigable,87,west_siberia_region,surgut,6767.2365,3321.42,0.0,physical_screen,4,False,False,11019.1875,1102.1458333333333,False
pp_nav_00284,navigable,75,west_siberia_region,irtysh,7344.287,3876.831,0.20885434111197188,bounded_native_gap;physical_screen,5,False,False,10835.145833333334,1106.3125,False
pp_nav_00285,navigable,84,west_siberia_region,surgut,6524.549,3104.65,0.008970834634637239,physical_screen,4,False,False,11060.125,1104.6666666666667,False
pp_nav_00286,navigable,82,west_siberia_region,surgut,6515.793,3090.019,0.0,physical_screen,5,False,False,11093.125,1107.0833333333333,False
pp_nav_00287,barrier,15,west_siberia_region,baykit,531.945,75.703,3.9346771240234375,physical_screen,1,False,True,12084.727272727272,1107.5454545454545,False
pp_nav_00288,navigable,61,west_siberia_region,yendyr,10263.064,5717.609,0.30977724980219623,physical_screen,5,False,False,10809.805555555555,1112.3055555555557,False
pp_nav_00289,navigable,17,russian_region,krasny_bor,997.856,253.792,0.0,physical_screen,5,False,False,9805.545454545454,1110.4545454545455,False
pp_nav_00290,improvable,25,west_siberia_region,baykit,530.018,75.2265,0.8450653076171875,physical_screen,3,False,True,12094.6875,1113.8125,False
pp_nav_00291,navigable,89,east_siberia_region,tit_ary,7271.6255,780.8665000000001,0.0,physical_screen,5,False,True,13474.5625,1111.9583333333333,False
pp_nav_00292,navigable,80,west_siberia_region,megion,6047.4765,2658.697,0.10854530334472656,physical_screen,4,False,False,11126.083333333334,1115.7916666666667,False
pp_nav_00293,navigable,76,west_siberia_region,megion,648.32,400.845,0.12917584086362432,physical_screen,3,False,False,11199.416666666666,1115.4583333333333,False
pp_nav_00294,navigable,76,east_siberia_region,tumul,4322.315,108.002,0.0,physical_screen,4,False,True,13851.625,1126.125,False
pp_nav_00295,navigable,80,alaska_region,chitina,1200.57,111.61850000000001,0.15802688598632814,physical_screen,5,False,True,1101.75,1126.7083333333333,False
pp_nav_00296,navigable,81,scandinavian_region,ostrechiny,595.139,492.861,0.0,physical_screen,3,False,False,9278.895833333334,1117.5208333333333,False
pp_nav_00297,navigable,80,east_siberia_region,yedey,7220.468,771.322,0.15398987624357752,physical_screen,4,False,True,13435.083333333334,1118.5833333333333,False
pp_nav_00298,navigable,81,west_siberia_region,irtysh,2928.126,1807.73,0.13746389069231404,physical_screen,4,False,False,10838.541666666666,1121.9166666666667,False
pp_nav_00299,navigable,78,west_siberia_region,megion,5973.411,2605.464,0.05978294142251871,physical_screen,4,False,False,11153.395833333334,1120.3958333333333,False
pp_nav_00300,navigable,33,west_siberia_region,turama,530.855,75.399,0.0,physical_screen,1,False,True,12090.0,1117.0,False
pp_nav_00301,navigable,67,russian_region,veliky_ustyug,975.403,247.145,0.12771987915039062,bounded_native_gap;physical_screen,3,False,False,9802.266666666666,1135.1777777777777,False
pp_nav_00302,navigable,77,scandinavian_region,jaskis,619.914,579.254,0.0,physical_screen,3,False,False,9022.916666666666,1132.5833333333333,False
pp_nav_00303,improvable,82,scandinavian_region,vazhiny,617.33,501.175,1.4006679510327267,physical_screen,3,False,False,9245.895833333334,1124.2708333333333,False
pp_nav_00304,navigable,80,west_siberia_region,megion,5295.84,2182.2529999999997,0.06682926352414384,physical_screen,5,False,False,11187.25,1134.25,False
pp_nav_00305,navigable,75,russian_region,lodenoye_pole,653.233,515.287,0.06031932830810547,physical_screen,3,False,False,9218.5,1138.1666666666667,False
pp_nav_00306,navigable,81,west_siberia_region,irtysh,2990.3779999999997,1850.3595,0.005821002313073028,physical_screen,4,False,False,10861.729166666666,1138.6875,False
pp_nav_00307,navigable,30,west_siberia_region,megion,5955.3009999999995,2589.2309999999998,0.12168479318635374,physical_screen,4,False,False,11172.5,1129.0,False
pp_nav_00308,improvable,64,east_siberia_region,yedey,7218.635,771.523,0.6765609741210937,physical_screen,4,False,True,13406.702702702703,1132.7027027027027,False
pp_nav_00309,navigable,80,alaska_region,tu_nedhe,3448.629,2031.515,0.0,physical_screen,4,False,False,2541.3958333333335,1139.9791666666667,False
pp_nav_00310,improvable,78,west_siberia_region,sulomay,8682.911,2517.526,0.09777603149414063,bounded_native_gap;physical_screen,5,False,False,11784.916666666666,1146.2916666666667,False
pp_nav_00311,navigable,18,alaska_region,mamterilleq,1432.401,637.397,0.005120868384575894,bounded_native_gap;physical_screen,3,False,False,334.5,1135.0,False
pp_nav_00312,navigable,46,alaska_region,nahanni,1941.109,558.363,0.0,physical_screen,3,False,False,2070.5555555555557,1139.111111111111,False
pp_nav_00313,navigable,86,west_siberia_region,chamcha,4374.7075,586.577,0.0,physical_screen,4,False,True,12944.104166666666,1141.5625,False
pp_nav_00314,improvable,80,east_siberia_region,eldikan,4137.085,108.9,0.0638702392578125,bounded_native_gap;physical_screen,5,False,True,13838.166666666666,1152.375,False
pp_nav_00315,navigable,54,alaska_region,daxunhyuu,1397.8045000000002,133.4115,0.2580238342285156,physical_screen,3,False,True,1097.388888888889,1149.888888888889,False
pp_nav_00316,navigable,81,west_siberia_region,upper_ob,5280.415,2176.464,0.0,physical_screen,4,False,False,11211.666666666666,1146.5,False
pp_nav_00317,navigable,73,west_siberia_region,chamcha,4366.918,589.894,0.3421273207982468,physical_screen,4,False,True,12909.1875,1151.6875,False
pp_nav_00318,navigable,82,west_siberia_region,nyuya,4397.691,585.903,0.0,physical_screen,4,False,True,12977.458333333334,1154.0416666666667,False
pp_nav_00319,improvable,81,alaska_region,nahanni,1934.7585,555.3795,0.50638427734375,physical_screen,3,False,False,2068.4791666666665,1162.8958333333333,False
pp_nav_00320,navigable,85,east_siberia_region,sanyyakhtakh,7219.630999999999,770.718,0.0,physical_screen,5,False,True,13352.020833333334,1149.0416666666667,False
pp_nav_00321,navigable,81,east_siberia_region,balagannakh,7153.706,777.25,0.16199798583984376,physical_screen,4,False,True,13211.833333333334,1151.0,False
pp_nav_00322,navigable,78,west_siberia_region,irtysh,2571.767,1463.403,0.0,physical_screen,4,False,False,10868.270833333334,1164.4791666666667,False
pp_nav_00323,navigable,78,alaska_region,klewi,3447.484,2035.981,0.03531300234575403,physical_screen,4,False,False,2563.5416666666665,1159.75,False
pp_nav_00324,navigable,93,east_siberia_region,marxa,7155.832,767.923,0.06414108276367188,physical_screen,4,False,True,13305.9375,1152.6041666666667,False
pp_nav_00325,navigable,81,west_siberia_region,upper_ob,5251.458,2181.681,0.1714668741692829,physical_screen,4,False,False,11239.041666666666,1162.875,False
pp_nav_00326,navigable,92,east_siberia_region,balagannakh,7153.98,770.5985000000001,0.0,physical_screen,4,False,True,13250.6875,1154.4375,False
pp_nav_00327,navigable,10,east_siberia_region,sanyyakhtakh,7156.7185,767.7535,0.7048975408652534,physical_screen,4,False,True,13331.5,1153.0,False
pp_nav_00328,navigable,19,east_siberia_region,marxa,7150.332,766.988,0.0,physical_screen,4,False,True,13278.727272727272,1154.7272727272727,False
pp_nav_00329,navigable,81,east_siberia_region,balagannakh,5205.64,641.1405,0.34247283935546874,physical_screen,5,False,True,13184.875,1166.7916666666667,False
pp_nav_00330,improvable,79,west_siberia_region,tinnaya,4678.688,599.893,1.4171905517578125,physical_screen,4,False,True,13010.229166666666,1169.2708333333333,False
pp_nav_00331,navigable,75,east_siberia_region,eldikan,4110.739,109.115,0.0,physical_screen,4,False,True,13819.770833333334,1167.4375,False
pp_nav_00332,improvable,76,west_siberia_region,sulomay,8652.607,2519.169,0.1435314178466797,bounded_native_gap;physical_screen,5,False,False,11795.6875,1173.6875,False
pp_nav_00333,navigable,74,west_siberia_region,khamra,4351.516,592.783,0.4552176320386475,physical_screen,4,False,True,12887.1875,1177.6875,False
pp_nav_00334,navigable,77,west_siberia_region,upper_ob,5185.726,2154.77,0.071783447265625,physical_screen,4,False,False,11264.625,1177.9791666666667,False
pp_nav_00335,navigable,27,east_siberia_region,eldikan,4115.234,109.186,0.04247196673913102,physical_screen,4,False,True,13839.75,1170.625,False
pp_nav_00336,navigable,79,alaska_region,klewi,3442.3925,2026.8980000000001,0.005435408012330968,physical_screen,4,False,False,2570.1666666666665,1176.1666666666667,False
pp_nav_00337,navigable,82,east_siberia_region,yunkyur,5188.469,642.764,0.132977294921875,physical_screen,4,False,True,13156.291666666666,1177.0833333333333,False
pp_nav_00338,barrier,13,east_siberia_region,olekma,1905.652,124.658,8.831465031901947,physical_screen,5,False,True,13189.888888888889,1176.3333333333333,False
pp_nav_00339,navigable,30,alaska_region,iiq,1574.718,783.724,0.0,physical_screen,3,False,False,293.3125,1181.1875,True
pp_nav_00340,navigable,30,east_siberia_region,ust_maia,2913.225,75.301,0.0,physical_screen,4,False,True,13800.75,1180.25,False
pp_nav_00341,navigable,76,west_siberia_region,yukonda,2568.4965,1461.5895,0.0,physical_screen,4,False,False,10867.791666666666,1187.125,False
pp_nav_00342,barrier,79,alaska_region,ford_liard,1763.902,403.376,0.48678741455078123,bounded_native_gap;physical_screen,5,False,False,2057.4166666666665,1188.2916666666667,False
pp_nav_00343,navigable,73,east_siberia_region,daban,5137.135,630.8515,0.032464599609375,physical_screen,4,False,True,13122.729166666666,1186.2708333333333,False
pp_nav_00344,navigable,19,alaska_region,iiq,1571.652,784.544,0.0,physical_screen,1,False,False,298.92857142857144,1184.4285714285713,True
pp_nav_00345,navigable,76,west_siberia_region,patom,5063.747,630.265,0.1075103759765625,physical_screen,4,False,True,13032.041666666666,1195.4583333333333,False
pp_nav_00346,navigable,79,west_siberia_region,tis_reka,8189.347,2366.948,0.17969322204589844,physical_screen,5,False,False,11815.8125,1197.6875,False
pp_nav_00347,navigable,76,scandinavian_region,kongsvinger,603.095,136.519,0.2564940185093969,physical_screen,3,False,False,8202.791666666666,1200.125,False
pp_nav_00348,navigable,80,west_siberia_region,upper_ob,5144.874,2138.0235000000002,0.218609619140625,bounded_native_gap;physical_screen,4,False,False,11283.958333333334,1196.125,False
pp_nav_00349,navigable,79,alaska_region,klewi,3437.881,2014.429,0.004388427734375,physical_screen,4,False,False,2593.5833333333335,1197.0416666666667,False
pp_nav_00350,navigable,71,west_siberia_region,khamra,4311.449,599.949,0.0,physical_screen,4,False,True,12862.854166666666,1201.3541666666667,False
pp_nav_00351,navigable,82,west_siberia_region,yukonda,2556.421,1470.26,0.2478798793015539,physical_screen,4,False,False,10868.166666666666,1209.1666666666667,False
pp_nav_00352,navigable,77,alaska_region,ozanna,682.543,120.44,0.0,physical_screen,3,False,False,1870.8333333333333,1202.625,False
pp_nav_00353,improvable,78,east_siberia_region,daban,5129.5205,637.063,1.0058685302734376,physical_screen,4,False,True,13094.895833333334,1206.3958333333333,False
pp_nav_00354,improvable,80,russian_region,neva,2553.242,2130.543,0.4810587673747669,physical_screen,4,False,False,9080.104166666666,1208.4791666666667,False
pp_nav_00355,improvable,50,alaska_region,ozanna,569.812,105.321,0.74041748046875,bounded_native_gap;physical_screen,5,False,False,1849.1333333333334,1207.1333333333334,False
pp_nav_00356,improvable,70,alaska_region,ford_liard,1724.416,394.852,0.4236707463558337,bounded_native_gap;physical_screen,5,False,False,2047.1041666666667,1220.1041666666667,False
pp_nav_00357,barrier,82,alaska_region,ozanna,689.6865,122.4645,2.51739501953125,physical_screen,3,False,False,1891.0625,1217.1458333333333,False
pp_nav_00358,navigable,78,ural_region,solikamsk,835.9325,229.4305,0.12314095993170092,physical_screen,3,False,False,10266.583333333334,1220.0416666666667,False
pp_nav_00359,navigable,81,west_siberia_region,macha,5115.331,637.795,0.0,physical_screen,4,False,True,13061.270833333334,1214.2291666666667,False
pp_nav_00360,navigable,81,alaska_region,tethul,3434.65,2008.121,0.19481403145165618,physical_screen,4,False,False,2612.625,1222.75,False
pp_nav_00361,navigable,77,west_siberia_region,upper_ob,5095.0545,2139.9750000000004,0.0,bounded_native_gap;physical_screen,4,False,False,11296.166666666666,1222.6666666666667,False
pp_nav_00362,improvable,22,russian_region,neva,2553.242,2130.543,0.5723828315734864,mouth_alignment_snap;physical_screen,3,False,False,9073.2,1213.7333333333333,True
pp_nav_00363,navigable,45,west_siberia_region,nazimovo,8166.668,2364.033,0.057483673095703125,physical_screen,5,False,False,11820.444444444445,1219.6296296296296,False
pp_nav_00364,barrier,80,west_siberia_region,khamra,4295.126,614.9545,0.0,bounded_native_gap;physical_screen,4,False,True,12835.229166666666,1220.8541666666667,False
pp_nav_00365,navigable,76,west_siberia_region,tis_reka,8155.1145,2364.158,0.0,physical_screen,5,False,False,11830.020833333334,1230.1041666666667,False
pp_nav_00366,improvable,76,scandinavian_region,moss,635.524,152.087,1.097397635289146,physical_screen,3,False,False,8198.770833333334,1231.8958333333333,False
pp_nav_00367,improvable,79,alaska_region,ford_liard,1232.577,199.664,1.1374637526474887,physical_screen,3,False,False,2025.7708333333333,1222.3958333333333,False
pp_nav_00368,navigable,77,west_siberia_region,yukonda,2551.378,1481.501,0.0,physical_screen,4,False,False,10844.604166666666,1227.5208333333333,False
pp_nav_00369,improvable,11,west_siberia_region,macha,5120.654,636.438,1.8199462160541817,physical_screen,4,False,True,13080.857142857143,1219.857142857143,False
pp_nav_00370,improvable,81,alaska_region,tsay_iona,1056.624,174.203,0.66253662109375,physical_screen,5,False,False,1919.875,1228.6041666666667,False
pp_nav_00371,navigable,32,alaska_region,ford_liard,1225.208,198.827,0.0,physical_screen,3,False,False,2009.15,1233.65,False
pp_nav_00372,navigable,71,west_siberia_region,peledui,2377.7664999999997,343.018,0.22191185190194296,physical_screen,5,False,True,12817.375,1239.2916666666667,False
pp_nav_00373,navigable,19,alaska_region,ford_liard,1308.193,206.493,0.27008056640625,physical_screen,3,False,False,2038.3333333333333,1233.1666666666667,False
pp_nav_00374,navigable,75,alaska_region,akokpaq,614.4265,354.9815,0.2543186187744141,physical_screen,3,False,False,524.8958333333334,1242.3958333333333,True
pp_nav_00375,navigable,75,russian_region,lyuban,625.153,289.513,0.01681536879253931,physical_screen,3,False,False,9143.291666666666,1248.0,False
pp_nav_00376,improvable,80,west_siberia_region,upper_ob,5097.186,2138.0389999999998,0.0,bounded_native_gap;physical_screen,5,False,False,11319.958333333334,1239.4791666666667,False
pp_nav_00377,navigable,82,alaska_region,tsay_iona,1107.609,186.728,0.0,physical_screen,3,False,False,1951.625,1240.875,False
pp_nav_00378,navigable,78,ural_region,usolye,932.946,249.009,0.0,physical_screen,5,False,False,10264.354166666666,1246.875,False
pp_nav_00379,navigable,41,west_siberia_region,turtas,2372.379,1325.003,0.06635021274971888,physical_screen,4,False,False,10829.0,1241.44,False
pp_nav_00380,navigable,29,alaska_region,tethul,3427.003,1998.348,0.0,physical_screen,4,False,False,2615.3888888888887,1248.0,False
pp_nav_00381,navigable,64,west_siberia_region,upper_ob,4834.087,1901.167,0.00634717903872939,physical_screen,4,False,False,11341.461538461539,1248.5897435897436,False
pp_nav_00382,navigable,81,alaska_region,tsay_iona,1125.2604999999999,188.5755,0.0,physical_screen,3,False,False,1987.9166666666667,1249.4583333333333,False
pp_nav_00383,navigable,74,west_siberia_region,witym,2352.474,338.257,0.0,physical_screen,4,False,True,12820.645833333334,1259.8541666666667,False
pp_nav_00384,navigable,11,alaska_region,tsay_iona,1114.301,187.5,0.0,physical_screen,3,False,False,1969.2857142857142,1245.7142857142858,False
pp_nav_00385,navigable,80,west_siberia_region,kiya,8079.347,2416.6085000000003,0.16090506940087995,physical_screen,5,False,False,11850.395833333334,1257.1041666666667,False
pp_nav_00386,improvable,82,alaska_region,yaakwdaat,802.999,94.601,0.9412783622741699,physical_screen,3,False,True,1391.6304347826087,1256.3478260869565,False
pp_nav_00387,navigable,33,scandinavian_region,moss,652.909,169.474,0.07813549041748047,physical_screen,3,False,False,8192.952380952382,1253.952380952381,False
pp_nav_00388,navigable,76,west_siberia_region,turtas,2370.828,1315.071,0.0,physical_screen,4,False,False,10824.041666666666,1260.625,False
pp_nav_00389,navigable,77,west_siberia_region,vitim,1552.57,226.039,0.0,physical_screen,3,False,True,12796.4375,1256.6041666666667,False
pp_nav_00390,navigable,82,alaska_region,aguyaq,699.203,415.761,0.13915957925642647,physical_screen,3,False,False,506.7083333333333,1270.0833333333333,True
pp_nav_00391,navigable,78,alaska_region,kai_theli_ke_hot_inne,3423.201,1962.718,0.18187277184832706,physical_screen,5,False,False,2616.3958333333335,1267.875,False
pp_nav_00392,navigable,82,ural_region,yusva,981.802,261.071,0.0,bounded_native_gap;physical_screen,3,False,False,10249.291666666666,1274.6666666666667,False
pp_nav_00393,improvable,70,west_siberia_region,upper_ob,4622.955,1659.103,0.0,bounded_native_gap;physical_screen,5,False,False,11368.975609756097,1264.0243902439024,False
pp_nav_00394,navigable,74,west_siberia_region,yukte,1540.703,222.109,0.3497222900390625,physical_screen,3,False,True,12769.645833333334,1270.1458333333333,False
pp_nav_00395,navigable,61,alaska_region,aguyaq,714.533,436.201,0.21576201915740967,physical_screen,5,False,False,486.390243902439,1273.9512195121952,True
pp_nav_00396,navigable,74,russian_region,chudovo,601.388,278.623,0.035265009024754955,physical_screen,3,False,False,9131.791666666666,1280.2916666666667,False
pp_nav_00397,navigable,81,west_siberia_region,kamensk,7780.389,2396.535,0.24443620459231286,bounded_native_gap;physical_screen,5,False,False,11872.083333333334,1280.1666666666667,False
pp_nav_00398,improvable,79,alaska_region,mikkwa,2151.925,771.018,1.2237566251355876,physical_screen,4,False,False,2541.375,1281.3333333333333,False
pp_nav_00399,navigable,78,alaska_region,kai_theli_ke_hot_inne,2214.317,800.42,0.0,physical_screen,4,False,False,2594.2708333333335,1275.7708333333333,False
pp_nav_00400,navigable,19,west_siberia_region,turtas,2333.956,1273.267,0.0,physical_screen,4,False,False,10825.25,1272.4166666666667,False
pp_nav_00401,navigable,76,west_siberia_region,qashliq,2248.755,1172.297,0.01425216884565451,physical_screen,4,False,False,10818.375,1284.375,False
pp_nav_00402,navigable,81,west_siberia_region,witym,2316.423,331.705,0.32264556884765627,physical_screen,4,False,True,12828.270833333334,1283.9375,False
pp_nav_00403,navigable,11,alaska_region,kai_theli_ke_hot_inne,2224.997,817.703,0.18187277184832706,physical_screen,4,False,False,2608.8571428571427,1278.857142857143,False
pp_nav_00404,navigable,82,west_siberia_region,kezhma,3540.28,1481.7595000000001,0.2350860595703125,physical_screen,4,False,False,12293.833333333334,1281.0,False
pp_nav_00405,navigable,85,west_siberia_region,kezhma,3530.125,1511.782,0.02554931640625,physical_screen,4,False,False,12332.479166666666,1278.6875,False
pp_nav_00406,improvable,79,west_siberia_region,yukte,1497.5595,217.69,0.4285858154296875,physical_screen,3,False,True,12747.458333333334,1291.2083333333333,False
pp_nav_00407,navigable,79,alaska_region,mikkwa,2148.673,757.428,0.045831001303771796,physical_screen,4,False,False,2517.2916666666665,1294.9583333333333,False
pp_nav_00408,improvable,78,west_siberia_region,kamensk,7758.867,2418.0265,0.19425319282202164,bounded_native_gap;physical_screen,4,False,False,11882.541666666666,1302.625,False
pp_nav_00409,navigable,84,west_siberia_region,lower_angara,3473.721,1564.715,0.0,physical_screen,4,False,False,12368.604166666666,1308.8958333333333,False
pp_nav_00410,navigable,78,west_siberia_region,qashliq,2253.242,1171.22,0.13695728712944408,physical_screen,4,False,False,10810.104166666666,1306.0208333333333,False
pp_nav_00411,navigable,78,west_siberia_region,upper_angara,3550.991,1445.639,0.12307896826661811,physical_screen,4,False,False,12269.5625,1303.4375,False
pp_nav_00412,navigable,76,ural_region,dobryanka,1187.501,295.469,0.0,physical_screen,3,False,False,10250.1875,1308.2708333333333,False
pp_nav_00413,navigable,78,west_siberia_region,yarkino,3624.231,1465.296,0.0,bounded_native_gap;physical_screen,4,False,False,12197.3125,1298.6041666666667,False
pp_nav_00414,navigable,55,russian_region,chudovo,587.9715,275.698,0.0,physical_screen,5,False,False,9116.888888888889,1306.5,False
pp_nav_00415,navigable,79,alaska_region,mikkwa,2145.746,749.094,0.0,physical_screen,4,False,False,2484.5,1305.0,False
pp_nav_00416,navigable,86,west_siberia_region,yukte,1477.6905000000002,211.5775,0.0,physical_screen,3,False,True,12720.479166666666,1300.5625,False
pp_nav_00417,navigable,82,west_siberia_region,upper_angara,3608.7439999999997,1457.581,0.157763671875,physical_screen,4,False,False,12228.895833333334,1309.6041666666667,False
pp_nav_00418,navigable,15,west_siberia_region,kolpashevo,578.732,337.534,0.018043485760150604,physical_screen,3,False,False,11443.625,1304.875,False
pp_nav_00419,barrier,75,west_siberia_region,nikolsky_pogost,1400.466,196.294,0.0,bounded_native_gap;physical_screen,3,False,True,12690.354166666666,1310.9375,False
pp_nav_00420,navigable,86,west_siberia_region,yarkino,3744.011,1504.051,0.0,physical_screen,4,False,False,12168.979166666666,1314.6458333333333,False
pp_nav_00421,improvable,79,west_siberia_region,kamenka,3948.06,1624.396,0.3753518890662552,bounded_native_gap;physical_screen,5,False,False,12055.5625,1310.1666666666667,False
pp_nav_00422,navigable,86,west_siberia_region,kamenka,3882.25,1585.976,0.0,bounded_native_gap;physical_screen,4,False,False,12091.625,1312.9583333333333,False
pp_nav_00423,navigable,80,west_siberia_region,kolpashevo,4064.504,1009.686,0.09363050028289008,bounded_native_gap;physical_screen,5,False,False,11446.020833333334,1319.1041666666667,False
pp_nav_00424,improvable,40,canada_region,kangiqsualujjuaq,718.705,328.241,0.4131926536560059,physical_screen,3,False,False,4683.304347826087,1319.5217391304348,True
pp_nav_00425,navigable,31,west_siberia_region,kolpashevo,551.65,326.51,0.112139892578125,physical_screen,3,False,False,11458.888888888889,1316.388888888889,False
pp_nav_00426,navigable,79,alaska_region,wabasca,2017.7545,581.4045000000001,0.29947257287496926,physical_screen,4,False,False,2411.6041666666665,1317.5208333333333,False
pp_nav_00427,improvable,81,west_siberia_region,kamensk,7665.4215,2397.297,0.5239364624023437,physical_screen,4,False,False,11900.645833333334,1327.6041666666667,False
pp_nav_00428,improvable,83,alaska_region,mikkwa,2121.091,718.263,0.4969162148062181,bounded_native_gap;physical_screen,4,False,False,2452.6458333333335,1319.6875,False
pp_nav_00429,navigable,77,west_siberia_region,qashliq,2272.299,1166.634,0.1074718521435548,physical_screen,5,False,False,10797.229166666666,1327.75,False
pp_nav_00430,navigable,77,west_siberia_region,motygino,4009.278,1657.484,0.0,physical_screen,4,False,False,12025.541666666666,1324.0416666666667,False
pp_nav_00431,navigable,13,alaska_region,wabasca,2027.01,594.6,0.24147574324357704,physical_screen,4,False,False,2431.1111111111113,1317.888888888889,False
pp_nav_00432,improvable,88,west_siberia_region,yarkino,3757.653,1514.72,1.987835693359375,physical_screen,4,False,False,12127.6,1318.42,False
pp_nav_00433,navigable,78,alaska_region,athabasca,693.168,515.741,0.11351735168675364,physical_screen,3,False,False,2616.0625,1334.2708333333333,False
pp_nav_00434,improvable,59,west_siberia_region,upper_angara,3604.603,1477.097,1.2425199570205108,bounded_native_gap;physical_screen,4,False,False,12254.028571428571,1323.2857142857142,False
pp_nav_00435,improvable,77,ural_region,chyormoz,1189.572,297.811,0.000152587890625,bounded_native_gap;physical_screen,5,False,False,10254.458333333334,1331.5416666666667,False
pp_nav_00436,navigable,80,west_siberia_region,kolpashevo,3659.531,683.644,0.162260560418429,physical_screen,4,False,False,11467.25,1331.0416666666667,False
pp_nav_00437,navigable,78,alaska_region,wabasca,2009.055,570.085,0.0,physical_screen,4,False,False,2384.7083333333335,1327.7083333333333,False
pp_nav_00438,navigable,78,ural_region,koksharov,530.257,83.059,0.1258268953650769,physical_screen,3,False,False,9892.375,1333.9583333333333,False
pp_nav_00439,navigable,75,west_siberia_region,nikolsky_pogost,1254.867,161.018,0.0,physical_screen,5,False,True,12670.083333333334,1330.8333333333333,False
pp_nav_00440,barrier,80,canada_region,imaapik,618.996,313.41,0.6929512824109831,bounded_native_gap;physical_screen,5,False,False,4696.354166666667,1339.1875,False
pp_nav_00441,improvable,76,west_siberia_region,lower_angara,3439.4475,1566.6345000000001,1.4195465087890624,physical_screen,4,False,False,12367.020833333334,1346.5208333333333,False
pp_nav_00442,improvable,74,west_siberia_region,nikolsky_pogost,1157.3325,147.072,1.2635331308096818,physical_screen,3,False,True,12642.5625,1341.0625,False
pp_nav_00443,barrier,77,east_siberia_region,kyakhtinskii,1857.466,267.924,2.255975341796875,physical_screen,3,False,True,12848.791666666666,1338.9166666666667,False
pp_nav_00444,navigable,38,alaska_region,wabasca,2008.429,569.265,0.0,physical_screen,4,False,False,2379.7391304347825,1338.9565217391305,False
pp_nav_00445,navigable,81,west_siberia_region,kamensk,4823.839,1988.929,0.22918966235805283,physical_screen,4,False,False,11940.541666666666,1338.5416666666667,False
pp_nav_00446,navigable,78,west_siberia_region,qashliq,1396.328,593.878,0.039347076416015626,physical_screen,3,False,False,10814.020833333334,1342.5625,False
pp_nav_00447,navigable,85,west_siberia_region,motygino,4021.175,1667.123,0.3362839030939645,physical_screen,4,False,False,11995.458333333334,1338.3333333333333,False
pp_nav_00448,improvable,75,west_siberia_region,kamensk,3087.639,331.197,0.4544121673113969,physical_screen,5,False,True,11924.375,1343.625,False
pp_nav_00449,navigable,82,west_siberia_region,motygino,750.583,105.655,0.0,physical_screen,5,False,True,11971.583333333334,1344.0625,False
pp_nav_00450,navigable,82,west_siberia_region,tobolsk,928.138,544.949,0.006554443910484536,physical_screen,3,False,False,10786.979166666666,1351.3541666666667,False
pp_nav_00451,navigable,81,west_siberia_region,kolpashevo,3570.151,621.042,0.08680495024142514,physical_screen,4,False,False,11483.854166666666,1356.4791666666667,False
pp_nav_00452,navigable,24,canada_region,qikirtajuaq,511.714,318.483,0.5577846884727479,physical_screen,3,False,False,4606.8125,1347.9375,True
pp_nav_00453,navigable,75,ural_region,verkhoshizhemye,541.605,84.101,0.0,physical_screen,3,False,False,9900.041666666666,1352.75,False
pp_nav_00454,navigable,78,ural_region,nytva,1639.5439999999999,372.66049999999996,0.0,physical_screen,3,False,False,10225.541666666666,1349.5833333333333,False
pp_nav_00455,improvable,76,scandinavian_region,konghalla,602.7335,542.4945,0.4182264290436428,physical_screen,3,False,False,8240.645833333334,1354.1458333333333,True
pp_nav_00456,navigable,82,west_siberia_region,siberia_abalak,1346.133,527.529,0.0,physical_screen,3,False,False,10841.208333333334,1347.25,False
pp_nav_00457,navigable,53,canada_region,kuujjuaq,1886.269,1138.593,0.18732109069824218,mouth_alignment_snap;physical_screen,3,False,False,4564.666666666667,1348.3666666666666,True
pp_nav_00458,improvable,34,ural_region,nytva,1633.718,370.918,0.9667254884495223,physical_screen,3,False,False,10243.8,1347.3,False
pp_nav_00459,navigable,81,west_siberia_region,siberia_abalak,1327.592,523.916,0.0,physical_screen,3,False,False,10875.333333333334,1349.8333333333333,False
pp_nav_00460,navigable,76,alaska_region,athabasca,683.041,505.302,0.0,physical_screen,3,False,False,2615.8541666666665,1367.0208333333333,False
pp_nav_00461,navigable,77,west_siberia_region,siberia_abalak,1342.713,526.3335,0.1080474853515625,bounded_native_gap;physical_screen,1,False,False,10850.833333333334,1355.2083333333333,False
pp_nav_00462,navigable,9,west_siberia_region,siberia_abalak,1341.225,525.832,0.0,physical_screen,3,False,False,10858.0,1351.0,False
pp_nav_00463,navigable,81,east_siberia_region,kyakhtinskii,1802.54,264.116,0.315875244140625,bounded_native_gap;physical_screen,3,False,True,12870.541666666666,1358.875,False
pp_nav_00464,navigable,74,canada_region,koskoak,1882.1835,1144.243,0.050894050792671786,physical_screen,3,False,False,4536.458333333333,1361.9583333333333,False
pp_nav_00465,navigable,78,west_siberia_region,siberia_abalak,1315.897,515.512,0.07685470581054688,physical_screen,3,False,False,10895.1875,1357.4166666666667,False
pp_nav_00466,improvable,83,west_siberia_region,taseyevo,3082.327,329.737,0.4618896484375,physical_screen,4,False,True,11936.75,1369.4166666666667,False
pp_nav_00467,improvable,81,alaska_region,wabasca,1996.344,554.804,0.798138427734375,physical_screen,4,False,False,2358.2916666666665,1365.2916666666667,False
pp_nav_00468,navigable,80,canada_region,imaapik,597.199,308.097,0.0,physical_screen,3,False,False,4705.9375,1367.1041666666667,False
pp_nav_00469,navigable,29,west_siberia_region,vagay,1395.53,595.688,0.057674407958984375,physical_screen,1,False,False,10823.21052631579,1354.578947368421,False
pp_nav_00470,navigable,71,west_siberia_region,siberia_abalak,1327.539,523.7,0.0,physical_screen,1,False,False,10875.84090909091,1356.1136363636363,False
pp_nav_00471,navigable,55,west_siberia_region,nikolsky_pogost,1113.705,141.137,0.0,physical_screen,3,False,True,12622.484848484848,1360.6969696969697,False
pp_nav_00472,navigable,78,east_siberia_region,kyakhtinskii,1466.112,230.186,0.0,physical_screen,3,False,False,12902.145833333334,1359.0208333333333,False
pp_nav_00473,navigable,84,west_siberia_region,pashino,740.047,103.2475,0.15226688041857533,physical_screen,3,False,True,11994.833333333334,1363.4166666666667,False
pp_nav_00474,navigable,79,ural_region,nytva,1657.295,377.066,0.06449293693820217,physical_screen,3,False,False,10208.583333333334,1362.4166666666667,False
pp_nav_00475,navigable,58,west_siberia_region,tobolsk,925.049,536.571,0.045481109619140626,physical_screen,3,False,False,10763.861111111111,1360.4166666666667,False
pp_nav_00476,navigable,81,west_siberia_region,molchanovo,784.04,171.62349999999998,0.124688720703125,physical_screen,3,False,False,11542.6875,1360.8125,False
pp_nav_00477,navigable,82,east_siberia_region,kyakhtinskii,1312.655,205.902,0.2667136702463595,physical_screen,3,False,False,12929.958333333334,1367.0,False
pp_nav_00478,improvable,17,scandinavian_region,konghalla,603.677,546.891,0.40302743911743166,mouth_alignment_snap;physical_screen,3,False,False,8230.363636363636,1361.4545454545455,True
pp_nav_00479,navigable,78,west_siberia_region,molchanovo,779.312,162.767,0.11443328857421875,physical_screen,3,False,False,11572.3125,1365.1041666666667,False
pp_nav_00480,improvable,82,west_siberia_region,ust_ishim,1311.789,506.16700000000003,0.0,bounded_native_gap;physical_screen,5,False,False,10923.354166666666,1366.1875,False
pp_nav_00481,navigable,80,west_siberia_region,molchanovo,786.972,174.895,0.09347991943359375,physical_screen,5,False,False,11514.208333333334,1366.0416666666667,False
pp_nav_00482,navigable,77,russian_region,yaroslavl,1023.8699999999999,524.9590000000001,0.05296630859375,physical_screen,3,False,False,9505.729166666666,1375.3125,False
pp_nav_00483,navigable,82,russian_region,kostroma,1047.041,538.883,0.11526358508629173,physical_screen,5,False,False,9540.8125,1366.625,False
pp_nav_00484,improvable,78,ural_region,verkhoshizhemye,553.346,84.799,0.16765060424804687,bounded_native_gap;physical_screen,3,False,False,9917.708333333334,1373.0833333333333,False
pp_nav_00485,improvable,62,west_siberia_region,educhanka,3110.098,1357.406,0.0,bounded_native_gap;physical_screen,4,False,False,12354.577777777778,1380.5777777777778,False
pp_nav_00486,navigable,47,west_siberia_region,pashino,696.341,90.594,0.0,physical_screen,3,False,True,12023.62962962963,1367.4444444444443,False
pp_nav_00487,navigable,84,west_siberia_region,ust_ishim,1091.393,349.576,0.0,physical_screen,3,False,False,10952.583333333334,1375.3333333333333,False
pp_nav_00488,navigable,20,west_siberia_region,molchanovo,3568.501,617.149,0.0,physical_screen,4,False,False,11498.333333333334,1371.0,False
pp_nav_00489,navigable,80,russian_region,yaroslavl,1046.173,537.931,0.04669599969778478,physical_screen,3,False,False,9535.645833333334,1374.4375,False
pp_nav_00490,improvable,78,canada_region,kasuswapaskau,562.115,177.173,0.9373442547826545,bounded_native_gap;physical_screen,5,False,False,4508.25,1377.3333333333333,False
pp_nav_00491,navigable,79,russian_region,kostroma,1160.526,587.219,0.18007659912109375,physical_screen,3,False,False,9563.083333333334,1383.7708333333333,False
pp_nav_00492,navigable,81,ural_region,okhannoye,1677.206,381.877,0.0128631591796875,physical_screen,3,False,False,10216.104166666666,1385.5208333333333,False
pp_nav_00493,navigable,87,west_siberia_region,pervomayskoye,671.727,112.778,0.11183597981528676,physical_screen,3,False,False,11596.458333333334,1385.0416666666667,False
pp_nav_00494,navigable,28,russian_region,yaroslavl,1040.27,532.413,0.0,physical_screen,3,False,False,9519.888888888889,1376.388888888889,False
pp_nav_00495,navigable,81,west_siberia_region,molchanovo,2793.842,437.612,0.11672339861365295,physical_screen,4,False,False,11511.958333333334,1388.75,False
pp_nav_00496,improvable,79,canada_region,koskoak,1272.423,961.499,0.5827499389648437,physical_screen,3,False,False,4532.604166666667,1389.7708333333333,False
pp_nav_00497,navigable,56,canada_region,kasuswapaskau,512.216,162.882,0.0,physical_screen,3,False,False,4481.710526315789,1384.2105263157894,False
pp_nav_00498,improvable,78,alaska_region,wabasca,1981.9475,537.2695,0.9625191979172297,physical_screen,3,False,False,2359.8958333333335,1387.1875,False
pp_nav_00499,improvable,80,ural_region,nikolsky,625.575,101.594,0.9972690243657796,physical_screen,3,False,False,9939.75,1386.4583333333333,False
pp_nav_00500,navigable,78,west_siberia_region,ust_ishim,1086.7085,348.221,0.07789805518634402,physical_screen,3,False,False,10980.25,1380.9583333333333,False
pp_nav_00501,barrier,67,canada_region,siimitalik,508.106,288.226,2.082940673828125,bounded_native_gap;physical_screen,3,False,False,4715.704545454545,1393.75,False
pp_nav_00502,navigable,27,russian_region,sol_velikaya,1039.584,530.624,0.0,physical_screen,3,False,False,9516.066666666668,1386.0666666666666,False
pp_nav_00503,navigable,19,east_siberia_region,bodaybo,1285.199,202.681,0.0,physical_screen,3,False,False,12940.75,1385.5833333333333,False
pp_nav_00504,navigable,78,east_siberia_region,amalyk,1182.085,190.132,0.338818359375,physical_screen,3,False,False,12991.645833333334,1399.6041666666667,False
pp_nav_00505,navigable,77,alaska_region,thilane_hot_ine,667.182,488.762,0.0,physical_screen,3,False,False,2607.5,1401.0833333333333,False
pp_nav_00506,navigable,82,west_siberia_region,ust_ishim,1029.62,307.567,0.0778451825055479,physical_screen,3,False,False,11008.1875,1389.1875,False
pp_nav_00507,improvable,80,russian_region,kostroma,1167.744,592.164,0.3609465801768563,physical_screen,3,False,False,9589.6875,1388.6041666666667,False
pp_nav_00508,navigable,82,russian_region,ostrovskoye,1190.178,600.808,0.0,physical_screen,3,False,False,9624.5,1389.8333333333333,False
pp_nav_00509,improvable,77,west_siberia_region,taseyevo,3080.312,325.237,1.120965576171875,physical_screen,4,False,True,11940.8125,1404.1458333333333,False
pp_nav_00510,improvable,80,russian_region,yakovlevskoye_bolshoye,1167.046,591.563,0.3609465801768563,physical_screen,3,False,False,9585.041666666666,1394.25,False
pp_nav_00511,navigable,83,russian_region,yuryev_povolzhsk,1189.714,600.301,0.0,physical_screen,5,False,False,9617.895833333334,1394.3958333333333,False
pp_nav_00512,navigable,80,ural_region,ural_nema,653.9835,110.399,0.0,physical_screen,3,False,False,9965.104166666666,1399.6458333333333,False
pp_nav_00513,navigable,80,russian_region,kadyy,1207.086,608.776,0.0,bounded_native_gap;physical_screen,5,False,False,9651.645833333334,1399.4375,False
pp_nav_00514,navigable,78,ural_region,okhannoye,1715.263,391.096,0.0,physical_screen,3,False,False,10199.666666666666,1401.5416666666667,False
pp_nav_00515,navigable,77,west_siberia_region,shish,1023.884,306.8375,0.08825715256396073,bounded_native_gap;physical_screen,3,False,False,11035.395833333334,1400.8125,False
pp_nav_00516,navigable,34,canada_region,mistutikumak,651.575,554.977,0.007471949317716011,physical_screen,3,False,False,3259.6,1399.0,False
pp_nav_00517,improvable,18,russian_region,yuryev_povolzhsk,1205.414,604.892,0.6227462768554688,physical_screen,5,False,False,9640.916666666666,1398.5833333333333,False
pp_nav_00518,navigable,82,alaska_region,mushikitee,1967.444,520.219,0.0,physical_screen,3,False,False,2354.1666666666665,1413.6666666666667,False
pp_nav_00519,navigable,79,west_siberia_region,pervomayskoye,646.034,105.641,0.14282002806405114,bounded_native_gap;physical_screen,3,False,False,11613.6875,1415.3541666666667,False
pp_nav_00520,navigable,82,west_siberia_region,tomsk,2754.281,398.68,0.0,physical_screen,4,False,True,11531.854166666666,1412.3125,False
pp_nav_00521,navigable,82,canada_region,kasakaupuyau,1330.593,1019.858,0.0,bounded_native_gap;physical_screen,5,False,False,4540.833333333333,1422.0833333333333,False
pp_nav_00522,navigable,82,west_siberia_region,shish,953.491,226.441,0.07010053649644712,physical_screen,3,False,False,11062.229166666666,1414.8958333333333,False
pp_nav_00523,navigable,82,russian_region,gorodets,1449.792,674.367,0.0,physical_screen,3,False,False,9657.833333333334,1427.6666666666667,False
pp_nav_00524,navigable,80,ural_region,kilmez,668.912,112.83,0.10428841497991498,physical_screen,5,False,False,9984.8125,1425.8125,False
pp_nav_00525,barrier,77,east_siberia_region,amalyk,1126.5974999999999,181.592,3.41652072510297,physical_screen,3,False,False,12966.5625,1421.0625,False
pp_nav_00526,navigable,80,ural_region,chastye,1731.113,397.627,0.0,physical_screen,3,False,False,10177.583333333334,1418.8333333333333,False
pp_nav_00527,navigable,79,ural_region,yelovo,1727.989,396.17,0.0,physical_screen,3,False,False,10182.104166666666,1422.1875,False
pp_nav_00528,improvable,80,alaska_region,thilane_hot_ine,646.175,467.179,0.2424285888671875,bounded_native_gap;physical_screen,5,False,False,2614.0625,1434.9583333333333,False
pp_nav_00529,navigable,79,west_siberia_region,educhanka,3024.218,1292.005,0.0009521484375,physical_screen,4,False,False,12317.729166666666,1424.6041666666667,False
pp_nav_00530,navigable,78,west_siberia_region,taseyevo,3079.168,319.146,0.1388557787971409,physical_screen,4,False,True,11948.625,1436.125,False
pp_nav_00531,improvable,32,canada_region,machichi,915.58,763.914,0.7866273493762018,physical_screen,3,False,False,3482.1052631578946,1425.1052631578948,True
pp_nav_00532,navigable,80,baltic_region,salaspils,666.428,383.957,0.17894127368927001,physical_screen,3,False,False,8799.270833333334,1432.3958333333333,True
pp_nav_00533,navigable,75,ural_region,votkings,1739.865,401.104,0.0,physical_screen,3,False,False,10155.625,1431.5,False
pp_nav_00534,navigable,78,west_siberia_region,muromtsevo,973.5509999999999,246.935,0.10071133930452886,bounded_native_gap;physical_screen,5,False,False,11083.145833333334,1435.8541666666667,False
pp_nav_00535,navigable,86,canada_region,sowunusiske,2487.775,2322.296,0.0,mouth_alignment_snap;physical_screen,4,False,False,3452.6875,1428.1458333333333,True
pp_nav_00536,navigable,28,west_siberia_region,pervomayskoye,540.3895,85.621,0.1481582899764024,physical_screen,3,False,False,11629.5,1430.0,False
pp_nav_00537,navigable,76,west_siberia_region,melnikovo,1701.005,256.768,0.2207489013671875,physical_screen,5,False,False,11535.583333333334,1437.5,False
pp_nav_00538,navigable,15,west_siberia_region,educhanka,3033.964,1299.205,0.0,physical_screen,4,False,False,12336.111111111111,1429.888888888889,False
pp_nav_00539,navigable,82,alaska_region,mushikitee,1959.425,510.009,0.0,physical_screen,3,False,False,2352.8125,1442.4375,False
pp_nav_00540,navigable,73,canada_region,poskatinak,2329.213,2184.243,0.334521484375,physical_screen,4,False,False,3421.9375,1443.4375,True
pp_nav_00541,navigable,78,canada_region,kanaskipenaski,682.966,576.09,0.17557982891204862,physical_screen,3,False,False,3468.3,1450.12,True
pp_nav_00542,navigable,81,east_siberia_region,amalyk,1102.972,177.781,0.034393310546875,physical_screen,3,False,False,12950.541666666666,1446.0416666666667,False
pp_nav_00543,navigable,80,ural_region,votkings,1788.221,417.703,0.13412933349609374,physical_screen,3,False,False,10139.875,1444.7083333333333,False
pp_nav_00544,improvable,73,canada_region,kasakaupuyau,1135.093,898.33,0.0,bounded_native_gap;physical_screen,3,False,False,4541.9375,1453.9375,False
pp_nav_00545,navigable,82,baltic_region,koknese,633.0775,365.275,0.4155353546142578,physical_screen,3,False,False,8829.354166666666,1447.8125,True
pp_nav_00546,navigable,82,west_siberia_region,tomsk,1028.1465,123.6335,0.2544256282654501,physical_screen,3,False,True,11552.770833333334,1454.9791666666667,False
pp_nav_00547,navigable,47,alaska_region,shtax_heen,1549.846,225.872,0.0,physical_screen,3,False,True,1677.5185185185185,1444.851851851852,False
pp_nav_00548,navigable,84,ural_region,vyatskiye_polyany,760.379,126.50999999999999,0.052486540992100914,physical_screen,3,False,False,10001.708333333334,1454.4166666666667,False
pp_nav_00549,navigable,78,russian_region,gorodets,1471.932,684.198,0.0,physical_screen,3,False,False,9676.166666666666,1457.3333333333333,False
pp_nav_00550,navigable,79,west_siberia_region,melnikovo,1697.048,251.27,0.08847280187475047,physical_screen,3,False,True,11518.9375,1463.2291666666667,False
pp_nav_00551,navigable,75,west_siberia_region,muromtsevo,916.369,162.98450000000003,0.0,bounded_native_gap;physical_screen,3,False,False,11091.979166666666,1462.5208333333333,False
pp_nav_00552,barrier,84,alaska_region,thilane_hot_ine,513.468,335.983,3.2359979981960247,physical_screen,3,False,False,2588.0625,1452.7291666666667,False
pp_nav_00553,improvable,85,baltic_region,koknese,517.571,304.738,0.00240325927734375,bounded_native_gap;physical_screen,5,False,False,8860.921568627451,1454.137254901961,True
pp_nav_00554,improvable,72,west_siberia_region,yemelyanovo,2757.481,276.569,0.368890380859375,physical_screen,4,False,True,11953.166666666666,1463.8333333333333,False
pp_nav_00555,improvable,84,canada_region,poskatinak,2312.307,2171.2475,1.4962060664438042,physical_screen,4,False,False,3393.9166666666665,1463.4166666666667,True
pp_nav_00556,navigable,81,east_siberia_region,kuanda,890.749,158.457,0.325494384765625,bounded_native_gap;physical_screen,5,False,False,12959.166666666666,1468.6875,False
pp_nav_00557,navigable,72,alaska_region,mushikitee,1955.333,504.72,0.9018645123237685,physical_screen,3,False,False,2350.5,1472.2916666666667,False
pp_nav_00558,improvable,70,alaska_region,sakawyiniw,504.006,326.154,1.0926139569547364,physical_screen,3,False,False,2562.5116279069766,1465.7674418604652,False
pp_nav_00559,navigable,75,ural_region,saygatsky,1808.426,426.188,0.16051177978515624,bounded_native_gap;physical_screen,5,False,False,10150.895833333334,1474.2083333333333,False
pp_nav_00560,improvable,85,canada_region,anipitapiskow,2286.625,2152.849,0.7347238155541638,physical_screen,4,False,False,3353.7083333333335,1469.2083333333333,True
pp_nav_00561,navigable,83,east_siberia_region,klyuchi,748.409,87.426,0.12603957965264564,bounded_native_gap;physical_screen,3,False,True,15021.604166666666,1471.0208333333333,True
pp_nav_00562,navigable,83,ural_region,vyatskiye_polyany,778.141,134.025,0.2352932806733533,physical_screen,3,False,False,10019.625,1476.0,False
pp_nav_00563,navigable,80,russian_region,nizhny_novgorod,1479.619,687.643,0.3311443826068898,physical_screen,5,False,False,9692.75,1475.2083333333333,False
pp_nav_00564,navigable,77,russian_region,kozmodemyansk,3301.0265,1198.2775000000001,0.0,physical_screen,4,False,False,9808.5,1473.25,False
pp_nav_00565,barrier,74,canada_region,wayustikw,1097.746,879.5409999999999,0.10795669555664063,bounded_native_gap;physical_screen,3,False,False,4550.4375,1482.1041666666667,False
pp_nav_00566,navigable,75,west_siberia_region,tomsk,990.443,114.095,0.02201385498046875,physical_screen,3,False,True,11556.791666666666,1484.5833333333333,False
pp_nav_00567,navigable,81,alaska_region,ksituan,1593.609,336.554,0.0,physical_screen,3,False,False,2261.5833333333335,1475.7916666666667,False
pp_nav_00568,navigable,85,east_siberia_region,kamchatsk,904.308,111.786,0.2858705520629883,physical_screen,3,False,True,15057.5,1476.0,True
pp_nav_00569,navigable,30,east_siberia_region,kamchatsk,943.881,215.974,0.2024749755859375,mouth_alignment_snap;physical_screen,3,False,False,15081.882352941177,1475.7058823529412,True
pp_nav_00570,improvable,80,alaska_region,tsa_tinne,1302.088,236.707,0.0,bounded_native_gap;physical_screen,5,False,False,2168.8541666666665,1478.3125,False
pp_nav_00571,navigable,79,west_siberia_region,tara,914.443,161.97,0.0467735274292989,physical_screen,3,False,False,11091.375,1486.1666666666667,False
pp_nav_00572,navigable,78,west_siberia_region,yemelyanovo,2752.198,272.723,0.04246826171875,physical_screen,4,False,True,11932.875,1485.6666666666667,False
pp_nav_00573,navigable,75,russian_region,raznezhye,2857.219,1105.568,0.09952011108398437,bounded_native_gap;physical_screen,5,False,False,9778.895833333334,1482.2916666666667,False
pp_nav_00574,navigable,78,russian_region,rastyapino,1331.16,387.387,0.0,physical_screen,3,False,False,9662.729166666666,1481.3125,False
pp_nav_00575,navigable,81,alaska_region,chinchaga,1504.7105000000001,283.4,0.6907684326171875,bounded_native_gap;physical_screen,5,False,False,2203.6875,1485.1666666666667,False
pp_nav_00576,improvable,53,alaska_region,chinchaga,1588.211,334.08,1.573163741043432,physical_screen,3,False,False,2233.7096774193546,1483.1935483870968,False
pp_nav_00577,navigable,87,russian_region,cheboksary,3312.944,1203.143,0.12074813842773438,physical_screen,4,False,False,9840.395833333334,1483.5625,False
pp_nav_00578,navigable,83,russian_region,khakhaly,2829.396,1086.665,0.037841796875,physical_screen,4,False,False,9717.375,1487.3333333333333,False
pp_nav_00579,navigable,75,west_siberia_region,kozhevnikovo,1688.402,245.7945,0.1908231761529313,physical_screen,3,False,True,11507.9375,1497.1041666666667,False
pp_nav_00580,improvable,79,alaska_region,tsa_tinne,1179.0135,213.816,1.4162464748659174,physical_screen,3,False,False,2138.5416666666665,1491.5,False
pp_nav_00581,navigable,84,alaska_region,ksituan,1598.208,340.834,0.0,physical_screen,3,False,False,2282.0625,1494.2708333333333,False
pp_nav_00582,navigable,80,russian_region,starodub_votsky,1095.234,319.827,0.09391154869427476,physical_screen,3,False,False,9645.166666666666,1493.8333333333333,False
pp_nav_00583,improvable,76,russian_region,raznezhye,2868.541,1102.468,0.5543782786848512,physical_screen,5,False,False,9756.083333333334,1487.5,False
pp_nav_00584,improvable,82,east_siberia_region,kuanda,860.092,158.538,0.45733642578125,physical_screen,3,False,False,12963.729166666666,1499.0208333333333,False
pp_nav_00585,navigable,37,alaska_region,unjegah,1147.743,206.757,0.0,physical_screen,3,False,False,2098.9,1487.4,False
pp_nav_00586,navigable,38,alaska_region,unjegah,1163.873,210.076,0.0,physical_screen,3,False,False,2119.0,1488.0,False
pp_nav_00587,barrier,79,alaska_region,ksituan,1614.614,357.441,2.3175915314190685,physical_screen,3,False,False,2326.0208333333335,1494.4791666666667,False
pp_nav_00588,navigable,81,ural_region,kabachischi,3376.338,1220.137,0.28638663421510185,physical_screen,4,False,False,9874.729166666666,1494.4375,False
pp_nav_00589,navigable,23,russian_region,khakhaly,2860.198,1100.816,0.0,physical_screen,4,False,False,9740.538461538461,1488.5384615384614,False
pp_nav_00590,improvable,45,canada_region,anipitapiskow,2237.7295,2108.0325000000003,0.8765088100343663,physical_screen,4,False,False,3292.846153846154,1499.3461538461538,False
pp_nav_00591,navigable,76,ural_region,sarapul,1872.292,451.466,0.3098045045131032,physical_screen,5,False,False,10138.208333333334,1494.5,False
pp_nav_00592,navigable,80,ural_region,mamadysh,802.417,141.426,0.17934608459472656,physical_screen,3,False,False,10031.5625,1505.8125,False
pp_nav_00593,barrier,77,canada_region,chipisipi,922.231,768.458,2.0544342041015624,bounded_native_gap;physical_screen,5,False,False,4573.4375,1504.625,False
pp_nav_00594,improvable,81,west_siberia_region,yemelyanovo,2687.064,261.264,1.16202392578125,physical_screen,4,False,True,11901.875,1498.375,False
pp_nav_00595,improvable,44,canada_region,washeo,586.14,485.521,0.8068911039301762,bounded_native_gap;physical_screen,5,False,False,3691.206896551724,1500.655172413793,False
pp_nav_00596,improvable,79,alaska_region,k_alii_xkalaan,586.5755,91.22649999999999,0.6085494995117187,physical_screen,3,False,False,1820.8125,1511.3125,False
pp_nav_00597,navigable,80,ural_region,yelabuga,2982.1054999999997,631.761,0.0,bounded_native_gap;physical_screen,5,False,False,10088.8125,1500.875,False
pp_nav_00598,navigable,79,west_siberia_region,kolosovka,913.781,163.553,0.0,physical_screen,3,False,False,11076.354166666666,1509.5208333333333,False
pp_nav_00599,navigable,74,russian_region,starodub_votsky,1088.69,315.634,0.34244958607858805,physical_screen,3,False,False,9618.1875,1509.5208333333333,False
pp_nav_00600,navigable,81,west_siberia_region,verkhotomsk,965.221,107.2475,0.0,physical_screen,3,False,True,11562.604166666666,1511.7708333333333,False
pp_nav_00601,navigable,23,alaska_region,ksituan,1603.965,348.649,0.0,physical_screen,3,False,False,2304.0,1500.5,False
pp_nav_00602,navigable,82,ural_region,kasevo,1035.246,164.141,0.06264419555664064,physical_screen,3,False,False,10147.0625,1507.5625,False
pp_nav_00603,navigable,46,ural_region,sarapul,2930.306,630.786,0.002841029835554894,physical_screen,4,False,False,10115.88,1504.08,False
pp_nav_00604,navigable,77,alaska_region,kipahigan,793.9435,714.11,0.0,physical_screen,3,False,False,3045.375,1510.0833333333333,False
pp_nav_00605,navigable,87,ural_region,dobyaz,3408.484,1238.045,0.03139452431770597,bounded_native_gap;physical_screen,5,False,False,9906.125,1508.8958333333333,False
pp_nav_00606,navigable,83,ural_region,yelabuga,3170.149,689.4105,0.15013731254879167,physical_screen,4,False,False,10062.9375,1514.3125,False
pp_nav_00607,navigable,87,canada_region,kapuskaywak,831.0525,736.5895,0.0,physical_screen,3,False,False,3076.6458333333335,1513.0625,False
pp_nav_00608,navigable,74,west_siberia_region,krasnoyarsk,2680.414,260.042,0.0,physical_screen,4,False,True,11897.125,1522.25,False
pp_nav_00609,navigable,47,canada_region,kapuskaywak,849.299,748.773,0.3172119140625,physical_screen,3,False,False,3105.6071428571427,1512.4642857142858,False
pp_nav_00610,improvable,78,ural_region,kasevo,927.244,142.508,0.059710693359375,bounded_native_gap;physical_screen,5,False,False,10176.1875,1519.2291666666667,False
pp_nav_00611,navigable,74,west_siberia_region,kozhevnikovo,1680.694,239.098,0.22345359012387098,physical_screen,3,False,True,11491.729166666666,1525.1458333333333,False
pp_nav_00612,navigable,76,ural_region,yelabuga,3602.6805,762.174,0.0,physical_screen,5,False,False,10036.375,1525.5416666666667,False
pp_nav_00613,improvable,78,west_siberia_region,kolosovka,912.008,169.21,0.754465676190238,physical_screen,3,False,False,11043.791666666666,1523.2916666666667,False
pp_nav_00614,barrier,76,canada_region,chipisipi,829.8205,708.5745,2.287000039705802,physical_screen,3,False,False,4577.708333333333,1527.5416666666667,False
pp_nav_00615,navigable,80,west_siberia_region,verkhotomsk,949.067,104.039,0.0,physical_screen,3,False,True,11591.5625,1522.9791666666667,False
pp_nav_00616,navigable,73,canada_region,pikwitonei,2433.985,2291.15,0.21677466427783607,physical_screen,4,False,False,3280.875,1534.375,False
pp_nav_00617,improvable,76,east_siberia_region,irakinda,810.942,155.89350000000002,0.668566770983724,physical_screen,5,False,False,12968.541666666666,1530.9583333333333,False
pp_nav_00618,navigable,80,russian_region,sviyazhsk,3495.959,1265.627,0.0,physical_screen,4,False,False,9925.5625,1534.9791666666667,False
pp_nav_00619,navigable,78,ural_region,burayevo,910.8779999999999,139.429,0.1763109135914366,physical_screen,3,False,False,10198.3125,1526.4791666666667,False
pp_nav_00620,navigable,78,russian_region,melenki,1030.124,298.496,0.0579803466796875,physical_screen,3,False,False,9603.895833333334,1535.6875,False
pp_nav_00621,navigable,80,alaska_region,kipahigan,783.317,705.621,0.430517578125,physical_screen,3,False,False,3022.5,1527.6666666666667,False
pp_nav_00622,navigable,38,alaska_region,kipahigan,775.132,699.344,0.4096710205078125,physical_screen,5,False,False,2998.5,1526.090909090909,False
pp_nav_00623,improvable,72,alaska_region,gitxsanimaax,710.452,125.826,1.7001380920410156,physical_screen,3,False,False,1814.2083333333333,1540.7083333333333,False
pp_nav_00624,navigable,79,ural_region,mamadysh,4056.228,840.028,0.0,physical_screen,4,False,False,10007.770833333334,1533.0625,False
pp_nav_00625,navigable,78,ural_region,burayevo,878.8979999999999,133.536,0.12855482733794657,physical_screen,3,False,False,10212.708333333334,1536.0416666666667,False
pp_nav_00626,navigable,78,west_siberia_region,omsk,948.18,179.661,0.0,physical_screen,3,False,False,11020.4375,1543.0208333333333,False
pp_nav_00627,navigable,80,west_siberia_region,kozhevnikovo,1673.312,231.5365,0.0,physical_screen,3,False,True,11465.979166666666,1541.6041666666667,False
pp_nav_00628,improvable,76,canada_region,mistanipi,700.3525,601.184,0.67760009765625,physical_screen,3,False,False,4550.5625,1546.0625,False
pp_nav_00629,navigable,83,ural_region,calli,4075.409,848.024,0.008788407018659855,physical_screen,4,False,False,9974.166666666666,1538.75,False
pp_nav_00630,navigable,81,west_siberia_region,verkhotomsk,906.685,96.617,0.0,physical_screen,3,False,True,11614.8125,1545.7708333333333,False
pp_nav_00631,navigable,77,west_siberia_region,novosyolovo,2665.25,252.783,0.0,physical_screen,4,False,True,11880.770833333334,1550.2708333333333,False
pp_nav_00632,navigable,16,east_siberia_region,irakinda,502.672,99.179,0.0,physical_screen,3,False,False,12980.3,1540.6,False
pp_nav_00633,barrier,80,alaska_region,nisga_a,782.237,189.665,3.0309080439694003,bounded_native_gap;physical_screen,5,False,False,1868.2291666666667,1554.4791666666667,False
pp_nav_00634,improvable,51,canada_region,wabuk,603.145,502.407,0.5851888656616211,mouth_alignment_snap;physical_screen,3,False,False,3807.3030303030305,1552.3030303030303,True
pp_nav_00635,navigable,78,ural_region,laish,4087.715,855.532,0.0,physical_screen,5,False,False,9941.395833333334,1551.4375,False
pp_nav_00636,navigable,78,ural_region,ufa,848.6925,126.42,0.1487502899097439,physical_screen,3,False,True,10215.270833333334,1552.7291666666667,False
pp_nav_00637,navigable,40,canada_region,kuujjuarapik,581.192,367.0395,0.0,physical_screen,3,False,False,4161.166666666667,1549.3333333333333,True
pp_nav_00638,navigable,80,russian_region,azeevo,1022.651,284.151,0.011792077670019668,physical_screen,3,False,False,9592.833333333334,1566.0,False
pp_nav_00639,navigable,42,alaska_region,gitxsanimaax,767.213,142.491,0.16516170501708985,physical_screen,3,False,False,1795.4444444444443,1559.4444444444443,False
pp_nav_00640,navigable,76,west_siberia_region,omsk,979.5429999999999,168.0465,0.02418655389603498,bounded_native_gap;physical_screen,3,False,False,11025.9375,1566.5208333333333,False
pp_nav_00641,navigable,75,ural_region,ufa,838.896,122.308,0.09018783569335936,physical_screen,3,False,True,10233.833333333334,1564.2916666666667,False
pp_nav_00642,improvable,77,canada_region,mistanipi,675.5385,558.911,0.69180908203125,physical_screen,3,False,False,4522.125,1563.9583333333333,False
pp_nav_00643,improvable,82,west_siberia_region,verkh_chebula,879.245,92.264,0.4047515869140625,physical_screen,3,False,True,11636.0625,1559.5208333333333,False
pp_nav_00644,improvable,74,west_siberia_region,krivoshchekovo,1626.2855,216.602,0.4283446969173822,bounded_native_gap;physical_screen,3,False,True,11465.604166666666,1570.0625,False
pp_nav_00645,improvable,87,baltic_region,jurbarkas,520.542,282.982,0.373052978515625,physical_screen,3,False,False,8734.520833333334,1560.4375,False
pp_nav_00646,navigable,80,west_siberia_region,novosyolovo,2662.41,247.349,0.0,physical_screen,4,False,True,11845.333333333334,1562.8333333333333,False
pp_nav_00647,navigable,82,russian_region,kolomna,569.45,147.387,0.2495596970603017,physical_screen,3,False,False,9474.1875,1566.6041666666667,False
pp_nav_00648,navigable,79,russian_region,tetyushi,7625.899,2115.6675,0.0,physical_screen,4,False,False,9918.770833333334,1571.6458333333333,False
pp_nav_00649,navigable,69,baltic_region,ragnit,562.0545,302.912,0.05938911437988281,physical_screen,3,False,False,8700.625,1561.975,False
pp_nav_00650,navigable,77,alaska_region,nisga_a,834.41,200.868,0.170635986328125,physical_screen,3,False,False,1846.6666666666667,1574.1666666666667,False
pp_nav_00651,navigable,81,west_siberia_region,kolchugino,814.9860000000001,84.6815,0.1815277099609375,bounded_native_gap;physical_screen,3,False,True,11654.166666666666,1576.5833333333333,False
pp_nav_00652,improvable,78,russian_region,kasimov,719.095,219.023,0.49930858109463483,physical_screen,3,False,False,9565.625,1572.5416666666667,False
pp_nav_00653,barrier,65,canada_region,caniapiscau,516.153,453.365,0.0,bounded_native_gap;physical_screen,5,False,False,4508.894736842105,1585.5526315789473,False
pp_nav_00654,navigable,81,russian_region,lyubichi,569.964,151.239,0.06763927230642211,physical_screen,3,False,False,9498.291666666666,1581.875,False
pp_nav_00655,navigable,78,west_siberia_region,kortuz,2671.977,246.828,0.0,physical_screen,4,False,True,11833.9375,1589.3125,False
pp_nav_00656,improvable,63,russian_region,kasimov,750.287,231.251,0.31441734599310095,bounded_native_gap;physical_screen,3,False,False,9585.564102564103,1580.3076923076924,False
pp_nav_00657,navigable,41,ural_region,ufa,843.264,120.392,0.07193255844789549,physical_screen,3,False,True,10238.846153846154,1582.423076923077,False
pp_nav_00658,navigable,76,west_siberia_region,omsk,967.372,130.3,0.0,physical_screen,3,False,True,11047.854166666666,1587.6458333333333,False
pp_nav_00659,navigable,77,russian_region,koponovo,672.969,191.179,0.10440983113767735,physical_screen,3,False,False,9556.0,1599.0,False
pp_nav_00660,navigable,75,west_siberia_region,krivoshchekovo,1615.5515,209.9175,0.0,physical_screen,3,False,True,11449.375,1593.875,False
pp_nav_00661,improvable,73,east_siberia_region,chumikan,614.503,100.702,0.44832382202148435,bounded_native_gap;physical_screen,3,False,False,13834.822222222223,1593.8222222222223,True
pp_nav_00662,barrier,76,alaska_region,nisga_a,963.692,229.959,0.4034873962402344,bounded_native_gap;physical_screen,5,False,False,1834.0,1600.0208333333333,False
pp_nav_00663,navigable,75,russian_region,simbirsk,7640.683,2125.1589999999997,0.0,physical_screen,4,False,False,9902.958333333334,1601.4583333333333,False
pp_nav_00664,navigable,66,west_siberia_region,salair,752.65,76.94,0.289508056640625,physical_screen,3,False,True,11672.853658536585,1604.6097560975609,False
pp_nav_00665,navigable,83,russian_region,staraya_ryazan,588.594,160.868,0.002448037813915892,physical_screen,3,False,False,9519.4375,1603.8541666666667,False
pp_nav_00666,navigable,77,west_siberia_region,balagansk,2531.197,1151.4685,0.097357177734375,physical_screen,4,False,False,12384.645833333334,1612.1458333333333,False
pp_nav_00667,navigable,83,west_siberia_region,cherlak,966.318,125.111,0.24592207717196307,physical_screen,3,False,True,11077.8125,1605.6875,False
pp_nav_00668,navigable,82,west_siberia_region,idrinskoye,2666.336,242.148,0.0,physical_screen,4,False,True,11851.916666666666,1617.5833333333333,False
pp_nav_00669,improvable,58,russian_region,staraya_ryazan,645.819,177.262,0.3614013671875,physical_screen,3,False,False,9538.828571428572,1609.6857142857143,False
pp_nav_00670,navigable,76,west_siberia_region,krivoshchekovo,1612.801,208.083,0.13564063030051357,physical_screen,3,False,True,11421.125,1613.625,False
pp_nav_00671,improvable,75,alaska_region,sm_algyax,1330.121,341.539,0.7524105072021484,physical_screen,3,False,False,1803.891304347826,1614.391304347826,True
pp_nav_00672,navigable,73,baltic_region,gdansk,1100.305,715.346,0.1584182325772278,mouth_alignment_snap;physical_screen,3,False,False,8548.916666666666,1630.7083333333333,True
pp_nav_00673,navigable,74,russian_region,pokrovskoye,7647.4145,2124.62,0.0,physical_screen,4,False,False,9906.104166666666,1630.3958333333333,False
pp_nav_00674,navigable,8,baltic_region,malbork,1102.5275000000001,716.7774999999999,0.10033914167542421,physical_screen,3,False,False,8554.0,1619.5,False
pp_nav_00675,navigable,80,west_siberia_region,cherlak,966.2665,119.264,0.0,physical_screen,3,False,True,11098.9375,1631.6458333333333,False
pp_nav_00676,barrier,80,alaska_region,lheidlit_en,584.2535,81.3485,1.18270263671875,bounded_native_gap;physical_screen,5,False,True,2116.12,1623.72,False
pp_nav_00677,navigable,76,west_siberia_region,suzun,1611.7175,204.239,0.1296040667517135,physical_screen,3,False,True,11396.958333333334,1636.2916666666667,False
pp_nav_00678,navigable,79,west_siberia_region,balagansk,2533.42,1160.437,0.0,physical_screen,4,False,False,12386.520833333334,1642.9791666666667,False
pp_nav_00679,improvable,78,alaska_region,lheidlit_en,922.6244999999999,246.21699999999998,0.8870346283647437,bounded_native_gap;physical_screen,5,False,False,2104.0416666666665,1643.7083333333333,False
pp_nav_00680,navigable,76,west_siberia_region,minusinsk,1865.256,181.597,0.09415346737766384,bounded_native_gap;physical_screen,5,False,True,11856.0,1649.76,False
pp_nav_00681,navigable,80,great_plains_region,saskatchewan,511.162,369.574,0.09690783480049711,physical_screen,3,False,False,3011.56,1638.86,False
pp_nav_00682,navigable,15,baltic_region,malbork,1099.24,714.395,0.06420673161540921,physical_screen,3,False,False,8553.666666666666,1637.6666666666667,False
pp_nav_00683,navigable,76,great_plains_region,saskatchewan,581.361,433.165,0.10570588729573804,physical_screen,3,False,False,3044.860465116279,1644.4418604651162,False
pp_nav_00684,navigable,81,russian_region,stavropol_na_volge,7717.605,2158.747,0.0,bounded_native_gap;physical_screen,5,False,False,9920.74,1660.26,False
pp_nav_00685,navigable,79,west_siberia_region,zhelezin,966.714,116.327,0.09664764404296874,physical_screen,3,False,True,11110.770833333334,1660.9375,False
pp_nav_00686,navigable,75,baltic_region,nowe,1073.268,699.677,0.19161784574260873,physical_screen,3,False,False,8545.375,1661.375,True
pp_nav_00687,improvable,80,canada_region,chisasibi,1876.989,1161.033,0.5910398271349313,mouth_alignment_snap;physical_screen,3,False,False,4110.116279069767,1653.8837209302326,True
pp_nav_00688,navigable,89,west_siberia_region,suzun,1627.9435,200.246,0.0,physical_screen,3,False,True,11416.166666666666,1654.3333333333333,False
pp_nav_00689,improvable,74,manchuria_region,djee,504.068,147.56,0.6243935374734412,physical_screen,5,False,False,13476.208333333334,1664.5833333333333,False
pp_nav_00690,navigable,91,west_siberia_region,osinsky,2528.4165000000003,1157.339,0.048745028717768424,physical_screen,4,False,False,12396.354166666666,1680.4791666666667,False
pp_nav_00691,navigable,82,alaska_region,nadleht_en,1110.724,380.144,0.0,physical_screen,3,False,False,2100.6875,1676.7291666666667,False
pp_nav_00692,navigable,84,west_siberia_region,barnaul,1621.24,197.825,0.14596849629693492,physical_screen,3,False,True,11446.291666666666,1671.9166666666667,False
pp_nav_00693,improvable,79,west_siberia_region,minusinsk,1522.68,149.818,0.631365966796875,bounded_native_gap;physical_screen,3,False,True,11869.104166666666,1673.3125,False
pp_nav_00694,navigable,65,north_german_region,gryfow,551.621,347.454,0.006357094461523259,physical_screen,3,False,False,8352.125,1682.1875,True
pp_nav_00695,improvable,81,manchuria_region,emuer,1063.3105,310.251,1.3348598950809085,physical_screen,3,False,False,13301.5625,1670.3541666666667,False
pp_nav_00696,navigable,83,north_german_region,winsen,806.719,434.584,0.04516153335571289,physical_screen,3,False,False,8153.8125,1676.1458333333333,True
pp_nav_00697,improvable,81,manchuria_region,emuer,1106.182,316.773,0.76647445443342,bounded_native_gap;physical_screen,3,False,False,13333.75,1676.375,False
pp_nav_00698,navigable,83,west_siberia_region,barnaul,1489.006,178.954,0.021347761678612295,bounded_native_gap;physical_screen,5,False,True,11479.625,1674.75,False
pp_nav_00699,improvable,81,great_plains_region,petaigan,502.253,356.897,0.7107723149282816,physical_screen,3,False,False,2952.625,1679.9583333333333,False
pp_nav_00700,improvable,82,mongolia_region,silkari,654.5095,257.288,0.46739190772438566,physical_screen,3,False,False,13192.25,1673.5,False
pp_nav_00701,navigable,77,mongolia_region,silkari,615.596,232.277,0.0,bounded_native_gap;physical_screen,3,False,False,13218.708333333334,1678.0833333333333,False
pp_nav_00702,navigable,81,west_siberia_region,zhelezin,967.456,109.233,0.20908110481668632,physical_screen,3,False,True,11130.9375,1685.3125,False
pp_nav_00703,navigable,84,manchuria_region,emuer,1035.263,305.134,0.0,physical_screen,3,False,False,13258.25,1675.0416666666667,False
pp_nav_00704,improvable,87,mongolia_region,silkari,562.3185,206.485,0.6796872858200991,physical_screen,3,False,False,13156.78,1676.44,False
pp_nav_00705,improvable,17,manchuria_region,emuer,1049.213,307.392,0.7011749725213045,physical_screen,3,False,False,13281.0,1675.0,False
pp_nav_00706,navigable,75,baltic_region,chelmno,1058.437,687.3005,0.18515578640074515,physical_screen,3,False,False,8525.916666666666,1685.4166666666667,True
pp_nav_00707,navigable,79,west_siberia_region,kalmanka,1451.582,171.589,0.06906472094728658,physical_screen,3,False,True,11504.125,1687.7083333333333,False
pp_nav_00708,navigable,14,manchuria_region,emuer,978.804,296.52,0.0,physical_screen,3,False,False,13237.6,1677.3,False
pp_nav_00709,navigable,83,manchuria_region,djee,572.114,161.624,0.0,physical_screen,3,False,False,13481.1875,1692.3125,False
pp_nav_00710,navigable,82,north_german_region,dannenberg,736.846,404.273,0.23737571576203725,physical_screen,3,False,False,8185.8125,1689.3958333333333,True
pp_nav_00711,navigable,75,mongolia_region,silkari,515.715,187.068,0.0,physical_screen,3,False,False,13127.0625,1693.5625,False
pp_nav_00712,barrier,85,canada_region,kamassekuakamat,1553.0175,1300.502,1.54732666015625,bounded_native_gap;physical_screen,5,False,False,4817.9375,1692.0,False
pp_nav_00713,navigable,83,manchuria_region,pangu,1167.41,323.938,0.0,physical_screen,3,False,False,13362.625,1692.7083333333333,False
pp_nav_00714,navigable,83,canada_region,misha_shipu,1879.764,1409.916,0.15626198813722658,physical_screen,3,False,False,4930.229166666667,1689.1041666666667,False
pp_nav_00715,navigable,77,west_siberia_region,shushenskoye,1464.058,144.893,0.23701622531281094,physical_screen,3,False,True,11861.270833333334,1696.1875,False
pp_nav_00716,improvable,81,great_plains_region,kistapinan,501.574,356.362,0.987603759765625,physical_screen,3,False,False,2921.122448979592,1691.408163265306,False
pp_nav_00717,improvable,84,alaska_region,nadleht_en,1176.3229999999999,406.182,1.506573486328125,physical_screen,3,False,False,2108.1875,1704.3125,False
pp_nav_00718,navigable,82,russian_region,khvorostyanka,7975.549,2252.4645,1.3883610108884392e-06,physical_screen,5,False,False,9908.145833333334,1696.5625,True
pp_nav_00719,barrier,79,manchuria_region,nurgan,10850.012,3563.029,3.410787361860275,bounded_native_gap;physical_screen,5,False,False,14072.645833333334,1693.1666666666667,False
pp_nav_00720,improvable,81,manchuria_region,pangu,1181.283,330.372,0.6486349081782062,physical_screen,3,False,False,13392.5,1696.625,False
pp_nav_00721,improvable,78,canada_region,nipissu,1751.843,1369.084,1.0534191131591797,physical_screen,3,False,False,4899.354166666667,1704.0625,False
pp_nav_00722,navigable,8,russian_region,khvorostyanka,7940.095,2222.723,0.0,physical_screen,4,False,False,9939.8,1696.2,False
pp_nav_00723,navigable,84,canada_region,winokapau,1584.044,1313.699,0.0,physical_screen,3,False,False,4852.895833333333,1703.2708333333333,False
pp_nav_00724,navigable,77,north_german_region,chojna,540.031,340.637,0.22159719467163086,physical_screen,3,False,False,8338.354166666666,1710.4375,True
pp_nav_00725,barrier,73,manchuria_region,nurgan,10341.021,3402.598,0.0,bounded_native_gap;physical_screen,5,False,False,14057.354166666666,1711.0,False
pp_nav_00726,navigable,46,north_german_region,luchow,698.403,376.808,0.18628885615744636,physical_screen,3,False,False,8208.724137931034,1701.4137931034484,True
pp_nav_00727,navigable,82,west_siberia_region,zhalauly,967.95,106.153,0.04258880615234375,physical_screen,3,False,True,11154.75,1706.2916666666667,False
pp_nav_00728,navigable,16,manchuria_region,nurgan,10899.763,3527.243,0.0,mouth_alignment_snap;physical_screen,5,False,False,14092.888888888889,1698.888888888889,True
pp_nav_00729,navigable,83,baltic_region,inowroclaw,1023.419,663.771,0.0,physical_screen,3,False,False,8531.541666666666,1705.3333333333333,True
pp_nav_00730,navigable,82,west_siberia_region,kalmanka,1379.233,161.15300000000002,0.109429931640625,bounded_native_gap;physical_screen,3,False,True,11498.166666666666,1718.3333333333333,False
pp_nav_00731,navigable,77,manchuria_region,yakesa,1191.712,332.421,0.327899169921875,physical_screen,3,False,False,13414.708333333334,1711.5833333333333,False
pp_nav_00732,improvable,81,west_siberia_region,cheremkhovo,2372.122,1010.207,0.39804123531777713,bounded_native_gap;physical_screen,5,False,False,12407.875,1715.1666666666667,False
pp_nav_00733,navigable,15,mongolia_region,silkari,510.623,185.075,0.0,physical_screen,3,False,False,13112.545454545454,1708.5454545454545,False
pp_nav_00734,navigable,77,manchuria_region,gromatukha,580.4259999999999,167.022,0.11561279296875,physical_screen,3,False,False,13503.875,1716.8333333333333,False
pp_nav_00735,navigable,71,russian_region,khvorostyanka,8004.531,2270.6850000000004,0.0,physical_screen,5,False,False,9893.708333333334,1722.5833333333333,True
pp_nav_00736,barrier,76,west_siberia_region,shushenskoye,1397.2645,138.8545,4.188039257492802,physical_screen,3,False,True,11853.208333333334,1722.6666666666667,False
pp_nav_00737,improvable,50,canada_region,nipissu,1650.204,1332.161,1.0214981079101562,physical_screen,3,False,False,4876.586206896552,1713.896551724138,False
pp_nav_00738,improvable,80,baltic_region,wloclawek,982.829,629.497,0.3845222473144531,physical_screen,3,False,False,8557.75,1725.5833333333333,True
pp_nav_00739,navigable,81,west_siberia_region,imakia,968.705,99.696,0.09034652709960939,physical_screen,3,False,True,11178.520833333334,1726.4375,False
pp_nav_00740,navigable,55,north_german_region,stendal,594.754,297.114,0.2088132557194157,physical_screen,3,False,False,8236.20588235294,1732.4117647058824,False
pp_nav_00741,navigable,80,manchuria_region,humar,1208.819,340.116,0.0,physical_screen,3,False,False,13429.229166666666,1730.3125,False
pp_nav_00742,navigable,86,west_coast_region,esk_el,1394.752,505.929,0.0,physical_screen,3,False,False,2116.25,1742.2916666666667,False
pp_nav_00743,navigable,38,north_german_region,freienwalde,535.494,338.944,0.21458812495581883,physical_screen,3,False,False,8348.04,1728.96,True
pp_nav_00744,improvable,83,manchuria_region,bulava,10288.433,3398.88,0.6236155807269791,physical_screen,5,False,False,14076.604166666666,1737.7708333333333,False
pp_nav_00745,barrier,80,west_siberia_region,shushenskoye,1371.9475,139.16,2.97769775390625,physical_screen,3,False,True,11875.75,1734.0416666666667,False
pp_nav_00746,navigable,78,west_siberia_region,irkutsk,2327.754,987.9245000000001,0.21949636231584235,physical_screen,4,False,False,12427.166666666666,1740.6666666666667,False
pp_nav_00747,improvable,83,manchuria_region,gromatukha,645.704,211.501,0.6581001905863751,physical_screen,3,False,False,13520.520833333334,1744.1041666666667,False
pp_nav_00748,navigable,81,baltic_region,gabin,960.485,614.076,0.08455465312626108,physical_screen,3,False,False,8587.833333333334,1740.875,True
pp_nav_00749,navigable,72,mongolia_region,usun,1328.656,138.345,0.0,physical_screen,3,False,True,11895.458333333334,1750.375,False
pp_nav_00750,navigable,73,steppes_region,balakovo,8020.9169999999995,2290.2735000000002,0.0,physical_screen,5,False,False,9877.645833333334,1754.1458333333333,True
pp_nav_00751,navigable,80,west_siberia_region,kalmanka,1158.755,135.025,0.29232787737371263,physical_screen,3,False,True,11509.979166666666,1750.2291666666667,False
pp_nav_00752,navigable,80,west_siberia_region,tuzdysor,969.293,96.903,0.12415771484375,physical_screen,3,False,True,11189.875,1755.5833333333333,False
pp_nav_00753,navigable,77,manchuria_region,humar,1215.2165,346.04200000000003,0.0,physical_screen,3,False,False,13441.458333333334,1752.8125,False
pp_nav_00754,navigable,84,baltic_region,sochaczew,924.389,582.551,0.16584320068359376,physical_screen,3,False,False,8623.541666666666,1748.1666666666667,False
pp_nav_00755,navigable,74,west_siberia_region,smolenskoye,1149.403,132.604,0.1698870583766231,bounded_native_gap;physical_screen,3,False,True,11541.952380952382,1747.642857142857,False
pp_nav_00756,navigable,74,north_german_region,magdeburg,587.4195,292.4335,0.27171571513350373,physical_screen,3,False,False,8225.104166666666,1761.0208333333333,False
pp_nav_00757,navigable,82,baltic_region,warsaw,580.4645,368.60900000000004,0.23172008746965433,physical_screen,3,False,False,8650.916666666666,1764.5833333333333,False
pp_nav_00758,navigable,84,canada_region,caisaboscai,960.4935,436.585,0.31463317871093754,physical_screen,3,False,False,4176.166666666667,1756.7083333333333,False
pp_nav_00759,improvable,66,manchuria_region,bulava,10213.805,3420.428,0.06886178561054575,bounded_native_gap;physical_screen,5,False,False,14076.854166666666,1763.8125,False
pp_nav_00760,improvable,20,canada_region,kashechewan,1221.131,977.808,0.5026114670189065,bounded_native_gap;physical_screen,5,False,False,3971.0833333333335,1757.5,False
pp_nav_00761,barrier,83,canada_region,caisaboscai,969.026,446.637,2.5909551670409154,physical_screen,3,False,False,4141.625,1760.4583333333333,False
pp_nav_00762,barrier,86,canada_region,chistamikap,665.197,293.119,0.580743408203125,bounded_native_gap;physical_screen,5,False,False,4212.541666666667,1759.9583333333333,False
pp_nav_00763,improvable,10,canada_region,pitchibourenik,1022.068,493.052,1.0128335102800798,mouth_alignment_snap;physical_screen,3,False,False,4118.833333333333,1760.3333333333333,True
pp_nav_00764,improvable,83,west_coast_region,stswecen_c,1450.4785000000002,529.9335,0.6581622784394003,bounded_native_gap;physical_screen,5,False,False,2119.2916666666665,1780.8333333333333,False
pp_nav_00765,improvable,83,manchuria_region,gromatukha,663.417,227.916,1.839215087890625,physical_screen,3,False,False,13536.291666666666,1774.875,False
pp_nav_00766,navigable,23,canada_region,chistamikap,609.435,259.865,0.0,physical_screen,3,False,False,4232.466666666666,1766.2666666666667,False
pp_nav_00767,navigable,86,canada_region,nasacauso,522.851,201.566,0.0,physical_screen,3,False,False,4277.958333333333,1765.25,False
pp_nav_00768,improvable,76,manchuria_region,humar,1219.961,351.441,0.4676627295328726,physical_screen,3,False,False,13450.75,1777.9166666666667,False
pp_nav_00769,navigable,84,mongolia_region,selenge,938.341,208.022,0.0,physical_screen,3,False,False,12577.020833333334,1769.5208333333333,False
pp_nav_00770,navigable,60,canada_region,chistamikap,580.713,241.467,0.1490478515625,physical_screen,3,False,False,4244.371428571429,1770.3714285714286,False
pp_nav_00771,barrier,73,mongolia_region,usun,1223.555,134.8905,6.87611194056276,physical_screen,3,False,True,11883.208333333334,1776.6666666666667,False
pp_nav_00772,improvable,22,canada_region,kashechewan,1160.245,930.624,0.4383899310849956,physical_screen,3,False,False,3948.75,1768.25,False
pp_nav_00773,improvable,73,steppes_region,balakovo,8036.6855,2312.089,0.0,bounded_native_gap;physical_screen,5,False,False,9854.75,1773.625,True
pp_nav_00774,navigable,11,mongolia_region,selenge,944.331,208.502,0.303228759765625,physical_screen,3,False,False,12558.375,1769.875,False
pp_nav_00775,improvable,76,manchuria_region,ulma,600.414,220.859,0.28009033203125,bounded_native_gap;physical_screen,5,False,False,13573.5625,1783.3541666666667,False
pp_nav_00776,navigable,80,west_siberia_region,karasor,969.952,95.845,0.10717786827025635,physical_screen,3,False,True,11208.145833333334,1783.1875,False
pp_nav_00777,navigable,75,manchuria_region,deren,10246.617,3487.7645,0.0295619078153437,physical_screen,5,False,False,14069.208333333334,1787.625,False
pp_nav_00778,navigable,16,north_german_region,calbe,582.953,290.28700000000003,0.043604315599860374,physical_screen,5,False,False,8230.0,1776.2,False
pp_nav_00779,navigable,85,north_german_region,dordrecht,2415.277,1402.408,0.036196136474609376,physical_screen,4,False,False,7920.375,1778.8333333333333,True
pp_nav_00780,navigable,49,canada_region,pagashi,1154.133,931.912,0.0,physical_screen,3,False,False,3925.6071428571427,1780.9642857142858,False
pp_nav_00781,navigable,78,north_german_region,nijmegen,2359.34,1370.862,0.04548589332801618,physical_screen,4,False,False,7954.8125,1779.8125,True
pp_nav_00782,navigable,78,steppes_region,baronsk,8119.783,2367.682,0.0,physical_screen,5,False,False,9825.9375,1788.1458333333333,True
pp_nav_00783,navigable,77,ruthenia_region,liubech,552.354,397.814,0.08000449886061073,physical_screen,3,False,False,9084.791666666666,1794.2083333333333,True
pp_nav_00784,navigable,66,baltic_region,czersk,515.743,331.039,0.32372243891505353,physical_screen,3,False,False,8665.317073170732,1792.6829268292684,False
pp_nav_00785,navigable,26,north_german_region,rotterdam,2425.515,1408.097,0.0,physical_screen,4,False,False,7896.0,1782.6666666666667,True
pp_nav_00786,improvable,76,mongolia_region,selenge,855.361,190.861,1.8299713134765625,physical_screen,3,False,False,12581.354166666666,1796.6875,False
pp_nav_00787,navigable,78,manchuria_region,birma,978.9415,354.616,0.27708444776131974,physical_screen,5,False,False,13553.729166666666,1794.7708333333333,False
pp_nav_00788,improvable,80,great_britain_region,abingdon,58.834,21.77,0.472412109375,lower_thames,1,False,False,7635.0,1797.0833333333333,True
pp_nav_00789,barrier,80,mongolia_region,khemchik,1092.4185000000002,122.9945,0.047021484375,bounded_native_gap;physical_screen,3,False,True,11899.104166666666,1799.3541666666667,False
pp_nav_00790,navigable,76,steppes_region,pokrovsk,8196.604,2455.819,0.03337698592299104,bounded_native_gap;physical_screen,5,False,False,9797.5625,1798.9375,True
pp_nav_00791,improvable,78,manchuria_region,kuanhe,1325.4075,364.015,0.3274759096109513,bounded_native_gap;physical_screen,5,False,False,13461.770833333334,1806.2916666666667,False
pp_nav_00792,improvable,22,great_britain_region,abingdon,58.834,21.77,0.472412109375,lower_thames,1,False,False,7620.75,1795.0833333333333,False
pp_nav_00793,improvable,81,mongolia_region,den_terek,1031.963,111.18,0.9828081431245814,physical_screen,3,False,True,11973.9375,1802.3958333333333,False
pp_nav_00794,navigable,79,west_coast_region,st_at_imcets,1587.414,587.278,0.0,physical_screen,3,False,False,2122.7083333333335,1813.3333333333333,False
pp_nav_00795,improvable,80,canada_region,wabimeig,526.614,451.1915,0.8958971342735528,physical_screen,3,False,False,3805.0,1807.5833333333333,False
pp_nav_00796,navigable,81,west_siberia_region,karasor,970.986,97.154,0.11405237047491726,physical_screen,3,False,True,11226.375,1811.125,False
pp_nav_00797,navigable,80,manchuria_region,deren,10211.541,3525.557,0.0,physical_screen,5,False,False,14045.208333333334,1808.5833333333333,False
pp_nav_00798,improvable,61,great_britain_region,windsor,51.72,18.697,0.34384849399028417,thames_native_lower_channel,1,False,False,7656.645833333333,1808.3125,True
pp_nav_00799,improvable,87,mongolia_region,den_terek,1063.677,119.101,0.5622986441156284,physical_screen,3,False,True,11936.5,1804.625,False
pp_nav_00800,navigable,77,manchuria_region,birma,1307.188,484.562,0.14406494073310672,physical_screen,3,False,False,13534.645833333334,1814.2083333333333,False
pp_nav_00801,improvable,83,canada_region,kapitukamach,580.809,375.42650000000003,0.7197054315395781,physical_screen,3,False,False,4249.041666666667,1809.75,True
pp_nav_00802,improvable,44,great_britain_region,london,51.72,18.697,0.34384849399028417,thames_native_lower_channel,1,False,False,7679.27027027027,1811.4054054054054,True
pp_nav_00803,improvable,22,canada_region,tchakashapug,1102.803,892.579,1.2785810602047967,bounded_native_gap;physical_screen,3,False,False,3893.4166666666665,1809.9166666666667,False
pp_nav_00804,navigable,72,mongolia_region,sulkhari,751.983,175.136,0.22883300781250002,physical_screen,3,False,False,12559.229166666666,1821.7291666666667,False
pp_nav_00805,improvable,85,canada_region,waskaganish,779.047,506.901,1.1379696664267849,mouth_alignment_snap;physical_screen,3,False,False,4120.979166666667,1817.1041666666667,True
pp_nav_00806,navigable,75,steppes_region,goly_karamysh,8208.085,2462.814,0.004294365701234555,physical_screen,5,False,False,9779.833333333334,1826.0416666666667,True
pp_nav_00807,navigable,77,ruthenia_region,lutava,556.884,409.487,0.07568218544758598,physical_screen,5,False,False,9080.5625,1825.3541666666667,True
pp_nav_00808,improvable,47,canada_region,kapitukamach,547.854,360.693,0.45250091368735945,physical_screen,3,False,False,4271.615384615385,1815.7307692307693,True
pp_nav_00809,navigable,78,canada_region,nemasca,761.44,480.118,0.24269875644068206,physical_screen,3,False,False,4186.875,1817.5,True
pp_nav_00810,navigable,80,canada_region,nemasca,626.595,402.311,0.15573175047988927,physical_screen,3,False,False,4212.063829787234,1818.063829787234,True
pp_nav_00811,improvable,75,canada_region,kaipeshimushich,774.528,495.654,1.9384710409062167,physical_screen,3,False,False,4156.926829268293,1819.560975609756,True
pp_nav_00812,navigable,81,manchuria_region,bir_amur,1335.5774999999999,371.41949999999997,0.10379040832107572,physical_screen,3,False,False,13468.8125,1832.9791666666667,False
pp_nav_00813,navigable,78,manchuria_region,uschu,10175.124,3530.233,0.0,physical_screen,5,False,False,14014.333333333334,1823.2916666666667,False
pp_nav_00814,improvable,81,canada_region,wabimeig,573.081,490.193,1.1956314086914062,physical_screen,5,False,False,3829.8541666666665,1830.2708333333333,False
pp_nav_00815,improvable,52,canada_region,tchakashapug,1040.65,858.629,0.40040916453050657,physical_screen,3,False,False,3863.0344827586205,1825.0344827586207,False
pp_nav_00816,improvable,73,canada_region,kagawask,1209.736,956.123,0.15617096391875374,bounded_native_gap;physical_screen,5,False,False,4013.2916666666665,1832.3125,False
pp_nav_00817,navigable,79,west_siberia_region,karasor,972.1005,103.604,0.29973726229912584,physical_screen,3,False,True,11246.0,1835.8333333333333,False
pp_nav_00818,navigable,81,manchuria_region,birma,1335.599,502.168,0.13859673419938873,bounded_native_gap;physical_screen,5,False,False,13519.0,1834.4583333333333,False
pp_nav_00819,navigable,14,ruthenia_region,chornobyl,525.537,336.397,0.1338348388671875,physical_screen,3,False,False,9070.333333333334,1827.6666666666667,True
pp_nav_00820,navigable,23,north_german_region,neuss,2219.144,1302.697,0.0,physical_screen,3,False,False,8002.533333333334,1832.4666666666667,False
pp_nav_00821,barrier,80,west_coast_region,scw_exmx,1627.564,594.748,2.4398060745365666,physical_screen,5,False,False,2136.5833333333335,1844.0833333333333,False
pp_nav_00822,navigable,14,canada_region,wabimeig,1110.2125,945.1859999999999,0.7022979736328125,physical_screen,3,False,False,3845.8,1832.3,False
pp_nav_00823,barrier,84,canada_region,nottaway,1155.727,772.489,2.7731536865234374,bounded_native_gap;physical_screen,3,False,False,4109.458333333333,1840.0416666666667,False
pp_nav_00824,navigable,74,manchuria_region,uschu,10165.734,3540.8965,0.008000564575195313,physical_screen,5,False,False,13987.541666666666,1844.0416666666667,False
pp_nav_00825,navigable,12,mongolia_region,sulkhari,751.983,174.652,0.0,physical_screen,3,False,False,12546.75,1837.25,False
pp_nav_00826,navigable,83,ruthenia_region,kyiv,1157.0825,809.229,0.0,bounded_native_gap;physical_screen,5,False,False,9078.458333333334,1857.0833333333333,True
pp_nav_00827,navigable,14,canada_region,wabimeig,546.857,468.968,0.0,physical_screen,3,False,False,3838.0,1843.1,False
pp_nav_00828,navigable,61,canada_region,kwetabohigan,725.812,578.427,0.2541188018950156,physical_screen,3,False,False,3990.7804878048782,1852.780487804878,False
pp_nav_00829,navigable,80,steppes_region,rovnoye,8213.1185,2471.9085,0.0,physical_screen,5,False,False,9780.1875,1855.8541666666667,True
pp_nav_00830,improvable,74,canada_region,nottaway,1112.007,708.757,1.881134033203125,physical_screen,3,False,False,4138.166666666667,1858.5,False
pp_nav_00831,navigable,78,manchuria_region,aigun,1350.434,379.013,0.164215087890625,physical_screen,3,False,False,13483.979166666666,1863.1458333333333,False
pp_nav_00832,navigable,78,manchuria_region,birma,1467.601,577.565,0.2078399658203125,physical_screen,3,False,False,13506.8125,1865.7708333333333,False
pp_nav_00833,navigable,81,west_siberia_region,balyktykol,978.937,108.79650000000001,0.11847076416015626,physical_screen,3,False,True,11267.291666666666,1860.2083333333333,False
pp_nav_00834,navigable,80,manchuria_region,uschu,10146.641,3561.771,0.0,bounded_native_gap;physical_screen,5,False,False,13958.333333333334,1862.8333333333333,False
pp_nav_00835,improvable,78,north_german_region,bonn,2174.528,1282.352,0.4282798767089844,physical_screen,4,False,False,8016.583333333333,1865.5,False
pp_nav_00836,navigable,80,west_coast_region,skitsetsen,727.917,227.967,0.0,bounded_native_gap;physical_screen,3,False,False,2175.7916666666665,1862.7916666666667,False
pp_nav_00837,navigable,83,west_coast_region,scw_exmx,1742.049,622.367,0.0,physical_screen,3,False,False,2143.76,1874.38,False
pp_nav_00838,improvable,39,west_coast_region,skitsetsen,711.547,219.361,1.4086544149641789,physical_screen,5,False,False,2200.7391304347825,1863.2608695652175,False
pp_nav_00839,improvable,82,west_coast_region,snk_mip,996.454,83.07,0.0,bounded_native_gap;physical_screen,5,False,True,2320.75,1878.7708333333333,False
pp_nav_00840,navigable,80,west_siberia_region,takhir,1025.3125,114.414,0.0,physical_screen,3,False,True,11298.5625,1869.2708333333333,False
pp_nav_00841,navigable,76,steppes_region,kamyshin,8216.685,2480.9155,0.0,physical_screen,5,False,False,9774.479166666666,1883.0208333333333,True
pp_nav_00842,navigable,76,canada_region,soscumica,1081.9189999999999,675.787,0.05159554124150858,physical_screen,3,False,False,4151.875,1883.7916666666667,False
pp_nav_00843,improvable,77,north_german_region,mayen,2164.157,1278.827,1.3312164306640626,physical_screen,4,False,False,8027.104166666667,1879.25,False
pp_nav_00844,navigable,85,west_siberia_region,takhir,1025.726,113.714,0.0,physical_screen,3,False,True,11329.895833333334,1879.8541666666667,False
pp_nav_00845,barrier,80,west_coast_region,nlaka_pamux,832.8215,271.697,0.0,bounded_native_gap;physical_screen,5,False,False,2160.6666666666665,1888.5833333333333,False
pp_nav_00846,navigable,81,canada_region,capotigamau,652.9590000000001,312.791,0.22864385901583517,physical_screen,3,False,False,4565.833333333333,1894.3333333333333,True
pp_nav_00847,navigable,79,ruthenia_region,kyiv,1519.008,1056.686,0.01669158935546875,physical_screen,3,False,False,9087.4375,1894.0625,True
pp_nav_00848,improvable,79,manchuria_region,aigun,1371.441,386.497,0.5033966064453125,physical_screen,5,False,False,13492.895833333334,1890.5833333333333,False
pp_nav_00849,improvable,11,north_german_region,coblenz,2149.987,1274.513,0.7059463500976563,physical_screen,3,False,False,8037.142857142857,1882.857142857143,False
pp_nav_00850,barrier,74,north_german_region,coblenz,1758.692,1148.4859999999999,1.1730991684048473,bounded_native_gap;physical_screen,5,False,False,8039.416666666667,1897.9583333333333,False
pp_nav_00851,navigable,19,manchuria_region,tehcha,1468.22,585.561,0.18071717397103804,physical_screen,3,False,False,13505.0,1888.0,False
pp_nav_00852,improvable,83,west_siberia_region,takhir,1026.504,111.3425,0.3637420654296875,physical_screen,3,False,True,11363.520833333334,1886.5625,False
pp_nav_00853,navigable,82,west_siberia_region,shar,1014.166,109.23,0.0,physical_screen,5,False,True,11399.541666666666,1891.3958333333333,False
pp_nav_00854,improvable,77,great_plains_region,maskwa,943.313,853.503,0.9657782597821968,physical_screen,3,False,False,3345.9791666666665,1891.4791666666667,False
pp_nav_00855,improvable,69,great_plains_region,maskwa,937.859,846.162,0.7760894217572486,physical_screen,3,False,False,3322.0,1900.0,False
pp_nav_00856,navigable,14,canada_region,wabaseemong,942.276,852.781,0.24515380859375,physical_screen,3,False,False,3359.3333333333335,1897.6666666666667,False
pp_nav_00857,navigable,73,steppes_region,kamyshin,8232.4925,2513.107,0.0,physical_screen,5,False,False,9758.791666666666,1911.2916666666667,True
pp_nav_00858,navigable,84,west_siberia_region,shar,904.673,100.674,0.3084320068359375,physical_screen,3,False,True,11430.791666666666,1900.9166666666667,False
pp_nav_00859,navigable,79,west_coast_region,swarakxen,1080.812,97.02,0.0,physical_screen,3,False,True,2318.0,1913.2083333333333,False
pp_nav_00860,improvable,77,manchuria_region,nioman,829.776,76.53,1.2745385509883034,physical_screen,3,False,True,13612.625,1911.25,False
pp_nav_00861,navigable,87,west_coast_region,nlaka_pamux,2669.497,938.639,0.0,physical_screen,4,False,False,2158.2083333333335,1918.2916666666667,True
pp_nav_00862,navigable,70,manchuria_region,achan,9587.432,3399.7124999999996,0.017643859354224595,physical_screen,5,False,False,13919.270833333334,1914.2083333333333,False
pp_nav_00863,navigable,79,manchuria_region,tehcha,2866.6435,996.025,0.023223114013671876,physical_screen,4,False,False,13497.916666666666,1917.7916666666667,False
pp_nav_00864,improvable,77,north_german_region,mainz,1716.137,1137.437,0.4433624267578125,physical_screen,3,False,False,8062.291666666667,1910.25,False
pp_nav_00865,navigable,80,ruthenia_region,kaniv,1508.9245,1059.884,0.0,physical_screen,3,False,False,9112.958333333334,1913.3333333333333,True
pp_nav_00866,improvable,80,west_siberia_region,shar,821.5545,92.082,0.503240966796875,bounded_native_gap;physical_screen,3,False,True,11457.6875,1919.6875,False
pp_nav_00867,barrier,9,north_german_region,kreuznach,1751.932,1149.355,2.4362762451171873,physical_screen,3,False,False,8048.6,1913.4,False
pp_nav_00868,improvable,85,canada_region,toulnustouc,668.551,315.18,0.26222656720557297,bounded_native_gap;physical_screen,3,False,False,4569.25,1932.25,True
pp_nav_00869,navigable,13,north_german_region,oppenheim,1502.554,1057.859,0.0,physical_screen,3,False,False,8070.375,1920.125,False
pp_nav_00870,navigable,82,ruthenia_region,korsun,1515.596,1065.839,0.11626974893574844,physical_screen,3,False,False,9128.25,1930.75,True
pp_nav_00871,navigable,79,manchuria_region,nioman,847.733,81.239,0.11674957275390624,physical_screen,5,False,True,13595.666666666666,1936.1666666666667,False
pp_nav_00872,navigable,10,south_german_region,bensheim,1501.332,1058.74,0.3395031278583424,physical_screen,3,False,False,8074.166666666667,1929.6666666666667,False
pp_nav_00873,navigable,76,manchuria_region,achan,9343.257,3210.789,0.0,physical_screen,5,False,False,13914.8125,1941.4791666666667,False
pp_nav_00874,navigable,82,west_coast_region,swarakxen,1118.959,102.876,0.0,physical_screen,3,False,True,2315.5208333333335,1947.0625,False
pp_nav_00875,navigable,70,steppes_region,bykovo,8235.428,2524.032,0.0,physical_screen,5,False,False,9744.270833333334,1944.7708333333333,True
pp_nav_00876,navigable,63,west_siberia_region,shar,803.362,90.168,0.0,physical_screen,3,False,True,11481.828571428572,1935.142857142857,False
pp_nav_00877,navigable,80,ruthenia_region,cherkasy,1553.017,1081.36,0.00670623779296875,physical_screen,5,False,False,9146.5,1943.4791666666667,True
pp_nav_00878,navigable,80,manchuria_region,xunhe,2890.739,987.068,0.11314920083922887,physical_screen,4,False,False,13518.3125,1939.8125,False
pp_nav_00879,navigable,83,west_coast_region,akinka_nup,525.02,87.695,0.0,physical_screen,5,False,False,2363.8367346938776,1941.9183673469388,False
pp_nav_00880,improvable,80,west_coast_region,sto_lo,2803.994,981.8235,1.1832416534423829,physical_screen,4,False,False,2154.625,1953.4166666666667,True
pp_nav_00881,navigable,87,steppes_region,ust_medveditskaya,606.597,124.113,0.04525440759743454,physical_screen,3,False,False,9632.5,1942.5,True
pp_nav_00882,improvable,79,manchuria_region,zhanhe,2922.206,1002.1825,0.0389801025390625,bounded_native_gap;physical_screen,4,False,False,13549.625,1942.4166666666667,False
pp_nav_00883,improvable,79,france_region,pont_audemer,542.807,190.22,1.4077098999879434,physical_screen,3,False,False,7723.541666666667,1948.0,False
pp_nav_00884,navigable,78,steppes_region,kremenskaya,607.889,126.759,0.070751953125,physical_screen,3,False,False,9670.166666666666,1949.625,True
pp_nav_00885,navigable,79,west_coast_region,ntiltxitk,839.902,110.08949999999999,0.0,bounded_native_gap;physical_screen,5,False,True,2336.7708333333335,1954.1041666666667,False
pp_nav_00886,improvable,75,canada_region,tchitogama,564.4455,230.26049999999998,0.6149155949791637,physical_screen,3,False,False,4444.604166666667,1965.1041666666667,False
pp_nav_00887,navigable,57,france_region,pont_audemer,531.66,186.488,0.0,physical_screen,3,False,False,7737.083333333333,1953.3055555555557,False
pp_nav_00888,navigable,70,manchuria_region,zhanhe,3020.008,1058.7289999999998,0.07587127685546875,physical_screen,4,False,False,13573.809523809523,1952.3095238095239,False
pp_nav_00889,navigable,33,steppes_region,kletskaya,606.871,126.231,0.26058807373046877,physical_screen,3,False,False,9651.75,1954.35,True
pp_nav_00890,improvable,46,canada_region,piletisipuk,858.109,365.058,0.3877593994140625,mouth_alignment_snap;physical_screen,3,False,False,4576.571428571428,1960.0,True
pp_nav_00891,improvable,83,manchuria_region,jiajin,3883.376,1161.438,0.17098007202148435,bounded_native_gap;physical_screen,5,False,False,13595.875,1963.0208333333333,False
pp_nav_00892,navigable,73,manchuria_region,nemptu,8864.611,3066.41,0.11303483685406578,physical_screen,5,False,False,13896.166666666666,1964.6666666666667,False
pp_nav_00893,navigable,78,ruthenia_region,cherkasy,1554.658,1086.912,0.0,physical_screen,5,False,False,9177.708333333334,1959.3541666666667,True
pp_nav_00894,navigable,79,steppes_region,kremenskaya,624.154,127.736,0.02518463134765625,physical_screen,3,False,False,9686.9375,1967.0625,True
pp_nav_00895,navigable,72,steppes_region,srednyaya_akhtuba,8237.887,2571.104,0.0,physical_screen,5,False,False,9730.458333333334,1978.9583333333333,True
pp_nav_00896,improvable,78,west_coast_region,whonnock,3429.621,1404.282,0.49155858882185144,bounded_native_gap;mouth_alignment_snap;physical_screen,4,False,False,2103.6458333333335,1966.7291666666667,True
pp_nav_00897,improvable,51,west_coast_region,sto_lo,3212.694,1227.214,0.6032750606536865,bounded_native_gap;physical_screen,4,False,False,2129.84375,1967.84375,True
pp_nav_00898,navigable,80,steppes_region,usivka,1615.797,1116.7,0.0,physical_screen,5,False,False,9200.354166666666,1969.6458333333333,True
pp_nav_00899,navigable,78,west_coast_region,ntiltxitk,1999.741,269.13,0.0,physical_screen,5,False,True,2334.0625,1977.3958333333333,False
pp_nav_00900,navigable,72,south_german_region,baden,1278.31,983.034,0.31006150734978893,physical_screen,3,False,False,8062.125,1983.625,False
pp_nav_00901,navigable,76,steppes_region,usivka,1617.208,1124.76,0.07193904050310782,bounded_native_gap;physical_screen,5,False,False,9218.354166666666,1977.8125,True
pp_nav_00902,navigable,70,ruthenia_region,kremenchuk,1693.946,1169.227,0.06383415879054669,bounded_native_gap;physical_screen,5,False,False,9236.395833333334,1984.1041666666667,True
pp_nav_00903,navigable,81,manchuria_region,jiajin,3976.549,1217.049,0.19558568914724303,physical_screen,4,False,False,13619.833333333334,1984.2083333333333,False
pp_nav_00904,improvable,82,west_coast_region,sletewsi,802.053,260.539,0.3670532681433666,physical_screen,3,False,False,2346.1875,1997.5625,False
pp_nav_00905,navigable,77,steppes_region,mechet,628.179,130.51,0.0,physical_screen,3,False,False,9675.458333333334,1989.0833333333333,True
pp_nav_00906,navigable,77,manchuria_region,nemptu,8873.143,2976.982,0.08479499816894531,bounded_native_gap;physical_screen,5,False,False,13875.25,1989.2708333333333,False
pp_nav_00907,navigable,76,steppes_region,myshuryn_rih,1743.9355,1189.7155,0.0,physical_screen,5,False,False,9245.9375,1994.1666666666667,True
pp_nav_00908,navigable,75,west_coast_region,enselxcin,2877.1745,504.072,0.326470934683057,physical_screen,4,False,False,2315.0,1998.4583333333333,False
pp_nav_00909,navigable,75,manchuria_region,sutara,3998.092,1233.037,0.24842876445029305,physical_screen,4,False,False,13637.125,2000.875,False
pp_nav_00910,improvable,78,south_german_region,landau,665.891,426.237,0.7028076171875,physical_screen,3,False,False,8286.916666666666,1997.3125,False
pp_nav_00911,barrier,14,steppes_region,srednyaya_akhtuba,8228.332,2576.04,3.6396661758422852,physical_screen,1,False,False,9728.444444444445,1992.5555555555557,False
pp_nav_00912,navigable,17,steppes_region,myshuryn_rih,1771.799,1200.454,0.0,physical_screen,5,False,False,9254.416666666666,1996.0833333333333,True
pp_nav_00913,navigable,77,steppes_region,sarai_al_jadid,8216.442500000001,2571.729,0.21981172561645507,physical_screen,5,False,False,9720.083333333334,2005.625,True
pp_nav_00914,navigable,78,manchuria_region,boli,8720.1325,2911.538,0.06331739114996962,physical_screen,5,False,False,13843.979166666666,2000.6041666666667,False
pp_nav_00915,navigable,75,manchuria_region,boli,580.98,224.011,0.045665740966796875,physical_screen,3,False,False,13818.8,2002.1777777777777,False
pp_nav_00916,improvable,76,south_german_region,strasbourg,1168.9,864.1965,0.4943817138671875,bounded_native_gap;physical_screen,5,False,False,8044.0625,2013.2291666666667,False
pp_nav_00917,navigable,68,steppes_region,kodak,1773.923,1201.347,0.12614781779051001,physical_screen,5,False,False,9271.97619047619,2007.2380952380952,True
pp_nav_00918,navigable,71,steppes_region,stepanevka,633.167,133.356,0.0,physical_screen,3,False,False,9662.666666666666,2015.1666666666667,True
pp_nav_00919,improvable,79,south_german_region,linz,1387.815,888.695,0.98170166015625,physical_screen,3,False,False,8311.770833333334,2007.0208333333333,False
pp_nav_00920,navigable,80,south_german_region,landau,693.69,452.134,0.28150259150764334,physical_screen,5,False,False,8302.4375,2009.7916666666667,False
pp_nav_00921,navigable,80,steppes_region,kodak,1773.862,1201.326,0.008897350668910672,physical_screen,5,False,False,9272.387755102041,2010.7142857142858,True
pp_nav_00922,barrier,85,south_german_region,linz,1412.409,913.866,9.30154157463412,physical_screen,3,False,False,8325.72,2017.8,False
pp_nav_00923,navigable,82,manchuria_region,boli,6488.287,2199.967,0.010508309363092952,physical_screen,5,False,False,13832.854166666666,2019.125,False
pp_nav_00924,navigable,63,manchuria_region,bidzhan,4024.126,1242.9969999999998,0.0,physical_screen,4,False,False,13643.25,2025.4,False
pp_nav_00925,improvable,81,west_coast_region,n_pooh_le,2929.9725,512.8885,0.8137939453125,physical_screen,4,False,False,2306.1041666666665,2031.8541666666667,False
pp_nav_00926,navigable,81,steppes_region,chyorny_yar,8202.071,2563.316,0.14347806587627954,physical_screen,5,False,False,9750.458333333334,2015.5833333333333,True
pp_nav_00927,improvable,26,canada_region,chicoutimi,1751.085,649.668,0.5221003770828248,physical_screen,3,False,False,4463.3125,2017.1875,False
pp_nav_00928,navigable,87,steppes_region,kichkas,1701.9555,1135.162,0.0,bounded_native_gap;physical_screen,3,False,False,9289.458333333334,2032.4166666666667,True
pp_nav_00929,improvable,84,west_coast_region,kalispel,770.5205,251.6345,1.3848388671875,physical_screen,3,False,False,2358.2708333333335,2028.9791666666667,False
pp_nav_00930,navigable,79,steppes_region,chyorny_yar,8202.071,2569.45,0.08290010614246966,physical_screen,5,False,False,9781.541666666666,2026.875,True
pp_nav_00931,navigable,83,manchuria_region,lahasusu,6461.39,2191.9975,0.0,physical_screen,4,False,False,13804.25,2021.1666666666667,False
pp_nav_00932,barrier,81,south_german_region,wels,1435.492,924.763,0.5267578125,bounded_native_gap;physical_screen,5,False,False,8342.803921568628,2024.3921568627452,False
pp_nav_00933,improvable,51,south_german_region,braunau,612.369,219.644,0.6201019287109375,physical_screen,3,False,False,8288.9,2026.4,False
pp_nav_00934,barrier,15,canada_region,outapimiskou,1838.848,669.864,6.799997711181641,physical_screen,1,False,False,4498.875,2024.625,False
pp_nav_00935,navigable,40,steppes_region,bolkhuny,8199.159,2569.45,0.19204303153527852,physical_screen,1,False,False,9796.28,2031.12,False
pp_nav_00936,navigable,78,west_coast_region,qlispe,707.813,235.73399999999998,0.21782743149990244,physical_screen,3,False,False,2388.2083333333335,2030.9166666666667,False
pp_nav_00937,navigable,49,south_german_region,melk,1792.5140000000001,1091.441,0.0,physical_screen,3,False,False,8382.607142857143,2030.607142857143,False
pp_nav_00938,navigable,80,manchuria_region,boli,1591.914,407.918,0.04247255465552652,physical_screen,3,False,False,13820.229166666666,2040.6041666666667,False
pp_nav_00939,improvable,78,manchuria_region,lahasusu,6422.468,2153.023,0.12376341408443665,bounded_native_gap;physical_screen,4,False,False,13772.208333333334,2034.2916666666667,False
pp_nav_00940,navigable,18,canada_region,outapimiskou,1839.551,670.027,0.0,physical_screen,3,False,False,4500.636363636364,2028.3636363636363,False
pp_nav_00941,improvable,16,south_german_region,vienna,1936.92,1160.291,0.3656768798828125,physical_screen,3,False,False,8437.272727272728,2030.7272727272727,False
pp_nav_00942,navigable,72,steppes_region,nagavskaya,656.251,139.608,0.0,physical_screen,3,False,False,9644.795918367347,2045.3469387755101,True
pp_nav_00943,improvable,73,south_german_region,mulhouse,1076.379,739.644,0.8376739501953125,physical_screen,3,False,False,8034.8125,2047.3958333333333,False
pp_nav_00944,improvable,78,west_coast_region,n_pooh_le,3174.024,697.059,0.3627936749852904,physical_screen,4,False,False,2263.25,2039.7916666666667,False
pp_nav_00945,navigable,83,great_plains_region,adixoodagoorahareesh,768.601,240.158,0.0,physical_screen,3,False,False,2993.1875,2038.9791666666667,False
pp_nav_00946,improvable,80,carpathia_region,magyarovar,2093.0,1283.994,0.4444653281694373,physical_screen,4,False,False,8478.875,2046.625,False
pp_nav_00947,navigable,74,great_plains_region,adixoodagoorahareesh,804.197,246.57,0.0,bounded_native_gap;physical_screen,5,False,False,2965.4444444444443,2042.5555555555557,False
pp_nav_00948,improvable,79,west_coast_region,stata_ketux,3176.66,704.423,0.0,bounded_native_gap;physical_screen,5,False,False,2237.6041666666665,2043.1666666666667,False
pp_nav_00949,navigable,77,manchuria_region,lahasusu,6343.52,2119.152,0.04068450927734375,physical_screen,4,False,False,13741.104166666666,2045.1041666666667,False
pp_nav_00950,improvable,81,west_coast_region,qlispe,661.062,224.233,1.0178955078125,physical_screen,3,False,False,2417.3333333333335,2047.1666666666667,False
pp_nav_00951,navigable,80,great_plains_region,awatixa,771.4069999999999,241.49599999999998,0.0,physical_screen,3,False,False,3018.625,2051.125,False
pp_nav_00952,navigable,83,steppes_region,nikolskoye_pontic,8214.22,2645.586,0.0028218813334479785,physical_screen,5,False,False,9798.541666666666,2054.0416666666665,True
pp_nav_00953,improvable,80,west_coast_region,n_pooh_le,3150.97,688.583,0.433685302734375,bounded_native_gap;physical_screen,5,False,False,2291.5208333333335,2051.2708333333335,False
pp_nav_00954,improvable,11,west_coast_region,n_pooh_le,3164.4035000000003,692.453,2.379992548997717,physical_screen,4,False,False,2274.3333333333335,2048.8333333333335,False
pp_nav_00955,navigable,75,carpathia_region,hajduszoboszlo,550.794,204.67849999999999,0.21309166909160018,physical_screen,3,False,False,8642.229166666666,2062.3125,False
pp_nav_00956,navigable,79,steppes_region,kuchugur,1604.832,1075.129,0.0,physical_screen,5,False,False,9286.979591836734,2065.1020408163267,True
pp_nav_00957,barrier,75,west_coast_region,wenatchi,3357.91,789.807,4.32355377645647,bounded_native_gap;physical_screen,4,False,False,2219.4166666666665,2064.8125,False
pp_nav_00958,improvable,79,carpathia_region,esztergom,2311.7865,1385.908,0.8357089736519888,physical_screen,4,False,False,8553.0625,2057.25,False
pp_nav_00959,improvable,15,carpathia_region,buda,2306.131,1385.8,0.8357089736519888,physical_screen,3,False,False,8558.2,2054.5,False
pp_nav_00960,navigable,78,steppes_region,dubovskoye,660.262,143.415,0.0,physical_screen,3,False,False,9628.354166666666,2060.4166666666665,True
pp_nav_00961,navigable,27,manchuria_region,lahasusu,6335.234,2108.675,0.0942807121685028,physical_screen,4,False,False,13725.941176470587,2060.705882352941,False
pp_nav_00962,navigable,8,manchuria_region,bidzhan,4033.8355,1245.4850000000001,0.08013229370117188,physical_screen,4,False,False,13652.0,2058.5,False
pp_nav_00963,navigable,77,manchuria_region,alchan,1200.635,343.006,0.08568267822265625,physical_screen,3,False,False,13819.791666666666,2071.0416666666665,False
pp_nav_00964,navigable,82,carpathia_region,tata,2161.803,1321.154,0.0,bounded_native_gap;physical_screen,5,False,False,8510.125,2061.3333333333335,False
pp_nav_00965,navigable,30,carpathia_region,esztergom,2300.865,1375.984,0.0,physical_screen,4,False,False,8537.35294117647,2060.3529411764707,False
pp_nav_00966,navigable,81,west_coast_region,saleesh,611.0685,210.26850000000002,0.0,physical_screen,3,False,False,2441.7708333333335,2070.7291666666665,False
pp_nav_00967,navigable,80,great_plains_region,awatixa,796.9975,249.619,0.0,physical_screen,3,False,False,3039.0833333333335,2070.0,False
pp_nav_00968,navigable,75,steppes_region,dubovskoye,667.981,148.56,0.0,physical_screen,3,False,False,9611.333333333334,2067.4583333333335,True
pp_nav_00969,improvable,75,carpathia_region,abrahamtelke,2311.998,1390.964,0.629007906576206,physical_screen,4,False,False,8555.854166666666,2081.1875,False
pp_nav_00970,navigable,74,manchuria_region,futi,2193.369,765.103,0.1211069844135314,physical_screen,5,False,False,13712.541666666666,2079.0416666666665,False
pp_nav_00971,improvable,82,south_german_region,basel,1023.509,673.466,0.947137451171875,physical_screen,3,False,False,8043.583333333333,2072.7916666666665,False
pp_nav_00972,navigable,78,steppes_region,yenotayevka,8189.51,2640.447,0.031507110595703124,physical_screen,5,False,False,9822.083333333334,2078.4166666666665,True
pp_nav_00973,barrier,41,south_german_region,aarau,1003.991,650.264,1.88779296875,bounded_native_gap;physical_screen,5,False,False,8062.7037037037035,2071.1111111111113,False
pp_nav_00974,navigable,63,steppes_region,kuchugur,1613.182,1078.856,0.0,physical_screen,5,False,False,9264.71052631579,2071.9473684210525,True
pp_nav_00975,navigable,86,steppes_region,semikarakorsk,675.497,157.9075,0.0,physical_screen,3,False,False,9555.25,2073.75,True
pp_nav_00976,navigable,65,steppes_region,bol_shaya_martynovka,670.972,152.576,0.07147353919698975,physical_screen,3,False,False,9587.486486486487,2072.9189189189187,True
pp_nav_00977,navigable,68,steppes_region,mikhaylovka_pontic,8163.771,2641.496,0.09351664561142235,physical_screen,1,False,False,9834.487804878048,2082.512195121951,False
pp_nav_00978,navigable,83,great_plains_region,awatixa,803.7275,254.914,0.15478114708454918,physical_screen,3,False,False,3069.1875,2080.8125,False
pp_nav_00979,navigable,86,steppes_region,kuchugur,1614.9855,1079.262,0.0,physical_screen,3,False,False,9262.208333333334,2075.8333333333335,True
pp_nav_00980,barrier,83,west_coast_region,wenatchi,3478.7675,862.1765,0.0,bounded_native_gap;physical_screen,5,False,False,2217.8333333333335,2088.1875,False
pp_nav_00981,navigable,79,carpathia_region,heves,559.2855,212.737,0.11438140869140626,physical_screen,3,False,False,8621.5625,2084.8125,False
pp_nav_00982,improvable,73,steppes_region,bagayevskaya,819.2175,183.6165,0.47383786890369334,physical_screen,3,False,False,9526.666666666666,2088.0,True
pp_nav_00983,navigable,73,steppes_region,velyka_lepetykha,1584.243,1056.719,0.0,physical_screen,3,False,False,9234.145833333334,2093.6458333333335,True
pp_nav_00984,barrier,77,west_coast_region,wenatchi,3486.5495,862.158,5.6494662391807005,physical_screen,1,False,False,2225.0208333333335,2091.1875,False
pp_nav_00985,navigable,19,west_coast_region,saleesh,579.891,200.905,0.0,physical_screen,3,False,False,2460.076923076923,2082.923076923077,False
pp_nav_00986,navigable,79,france_region,beaupreau,965.693,324.771,0.0,bounded_native_gap;physical_screen,3,False,False,7649.32,2083.52,True
pp_nav_00987,barrier,82,canada_region,matawin,533.223,183.555,0.0230865478515625,bounded_native_gap;physical_screen,5,False,False,4371.3125,2101.2083333333335,False
pp_nav_00988,navigable,80,france_region,saumur,772.433,267.9465,0.6487448773679527,physical_screen,5,False,False,7679.291666666667,2088.6041666666665,True
pp_nav_00989,navigable,76,manchuria_region,alchan,1083.401,301.2405,0.1940959930419922,physical_screen,5,False,False,13800.1875,2095.4166666666665,False
pp_nav_00990,navigable,82,france_region,beaupreau,965.18,324.09,0.22474727630615235,physical_screen,3,False,False,7639.895833333333,2087.9791666666665,True
pp_nav_00991,navigable,76,great_plains_region,matootonha,819.972,259.009,0.11585284362619687,physical_screen,3,False,False,3089.375,2091.8958333333335,False
pp_nav_00992,navigable,61,france_region,machecoul,997.415,332.4005,0.0,mouth_alignment_snap;physical_screen,3,False,False,7611.055555555556,2095.3888888888887,True
pp_nav_00993,barrier,24,france_region,chinon,522.02,179.067,2.8394930523609716,physical_screen,3,False,False,7700.8,2093.8,False
pp_nav_00994,navigable,79,steppes_region,yenotayevka,8147.132,2641.597,0.008249563019539817,physical_screen,5,False,False,9842.395833333334,2102.6041666666665,True
pp_nav_00995,navigable,87,manchuria_region,futi,2161.711,748.859,0.08472571474005118,physical_screen,4,False,False,13683.833333333334,2095.125,False
pp_nav_00996,improvable,81,steppes_region,azok,954.9685,285.6295,0.47383786890369334,physical_screen,3,False,False,9496.6875,2098.4375,True
pp_nav_00997,navigable,78,carpathia_region,szolnok,582.0375,227.00549999999998,0.16477508544921876,physical_screen,3,False,False,8608.541666666666,2108.0833333333335,False
pp_nav_00998,navigable,77,great_plains_region,matootonha,807.568,264.686,0.047920879607650596,physical_screen,3,False,False,3095.4375,2113.4791666666665,False
pp_nav_00999,navigable,78,great_plains_region,ruhptare,807.511,264.663,0.047920879607650596,physical_screen,1,False,False,3100.6875,2113.5625,False
pp_nav_01000,navigable,64,manchuria_region,futi,2141.986,725.729,0.19519500732421874,physical_screen,4,False,False,13649.341463414634,2100.829268292683,False
pp_nav_01001,navigable,82,carpathia_region,adony,2321.404,1392.516,0.1847299336960427,physical_screen,4,False,False,8552.0,2116.5,False
pp_nav_01002,barrier,77,canada_region,opimika,663.495,470.397,0.0,bounded_native_gap;physical_screen,5,False,False,4080.0208333333335,2117.0208333333335,False
pp_nav_01003,barrier,82,west_coast_region,wanapum,3493.9700000000003,857.495,1.9261619638880425,bounded_native_gap;physical_screen,4,False,False,2227.8541666666665,2122.0208333333335,False
pp_nav_01004,barrier,23,west_coast_region,wanapum,3491.064,853.973,3.5213009564502684,physical_screen,1,False,False,2230.6923076923076,2111.3076923076924,False
pp_nav_01005,navigable,78,steppes_region,aslan_horod,1500.103,1003.696,0.0,physical_screen,3,False,False,9213.666666666666,2120.6666666666665,True
pp_nav_01006,navigable,72,manchuria_region,alchan,832.855,235.469,0.0,bounded_native_gap;physical_screen,3,False,False,13791.291666666666,2126.9583333333335,False
pp_nav_01007,navigable,79,steppes_region,zamyany,8120.848,2634.485,0.0,physical_screen,5,False,False,9863.083333333334,2123.5833333333335,True
pp_nav_01008,navigable,79,manchuria_region,taizhou_jurchen,569.8295,134.413,0.0747406005859375,physical_screen,3,False,False,13319.541666666666,2124.7083333333335,False
pp_nav_01009,navigable,79,canada_region,kippawa,685.465,484.113,0.0,bounded_native_gap;physical_screen,1,False,False,4096.041666666667,2133.4583333333335,False
pp_nav_01010,improvable,80,canada_region,wachilmezi,12152.347,9091.685,0.0,bounded_native_gap;mouth_alignment_snap;physical_screen,5,False,False,4435.75,2128.8333333333335,True
pp_nav_01011,barrier,80,canada_region,shawinigan,650.4465,224.8675,2.190116119384766,physical_screen,3,False,False,4376.645833333333,2132.9791666666665,False
pp_nav_01012,navigable,77,carpathia_region,szeged,698.761,292.345,0.01312255859375,physical_screen,3,False,False,8607.5625,2137.4375,False
pp_nav_01013,improvable,78,canada_region,becaguimec,682.917,315.962,1.085435167430458,physical_screen,5,False,False,4609.104166666667,2139.9583333333335,False
pp_nav_01014,improvable,78,steppes_region,aslan_horod,1547.467,1019.302,0.21151142120361327,bounded_native_gap;physical_screen,5,False,False,9181.770833333334,2131.75,True
pp_nav_01015,improvable,78,west_coast_region,wanapum,3512.598,876.016,0.5259429931640625,physical_screen,4,False,False,2250.2083333333335,2135.7916666666665,False
pp_nav_01016,improvable,81,great_plains_region,ruhptare,842.833,280.019,0.375909423828125,physical_screen,1,False,False,3113.2708333333335,2143.3125,False
pp_nav_01017,barrier,80,west_coast_region,pa_lus_sa,1723.945,719.624,3.0976168110129954,physical_screen,3,False,False,2330.0833333333335,2133.75,False
pp_nav_01018,navigable,80,great_plains_region,matootonha,843.0685,280.183,0.0030731201171875,physical_screen,3,False,False,3108.3125,2143.1041666666665,False
pp_nav_01019,improvable,80,canada_region,mattawa,697.357,487.772,1.3133569779811218,physical_screen,3,False,False,4099.020833333333,2145.4791666666665,False
pp_nav_01020,navigable,78,canada_region,wolinak,11989.657,9049.936,0.009737777709960937,bounded_native_gap;physical_screen,5,False,False,4405.061224489796,2141.0204081632655,True
pp_nav_01021,navigable,82,carpathia_region,tolna,2322.9345,1341.627,0.12075135018747622,physical_screen,4,False,False,8549.75,2150.875,False
pp_nav_01022,improvable,77,west_coast_region,alpo_wa,1754.884,735.049,1.8432591821902307,physical_screen,3,False,False,2296.9583333333335,2140.5,False
pp_nav_01023,barrier,80,west_coast_region,hinsepu,1715.244,707.645,6.092625606561704,physical_screen,3,False,False,2355.6875,2148.1041666666665,False
pp_nav_01024,navigable,26,steppes_region,ordu_bazar,1555.662,1028.579,0.12116431951654194,physical_screen,5,False,False,9167.125,2137.375,True
pp_nav_01025,navigable,74,steppes_region,astrakhan,8103.126,2620.324,0.0790070001900149,physical_screen,5,False,False,9873.291666666666,2152.25,True
pp_nav_01026,navigable,84,manchuria_region,talaha,600.159,149.33,0.06562151364213956,physical_screen,3,False,False,13331.395833333334,2155.5208333333335,False
pp_nav_01027,navigable,29,east_coast_region,mackinac,2749.682,1569.867,0.0,physical_screen,4,False,False,3840.705882352941,2144.470588235294,True
pp_nav_01028,navigable,42,east_coast_region,mackinac,3364.142,2506.804,0.2161712646484375,physical_screen,4,False,False,3853.76,2149.24,True
pp_nav_01029,navigable,75,manchuria_region,alchan,815.453,221.75400000000002,0.038655853271484374,physical_screen,3,False,False,13783.5625,2156.9791666666665,False
pp_nav_01030,navigable,81,canada_region,mattawa,730.127,487.772,0.0,physical_screen,1,False,False,4121.770833333333,2153.0625,False
pp_nav_01031,improvable,79,west_coast_region,mamachatpam,3512.29,876.474,0.5121124267578125,bounded_native_gap;physical_screen,5,False,False,2266.8125,2160.4375,False
pp_nav_01032,improvable,25,west_coast_region,alpo_wa,1755.1399999999999,739.8615,0.7559441022367132,physical_screen,3,False,False,2281.5625,2155.0625,False
pp_nav_01033,navigable,69,manchuria_region,ilan_hala,1721.325,622.415,0.0,bounded_native_gap;physical_screen,5,False,False,13579.041666666666,2165.6875,False
pp_nav_01034,navigable,35,carpathia_region,kikinda,889.126,366.5715,0.0,physical_screen,3,False,False,8606.791666666666,2162.2916666666665,False
pp_nav_01035,navigable,85,canada_region,petawawa,742.1065,491.0885,0.0,physical_screen,3,False,False,4131.729166666667,2159.3541666666665,False
pp_nav_01036,barrier,75,canada_region,petawawa,810.881,522.5675,3.99835205078125,physical_screen,1,False,False,4156.645833333333,2161.6041666666665,False
pp_nav_01037,navigable,84,canada_region,meductic,764.875,355.7615,0.0,physical_screen,3,False,False,4619.0,2171.14,False
pp_nav_01038,improvable,77,west_coast_region,chinook,7514.721,3933.9300000000003,0.4693633556365967,physical_screen,4,False,False,2082.0416666666665,2166.125,True
pp_nav_01039,navigable,77,great_plains_region,marapa,867.1265,292.435,0.0,physical_screen,3,False,False,3113.2916666666665,2176.7916666666665,False
pp_nav_01040,navigable,92,great_plains_region,marapa,866.278,292.748,0.027764779550278406,physical_screen,1,False,False,3119.68,2178.7,False
pp_nav_01041,navigable,38,east_coast_region,mackinac,4476.72,3870.886,0.0,physical_screen,4,False,False,3863.782608695652,2168.217391304348,True
pp_nav_01042,navigable,75,canada_region,petawawa,826.271,525.36,0.15485835961032865,physical_screen,3,False,False,4164.229166666667,2171.7708333333335,False
pp_nav_01043,barrier,81,west_coast_region,wallowa,1205.0315,464.7825,0.9265777587890625,bounded_native_gap;physical_screen,5,False,False,2369.0416666666665,2178.2708333333335,False
pp_nav_01044,navigable,73,steppes_region,ikryanoye,8106.448,2615.641,0.08001377805345836,physical_screen,5,False,False,9859.416666666666,2181.4583333333335,True
pp_nav_01045,navigable,75,carpathia_region,mohacs,2269.96,1328.037,0.007917022705078125,physical_screen,4,False,False,8545.916666666666,2182.2083333333335,False
pp_nav_01046,navigable,82,west_coast_region,umatilla,5379.936,1728.597,0.34476060499064615,physical_screen,4,False,False,2260.6875,2178.9791666666665,False
pp_nav_01047,navigable,49,canada_region,petawawa,880.315,549.483,0.0,physical_screen,1,False,False,4177.1,2177.8,False
pp_nav_01048,navigable,60,manchuria_region,yiman,503.872,166.217,0.21225258670398092,bounded_native_gap;physical_screen,5,False,False,13773.526315789473,2178.2631578947367,False
pp_nav_01049,navigable,78,manchuria_region,shangjing,1565.83,577.4114999999999,0.00179443359375,bounded_native_gap;physical_screen,3,False,False,13470.916666666666,2178.2083333333335,False
pp_nav_01050,navigable,85,manchuria_region,shangjing,1586.744,587.801,0.1462127685546875,physical_screen,3,False,False,13502.104166666666,2178.5625,False
pp_nav_01051,navigable,82,west_coast_region,multnomah,7009.943,3733.288,0.0,physical_screen,5,False,False,2100.6666666666665,2192.5,True
pp_nav_01052,navigable,42,canada_region,oromocto,929.992,399.376,0.05085214538079766,physical_screen,1,False,False,4666.04,2179.32,False
pp_nav_01053,navigable,79,manchuria_region,ilan_hala,1622.984,593.36,0.040716552734375,physical_screen,3,False,False,13535.8125,2180.1458333333335,False
pp_nav_01054,navigable,47,manchuria_region,ilan_hala,1705.97,621.67,0.051476862613309984,physical_screen,3,False,False,13561.222222222223,2181.222222222222,False
pp_nav_01055,improvable,80,france_region,lyon,591.025,498.707,0.4737152099609375,physical_screen,5,False,False,7912.5,2189.375,False
pp_nav_01056,navigable,83,west_coast_region,umatilla,5405.161,1764.471,0.0,physical_screen,4,False,False,2225.4791666666665,2188.9791666666665,False
pp_nav_01057,navigable,78,canada_region,kinozhesipi,908.3985,560.4345000000001,0.0,bounded_native_gap;physical_screen,3,False,False,4188.625,2187.0416666666665,False
pp_nav_01058,navigable,81,canada_region,otnabog,938.456,399.956,0.05085214538079766,bounded_native_gap;physical_screen,3,False,False,4674.041666666667,2189.7083333333335,True
pp_nav_01059,navigable,8,canada_region,petawawa,881.124,549.796,0.0,physical_screen,3,False,False,4175.8,2185.2,False
pp_nav_01060,navigable,79,manchuria_region,hulawen,1359.2404999999999,515.2239999999999,0.0083282470703125,physical_screen,3,False,False,13441.645833333334,2193.6875,False
pp_nav_01061,improvable,72,west_coast_region,wallowa,829.6859999999999,245.42149999999998,2.399496459960938,physical_screen,3,False,False,2382.4583333333335,2204.5416666666665,False
pp_nav_01062,navigable,73,west_coast_region,tayxlama,5411.254,1796.592,0.0,physical_screen,5,False,False,2191.9166666666665,2195.7916666666665,False
pp_nav_01063,navigable,45,balkan_region,osijek,507.236,229.76,0.18981167170452742,bounded_native_gap;physical_screen,1,False,False,8539.518518518518,2198.4074074074074,False
pp_nav_01064,navigable,75,great_plains_region,marapa,895.618,303.277,0.027764779550278406,physical_screen,3,False,False,3119.9583333333335,2206.5833333333335,False
pp_nav_01065,improvable,80,west_coast_region,watlala,5736.246,2148.3455000000004,1.153299612803476,physical_screen,4,False,False,2153.0208333333335,2195.7291666666665,False
pp_nav_01066,improvable,82,canada_region,kinozhesipi,1026.938,612.92,1.1665943985077731,bounded_native_gap;physical_screen,5,False,False,4207.25,2205.8541666666665,False
pp_nav_01067,navigable,78,balkan_region,osijek,507.24,231.5775,0.1687467535209276,bounded_native_gap;physical_screen,5,False,False,8544.875,2202.5416666666665,False
pp_nav_01068,improvable,17,west_coast_region,wishram,5610.792,1991.462,1.374017133321796,physical_screen,4,False,False,2172.5555555555557,2200.222222222222,False
pp_nav_01069,barrier,17,canada_region,menahkwesk,1088.902,437.141,8.661123657226563,physical_screen,1,False,False,4686.090909090909,2200.818181818182,False
pp_nav_01070,navigable,76,manchuria_region,hulawen,1266.7575,487.2975,0.04406473329441832,bounded_native_gap;physical_screen,5,False,False,13412.4375,2206.9791666666665,False
pp_nav_01071,barrier,80,canada_region,onontchataronon,1776.087,923.476,0.22646560668945312,bounded_native_gap;physical_screen,3,False,False,4276.854166666667,2201.2291666666665,False
pp_nav_01072,barrier,63,west_coast_region,watlala,5814.603,2237.216,2.6627894401550294,bounded_native_gap;physical_screen,5,False,False,2122.4358974358975,2203.230769230769,False
pp_nav_01073,navigable,83,manchuria_region,huolin,660.9639999999999,240.368,0.00398406982421875,bounded_native_gap;physical_screen,5,False,False,13356.145833333334,2209.5208333333335,False
pp_nav_01074,navigable,78,france_region,tournon,1123.951,694.719,0.0,physical_screen,3,False,False,7908.354166666667,2217.3541666666665,False
pp_nav_01075,improvable,52,canada_region,menahkwesk,1106.601,446.022,0.550037682056427,bounded_native_gap;physical_screen,5,False,False,4678.611111111111,2213.222222222222,True
pp_nav_01076,navigable,77,carpathia_region,titel,901.116,393.105,0.007514039256825697,physical_screen,5,False,False,8610.291666666666,2219.2916666666665,False
pp_nav_01077,improvable,78,canada_region,kitchissippi,1155.004,661.646,0.20733592050055893,bounded_native_gap;physical_screen,5,False,False,4242.291666666667,2211.2708333333335,False
pp_nav_01078,navigable,80,balkan_region,ilok,2789.513,1597.044,0.0,physical_screen,4,False,False,8559.479166666666,2217.0208333333335,False
pp_nav_01079,navigable,61,balkan_region,tulcea,6745.098,4014.873,0.0025693931285960133,mouth_alignment_snap;physical_screen,5,False,False,9031.365853658537,2209.4634146341464,True
pp_nav_01080,navigable,83,manchuria_region,boduna,1257.215,482.462,0.13980240855785403,physical_screen,5,False,False,13382.531914893618,2211.744680851064,False
pp_nav_01081,barrier,76,west_coast_region,atfalati,824.719,194.39,0.10066607691164937,bounded_native_gap;physical_screen,5,False,False,2100.4375,2218.5833333333335,False
pp_nav_01082,navigable,12,canada_region,kitchissippi,1150.6439999999998,660.9114999999999,0.0,physical_screen,3,False,False,4225.75,2207.75,False
pp_nav_01083,navigable,78,balkan_region,isaccea,6535.353,3870.4440000000004,0.03782560040202513,bounded_native_gap;physical_screen,5,False,False,8973.208333333334,2216.0833333333335,False
pp_nav_01084,navigable,81,balkan_region,tulcea,6747.2605,4015.7960000000003,0.024812616657205827,physical_screen,4,False,False,9024.1875,2215.0625,False
pp_nav_01085,navigable,77,manchuria_region,boduna,522.557,112.287,0.0867767333984375,physical_screen,3,False,False,13374.8125,2229.9375,False
pp_nav_01086,navigable,74,balkan_region,gradiski_brod,531.4385,211.35000000000002,0.05851593017578125,physical_screen,3,False,False,8471.9375,2226.1041666666665,False
pp_nav_01087,navigable,60,balkan_region,isaccea,6752.781,4005.983,0.013105502806520303,physical_screen,4,False,False,8997.555555555555,2223.0555555555557,False
pp_nav_01088,barrier,73,west_coast_region,kamiahpu,819.728,240.589,5.31784450250995,physical_screen,3,False,False,2371.125,2237.9166666666665,False
pp_nav_01089,navigable,80,great_plains_region,cerwecerna,910.741,311.089,0.025325659058899688,physical_screen,3,False,False,3120.1458333333335,2238.1458333333335,False
pp_nav_01090,navigable,33,balkan_region,gradiski_brod,520.246,207.004,0.0,physical_screen,3,False,False,8465.25,2227.25,False
pp_nav_01091,navigable,79,carpathia_region,viziru,6235.68,3720.507,0.0,physical_screen,4,False,False,8960.125,2241.4166666666665,False
pp_nav_01092,navigable,85,balkan_region,petrovaradin,2789.597,1599.6585,0.10660400390625,physical_screen,4,False,False,8588.708333333334,2226.3333333333335,False
pp_nav_01093,navigable,31,balkan_region,enisala,6749.093,4016.719,0.024812616657205827,physical_screen,5,False,False,9009.888888888889,2226.6111111111113,False
pp_nav_01094,navigable,22,balkan_region,tulcea,6745.018,3982.709,0.0,physical_screen,5,False,False,9038.153846153846,2226.153846153846,True
pp_nav_01095,navigable,76,west_coast_region,atfalati,709.542,166.761,0.2879364013671875,bounded_native_gap;physical_screen,5,False,False,2085.1632653061224,2242.204081632653,False
pp_nav_01096,navigable,79,balkan_region,glaz,740.576,324.592,0.2516204833984375,physical_screen,3,False,False,8496.145833333334,2230.9791666666665,False
pp_nav_01097,navigable,85,italy_region,piacenza,1098.654,663.544,0.13060760498046875,physical_screen,3,False,False,8129.02,2233.46,True
pp_nav_01098,navigable,81,balkan_region,doboj,898.22,417.659,0.184490966796875,bounded_native_gap;physical_screen,5,False,False,8523.270833333334,2234.5,False
pp_nav_01099,navigable,83,italy_region,parma,1399.278,821.058,0.2652434295046221,physical_screen,3,False,False,8154.583333333333,2239.0416666666665,True
pp_nav_01100,navigable,52,balkan_region,glaz,688.084,293.155,0.0,physical_screen,5,False,False,8491.838709677419,2233.3870967741937,False
pp_nav_01101,navigable,84,italy_region,guastalla,1615.918,1006.648,0.26657676696777344,bounded_native_gap;physical_screen,5,False,False,8183.875,2238.3958333333335,True
pp_nav_01102,navigable,76,balkan_region,petrovaradin,3708.879,2025.723,0.0,physical_screen,5,False,False,8616.9375,2246.3125,False
pp_nav_01103,improvable,79,east_coast_region,ahkwesasne_ny,7853.019,7100.348,0.031721878051757815,bounded_native_gap;physical_screen,5,False,False,4282.416666666667,2241.3125,True
pp_nav_01104,barrier,72,france_region,privas,1357.891,765.583,0.5987967759260707,bounded_native_gap;physical_screen,3,False,False,7908.729166666667,2251.8958333333335,False
pp_nav_01105,navigable,78,france_region,bordeaux,658.371,199.267,0.03921660000676741,mouth_alignment_snap;physical_screen,3,False,False,7668.75,2254.3333333333335,True
pp_nav_01106,improvable,12,italy_region,alessandria,583.284,364.884,0.3474342346191406,bounded_native_gap;physical_screen,5,False,False,8090.875,2238.375,False
pp_nav_01107,navigable,82,balkan_region,teocak,1091.139,484.047,0.0,physical_screen,3,False,False,8550.770833333334,2245.5625,False
pp_nav_01108,navigable,82,italy_region,ferrara,1773.599,1153.792,0.038180413143678336,physical_screen,3,False,False,8216.5,2243.5,True
pp_nav_01109,navigable,61,italy_region,comacchio,1820.493,1215.595,0.038180413143678336,physical_screen,3,False,False,8245.314285714287,2241.457142857143,True
pp_nav_01110,improvable,79,balkan_region,sabac,1440.523,589.043,0.0,bounded_native_gap;physical_screen,5,False,False,8581.833333333334,2247.1875,False
pp_nav_01111,navigable,83,manchuria_region,boduna,529.488,115.619,0.0688049479940808,physical_screen,3,False,False,13402.020833333334,2247.1875,False
pp_nav_01112,navigable,73,east_coast_region,kaniatarahontsi,7839.437,7087.038,0.0,bounded_native_gap;physical_screen,5,False,False,4253.0625,2258.7083333333335,True
pp_nav_01113,improvable,78,balkan_region,branicevo,5485.542,3320.926,0.40922738998000774,physical_screen,5,False,False,8667.895833333334,2253.2083333333335,False
pp_nav_01114,navigable,66,khorasan_region,kamyskala,591.723,186.757,0.11838554951183256,physical_screen,3,False,False,10679.846153846154,2257.025641025641,False
pp_nav_01115,improvable,78,balkan_region,smederevo,5232.943,3170.471,0.184820556640625,bounded_native_gap;physical_screen,4,False,False,8636.895833333334,2257.9375,False
pp_nav_01116,navigable,77,great_plains_region,cerwecerna,966.175,326.509,0.0,bounded_native_gap;physical_screen,5,False,False,3108.25,2259.4375,False
pp_nav_01117,navigable,41,balkan_region,branicevo,5473.998,3341.802,0.0738186012914592,physical_screen,4,False,False,8660.28,2254.12,False
pp_nav_01118,navigable,77,west_coast_region,nyssa,736.274,218.353,0.0,physical_screen,3,False,False,2356.0208333333335,2269.1458333333335,False
pp_nav_01119,navigable,79,great_plains_region,wapkawazioju,667.022,555.061,0.04956989729416322,physical_screen,3,False,False,3477.75,2266.75,False
pp_nav_01120,improvable,64,balkan_region,debrc,1452.992,594.538,0.45388336181640626,physical_screen,3,False,False,8604.405405405405,2259.837837837838,False
pp_nav_01121,improvable,73,balkan_region,visesav,5504.062,3276.549,1.0896560668945312,physical_screen,4,False,False,8710.833333333334,2264.25,False
pp_nav_01122,navigable,77,carpathia_region,orasul_de_floci,6007.942,3567.52,0.0,physical_screen,4,False,False,8965.5625,2273.3958333333335,False
pp_nav_01123,barrier,66,balkan_region,kucevo,5490.33,3271.23,3.0440155029296876,physical_screen,4,False,False,8688.74358974359,2266.5128205128203,False
pp_nav_01124,improvable,76,france_region,bazas,607.777,176.145,0.8308041272041473,physical_screen,3,False,False,7693.431818181818,2273.2045454545455,True
pp_nav_01125,barrier,80,france_region,viviers,1418.107,778.691,0.5896137250695699,bounded_native_gap;physical_screen,3,False,False,7903.274509803921,2282.5686274509803,False
pp_nav_01126,navigable,82,balkan_region,visesav,5524.2285,3273.343,0.33147735595703126,physical_screen,4,False,False,8718.020833333334,2275.8958333333335,False
pp_nav_01127,navigable,39,east_coast_region,nikahionhwakowa,7737.152,7019.04,0.0,physical_screen,4,False,False,4236.2962962962965,2277.296296296296,True
pp_nav_01128,navigable,84,great_plains_region,shichah,980.007,330.359,0.0,physical_screen,3,False,False,3122.4375,2280.2708333333335,False
pp_nav_01129,navigable,80,great_plains_region,hahawakpa,957.874,802.187,0.32136226243409094,bounded_native_gap;physical_screen,3,False,False,3504.8958333333335,2287.6041666666665,False
pp_nav_01130,improvable,74,west_coast_region,nyssa,659.364,194.827,0.4412353515625,bounded_native_gap;physical_screen,5,False,False,2362.9375,2296.5416666666665,False
pp_nav_01131,navigable,78,balkan_region,vidin,5548.402,3252.523,0.0,physical_screen,4,False,False,8730.9375,2297.2708333333335,False
pp_nav_01132,navigable,83,great_plains_region,shichah,987.105,336.461,0.059832281967385374,physical_screen,3,False,False,3148.2083333333335,2294.0,False
pp_nav_01133,navigable,83,balkan_region,drastar,5952.666,3509.932,0.0,physical_screen,5,False,False,8945.1875,2292.4375,False
pp_nav_01134,improvable,75,france_region,uzes,1504.713,800.189,0.5896137250695699,bounded_native_gap;physical_screen,3,False,False,7907.958333333333,2301.625,False
pp_nav_01135,improvable,58,balkan_region,drastar,5943.567,3515.515,0.3647104263305664,physical_screen,5,False,False,8918.918918918918,2293.837837837838,False
pp_nav_01136,navigable,84,balkan_region,tutrakan,5943.542,3514.0335,0.2848371505737305,bounded_native_gap;physical_screen,5,False,False,8914.5625,2297.8333333333335,False
pp_nav_01137,navigable,77,great_plains_region,kaya_paha,990.524,341.952,0.0,physical_screen,3,False,False,3163.1666666666665,2310.0416666666665,False
pp_nav_01138,barrier,78,great_plains_region,hahawakpa,1035.882,863.743,0.3014607134049454,bounded_native_gap;physical_screen,3,False,False,3528.6666666666665,2311.5,False
pp_nav_01139,navigable,79,balkan_region,ruse,5845.892,3468.874,0.20848388671875,physical_screen,4,False,False,8879.145833333334,2308.6458333333335,False
pp_nav_01140,navigable,17,east_coast_region,sagadahoc,629.217,392.85,0.14200434684753419,physical_screen,3,False,False,4511.0,2310.5,True
pp_nav_01141,navigable,84,balkan_region,lom,5532.0705,3231.904,0.0,physical_screen,4,False,False,8743.416666666666,2314.6666666666665,False
pp_nav_01142,navigable,81,east_coast_region,enookwasaneenah,1085.286,876.949,0.27348822069254,physical_screen,1,False,False,3538.8125,2326.4375,False
pp_nav_01143,navigable,8,west_coast_region,nyssa,537.6675,152.7625,0.0,physical_screen,3,False,False,2362.0,2313.5,False
pp_nav_01144,navigable,85,balkan_region,oryahovo,5550.763,3242.571,0.0070708106186239085,physical_screen,4,False,False,8779.708333333334,2320.7916666666665,False
pp_nav_01145,improvable,81,balkan_region,nikopol,5773.813,3414.9195,0.17962521682275576,bounded_native_gap;physical_screen,5,False,False,8825.479166666666,2321.4583333333335,False
pp_nav_01146,navigable,37,balkan_region,gigen,5593.208,3287.744,0.12984465038207743,physical_screen,5,False,False,8805.291666666666,2321.625,False
pp_nav_01147,navigable,79,balkan_region,cherven,5809.682,3425.835,0.2164298585763011,physical_screen,5,False,False,8856.520833333334,2323.8541666666665,False
pp_nav_01148,navigable,49,balkan_region,nikopol,5778.544,3411.047,0.17537498474121094,physical_screen,4,False,False,8837.379310344828,2325.310344827586,False
pp_nav_01149,navigable,16,balkan_region,nikopol,5778.683499999999,3413.0355,0.10165176391601563,physical_screen,5,False,False,8843.1,2323.4,False
pp_nav_01150,navigable,79,great_plains_region,kaya_paha,1016.913,351.993,0.09440221221546843,physical_screen,3,False,False,3171.2916666666665,2338.0416666666665,False
pp_nav_01151,navigable,78,great_plains_region,penaca,1120.754,887.7045,0.09599962979128085,physical_screen,3,False,False,3538.375,2344.9583333333335,False
pp_nav_01152,navigable,81,khorasan_region,artyk_ata,666.612,202.2905,0.1516815185546875,physical_screen,5,False,False,10771.1875,2344.6875,False
pp_nav_01153,navigable,23,east_coast_region,kiwigapawa,1122.981,888.6210000000001,0.0,physical_screen,1,False,False,3545.0714285714284,2347.1428571428573,False
pp_nav_01154,barrier,56,canada_region,niagara,8716.061,7879.969,2.3075566797068516,niagara;physical_screen,1,False,False,4095.3030303030305,2360.3636363636365,False
pp_nav_01155,barrier,57,canada_region,niagara,8716.061,7879.969,0.29295949910430397,niagara,5,False,False,4091.2727272727275,2362.0,False
pp_nav_01156,navigable,81,great_plains_region,kaya_paha,1028.712,359.453,0.06405029296875,physical_screen,3,False,False,3195.2916666666665,2361.2083333333335,False
pp_nav_01157,navigable,82,khorasan_region,qonirat,1589.147,332.658,0.12709094087519007,physical_screen,3,False,False,10384.395833333334,2367.1458333333335,False
pp_nav_01158,navigable,81,khorasan_region,zemukh,602.425,193.113,0.14864501953125,physical_screen,3,False,False,10787.270833333334,2369.9791666666665,False
pp_nav_01159,navigable,83,great_plains_region,penaca,1436.02,1105.106,0.0,bounded_native_gap;physical_screen,5,False,False,3543.4166666666665,2378.2916666666665,False
pp_nav_01160,navigable,64,east_coast_region,osaakiiwaki,9174.909,8509.186,0.08911590576171874,physical_screen,5,False,False,3935.15,2376.95,True
pp_nav_01161,improvable,85,great_plains_region,aowa,950.348,339.833,0.44666748046875,physical_screen,5,False,False,3258.0208333333335,2377.3125,False
pp_nav_01162,improvable,78,great_plains_region,niobrara,1034.129,365.029,0.6702710185487524,physical_screen,3,False,False,3223.4791666666665,2378.3541666666665,False
pp_nav_01163,navigable,12,great_plains_region,aowa,985.933,351.64,0.0,physical_screen,3,False,False,3241.5,2378.0,False
pp_nav_01164,navigable,78,great_plains_region,aowa,1008.619,390.625,0.13199320156758398,physical_screen,5,False,False,3285.25,2391.7708333333335,False
pp_nav_01165,navigable,81,khorasan_region,xojeli,1591.588,332.546,0.07764969142267741,physical_screen,3,False,False,10396.291666666666,2397.6666666666665,False
pp_nav_01166,navigable,82,khorasan_region,zemukh,562.62,184.75099999999998,0.11724820288518219,physical_screen,3,False,False,10796.604166666666,2401.9791666666665,False
pp_nav_01167,navigable,78,great_plains_region,wapsipinicon,1509.534,1135.34,0.186126628810481,physical_screen,3,False,False,3566.0208333333335,2403.1458333333335,False
pp_nav_01168,navigable,81,great_plains_region,aowa,1088.1729999999998,431.8315,0.36458129882812496,physical_screen,3,False,False,3302.5,2414.6666666666665,False
pp_nav_01169,navigable,47,canada_region,ganatchio,9262.448499999999,8548.254,0.034014892578125,bounded_native_gap;physical_screen,5,False,False,3909.0714285714284,2412.5714285714284,True
pp_nav_01170,navigable,77,khorasan_region,nyzvar,1942.7185,399.28,0.13453832958933443,physical_screen,3,False,False,10421.5625,2415.3958333333335,False
pp_nav_01171,navigable,81,east_coast_region,ponkhockie,589.301,310.775,0.0,physical_screen,3,False,False,4324.5,2429.4583333333335,True
pp_nav_01172,navigable,81,great_plains_region,wapsipinicon,1578.234,1164.875,0.01900701529244301,physical_screen,3,False,False,3581.8333333333335,2431.375,False
pp_nav_01173,navigable,78,khorasan_region,zhaushikumtobe,553.775,184.459,0.0293853759765625,physical_screen,3,False,False,10791.75,2435.3333333333335,False
pp_nav_01174,navigable,81,khorasan_region,kyat_kala,1951.2759999999998,400.477,0.17500762939453124,physical_screen,3,False,False,10443.75,2439.75,False
pp_nav_01175,navigable,74,great_plains_region,omaha,1150.409,461.1365,0.1248016357421875,physical_screen,3,False,False,3313.125,2446.25,False
pp_nav_01176,improvable,86,east_coast_region,nehantuck,576.398,352.476,0.0,bounded_native_gap;physical_screen,3,False,False,4386.21568627451,2457.725490196078,True
pp_nav_01177,improvable,78,east_coast_region,ahsenisiipi,1630.834,1192.942,0.01900701529244301,bounded_native_gap;physical_screen,5,False,False,3568.2291666666665,2459.5416666666665,False
pp_nav_01178,navigable,81,east_coast_region,tappan,712.6769999999999,387.9445,0.17258969533759247,physical_screen,3,False,False,4322.125,2469.6666666666665,True
pp_nav_01179,navigable,76,khorasan_region,hazarasp,1969.157,393.916,0.19942626953125,physical_screen,3,False,False,10467.5625,2463.9375,False
pp_nav_01180,navigable,79,khorasan_region,zhaushikumtobe,546.6025,160.643,0.021570690656143605,physical_screen,3,False,False,10788.208333333334,2470.4583333333335,False
pp_nav_01181,navigable,79,great_plains_region,omaha,1182.259,472.398,0.144659423828125,bounded_native_gap;physical_screen,5,False,False,3322.0833333333335,2475.875,False
pp_nav_01182,barrier,51,west_coast_region,oohl,551.666,133.267,5.664698791503906,physical_screen,3,False,False,2050.3333333333335,2473.1666666666665,False
pp_nav_01183,navigable,77,great_plains_region,coiracoentanon,1877.563,1308.543,0.20064494871663058,bounded_native_gap;physical_screen,4,False,False,3545.6875,2476.8958333333335,False
pp_nav_01184,improvable,63,iberia_region,flix,647.0985000000001,218.865,1.5955020904541015,physical_screen,3,False,False,7711.472222222223,2479.4166666666665,False
pp_nav_01185,barrier,86,iberia_region,lamego,530.72,85.525,3.630804443359375,bounded_native_gap;physical_screen,5,False,False,7313.666666666667,2487.625,False
pp_nav_01186,navigable,8,iberia_region,lamego,509.465,81.11,0.0,physical_screen,3,False,False,7334.0,2484.0,False
pp_nav_01187,navigable,76,khorasan_region,chach,589.425,152.715,0.0,physical_screen,3,False,False,10804.906976744185,2490.093023255814,False
pp_nav_01188,navigable,35,east_coast_region,hackensack,749.974,423.4,0.2615799436871506,physical_screen,3,False,False,4323.681818181818,2498.181818181818,True
pp_nav_01189,navigable,85,great_plains_region,nemaha,1494.036,594.304,0.251226806640625,physical_screen,5,False,False,3327.2291666666665,2510.6041666666665,False
pp_nav_01190,navigable,76,great_plains_region,moingwena,2202.244,1454.475,0.0015665541438173287,bounded_native_gap;physical_screen,5,False,False,3540.8333333333335,2507.9375,False
pp_nav_01191,navigable,76,north_china_region,aerzhai,742.422,313.68,0.2053332858694622,physical_screen,3,False,False,12599.833333333334,2502.125,False
pp_nav_01192,navigable,82,north_china_region,aerzhai,742.625,318.0955,0.09818115234375,physical_screen,3,False,False,12629.104166666666,2510.3958333333335,False
pp_nav_01193,navigable,76,east_coast_region,juniata,863.352,361.872,0.32503509521484375,physical_screen,3,False,False,4188.551020408163,2515.7755102040815,False
pp_nav_01194,navigable,19,north_china_region,aerzhai,742.552,315.496,0.18721735710064477,physical_screen,3,False,False,12606.5,2503.0,False
pp_nav_01195,navigable,76,north_china_region,aerzhai,742.278,309.375,0.14647046618562318,physical_screen,3,False,False,12576.229166666666,2518.5208333333335,False
pp_nav_01196,barrier,8,east_coast_region,allegheny,1114.789,474.848,3.27918701171875,physical_screen,1,False,False,4027.0,2513.5,False
pp_nav_01197,improvable,79,east_coast_region,allegheny,1108.812,472.441,1.6644913423262833,physical_screen,3,False,False,4030.7916666666665,2517.875,False
pp_nav_01198,navigable,80,khorasan_region,darganata,1977.74,397.626,0.12669054177257694,physical_screen,3,False,False,10524.1875,2527.0625,False
pp_nav_01199,improvable,61,east_coast_region,allegheny,574.317,227.01,1.0042890768070791,physical_screen,5,False,False,4054.0,2522.3658536585367,False
pp_nav_01200,improvable,82,great_plains_region,wyaconda,2562.12,1655.558,0.013397216796875,bounded_native_gap;physical_screen,5,False,False,3525.9375,2535.125,False
pp_nav_01201,navigable,80,north_china_region,hebin,747.324,327.706,0.04281005859375,physical_screen,3,False,False,12704.588235294117,2523.294117647059,False
pp_nav_01202,navigable,79,east_coast_region,captina,1177.773,497.296,0.1713165283203125,physical_screen,3,False,False,4016.9583333333335,2539.0833333333335,False
pp_nav_01203,navigable,84,north_china_region,hebin,743.4515,320.322,0.081329345703125,physical_screen,3,False,False,12660.270833333334,2523.5208333333335,False
pp_nav_01204,navigable,64,north_china_region,hebin,745.894,324.762,0.01622314453125,physical_screen,3,False,False,12687.975,2523.8,False
pp_nav_01205,navigable,57,east_coast_region,connatachequa,1011.94,469.27,0.0,physical_screen,3,False,False,4186.621621621622,2532.972972972973,False
pp_nav_01206,navigable,83,great_plains_region,nemaha,1528.089,610.8915,0.20587283584381066,physical_screen,3,False,False,3340.4375,2541.6458333333335,False
pp_nav_01207,navigable,80,north_china_region,hebin,751.869,329.54949999999997,0.101416015625,physical_screen,3,False,False,12728.791666666666,2535.2916666666665,False
pp_nav_01208,navigable,75,north_china_region,aerzhai,742.738,310.9755,0.1648193359375,physical_screen,3,False,False,12556.75,2545.25,False
pp_nav_01209,navigable,73,north_china_region,hebin,768.114,334.964,0.0,physical_screen,3,False,False,12754.395833333334,2545.5208333333335,False
pp_nav_01210,navigable,72,east_coast_region,peoria,536.649,269.451,0.01775009030995454,bounded_native_gap;physical_screen,3,False,False,3576.2083333333335,2549.7083333333335,False
pp_nav_01211,navigable,8,caucasus_region,lemberan,500.052,147.32,0.3467361829401215,physical_screen,3,False,False,9851.2,2538.8,False
pp_nav_01212,improvable,82,khorasan_region,daya_kathyn,1979.5774999999999,399.1755,0.5718808541922179,physical_screen,3,False,False,10535.895833333334,2559.8541666666665,False
pp_nav_01213,improvable,33,korea_region,uiju,595.7115,76.13050000000001,0.027098894119262695,mouth_alignment_snap;physical_screen,3,False,True,13353.318181818182,2551.4545454545455,True
pp_nav_01214,navigable,8,east_coast_region,attaock,1101.173,538.116,0.0,physical_screen,1,False,False,4205.5,2550.0,False
pp_nav_01215,navigable,80,east_coast_region,attaock,1121.2,551.3515,0.0,physical_screen,3,False,False,4210.395833333333,2562.1041666666665,True
pp_nav_01216,navigable,80,great_plains_region,oahaha,2658.801,1723.539,0.030241615914989566,physical_screen,4,False,False,3530.1875,2569.8125,False
pp_nav_01217,navigable,82,great_plains_region,shuntaneshnanga,1563.676,635.607,0.1438232421875,physical_screen,3,False,False,3361.5625,2564.0625,False
pp_nav_01218,barrier,74,east_coast_region,muskingum,1240.1460000000002,516.357,3.13153076171875,physical_screen,3,False,False,4006.0625,2574.3958333333335,False
pp_nav_01219,navigable,78,north_china_region,ningbian,775.603,336.77,0.07772998528695413,physical_screen,3,False,False,12761.875,2576.9166666666665,False
pp_nav_01220,navigable,86,caucasus_region,salyan,700.179,203.555,0.14676322937011718,physical_screen,3,False,False,9920.791666666666,2578.875,False
pp_nav_01221,navigable,79,west_china_region,dingyuan_lingzhou,743.014,313.46,0.2500732421875,physical_screen,3,False,False,12550.395833333334,2579.2291666666665,False
pp_nav_01222,navigable,80,east_coast_region,macoupin,790.402,392.87199999999996,0.0,physical_screen,3,False,False,3563.9375,2581.7708333333335,False
pp_nav_01223,improvable,32,east_coast_region,wicontiss,1153.107,568.894,1.7177993774414062,physical_screen,1,False,False,4224.421052631579,2574.5789473684213,True
pp_nav_01224,navigable,76,great_plains_region,shuntaneshnanga,1614.372,658.401,0.1701629638671875,physical_screen,3,False,False,3364.3541666666665,2587.9791666666665,False
pp_nav_01225,navigable,81,khorasan_region,daya_kathyn,1998.4315000000001,409.587,0.30581314285953787,physical_screen,4,False,False,10555.604166666666,2587.1041666666665,False
pp_nav_01226,improvable,19,east_coast_region,wicontiss,1170.533,578.42,1.7177993774414062,physical_screen,3,False,False,4223.0,2579.5,True
pp_nav_01227,navigable,76,great_plains_region,oahaha,2738.967,1796.31,0.13909500384015488,bounded_native_gap;physical_screen,4,False,False,3551.3125,2596.1875,False
pp_nav_01228,improvable,78,east_coast_region,onimgohow,1277.5410000000002,529.972,0.5395040841475875,physical_screen,5,False,False,3983.25,2595.1875,False
pp_nav_01229,navigable,75,north_china_region,hequ,779.687,337.01,0.0,physical_screen,3,False,False,12751.104166666666,2603.3125,False
pp_nav_01230,navigable,81,great_plains_region,nudarcha,2033.619,899.037,0.16779196737892518,bounded_native_gap;physical_screen,5,False,False,3447.7291666666665,2598.0416666666665,False
pp_nav_01231,navigable,24,great_plains_region,emasulia,2263.855,1045.635,0.0,physical_screen,1,False,False,3463.8,2601.4,False
pp_nav_01232,navigable,77,west_china_region,dingyuan_lingzhou,753.358,323.994,0.14385859005700974,physical_screen,3,False,False,12551.729166666666,2615.8125,False
pp_nav_01233,navigable,81,khorasan_region,amol_turkmenabad,1978.785,412.4145,0.22422154175849685,physical_screen,3,False,False,10582.208333333334,2607.2916666666665,False
pp_nav_01234,navigable,80,great_plains_region,nudarcha,2017.386,902.184,0.2942779541015625,physical_screen,4,False,False,3420.0,2604.9583333333335,False
pp_nav_01235,navigable,77,great_plains_region,kansas,1977.6385,867.785,0.0,physical_screen,5,False,False,3384.4791666666665,2606.3125,False
pp_nav_01236,navigable,80,east_coast_region,macoupin,838.614,423.244,0.1662353515625,physical_screen,5,False,False,3568.1041666666665,2616.1875,False
pp_nav_01237,improvable,80,great_plains_region,emasulia,2272.723,1045.506,0.2882048627960302,bounded_native_gap;physical_screen,4,False,False,3465.5208333333335,2615.2291666666665,False
pp_nav_01238,navigable,79,east_coast_region,ethapetha,1668.388,688.19,0.0,physical_screen,3,False,False,3965.0416666666665,2615.5833333333335,False
pp_nav_01239,improvable,11,great_plains_region,nudarcha,1993.053,880.931,0.8719635009765625,physical_screen,3,False,False,3400.8571428571427,2606.1428571428573,False
pp_nav_01240,improvable,77,east_coast_region,cuttawba,3005.434,1281.632,0.34994236474195073,bounded_native_gap;physical_screen,5,False,False,3843.25,2614.0833333333335,False
pp_nav_01241,navigable,77,east_coast_region,oheyandewa,3259.382,1396.944,0.0,physical_screen,4,False,False,3825.6458333333335,2622.3541666666665,False
pp_nav_01242,navigable,30,great_plains_region,tamaroa,2752.813,1812.474,0.20003662109375,physical_screen,4,False,False,3561.1052631578946,2618.2105263157896,False
pp_nav_01243,improvable,74,east_coast_region,ethapetha,1684.13,693.791,0.5370208740234375,physical_screen,5,False,False,3951.8541666666665,2625.4375,False
pp_nav_01244,navigable,80,khorasan_region,khoja_idat_kala,1808.4279999999999,383.535,0.16299578019673808,physical_screen,3,False,False,10604.375,2633.125,False
pp_nav_01245,navigable,76,north_china_region,baode,794.1469999999999,338.6485,0.18497314453125,physical_screen,3,False,False,12740.833333333334,2635.375,False
pp_nav_01246,navigable,74,great_plains_region,tamaroa,3589.922,2336.8779999999997,0.06418050199508957,physical_screen,5,False,False,3581.375,2627.6041666666665,False
pp_nav_01247,improvable,80,great_plains_region,emasulia,2374.5609999999997,1135.863,0.0,bounded_native_gap;physical_screen,4,False,False,3488.5208333333335,2637.1458333333335,False
pp_nav_01248,navigable,82,east_coast_region,cuttawba,2790.524,1190.095,0.0,physical_screen,4,False,False,3867.6458333333335,2633.3958333333335,False
pp_nav_01249,navigable,78,caucasus_region,keban,622.641,136.636,0.1112548828125,physical_screen,3,False,False,9443.5625,2637.0625,False
pp_nav_01250,navigable,77,great_plains_region,tamaroa,2972.559,1654.095,0.0541059512534423,physical_screen,4,False,False,3559.4583333333335,2638.6666666666665,False
pp_nav_01251,navigable,74,west_china_region,ningxia,755.97,328.48,0.0960693359375,physical_screen,3,False,False,12538.6875,2647.9791666666665,False
pp_nav_01252,barrier,80,east_coast_region,cuttawba,3515.705,1485.495,0.0,bounded_native_gap;physical_screen,5,False,False,3805.1875,2638.4166666666665,False
pp_nav_01253,improvable,83,east_coast_region,eskalapia,2512.239,1070.553,0.0,bounded_native_gap;physical_screen,5,False,False,3909.75,2638.4375,False
pp_nav_01254,improvable,42,east_coast_region,kanawha,507.976,261.476,1.2195299625662126,physical_screen,3,False,False,3958.6923076923076,2642.1153846153848,False
pp_nav_01255,improvable,81,great_plains_region,emasulia,2947.115,1634.746,0.0,bounded_native_gap;physical_screen,5,False,False,3524.6666666666665,2637.4583333333335,False
pp_nav_01256,navigable,31,east_coast_region,eskalapia,2740.749,1160.133,0.0,physical_screen,4,False,False,3889.2,2637.6,False
pp_nav_01257,improvable,81,east_coast_region,ouasioto,2254.458,981.943,0.4374786376953125,physical_screen,5,False,False,3938.6458333333335,2647.9583333333335,False
pp_nav_01258,navigable,74,great_plains_region,tamaroa,6487.118,4026.944,0.0,physical_screen,4,False,False,3578.6875,2653.4791666666665,False
pp_nav_01259,barrier,12,great_plains_region,emasulia,2809.288,1477.82,4.415127563476562,physical_screen,4,False,False,3504.3333333333335,2640.3333333333335,False
pp_nav_01260,navigable,13,east_coast_region,eskalapia,2469.253,1056.83,0.0,physical_screen,4,False,False,3924.0,2646.0,False
pp_nav_01261,navigable,81,khorasan_region,khoja_idat_kala,1762.451,392.746,0.20025504406840308,physical_screen,3,False,False,10625.166666666666,2660.3333333333335,False
pp_nav_01262,navigable,81,anatolia_region,malatya,669.62,148.468,0.0,physical_screen,3,False,False,9458.583333333334,2655.375,False
pp_nav_01263,navigable,76,east_coast_region,gichthanne,3520.557,1493.1444999999999,0.0,physical_screen,4,False,False,3785.25,2661.7916666666665,False
pp_nav_01264,navigable,77,north_china_region,hehe,813.903,342.3065,0.0,physical_screen,3,False,False,12725.75,2664.1666666666665,False
pp_nav_01265,navigable,77,east_coast_region,pawwikamsipi,901.9925000000001,406.363,0.117596435546875,physical_screen,5,False,False,3685.94,2667.68,False
pp_nav_01266,improvable,74,west_china_region,lingzhou,756.718,338.696,0.7485429588364898,physical_screen,3,False,False,12521.708333333334,2678.2083333333335,False
pp_nav_01267,improvable,77,anatolia_region,gerger,678.73,150.574,1.5432318801374083,physical_screen,3,False,False,9471.604166666666,2675.2916666666665,False
pp_nav_01268,navigable,82,east_coast_region,tywhapita,3654.358,1546.793,0.1659878692999184,physical_screen,4,False,False,3758.6666666666665,2675.5,False
pp_nav_01269,navigable,79,khorasan_region,kerki,1776.4535,391.5945,0.20619555851558258,physical_screen,3,False,False,10653.25,2680.25,False
pp_nav_01270,improvable,79,great_plains_region,chepoussa,6560.392,4129.628,0.17003173828125,bounded_native_gap;physical_screen,5,False,False,3592.4791666666665,2680.5416666666665,False
pp_nav_01271,navigable,32,west_coast_region,yashikumne,1179.516,102.261,0.07120429748308313,mouth_alignment_snap;physical_screen,3,False,True,2135.176470588235,2674.705882352941,True
pp_nav_01272,barrier,12,east_coast_region,tywhapita,3621.998,1534.238,0.5051854627388881,bounded_native_gap;physical_screen,4,False,False,3774.777777777778,2678.777777777778,False
pp_nav_01273,navigable,82,east_coast_region,tywhapita,3688.823,1558.101,0.0,physical_screen,4,False,False,3735.4166666666665,2684.4583333333335,False
pp_nav_01274,barrier,80,west_china_region,jiazhou,819.971,344.32399999999996,3.36163330078125,physical_screen,3,False,False,12730.083333333334,2696.3333333333335,False
pp_nav_01275,navigable,76,east_coast_region,mitchigamea,4053.7070000000003,1706.7424999999998,0.2457767278771737,physical_screen,5,False,False,3685.9166666666665,2688.2708333333335,False
pp_nav_01276,navigable,68,east_coast_region,aaboukingon,4039.8005000000003,1700.7845,0.0,bounded_native_gap;physical_screen,5,False,False,3703.2291666666665,2685.4791666666665,False
pp_nav_01277,improvable,82,khorasan_region,ragh,631.8235,85.201,0.5594543457031249,physical_screen,3,False,True,10885.6875,2698.4791666666665,False
pp_nav_01278,navigable,11,east_coast_region,gichthanne,3673.124,1552.18,0.2003762964390743,physical_screen,4,False,False,3748.4285714285716,2684.4285714285716,False
pp_nav_01279,navigable,27,east_coast_region,aaboukingon,3694.751,1569.229,0.0,physical_screen,4,False,False,3719.625,2688.875,False
pp_nav_01280,navigable,79,crescent_region,urfa,696.3325,154.463,0.0,physical_screen,3,False,False,9452.3125,2701.8125,False
pp_nav_01281,navigable,79,great_plains_region,chepoussa,6732.5655,4316.552,0.0,bounded_native_gap;physical_screen,5,False,False,3613.4166666666665,2705.8541666666665,False
pp_nav_01282,improvable,81,west_china_region,mingsha,758.904,344.10749999999996,0.361767578125,physical_screen,3,False,False,12501.5625,2705.5625,False
pp_nav_01283,navigable,80,east_coast_region,mitchigamea,5063.809,2165.867,0.0,physical_screen,4,False,False,3673.4583333333335,2708.3333333333335,False
pp_nav_01284,barrier,81,crescent_region,cizre,573.899,147.091,2.77737885954678,bounded_native_gap;physical_screen,3,False,False,9598.916666666666,2709.2916666666665,False
pp_nav_01285,navigable,79,khorasan_region,kerki,2058.831,455.231,0.1634908116445613,physical_screen,4,False,False,10675.958333333334,2701.625,False
pp_nav_01286,navigable,76,khorasan_region,qubodijon,720.527,96.7595,0.15868196041817803,physical_screen,5,False,True,10805.25,2718.5416666666665,False
pp_nav_01287,barrier,73,khorasan_region,araska,684.1469999999999,136.09699999999998,2.2570412658989816,physical_screen,3,False,False,10861.916666666666,2709.7083333333335,False
pp_nav_01288,navigable,76,north_china_region,lijin,1486.7440000000001,587.8425,0.12405451127376901,physical_screen,3,False,False,13072.0625,2712.6041666666665,True
pp_nav_01289,navigable,84,khorasan_region,khamyab,2069.878,449.879,0.1682131642922794,physical_screen,4,False,False,10703.125,2716.125,False
pp_nav_01290,improvable,80,west_china_region,yingli,757.661,345.669,1.0167236328125,physical_screen,3,False,False,12465.6875,2716.1875,False
pp_nav_01291,navigable,27,north_china_region,lean,1487.455,587.292,0.030934748573483658,mouth_alignment_snap;physical_screen,1,False,False,13082.25,2711.75,True
pp_nav_01292,navigable,76,crescent_region,birecik,724.073,159.929,0.0,physical_screen,3,False,False,9421.25,2717.125,False
pp_nav_01293,navigable,73,north_china_region,shilou,832.203,349.456,0.0,physical_screen,3,False,False,12725.041666666666,2725.9166666666665,False
pp_nav_01294,navigable,81,east_coast_region,mitchigamea,5008.963,2145.636,0.33421401264142836,physical_screen,5,False,False,3662.56,2729.2,False
pp_nav_01295,improvable,85,khorasan_region,zadian,2070.442,433.4895,0.1612755020179872,bounded_native_gap;physical_screen,4,False,False,10741.375,2720.8333333333335,False
pp_nav_01296,improvable,80,crescent_region,duhok,729.123,177.164,1.0548008777546631,bounded_native_gap;physical_screen,3,False,False,9619.0,2734.5,True
pp_nav_01297,navigable,78,north_china_region,gaoyuan_jinan,1480.629,590.593,0.05961575078563951,physical_screen,3,False,False,13047.0,2726.8125,True
pp_nav_01298,navigable,79,great_plains_region,towosaghy,6839.297,4408.048,0.13253265462588004,physical_screen,5,False,False,3622.0833333333335,2734.4375,False
pp_nav_01299,improvable,82,khorasan_region,arkhan,1073.197,270.731,0.3596758505501297,physical_screen,3,False,False,10825.875,2726.75,False
pp_nav_01300,improvable,38,khorasan_region,kishim,1059.972,269.2115,2.6857333012946785,physical_screen,3,False,False,10847.576923076924,2729.923076923077,False
pp_nav_01301,navigable,79,khorasan_region,khulm,2053.539,436.801,0.2475128173828125,physical_screen,4,False,False,10771.770833333334,2729.6875,False
pp_nav_01302,navigable,80,west_china_region,fuchuan_ningxia,758.378,345.887,0.0,physical_screen,3,False,False,12442.6875,2736.7291666666665,False
pp_nav_01303,navigable,69,east_coast_region,charquis,7820.621,3370.853,0.13576507568359375,physical_screen,4,False,False,3643.4666666666667,2730.2,False
pp_nav_01304,navigable,77,west_coast_region,kaibab,559.185,163.07,0.0,physical_screen,3,False,False,2624.1041666666665,2737.6041666666665,False
pp_nav_01305,navigable,77,east_coast_region,charquis,717.51,230.928,0.0,physical_screen,4,False,False,3672.88,2738.32,False
pp_nav_01306,navigable,81,crescent_region,manbij,730.649,161.9445,0.092486572265625,physical_screen,3,False,False,9419.375,2744.5833333333335,False
pp_nav_01307,navigable,18,khorasan_region,arkhan,1077.949,271.58,0.0,physical_screen,3,False,False,10805.181818181818,2732.181818181818,False
pp_nav_01308,improvable,45,khorasan_region,kunduz,1935.03,430.249,0.3116943359375,bounded_native_gap;physical_screen,4,False,False,10791.689655172413,2740.793103448276,False
pp_nav_01309,navigable,77,north_china_region,licheng,1477.652,593.132,0.09164972371278308,physical_screen,3,False,False,13023.1875,2746.9375,True
pp_nav_01310,navigable,89,east_coast_region,cuttaway,694.415,223.288,0.07849578857421875,physical_screen,3,False,False,3686.1372549019607,2757.627450980392,False
pp_nav_01311,improvable,83,north_china_region,yonghe,875.424,376.20849999999996,1.49366455078125,physical_screen,3,False,False,12718.416666666666,2759.625,False
pp_nav_01312,navigable,77,east_coast_region,charquis,14730.943,8406.452,0.0,physical_screen,5,False,False,3628.6041666666665,2756.4791666666665,False
pp_nav_01313,navigable,71,west_coast_region,kaibab,532.9445000000001,159.2505,0.0,physical_screen,3,False,False,2601.2708333333335,2762.7708333333335,False
pp_nav_01314,navigable,83,east_coast_region,kaskinampo,2178.46,1031.137,0.0,physical_screen,4,False,False,3680.2083333333335,2766.4583333333335,False
pp_nav_01315,improvable,76,west_china_region,fuchuan_ningxia,759.258,341.7335,0.648291015625,physical_screen,3,False,False,12452.791666666666,2762.5833333333335,False
pp_nav_01316,navigable,79,crescent_region,duhok,770.542,183.701,0.0438446044921875,physical_screen,3,False,False,9636.625,2759.3333333333335,True
pp_nav_01317,navigable,71,north_china_region,changqing,1462.871,586.451,0.07690088986354215,physical_screen,3,False,False,13000.270833333334,2768.9791666666665,True
pp_nav_01318,navigable,76,crescent_region,manbij,731.9105,157.763,0.0,physical_screen,3,False,False,9428.916666666666,2774.25,False
pp_nav_01319,navigable,79,great_plains_region,towosaghy,14799.484,8388.856,0.1719897680175481,physical_screen,5,False,False,3614.3541666666665,2772.1458333333335,False
pp_nav_01320,navigable,79,east_coast_region,shawanoe,672.474,216.499,0.38166275024414065,physical_screen,3,False,False,3708.4583333333335,2774.1666666666665,False
pp_nav_01321,navigable,83,crescent_region,mosul,813.913,189.281,0.2903594970703125,physical_screen,3,False,False,9652.5,2781.0,True
pp_nav_01322,improvable,78,west_china_region,kangu,759.358,338.74,0.95616455078125,physical_screen,3,False,False,12431.770833333334,2785.3958333333335,False
pp_nav_01323,barrier,26,aridoamerica_region,havasubaaja,528.122,171.6865,7.739541081717423,physical_screen,3,False,False,2568.4375,2784.1875,False
pp_nav_01324,improvable,85,north_china_region,jizhou,923.826,392.943,0.9215179443359375,physical_screen,3,False,False,12721.0,2798.875,False
pp_nav_01325,navigable,21,west_coast_region,kaibab,513.394,152.852,0.0,physical_screen,3,False,False,2597.076923076923,2784.923076923077,False
pp_nav_01326,navigable,77,east_coast_region,daguwanalahi,519.592,162.219,0.0,physical_screen,3,False,False,3742.7708333333335,2786.1041666666665,False
pp_nav_01327,navigable,70,north_china_region,pingyin,1466.7024999999999,593.678,0.22346725463867187,physical_screen,3,False,False,12981.979166666666,2787.8958333333335,True
pp_nav_01328,navigable,21,east_coast_region,daguwanalahi,576.507,186.461,0.25703887939453124,physical_screen,3,False,False,3724.285714285714,2784.214285714286,False
pp_nav_01329,improvable,71,great_plains_region,casqui,14818.288,8391.957,0.37371978759765623,bounded_native_gap;physical_screen,5,False,False,3607.5625,2794.6041666666665,False
pp_nav_01330,navigable,79,east_coast_region,kaskinampo,2162.068,1026.475,0.0,physical_screen,4,False,False,3684.0833333333335,2802.1666666666665,False
pp_nav_01331,navigable,25,west_coast_region,sebit,551.796,201.793,0.0,physical_screen,3,False,False,2495.529411764706,2791.8823529411766,False
pp_nav_01332,improvable,20,aridoamerica_region,havasubaaja,527.6885,171.873,1.058209228515625,physical_screen,3,False,False,2577.9166666666665,2791.5833333333335,False
pp_nav_01333,navigable,80,crescent_region,maskanah,732.374,157.942,0.0,physical_screen,3,False,False,9432.958333333334,2802.4583333333335,False
pp_nav_01334,navigable,75,west_china_region,lanzhou,758.304,337.613,0.0,bounded_native_gap;physical_screen,5,False,False,12400.104166666666,2794.2916666666665,False
pp_nav_01335,improvable,80,west_china_region,guide,558.6869999999999,252.875,0.920751953125,physical_screen,3,False,False,12317.625,2794.6666666666665,False
pp_nav_01336,navigable,70,west_coast_region,moapa,572.562,225.099,0.0,physical_screen,3,False,False,2466.7073170731705,2805.6341463414633,False
pp_nav_01337,navigable,80,west_china_region,guide,558.48,253.506,0.0,physical_screen,3,False,False,12281.604166666666,2797.7291666666665,False
pp_nav_01338,barrier,15,west_coast_region,parrusit,550.0795,203.1495,8.189208984375,physical_screen,3,False,False,2529.0,2798.0,False
pp_nav_01339,navigable,18,west_china_region,lanzhou,759.049,338.202,0.0,physical_screen,3,False,False,12418.454545454546,2796.4545454545455,False
pp_nav_01340,improvable,74,crescent_region,qayyarah,971.715,197.931,0.470318603515625,bounded_native_gap;physical_screen,5,False,False,9661.416666666666,2812.8333333333335,True
pp_nav_01341,improvable,85,west_china_region,jishi,559.398,252.345,0.4960077834782392,physical_screen,3,False,False,12345.9375,2807.3958333333335,False
pp_nav_01342,navigable,81,north_china_region,yuncheng,1446.057,587.459,0.18589650902284152,physical_screen,3,False,False,12960.145833333334,2810.4375,True
pp_nav_01343,improvable,80,east_coast_region,satapo,557.402,303.3865,0.228875732421875,bounded_native_gap;physical_screen,5,False,False,3856.4791666666665,2810.6458333333335,False
pp_nav_01344,barrier,77,west_china_region,dingqiang,559.578,252.1575,2.1552978515625,bounded_native_gap;physical_screen,5,False,False,12386.020833333334,2809.7916666666665,False
pp_nav_01345,barrier,11,west_coast_region,parrusit,550.328,202.602,15.618449936487922,physical_screen,3,False,False,2529.5,2806.25,False
pp_nav_01346,navigable,84,crescent_region,tabqah,736.8734999999999,161.4025,0.4394744873046875,physical_screen,3,False,False,9466.666666666666,2807.375,False
pp_nav_01347,improvable,76,great_plains_region,casqui,15074.977,8477.71,0.16770852429810465,bounded_native_gap;physical_screen,5,False,False,3599.4583333333335,2816.4583333333335,False
pp_nav_01348,barrier,72,west_china_region,guide,557.656,261.868,2.634487247457321,physical_screen,3,False,False,12256.5625,2818.9375,False
pp_nav_01349,navigable,73,east_coast_region,chestowee,1027.442,524.311,0.0,physical_screen,5,False,False,3830.2708333333335,2821.7708333333335,False
pp_nav_01350,barrier,15,west_china_region,dingqiang,559.598,252.201,8.1264404296875,physical_screen,3,False,False,12368.333333333334,2810.3333333333335,False
pp_nav_01351,barrier,75,hindustan_region,bunji,954.215,111.966,18.73228361769004,bounded_native_gap;physical_screen,5,False,True,11091.5,2816.3125,False
pp_nav_01352,navigable,82,crescent_region,tabqah,756.452,167.286,0.336322021484375,physical_screen,3,False,False,9498.479166666666,2817.0833333333335,False
pp_nav_01353,navigable,78,great_plains_region,tawehash,751.139,349.705,0.17235107421875,bounded_native_gap;physical_screen,5,False,False,3357.25,2826.9166666666665,False
pp_nav_01354,navigable,79,east_coast_region,cussate,2020.3435,977.673,0.0,physical_screen,4,False,False,3678.4791666666665,2833.4791666666665,False
pp_nav_01355,improvable,68,west_china_region,hancheng,931.474,392.068,0.6633533628925307,bounded_native_gap;physical_screen,5,False,False,12720.625,2834.5416666666665,False
pp_nav_01356,navigable,78,north_china_region,juancheng,1442.881,598.859,0.13845232151084114,physical_screen,3,False,False,12936.645833333334,2832.1458333333335,True
pp_nav_01357,navigable,81,great_plains_region,calpista,721.6800000000001,203.307,0.07739334106445313,bounded_native_gap;physical_screen,5,False,False,3528.3125,2840.7291666666665,False
pp_nav_01358,barrier,84,tibet_region,skardu,959.825,114.911,13.547509765625,physical_screen,3,False,True,11121.1875,2831.3125,False
pp_nav_01359,barrier,83,hindustan_region,chilas,1104.626,128.529,6.263525390625,bounded_native_gap;physical_screen,5,False,True,11074.604166666666,2833.4583333333335,False
pp_nav_01360,navigable,80,crescent_region,deir_ez_zor,756.115,167.476,0.0222320556640625,physical_screen,3,False,False,9518.6875,2839.8125,False
pp_nav_01361,navigable,82,hindustan_region,chilas,1147.0605,139.78300000000002,0.0,physical_screen,3,False,True,11038.520833333334,2830.6458333333335,False
pp_nav_01362,navigable,77,great_plains_region,pacaha,15247.587,8510.548,0.24077647536165053,bounded_native_gap;physical_screen,5,False,False,3587.8125,2844.5625,False
pp_nav_01363,improvable,77,crescent_region,al_sinn,967.529,196.485,0.3077607230523368,bounded_native_gap;physical_screen,5,False,False,9665.270833333334,2844.8958333333335,True
pp_nav_01364,navigable,83,great_plains_region,tula_ark,1110.148,496.246,0.0,physical_screen,3,False,False,3414.3333333333335,2835.4583333333335,False
pp_nav_01365,navigable,75,great_plains_region,tula_ark,1014.174,457.54200000000003,0.18499908447265626,physical_screen,3,False,False,3386.9166666666665,2839.125,False
pp_nav_01366,barrier,83,tibet_region,sailahai,538.044,266.487,6.930306565531,physical_screen,3,False,False,12254.270833333334,2851.5208333333335,False
pp_nav_01367,navigable,81,great_plains_region,quipana,1156.078,512.074,0.30536041259765623,physical_screen,3,False,False,3443.3125,2843.4375,False
pp_nav_01368,improvable,61,east_coast_region,chatanugi,1288.831,673.436,0.0,bounded_native_gap;physical_screen,3,False,False,3812.923076923077,2847.871794871795,False
pp_nav_01369,navigable,16,great_plains_region,tawehash,1002.209,448.719,0.0,physical_screen,3,False,False,3370.5555555555557,2839.4444444444443,False
pp_nav_01370,navigable,76,hindustan_region,jijial,1277.329,203.526,0.0,physical_screen,3,False,False,11016.041666666666,2852.7916666666665,False
pp_nav_01371,navigable,84,aridoamerica_region,aha_macav,507.356,200.399,0.0907989501953125,physical_screen,3,False,False,2471.375,2857.4583333333335,False
pp_nav_01372,barrier,80,tibet_region,skardu,788.959,103.707,8.732135955848168,physical_screen,3,False,True,11147.229166666666,2849.8958333333335,False
pp_nav_01373,navigable,78,north_china_region,dongming,1434.058,612.437,0.18415480595319877,physical_screen,3,False,False,12917.541666666666,2857.3333333333335,True
pp_nav_01374,navigable,81,east_coast_region,cussate,1954.993,941.757,0.0,physical_screen,3,False,False,3676.2083333333335,2861.4583333333335,False
pp_nav_01375,improvable,79,great_plains_region,anoixi,1205.872,527.716,0.6028592603085035,physical_screen,3,False,False,3470.8333333333335,2857.0416666666665,False
pp_nav_01376,navigable,77,north_china_region,hedong,1004.204,411.494,0.29395052056305415,bounded_native_gap;physical_screen,5,False,False,12710.897959183674,2867.0204081632655,False
pp_nav_01377,navigable,78,crescent_region,rahba,797.0675,177.4955,0.1690252894399865,physical_screen,3,False,False,9538.625,2867.875,False
pp_nav_01378,navigable,75,north_china_region,mianchi,1354.917,588.403,0.3107330322265625,physical_screen,3,False,False,12783.1875,2859.3125,False
pp_nav_01379,navigable,75,east_coast_region,hytop,1415.3964999999998,756.2090000000001,0.3241912841796875,physical_screen,3,False,False,3790.3541666666665,2862.6458333333335,False
pp_nav_01380,improvable,81,crescent_region,tikrit,1102.9165,207.043,0.3926544189453125,physical_screen,3,False,False,9676.041666666666,2875.0833333333335,True
pp_nav_01381,navigable,78,great_plains_region,quigate,842.1659999999999,242.79000000000002,0.05940933227539062,physical_screen,5,False,False,3528.75,2876.2083333333335,False
pp_nav_01382,improvable,78,great_plains_region,pacaha,15363.009,8486.8515,0.1280292510986328,bounded_native_gap;physical_screen,5,False,False,3572.9791666666665,2871.4166666666665,False
pp_nav_01383,navigable,81,north_china_region,xingyang,1443.5995,629.276,0.14383961445707694,physical_screen,3,False,False,12852.458333333334,2865.4166666666665,False
pp_nav_01384,improvable,29,tibet_region,lamayuru,779.455,106.709,15.824506086186956,physical_screen,3,False,True,11159.333333333334,2868.8333333333335,False
pp_nav_01385,navigable,85,north_china_region,zhongmu,1428.828,619.658,0.09687251233788231,physical_screen,3,False,False,12887.0,2865.5833333333335,False
pp_nav_01386,navigable,79,great_plains_region,utiangue,1247.261,545.7555,0.06592733848330784,physical_screen,3,False,False,3489.7291666666665,2879.8541666666665,False
pp_nav_01387,navigable,14,north_china_region,lanyang,1432.527,618.322,0.32825822276217176,physical_screen,5,False,False,12920.0,2867.0,False
pp_nav_01388,navigable,9,hindustan_region,baligram,1375.941,268.327,0.0,physical_screen,3,False,False,11011.0,2869.0,False
pp_nav_01389,navigable,80,north_china_region,shanxian,1350.7199999999998,582.75,0.0,physical_screen,3,False,False,12754.895833333334,2873.1458333333335,False
pp_nav_01390,improvable,28,north_china_region,gongxian,1364.1785,591.7905000000001,0.6235996119529842,physical_screen,5,False,False,12831.5625,2870.375,False
pp_nav_01391,navigable,79,east_coast_region,hogehege,1848.3015,910.9905,0.11828465949677962,bounded_native_gap;physical_screen,5,False,False,3703.3333333333335,2873.9166666666665,False
pp_nav_01392,navigable,72,tibet_region,lungkya,522.567,261.853,0.0,physical_screen,3,False,False,12272.06976744186,2876.906976744186,False
pp_nav_01393,improvable,76,hindustan_region,baligram,1480.567,315.841,1.219219970703125,physical_screen,3,False,False,11005.4375,2886.9375,False
pp_nav_01394,navigable,73,east_coast_region,hytop,1477.8615,778.159,0.0,physical_screen,3,False,False,3770.0625,2887.3541666666665,False
pp_nav_01395,navigable,81,aridoamerica_region,aha_macav,509.076,204.499,0.20121917724609373,physical_screen,3,False,False,2482.875,2890.625,False
pp_nav_01396,navigable,79,east_coast_region,koasati,1612.588,833.3,0.0,physical_screen,3,False,False,3733.7916666666665,2884.0416666666665,False
pp_nav_01397,navigable,70,north_china_region,wenxiang,1333.125,568.054,0.1514149019549901,bounded_native_gap;physical_screen,3,False,False,12725.268292682927,2883.5853658536585,False
pp_nav_01398,navigable,61,crescent_region,abu_kemal,798.058,184.137,0.1686279296875,physical_screen,3,False,False,9556.18918918919,2891.4594594594596,False
pp_nav_01399,navigable,78,great_plains_region,quigate,15758.629,8618.894,0.13352279663085936,physical_screen,5,False,False,3559.7291666666665,2898.6458333333335,False
pp_nav_01400,barrier,30,tibet_region,quge,513.117,257.318,3.576518520116939,physical_screen,3,False,False,12289.117647058823,2888.8823529411766,False
pp_nav_01401,improvable,31,east_coast_region,koasati,1550.077,809.814,0.876733655943588,physical_screen,3,False,False,3752.7894736842104,2892.2105263157896,False
pp_nav_01402,improvable,81,persia_region,jalalabad,739.6765,155.594,1.5515366940497177,physical_screen,3,False,False,10910.041666666666,2898.375,False
pp_nav_01403,navigable,53,crescent_region,anah,818.731,185.318,0.0,physical_screen,3,False,False,9602.41935483871,2896.5806451612902,False
pp_nav_01404,navigable,79,great_plains_region,tutilpinco,994.008,313.369,0.04448192193755457,physical_screen,5,False,False,3540.0625,2907.125,False
pp_nav_01405,navigable,85,crescent_region,samarra,1105.6985,207.062,0.3054835950350863,physical_screen,3,False,False,9689.541666666666,2908.9583333333335,True
pp_nav_01406,navigable,28,crescent_region,anah,811.727,184.326,0.14207858165246573,physical_screen,3,False,False,9577.933333333332,2894.6666666666665,False
pp_nav_01407,navigable,82,great_plains_region,ayays,1245.056,549.593,0.09679336547851562,physical_screen,3,False,False,3506.9166666666665,2906.25,False
pp_nav_01408,navigable,17,crescent_region,haditha,822.5015000000001,184.99599999999998,0.0,physical_screen,3,False,False,9617.2,2900.7,False
pp_nav_01409,improvable,80,hindustan_region,peshawar,763.566,163.606,2.153251150796823,physical_screen,3,False,False,10936.895833333334,2906.8958333333335,False
pp_nav_01410,improvable,73,hindustan_region,attock,1723.138,429.324,0.846820068359375,physical_screen,3,False,False,10996.291666666666,2916.2083333333335,False
pp_nav_01411,navigable,76,crescent_region,haditha,823.636,184.382,0.311932373046875,physical_screen,3,False,False,9623.520833333334,2918.8125,False
pp_nav_01412,navigable,79,aridoamerica_region,halchidoma,518.385,226.811,0.311639404296875,physical_screen,3,False,False,2480.9166666666665,2918.3333333333335,False
pp_nav_01413,navigable,76,great_plains_region,anilco,15774.8315,8624.013500000001,0.1528801321388079,physical_screen,5,False,False,3545.5833333333335,2923.5,False
pp_nav_01414,navigable,73,hindustan_region,peshawar,1187.164,324.691,0.085626220703125,physical_screen,5,False,False,10965.931818181818,2918.3863636363635,False
pp_nav_01415,navigable,41,great_plains_region,anilco,1310.664,583.6385,0.09146727712005742,physical_screen,3,False,False,3528.7083333333335,2919.7916666666665,False
pp_nav_01416,navigable,78,crescent_region,ukbara,1149.2195,200.894,0.14172268516710815,bounded_native_gap;physical_screen,3,False,False,9710.75,2931.1666666666665,True
pp_nav_01417,navigable,16,great_plains_region,anilco,1314.892,590.927,0.0,physical_screen,3,False,False,3539.6363636363635,2928.090909090909,False
pp_nav_01418,improvable,78,hindustan_region,pindi_gheb,3011.648,730.4545,0.403997802734375,physical_screen,4,False,False,10972.229166666666,2937.5208333333335,False
pp_nav_01419,navigable,79,crescent_region,hit,832.681,182.519,0.20872879028320312,physical_screen,3,False,False,9639.895833333334,2939.4791666666665,False
pp_nav_01420,navigable,79,aridoamerica_region,kwatsaan,517.207,219.376,0.18374176025390626,physical_screen,3,False,False,2470.8958333333335,2953.8958333333335,False
pp_nav_01421,navigable,76,great_plains_region,guachoyo,18092.195,9511.775,0.0,physical_screen,5,False,False,3538.8125,2949.3958333333335,False
pp_nav_01422,navigable,81,east_coast_region,santee,556.025,250.042,0.0,physical_screen,3,False,False,4029.6875,2947.8958333333335,True
pp_nav_01423,navigable,82,great_plains_region,naguatex,590.298,213.041,0.17015355708497196,physical_screen,5,False,False,3420.1458333333335,2960.7083333333335,False
pp_nav_01424,navigable,43,east_coast_region,winyah,545.687,301.402,0.2759564573107287,mouth_alignment_snap;physical_screen,3,False,False,4085.214285714286,2953.3571428571427,True
pp_nav_01425,navigable,81,crescent_region,baghdad,1147.356,197.21,0.188138958389846,bounded_native_gap;physical_screen,3,False,False,9713.25,2963.3333333333335,True
pp_nav_01426,navigable,80,east_coast_region,tiou,524.76,168.716,0.08640975952148437,physical_screen,3,False,False,3575.2291666666665,2964.4791666666665,False
pp_nav_01427,navigable,79,east_coast_region,wando,566.8810000000001,258.618,0.011745548248291016,physical_screen,3,False,False,4060.3541666666665,2960.1458333333335,True
pp_nav_01428,navigable,79,hindustan_region,pindi_gheb,3025.7315,727.447,0.0,physical_screen,4,False,False,10956.770833333334,2966.2708333333335,False
pp_nav_01429,navigable,83,crescent_region,karbala,858.758,177.3515,0.15081515764688097,physical_screen,3,False,False,9694.958333333334,2975.1666666666665,True
pp_nav_01430,navigable,82,great_plains_region,guachoyo,18105.148,9518.385,0.0,physical_screen,5,False,False,3540.5625,2980.7708333333335,False
pp_nav_01431,navigable,37,east_china_region,linhuai,1163.871,524.618,0.05828733982076982,physical_screen,1,False,False,13063.5,2967.090909090909,False
pp_nav_01432,navigable,80,hindustan_region,udamphur,684.456,114.132,0.0,physical_screen,3,False,False,11111.1875,2969.5208333333335,False
pp_nav_01433,navigable,17,east_coast_region,wando,570.627,262.063,0.0,mouth_alignment_snap;physical_screen,3,False,False,4078.8,2970.7,True
pp_nav_01434,navigable,76,hindustan_region,gujrat,548.751,147.162,0.26878662109375,physical_screen,3,False,False,11044.520833333334,2982.8958333333335,False
pp_nav_01435,navigable,41,hindustan_region,kishtwar,593.888,83.943,0.0,physical_screen,3,False,True,11134.739130434782,2971.6521739130435,False
pp_nav_01436,navigable,82,east_china_region,zhongli,1083.996,493.778,0.07033445770474199,physical_screen,3,False,False,13055.083333333334,2977.4583333333335,False
pp_nav_01437,improvable,41,aridoamerica_region,kwatsaan,516.137,218.9145,0.380877685546875,physical_screen,3,False,False,2471.875,2978.625,False
pp_nav_01438,improvable,76,hindustan_region,jammu,829.206,140.012,1.557464599609375,physical_screen,3,False,False,11089.333333333334,2988.2083333333335,False
pp_nav_01439,navigable,84,great_plains_region,doustioni,745.127,258.207,0.12714371039307645,bounded_native_gap;physical_screen,5,False,False,3419.3333333333335,2996.1041666666665,False
pp_nav_01440,navigable,80,east_coast_region,koroa,600.3725,186.524,0.11445083618164062,bounded_native_gap;physical_screen,5,False,False,3567.2291666666665,2993.0833333333335,False
pp_nav_01441,navigable,78,crescent_region,an_nil,1405.3,200.4745,0.0798128217977452,physical_screen,3,False,True,9734.291666666666,2986.0416666666665,True
pp_nav_01442,navigable,63,hindustan_region,dinkot,3044.026,729.208,0.2858493170313214,physical_screen,4,False,False,10943.102564102564,2993.102564102564,False
pp_nav_01443,navigable,83,east_china_region,huaiyuan,973.3355,452.168,0.03025910647498145,bounded_native_gap;physical_screen,3,False,False,13026.416666666666,2988.8333333333335,False
pp_nav_01444,barrier,79,west_china_region,xunyang,718.057,108.592,5.478878489181928,physical_screen,3,False,False,12683.791666666666,2987.5833333333335,False
pp_nav_01445,navigable,80,crescent_region,karbala,701.7045,157.04399999999998,0.10576784443163448,physical_screen,3,False,False,9705.5,3006.75,True
pp_nav_01446,navigable,77,east_china_region,huanglong,790.508,125.589,0.0,physical_screen,3,False,False,12718.0,2991.0,False
pp_nav_01447,improvable,79,east_china_region,wudang,890.163,147.24349999999998,0.3730438232421875,physical_screen,3,False,False,12746.645833333334,2997.1875,False
pp_nav_01448,navigable,82,east_coast_region,consha,510.172,144.927,0.11039352416992188,physical_screen,5,False,False,3682.823529411765,3000.5686274509803,True
pp_nav_01449,barrier,82,west_china_region,goupingguan,587.358,90.988,4.0208740234375,physical_screen,3,False,False,12652.7,2999.88,False
pp_nav_01450,navigable,81,crescent_region,numaniyyah,1425.833,190.13,0.0699347448184318,physical_screen,3,False,True,9760.520833333334,3003.6458333333335,True
pp_nav_01451,navigable,79,great_plains_region,tunica,18121.658,9565.567,0.0,physical_screen,5,False,False,3543.7708333333335,3009.1666666666665,False
pp_nav_01452,navigable,81,great_plains_region,ouachita,623.9085,157.821,0.14101174271473968,bounded_native_gap;physical_screen,5,False,False,3495.2291666666665,3014.875,False
pp_nav_01453,navigable,76,east_china_region,xiacai,970.529,443.125,0.021604117533980675,bounded_native_gap;physical_screen,5,False,False,13003.75,3003.1041666666665,False
pp_nav_01454,navigable,80,hindustan_region,busal,551.024,138.92,0.2567413330078125,physical_screen,3,False,False,11023.125,3004.7083333333335,False
pp_nav_01455,navigable,78,crescent_region,wasit,1479.2125,186.005,0.03219646477228738,physical_screen,5,False,True,9790.229166666666,3005.75,True
pp_nav_01456,navigable,78,hindustan_region,eminabad,921.041,165.045,0.2213514285044109,physical_screen,3,False,False,11063.708333333334,3010.2083333333335,False
pp_nav_01457,navigable,30,east_coast_region,yazoo,811.805,250.296,0.0,physical_screen,3,False,False,3554.1052631578946,3010.1052631578946,False
pp_nav_01458,improvable,78,east_china_region,gucheng,1005.511,187.954,0.3696430119993633,bounded_native_gap;physical_screen,3,False,False,12771.645833333334,3017.1041666666665,False
pp_nav_01459,navigable,77,east_coast_region,consha,909.967,261.444,0.0,bounded_native_gap;physical_screen,3,False,False,3682.1875,3022.7708333333335,True
pp_nav_01460,navigable,84,crescent_region,wasit,1526.958,178.031,0.06969661712646484,physical_screen,3,False,True,9815.791666666666,3021.0,True
pp_nav_01461,navigable,39,east_china_region,huoqiu,533.478,223.257,0.02033410972970409,bounded_native_gap;physical_screen,5,False,False,12986.666666666666,3011.5416666666665,False
pp_nav_01462,improvable,78,great_plains_region,ya_ttaish,863.143,291.421,0.23557431991182198,bounded_native_gap;physical_screen,3,False,False,3431.0,3024.9166666666665,False
pp_nav_01463,navigable,78,east_coast_region,piachi,723.249,210.88350000000003,0.0,physical_screen,3,False,False,3747.5625,3016.2708333333335,True
pp_nav_01464,navigable,75,hindustan_region,bhera,547.469,133.7575,0.1708587646484375,physical_screen,3,False,False,10991.541666666666,3020.0416666666665,False
pp_nav_01465,navigable,74,hindustan_region,bhakkar,3043.3745,725.7245,0.2296602446129314,physical_screen,4,False,False,10933.541666666666,3027.3333333333335,False
pp_nav_01466,navigable,75,east_coast_region,mabila,863.5275,242.466,0.0,physical_screen,5,False,False,3722.7916666666665,3024.75,True
pp_nav_01467,navigable,74,hindustan_region,busal,930.941,143.671,0.125341796875,physical_screen,3,False,False,11033.6875,3028.1875,False
pp_nav_01468,improvable,85,west_china_region,zhaohua,705.202,97.028,1.0020777318734932,physical_screen,3,False,True,12505.4375,3037.9375,False
pp_nav_01469,improvable,73,great_plains_region,tensas,18977.285,9877.997,0.22358837234026388,bounded_native_gap;physical_screen,5,False,False,3542.875,3034.4166666666665,False
pp_nav_01470,navigable,80,crescent_region,kufa,703.982,158.56,0.1429353161898217,physical_screen,3,False,False,9713.125,3041.7083333333335,True
pp_nav_01471,navigable,10,east_china_region,taixing,31000.732,12942.89,0.0,physical_screen,5,False,False,13148.0,3027.0,False
pp_nav_01472,navigable,81,east_coast_region,tohome,933.107,261.888,0.0,physical_screen,3,False,False,3709.3333333333335,3039.625,True
pp_nav_01473,improvable,78,east_china_region,xiangyang,1067.984,209.464,0.32578674816056424,bounded_native_gap;physical_screen,5,False,False,12790.791666666666,3038.0625,False
pp_nav_01474,navigable,80,great_plains_region,catahoula,637.745,162.42899999999997,0.08794784545898438,bounded_native_gap;physical_screen,5,False,False,3505.8333333333335,3047.75,False
pp_nav_01475,improvable,12,east_china_region,wujin,31003.2265,12944.4385,0.0,jiangnan_canal_corridor,5,False,False,13145.625,3035.625,False
pp_nav_01476,navigable,16,hindustan_region,shahpur,546.927,133.74,0.3176825696495162,physical_screen,3,False,False,10980.333333333334,3038.3333333333335,False
pp_nav_01477,improvable,29,east_china_region,danyang,29648.156,12168.437,0.10037797284901,jiangnan_canal_corridor,1,False,False,13131.29411764706,3040.764705882353,False
pp_nav_01478,navigable,39,east_china_region,jiangyin,31016.404,12944.715,0.09214317798614502,physical_screen,5,False,False,13155.954545454546,3040.5454545454545,True
pp_nav_01479,navigable,80,crescent_region,abdas,1500.329,169.8055,0.03780803417454627,physical_screen,3,False,True,9831.833333333334,3048.5416666666665,True
pp_nav_01480,navigable,79,east_coast_region,tombigbee,979.315,285.52,0.216355037689209,physical_screen,3,False,False,3678.75,3054.5416666666665,True
pp_nav_01481,navigable,78,great_plains_region,calcasieu,998.113,325.599,0.2827466488910901,physical_screen,3,False,False,3451.1666666666665,3051.3333333333335,False
pp_nav_01482,navigable,75,hindustan_region,bhakkar,3021.645,711.308,0.22350071830551604,physical_screen,4,False,False,10917.979166666666,3058.1041666666665,False
pp_nav_01483,navigable,77,hindustan_region,chiniot,930.287,139.05349999999999,0.25157623291015624,physical_screen,3,False,True,11010.791666666666,3053.2916666666665,False
pp_nav_01484,navigable,73,east_china_region,dangtu,28968.39,11941.718,0.03740184328838281,physical_screen,5,False,False,13083.1875,3057.1041666666665,False
pp_nav_01485,navigable,78,great_plains_region,catahoula,19245.376,10031.154,0.28973937429103325,physical_screen,5,False,False,3526.9583333333335,3062.7916666666665,False
pp_nav_01486,navigable,78,east_china_region,yicheng,1286.2725,302.73,0.06959639803158614,physical_screen,3,False,False,12805.104166666666,3062.0208333333335,False
pp_nav_01487,navigable,78,east_coast_region,tombigbee,966.406,270.161,0.07694091796875,physical_screen,3,False,False,3703.4375,3062.8125,True
pp_nav_01488,barrier,80,tibet_region,nako,648.436,99.996,9.639379882812499,physical_screen,3,False,False,11258.708333333334,3062.0833333333335,False
pp_nav_01489,navigable,80,west_china_region,langzhong,844.848,129.444,0.3785238106909856,physical_screen,5,False,False,12517.25,3068.875,False
pp_nav_01490,navigable,80,crescent_region,qadisiyyah,860.091,162.723,0.07128017584413256,physical_screen,3,False,False,9730.1875,3069.3541666666665,True
pp_nav_01491,navigable,70,hindustan_region,sillanwali,928.279,135.205,0.2317591560477314,physical_screen,3,False,True,10984.104166666666,3074.6041666666665,False
pp_nav_01492,navigable,78,great_plains_region,calcasieu,1043.884,338.214,0.06277275085449219,physical_screen,3,False,False,3474.4166666666665,3076.0833333333335,False
pp_nav_01493,navigable,81,crescent_region,abdas,1526.558,172.928,0.025674210760176275,physical_screen,3,False,True,9847.083333333334,3077.4166666666665,True
pp_nav_01494,navigable,54,hindustan_region,sillanwali,546.071,130.549,0.23584414112420085,physical_screen,5,False,False,10973.290322580646,3076.3870967741937,False
pp_nav_01495,barrier,78,hindustan_region,sarahan,692.0060000000001,119.33850000000001,12.7189697265625,physical_screen,3,False,False,11228.083333333334,3070.9166666666665,False
pp_nav_01496,navigable,77,great_plains_region,catahoula,1076.841,298.635,0.07260456085205078,physical_screen,5,False,False,3507.1458333333335,3077.6041666666665,False
pp_nav_01497,navigable,81,east_coast_region,escatawppa,1036.455,311.25350000000003,0.04427392333745957,physical_screen,5,False,False,3686.3125,3084.5416666666665,True
pp_nav_01498,navigable,83,east_china_region,fanchang,28744.842,11889.295,0.08499574718872333,bounded_native_gap;physical_screen,5,False,False,13069.375,3083.9791666666665,False
pp_nav_01499,navigable,81,egypt_region,damanhur,1935.642,300.4075,0.03893345836313795,physical_screen,3,False,False,9082.208333333334,3086.9583333333335,True
pp_nav_01500,navigable,79,hindustan_region,kahlur,724.015,123.639,0.727032470703125,physical_screen,3,False,False,11187.791666666666,3079.5833333333335,False
pp_nav_01501,navigable,83,crescent_region,samawa,903.097,167.529,0.03956096344778639,physical_screen,3,False,False,9762.479166666666,3084.0208333333335,True
pp_nav_01502,improvable,78,hindustan_region,kahlur,733.479,125.119,0.595318603515625,physical_screen,3,False,False,11172.104166666666,3083.5208333333335,False
pp_nav_01503,navigable,15,east_coast_region,tombigbee,1005.597,287.724,0.15336904525756836,physical_screen,3,False,False,3693.9,3078.4,True
pp_nav_01504,navigable,83,hindustan_region,karor,2998.642,702.3685,0.1345306396484375,physical_screen,4,False,False,10913.645833333334,3096.9375,False
pp_nav_01505,navigable,80,tibet_region,katok,620.148,82.98750000000001,0.0,bounded_native_gap;physical_screen,5,False,True,12184.291666666666,3085.2083333333335,False
pp_nav_01506,navigable,81,east_china_region,shipai,1376.526,341.6015,0.0193039915316704,physical_screen,3,False,False,12813.291666666666,3093.3333333333335,False
pp_nav_01507,barrier,31,hindustan_region,suket,722.526,133.581,4.8029052734375,physical_screen,3,False,False,11206.947368421053,3082.842105263158,False
pp_nav_01508,improvable,76,great_plains_region,opelousa,19388.592,10156.362,0.0,bounded_native_gap;physical_screen,5,False,False,3518.4583333333335,3090.8125,False
pp_nav_01509,improvable,79,west_china_region,xiangru,928.821,152.991,0.0,bounded_native_gap;physical_screen,3,False,False,12528.708333333334,3093.4583333333335,False
pp_nav_01510,navigable,39,great_plains_region,kisatchie,1074.611,347.441,0.11438053421226772,physical_screen,3,False,False,3492.9583333333335,3088.125,False
pp_nav_01511,navigable,16,great_plains_region,opelousa,2182.384,660.429,0.0,physical_screen,4,False,False,3514.0,3088.7,False
pp_nav_01512,navigable,81,hindustan_region,firozpur,829.317,134.779,0.23719952760464222,physical_screen,5,False,False,11104.520833333334,3092.7083333333335,False
pp_nav_01513,navigable,67,hindustan_region,shorkot,1451.316,239.014,0.1870675891424305,physical_screen,3,False,False,10967.739130434782,3105.2391304347825,False
pp_nav_01514,navigable,77,east_china_region,tongling,28672.027,11896.649,0.0,physical_screen,5,False,False,13047.729166666666,3104.2708333333335,False
pp_nav_01515,navigable,84,crescent_region,samawa,943.221,167.89,0.036156654357910156,physical_screen,3,False,False,9796.041666666666,3098.3333333333335,True
pp_nav_01516,barrier,82,tibet_region,geshitsa,689.912,94.413,0.0,bounded_native_gap;physical_screen,5,False,True,12332.166666666666,3109.6875,False
pp_nav_01517,barrier,85,west_china_region,wushan,13464.694,3558.758,0.0,bounded_native_gap;physical_screen,5,False,False,12693.541666666666,3096.6458333333335,False
pp_nav_01518,navigable,82,crescent_region,basra,1527.128,172.96,0.0,physical_screen,5,False,True,9847.708333333334,3102.6666666666665,True
pp_nav_01519,navigable,74,hindustan_region,firozpur,1358.54,259.305,0.206706028886825,physical_screen,3,False,False,11075.895833333334,3106.3958333333335,False
pp_nav_01520,barrier,81,east_china_region,zigui,13637.854500000001,3664.27,2.577527055721136,bounded_native_gap;physical_screen,5,False,False,12729.229166666666,3100.7291666666665,False
pp_nav_01521,barrier,79,tibet_region,shar_yelpuk,724.204,94.534,6.717529296875,physical_screen,3,False,True,12192.104166666666,3112.5208333333335,False
pp_nav_01522,navigable,78,west_china_region,liujiang,675.9055000000001,142.187,0.49489898681640626,bounded_native_gap;physical_screen,5,False,False,12561.020833333334,3108.5625,False
pp_nav_01523,barrier,83,west_china_region,yunyang,13358.605,3467.8729999999996,0.0,bounded_native_gap;physical_screen,5,False,False,12657.041666666666,3101.2916666666665,False
pp_nav_01524,navigable,88,hindustan_region,hajner,757.116,127.666,0.313742418935975,physical_screen,3,False,False,11139.895833333334,3099.1458333333335,False
pp_nav_01525,navigable,35,hindustan_region,sirhind,750.452,127.346,0.3107861104094458,physical_screen,3,False,False,11167.45,3098.75,False
pp_nav_01526,navigable,50,east_coast_region,mobile,2085.771,620.523,0.0,mouth_alignment_snap;physical_screen,4,False,False,3682.793103448276,3110.344827586207,True
pp_nav_01527,navigable,21,egypt_region,ramsis,1935.974,300.406,0.0,physical_screen,1,False,False,9084.57142857143,3102.9285714285716,False
pp_nav_01528,navigable,81,great_plains_region,opelousa,21506.432,10871.541,0.1000835657119751,physical_screen,5,False,False,3524.3125,3111.9791666666665,False
pp_nav_01529,navigable,49,crescent_region,suq_al_shuyukh,991.378,169.287,0.029503682632418225,physical_screen,3,False,False,9821.586206896553,3102.103448275862,True
pp_nav_01530,barrier,83,tibet_region,shopando,694.149,78.187,2.17626710074456,physical_screen,3,False,True,12070.0625,3108.4375,False
pp_nav_01531,navigable,80,egypt_region,tarrana,1936.0194999999999,300.403,0.17625590115219533,physical_screen,3,False,False,9092.291666666666,3119.2083333333335,True
pp_nav_01532,barrier,73,west_china_region,wanzhou,13111.29,3360.239,0.0,bounded_native_gap;physical_screen,5,False,False,12627.770833333334,3111.5625,False
pp_nav_01533,improvable,79,east_china_region,chongde,1264.076,458.803,0.0031154394149780274,jiangnan_canal_corridor,3,False,False,13176.5,3122.0,False
pp_nav_01534,navigable,81,west_china_region,nanchong,984.805,172.983,0.586094221675164,physical_screen,3,False,False,12522.333333333334,3123.4166666666665,False
pp_nav_01535,improvable,80,east_china_region,yiling,13784.729,3718.634,0.5139198303222656,physical_screen,5,False,False,12756.229166666666,3117.5208333333335,False
pp_nav_01536,navigable,82,east_china_region,jingling,1415.913,361.699,0.07808761596679688,physical_screen,3,False,False,12822.895833333334,3121.0625,False
pp_nav_01537,navigable,80,crescent_region,basra,2225.912,361.297,0.030786567926406862,physical_screen,4,False,False,9869.291666666666,3124.2083333333335,True
pp_nav_01538,navigable,75,east_coast_region,apalachee,660.284,234.58249999999998,0.11240367889404297,physical_screen,3,False,False,3818.6666666666665,3133.1666666666665,True
pp_nav_01539,navigable,79,hindustan_region,dera_ghazi_khan,2978.424,695.618,0.3188499493100544,physical_screen,4,False,False,10913.541666666666,3133.4166666666665,False
pp_nav_01540,navigable,78,east_china_region,guichi,28524.664,11860.21,0.0,bounded_native_gap;physical_screen,5,False,False,13023.270833333334,3125.7708333333335,False
pp_nav_01541,navigable,77,east_china_region,jiangxia,22484.6025,8536.395499999999,0.0,physical_screen,5,False,False,12897.520833333334,3122.0208333333335,False
pp_nav_01542,navigable,76,east_china_region,hanchuan,1479.879,390.635,0.0,physical_screen,5,False,False,12870.25,3123.8333333333335,False
pp_nav_01543,navigable,77,hindustan_region,dipalpur,1331.641,241.50549999999998,0.159149169921875,physical_screen,3,False,False,11054.5,3131.375,False
pp_nav_01544,improvable,31,east_china_region,haiyan,1391.431,535.852,0.0,jiangnan_canal_corridor,2,False,False,13191.8125,3126.3125,False
pp_nav_01545,navigable,77,east_china_region,wuchang,22575.539,8572.237,0.0,bounded_native_gap;physical_screen,5,False,False,12921.75,3130.8333333333335,False
pp_nav_01546,navigable,85,great_plains_region,opelousa,21547.502,10947.367,0.16587728423411727,physical_screen,5,False,False,3539.2083333333335,3138.0,False
pp_nav_01547,barrier,82,tibet_region,pasho,815.3475,88.374,12.467708307527701,bounded_native_gap;physical_screen,5,False,True,12089.729166666666,3133.6875,False
pp_nav_01548,navigable,76,west_china_region,qujiang_guangan,784.2395,177.44799999999998,0.0,physical_screen,3,False,False,12546.875,3132.2083333333335,False
pp_nav_01549,navigable,74,west_china_region,linjiang,13055.644,3317.565,0.0,physical_screen,5,False,False,12610.166666666666,3139.6666666666665,False
pp_nav_01550,navigable,59,east_china_region,jingling,1432.467,372.537,0.04120330810546875,physical_screen,3,False,False,12845.030303030304,3130.969696969697,False
pp_nav_01551,barrier,86,tibet_region,dartsedo,748.276,102.36,2.4858768305301964,physical_screen,3,False,True,12341.833333333334,3146.6666666666665,False
pp_nav_01552,navigable,87,tibet_region,shar_yelpuk,759.19,98.475,0.0,physical_screen,3,False,True,12197.8125,3150.1875,False
pp_nav_01553,navigable,74,east_china_region,jiayu,21981.836,8352.296,0.0,bounded_native_gap;physical_screen,5,False,False,12881.4375,3140.6041666666665,False
pp_nav_01554,navigable,75,east_china_region,songzi,14250.039,3903.611,0.30918198742892444,physical_screen,5,False,False,12775.229166666666,3136.2291666666665,False
pp_nav_01555,improvable,80,west_china_region,pengshan,571.219,124.323,0.8537881515951595,physical_screen,3,False,False,12418.770833333334,3152.0208333333335,False
pp_nav_01556,navigable,73,crescent_region,abadan,2957.87,390.39,0.0,mouth_alignment_snap;physical_screen,4,False,True,9891.558139534884,3146.6511627906975,True
pp_nav_01557,improvable,18,east_china_region,hangzhou,1245.317,449.957,0.0,jiangnan_canal_corridor,2,False,False,13166.3,3135.8,True
pp_nav_01558,navigable,75,east_china_region,pengze,28245.703,11848.8295,0.0,bounded_native_gap;physical_screen,5,False,False,13005.0,3152.5,False
pp_nav_01559,navigable,80,egypt_region,giza,1936.7269999999999,300.3885,0.13630681525871405,physical_screen,3,False,False,9106.0625,3146.7291666666665,True
pp_nav_01560,improvable,79,east_china_region,jiangling,14420.19,3987.133,0.0,bounded_native_gap;physical_screen,5,False,False,12798.708333333334,3145.8125,False
pp_nav_01561,navigable,78,hindustan_region,chishtian,1331.796,236.743,0.2072962657724591,physical_screen,3,False,False,11024.770833333334,3149.2708333333335,False
pp_nav_01562,improvable,78,west_china_region,shizhao,992.433,179.8825,0.962347412109375,physical_screen,5,False,False,12529.833333333334,3151.8541666666665,False
pp_nav_01563,improvable,74,east_china_region,fuyang_hangzhou,1152.668,409.84,0.14924987710224938,jiangnan_canal_corridor;physical_screen,5,False,False,13155.541666666666,3153.4166666666665,True
pp_nav_01564,navigable,81,hindustan_region,kot_addu,1637.163,263.46450000000004,0.14594487591366073,physical_screen,3,False,False,10932.708333333334,3160.9166666666665,False
pp_nav_01565,barrier,79,tibet_region,pema,889.245,95.455,1.130615234375,bounded_native_gap;physical_screen,3,False,True,12115.75,3153.75,False
pp_nav_01566,barrier,80,east_china_region,yongxing_xingguo,22861.8615,8691.843,0.0,bounded_native_gap;physical_screen,5,False,False,12941.5625,3156.5208333333335,False
pp_nav_01567,navigable,88,tibet_region,kazhi,758.799,127.987,0.0,physical_screen,3,False,False,12291.291666666666,3165.5833333333335,False
pp_nav_01568,improvable,14,west_china_region,shizhao,806.342,184.814,0.5627166748046875,physical_screen,3,False,False,12540.666666666666,3147.6666666666665,False
pp_nav_01569,navigable,15,east_china_region,xiaoshan,1252.423,453.409,0.0,mouth_alignment_snap;physical_screen,2,False,False,13168.25,3147.0,True
pp_nav_01570,improvable,74,east_china_region,jiayu,20675.5585,7957.1095000000005,0.0,bounded_native_gap;physical_screen,5,False,False,12873.916666666666,3157.2291666666665,False
pp_nav_01571,navigable,52,east_coast_region,watappo,759.611,317.443,0.13918496183930817,physical_screen,5,False,False,3816.9375,3161.96875,True
pp_nav_01572,navigable,76,hindustan_region,sitpur,2954.683,691.6925,0.16252670288085935,physical_screen,4,False,False,10911.6875,3169.8125,False
pp_nav_01573,barrier,72,west_china_region,fengdu,12854.927,3220.421,0.0,bounded_native_gap;physical_screen,5,False,False,12590.145833333334,3164.3541666666665,False
pp_nav_01574,barrier,82,tibet_region,rigyal,1693.047,447.459,21.29619140625,physical_screen,5,False,False,12021.458333333334,3166.4583333333335,False
pp_nav_01575,navigable,85,east_china_region,shishou,14461.444,4041.7115,0.18168812780341467,physical_screen,5,False,False,12813.854166666666,3168.8125,False
pp_nav_01576,navigable,76,egypt_region,giza,2257.9705,340.3585,0.0,physical_screen,4,False,False,9113.625,3172.625,True
pp_nav_01577,navigable,78,hindustan_region,dunga_bunga,1332.038,235.87,0.15708390812111828,physical_screen,3,False,False,10993.833333333334,3165.5416666666665,False
pp_nav_01578,improvable,79,west_china_region,baxian,2363.163,511.183,0.87696533203125,physical_screen,5,False,False,12537.916666666666,3174.8541666666665,False
pp_nav_01579,navigable,77,east_china_region,jiande,960.718,327.673,0.0,bounded_native_gap;physical_screen,5,False,False,13135.979166666666,3179.2083333333335,True
pp_nav_01580,navigable,72,east_china_region,xindi,20518.209000000003,7862.824,0.17450485229492188,physical_screen,5,False,False,12849.479166666666,3177.8541666666665,False
pp_nav_01581,navigable,13,east_china_region,dehua_jiujiang,23018.785,8766.631,0.1960905075073242,physical_screen,5,False,False,12956.222222222223,3166.6666666666665,False
pp_nav_01582,barrier,86,west_china_region,shimian,774.4214999999999,106.515,3.5356141965150982,physical_screen,3,False,True,12344.770833333334,3187.4375,False
pp_nav_01583,navigable,77,tibet_region,dzogang,917.375,95.298,0.0,physical_screen,3,False,True,12132.854166666666,3182.9791666666665,False
pp_nav_01584,barrier,77,west_china_region,fuzhou_sichuan,11010.244,2617.749,0.588778509100237,bounded_native_gap;physical_screen,5,False,False,12563.354166666666,3174.5208333333335,False
pp_nav_01585,navigable,56,east_china_region,jianli,14502.718,4072.345,0.0,physical_screen,5,False,False,12832.235294117647,3179.8529411764707,False
pp_nav_01586,navigable,79,tibet_region,rigyal,1651.874,441.104,0.0,physical_screen,5,False,False,12005.68,3183.18,False
pp_nav_01587,navigable,87,tibet_region,dzingcho,816.519,106.18,0.0,physical_screen,3,False,True,12199.979166666666,3190.6875,False
pp_nav_01588,improvable,78,west_china_region,longyou_jiading,639.38,141.07,0.8426748698061202,bounded_native_gap;physical_screen,5,False,False,12413.833333333334,3181.7291666666665,False
pp_nav_01589,barrier,73,tibet_region,metog,2634.503,540.349,17.2178466796875,physical_screen,5,False,False,12031.0,3187.4791666666665,False
pp_nav_01590,navigable,76,hindustan_region,nagina,603.245,81.79599999999999,0.1531402587890625,physical_screen,3,False,True,11245.375,3189.0833333333335,True
pp_nav_01591,barrier,80,west_china_region,fuzhou_sichuan,1639.285,515.022,2.70758056640625,bounded_native_gap;physical_screen,5,False,False,12585.333333333334,3185.9607843137255,False
pp_nav_01592,navigable,79,hindustan_region,karur_punjab,1335.4885,236.409,0.12557525634765626,physical_screen,3,False,False,10966.6875,3184.6041666666665,False
pp_nav_01593,navigable,77,great_plains_region,chawasha,21878.68,11690.052,0.09641241610671546,physical_screen,5,False,False,3608.4791666666665,3189.6041666666665,True
pp_nav_01594,navigable,79,hindustan_region,uch,1635.949,263.974,0.13092072506875932,physical_screen,5,False,False,10925.1,3191.78,False
pp_nav_01595,improvable,22,west_china_region,banan,10907.8755,2562.3965,1.9369628198396471,physical_screen,5,False,False,12546.785714285714,3181.0,False
pp_nav_01596,navigable,21,tibet_region,kazhi,825.963,136.444,0.0,physical_screen,5,False,False,12294.625,3190.25,False
pp_nav_01597,barrier,83,west_china_region,longyou_jiading,1032.625,137.148,3.82835689644933,physical_screen,3,False,True,12404.916666666666,3198.125,False
pp_nav_01598,improvable,75,west_china_region,jiangjin,8360.941,1970.873,0.8703369140625,physical_screen,5,False,False,12530.5,3199.9166666666665,False
pp_nav_01599,navigable,75,egypt_region,beni_suef,2543.498,375.987,0.11998267681394142,physical_screen,4,False,True,9107.354166666666,3207.0208333333335,True
pp_nav_01600,navigable,79,hindustan_region,mithankot,2931.476,695.604,0.11936191305575992,physical_screen,5,False,False,10909.25,3203.8541666666665,False
pp_nav_01601,navigable,35,hindustan_region,jalalpur_pirwala,1332.8919999999998,235.8545,0.169957789173787,physical_screen,3,False,False,10943.35,3193.25,False
pp_nav_01602,navigable,75,tibet_region,buchu,1159.8235,396.22799999999995,0.0,bounded_native_gap;physical_screen,3,False,False,11978.375,3200.875,False
pp_nav_01603,barrier,74,west_china_region,pengshui,1398.0135,432.91200000000003,2.3648193359375,physical_screen,5,False,False,12609.020833333334,3197.8125,False
pp_nav_01604,improvable,87,tibet_region,jonang,517.876,156.3475,1.8439166050451898,physical_screen,3,False,False,11713.5,3195.6666666666665,False
pp_nav_01605,improvable,82,tibet_region,tsangdram,601.225,165.878,0.5801434704116438,bounded_native_gap;physical_screen,5,False,False,11750.9375,3196.0208333333335,False
pp_nav_01606,improvable,81,tibet_region,rinpung_yarlung,677.461,202.929,1.107861328125,physical_screen,5,False,False,11787.166666666666,3197.0,False
pp_nav_01607,navigable,83,tibet_region,mengung,938.6735,99.754,0.0,physical_screen,3,False,True,12152.854166666666,3210.6458333333335,False
pp_nav_01608,navigable,81,west_china_region,qianwei,2162.698,384.442,0.1607879638671875,physical_screen,4,False,False,12427.25,3208.25,False
pp_nav_01609,improvable,82,tibet_region,gongkar,674.6465000000001,228.359,0.55927734375,physical_screen,3,False,False,11820.583333333334,3198.875,False
pp_nav_01610,barrier,74,west_china_region,hanyuan,874.655,115.3675,0.0,bounded_native_gap;physical_screen,5,False,True,12367.291666666666,3199.4375,False
pp_nav_01611,navigable,85,tibet_region,samye,836.6959999999999,256.352,0.172021484375,physical_screen,3,False,False,11856.0625,3199.6875,False
pp_nav_01612,navigable,75,tibet_region,baurang,960.514,163.0525,0.0,physical_screen,3,False,False,12294.625,3215.4583333333335,False
pp_nav_01613,barrier,52,west_china_region,emei,968.23,126.686,6.726611328125,physical_screen,3,False,True,12386.548387096775,3200.2903225806454,False
pp_nav_01614,navigable,10,east_china_region,lanxi,515.9784999999999,168.559,0.03843612670898437,physical_screen,3,False,False,13129.875,3200.375,True
pp_nav_01615,improvable,83,tibet_region,densatil,942.947,320.063,1.0927667422591487,physical_screen,3,False,False,11893.5,3202.7083333333335,False
pp_nav_01616,navigable,23,great_plains_region,chawasha,21894.223,11662.484,0.0,physical_screen,5,False,False,3623.785714285714,3203.714285714286,True
pp_nav_01617,barrier,74,tibet_region,tirkong,2927.175,598.8725,2.94696044921875,bounded_native_gap;physical_screen,5,False,False,12012.541666666666,3213.2916666666665,False
pp_nav_01618,navigable,82,hindustan_region,chandpur_uttar_pradesh,611.036,84.431,0.18819761455621997,physical_screen,3,False,True,11247.0625,3224.0625,True
pp_nav_01619,barrier,81,tibet_region,buchu,1030.6075,351.048,4.62333984375,physical_screen,3,False,False,11946.5625,3210.1041666666665,False
pp_nav_01620,barrier,77,west_china_region,youyang,1160.798,359.131,4.84346923828125,physical_screen,5,False,False,12622.354166666666,3221.8125,False
pp_nav_01621,navigable,61,tibet_region,daklha_gampo,993.453,336.27049999999997,0.0,physical_screen,3,False,False,11921.75,3211.472222222222,False
pp_nav_01622,improvable,75,west_china_region,jiangjin,8277.295,1925.3175,0.534003393112396,physical_screen,5,False,False,12511.25,3218.625,False
pp_nav_01623,barrier,82,tibet_region,sangme,849.714,115.744,2.10537109375,physical_screen,3,False,True,12204.020833333334,3232.3541666666665,False
pp_nav_01624,navigable,81,east_china_region,wuling,1986.809,826.965,0.15886909700748292,physical_screen,4,False,False,12769.416666666666,3219.4583333333335,False
pp_nav_01625,navigable,74,hindustan_region,omerkot,5806.922,1274.3600000000001,0.10334541463223412,physical_screen,4,False,False,10891.875,3226.4166666666665,False
pp_nav_01626,navigable,85,hindustan_region,kailali,944.092,153.128,0.0,physical_screen,3,False,False,11386.137254901962,3222.2156862745096,False
pp_nav_01627,improvable,80,west_china_region,luzhou,7725.9529999999995,1703.7134999999998,1.141095528633776,physical_screen,5,False,False,12491.625,3224.6041666666665,False
pp_nav_01628,navigable,73,egypt_region,el_bahnasa,2547.884,371.875,0.04067153930664062,physical_screen,4,False,True,9094.020833333334,3240.7708333333335,True
pp_nav_01629,barrier,78,west_china_region,yibin,2285.608,423.887,0.0,bounded_native_gap;physical_screen,5,False,False,12448.6875,3229.0625,False
pp_nav_01630,improvable,59,west_china_region,nanxi,7453.162,1585.656,0.8148701057767183,physical_screen,4,False,False,12470.194444444445,3229.1944444444443,False
pp_nav_01631,improvable,83,east_china_region,madi_yuanling,1870.986,774.4955,1.1802386888873706,physical_screen,3,False,False,12744.0625,3229.8958333333335,False
pp_nav_01632,navigable,80,bengal_region,siang,3458.9995,733.8489999999999,0.0,physical_screen,4,False,False,12015.125,3238.4583333333335,False
pp_nav_01633,barrier,81,tibet_region,mengung,1089.8135000000002,125.161,0.5919921875,bounded_native_gap;physical_screen,3,False,True,12169.354166666666,3242.1458333333335,False
pp_nav_01634,barrier,75,hindustan_region,kailali,1366.022,215.166,0.3950836181640625,bounded_native_gap;physical_screen,3,False,False,11386.6875,3248.1458333333335,False
pp_nav_01635,barrier,81,tibet_region,kheong,994.251,167.02,15.646088298401247,physical_screen,3,False,False,12302.625,3252.4583333333335,False
pp_nav_01636,improvable,74,east_china_region,yuanling,1420.623,596.1845,0.0,bounded_native_gap;physical_screen,3,False,False,12716.104166666666,3247.5625,False
pp_nav_01637,barrier,80,west_china_region,mahu,4799.5345,996.013,3.122886353731433,bounded_native_gap;physical_screen,5,False,False,12428.479166666666,3238.8125,False
pp_nav_01638,navigable,78,south_china_region,yanhe,976.4005,301.538,0.0,physical_screen,3,False,False,12623.979166666666,3249.5208333333335,False
pp_nav_01639,navigable,75,hindustan_region,omerkot,5791.583,1304.55,0.11252485563008308,physical_screen,4,False,False,10866.375,3248.875,False
pp_nav_01640,barrier,76,bengal_region,dibang,1176.9735,160.98000000000002,1.3315032958984374,bounded_native_gap;physical_screen,3,False,True,12049.416666666666,3256.3333333333335,False
pp_nav_01641,improvable,75,west_china_region,suzhou,1308.0845,211.019,1.916748046875,physical_screen,3,False,False,12325.854166666666,3246.0625,False
pp_nav_01642,navigable,79,east_china_region,yiyang_changsha,636.48,259.52,0.20104820246023866,physical_screen,3,False,False,12778.6875,3245.4791666666665,False
pp_nav_01643,improvable,80,hindustan_region,gunnaur,608.248,82.908,0.4261652235755117,physical_screen,3,False,True,11258.020833333334,3259.0208333333335,True
pp_nav_01644,navigable,78,west_china_region,leibo,4627.161,958.729,0.0,physical_screen,4,False,False,12411.0625,3259.1458333333335,False
pp_nav_01645,improvable,73,east_china_region,fengcheng_fengcheng,2243.124,793.1065,0.26558975472749674,bounded_native_gap;physical_screen,4,False,False,12958.395833333334,3261.7291666666665,False
pp_nav_01646,navigable,71,east_china_region,changsha,2253.001,877.8040000000001,0.04305534362792969,bounded_native_gap;physical_screen,5,False,False,12832.0,3266.2083333333335,False
pp_nav_01647,navigable,81,south_china_region,zhuluo,965.516,143.963,0.0,bounded_native_gap;physical_screen,3,False,True,12213.395833333334,3267.1041666666665,False
pp_nav_01648,improvable,65,east_china_region,dongping,534.484,219.24,2.3081932067871094,physical_screen,3,False,False,12749.65,3257.2,False
pp_nav_01649,barrier,82,bengal_region,siang,3741.3115,772.2095,0.0,bounded_native_gap;physical_screen,5,False,False,12014.416666666666,3261.625,False
pp_nav_01650,barrier,77,west_china_region,jianchang_sichuan,1332.137,212.536,3.934614121382337,physical_screen,3,False,False,12326.916666666666,3272.3333333333335,False
pp_nav_01651,navigable,78,egypt_region,ashmunayn,2549.994,355.92,0.06450386047363281,physical_screen,4,False,True,9092.833333333334,3275.2916666666665,True
pp_nav_01652,navigable,66,western_india_region,kashmore,5731.001,1296.553,0.05045878533453529,physical_screen,4,False,False,10843.307692307691,3267.5128205128203,False
pp_nav_01653,improvable,77,east_china_region,chenxi,898.1030000000001,368.592,0.8292458030654968,physical_screen,3,False,False,12709.9375,3275.9375,False
pp_nav_01654,navigable,79,south_china_region,gongshan,1154.1965,145.6775,0.0,physical_screen,3,False,True,12180.041666666666,3277.5,False
pp_nav_01655,navigable,81,hindustan_region,firuzabad_bahraich,1524.4225000000001,257.14750000000004,0.22798463302314106,bounded_native_gap;physical_screen,5,False,False,11388.666666666666,3282.0625,True
pp_nav_01656,barrier,79,south_china_region,shuitejiang,921.492,281.869,2.920538330078125,bounded_native_gap;physical_screen,3,False,False,12615.125,3280.7916666666665,False
pp_nav_01657,improvable,75,bengal_region,gomsi,4988.844,939.904,0.2155670166015625,bounded_native_gap;physical_screen,5,False,False,12031.979166666666,3279.3125,True
pp_nav_01658,navigable,79,tibet_region,walong,686.4275,111.482,0.0,bounded_native_gap;physical_screen,3,False,False,12099.125,3275.0833333333335,False
pp_nav_01659,barrier,22,west_china_region,runyan,1225.583,198.687,12.2107421875,physical_screen,3,False,False,12312.875,3268.875,False
pp_nav_01660,barrier,78,bengal_region,subansiri,862.6234999999999,103.576,0.0,bounded_native_gap;physical_screen,5,False,True,11982.25,3282.625,False
pp_nav_01661,barrier,83,bengal_region,tengapani,1130.172,177.572,0.8695404052734375,bounded_native_gap;physical_screen,5,False,False,12073.764705882353,3278.5098039215686,False
pp_nav_01662,barrier,79,west_china_region,yongshan,4486.978,925.308,3.7521880145977153,bounded_native_gap;physical_screen,4,False,False,12398.520833333334,3285.0625,False
pp_nav_01663,navigable,82,hindustan_region,sargadwari,614.295,84.307,0.2013330326984964,physical_screen,3,False,True,11283.166666666666,3281.3333333333335,True
pp_nav_01664,navigable,73,east_china_region,xingan_linjiang,1874.6419999999998,653.479,0.0,physical_screen,3,False,False,12939.979166666666,3290.4791666666665,False
pp_nav_01665,improvable,76,bengal_region,sadiya,1329.294,208.442,0.31476593017578125,bounded_native_gap;physical_screen,5,False,False,12046.5625,3284.9166666666665,True
pp_nav_01666,improvable,78,east_china_region,lukou,1887.243,705.74,0.0,bounded_native_gap;physical_screen,5,False,False,12837.958333333334,3290.2708333333335,False
pp_nav_01667,improvable,80,hindustan_region,tansen,1574.915,179.793,0.615472412109375,bounded_native_gap;physical_screen,5,False,True,11527.6875,3292.7708333333335,True
pp_nav_01668,navigable,24,bengal_region,kamla,715.288,91.855,0.0,physical_screen,3,False,True,11971.0,3287.733333333333,False
pp_nav_01669,improvable,83,south_china_region,xiaodandang,1029.619,161.0725,1.6736328125,physical_screen,3,False,False,12223.25,3303.25,False
pp_nav_01670,navigable,76,bengal_region,gomsi,8473.212,1443.9965,0.07824935913085937,bounded_native_gap;physical_screen,5,False,False,12017.270833333334,3298.2708333333335,True
pp_nav_01671,navigable,78,south_china_region,tongan_lijiang,1274.446,211.65550000000002,0.0,physical_screen,5,False,False,12258.875,3296.8125,False
pp_nav_01672,improvable,80,west_china_region,dechang,1370.234,213.981,2.8879760742187504,physical_screen,3,False,False,12331.9375,3305.3958333333335,False
pp_nav_01673,navigable,9,western_india_region,rohri,5674.071,1289.506,0.0,physical_screen,4,False,False,10829.6,3290.0,False
pp_nav_01674,navigable,77,hindustan_region,sargadwari,621.142,87.8045,0.2013330326984964,physical_screen,3,False,True,11309.833333333334,3302.4583333333335,True
pp_nav_01675,improvable,72,east_china_region,huaihua,776.6144999999999,315.57399999999996,1.6171417236328125,physical_screen,3,False,False,12708.208333333334,3306.2083333333335,False
pp_nav_01676,navigable,77,egypt_region,manfalut,2554.5555,355.801,0.0,physical_screen,4,False,True,9098.770833333334,3307.8958333333335,True
pp_nav_01677,navigable,74,bengal_region,lakhimpur,2118.8779999999997,274.2985,0.10406875610351562,bounded_native_gap;physical_screen,5,False,True,11979.9375,3310.6458333333335,True
pp_nav_01678,navigable,75,south_china_region,baini,787.886,236.637,0.0,physical_screen,3,False,False,12593.666666666666,3304.6666666666665,False
pp_nav_01679,navigable,81,south_china_region,linxi,669.923,96.7315,0.0,physical_screen,3,False,True,12201.583333333334,3313.9583333333335,False
pp_nav_01680,improvable,81,south_china_region,zhiziluo,1266.8545,198.1705,1.69892578125,physical_screen,3,False,False,12190.395833333334,3313.5625,False
pp_nav_01681,navigable,77,western_india_region,shadodkot,5641.912,1320.218,0.06320946297750861,physical_screen,4,False,False,10796.291666666666,3312.25,False
pp_nav_01682,barrier,75,west_china_region,puge,4254.279,857.887,0.0,bounded_native_gap;physical_screen,5,False,False,12380.541666666666,3310.4791666666665,False
pp_nav_01683,navigable,80,hindustan_region,bahraich,2263.097,366.769,0.11164870418173134,physical_screen,4,False,False,11397.6875,3316.8958333333335,True
pp_nav_01684,navigable,77,hindustan_region,ramnagar_bihar,1811.279,210.75,0.31476487181163393,physical_screen,3,False,True,11511.208333333334,3315.875,True
pp_nav_01685,navigable,80,south_china_region,tongan_lijiang,1143.4835,191.2615,0.0,bounded_native_gap;physical_screen,3,False,False,12249.020833333334,3320.3125,False
pp_nav_01686,improvable,76,east_china_region,hengshan,1674.3025,621.093,0.0,bounded_native_gap;physical_screen,3,False,False,12831.833333333334,3314.375,False
pp_nav_01687,navigable,74,east_china_region,jishui,1591.5565000000001,550.1695,0.2898231506347656,bounded_native_gap;physical_screen,5,False,False,12928.979166666666,3320.6875,False
pp_nav_01688,navigable,75,bengal_region,dibrugarh,8971.761,1506.5349999999999,0.122589111328125,bounded_native_gap;physical_screen,5,False,False,12000.229166666666,3317.1875,True
pp_nav_01689,navigable,79,south_china_region,yongning_baisheng,1421.898,240.22,0.0,physical_screen,3,False,False,12264.916666666666,3324.75,False
pp_nav_01690,navigable,17,bengal_region,dibrugarh,552.483,77.481,0.11333236694335938,physical_screen,3,False,True,12012.0,3313.5,True
pp_nav_01691,improvable,81,south_china_region,wengshui,564.896,162.087,1.701129280888887,physical_screen,5,False,False,12567.291666666666,3314.7916666666665,False
pp_nav_01692,improvable,77,hindustan_region,kanauj,990.354,179.67000000000002,0.23157535969853285,bounded_native_gap;physical_screen,5,False,False,11328.895833333334,3328.0416666666665,True
pp_nav_01693,navigable,81,indochina_region,putao,1380.646,150.83350000000002,0.5371063232421875,bounded_native_gap;physical_screen,5,False,True,12139.020833333334,3332.8541666666665,False
pp_nav_01694,navigable,78,egypt_region,asyut,2567.284,368.5085,0.009665298461914062,physical_screen,4,False,True,9119.104166666666,3332.9791666666665,True
pp_nav_01695,navigable,55,south_china_region,xiaodandang,1073.944,173.316,0.0,physical_screen,3,False,False,12237.69696969697,3329.242424242424,False
pp_nav_01696,barrier,29,east_china_region,huitong,630.631,253.638,3.1467027571915693,bounded_native_gap;physical_screen,5,False,False,12695.666666666666,3323.5555555555557,False
pp_nav_01697,navigable,81,west_china_region,qiaojia,4096.898,820.158,0.0,physical_screen,5,False,False,12377.458333333334,3340.7916666666665,False
pp_nav_01698,navigable,75,west_china_region,mingyi,1462.071,226.2375,0.0,physical_screen,5,False,False,12324.291666666666,3339.2083333333335,False
pp_nav_01699,navigable,74,bengal_region,lakhimpur,10935.684,1770.7935,0.0669525146484375,bounded_native_gap;physical_screen,5,False,False,11980.5,3336.0416666666665,True
pp_nav_01700,navigable,74,western_india_region,paat,5636.461,1292.722,0.12786827776935766,physical_screen,4,False,False,10783.020833333334,3342.0625,False
pp_nav_01701,improvable,71,east_china_region,hengyang,1053.677,385.562,0.009571075439453125,bounded_native_gap;physical_screen,5,False,False,12819.8125,3336.9583333333335,False
pp_nav_01702,navigable,40,bengal_region,lakhimpur,2911.2920000000004,423.413,0.08503265380859375,bounded_native_gap;physical_screen,5,False,True,11969.0,3334.1153846153848,True
pp_nav_01703,navigable,79,hindustan_region,bettiah,1835.5515,203.324,0.17562255859375,physical_screen,3,False,True,11528.041666666666,3344.4583333333335,True
pp_nav_01704,barrier,82,south_china_region,lanzhou_lanzhou,775.9215,129.79199999999997,3.3328857421875,physical_screen,3,False,False,12204.3125,3351.0208333333335,False
pp_nav_01705,navigable,83,hindustan_region,gonda,2342.5775,380.4495,0.11004600783930463,physical_screen,4,False,False,11418.604166666666,3341.0208333333335,True
pp_nav_01706,improvable,89,south_china_region,zhiziluo,1361.9585,241.139,1.2544921875,physical_screen,3,False,False,12192.208333333334,3356.5,False
pp_nav_01707,navigable,76,east_china_region,taihe_taihe,1147.08,391.781,0.2213468865911148,physical_screen,5,False,False,12919.208333333334,3348.0833333333335,False
pp_nav_01708,improvable,74,hindustan_region,chaudandi,1666.071,138.642,0.6063309418121663,physical_screen,5,False,True,11654.416666666666,3350.3541666666665,True
pp_nav_01709,navigable,71,hindustan_region,etawah,556.755,91.084,0.144195556640625,bounded_native_gap;physical_screen,3,False,False,11283.5625,3347.0416666666665,True
pp_nav_01710,navigable,83,bengal_region,nakshaparvat,780.263,88.173,0.0,bounded_native_gap;physical_screen,5,False,True,11918.6875,3350.625,True
pp_nav_01711,navigable,76,hindustan_region,makanpur,997.95,183.19650000000001,0.0,physical_screen,3,False,False,11345.604166666666,3356.1458333333335,True
pp_nav_01712,navigable,77,bengal_region,itanagar,13828.538,2218.035,0.0,bounded_native_gap;physical_screen,5,False,False,11952.229166666666,3347.6875,True
pp_nav_01713,barrier,87,south_china_region,jinshajiang,1527.418,264.837,2.5227301380493077,physical_screen,3,False,False,12262.75,3363.1666666666665,False
pp_nav_01714,navigable,81,hindustan_region,basti,2404.8940000000002,406.8675,0.19441131413154356,physical_screen,4,False,False,11449.083333333334,3353.75,True
pp_nav_01715,navigable,81,egypt_region,el_balyana,2572.0074999999997,368.659,0.0,physical_screen,4,False,True,9137.166666666666,3360.9583333333335,True
pp_nav_01716,navigable,21,bengal_region,nakshaparvat,14605.175,2345.21,0.0,bounded_native_gap;physical_screen,5,False,False,11934.923076923076,3351.923076923077,True
pp_nav_01717,improvable,77,east_china_region,changning,751.119,261.5615,0.490875244140625,physical_screen,3,False,False,12807.541666666666,3357.75,False
pp_nav_01718,improvable,75,indochina_region,injangyang,2161.9759999999997,246.84550000000002,0.0,bounded_native_gap;physical_screen,5,False,True,12140.020833333334,3367.7083333333335,False
pp_nav_01719,navigable,76,east_china_region,nanping,1200.203,294.981,0.0,bounded_native_gap;physical_screen,3,False,False,13078.208333333334,3360.0833333333335,True
pp_nav_01720,improvable,82,south_china_region,juque,1749.289,327.07000000000005,1.4932902114314999,physical_screen,3,False,False,12310.604166666666,3361.7291666666665,False
pp_nav_01721,navigable,79,hindustan_region,etawah,1309.2150000000001,225.86,0.0,bounded_native_gap;physical_screen,5,False,False,11300.270833333334,3363.0416666666665,True
pp_nav_01722,navigable,78,bengal_region,rowta,16050.221,2439.6,0.0401275634765625,bounded_native_gap;physical_screen,5,False,False,11892.632653061224,3363.183673469388,True
pp_nav_01723,barrier,82,south_china_region,juque,3541.701,618.133,0.0,bounded_native_gap;physical_screen,5,False,False,12328.520833333334,3373.8125,False
pp_nav_01724,navigable,77,east_china_region,qiyang,620.6865,205.901,0.000628662109375,physical_screen,3,False,False,12778.666666666666,3361.7916666666665,False
pp_nav_01725,navigable,12,indochina_region,tarung,1237.924,138.925,0.0,physical_screen,3,False,True,12077.222222222223,3357.777777777778,False
pp_nav_01726,navigable,82,western_india_region,ranikot,5676.9485,1300.2825,0.10259023535282011,physical_screen,5,False,False,10784.75,3372.7291666666665,False
pp_nav_01727,navigable,80,hindustan_region,chillupar,2424.857,425.304,0.17446441650390626,bounded_native_gap;physical_screen,5,False,False,11478.4375,3368.375,True
pp_nav_01728,navigable,83,hindustan_region,mehsi,1857.768,230.48250000000002,0.18756635724905185,physical_screen,3,False,True,11549.041666666666,3371.4583333333335,True
pp_nav_01729,barrier,78,west_china_region,huili,3998.396,784.961,13.38956298828125,physical_screen,5,False,False,12371.5,3370.875,False
pp_nav_01730,navigable,12,east_china_region,qiyang,714.566,246.837,0.0,physical_screen,3,False,False,12794.125,3361.625,False
pp_nav_01731,barrier,77,east_china_region,wanan,1023.63,347.9,0.0,bounded_native_gap;physical_screen,3,False,False,12920.583333333334,3374.2083333333335,False
pp_nav_01732,improvable,70,bengal_region,jhanjharpur,1709.225,214.994,0.37214633644542633,physical_screen,3,False,True,11635.583333333334,3373.0416666666665,True
pp_nav_01733,navigable,76,indochina_region,chibwe,1133.092,229.0485,0.0,physical_screen,3,False,False,12161.291666666666,3383.7916666666665,False
pp_nav_01734,improvable,81,east_china_region,houguan,1492.094,369.41,0.4341099533373621,physical_screen,3,False,False,13106.270833333334,3377.2291666666665,True
pp_nav_01735,navigable,82,hindustan_region,unnao,1008.7225000000001,182.666,0.072412109375,physical_screen,3,False,False,11365.9375,3382.2708333333335,True
pp_nav_01736,improvable,69,indochina_region,hkamti,1621.636,170.3225,0.19619140625,bounded_native_gap;physical_screen,5,False,True,12061.208333333334,3379.3125,False
pp_nav_01737,barrier,68,south_china_region,jinshajiang,1678.175,310.088,3.5584228515625,physical_screen,5,False,False,12283.953488372093,3377.0,False
pp_nav_01738,navigable,77,west_china_region,huichuan_dechang,3774.407,668.5175,0.1982177734375,physical_screen,4,False,False,12347.729166666666,3378.2708333333335,False
pp_nav_01739,improvable,82,south_china_region,yunlong,820.9290000000001,137.9105,1.861767578125,physical_screen,3,False,False,12204.895833333334,3390.3958333333335,False
pp_nav_01740,improvable,14,east_china_region,lengshuitan,578.871,186.796,0.000628662109375,bounded_native_gap;physical_screen,5,False,False,12771.111111111111,3373.1111111111113,False
pp_nav_01741,navigable,83,hindustan_region,makanpur,1207.7435,188.0325,0.0,physical_screen,3,False,False,11323.0625,3380.6041666666665,True
pp_nav_01742,improvable,80,bengal_region,guwahati,1730.644,189.386,0.15704421997070311,bounded_native_gap;physical_screen,5,False,True,11875.458333333334,3378.1875,True
pp_nav_01743,navigable,80,hindustan_region,rudrapur,3138.9795000000004,507.4125,0.08883753940181181,bounded_native_gap;physical_screen,5,False,False,11508.6875,3380.2083333333335,True
pp_nav_01744,navigable,82,egypt_region,qena,2577.669,350.6145,0.04445194679425649,physical_screen,4,False,True,9157.791666666666,3383.125,True
pp_nav_01745,navigable,86,bengal_region,guwahati,19027.411,2879.625,0.054563140869140624,bounded_native_gap;physical_screen,5,False,False,11843.125,3378.9166666666665,True
pp_nav_01746,improvable,78,bengal_region,bijni,20088.453,3062.691,0.0,bounded_native_gap;physical_screen,5,False,False,11806.166666666666,3381.4791666666665,True
pp_nav_01747,navigable,49,bengal_region,daboka,1172.654,116.162,0.07276687622070313,bounded_native_gap;physical_screen,5,False,True,11902.322580645161,3379.8064516129034,True
pp_nav_01748,improvable,91,south_china_region,luzhang,1436.994,254.636,1.2544921875,physical_screen,3,False,False,12191.208333333334,3400.7916666666665,False
pp_nav_01749,navigable,78,egypt_region,hiw,2579.896,345.436,0.04654006958007813,physical_screen,4,False,True,9179.25,3390.5833333333335,True
pp_nav_01750,barrier,76,indochina_region,injangyang,2531.691,302.04,0.0,bounded_native_gap;physical_screen,5,False,True,12130.958333333334,3397.7916666666665,False
pp_nav_01751,navigable,36,east_china_region,minxian,1666.0194999999999,414.7955,0.0,bounded_native_gap;mouth_alignment_snap;physical_screen,3,False,False,13125.90909090909,3390.2272727272725,True
pp_nav_01752,navigable,79,western_india_region,ranikot,5672.705,1294.773,0.1227712360329706,physical_screen,4,False,False,10800.270833333334,3401.2291666666665,False
pp_nav_01753,navigable,77,hindustan_region,korra,1583.554,198.76600000000002,0.1799860841300153,bounded_native_gap;physical_screen,3,False,True,11348.166666666666,3395.8333333333335,True
pp_nav_01754,navigable,84,bengal_region,hajipur,1859.35,230.049,0.1795074462890625,physical_screen,5,False,True,11565.5,3400.8333333333335,True
pp_nav_01755,navigable,77,bengal_region,saharsa,2020.9655,414.644,0.11163482666015626,bounded_native_gap;physical_screen,5,False,False,11629.458333333334,3403.6666666666665,True
pp_nav_01756,improvable,76,bengal_region,dhubri,20364.032,3249.1639999999998,0.042453416996579646,bounded_native_gap;physical_screen,5,False,False,11781.25,3400.4583333333335,True
pp_nav_01757,navigable,77,hindustan_region,manikpur,1006.209,175.788,0.0,physical_screen,3,False,False,11390.833333333334,3400.125,True
pp_nav_01758,navigable,71,indochina_region,minsin,2453.5395,256.974,0.021923828125,physical_screen,4,False,True,12040.145833333334,3401.3125,False
pp_nav_01759,navigable,80,hindustan_region,andar,3265.589,525.1425,0.0,physical_screen,5,False,False,11536.583333333334,3398.9166666666665,True
pp_nav_01760,navigable,15,south_china_region,yuanmou,3693.762,652.137,0.0,physical_screen,4,False,False,12332.111111111111,3391.1111111111113,False
pp_nav_01761,improvable,35,east_china_region,ganxian,777.929,257.078,0.3950273533267729,bounded_native_gap;physical_screen,5,False,False,12926.0,3395.96,False
pp_nav_01762,navigable,60,indochina_region,chibwe,1251.542,255.036,0.0,physical_screen,3,False,False,12145.105263157895,3408.184210526316,False
pp_nav_01763,navigable,85,central_india_region,banda,1995.615,219.8915,0.07057044097825317,physical_screen,4,False,True,11371.333333333334,3410.2916666666665,True
pp_nav_01764,improvable,77,hindustan_region,ballia,3669.767,491.877,0.2399957148092605,bounded_native_gap;physical_screen,5,False,True,11521.125,3408.9166666666665,True
pp_nav_01765,navigable,36,hindustan_region,sonepur_bihar,8233.272,1153.728,0.043164663514754814,bounded_native_gap;physical_screen,5,False,True,11557.91304347826,3405.391304347826,True
pp_nav_01766,navigable,78,egypt_region,esna,2583.918,330.978,0.0,physical_screen,4,False,True,9172.166666666666,3419.2916666666665,True
pp_nav_01767,navigable,13,hindustan_region,ballia,3710.003,493.02,0.18491897583007813,physical_screen,4,False,True,11537.25,3408.25,True
pp_nav_01768,barrier,77,south_china_region,yongping_yongchang,904.8815,157.344,4.9103271484375,physical_screen,3,False,False,12213.4375,3425.3541666666665,False
pp_nav_01769,navigable,78,bengal_region,hajipur,9974.177,1314.526,0.07859502104895706,physical_screen,5,False,True,11588.833333333334,3417.2083333333335,True
pp_nav_01770,improvable,76,indochina_region,myitkyina,4192.202,623.298,0.4508819580078125,bounded_native_gap;physical_screen,5,False,True,12122.92,3427.5,False
pp_nav_01771,navigable,81,hindustan_region,prayag,1002.9285,169.358,0.1631439072391311,physical_screen,5,False,False,11413.166666666666,3420.6458333333335,True
pp_nav_01772,navigable,81,hindustan_region,buxar,3422.69,475.825,0.18368284797324846,physical_screen,4,False,True,11495.791666666666,3418.5,True
pp_nav_01773,navigable,79,hindustan_region,chunar,3253.8684999999996,457.374,0.0,physical_screen,5,False,True,11475.0,3425.0,True
pp_nav_01774,navigable,80,western_india_region,naserpur,5004.254,1132.493,0.02852397346878054,physical_screen,4,False,False,10800.270833333334,3432.8541666666665,False
pp_nav_01775,navigable,72,indochina_region,htamanthi,3264.635,342.695,0.0,bounded_native_gap;physical_screen,5,False,True,12024.833333333334,3431.625,False
pp_nav_01776,navigable,82,bengal_region,khagaria,2259.8865,460.323,0.07061137846706778,bounded_native_gap;physical_screen,5,False,False,11654.166666666666,3422.25,True
pp_nav_01777,improvable,79,bengal_region,muktagacha,20985.947,3358.2595,0.22524685269949235,bounded_native_gap;physical_screen,5,False,False,11772.541666666666,3434.6875,True
pp_nav_01778,navigable,82,hindustan_region,prayag,2048.059,222.477,0.055310171040439185,physical_screen,4,False,True,11396.0625,3427.5208333333335,True
pp_nav_01779,navigable,77,bengal_region,khagaria,10270.747,1346.83,0.0,bounded_native_gap;physical_screen,5,False,True,11628.729166666666,3427.0208333333335,True
pp_nav_01780,improvable,77,bengal_region,katihar,12788.52,2018.856,0.3025633078654395,bounded_native_gap;physical_screen,5,False,False,11680.833333333334,3431.125,True
pp_nav_01781,navigable,85,south_china_region,lujiang,1493.5880000000002,266.9405,0.0,physical_screen,3,False,False,12192.145833333334,3444.4791666666665,False
pp_nav_01782,navigable,28,bengal_region,samastipur,10056.561000000002,1326.1255,0.07651654997619166,physical_screen,5,False,True,11609.625,3427.875,True
pp_nav_01783,navigable,33,bengal_region,pandua_adina,506.361,88.351,0.07964616949267314,physical_screen,3,False,False,11689.21052631579,3431.684210526316,True
pp_nav_01784,navigable,8,hindustan_region,shankargah,2060.8225,223.7185,0.0,physical_screen,4,False,True,11413.5,3428.0,True
pp_nav_01785,navigable,78,hindustan_region,bhadohi,3255.033,458.406,0.040578069512295256,physical_screen,4,False,True,11435.166666666666,3432.75,True
pp_nav_01786,navigable,60,bengal_region,khagaria,10430.958,1446.946,0.10388058492203495,bounded_native_gap;physical_screen,5,False,True,11651.527777777777,3431.027777777778,True
pp_nav_01787,navigable,77,indochina_region,myitkyina,799.345,100.4085,0.15747909545898436,physical_screen,5,False,True,12110.354166666666,3442.3541666666665,False
pp_nav_01788,navigable,77,south_china_region,nadi,1237.5575,284.736,0.0,bounded_native_gap;physical_screen,3,False,False,12556.083333333334,3439.3333333333335,False
pp_nav_01789,navigable,79,egypt_region,edfu,2588.8225,322.566,0.05966097142574208,physical_screen,4,False,True,9185.083333333334,3449.5,True
pp_nav_01790,navigable,56,hindustan_region,varanasi,3259.147,456.505,0.20353692731351716,physical_screen,4,False,True,11456.472222222223,3437.9166666666665,True
pp_nav_01791,navigable,75,south_china_region,rongshui,628.27,197.192,0.148455810546875,physical_screen,5,False,False,12664.458333333334,3448.375,False
pp_nav_01792,improvable,83,south_china_region,youdian,936.7245,159.739,0.9110066544577564,physical_screen,3,False,False,12232.1875,3452.3125,False
pp_nav_01793,navigable,78,bengal_region,sohra,1057.385,138.0365,0.022628307342529297,bounded_native_gap;physical_screen,5,False,True,11848.979166666666,3447.6458333333335,False
pp_nav_01794,navigable,16,indochina_region,myitkyina,4501.952,681.693,0.063873291015625,physical_screen,4,False,False,12116.727272727272,3444.818181818182,False
pp_nav_01795,navigable,82,bengal_region,gaur,13298.544,2101.813,0.0,physical_screen,5,False,False,11696.104166666666,3459.0625,True
pp_nav_01796,barrier,82,south_china_region,wangmu,1193.3635,274.023,3.4938034600804766,physical_screen,5,False,False,12529.0625,3449.7708333333335,False
pp_nav_01797,improvable,73,indochina_region,htamanthi,4100.456,373.94849999999997,0.15225982666015625,bounded_native_gap;physical_screen,5,False,True,12008.1875,3459.4583333333335,False
pp_nav_01798,improvable,75,south_china_region,anlong,593.167,156.973,1.381494140625,physical_screen,5,False,False,12478.666666666666,3452.9583333333335,False
pp_nav_01799,barrier,77,south_china_region,donglan,1661.026,396.516,3.79608154296875,physical_screen,3,False,False,12575.8125,3461.0625,False
pp_nav_01800,navigable,77,western_india_region,thatta,4155.897,924.7525,0.0483250617980957,physical_screen,4,False,False,10788.479166666666,3460.3541666666665,False
pp_nav_01801,navigable,82,bengal_region,atiya,20656.711,3286.8165,0.02859220504760742,bounded_native_gap;physical_screen,5,False,False,11775.270833333334,3466.8333333333335,True
pp_nav_01802,barrier,83,south_china_region,ceheng,639.4375,171.3775,3.2160350467975656,physical_screen,3,False,False,12503.625,3461.5416666666665,False
pp_nav_01803,navigable,75,bengal_region,khaspur,1398.439,146.994,0.046872425079345706,bounded_native_gap;physical_screen,3,False,True,11890.333333333334,3456.9166666666665,False
pp_nav_01804,navigable,14,bengal_region,khaspur,892.349,82.817,0.12041015625,physical_screen,3,False,True,11910.818181818182,3456.0,False
pp_nav_01805,navigable,19,south_china_region,dingbian_shunning,1127.933,212.812,0.0,physical_screen,1,False,False,12266.615384615385,3459.3846153846152,False
pp_nav_01806,navigable,80,indochina_region,manmaw,5337.6375,766.161,0.0,physical_screen,4,False,True,12111.895833333334,3475.6458333333335,False
pp_nav_01807,navigable,78,bengal_region,khaliajuri,1731.8319999999999,234.15550000000002,0.0,physical_screen,5,False,True,11836.291666666666,3473.625,False
pp_nav_01808,navigable,49,south_china_region,huangcaoba,510.494,134.453,0.0,physical_screen,3,False,False,12467.65625,3463.03125,False
pp_nav_01809,navigable,21,south_china_region,ceheng,653.364,174.936,0.0,physical_screen,3,False,False,12520.92857142857,3463.4285714285716,False
pp_nav_01810,barrier,80,south_china_region,dingbian_shunning,1123.244,213.0865,4.5688643257579376,physical_screen,3,False,False,12257.208333333334,3466.4166666666665,False
pp_nav_01811,navigable,83,south_china_region,shidian,1563.793,285.146,0.0,physical_screen,5,False,False,12200.224489795919,3479.9795918367345,False
pp_nav_01812,improvable,80,south_china_region,liucheng,1132.0925,366.3335,0.402276611328125,physical_screen,3,False,False,12667.041666666666,3477.125,False
pp_nav_01813,navigable,77,bengal_region,baniachang,1912.281,283.573,0.019149971008300782,bounded_native_gap;physical_screen,5,False,True,11852.57142857143,3469.469387755102,False
pp_nav_01814,navigable,24,bengal_region,shaharpara,1588.795,196.48399999999998,0.004773902893066406,physical_screen,3,False,True,11871.5,3468.0,False
pp_nav_01815,navigable,74,south_china_region,yingde,538.7595,190.22699999999998,0.0,bounded_native_gap;physical_screen,5,False,False,12857.645833333334,3482.3541666666665,False
pp_nav_01816,barrier,79,egypt_region,kom_ombo,2631.278,322.608,0.028672212652569945,nile_cataract_belt;physical_screen,4,False,True,9187.125,3487.125,False
pp_nav_01817,navigable,78,indochina_region,thaungdut,4189.877,376.0105,0.21696393908550213,physical_screen,4,False,True,12002.041666666666,3489.0416666666665,False
pp_nav_01818,navigable,83,bengal_region,chandrabad,13494.146,1958.641,0.0,physical_screen,5,False,True,11715.958333333334,3482.2708333333335,True
pp_nav_01819,navigable,70,western_india_region,laribandar,4120.659,898.798,0.0,physical_screen,4,False,False,10777.073170731708,3487.2195121951218,False
pp_nav_01820,navigable,79,south_china_region,duyang,1759.283,424.978,0.0,physical_screen,3,False,False,12586.3125,3491.6875,False
pp_nav_01821,navigable,82,south_china_region,baodian,1204.28,222.355,0.0,physical_screen,3,False,False,12264.041666666666,3496.5416666666665,False
pp_nav_01822,navigable,76,bengal_region,khaliajuri,2168.727,286.6805,0.0,physical_screen,5,False,True,11837.229166666666,3489.6458333333335,False
pp_nav_01823,navigable,38,western_india_region,wanga_bazar,598.524,80.511,0.28960717742183184,physical_screen,3,False,True,10836.04347826087,3490.782608695652,False
pp_nav_01824,improvable,72,indochina_region,mongyang,6133.656999999999,896.5415,0.1103057861328125,bounded_native_gap;physical_screen,4,False,True,12088.4375,3490.2708333333335,False
pp_nav_01825,navigable,78,bengal_region,savar,20696.012,3227.185,0.0,physical_screen,5,False,False,11773.26,3500.18,True
pp_nav_01826,improvable,79,south_china_region,yangshou,1408.8315,455.9645,0.5044052124023437,bounded_native_gap;physical_screen,5,False,False,12681.583333333334,3497.1666666666665,False
pp_nav_01827,navigable,82,bengal_region,pabna,13499.144,1806.8,0.05061073500301098,physical_screen,5,False,True,11741.5625,3501.4375,True
pp_nav_01828,barrier,79,indochina_region,ta_shwe_htan,1698.971,293.702,6.876312255859375,physical_screen,3,False,False,12181.958333333334,3500.375,False
pp_nav_01829,navigable,33,indochina_region,mongyang,5711.4845000000005,814.76,0.01368408203125,bounded_native_gap;physical_screen,5,False,True,12108.3,3496.25,False
pp_nav_01830,navigable,83,south_china_region,longping_pingle,523.1610000000001,170.75799999999998,0.12720260620117188,physical_screen,3,False,False,12741.666666666666,3509.9166666666665,False
pp_nav_01831,navigable,75,indochina_region,shwegu,6239.884,916.239,0.1164886474609375,physical_screen,5,False,True,12075.354166666666,3508.5208333333335,False
pp_nav_01832,improvable,77,south_china_region,yingde,1117.4524999999999,365.6495,0.6540122985839844,bounded_native_gap;physical_screen,5,False,False,12845.520833333334,3512.3958333333335,False
pp_nav_01833,navigable,73,bengal_region,sonargaon,4836.327,763.7964999999999,0.0,bounded_native_gap;physical_screen,5,False,False,11824.833333333334,3511.875,False
pp_nav_01834,improvable,78,indochina_region,thaungdut,4416.645,388.0285,0.6964584350585937,bounded_native_gap;physical_screen,4,False,True,11992.854166666666,3516.2291666666665,False
pp_nav_01835,navigable,77,south_china_region,anding_mashan,2003.491,485.629,0.0,bounded_native_gap;physical_screen,4,False,False,12626.041666666666,3508.25,False
pp_nav_01836,barrier,83,nubia_region,kalabsha,3035.3015,369.36850000000004,0.0,nile_cataract_belt,4,False,True,9187.479166666666,3526.1041666666665,False
pp_nav_01837,navigable,85,south_china_region,duyang,1845.747,447.925,0.0,physical_screen,3,False,False,12600.196078431372,3515.2156862745096,False
pp_nav_01838,navigable,56,indochina_region,mabein,940.543,191.15300000000002,0.0,physical_screen,3,False,False,12085.117647058823,3521.3823529411766,False
pp_nav_01839,navigable,78,bengal_region,pabna,13495.124,1755.278,0.0,physical_screen,5,False,True,11771.291666666666,3515.6875,True
pp_nav_01840,navigable,78,south_china_region,wuxian_liuzhou,2377.93,610.67,0.0,physical_screen,5,False,False,12676.895833333334,3518.0416666666665,False
pp_nav_01841,navigable,54,indochina_region,ta_shwe_htan,1791.075,301.727,0.0,physical_screen,3,False,False,12177.088235294117,3522.0588235294117,False
pp_nav_01842,navigable,46,south_china_region,gengma,1244.156,227.297,0.0,physical_screen,3,False,False,12254.290322580646,3522.2903225806454,False
pp_nav_01843,navigable,79,south_china_region,qianjiang_binzhou,2188.7325,540.3064999999999,0.1245330810546875,physical_screen,4,False,False,12651.395833333334,3520.6041666666665,False
pp_nav_01844,navigable,64,south_china_region,haiyang,504.313,131.248,0.2243039351435181,mouth_alignment_snap;physical_screen,3,False,False,13001.0,3525.0,True
pp_nav_01845,navigable,70,indochina_region,namhkan,590.611,119.67699999999999,0.9899505615234375,physical_screen,3,False,False,12123.217391304348,3524.4565217391305,False
pp_nav_01846,navigable,83,indochina_region,takawng,7647.104,1183.206,0.0,bounded_native_gap;physical_screen,4,True,False,12062.166666666666,3538.6666666666665,False
pp_nav_01847,navigable,12,south_china_region,qianjiang_binzhou,2334.964,593.094,0.28534548973896395,physical_screen,4,False,False,12667.285714285714,3522.285714285714,False
pp_nav_01848,navigable,74,bengal_region,bikrampur,34855.824,6013.238,0.0,physical_screen,5,True,False,11798.020833333334,3534.4791666666665,True
pp_nav_01849,navigable,20,south_china_region,qingyuan,1263.292,404.637,0.06366100311279296,physical_screen,3,False,False,12833.307692307691,3528.3076923076924,False
pp_nav_01850,navigable,23,bengal_region,sonargaon,4866.102,768.621,0.0,bounded_native_gap;physical_screen,5,False,False,11814.866666666667,3529.3333333333335,False
pp_nav_01851,navigable,33,south_china_region,cangwu,588.0630000000001,189.8725,0.2740415169895555,physical_screen,3,False,False,12753.35,3530.05,False
pp_nav_01852,navigable,78,south_china_region,guiping,3887.106,1225.822,0.0,physical_screen,4,True,False,12694.9375,3535.0208333333335,False
pp_nav_01853,navigable,79,south_china_region,pingnan,5574.379,1653.93,0.0,physical_screen,4,True,False,12722.145833333334,3534.3125,False
pp_nav_01854,improvable,77,indochina_region,kale,4612.588,406.66200000000003,0.884298573933123,physical_screen,4,True,True,11986.395833333334,3549.6041666666665,False
pp_nav_01855,improvable,48,south_china_region,cangwu,6009.847,1846.3645000000001,1.0372892379760743,physical_screen,5,True,False,12746.733333333334,3537.9333333333334,False
pp_nav_01856,improvable,74,south_china_region,fengchuan,6962.993,2240.904,1.1148524179054091,physical_screen,5,True,False,12769.046511627907,3545.1162790697676,False
pp_nav_01857,navigable,33,bengal_region,chandpur,20210.2745,3408.5715,0.29596178531646733,physical_screen,5,True,False,11814.7,3543.65,True
pp_nav_01858,navigable,78,indochina_region,nam_thing,2034.899,333.151,0.0,physical_screen,4,True,False,12178.583333333334,3551.625,False
pp_nav_01859,barrier,68,nubia_region,qasr_ibrim,3213.658,385.207,0.0,nile_cataract_belt,4,True,True,9178.666666666666,3560.1666666666665,False
pp_nav_01860,improvable,82,south_china_region,gaoyao,7215.861,2326.185,0.7790477752685547,physical_screen,5,True,False,12797.88,3556.04,False
pp_nav_01861,navigable,79,south_china_region,gaoyao,8203.022500000001,2673.038,0.0,physical_screen,5,True,False,12823.3125,3559.3541666666665,False
pp_nav_01862,navigable,85,indochina_region,ngasingu,7773.5445,1197.737,0.0,physical_screen,4,True,False,12059.0,3581.0,False
pp_nav_01863,navigable,44,south_china_region,nanhai,9033.918000000001,2993.147,0.20960397720336915,physical_screen,3,True,False,12836.846153846154,3566.8076923076924,False
pp_nav_01864,navigable,80,indochina_region,butalin,5566.781,548.323,0.0,physical_screen,4,True,True,11997.895833333334,3568.3958333333335,False
pp_nav_01865,navigable,82,south_china_region,pangyang,2159.079,355.532,0.0,physical_screen,4,True,False,12178.541666666666,3576.75,False
pp_nav_01866,navigable,68,south_china_region,xiangshan_xinhui,9138.308,3013.58,0.02603110149502754,physical_screen,5,True,False,12840.95,3583.55,False
pp_nav_01867,barrier,73,nubia_region,qasr_ibrim,3215.723,371.877,0.0,nile_cataract_belt,4,True,True,9151.625,3582.0833333333335,False
pp_nav_01868,barrier,16,nubia_region,qasr_ibrim,3213.817,382.397,3.35693359375e-05,nile_cataract_belt,4,True,True,9167.818181818182,3578.818181818182,False
pp_nav_01869,navigable,82,indochina_region,butalin,5621.925,555.063,0.0,physical_screen,4,True,True,12009.520833333334,3592.3541666666665,False
pp_nav_01870,barrier,70,nubia_region,daw_sud,3217.121,353.356,0.0,nile_cataract_belt,4,True,True,9128.208333333334,3602.7083333333335,False
pp_nav_01871,navigable,76,south_china_region,pangyang,2148.784,351.535,0.0,physical_screen,4,True,False,12181.375,3610.5,False
pp_nav_01872,navigable,13,indochina_region,ngasingu,7798.2705000000005,1202.9225000000001,0.0223052978515625,physical_screen,4,True,False,12060.25,3604.25,False
pp_nav_01873,navigable,83,indochina_region,amyint,5678.504,559.339,0.08126220703125,physical_screen,4,True,True,12022.875,3625.2916666666665,False
pp_nav_01874,navigable,36,indochina_region,wetwin,8297.394,1263.635,0.0,physical_screen,5,True,False,12061.857142857143,3618.3809523809523,False
pp_nav_01875,barrier,71,nubia_region,faras,3217.156,344.95799999999997,0.0715484619140625,nile_cataract_belt,4,True,True,9110.0,3632.5,False
pp_nav_01876,navigable,75,indochina_region,amyint,9392.561,1499.941,0.036220227060096845,physical_screen,5,True,False,12033.9375,3637.7291666666665,False
pp_nav_01877,navigable,32,indochina_region,sagaing,9043.3405,1450.8345,0.0,physical_screen,5,True,False,12052.444444444445,3625.0555555555557,False
pp_nav_01878,improvable,79,south_china_region,matman,2137.085,346.1835,1.2766845703125,physical_screen,4,True,False,12179.229166666666,3641.1458333333335,False
pp_nav_01879,navigable,79,indochina_region,mong_yawng,2140.005,390.125,0.0,physical_screen,5,True,False,12290.520833333334,3647.9375,False
pp_nav_01880,navigable,14,indochina_region,amyint,5664.2345000000005,542.048,0.3440058118154363,physical_screen,5,True,True,12027.6,3647.1,False
pp_nav_01881,barrier,75,nubia_region,sai,3218.8959999999997,337.07550000000003,0.0,nile_cataract_belt,4,True,True,9093.083333333334,3659.7083333333335,False
pp_nav_01882,navigable,74,indochina_region,pakokku,15058.088,2118.962,0.018865966796875,physical_screen,5,True,True,12015.040816326531,3663.8367346938776,False
pp_nav_01883,barrier,74,indochina_region,muang_sing,2485.4975,453.7395,3.1974791049429663,physical_screen,5,True,False,12271.479166666666,3672.9791666666665,False
pp_nav_01884,navigable,83,indochina_region,tam_dai,3280.447,514.469,0.06049578809211247,physical_screen,5,True,False,12498.6875,3667.1041666666665,True
pp_nav_01885,improvable,85,indochina_region,mongping,2360.656,379.20849999999996,1.6694554453230506,physical_screen,4,True,False,12181.66,3673.64,False
pp_nav_01886,barrier,76,nubia_region,sai,3224.623,332.0085,0.0,nile_cataract_belt,4,True,True,9076.0625,3685.8958333333335,False
pp_nav_01887,navigable,82,indochina_region,khoai_chau,3357.53,556.671,0.005576167329610153,physical_screen,4,True,False,12517.8125,3694.0625,True
pp_nav_01888,navigable,82,indochina_region,salay,15131.975,2135.9105,0.10621261596679688,physical_screen,5,True,True,12006.208333333334,3695.9166666666665,False
pp_nav_01889,improvable,38,indochina_region,mong_hpayak,2606.6265000000003,478.5915,0.37685546875,physical_screen,4,True,False,12262.40909090909,3686.909090909091,False
pp_nav_01890,barrier,78,indochina_region,mongtung,2697.8365,449.368,5.666607666015625,physical_screen,4,True,False,12180.041666666666,3706.375,False
pp_nav_01891,improvable,57,indochina_region,vieng_phouka,2664.26,490.5745,0.939398193359375,physical_screen,4,True,False,12249.583333333334,3704.972222222222,False
pp_nav_01892,barrier,85,nubia_region,sai,3231.152,331.037,0.1799652099609375,nile_cataract_belt,4,True,True,9076.875,3715.0833333333335,False
pp_nav_01893,improvable,54,indochina_region,vieng_phouka,2812.2435,532.862,0.71143798828125,physical_screen,4,True,False,12256.79411764706,3714.6470588235293,False
pp_nav_01894,navigable,43,indochina_region,bo_hai_khau,3380.25,672.846,0.0,mouth_alignment_snap;physical_screen,4,True,False,12533.75,3713.4166666666665,True
pp_nav_01895,navigable,9,indochina_region,magway,15249.739,2158.856,0.03058624267578125,physical_screen,5,True,True,12010.833333333334,3716.3333333333335,False
pp_nav_01896,navigable,30,indochina_region,magway,15280.502,2165.046,0.0,physical_screen,5,True,True,12012.473684210527,3726.5263157894738,False
pp_nav_01897,navigable,84,indochina_region,chom_khao_maneerat,2983.468,583.479,0.0,physical_screen,5,True,False,12271.041666666666,3734.125,False
pp_nav_01898,navigable,83,indochina_region,mawkmai,2775.775,460.78150000000005,0.0,physical_screen,4,True,False,12165.4375,3730.9375,False
pp_nav_01899,navigable,75,indochina_region,muang_xay,3073.836,592.4884999999999,0.7367250329062752,physical_screen,4,True,False,12330.875,3733.3333333333335,False
pp_nav_01900,barrier,82,nubia_region,kerma,3235.443,334.457,0.005315489681234474,nile_cataract_belt,4,True,True,9073.5,3743.2916666666665,False
pp_nav_01901,navigable,88,indochina_region,myede,15342.7295,2189.871,0.07494985204334503,physical_screen,5,True,True,12022.145833333334,3751.3541666666665,False
pp_nav_01902,navigable,74,indochina_region,mongpai,3176.545,552.477,0.0,physical_screen,4,True,False,12137.645833333334,3751.1458333333335,False
pp_nav_01903,barrier,10,indochina_region,hongsa,3757.916,779.019,3.515782635852563,physical_screen,4,True,False,12342.857142857143,3736.8571428571427,False
pp_nav_01904,navigable,75,indochina_region,muang_xay,3032.817,597.433,0.0,physical_screen,4,True,False,12298.906976744185,3741.4418604651164,False
pp_nav_01905,navigable,75,indochina_region,hongsa,3917.639,793.34,0.0,physical_screen,5,True,False,12330.125,3750.9166666666665,False
pp_nav_01906,barrier,79,nubia_region,abu_hamed,3084.461,383.582,0.1661041259765625,nile_cataract_belt;physical_screen,4,True,True,9197.458333333334,3762.7916666666665,False
pp_nav_01907,barrier,87,nubia_region,dongola,3238.687,347.094,0.1288304601358085,nile_cataract_belt,4,True,True,9077.041666666666,3780.75,False
pp_nav_01908,navigable,46,indochina_region,vang_vieng,3943.542,783.4,0.0,physical_screen,4,True,False,12326.344827586207,3776.4137931034484,False
pp_nav_01909,barrier,77,nubia_region,abu_hamed,3081.3990000000003,381.509,0.000845836709305877,nile_cataract_belt,4,True,True,9172.479166666666,3782.9791666666665,False
pp_nav_01910,navigable,84,nubia_region,shemkhiya,3085.11,384.856,0.12443308188432062,physical_screen,4,True,True,9216.375,3785.875,False
pp_nav_01911,navigable,55,indochina_region,thayet,15424.895,2208.358,0.0,physical_screen,5,True,True,12022.666666666666,3785.6969696969695,False
pp_nav_01912,navigable,87,indochina_region,siri_do,3378.835,601.871,0.0,physical_screen,4,True,False,12124.745098039215,3798.843137254902,False
pp_nav_01913,barrier,78,nubia_region,karima,3078.8405000000002,379.426,0.0,nile_cataract_belt,4,True,True,9149.270833333334,3804.6875,False
pp_nav_01914,navigable,33,indochina_region,pyay,15731.348999999998,2255.4515,0.0,physical_screen,5,True,True,12022.15,3806.65,False
pp_nav_01915,improvable,62,indochina_region,ban_khon,4100.2605,791.7885,1.539019775390625,physical_screen,4,True,False,12319.479166666666,3816.9791666666665,False
pp_nav_01916,barrier,81,nubia_region,dongola,3241.606,361.291,0.0,nile_cataract_belt,4,True,True,9085.333333333334,3818.5416666666665,False
pp_nav_01917,navigable,82,nubia_region,shemkhiya,3089.483,389.146,0.078790283203125,physical_screen,4,True,True,9226.875,3819.25,False
pp_nav_01918,navigable,74,indochina_region,paungde,15987.658,2288.718,0.2153731346130371,physical_screen,5,True,True,12028.604166666666,3828.8958333333335,False
pp_nav_01919,navigable,20,mesoamerica_region,cupilco,3574.402,748.532,0.038498973846435545,physical_screen,4,True,False,3471.0,3820.5,True
pp_nav_01920,barrier,67,nubia_region,karima,3090.071,380.773,0.22177886616862152,nile_cataract_belt,4,True,True,9131.854166666666,3831.7291666666665,False
pp_nav_01921,navigable,36,indochina_region,bolikham,5441.219,959.044,0.0,physical_screen,4,True,False,12398.0,3821.9523809523807,False
pp_nav_01922,navigable,78,indochina_region,bolikham,5838.5825,989.0675,0.0045166015625,physical_screen,4,True,False,12421.604166666666,3830.6041666666665,False
pp_nav_01923,navigable,84,mesoamerica_region,cupilco,2335.292,497.639,0.013029652833938598,physical_screen,4,True,False,3484.625,3831.875,False
pp_nav_01924,navigable,76,indochina_region,pak_huei_lang,4645.690500000001,856.4315,0.0,physical_screen,5,True,False,12384.166666666666,3838.2708333333335,False
pp_nav_01925,improvable,13,indochina_region,ban_khon,4151.812,782.427,1.81368408203125,physical_screen,4,True,False,12307.25,3834.75,False
pp_nav_01926,navigable,76,indochina_region,phon_hong,4347.119500000001,803.1345,0.0,physical_screen,4,True,False,12337.083333333334,3839.3333333333335,False
pp_nav_01927,navigable,78,nubia_region,shemkhiya,3075.4120000000003,375.2655,0.0275054931640625,physical_screen,4,True,True,9235.979166666666,3854.5625,False
pp_nav_01928,barrier,79,nubia_region,karima,3081.701,375.37,0.08706817626953126,nile_cataract_belt,4,True,True,9104.833333333334,3842.8333333333335,False
pp_nav_01929,navigable,83,mesoamerica_region,zahuatan,2203.863,464.08050000000003,0.10163946151733398,physical_screen,4,True,False,3507.8541666666665,3853.1041666666665,False
pp_nav_01930,barrier,9,nubia_region,karima,3081.544,376.706,0.13673934002270977,nile_cataract_belt,4,True,True,9122.333333333334,3842.8333333333335,False
pp_nav_01931,navigable,39,indochina_region,phon_hong,4311.710999999999,805.2760000000001,0.53458251953125,physical_screen,5,True,False,12319.25,3849.6666666666665,False
pp_nav_01932,navigable,75,indochina_region,thakhek,6494.3655,1043.6305,0.030121710964696687,physical_screen,4,True,False,12441.583333333334,3856.9166666666665,False
pp_nav_01933,navigable,75,indochina_region,vientiane,4444.436,815.376,0.23074951171875,physical_screen,4,True,False,12361.822222222223,3850.0,False
pp_nav_01934,navigable,80,indochina_region,tharrawaddy,16232.7,2327.255,0.15693378448486328,physical_screen,5,True,True,12036.25,3861.5,False
pp_nav_01935,barrier,81,indochina_region,papun,4336.8555,790.8555,4.6974029541015625,physical_screen,4,True,False,12138.75,3865.4583333333335,False
pp_nav_01936,navigable,19,mesoamerica_region,tatahuitalpan,2112.636,444.088,0.09094857906709783,physical_screen,4,True,False,3522.076923076923,3857.923076923077,False
pp_nav_01937,navigable,85,deccan_region,rampa,3308.805,320.398,0.19922698899128294,physical_screen,4,True,True,11402.0625,3881.4375,False
pp_nav_01938,navigable,76,indochina_region,thakhek,7056.45,1141.953,0.0,physical_screen,5,True,False,12459.702127659575,3885.127659574468,False
pp_nav_01939,navigable,76,nubia_region,el_metemma,2699.583,341.2365,0.0122314453125,physical_screen,4,True,True,9227.395833333334,3887.9375,False
pp_nav_01940,navigable,77,indochina_region,twante,16598.076,2370.4790000000003,0.0,physical_screen,5,True,True,12042.895833333334,3889.3125,False
pp_nav_01941,navigable,80,indochina_region,hpa_an,4646.184,810.4490000000001,0.09679832458496093,physical_screen,5,True,False,12135.125,3902.0833333333335,True
pp_nav_01942,navigable,81,deccan_region,rajamahendry,3368.343,325.536,0.1971222734581387,physical_screen,4,True,True,11418.770833333334,3912.1458333333335,False
pp_nav_01943,navigable,73,nubia_region,el_metemma,2693.539,339.74,0.13780775490484642,physical_screen,4,True,True,9212.791666666666,3916.2916666666665,False
pp_nav_01944,navigable,80,indochina_region,naungyo,16828.417,2314.114,0.0,physical_screen,5,True,True,12031.145833333334,3919.6458333333335,False
pp_nav_01945,navigable,80,indochina_region,savannakhet,7443.99,1237.453,0.0,physical_screen,4,True,False,12461.479166666666,3925.1041666666665,False
pp_nav_01946,navigable,20,indochina_region,martaban,5205.188,821.188,0.06391210556030275,mouth_alignment_snap;physical_screen,4,True,False,12135.583333333334,3925.9166666666665,True
pp_nav_01947,navigable,74,nubia_region,el_metemma,2688.5985,341.425,0.18104248046875,physical_screen,4,True,True,9186.020833333334,3932.8541666666665,False
pp_nav_01948,navigable,12,indochina_region,naungyo,17115.621,2321.027,0.0,physical_screen,5,True,True,12018.777777777777,3935.777777777778,False
pp_nav_01949,navigable,46,indochina_region,thuan_binh,7509.916,1259.495,0.0,physical_screen,4,True,False,12473.592592592593,3949.4074074074074,False
pp_nav_01950,navigable,68,nubia_region,omdurman,2697.758,348.076,0.09341369052979101,physical_screen,4,True,True,9171.794871794871,3960.7948717948716,False
pp_nav_01951,navigable,82,indochina_region,muang_mang,8142.1475,1300.5445,0.0,physical_screen,5,True,False,12490.895833333334,3966.7083333333335,False
pp_nav_01952,navigable,78,indochina_region,champasak,8199.699499999999,1292.714,0.1474456787109375,physical_screen,5,True,False,12498.958333333334,3995.0416666666665,False
pp_nav_01953,navigable,72,indochina_region,champasak,9552.111,1549.232,0.0,physical_screen,5,True,False,12510.767441860466,4022.720930232558,False
pp_nav_01954,barrier,84,indochina_region,preah_ko,9693.501,1558.238,0.33614664543506434,khone_falls;physical_screen,5,True,False,12510.1875,4060.2291666666665,False
pp_nav_01955,barrier,25,indochina_region,preah_ko,69.199,13.244,0.18720888146097087,khone_falls,1,True,False,12502.466666666667,4063.5333333333333,False
pp_nav_01956,barrier,79,indochina_region,preah_ko,9918.176,1571.054,0.30915145874023436,khone_falls;physical_screen,5,True,False,12515.104166666666,4089.8541666666665,False
pp_nav_01957,navigable,52,indochina_region,sampheak_borak,13014.854,2067.9390000000003,0.24846766164013748,physical_screen,5,True,False,12515.4375,4121.25,False
pp_nav_01958,navigable,33,indochina_region,kracheh,13216.462,2109.0195000000003,0.2485261917114258,physical_screen,5,True,False,12516.0,4147.0,False
pp_nav_01959,navigable,30,indochina_region,kracheh,13389.531,2148.369,0.12015241362461943,physical_screen,5,True,False,12516.5,4162.666666666667,False
pp_nav_01960,navigable,82,indochina_region,phnom_santuk,13567.753,2127.523,0.003872108459472656,physical_screen,5,True,False,12496.125,4174.25,True
pp_nav_01961,navigable,77,indochina_region,indrapura_khmer,13563.929,2021.828,0.06751627767964204,physical_screen,5,True,True,12473.75,4193.791666666667,True
pp_nav_01962,navigable,78,indochina_region,srey_sarchhor,15039.382000000001,2488.7315,0.0,physical_screen,5,True,False,12479.958333333334,4221.666666666667,True
pp_nav_01963,navigable,85,colombia_region,mocana,7261.811,3767.047,0.0883546215455795,physical_screen,4,True,False,4285.270833333333,4252.854166666667,True
pp_nav_01964,navigable,75,indochina_region,vyadhapura,14915.392,2493.523,0.020526313781738283,physical_screen,5,True,False,12484.979166666666,4255.3125,True
pp_nav_01965,navigable,75,indochina_region,phsar_dek,15164.515,2388.783,0.03933320045471191,physical_screen,5,True,False,12500.4375,4283.0625,True
pp_nav_01966,navigable,75,colombia_region,mahates,7280.052,3794.089,0.08855772018432617,physical_screen,4,True,False,4280.458333333333,4287.708333333333,True
pp_nav_01967,navigable,59,indochina_region,phsar_dek,15247.082,2402.529,0.1891842246055603,mouth_alignment_snap;physical_screen,5,True,False,12520.216216216217,4305.783783783784,True
pp_nav_01968,navigable,82,colombia_region,mompoj,7214.783,3773.296,0.11286006314072547,physical_screen,4,True,False,4285.469387755102,4323.163265306122,True
pp_nav_01969,navigable,76,nubia_region,fashoda,2381.184,645.1724999999999,0.011414250114394573,physical_screen,5,True,False,9124.770833333334,4323.145833333333,False
pp_nav_01970,navigable,70,nubia_region,fashoda,2505.318,854.867,0.058413054854871804,physical_screen,4,True,False,9095.525,4322.025,False
pp_nav_01971,navigable,82,colombia_region,mompoj,4181.675,2355.572,0.08791834554435068,physical_screen,5,True,False,4298.12,4353.04,False
pp_nav_01972,navigable,80,colombia_region,mompoj,4168.4715,2342.1695,0.10226925636936227,physical_screen,5,True,False,4320.875,4353.604166666667,False
pp_nav_01973,navigable,45,guinea_region,nupeko,2487.499,531.3295,0.05614570171412803,physical_screen,5,True,False,7963.375,4361.791666666667,False
pp_nav_01974,navigable,8,colombia_region,norosi,4074.567,2308.549,0.10226925636936227,physical_screen,4,True,False,4328.833333333333,4364.333333333333,False
pp_nav_01975,navigable,77,guinea_region,nupeko,2701.392,566.925,0.1583282470703125,physical_screen,4,True,False,7984.1875,4376.3125,False
pp_nav_01976,navigable,79,colombia_region,mompoj,2194.178,1131.567,0.245564448123778,physical_screen,4,True,False,4292.122448979592,4382.65306122449,False
pp_nav_01977,navigable,76,colombia_region,simiti,4123.3825,2337.038,0.15056916463396225,physical_screen,5,True,False,4329.75,4386.625,False
pp_nav_01978,navigable,62,colombia_region,hacaritamas,4138.1075,2339.522,0.11344146728515625,physical_screen,1,True,False,4334.0,4383.388888888889,False
pp_nav_01979,navigable,82,colombia_region,uyapari,36635.816,8655.375,0.05093101415544854,physical_screen,5,True,False,4860.708333333333,4372.416666666667,True
pp_nav_01980,navigable,81,colombia_region,orinucu,36700.344,8702.126499999998,0.001485601745962454,physical_screen,5,True,False,4895.0625,4374.395833333333,True
pp_nav_01981,navigable,11,colombia_region,orinucu,37053.332,8978.582,0.08793234825134277,mouth_alignment_snap;physical_screen,5,True,False,4915.142857142857,4371.142857142857,True
pp_nav_01982,navigable,78,colombia_region,caroni,32223.6025,7421.488,0.14768142700195314,physical_screen,5,True,False,4833.708333333333,4384.833333333333,True
pp_nav_01983,navigable,82,colombia_region,guanipa,32227.789,7407.059,0.030316162109375,physical_screen,5,True,False,4806.0625,4390.6875,True
pp_nav_01984,navigable,82,guinea_region,lokoja,2904.318,590.121,0.17371597290039062,physical_screen,5,True,False,7997.833333333333,4406.75,False
pp_nav_01985,navigable,79,colombia_region,caroni,4357.526,1202.263,0.0,physical_screen,4,True,False,4822.583333333333,4409.833333333333,True
pp_nav_01986,improvable,39,colombia_region,acanti,3739.8655,2144.8334999999997,0.0,mouth_alignment_snap;physical_screen,4,True,False,4183.625,4404.125,True
pp_nav_01987,navigable,72,colombia_region,guanipa,32233.206,7378.3655,0.04510555267333984,physical_screen,5,True,False,4773.479166666667,4401.479166666667,True
pp_nav_01988,navigable,82,guinea_region,kuje,2651.473,498.923,0.030728179423639465,physical_screen,4,True,False,8026.625,4402.791666666667,False
pp_nav_01989,navigable,80,colombia_region,guanipa,31862.559999999998,7348.486,0.07726020812988281,physical_screen,5,True,False,4751.020833333333,4410.979166666667,True
pp_nav_01990,navigable,83,guinea_region,kuje,2497.7884999999997,471.999,0.0884409004253632,physical_screen,4,True,False,8062.958333333333,4410.541666666667,False
pp_nav_01991,navigable,77,colombia_region,simiti,3814.457,2255.729,0.3057243753900562,physical_screen,5,True,False,4326.479166666667,4423.125,False
pp_nav_01992,navigable,83,colombia_region,apure,2639.471,823.68,0.07744674682617188,physical_screen,4,True,False,4626.5,4415.583333333333,False
pp_nav_01993,navigable,10,guinea_region,lokoja,2823.817,539.489,0.12986172888222133,physical_screen,4,True,False,8007.714285714285,4409.714285714285,False
pp_nav_01994,navigable,81,colombia_region,ipire,29438.6425,6876.455,0.0,physical_screen,5,True,False,4703.708333333333,4413.166666666667,True
pp_nav_01995,navigable,80,colombia_region,kai_kara,29459.818,6767.571,0.12974767988934316,physical_screen,5,True,False,4731.666666666667,4421.458333333333,True
pp_nav_01996,navigable,31,guinea_region,katsina_ala,2432.839,486.19,0.0,physical_screen,4,True,False,8087.0,4416.5,False
pp_nav_01997,navigable,84,colombia_region,guamontey,2601.3095000000003,780.789,0.051766977060762664,physical_screen,5,True,False,4658.583333333333,4423.0625,False
pp_nav_01998,navigable,11,colombia_region,ipire,28682.559,6834.566,0.0,physical_screen,5,True,False,4683.428571428572,4421.428571428572,False
pp_nav_01999,navigable,8,colombia_region,guamontey,28755.174,6921.458,0.06891326904296875,physical_screen,5,True,False,4676.4,4422.4,False
pp_nav_02000,navigable,28,colombia_region,murri,3605.493,2127.0985,0.04363751411437988,physical_screen,4,True,False,4178.75,4429.25,False
pp_nav_02001,navigable,86,guinea_region,idah,5810.41,1130.0155,0.01924319615655075,physical_screen,4,True,False,7994.6875,4443.3125,False
pp_nav_02002,navigable,34,colombia_region,kai_kara,2368.876,635.089,0.056383514404296876,physical_screen,4,True,False,4721.190476190476,4431.523809523809,True
pp_nav_02003,navigable,61,colombia_region,caroni,4301.804,1188.236,0.0,physical_screen,4,True,False,4827.631578947368,4440.4473684210525,True
pp_nav_02004,navigable,65,colombia_region,apure,25612.416,6036.39,0.0,physical_screen,5,True,False,4651.6,4441.95,False
pp_nav_02005,navigable,33,colombia_region,murri,2816.235,1791.626,0.007884407043457031,physical_screen,5,True,False,4180.736842105263,4443.421052631579,False
pp_nav_02006,navigable,62,colombia_region,yolombo,2938.503,1963.604,0.1721710205078125,physical_screen,5,True,False,4321.953488372093,4456.930232558139,False
pp_nav_02007,navigable,39,colombia_region,apure,25309.473,5903.667,0.0,physical_screen,5,True,False,4637.08,4458.48,False
pp_nav_02008,navigable,79,nubia_region,shambe,2056.225,1597.371,0.14694635480887094,physical_screen,4,True,False,9104.166666666666,4465.333333333333,False
pp_nav_02009,navigable,78,colombia_region,parepona,2126.872,581.509,0.026991561687260968,physical_screen,4,True,False,4813.520833333333,4467.0625,False
pp_nav_02010,navigable,45,guinea_region,ukunzu,5854.885,1138.5859999999998,0.042761240119154505,physical_screen,4,True,False,7992.107142857143,4474.607142857143,False
pp_nav_02011,navigable,32,colombia_region,kuna,2365.001,1574.107,0.19236011782814103,physical_screen,4,True,False,4187.0952380952385,4476.0,False
pp_nav_02012,navigable,11,colombia_region,guajobos,24758.9905,5799.808999999999,0.14044942787763334,physical_screen,5,True,False,4635.625,4472.125,False
pp_nav_02013,navigable,26,colombia_region,yolombo,2562.723,1814.536,0.2129302978515625,physical_screen,4,True,False,4309.166666666667,4475.666666666667,False
pp_nav_02014,improvable,22,colombia_region,parepona,2036.877,568.46,0.475592041015625,physical_screen,4,True,False,4798.214285714285,4479.714285714285,False
pp_nav_02015,navigable,72,colombia_region,guajobos,23705.02,5507.347,0.031735992431640624,physical_screen,5,True,False,4626.604166666667,4491.979166666667,False
pp_nav_02016,navigable,83,nubia_region,lado,2075.804,1645.851,0.08455650146824441,physical_screen,4,True,False,9122.333333333334,4495.166666666667,False
pp_nav_02017,navigable,77,colombia_region,pantagoras,2469.999,1710.743,0.1586334228515625,physical_screen,4,True,False,4297.75,4497.166666666667,False
pp_nav_02018,navigable,78,guinea_region,ugbodu,6466.9835,1301.2915,0.23074760762568228,physical_screen,4,True,False,7995.333333333333,4507.0,True
pp_nav_02019,navigable,20,colombia_region,essequibo,2082.307,1239.321,0.0,physical_screen,4,True,False,5022.727272727273,4500.272727272727,True
pp_nav_02020,navigable,81,colombia_region,guajobos,5141.753,850.663,0.0,physical_screen,5,True,False,4598.918367346939,4500.0,False
pp_nav_02021,navigable,79,colombia_region,atanari,4790.984,825.8335,0.030370330810546874,physical_screen,4,True,False,4544.604166666667,4505.4375,False
pp_nav_02022,navigable,43,colombia_region,guajobos,4979.572,839.495,0.0,physical_screen,4,True,False,4572.96,4504.52,False
pp_nav_02023,navigable,52,colombia_region,atanari,17791.166,4454.93,0.0,physical_screen,5,True,False,4616.121212121212,4515.333333333333,False
pp_nav_02024,navigable,75,colombia_region,yopo,4727.258,820.6610000000001,0.04951934814453125,physical_screen,4,True,False,4512.854166666667,4514.9375,False
pp_nav_02025,navigable,81,nubia_region,lado,2083.6465,1671.2135,0.152480612586317,physical_screen,4,True,False,9135.354166666666,4529.520833333333,False
pp_nav_02026,navigable,26,colombia_region,ondaimas,2060.2945,1312.944,0.0,physical_screen,5,True,False,4291.944444444444,4520.222222222223,False
pp_nav_02027,navigable,66,colombia_region,essequibo,2270.9030000000002,1320.4695000000002,0.11732168197631837,physical_screen,4,True,False,5018.894736842105,4536.394736842105,False
pp_nav_02028,navigable,79,guinea_region,arochukwu,2091.247,334.308,0.16281490325927733,physical_screen,4,True,False,8054.520833333333,4541.0625,True
pp_nav_02029,navigable,79,guinea_region,ozoro,6519.257,1317.792,0.11889542824043935,physical_screen,4,True,False,7986.791666666667,4542.625,True
pp_nav_02030,navigable,11,colombia_region,yopo,3808.842,682.8355,0.0,physical_screen,4,True,False,4499.875,4529.375,False
pp_nav_02031,navigable,53,colombia_region,atanari,17584.586,4424.228,0.14337005615234374,physical_screen,5,True,False,4608.470588235294,4539.676470588235,False
pp_nav_02032,navigable,77,colombia_region,yopo,3711.7349999999997,671.8489999999999,0.11803131103515625,physical_screen,5,True,False,4483.0625,4540.9375,False
pp_nav_02033,navigable,75,nubia_region,lado,2097.592,1697.0035,0.2083982336924419,physical_screen,4,True,False,9132.833333333334,4566.625,False
pp_nav_02034,navigable,43,colombia_region,yopo,3299.097,591.354,0.0,physical_screen,4,True,False,4464.172413793103,4559.172413793103,False
pp_nav_02035,navigable,79,colombia_region,maracoa,13930.309000000001,3595.4404999999997,0.0,physical_screen,5,True,False,4600.833333333333,4574.708333333333,False
pp_nav_02036,navigable,78,guinea_region,warri,6670.968,1346.513,0.11889542824043935,physical_screen,4,True,False,7973.375,4570.291666666667,True
pp_nav_02037,navigable,62,guinea_region,eket,2395.918,389.811,0.012807273864746093,mouth_alignment_snap;physical_screen,4,True,False,8059.944444444444,4568.555555555556,True
pp_nav_02038,navigable,78,central_africa_region,krebedje,3740.205,992.181,0.0,physical_screen,5,True,False,8578.666666666666,4563.854166666667,False
pp_nav_02039,navigable,78,central_africa_region,bosobolo,3292.395,888.071,0.016900329427754053,physical_screen,4,True,False,8607.708333333334,4576.791666666667,False
pp_nav_02040,navigable,17,colombia_region,tauramena,3034.696,545.459,0.0858154296875,physical_screen,4,True,False,4455.545454545455,4571.545454545455,False
pp_nav_02041,navigable,71,central_africa_region,boali,3798.017,992.365,0.1282166516808624,physical_screen,4,True,False,8553.541666666666,4584.041666666667,False
pp_nav_02042,navigable,73,colombia_region,tauramena,2900.889,540.65,0.127978515625,physical_screen,4,True,False,4437.777777777777,4583.777777777777,False
pp_nav_02043,navigable,82,nubia_region,rejaf,2231.5425,1827.9634999999998,0.10472412109375,physical_screen,4,True,False,9125.916666666666,4604.458333333333,False
pp_nav_02044,navigable,38,guinea_region,cabo_formoso,6789.086,1356.114,0.0,mouth_alignment_snap;physical_screen,4,True,False,7965.95652173913,4595.0,True
pp_nav_02045,navigable,83,central_africa_region,bosobolo,3260.031,886.6175000000001,0.28732288250248084,physical_screen,4,True,False,8632.333333333334,4598.583333333333,False
pp_nav_02046,navigable,45,colombia_region,tauramena,2256.983,472.1,0.041680908203125,physical_screen,5,True,False,4416.103448275862,4596.931034482759,False
pp_nav_02047,improvable,9,colombia_region,maracoa,13517.155,3514.9945,0.79068603515625,physical_screen,5,True,False,4601.5,4597.0,False
pp_nav_02048,navigable,84,central_africa_region,boali,3553.252,921.349,0.081988525390625,physical_screen,4,True,False,8538.2,4613.3,False
pp_nav_02049,navigable,41,central_africa_region,bosobolo,3195.296,870.964,0.0,physical_screen,4,True,False,8656.16,4606.2,False
pp_nav_02050,navigable,12,central_africa_region,mobaye,3207.308,880.908,0.0,physical_screen,4,True,False,8673.111111111111,4609.111111111111,False
pp_nav_02051,navigable,17,central_africa_region,mobaye,2752.853,797.271,0.011920166015625,physical_screen,5,True,False,8708.181818181818,4616.181818181818,False
pp_nav_02052,navigable,73,great_lakes_region,acholi,2241.601,1831.081,0.167132568359375,physical_screen,4,True,False,9140.729166666666,4636.229166666667,False
pp_nav_02053,navigable,18,central_africa_region,mbaiki,3628.404,944.483,0.0,physical_screen,4,True,False,8536.0,4637.0,False
pp_nav_02054,navigable,76,great_lakes_region,pubungu,2186.0204999999996,1823.301,0.0,physical_screen,4,True,False,9132.041666666666,4658.083333333333,False
pp_nav_02055,navigable,80,central_africa_region,bangui,3980.969,1078.0,0.10925926364259099,physical_screen,4,True,False,8535.708333333334,4669.708333333333,False
pp_nav_02056,improvable,74,great_lakes_region,pubungu,2170.908,1830.284,0.39838191089153485,physical_screen,4,True,False,9120.604166666666,4689.9375,False
pp_nav_02057,navigable,73,colombia_region,macuxi,2234.776,812.4195,0.0,physical_screen,5,True,False,4926.520833333333,4693.979166666667,False
pp_nav_02058,navigable,9,central_africa_region,bangui,4008.783,1095.457,0.34399328808464463,physical_screen,4,True,False,8529.333333333334,4689.833333333333,False
pp_nav_02059,navigable,44,central_africa_region,bangui,4394.155,1298.438,0.022430419921875,physical_screen,4,True,False,8519.392857142857,4709.892857142857,False
pp_nav_02060,navigable,75,colombia_region,mucajai,2687.771,925.692,0.0,physical_screen,4,True,False,4914.020833333333,4727.104166666667,False
pp_nav_02061,improvable,80,great_lakes_region,pawir,2979.9955,2201.467,1.8052978515625,physical_screen,4,True,False,9138.333333333334,4718.0,False
pp_nav_02062,navigable,83,indonesia_region,julau,2998.269,1966.928,0.0,physical_screen,4,True,False,12782.270833333334,4721.479166666667,False
pp_nav_02063,navigable,83,great_lakes_region,pawir,3542.634,2512.347,0.0372802734375,physical_screen,4,True,False,9159.625,4734.125,False
pp_nav_02064,navigable,18,central_africa_region,bangui,4497.982,1346.124,0.07068944221775227,physical_screen,4,True,False,8513.0,4728.0,False
pp_nav_02065,navigable,36,indonesia_region,julau,2674.956,1764.026,0.0,physical_screen,4,True,False,12806.0,4732.0,False
pp_nav_02066,navigable,40,indonesia_region,katibas,2310.83,1533.136,0.0,physical_screen,4,True,False,12825.666666666666,4733.666666666667,False
pp_nav_02067,navigable,37,colombia_region,mucajai,2737.517,937.282,0.06244889809112458,physical_screen,4,True,False,4904.84,4749.84,False
pp_nav_02068,navigable,69,brazil_region,kinja,3578.625,1160.8305,0.021018600463867186,physical_screen,4,True,False,4888.8125,4804.3125,False
pp_nav_02069,improvable,21,great_lakes_region,north_buganda,2329.1125,1631.3995,1.1463091581538474,physical_screen,4,True,False,9195.083333333334,4808.416666666667,False
pp_nav_02070,navigable,82,indonesia_region,selimbau,2371.09,1576.3765,0.0,physical_screen,4,True,False,12787.083333333334,4816.583333333333,False
pp_nav_02071,navigable,50,brazil_region,kinja,4253.758,1446.343,0.07650527954101563,physical_screen,4,True,False,4877.935483870968,4832.290322580645,False
pp_nav_02072,navigable,26,colombia_region,andaki,2120.841,1205.303,0.05517730712890625,physical_screen,1,True,False,4278.375,4830.125,False
pp_nav_02073,navigable,36,indonesia_region,sintang,2856.267,1928.2625,0.0,physical_screen,4,True,False,12770.208333333334,4833.125,False
pp_nav_02074,navigable,74,indonesia_region,sekadau,4198.168,2937.111,0.0,physical_screen,4,True,False,12755.479166666666,4839.895833333333,False
pp_nav_02075,navigable,80,indonesia_region,sanggau,5069.321,3578.8,0.21093254089355468,physical_screen,5,True,False,12727.285714285714,4844.326530612245,False
pp_nav_02076,navigable,80,indonesia_region,pontianak,5478.797500000001,3946.6059999999998,0.0,physical_screen,4,True,False,12689.208333333334,4858.666666666667,True
pp_nav_02077,navigable,22,indonesia_region,sanggau,5231.796,3720.947,0.0,physical_screen,4,True,False,12709.384615384615,4848.615384615385,False
pp_nav_02078,improvable,83,central_africa_region,bakele_kongo,2965.904,1201.344,1.987347412109375,physical_screen,4,True,False,8192.208333333334,4851.041666666667,True
pp_nav_02079,navigable,74,brazil_region,waiwai,4421.489,1564.988,0.028855514526367188,physical_screen,5,True,False,4874.416666666667,4869.25,False
pp_nav_02080,navigable,39,central_africa_region,mitsogo_kongo,2751.5325000000003,1112.4695000000002,0.3952301025390625,physical_screen,4,True,False,8235.181818181818,4850.5,False
pp_nav_02081,navigable,47,indonesia_region,pontianak,5637.369,4160.948,0.0,mouth_alignment_snap;physical_screen,4,True,False,12665.827586206897,4858.172413793103,True
pp_nav_02082,navigable,82,indonesia_region,tenggarong,2464.218,1673.443,0.02024506846632513,physical_screen,4,True,False,13002.0,4859.0204081632655,True
pp_nav_02083,navigable,76,central_africa_region,bakele_kongo,3434.208,1379.142,0.0,physical_screen,5,True,False,8164.3,4868.64,True
pp_nav_02084,navigable,81,indonesia_region,kutai_lama,2939.0505000000003,2067.423,0.0,physical_screen,4,True,False,13020.770833333334,4870.5625,True
pp_nav_02085,navigable,32,indonesia_region,kutai_lama,2979.116,2096.505,0.0,mouth_alignment_snap;physical_screen,4,True,False,13032.058823529413,4884.941176470588,True
pp_nav_02086,navigable,75,central_africa_region,lambarene,4569.847,1650.531,0.17662448883056642,physical_screen,5,True,False,8143.0,4890.229166666667,True
pp_nav_02087,navigable,20,brazil_region,mariua,4553.581,1657.247,0.0,physical_screen,4,True,False,4872.615384615385,4894.538461538462,False
pp_nav_02088,navigable,38,brazil_region,mariocai,205351.211,125415.598,0.0,physical_screen,5,True,False,5353.576923076923,4901.076923076923,True
pp_nav_02089,navigable,77,central_africa_region,nguyi,4761.828,1651.109,0.0,physical_screen,4,True,False,8112.044444444445,4901.0,True
pp_nav_02090,navigable,84,brazil_region,mariua,4914.132,1829.896,0.0,physical_screen,5,True,False,4875.604166666667,4916.3125,False
pp_nav_02091,navigable,54,central_africa_region,bobangi,27728.012,20818.858500000002,0.07777482184957218,physical_screen,5,True,False,8452.5,4921.289473684211,False
pp_nav_02092,navigable,81,indonesia_region,karau,2102.943,1241.424,0.06204996109008789,physical_screen,4,True,False,12918.8125,4940.520833333333,True
pp_nav_02093,navigable,37,brazil_region,zoe,2254.308,751.992,0.0,physical_screen,4,True,False,5131.869565217391,4928.130434782609,False
pp_nav_02094,navigable,26,brazil_region,mariua,26010.415,16016.726999999999,0.046947962155596705,physical_screen,5,True,False,4888.444444444444,4933.055555555556,False
pp_nav_02095,navigable,64,brazil_region,kuruaya,9977.466,2750.441,0.0,physical_screen,5,True,False,5315.1578947368425,4935.763157894737,True
pp_nav_02096,navigable,49,brazil_region,paru,193253.422,123081.102,0.0,physical_screen,5,True,False,5278.606060606061,4935.606060606061,True
pp_nav_02097,navigable,78,brazil_region,zoe,4078.259,1329.215,0.018653693016580198,physical_screen,5,True,False,5149.541666666667,4945.666666666667,False
pp_nav_02098,navigable,70,central_africa_region,bobangi,28436.527,21754.035,0.058953287099917824,physical_screen,5,True,False,8438.166666666666,4950.666666666667,False
pp_nav_02099,navigable,11,brazil_region,prainha,193092.984,123118.297,0.00179448318553553,physical_screen,5,True,False,5263.142857142857,4941.142857142857,False
pp_nav_02100,navigable,76,brazil_region,gurupatuba,192825.672,123280.867,0.0005448437616791479,physical_screen,5,True,False,5241.979166666667,4949.479166666667,False
pp_nav_02101,navigable,40,brazil_region,bares,28680.811,18217.377,0.04254895479922826,physical_screen,5,True,False,4898.172413793103,4952.103448275862,False
pp_nav_02102,navigable,77,brazil_region,tapajo,169268.781,114498.41399999999,0.00551032270911756,physical_screen,5,True,False,5133.020833333333,4962.520833333333,False
pp_nav_02103,navigable,79,indonesia_region,banua_lawas,2243.337,1328.5955,0.0,physical_screen,4,True,False,12919.354166666666,4976.9375,True
pp_nav_02104,navigable,79,brazil_region,bares,28936.228499999997,18478.414,0.004796507819626239,physical_screen,5,True,False,4911.0625,4979.4375,False
pp_nav_02105,navigable,87,central_africa_region,ngato,28745.120499999997,22261.7885,0.00318603515625,physical_screen,5,True,False,8427.3,4985.12,False
pp_nav_02106,navigable,80,melanesia_region,kwerba,3434.12,2524.162,0.0,physical_screen,4,True,False,13983.877551020409,4981.959183673469,False
pp_nav_02107,navigable,79,brazil_region,tupinambarana,163854.383,112910.305,0.0,physical_screen,5,True,False,5110.5,4985.354166666667,False
pp_nav_02108,navigable,74,indonesia_region,musi_hilir,3014.2455,1511.9005000000002,0.0,mouth_alignment_snap;physical_screen,4,True,False,12468.020833333334,4993.520833333333,True
pp_nav_02109,navigable,70,brazil_region,uatuma,161564.266,112252.25,0.027367210388183592,physical_screen,5,True,False,5063.916666666667,4983.833333333333,False
pp_nav_02110,navigable,63,brazil_region,curuai,18315.369,5312.43,0.0,physical_screen,5,True,False,5180.526315789473,4987.026315789473,False
pp_nav_02111,navigable,60,brazil_region,tupinambarana,163812.797,113016.469,0.0,physical_screen,5,True,False,5085.916666666667,4985.138888888889,False
pp_nav_02112,improvable,32,brazil_region,uatuma,2208.165,1066.3114999999998,0.4749547325146513,physical_screen,4,True,False,5047.777777777777,4987.166666666667,False
pp_nav_02113,navigable,88,brazil_region,anambe,11164.037,3124.349,0.0,mouth_alignment_snap;physical_screen,5,True,False,5428.520833333333,5011.479166666667,True
pp_nav_02114,navigable,79,great_lakes_region,kusu_mangbetu,2720.2830000000004,1515.3245,0.0,physical_screen,4,True,False,8869.333333333334,5009.083333333333,False
pp_nav_02115,navigable,76,brazil_region,tupinambarana,4248.847,1767.521,0.0,physical_screen,4,True,False,5088.4375,4997.4375,False
pp_nav_02116,navigable,19,brazil_region,bares,28990.311,18567.691,0.0,physical_screen,5,True,False,4922.333333333333,4998.166666666667,False
pp_nav_02117,navigable,77,indonesia_region,muara_bahan,2345.434,1364.0965,0.0,physical_screen,5,True,False,12903.1875,5006.333333333333,True
pp_nav_02118,navigable,74,brazil_region,urucurituba,4165.2395,1739.067,0.0,physical_screen,4,True,False,5064.229166666667,5015.520833333333,False
pp_nav_02119,navigable,78,central_africa_region,ubangi,29221.295,22861.945,0.0,physical_screen,5,True,False,8428.354166666666,5018.6875,False
pp_nav_02120,navigable,18,brazil_region,manaos,29122.977,18737.441,0.035532202946215084,physical_screen,5,True,False,4936.2,5012.0,False
pp_nav_02121,navigable,18,indonesia_region,palembang,2016.13,969.422,0.03557777404785156,physical_screen,5,True,False,12456.636363636364,5011.0,True
pp_nav_02122,navigable,51,kongo_region,bikoro,8857.720000000001,3437.459,0.0057861328125,physical_screen,5,True,False,8449.1,5013.466666666666,False
pp_nav_02123,navigable,82,kongo_region,bikoro,6930.9915,2264.3805,0.15910349571797214,physical_screen,5,True,False,8474.8125,5020.083333333333,False
pp_nav_02124,navigable,32,brazil_region,manaos,29522.406,19144.705,0.0,physical_screen,5,True,False,4947.941176470588,5015.058823529412,False
pp_nav_02125,navigable,20,brazil_region,mundurukania,18212.139,5281.723,0.0,physical_screen,5,True,False,5175.846153846154,5017.846153846154,False
pp_nav_02126,navigable,83,brazil_region,manaos,126967.133,96243.445,0.08047747923855705,physical_screen,5,True,False,4967.6274509803925,5017.274509803921,False
pp_nav_02127,navigable,74,brazil_region,juris,161331.391,112127.37899999999,0.026578330993652345,physical_screen,5,True,False,5022.291666666667,5023.541666666667,False
pp_nav_02128,navigable,55,brazil_region,munduruku,127088.789,96239.484,0.0,physical_screen,5,True,False,4996.151515151515,5022.242424242424,False
pp_nav_02129,navigable,21,indonesia_region,banjar,3050.992,1800.129,0.0,mouth_alignment_snap;physical_screen,4,True,False,12894.384615384615,5027.384615384615,True
pp_nav_02130,navigable,47,brazil_region,maues,97476.367,71563.18,0.0,physical_screen,5,True,False,4950.037037037037,5026.851851851852,False
pp_nav_02131,navigable,83,kongo_region,north_juma,3989.4525,1378.5315,0.20528564453125,physical_screen,4,True,False,8504.520833333334,5030.895833333333,False
pp_nav_02132,navigable,74,brazil_region,miranha,82843.82,61009.8285,0.0,physical_screen,5,True,False,4752.145833333333,5033.270833333333,False
pp_nav_02133,navigable,43,brazil_region,mura,96749.992,70976.648,0.0,physical_screen,5,True,False,4926.653846153846,5031.5,False
pp_nav_02134,navigable,82,great_lakes_region,nguera,4520.084,2418.912,0.20315544070266656,physical_screen,4,True,False,8872.104166666666,5047.270833333333,False
pp_nav_02135,navigable,73,brazil_region,apoquitaua,3012.162,1264.522,0.04187965393066406,physical_screen,4,True,False,5044.6875,5040.6875,False
pp_nav_02136,navigable,74,brazil_region,munduruku,32478.081,12326.911499999998,0.0,physical_screen,5,True,False,5004.604166666667,5044.145833333333,False
pp_nav_02137,navigable,69,central_africa_region,ubangi,38190.6055,30106.3895,0.0,physical_screen,5,True,False,8418.875,5048.333333333333,False
pp_nav_02138,navigable,72,brazil_region,mundurukania,17830.727,5264.7564999999995,0.0,physical_screen,5,True,False,5164.708333333333,5049.708333333333,False
pp_nav_02139,navigable,56,brazil_region,asurini,11286.934,3195.138,0.0,physical_screen,5,True,False,5429.454545454545,5045.787878787879,True
pp_nav_02140,navigable,82,central_africa_region,bankutu,3949.7875,1364.6665,0.027374267578125,physical_screen,4,True,False,8535.166666666666,5042.333333333333,False
pp_nav_02141,navigable,82,brazil_region,kambeba,96488.54699999999,70177.19149999999,0.0,physical_screen,5,True,False,4902.291666666667,5043.625,False
pp_nav_02142,navigable,10,brazil_region,miranha,86910.0,64534.355,0.0,physical_screen,5,True,False,4764.666666666667,5044.833333333333,False
pp_nav_02143,navigable,70,brazil_region,kambeba,89942.125,67014.797,0.13531551361083985,physical_screen,5,True,False,4876.270833333333,5057.3125,False
pp_nav_02144,navigable,82,brazil_region,miranha,86934.1365,64691.2575,0.08512947107339616,physical_screen,5,True,False,4787.270833333333,5055.5625,False
pp_nav_02145,navigable,75,central_africa_region,bankutu,3871.224,1317.7930000000001,0.0,physical_screen,5,True,False,8567.0,5057.541666666667,False
pp_nav_02146,navigable,29,brazil_region,turas,2917.616,1236.338,0.0,physical_screen,4,True,False,5026.894736842105,5054.894736842105,False
pp_nav_02147,navigable,78,brazil_region,arua,89054.965,66274.789,0.0,physical_screen,5,True,False,4846.041666666667,5056.666666666667,False
pp_nav_02148,navigable,30,brazil_region,kambeba,6334.306500000001,2597.55,0.16156518455687435,physical_screen,4,True,False,4893.444444444444,5058.055555555556,False
pp_nav_02149,improvable,14,brazil_region,turas,2884.406,1229.144,0.37664949148494287,physical_screen,4,True,False,5015.9,5058.0,False
pp_nav_02150,navigable,74,brazil_region,turas,2120.904,859.668,0.0263824462890625,physical_screen,4,True,False,4999.808510638298,5066.978723404255,False
pp_nav_02151,navigable,30,brazil_region,munduruku,32422.051,12236.163,0.0,physical_screen,5,True,False,4992.1578947368425,5062.1578947368425,False
pp_nav_02152,navigable,46,melanesia_region,angoram,3809.96,2845.218,0.0,mouth_alignment_snap;physical_screen,4,True,False,14261.166666666666,5063.3,True
pp_nav_02153,navigable,8,brazil_region,asurini,11537.713,3266.811,0.0,physical_screen,5,True,False,5430.0,5063.5,False
pp_nav_02154,navigable,22,brazil_region,arua,88803.188,65976.773,0.0,physical_screen,5,True,False,4824.866666666667,5065.866666666667,False
pp_nav_02155,barrier,54,central_africa_region,monsol,38524.816,30270.33,0.21419677734375,lower_congo_cataracts;physical_screen,5,True,False,8400.470588235294,5068.558823529412,False
pp_nav_02156,navigable,72,brazil_region,satere_mawe,17661.227,5261.3025,0.0,physical_screen,5,True,False,5144.9375,5077.270833333333,False
pp_nav_02157,navigable,74,kongo_region,lussuna,4449.3475,2389.15,0.14016363521528638,physical_screen,4,True,False,8883.020833333334,5079.479166666667,False
pp_nav_02158,navigable,76,brazil_region,parakana,11691.779999999999,3309.6455,0.0,physical_screen,5,True,False,5434.5952380952385,5083.9047619047615,False
pp_nav_02159,improvable,76,kongo_region,gana_damate,3767.287,1252.176,0.564251708984375,physical_screen,5,True,False,8596.458333333334,5075.583333333333,False
pp_nav_02160,navigable,80,melanesia_region,boiken,2490.061,2060.675,0.017586135864257814,physical_screen,4,True,False,14201.354166666666,5074.0625,False
pp_nav_02161,navigable,27,melanesia_region,banaro,3510.2,2737.933,0.06941444732559103,physical_screen,5,True,False,14246.421052631578,5071.578947368421,False
pp_nav_02162,navigable,57,melanesia_region,banaro,2848.157,2340.754,0.034824371337890625,physical_screen,5,True,False,14227.351351351352,5076.621621621622,False
pp_nav_02163,navigable,16,melanesia_region,boiken,2314.383,1899.973,0.0982277084296557,physical_screen,4,True,False,14184.3,5077.4,False
pp_nav_02164,barrier,74,central_africa_region,pumbo,38848.68,30312.564,0.0,lower_congo_cataracts;physical_screen,5,True,False,8382.395833333334,5087.354166666667,False
pp_nav_02165,navigable,22,kongo_region,bendi,3336.826,1090.205,0.0,physical_screen,4,True,False,8614.76923076923,5084.615384615385,False
pp_nav_02166,navigable,10,melanesia_region,wogamusin,2058.013,1677.082,0.0,physical_screen,4,True,False,14171.0,5082.0,False
pp_nav_02167,navigable,12,brazil_region,satere_mawe,17490.1075,5291.377,0.1932677198117404,physical_screen,5,True,False,5129.375,5086.875,False
pp_nav_02168,navigable,40,andes_region,awajun,2431.235,1683.944,0.0,physical_screen,4,True,False,4146.52,5094.52,False
pp_nav_02169,improvable,55,kongo_region,lussuna,4435.447,2387.485,0.8034423828125,physical_screen,4,True,False,8905.088235294117,5098.411764705882,False
pp_nav_02170,barrier,16,central_africa_region,pumbo,38922.875,30282.355,3.2707275390625,lower_congo_cataracts,5,True,False,8368.727272727272,5102.727272727273,False
pp_nav_02171,improvable,16,andes_region,awajun,2211.229,1474.8025,5.140916442871094,physical_screen,4,True,False,4135.2,5102.1,False
pp_nav_02172,navigable,25,brazil_region,parakana,11575.698,3265.065,0.0,physical_screen,5,True,False,5438.866666666667,5110.2,False
pp_nav_02173,navigable,79,kongo_region,lussuna,4319.4,2319.634,0.15755615234375,physical_screen,4,True,False,8917.333333333334,5124.5,False
pp_nav_02174,barrier,77,kongo_region,mbanza_nsundi,39249.0935,30347.646999999997,0.0,lower_congo_cataracts,5,True,False,8354.354166666666,5113.4375,False
pp_nav_02175,barrier,75,kongo_region,dingi,39341.426,30371.926,0.17597200999301035,lower_congo_cataracts,5,True,False,8326.895833333334,5127.375,False
pp_nav_02176,navigable,80,brazil_region,pyti,4444.667,1178.273,0.16081140268062297,physical_screen,4,True,False,5485.166666666667,5133.916666666667,False
pp_nav_02177,navigable,78,brazil_region,pyti,4431.86,1239.8195,0.0,physical_screen,4,True,False,5515.3125,5141.229166666667,False
pp_nav_02178,barrier,76,kongo_region,bungu_kongo,39495.293,30414.514,0.8186612159071616,lower_congo_cataracts,5,True,False,8309.854166666666,5144.6875,False
pp_nav_02179,navigable,77,kongo_region,moana_mussumba,2515.969,1352.8155000000002,0.08223876953125,physical_screen,4,True,False,8915.729166666666,5162.6875,False
pp_nav_02180,navigable,58,brazil_region,pyti,4372.436,1222.873,0.0,physical_screen,4,True,False,5528.882352941177,5165.676470588235,False
pp_nav_02181,navigable,20,andes_region,yurimagua,3573.297,2121.74,0.113983154296875,physical_screen,4,True,False,4226.538461538462,5164.538461538462,False
pp_nav_02182,barrier,12,kongo_region,bula_kongo,39535.188,30425.639,3.9627037048339844,lower_congo_cataracts,5,True,False,8305.888888888889,5161.888888888889,False
pp_nav_02183,navigable,76,kongo_region,nogui,39615.173500000004,30428.3015,0.0038486123085021973,physical_screen,5,True,False,8288.020833333334,5169.854166666667,True
pp_nav_02184,navigable,37,andes_region,yurimagua,3300.447,1939.0,0.0,physical_screen,5,True,False,4229.0952380952385,5174.190476190476,False
pp_nav_02185,navigable,17,kongo_region,mbanza_soyo,39615.66,30416.914,0.007091641426086426,physical_screen,5,True,False,8270.0,5176.777777777777,True
pp_nav_02186,navigable,74,andes_region,chatuza,3071.318,1805.501,0.1818075842789749,physical_screen,5,True,False,4236.958333333333,5193.416666666667,False
pp_nav_02187,navigable,81,brazil_region,pyti,4206.5055,1194.5825,0.0,physical_screen,4,True,False,5529.375,5200.416666666667,False
pp_nav_02188,navigable,71,kongo_region,ankoro,2494.7675,1353.4275,0.0,physical_screen,4,True,False,8917.309523809523,5200.285714285715,False
pp_nav_02189,navigable,79,andes_region,chatuza,2693.862,1562.521,0.2745086669921875,physical_screen,4,True,False,4218.104166666667,5214.9375,False
pp_nav_02190,navigable,74,brazil_region,caraja,3947.0564999999997,1109.351,0.0,physical_screen,4,True,False,5521.5,5236.791666666667,False
pp_nav_02191,improvable,26,andes_region,cocamas,2549.193,1449.0059999999999,0.5049458867156648,physical_screen,5,True,False,4205.777777777777,5233.166666666667,False
pp_nav_02192,improvable,18,andes_region,cocamas,2127.692,1163.2635,0.8525054931640625,physical_screen,4,True,False,4197.142857142857,5239.642857142857,False
pp_nav_02193,improvable,20,brazil_region,caraja,3862.696,1079.718,0.7993255615234375,physical_screen,4,True,False,5526.066666666667,5250.6,False
pp_nav_02194,navigable,73,brazil_region,caraja,3563.284,972.853,0.0,physical_screen,5,True,False,5514.173913043478,5270.630434782609,False
pp_nav_02195,navigable,77,brazil_region,para,5234.505499999999,1726.3965,0.142156982421875,physical_screen,4,True,False,5448.5625,5283.645833333333,False
pp_nav_02196,navigable,47,melanesia_region,suki,4633.174,3538.064,0.08149394989013672,physical_screen,4,True,False,14147.407407407407,5279.592592592592,False
pp_nav_02197,navigable,82,brazil_region,acroas,3522.091,978.5215000000001,0.1639068603515625,physical_screen,4,True,False,5499.791666666667,5300.916666666667,False
pp_nav_02198,navigable,70,andes_region,may_ushin,9104.359,3937.8559999999998,0.19305877685546874,physical_screen,5,True,False,4295.833333333333,5300.708333333333,False
pp_nav_02199,navigable,43,melanesia_region,suki,4730.682,3582.922,0.0,physical_screen,4,True,False,14161.153846153846,5295.884615384615,True
pp_nav_02200,navigable,65,brazil_region,para,5016.2905,1705.0875,0.02129669189453125,physical_screen,5,True,False,5438.125,5318.625,False
pp_nav_02201,navigable,79,brazil_region,yjxa,19617.707000000002,7135.2545,0.0,physical_screen,5,True,False,4789.208333333333,5318.458333333333,False
pp_nav_02202,navigable,23,andes_region,may_ushin,8559.886999999999,3597.197,0.1989013671875,physical_screen,5,True,False,4302.928571428572,5318.142857142857,False
pp_nav_02203,navigable,82,brazil_region,tumbalala,2439.985,332.398,0.1778446967614919,physical_screen,4,True,True,5904.083333333333,5322.208333333333,False
pp_nav_02204,navigable,42,brazil_region,acroas,3635.1305,1055.345,0.0,physical_screen,4,True,False,5497.583333333333,5329.75,False
pp_nav_02205,navigable,81,brazil_region,paranabuku,2424.4825,339.012,0.037933349609375,physical_screen,4,True,True,5877.520833333333,5331.770833333333,False
pp_nav_02206,navigable,78,brazil_region,tuxa,2523.267,321.648,0.0,physical_screen,4,True,True,5930.333333333333,5334.458333333333,False
pp_nav_02207,navigable,74,brazil_region,yjxa,19524.072,7054.587,0.0,physical_screen,5,True,False,4767.375,5340.541666666667,False
pp_nav_02208,navigable,64,brazil_region,apyawa,4577.62,1638.06,0.0,physical_screen,5,True,False,5418.770833333333,5346.125,False
pp_nav_02209,navigable,73,brazil_region,acroas,2625.5640000000003,757.9395,0.0,physical_screen,4,True,False,5489.4375,5357.1875,False
pp_nav_02210,improvable,81,brazil_region,pankararu,2510.555,298.426,0.374786376953125,physical_screen,4,True,True,5946.270833333333,5352.229166666667,False
pp_nav_02211,navigable,77,brazil_region,paranabuku,2498.223,350.695,0.0,physical_screen,4,True,True,5855.541666666667,5352.625,False
pp_nav_02212,navigable,9,brazil_region,ahe,18747.892,6644.733,0.0072418212890625,physical_screen,5,True,False,4753.666666666667,5350.833333333333,False
pp_nav_02213,navigable,52,brazil_region,apyawa,4259.517,1604.502,0.055230712890625,physical_screen,4,True,False,5407.121212121212,5373.787878787879,False
pp_nav_02214,navigable,51,brazil_region,apiacas,2293.832,701.063,0.1260986328125,physical_screen,5,True,False,5121.242424242424,5368.454545454545,False
pp_nav_02215,navigable,79,brazil_region,jaguarari,2681.232,345.444,0.0037353515625,physical_screen,4,True,True,5824.0,5366.75,False
pp_nav_02216,navigable,10,brazil_region,paranabuku,2558.039,346.669,0.0,physical_screen,4,True,True,5843.125,5365.625,False
pp_nav_02217,barrier,77,brazil_region,xoko,2507.149,280.584,2.180800087020672,physical_screen,4,True,True,5966.604166666667,5372.8125,False
pp_nav_02218,navigable,40,brazil_region,wari,18295.2245,6334.957,0.0,physical_screen,5,True,False,4724.458333333333,5372.958333333333,False
pp_nav_02219,navigable,25,brazil_region,kaxarari,18252.553,6318.467,0.31414031982421875,physical_screen,5,True,False,4711.888888888889,5376.5,False
pp_nav_02220,navigable,28,brazil_region,jaguarari,2764.0155,379.829,0.0,physical_screen,4,True,True,5806.25,5378.75,False
pp_nav_02221,navigable,81,brazil_region,acroas,2506.63,748.357,0.0,physical_screen,4,True,False,5487.083333333333,5394.458333333333,False
pp_nav_02222,navigable,82,brazil_region,acoroazes,2806.64,447.3365,0.0,physical_screen,4,True,False,5772.270833333333,5388.770833333333,False
pp_nav_02223,improvable,82,brazil_region,xoko,2525.889,276.666,0.5192827224731446,physical_screen,4,True,True,5992.770833333333,5388.729166666667,False
pp_nav_02224,navigable,55,brazil_region,tapirape,2959.057,855.842,0.040924072265625,physical_screen,4,True,False,5397.942857142857,5399.942857142857,False
pp_nav_02225,navigable,44,brazil_region,apiaka,3587.3,776.734,0.0,physical_screen,4,True,False,5034.821428571428,5404.321428571428,False
pp_nav_02226,navigable,80,brazil_region,arakaiu,2600.212,301.948,0.0,physical_screen,4,True,True,6018.1875,5411.0625,False
pp_nav_02227,navigable,75,brazil_region,ipueira,2814.665,504.381,0.12195828741201044,physical_screen,4,True,False,5753.895833333333,5416.645833333333,False
pp_nav_02228,navigable,74,brazil_region,tapirape,2858.387,828.395,0.0436859130859375,physical_screen,4,True,False,5388.020833333333,5431.729166666667,False
pp_nav_02229,navigable,55,brazil_region,gurupi,2356.1005,743.678,0.020965576171875,physical_screen,4,True,False,5485.0625,5430.1875,False
pp_nav_02230,navigable,76,swahili_coast_region,tungi,2280.002,289.351,0.2976673126220703,mouth_alignment_snap;physical_screen,4,True,True,9520.0,5432.5,True
pp_nav_02231,navigable,72,brazil_region,ipueira,2833.297,543.231,0.22980461936387783,physical_screen,4,True,False,5735.291666666667,5445.791666666667,False
pp_nav_02232,improvable,77,swahili_coast_region,tungi,2245.709,285.693,0.4583541583255405,physical_screen,4,True,True,9491.25,5451.75,True
pp_nav_02233,navigable,60,brazil_region,gurupi,2246.487,736.056,0.05614013671875,physical_screen,4,True,False,5481.2307692307695,5455.948717948718,False
pp_nav_02234,navigable,82,brazil_region,auwe,2528.552,802.3734999999999,0.033079554272413936,physical_screen,4,True,False,5381.895833333333,5469.479166666667,False
pp_nav_02235,navigable,74,brazil_region,ipueira,2582.8554999999997,448.81449999999995,0.11662597656250001,physical_screen,5,True,False,5719.395833333333,5477.333333333333,False
pp_nav_02236,navigable,38,swahili_coast_region,makonde,2149.12,277.242,0.26375579833984375,physical_screen,4,True,True,9468.826086956522,5461.260869565217,True
pp_nav_02237,navigable,49,swahili_coast_region,makonde,2041.008,275.406,0.0,physical_screen,4,True,True,9450.516129032258,5468.5161290322585,False
pp_nav_02238,improvable,48,andes_region,nomatsigenga,2416.324,651.659,1.0439765394807343,physical_screen,4,True,False,4320.259259259259,5492.666666666667,False
pp_nav_02239,navigable,12,brazil_region,auwe,2560.637,854.551,0.11290588378906251,physical_screen,4,True,False,5381.4,5490.9,False
pp_nav_02240,navigable,81,brazil_region,ibotirama,2621.291,454.5165,0.12761569590660768,physical_screen,4,True,False,5718.0625,5511.354166666667,False
pp_nav_02241,navigable,77,brazil_region,pacahuara,4518.238,1112.916,0.0422603680109245,physical_screen,4,True,False,4724.833333333333,5523.083333333333,False
pp_nav_02242,improvable,12,andes_region,nomatsigenga,2118.608,538.36,0.636090087890625,physical_screen,4,True,False,4319.5,5519.0,False
pp_nav_02243,navigable,79,brazil_region,ibotirama,2640.6435,514.415,0.05607973726426847,physical_screen,4,True,False,5718.5,5546.916666666667,False
pp_nav_02244,navigable,16,brazil_region,itonama,2739.069,927.1434999999999,0.22125244140625,physical_screen,4,True,False,4758.75,5532.75,False
pp_nav_02245,navigable,80,brazil_region,cayubaba,4503.7275,1127.999,0.08599502390462749,physical_screen,4,True,False,4727.333333333333,5557.916666666667,False
pp_nav_02246,navigable,83,brazil_region,kayapo,2182.349,408.3825,0.188201904296875,physical_screen,4,True,False,5710.5,5583.5,False
pp_nav_02247,navigable,68,brazil_region,movima,4351.808999999999,1098.672,0.08329790480486633,physical_screen,4,True,False,4717.931818181818,5588.704545454545,False
pp_nav_02248,improvable,77,brazil_region,kayapo,2207.3469999999998,461.12,0.4187603162510441,physical_screen,4,True,False,5704.270833333333,5613.229166666667,False
pp_nav_02249,navigable,83,brazil_region,kanisianas,3641.191,933.5255,0.1853057861328125,physical_screen,5,True,False,4724.479166666667,5619.479166666667,False
pp_nav_02250,navigable,49,brazil_region,itapiracaba,2145.9165000000003,456.28549999999996,0.0,physical_screen,4,True,False,5695.676470588235,5639.176470588235,False
pp_nav_02251,navigable,67,brazil_region,moxos,3724.656,953.307,0.1516510009765625,physical_screen,5,True,False,4729.822222222222,5652.355555555556,False
pp_nav_02252,navigable,78,brazil_region,itapiracaba,2037.048,501.182,0.10044915544025096,physical_screen,4,True,False,5682.666666666667,5682.166666666667,False
pp_nav_02253,navigable,57,brazil_region,moxos,3305.279,834.695,0.0,physical_screen,5,True,False,4730.108108108108,5679.216216216216,False
pp_nav_02254,navigable,75,brazil_region,anais,2080.646,567.588,0.052178955078125,physical_screen,4,True,False,5663.041666666667,5710.541666666667,False
pp_nav_02255,navigable,86,zimbabwe_region,chikowa,2673.371,568.077,0.0,physical_screen,4,True,False,9172.458333333334,5707.208333333333,True
pp_nav_02256,improvable,77,zimbabwe_region,tete,2624.76,557.2455,1.2252166748046875,physical_screen,4,True,False,9202.541666666666,5720.958333333333,True
pp_nav_02257,navigable,86,zimbabwe_region,mutota,2635.982,564.0745,0.00022725211147718347,physical_screen,4,True,False,9094.72,5712.3,True
pp_nav_02258,navigable,86,zimbabwe_region,chikowa,2697.765,574.5155,0.0,physical_screen,4,True,False,9132.729166666666,5711.770833333333,True
pp_nav_02259,navigable,42,brazil_region,buriti,2047.696,629.0654999999999,0.0,physical_screen,4,True,False,5643.035714285715,5728.535714285715,False
pp_nav_02260,improvable,73,zimbabwe_region,tete,2739.95,598.2245,0.38231964111328126,physical_screen,5,True,False,9223.854166666666,5747.25,True
pp_nav_02261,improvable,81,zimbabwe_region,chiramba,3121.784,684.397,0.4516183910292743,physical_screen,4,True,False,9248.354166666666,5768.770833333333,True
pp_nav_02262,improvable,77,zimbabwe_region,chiramba,3148.7765,659.074,0.37415512919506067,physical_screen,4,True,False,9274.520833333334,5787.979166666667,True
pp_nav_02263,navigable,82,zimbabwe_region,sena,3161.24,648.572,0.21939195932234948,physical_screen,4,True,False,9291.354166666666,5819.145833333333,True
pp_nav_02264,navigable,77,zimbabwe_region,chupanga,3863.8025,778.374,0.23845291137695312,physical_screen,4,True,False,9313.645833333334,5844.854166666667,True
pp_nav_02265,navigable,78,zimbabwe_region,cuama,3888.559,755.32,0.12317172932091933,mouth_alignment_snap;physical_screen,4,True,False,9334.895833333334,5871.104166666667,True
pp_nav_02266,navigable,74,brazil_region,araripocone,2095.911,465.851,0.0,physical_screen,4,True,False,5390.270833333333,5897.770833333333,False
pp_nav_02267,navigable,50,chaco_region,eexiwa,2122.84,1557.953,0.010049233391988958,physical_screen,4,True,False,5072.066666666667,5900.433333333333,False
pp_nav_02268,navigable,40,brazil_region,iranmranhre,2673.9705,650.6659999999999,0.0,physical_screen,5,True,False,5374.961538461538,5919.307692307692,False
pp_nav_02269,navigable,82,brazil_region,paranaiba,2946.388,744.442,0.07266845703125,physical_screen,5,True,False,5367.0625,5946.979166666667,False
pp_nav_02270,navigable,77,brazil_region,tanabi,2252.736,658.607,0.0,physical_screen,4,True,False,5389.708333333333,5948.083333333333,False
pp_nav_02271,navigable,29,brazil_region,tanabi,2202.6530000000002,645.581,0.05098876953125,physical_screen,4,True,False,5410.944444444444,5950.555555555556,False
pp_nav_02272,navigable,38,brazil_region,uberaba,2016.436,588.739,0.1597869873046875,physical_screen,4,True,False,5427.681818181818,5951.363636363636,False
pp_nav_02273,navigable,16,brazil_region,bororos,2274.647,658.065,0.0,physical_screen,4,True,False,5371.25,5956.75,False
pp_nav_02274,navigable,43,chaco_region,yshyr,2650.204,1848.88,0.01185760498046875,physical_screen,4,True,False,5043.851851851852,5972.62962962963,False
pp_nav_02275,navigable,71,brazil_region,paranaiba,5303.884,1433.219,0.0,physical_screen,5,True,False,5353.854166666667,5976.3125,False
pp_nav_02276,navigable,22,chaco_region,yshyr,2536.5460000000003,1774.6405,0.05010528564453125,physical_screen,4,True,False,5048.642857142857,5988.857142857143,False
pp_nav_02277,improvable,16,brazil_region,paranaiba,6224.081,1840.088,0.4667839767017317,physical_screen,4,True,False,5340.3,5995.8,False
pp_nav_02278,navigable,53,brazil_region,ofaie,6521.619,1968.031,0.061962890625,physical_screen,5,True,False,5333.742857142857,6013.171428571429,False
pp_nav_02279,navigable,78,brazil_region,ofaie,6751.067,2063.168,0.0,physical_screen,5,True,False,5322.530612244898,6040.428571428572,False
pp_nav_02280,navigable,77,chaco_region,guana,2860.137,2021.802,0.0,physical_screen,4,True,False,5051.645833333333,6053.229166666667,False
pp_nav_02281,navigable,70,brazil_region,taquarucu,7225.139,2310.079,0.0,physical_screen,4,True,False,5307.0,6069.5,False
pp_nav_02282,navigable,83,chaco_region,nenlhet,3059.5460000000003,2171.737,0.0332794189453125,physical_screen,4,True,False,5053.729166666667,6088.4375,False
pp_nav_02283,navigable,70,brazil_region,taquarucu,7268.702,2338.252,0.0,physical_screen,4,True,False,5282.808510638298,6092.808510638298,False
pp_nav_02284,navigable,10,chaco_region,nenlhet,3066.711,2177.895,0.0,physical_screen,4,True,False,5054.285714285715,6106.285714285715,False
pp_nav_02285,navigable,72,brazil_region,kaiwa,8495.975,3328.504,0.005898527446077847,physical_screen,5,True,False,5258.369565217391,6115.869565217391,False
pp_nav_02286,navigable,77,chaco_region,enenlhet,3165.067,2246.644,0.09060821533203126,physical_screen,5,True,False,5058.666666666667,6122.708333333333,False
pp_nav_02287,navigable,23,brazil_region,chiripa,8792.636,3542.805,0.0,physical_screen,5,True,False,5246.1875,6135.4375,False
pp_nav_02288,navigable,45,chaco_region,enenlhet,3364.419,2386.6325,0.0,physical_screen,4,True,False,5070.571428571428,6143.142857142857,False
pp_nav_02289,navigable,76,brazil_region,chiripa,9601.843499999999,4383.318,0.06685311142687916,physical_screen,5,False,False,5232.8125,6156.3125,False
pp_nav_02290,navigable,77,chaco_region,enenlhet,3512.793,2527.219,0.19891844595317706,physical_screen,4,False,False,5079.5,6168.958333333333,True
pp_nav_02291,improvable,48,brazil_region,umuarama,557.028,429.366,0.421173095703125,physical_screen,3,False,False,5310.758620689655,6161.241379310345,False
pp_nav_02292,navigable,75,chaco_region,canindeyu,9596.186,4396.481,0.12679876558408232,bounded_native_gap;physical_screen,5,False,False,5223.229166666667,6184.541666666667,False
pp_nav_02293,improvable,70,chaco_region,enxet,3822.083,2810.124,0.05454736076684581,bounded_native_gap;physical_screen,4,False,False,5084.6875,6196.895833333333,True
pp_nav_02294,navigable,68,brazil_region,mbya,567.25,403.194,0.1474029324757308,physical_screen,3,False,False,5241.0,6192.871794871795,False
pp_nav_02295,navigable,81,chaco_region,canindeyu,9764.318,4834.704,0.1585296630859375,bounded_native_gap;physical_screen,5,False,False,5216.354166666667,6211.145833333333,False
pp_nav_02296,navigable,75,chaco_region,ipholhhelhlhup,3885.185,2855.896,0.08558130789147017,physical_screen,5,False,False,5082.8125,6229.520833333333,True
pp_nav_02297,navigable,38,brazil_region,cananeia,556.634,350.2875,0.0,mouth_alignment_snap;physical_screen,3,False,False,5524.363636363636,6220.363636363636,True
pp_nav_02298,navigable,78,chaco_region,takuru_puku,9963.926,5060.811,0.0,physical_screen,5,False,False,5209.166666666667,6249.1875,False
pp_nav_02299,improvable,77,chaco_region,tacshic,4157.929,3111.419,0.04376425106301717,bounded_native_gap;physical_screen,4,False,False,5068.291666666667,6257.25,True
pp_nav_02300,improvable,81,chaco_region,kaarendy,10264.2575,5360.351,1.270770263671875,bounded_native_gap;physical_screen,5,False,False,5205.354166666667,6276.645833333333,False
pp_nav_02301,barrier,78,brazil_region,santo_antonio,1348.66,1042.345,0.06119384765625,bounded_native_gap;physical_screen,5,False,False,5258.770833333333,6270.375,False
pp_nav_02302,improvable,75,brazil_region,mbya,1758.837,1375.376,1.4934844970703125,physical_screen,3,False,False,5229.954545454545,6272.590909090909,False
pp_nav_02303,barrier,82,brazil_region,palmas,902.324,708.548,0.1460845947265625,bounded_native_gap;physical_screen,5,False,False,5288.395833333333,6275.708333333333,False
pp_nav_02304,navigable,81,chaco_region,tacshic,4445.508,3343.134,0.1171196252901025,physical_screen,5,False,False,5057.375,6287.958333333333,True
pp_nav_02305,barrier,81,brazil_region,palmas,712.1859999999999,580.4445000000001,2.65675048828125,physical_screen,5,False,False,5317.895833333333,6290.729166666667,False
pp_nav_02306,barrier,78,chaco_region,kaarendy,12429.508,7603.4655,0.0,bounded_native_gap;physical_screen,5,False,False,5201.4375,6303.416666666667,False
pp_nav_02307,improvable,82,brazil_region,palmas,592.566,477.699,0.3732421875,physical_screen,3,False,False,5348.166666666667,6302.5,False
pp_nav_02308,navigable,78,chaco_region,lanagashec,4620.232,3453.327,0.0741690799121623,bounded_native_gap;physical_screen,4,False,False,5041.604166666667,6317.6875,True
pp_nav_02309,navigable,19,brazil_region,taquara,529.197,421.757,0.2523181266505765,physical_screen,3,False,False,5368.3,6311.2,False
pp_nav_02310,improvable,76,chaco_region,ygana,12613.627499999999,7767.6555,0.0,bounded_native_gap;physical_screen,5,False,False,5191.6875,6333.979166666667,True
pp_nav_02311,navigable,76,chaco_region,lanagashec,5266.699,3926.138,0.11383132934570313,bounded_native_gap;physical_screen,5,False,False,5030.458333333333,6348.708333333333,True
pp_nav_02312,improvable,78,chaco_region,tsiripa,12786.3495,7922.353999999999,0.7681564331054688,physical_screen,5,False,False,5168.916666666667,6355.958333333333,True
pp_nav_02313,barrier,86,la_plata_region,palmeira,1418.89,850.873,1.22965087890625,bounded_native_gap;physical_screen,5,False,False,5275.3877551020405,6365.836734693878,False
pp_nav_02314,improvable,78,brazil_region,chopim,2071.093,1203.163,0.0,bounded_native_gap;physical_screen,5,False,False,5246.979166666667,6364.166666666667,False
pp_nav_02315,navigable,80,chaco_region,lanagashec,13200.648,8153.729,0.09782586488272672,physical_screen,5,False,False,5022.270833333333,6371.0625,True
pp_nav_02316,improvable,74,chaco_region,yguazu,2361.0035,1388.6194999999998,0.0583526611328125,bounded_native_gap;physical_screen,4,False,False,5220.666666666667,6375.5,False
pp_nav_02317,navigable,78,chaco_region,tsiripa,12992.716,8096.666,0.0,physical_screen,5,False,False,5149.875,6375.625,True
pp_nav_02318,navigable,85,la_plata_region,passo_fundo,1126.165,697.8520000000001,0.32572021484375,physical_screen,3,False,False,5307.9375,6372.604166666667,False
pp_nav_02319,navigable,85,chaco_region,mepenes,13190.759,8201.587,0.1114959716796875,physical_screen,5,False,False,5055.8125,6373.6875,True
pp_nav_02320,navigable,86,chaco_region,tsiripa,13144.291,8209.09,0.1627482473145323,physical_screen,5,False,False,5115.5,6376.0,True
pp_nav_02321,navigable,49,chaco_region,mepenes,13164.53,8189.246,0.07215504180070652,physical_screen,5,False,False,5085.892857142857,6381.035714285715,True
pp_nav_02322,barrier,66,la_plata_region,lagoa_vermelha,684.769,460.316,2.33936767578125,bounded_native_gap;physical_screen,5,False,False,5335.2307692307695,6384.923076923077,False
pp_nav_02323,navigable,83,chaco_region,qollaxalec,18302.177,11870.4165,0.0,physical_screen,5,False,False,5010.145833333333,6399.145833333333,True
pp_nav_02324,improvable,77,chaco_region,uruguay,2490.01,1490.697,1.097056381463206,physical_screen,4,False,False,5196.541666666667,6389.458333333333,False
pp_nav_02325,improvable,71,chaco_region,uruguay,2598.633,1560.521,0.12015695294603532,bounded_native_gap;physical_screen,5,False,False,5177.0625,6406.4375,False
pp_nav_02326,navigable,74,chaco_region,uruguay,3119.6195,1859.294,0.16612260519888772,physical_screen,4,False,False,5156.666666666667,6425.416666666667,False
pp_nav_02327,navigable,80,chaco_region,qompi,18082.127,11691.754,0.0,bounded_native_gap;physical_screen,5,False,False,5000.979166666667,6434.4375,True
pp_nav_02328,navigable,73,chaco_region,uruguay,3216.5615,1917.2930000000001,0.10095062255859374,bounded_native_gap;physical_screen,5,False,False,5141.0,6443.895833333333,False
pp_nav_02329,navigable,73,chaco_region,qompi,18087.697,11698.07,0.01712188720703125,bounded_native_gap;physical_screen,5,False,False,4993.895833333333,6469.625,True
pp_nav_02330,navigable,75,chaco_region,uruguay,3492.8965,2071.0375000000004,0.11166445788500556,physical_screen,4,False,False,5120.895833333333,6470.395833333333,False
pp_nav_02331,improvable,80,la_plata_region,patos,604.716,335.763,0.5497638702392578,physical_screen,5,False,False,5325.291666666667,6497.1875,True
pp_nav_02332,navigable,77,chaco_region,romang,18335.813,11857.241,0.0,physical_screen,5,False,False,4978.6875,6496.4375,True
pp_nav_02333,navigable,76,chaco_region,yapeyu,3705.1615,2278.251,0.0,physical_screen,5,False,False,5107.291666666667,6494.833333333333,False
pp_nav_02334,navigable,80,la_plata_region,ibicui,981.32,486.508,0.20212130041455822,bounded_native_gap;physical_screen,5,False,False,5138.65306122449,6493.040816326531,False
pp_nav_02335,navigable,13,la_plata_region,ibicui,1040.2710000000002,485.471,0.31993163178061856,physical_screen,3,False,False,5121.125,6495.375,False
pp_nav_02336,navigable,82,la_plata_region,inhandui,680.089,345.798,0.0,physical_screen,3,False,False,5164.104166666667,6505.770833333333,False
pp_nav_02337,navigable,73,chaco_region,yapeyu,4930.476,2845.566,0.017511749267578126,physical_screen,4,False,False,5086.5625,6517.0625,False
pp_nav_02338,navigable,12,la_plata_region,inhandui,505.2985,263.73249999999996,0.0,physical_screen,3,False,False,5179.5,6515.0,False
pp_nav_02339,navigable,74,chaco_region,romang,18560.879,12102.312,0.13342161563630603,physical_screen,5,False,False,4974.833333333333,6531.0,True
pp_nav_02340,navigable,85,la_plata_region,patos,1190.492,624.582,0.0,physical_screen,5,False,False,5332.0625,6523.854166666667,True
pp_nav_02341,navigable,77,la_plata_region,umbu,903.772,476.895,0.0,bounded_native_gap;physical_screen,5,False,False,5282.979166666667,6530.479166666667,True
pp_nav_02342,navigable,73,la_plata_region,umbu,1125.718,592.269,0.10092506408691407,bounded_native_gap;physical_screen,5,False,False,5307.860465116279,6529.558139534884,True
pp_nav_02343,navigable,32,la_plata_region,sao_leopoldo,2086.498,1152.125,0.0,mouth_alignment_snap;physical_screen,4,False,False,5351.105263157895,6527.9473684210525,True
pp_nav_02344,navigable,71,chaco_region,mandisobi,5537.844999999999,3189.42,0.046060002619025195,bounded_native_gap;physical_screen,5,False,False,5067.041666666667,6543.458333333333,False
pp_nav_02345,navigable,76,chaco_region,romang,18734.1095,12269.365000000002,0.006420098260243584,physical_screen,5,False,False,4971.4375,6570.145833333333,True
pp_nav_02346,navigable,76,chaco_region,mandisobi,5572.677,3189.6385,0.025762939453125,bounded_native_gap;physical_screen,5,False,False,5055.458333333333,6571.8125,False
pp_nav_02347,improvable,66,chaco_region,qom_caia,18728.061,12259.123,0.0,bounded_native_gap;physical_screen,5,False,False,4958.520833333333,6600.020833333333,True
pp_nav_02348,navigable,77,chaco_region,mandisobi,5933.576,3423.884,0.09068660736083985,physical_screen,5,False,False,5049.9375,6608.0,False
pp_nav_02349,improvable,20,la_plata_region,piratinin,523.024,260.418,0.4491443099958063,mouth_alignment_snap;physical_screen,3,False,False,5331.727272727273,6602.272727272727,True
pp_nav_02350,navigable,75,chaco_region,qom_caia,18801.225,12355.187,0.006678006818496314,physical_screen,1,False,False,4952.020833333333,6616.520833333333,True
pp_nav_02351,navigable,82,chaco_region,qom_caia,18802.264,12368.668,0.04664279476400326,physical_screen,5,False,False,4937.882352941177,6625.6274509803925,True
pp_nav_02352,navigable,78,la_plata_region,yaguari_guazu,6098.432,3502.069,0.0521855354309082,physical_screen,5,False,False,5043.625,6640.354166666667,False
pp_nav_02353,navigable,81,la_plata_region,nogoya,19252.563,12800.873,0.0,physical_screen,1,False,False,4932.354166666667,6643.729166666667,True
pp_nav_02354,navigable,81,la_plata_region,piratinin,1110.079,744.8805,0.0,bounded_native_gap;mouth_alignment_snap;physical_screen,5,False,False,5301.833333333333,6645.0,True
pp_nav_02355,navigable,76,chaco_region,karendo,19248.771,12798.198,0.1904323642922873,physical_screen,5,False,False,4926.666666666667,6654.0,True
pp_nav_02356,navigable,84,la_plata_region,yaguari_guazu,6354.616,3614.1220000000003,0.0,physical_screen,4,False,False,5041.9375,6676.1875,False
pp_nav_02357,navigable,82,la_plata_region,nogoya,18958.051,12601.65,0.10995008838600114,bounded_native_gap;physical_screen,1,False,False,4927.979166666667,6680.979166666667,True
pp_nav_02358,navigable,71,chaco_region,lalek_cotaa,18242.535,12126.025,0.10995008838600114,bounded_native_gap;physical_screen,5,False,False,4925.416666666667,6690.375,True
pp_nav_02359,navigable,83,la_plata_region,hum,526.187,296.674,0.0735443115234375,physical_screen,3,False,False,5120.979166666667,6693.479166666667,True
pp_nav_02360,navigable,14,la_plata_region,chana,6415.015,3608.751,0.0,physical_screen,4,False,False,5043.25,6700.25,False
pp_nav_02361,navigable,78,la_plata_region,hum,584.106,332.418,0.08298878689041116,physical_screen,3,False,False,5091.041666666667,6707.708333333333,True
pp_nav_02362,navigable,83,la_plata_region,chana,895.9,559.351,0.20248489379882811,physical_screen,3,False,False,5063.229166666667,6709.6875,True
pp_nav_02363,navigable,82,la_plata_region,mbegua,17785.268,11875.73,0.06491240435525106,physical_screen,5,False,False,4944.729166666667,6717.1875,True
pp_nav_02364,navigable,52,la_plata_region,chana,943.294,565.267,0.0639577865600586,physical_screen,3,False,False,5042.46875,6721.34375,True
pp_nav_02365,navigable,78,la_plata_region,mbegua,18160.441,12213.956,0.05348610877990723,bounded_native_gap;physical_screen,5,False,False,4975.895833333333,6727.708333333333,True
pp_nav_02366,navigable,79,la_plata_region,carapachay,18232.8975,12322.486499999999,0.015040594334757872,physical_screen,5,False,False,4997.541666666667,6752.208333333333,True
pp_nav_02367,navigable,47,la_plata_region,carapachay,18311.3135,12429.775,0.0,mouth_alignment_snap;physical_screen,5,False,False,5019.178571428572,6761.607142857143,True
pp_nav_02368,navigable,81,la_plata_region,tuvicha_mini,648.829,310.352,0.0834201196972958,physical_screen,3,False,False,5017.5625,6868.666666666667,True
pp_nav_02369,navigable,80,la_plata_region,tubicha_mini,740.92,368.261,0.036541748046875,mouth_alignment_snap;physical_screen,3,False,False,5066.020833333333,6876.895833333333,True
pp_nav_02370,navigable,65,la_plata_region,tubicha_mini,669.448,330.05,0.06885010015959778,bounded_native_gap;physical_screen,3,False,False,5042.0,6880.547619047619,True
pp_nav_02371,barrier,82,andes_region,puchacay,935.266,200.916,0.18471603393554686,bounded_native_gap;physical_screen,3,False,False,4371.604166666667,6954.895833333333,False
pp_nav_02372,improvable,10,andes_region,lelbunmapu,672.192,144.657,0.9704818725585938,bounded_native_gap;physical_screen,3,False,False,4380.5,6972.5,False
pp_nav_02373,improvable,82,la_plata_region,newenken,794.418,249.691,0.3719975710186059,bounded_native_gap;physical_screen,5,False,False,4584.0625,7068.520833333333,False
pp_nav_02374,improvable,86,la_plata_region,fisque_menuco,1101.8615,290.704,0.626519775390625,physical_screen,3,False,False,4620.645833333333,7074.520833333333,False
pp_nav_02375,improvable,80,la_plata_region,elcui,794.4675,250.0565,1.0276949525014905,physical_screen,1,False,False,4586.916666666667,7074.708333333333,False
pp_nav_02376,navigable,71,la_plata_region,newenken,789.069,243.191,0.0,physical_screen,3,False,False,4556.333333333333,7086.833333333333,False
pp_nav_02377,improvable,85,la_plata_region,choele_choel,1092.076,274.17,0.6702770167685805,physical_screen,3,False,False,4658.229166666667,7076.0625,False
pp_nav_02378,improvable,88,la_plata_region,elcui,1101.46,289.97,0.9025905228354335,physical_screen,1,False,False,4622.333333333333,7080.490196078431,False
pp_nav_02379,navigable,72,la_plata_region,newenken,788.4065,242.005,0.0,physical_screen,1,False,False,4559.875,7093.375,False
pp_nav_02380,navigable,81,la_plata_region,balcheta,1089.457,270.251,0.11505126953125,physical_screen,1,False,False,4658.041666666667,7082.166666666667,False
pp_nav_02381,improvable,83,la_plata_region,choele_choel,1071.717,247.099,0.48720104321178104,physical_screen,3,False,False,4693.125,7086.25,False
pp_nav_02382,improvable,58,la_plata_region,balcheta,1076.176,251.813,0.517101713128712,physical_screen,1,False,False,4686.90625,7088.46875,False
pp_nav_02383,improvable,84,la_plata_region,balcheta,1042.398,217.918,0.6314672466074909,physical_screen,3,False,False,4714.3125,7112.1875,False
pp_nav_02384,navigable,77,la_plata_region,catan_lil,713.302,225.84449999999998,0.14481201171875,physical_screen,3,False,False,4531.770833333333,7110.270833333333,False
pp_nav_02385,improvable,77,la_plata_region,naupa_huen,712.614,225.451,0.75450439453125,physical_screen,1,False,False,4536.208333333333,7116.166666666667,False
pp_nav_02386,improvable,74,la_plata_region,catan_lil,680.626,209.163,1.80677490234375,physical_screen,3,False,False,4505.791666666667,7130.875,False
pp_nav_02387,navigable,83,la_plata_region,choele_choel,1004.602,176.349,0.3003646850585937,physical_screen,3,False,False,4744.5625,7129.9375,False
pp_nav_02388,improvable,74,la_plata_region,naupa_huen,664.671,205.0,1.80677490234375,physical_screen,1,False,False,4510.104166666667,7136.604166666667,False
pp_nav_02389,navigable,81,la_plata_region,curu_leufvu,873.148,149.997,0.26744842529296875,physical_screen,3,False,False,4775.104166666667,7147.395833333333,False
pp_nav_02390,navigable,36,andes_region,pikunwijimapu,629.27,224.249,0.0,physical_screen,3,False,False,4344.35,7147.85,True
pp_nav_02391,navigable,64,la_plata_region,catan_lil,637.2155,198.84050000000002,0.0,physical_screen,3,False,False,4491.526315789473,7156.815789473684,False
pp_nav_02392,improvable,26,la_plata_region,naupa_huen,659.3005,204.12400000000002,0.906640625,physical_screen,1,False,False,4501.875,7157.375,False
pp_nav_02393,improvable,81,la_plata_region,curu_leufvu,868.475,146.316,0.3782062530517578,physical_screen,3,False,False,4802.020833333333,7168.479166666667,False
pp_nav_02394,navigable,13,la_plata_region,curruhuinca,617.315,193.972,0.0554931640625,physical_screen,1,False,False,4482.75,7167.75,False
pp_nav_02395,improvable,44,la_plata_region,curu_leufvu,869.387,146.516,0.8100170869568275,physical_screen,3,False,False,4824.740740740741,7183.259259259259,False
pp_nav_02396,navigable,76,new_zealand_region,otakou,527.482,337.9475,0.0,physical_screen,3,False,False,15401.3125,7475.979166666667,False
pp_nav_02397,navigable,82,new_zealand_region,otakou,541.265,367.0925,0.15715179443359376,bounded_native_gap;physical_screen,3,False,False,15410.395833333334,7508.854166666667,False
pp_nav_02398,improvable,14,new_zealand_region,otakou,599.733,447.813,0.9517928407701751,physical_screen,3,False,False,15420.333333333334,7526.666666666667,False
pp_nav_02399,navigable,84,la_plata_region,corpen_aike,710.906,636.231,0.3189888378078953,mouth_alignment_snap;physical_screen,3,False,False,4551.020833333333,7772.145833333333,True
pp_nav_02400,improvable,81,la_plata_region,corpen_aike,709.5095,635.952,0.7310798645019532,physical_screen,3,False,False,4518.708333333333,7778.583333333333,True
pp_nav_02401,navigable,82,la_plata_region,chalten,705.799,635.009,0.101019287109375,physical_screen,3,False,False,4487.291666666667,7784.458333333333,True
pp_nav_02402,improvable,87,la_plata_region,chalten,686.3745,618.5995,1.0571880730836056,physical_screen,3,False,False,4432.5,7785.041666666667,True
pp_nav_02403,improvable,48,la_plata_region,chalten,703.4124999999999,634.2455,1.034066430487217,physical_screen,3,False,False,4460.1,7785.0,True
pp_nav_02404,navigable,10,la_plata_region,chalten,705.799,635.009,0.0,physical_screen,1,False,False,4483.875,7793.625,False
pp_nav_02405,barrier,9,la_plata_region,chalten,705.835,635.028,5.340083312988281,physical_screen,1,False,False,4497.0,7793.5,False
pp_nav_02406,improvable,12,la_plata_region,chalten,703.366,634.232,0.8040703609744337,physical_screen,1,False,False,4454.5,7794.5,False
