location_tag,good,predicted,target,reason
choco,chili,-0.21,,not viable in the efficiency data
gochacalla,chili,-0.47,,not viable in the efficiency data
himuris,chili,-0.26,-0.4317,predicted below floor -0.2
imbaguarbak,chili,-0.37,-0.1434,predicted below floor -0.2
kabeka,chili,-0.22,,not viable in the efficiency data
parita,chili,-0.02,,not viable in the efficiency data
puncune,chili,-0.33,,not viable in the efficiency data
puyu,chili,-0.02,,not viable in the efficiency data
rimaq,chili,-0.4,-0.4901,predicted below floor -0.2
tarapaca,chili,-0.66,-0.4876,predicted below floor -0.2
timbiqui,chili,-0.15,,not viable in the efficiency data
ullantaytampu,chili,-0.22,,not viable in the efficiency data
xelahuh,chili,-0.09,,not viable in the efficiency data
xllang,chili,-0.4,-0.0177,predicted below floor -0.2
yurakar,chili,0.03,,not viable in the efficiency data
chactemal,cocoa,-0.39,-0.2081,predicted below floor -0.2
chalchuapa,cocoa,0.03,,not viable in the efficiency data
cueiba,cocoa,-0.38,,not viable in the efficiency data
guaduas,cocoa,-0.26,-0.8629,predicted below floor -0.2
guanimar,cocoa,-0.14,,not viable in the efficiency data
mizantla,cocoa,-0.24,,not viable in the efficiency data
pailon,cocoa,-0.26,-0.4506,predicted below floor -0.2
sonso,cocoa,-0.11,,not viable in the efficiency data
tado_colombia,cocoa,-0.26,,not viable in the efficiency data
tixmul,cocoa,-0.39,,not viable in the efficiency data
tuxpan,cocoa,-0.26,-0.3279,predicted below floor -0.2
zacatollan,cocoa,-0.01,,not viable in the efficiency data
zaci,cocoa,-0.39,,not viable in the efficiency data
zanatepec,cocoa,-0.09,,not viable in the efficiency data
zihuatlan,cocoa,-0.09,,not viable in the efficiency data
al_mukha,coffee,-0.22,,not viable in the efficiency data
dakkar,coffee,-0.48,,not viable in the efficiency data
harar,coffee,-0.21,-0.2869,predicted below floor -0.2
taizz,coffee,-0.12,,not viable in the efficiency data
abarkuh,cotton,-0.5,-0.5835,predicted below floor -0.2
aksu,cotton,-0.34,-0.0523,predicted below floor -0.2
aleppo,cotton,-0.25,-0.2083,predicted below floor -0.2
andaki,cotton,-0.25,,not viable in the efficiency data
andaymarca,cotton,-0.61,,not viable in the efficiency data
anegada,cotton,-0.32,-0.0371,predicted below floor -0.2
arghestan,cotton,-0.31,-0.4801,predicted below floor -0.2
artush,cotton,-0.41,-0.6090,predicted below floor -0.2
ayaviri,cotton,-0.61,,not viable in the efficiency data
azemmour,cotton,-0.28,-0.6167,predicted below floor -0.2
azumi,cotton,-0.21,,not viable in the efficiency data
baghdad,cotton,-0.22,-0.4248,predicted below floor -0.2
balad_ruz,cotton,-0.38,-0.5972,predicted below floor -0.2
bandar_deyr,cotton,-0.22,-0.5044,predicted below floor -0.2
banikoara,cotton,-0.24,-0.1811,predicted below floor -0.2
biberach,cotton,-0.25,,not viable in the efficiency data
bikrampur,cotton,-0.26,-0.4777,predicted below floor -0.2
biriri,cotton,-0.31,-0.3431,predicted below floor -0.2
bosra,cotton,-0.25,-0.5650,predicted below floor -0.2
brezina,cotton,-0.5,-0.5074,predicted below floor -0.2
buale,cotton,-0.31,-0.1554,predicted below floor -0.2
buur_hakaba,cotton,-0.31,-0.1230,predicted below floor -0.2
callamaco,cotton,-0.26,-0.4990,predicted below floor -0.2
camana,cotton,-0.5,-0.1732,predicted below floor -0.2
candia,cotton,-0.4,-0.4626,predicted below floor -0.2
caniche,cotton,-0.61,,not viable in the efficiency data
chanderi,cotton,-0.23,-0.4597,predicted below floor -0.2
charchan,cotton,-0.5,-0.5946,predicted below floor -0.2
chichaoua,cotton,-0.34,-0.6139,predicted below floor -0.2
churu,cotton,-0.38,-0.3868,predicted below floor -0.2
colha,cotton,-0.21,0.0033,predicted below floor -0.2
coneto,cotton,-0.25,-0.2480,predicted below floor -0.2
cuauhtitlan,cotton,0.19,,not viable in the efficiency data
daet,cotton,-0.14,,not viable in the efficiency data
damghan,cotton,-0.25,-0.2974,predicted below floor -0.2
darganata,cotton,-0.41,-0.5973,predicted below floor -0.2
dogo,cotton,-0.38,,not viable in the efficiency data
el_eleila,cotton,-0.31,-0.4564,predicted below floor -0.2
erbil,cotton,-0.27,-0.5193,predicted below floor -0.2
fin,cotton,-0.38,-0.4113,predicted below floor -0.2
girin_ula,cotton,0.36,,not viable in the efficiency data
gorgan,cotton,-0.25,-0.2931,predicted below floor -0.2
hewanorra,cotton,-0.38,-0.5770,predicted below floor -0.2
hoveyzeh,cotton,-0.22,-0.5281,predicted below floor -0.2
huari,cotton,-0.25,,not viable in the efficiency data
huichuan,cotton,-0.41,0.0033,predicted below floor -0.2
ilog,cotton,-0.21,,not viable in the efficiency data
ishma,cotton,-0.34,-0.1693,predicted below floor -0.2
islamgarh,cotton,-0.47,-0.6181,predicted below floor -0.2
isparta,cotton,-0.28,-0.1779,predicted below floor -0.2
itzamkanac,cotton,-0.33,-0.4990,predicted below floor -0.2
kandong,cotton,-0.21,0.0826,predicted below floor -0.2
karajia,cotton,-0.45,,not viable in the efficiency data
karakax,cotton,-0.34,-0.4209,predicted below floor -0.2
karkevand,cotton,-0.33,-0.4734,predicted below floor -0.2
khupati,cotton,-0.33,-0.5152,predicted below floor -0.2
khwar,cotton,-0.31,-0.4196,predicted below floor -0.2
kleisoura,cotton,-0.27,-0.1168,predicted below floor -0.2
kourouninkoto,cotton,-0.24,-0.2216,predicted below floor -0.2
koutiala,cotton,-0.24,-0.4162,predicted below floor -0.2
kwatsaan,cotton,-0.38,-0.5910,predicted below floor -0.2
logone_birni,cotton,-0.15,,not viable in the efficiency data
lucca,cotton,-0.46,-0.5080,predicted below floor -0.2
luliang,cotton,0.19,,not viable in the efficiency data
luuq,cotton,-0.38,-0.4106,predicted below floor -0.2
madas,cotton,-0.47,,not viable in the efficiency data
maukallaqta,cotton,-0.45,,not viable in the efficiency data
mayapan,cotton,-0.33,-0.4620,predicted below floor -0.2
menghai,cotton,-0.12,,not viable in the efficiency data
meskiana,cotton,-0.25,-0.3619,predicted below floor -0.2
miyaneh,cotton,-0.33,-0.4401,predicted below floor -0.2
moron,cotton,-0.27,-0.2466,predicted below floor -0.2
morphou,cotton,-0.28,-0.2459,predicted below floor -0.2
mubarakabad,cotton,-0.41,-0.6134,predicted below floor -0.2
mut,cotton,-0.28,-0.3349,predicted below floor -0.2
nanning,cotton,0.19,,not viable in the efficiency data
neuse,cotton,-0.25,,not viable in the efficiency data
ngazargamu,cotton,-0.22,-0.3316,predicted below floor -0.2
ngoussa,cotton,-0.47,-0.6083,predicted below floor -0.2
noh_peten,cotton,-0.28,0.2239,predicted below floor -0.2
ocotelolco,cotton,0.06,,not viable in the efficiency data
oyo_ile,cotton,-0.24,0.0229,predicted below floor -0.2
ozoro,cotton,-0.39,-0.5373,predicted below floor -0.2
pacaca,cotton,-0.45,,not viable in the efficiency data
papanton,cotton,-0.25,-0.2509,predicted below floor -0.2
pathri,cotton,-0.24,-0.4063,predicted below floor -0.2
pebuenmapu,cotton,-0.58,,not viable in the efficiency data
phyu,cotton,-0.23,-0.5044,predicted below floor -0.2
pumpu,cotton,-0.61,,not viable in the efficiency data
rayen,cotton,-0.5,-0.6159,predicted below floor -0.2
rigyal,cotton,-0.08,,not viable in the efficiency data
rosso,cotton,-0.38,-0.5788,predicted below floor -0.2
rumah,cotton,-0.38,-0.6180,predicted below floor -0.2
rustaq,cotton,-0.47,-0.5604,predicted below floor -0.2
samarra,cotton,-0.22,-0.5827,predicted below floor -0.2
samawa,cotton,-0.38,-0.4846,predicted below floor -0.2
sanga,cotton,-0.31,-0.3114,predicted below floor -0.2
sayhat,cotton,-0.47,-0.5979,predicted below floor -0.2
sehore,cotton,-0.24,-0.0121,predicted below floor -0.2
seqse_qaqa,cotton,-0.61,,not viable in the efficiency data
shilong,cotton,-0.1,,not viable in the efficiency data
sicasica,cotton,-0.25,,not viable in the efficiency data
sighnaq,cotton,-0.25,-0.0141,predicted below floor -0.2
siwi,cotton,-0.22,-0.1649,predicted below floor -0.2
sohrfiruzan,cotton,-0.41,-0.5307,predicted below floor -0.2
sotk,cotton,-0.37,,not viable in the efficiency data
taikang,cotton,-0.39,0.1699,predicted below floor -0.2
tases,cotton,-0.33,-0.5770,predicted below floor -0.2
taybah,cotton,-0.47,,not viable in the efficiency data
teypana,cotton,-0.25,-0.2185,predicted below floor -0.2
tissemsilt,cotton,-0.25,-0.0780,predicted below floor -0.2
tohono_oodham,cotton,-0.31,-0.2925,predicted below floor -0.2
tus,cotton,-0.25,-0.3462,predicted below floor -0.2
ullum,cotton,-0.25,0.0716,predicted below floor -0.2
viransehir,cotton,-0.27,-0.5815,predicted below floor -0.2
walalde,cotton,-0.47,-0.5661,predicted below floor -0.2
wasit,cotton,-0.38,-0.5597,predicted below floor -0.2
weiqing,cotton,-0.24,-0.6123,predicted below floor -0.2
willcahuain,cotton,-0.61,0.0856,predicted below floor -0.2
xanthia,cotton,-0.21,-0.0864,predicted below floor -0.2
xiica_hai_iic_coii,cotton,-0.38,,not viable in the efficiency data
yangchun,cotton,-0.23,,not viable in the efficiency data
yangikent,cotton,-0.41,-0.5060,predicted below floor -0.2
yauca,cotton,-0.34,,not viable in the efficiency data
yeongdong,cotton,-0.31,-0.5152,predicted below floor -0.2
zarand_iran,cotton,-0.5,-0.5573,predicted below floor -0.2
amiens,dyes,-0.21,-0.0740,predicted below floor -0.2
arnstadt,dyes,-0.23,-0.1944,predicted below floor -0.2
asir,dyes,-0.17,,not viable in the efficiency data
bades,dyes,-0.37,-0.1205,predicted below floor -0.2
baliseyh,dyes,-0.21,-0.0781,predicted below floor -0.2
beni_sabih,dyes,-0.37,,not viable in the efficiency data
bruges,dyes,-0.3,-0.0973,predicted below floor -0.2
chateau_thierry,dyes,-0.21,-0.0487,predicted below floor -0.2
cittacastello,dyes,-0.3,-0.1788,predicted below floor -0.2
fez,dyes,-0.27,-0.0571,predicted below floor -0.2
gdansk,dyes,-0.31,-0.1097,predicted below floor -0.2
gergal,dyes,-0.23,-0.1959,predicted below floor -0.2
ghariyan,dyes,-0.21,,not viable in the efficiency data
huayacocotla,dyes,-0.22,0.4023,predicted below floor -0.2
insuyu,dyes,-0.32,-0.0895,predicted below floor -0.2
jiroft,dyes,-0.33,-0.2875,predicted below floor -0.2
maxorata,dyes,-0.37,,not viable in the efficiency data
mitilene,dyes,-0.28,-0.2025,predicted below floor -0.2
mudhaykirah,dyes,-0.39,-0.0866,predicted below floor -0.2
ouargla,dyes,-0.37,,not viable in the efficiency data
pocheon,dyes,-0.31,-0.3022,predicted below floor -0.2
rieti,dyes,-0.3,-0.2304,predicted below floor -0.2
sehwan,dyes,-0.13,,not viable in the efficiency data
silla,dyes,-0.37,,not viable in the efficiency data
sinop,dyes,-0.31,-0.0929,predicted below floor -0.2
teguise,dyes,-0.33,,not viable in the efficiency data
the_hague,dyes,-0.21,-0.1018,predicted below floor -0.2
trencin,dyes,-0.31,-0.1766,predicted below floor -0.2
troyes,dyes,-0.21,-0.1395,predicted below floor -0.2
wenteche,dyes,-0.38,-0.3434,predicted below floor -0.2
yenecamu,dyes,-0.37,-0.1925,predicted below floor -0.2
zhending,dyes,-0.22,-0.1282,predicted below floor -0.2
adirondacks,fiber_crops,-0.38,-0.6359,predicted below floor -0.2
agh_qala,fiber_crops,-0.25,-0.1048,predicted below floor -0.2
aizkraukle,fiber_crops,-0.25,-0.3295,predicted below floor -0.2
al_madar,fiber_crops,-0.31,-0.4929,predicted below floor -0.2
altan_gadas,fiber_crops,-0.7,,not viable in the efficiency data
amiskwaciwiy,fiber_crops,-0.52,-0.5515,predicted below floor -0.2
andegerebenha,fiber_crops,-0.36,-0.1538,predicted below floor -0.2
anelo,fiber_crops,-0.42,-0.1497,predicted below floor -0.2
anso,fiber_crops,-0.27,0.0392,predicted below floor -0.2
arequipa,fiber_crops,-0.53,-0.0715,predicted below floor -0.2
atfih,fiber_crops,-0.41,0.1351,predicted below floor -0.2
bagh_iran,fiber_crops,-0.42,-0.3953,predicted below floor -0.2
bakhmach,fiber_crops,-0.23,-0.2025,predicted below floor -0.2
bardejov,fiber_crops,-0.26,-0.2265,predicted below floor -0.2
bardsir,fiber_crops,-0.55,-0.3058,predicted below floor -0.2
barza,fiber_crops,-0.27,-0.0885,predicted below floor -0.2
bayan_tumen,fiber_crops,-0.21,,not viable in the efficiency data
becaguimec,fiber_crops,-0.37,,not viable in the efficiency data
beljamen,fiber_crops,-0.25,-0.1449,predicted below floor -0.2
benewah,fiber_crops,-0.31,-0.2470,predicted below floor -0.2
berlin,fiber_crops,-0.25,-0.1717,predicted below floor -0.2
biskra,fiber_crops,-0.47,-0.1257,predicted below floor -0.2
boorj,fiber_crops,-0.58,,not viable in the efficiency data
borisogleb,fiber_crops,-0.29,-0.5789,predicted below floor -0.2
busiyn,fiber_crops,-0.76,,not viable in the efficiency data
cantavieja,fiber_crops,-0.21,-0.1310,predicted below floor -0.2
chanchacc,fiber_crops,-0.21,0.0773,predicted below floor -0.2
chitolah,fiber_crops,-0.21,0.1219,predicted below floor -0.2
chortolisy,fiber_crops,-0.3,-0.2315,predicted below floor -0.2
cumumba,fiber_crops,-0.38,-0.2326,predicted below floor -0.2
deh_kord,fiber_crops,-0.21,-0.2073,predicted below floor -0.2
dilzhee,fiber_crops,-0.23,0.0312,predicted below floor -0.2
djalendi,fiber_crops,-0.36,-0.1945,predicted below floor -0.2
drysvyaty,fiber_crops,-0.25,-0.3673,predicted below floor -0.2
duba,fiber_crops,-0.58,,not viable in the efficiency data
dukagjini,fiber_crops,-0.24,-0.1582,predicted below floor -0.2
durbe,fiber_crops,-0.25,-0.3055,predicted below floor -0.2
evur,fiber_crops,-0.41,,not viable in the efficiency data
fastiv,fiber_crops,-0.23,-0.1500,predicted below floor -0.2
gdov,fiber_crops,-0.24,-0.5293,predicted below floor -0.2
golino,fiber_crops,-0.28,-0.4993,predicted below floor -0.2
gorouol,fiber_crops,-0.36,-0.2041,predicted below floor -0.2
grodek,fiber_crops,-0.21,-0.2493,predicted below floor -0.2
hangu_romania,fiber_crops,-0.44,-0.3831,predicted below floor -0.2
hjo,fiber_crops,-0.31,-0.3465,predicted below floor -0.2
huancachaca,fiber_crops,-0.21,-0.0463,predicted below floor -0.2
ischigualasto,fiber_crops,-0.31,0.0365,predicted below floor -0.2
islay,fiber_crops,-0.26,-0.4684,predicted below floor -0.2
jinigudera,fiber_crops,-0.43,-0.2316,predicted below floor -0.2
juru_hoton,fiber_crops,-0.31,-0.5061,predicted below floor -0.2
karamergen,fiber_crops,-0.21,-0.6149,predicted below floor -0.2
karuwali,fiber_crops,-0.3,-0.3085,predicted below floor -0.2
kehek_aike,fiber_crops,-0.63,,not viable in the efficiency data
khoiniki,fiber_crops,-0.23,-0.1957,predicted below floor -0.2
kholm_tver,fiber_crops,-0.29,-0.5797,predicted below floor -0.2
kickatari,fiber_crops,-0.25,-0.0749,predicted below floor -0.2
kldekari,fiber_crops,-0.26,-0.5191,predicted below floor -0.2
klepiki,fiber_crops,-0.37,-0.4961,predicted below floor -0.2
koostaaka,fiber_crops,-0.25,-0.5318,predicted below floor -0.2
koponovo,fiber_crops,-0.29,-0.4807,predicted below floor -0.2
kopyshche,fiber_crops,-0.25,-0.2119,predicted below floor -0.2
krasavino,fiber_crops,-0.56,-0.6678,predicted below floor -0.2
krasny_yar,fiber_crops,-0.25,-0.1900,predicted below floor -0.2
kremenets,fiber_crops,-0.29,-0.1764,predicted below floor -0.2
kulmbach,fiber_crops,-0.26,-0.1506,predicted below floor -0.2
kundal,fiber_crops,-0.36,-0.1550,predicted below floor -0.2
kwahada,fiber_crops,-0.21,0.0037,predicted below floor -0.2
lelow,fiber_crops,-0.21,-0.1784,predicted below floor -0.2
lezhnevo,fiber_crops,-0.23,-0.5797,predicted below floor -0.2
luninets,fiber_crops,-0.37,-0.3006,predicted below floor -0.2
lutava,fiber_crops,-0.32,-0.1774,predicted below floor -0.2
lyakhovichy,fiber_crops,-0.21,-0.5053,predicted below floor -0.2
maia,fiber_crops,-0.36,-0.4165,predicted below floor -0.2
maiawali,fiber_crops,-0.3,-0.2278,predicted below floor -0.2
main,fiber_crops,-0.65,-0.6824,predicted below floor -0.2
megrino,fiber_crops,-0.52,-0.6495,predicted below floor -0.2
mesuji,fiber_crops,-0.23,-0.0102,predicted below floor -0.2
mezhutka,fiber_crops,-0.62,,not viable in the efficiency data
mimbara,fiber_crops,-0.36,-0.1751,predicted below floor -0.2
minisose,fiber_crops,-0.21,-0.2542,predicted below floor -0.2
minizuahe,fiber_crops,-0.25,-0.5340,predicted below floor -0.2
mokowan,fiber_crops,-0.42,-0.5269,predicted below floor -0.2
muara_sabak,fiber_crops,-0.23,-0.1674,predicted below floor -0.2
nariguala,fiber_crops,-0.25,-0.0763,predicted below floor -0.2
nebesek,fiber_crops,-0.25,-0.5099,predicted below floor -0.2
ngatjumay,fiber_crops,-0.36,-0.1597,predicted below floor -0.2
nifi,fiber_crops,-0.64,,not viable in the efficiency data
nikolo_dor,fiber_crops,-0.31,-0.5766,predicted below floor -0.2
nizhelskoe,fiber_crops,-0.21,-0.5136,predicted below floor -0.2
nyaki_nyaki,fiber_crops,-0.21,-0.1664,predicted below floor -0.2
ossossane,fiber_crops,-0.24,-0.2713,predicted below floor -0.2
ostrechiny,fiber_crops,-0.56,-0.6773,predicted below floor -0.2
oweekeno,fiber_crops,-0.86,,not viable in the efficiency data
padise,fiber_crops,-0.31,-0.4912,predicted below floor -0.2
paikend,fiber_crops,-0.36,-0.3034,predicted below floor -0.2
parrusit,fiber_crops,-0.22,-0.0611,predicted below floor -0.2
patapsco,fiber_crops,-0.28,-0.0854,predicted below floor -0.2
pivehzhan,fiber_crops,-0.28,-0.3002,predicted below floor -0.2
pokegama,fiber_crops,-0.43,-0.4747,predicted below floor -0.2
pukiupukio,fiber_crops,-0.58,-0.2744,predicted below floor -0.2
qahqaheh,fiber_crops,-0.21,0.0662,predicted below floor -0.2
qeydar,fiber_crops,-0.21,-0.0547,predicted below floor -0.2
qonirat,fiber_crops,-0.2,,not viable in the efficiency data
raguli,fiber_crops,-0.25,-0.0226,predicted below floor -0.2
rakau,fiber_crops,-0.23,-0.3542,predicted below floor -0.2
rakitnya,fiber_crops,-0.29,-0.5805,predicted below floor -0.2
raznezhye,fiber_crops,-0.23,-0.4981,predicted below floor -0.2
rize,fiber_crops,-0.21,-0.4007,predicted below floor -0.2
selenge,fiber_crops,-0.71,,not viable in the efficiency data
shackamaxon,fiber_crops,-0.25,-0.0979,predicted below floor -0.2
shantsa,fiber_crops,-0.63,,not viable in the efficiency data
shenga_kurya,fiber_crops,-0.73,,not viable in the efficiency data
sogndal,fiber_crops,-0.82,,not viable in the efficiency data
sokilets,fiber_crops,-0.32,-0.1214,predicted below floor -0.2
sordavala,fiber_crops,-0.34,,not viable in the efficiency data
spasskoye,fiber_crops,-0.52,-0.6432,predicted below floor -0.2
spaxomin,fiber_crops,-0.69,-0.6265,predicted below floor -0.2
spoleto,fiber_crops,-0.33,-0.0747,predicted below floor -0.2
st_martin,fiber_crops,-0.31,-0.3737,predicted below floor -0.2
starodub_votsky,fiber_crops,-0.21,-0.4954,predicted below floor -0.2
svir_beloozero,fiber_crops,-0.56,-0.6849,predicted below floor -0.2
tanomah,fiber_crops,-0.49,-0.4411,predicted below floor -0.2
tedei,fiber_crops,-0.36,-0.2799,predicted below floor -0.2
teem,fiber_crops,-0.32,-0.3066,predicted below floor -0.2
tereshkovichy,fiber_crops,-0.23,-0.2575,predicted below floor -0.2
tsepina,fiber_crops,-0.24,0.1378,predicted below floor -0.2
tura,fiber_crops,-0.59,-0.6811,predicted below floor -0.2
ucluelet,fiber_crops,-0.23,-0.5667,predicted below floor -0.2
ust_tsimla,fiber_crops,-0.25,-0.0439,predicted below floor -0.2
vetlitsy,fiber_crops,-0.21,-0.5136,predicted below floor -0.2
vilaka,fiber_crops,-0.34,-0.4505,predicted below floor -0.2
vonnu,fiber_crops,-0.26,-0.4776,predicted below floor -0.2
voronizh_chernihiv,fiber_crops,-0.23,-0.2485,predicted below floor -0.2
vydreya,fiber_crops,-0.23,-0.4132,predicted below floor -0.2
wanbirujurari,fiber_crops,-0.36,-0.2786,predicted below floor -0.2
warluwarra,fiber_crops,-0.36,-0.2293,predicted below floor -0.2
wirangu,fiber_crops,-0.36,-0.2667,predicted below floor -0.2
wishkahuunu,fiber_crops,-0.25,-0.0000,predicted below floor -0.2
woonsocket,fiber_crops,-0.25,-0.3316,predicted below floor -0.2
ya_kti_ki,fiber_crops,-0.69,,not viable in the efficiency data
yabro,fiber_crops,-0.32,-0.1683,predicted below floor -0.2
yiman,fiber_crops,-0.37,,not viable in the efficiency data
yingisar,fiber_crops,-0.53,-0.4731,predicted below floor -0.2
zhizhets,fiber_crops,-0.29,-0.4953,predicted below floor -0.2
abiz,fruit,-0.32,,not viable in the efficiency data
acteon,fruit,-0.05,,not viable in the efficiency data
adilabad,fruit,-0.21,-0.5279,predicted below floor -0.2
afif,fruit,-0.08,,not viable in the efficiency data
ahel,fruit,-0.27,-0.5673,predicted below floor -0.2
ailinglaplap_atoll,fruit,0.03,,not viable in the efficiency data
ajdabiya,fruit,0.0,,not viable in the efficiency data
ajim,fruit,-0.53,,not viable in the efficiency data
akola,fruit,-0.79,-0.5668,predicted below floor -0.2
al_aythamah,fruit,-0.08,,not viable in the efficiency data
al_bad,fruit,-0.2,,not viable in the efficiency data
al_bayda,fruit,-0.24,-0.5662,predicted below floor -0.2
al_bidda,fruit,-0.08,,not viable in the efficiency data
al_fuqarah,fruit,-0.08,,not viable in the efficiency data
al_ghat,fruit,-0.27,-0.5667,predicted below floor -0.2
al_ghazalah,fruit,-0.27,,not viable in the efficiency data
al_hawra,fruit,0.0,,not viable in the efficiency data
al_hufayrah,fruit,-0.08,,not viable in the efficiency data
al_huwayyit,fruit,0.0,,not viable in the efficiency data
al_kharabah,fruit,0.0,,not viable in the efficiency data
al_khums,fruit,-0.57,-0.5550,predicted below floor -0.2
al_laghfiyyah,fruit,-0.08,,not viable in the efficiency data
al_mundassah,fruit,-0.08,,not viable in the efficiency data
al_muthainiyah,fruit,-0.31,-0.5673,predicted below floor -0.2
al_muwaylih,fruit,-0.08,,not viable in the efficiency data
al_qaiyah,fruit,0.0,,not viable in the efficiency data
al_qara,fruit,-0.31,-0.5673,predicted below floor -0.2
al_thulayma,fruit,-0.08,,not viable in the efficiency data
al_ukhaydir,fruit,0.0,,not viable in the efficiency data
albacete,fruit,-0.33,,not viable in the efficiency data
ali_sabieh,fruit,-0.27,,not viable in the efficiency data
alicante,fruit,-0.25,-0.1878,predicted below floor -0.2
anah,fruit,0.0,,not viable in the efficiency data
andranosoa,fruit,-0.39,,not viable in the efficiency data
andritsaina,fruit,-0.36,0.0927,predicted below floor -0.2
anew,fruit,-0.25,,not viable in the efficiency data
angkor_borei,fruit,-0.29,0.0825,predicted below floor -0.2
ar_rukai,fruit,0.0,,not viable in the efficiency data
arar,fruit,-0.08,,not viable in the efficiency data
aratika_atoll,fruit,-0.05,,not viable in the efficiency data
ardakan,fruit,0.0,,not viable in the efficiency data
ardestan,fruit,-0.21,-0.5578,predicted below floor -0.2
ariste,fruit,-0.33,0.1123,predicted below floor -0.2
arno_atoll,fruit,0.03,,not viable in the efficiency data
aroas,fruit,-0.31,-0.5673,predicted below floor -0.2
arta,fruit,-0.24,0.0078,predicted below floor -0.2
aryaru,fruit,-0.21,0.1309,predicted below floor -0.2
as_salafiyah,fruit,-0.32,-0.3722,predicted below floor -0.2
ash_shibahah,fruit,-0.08,,not viable in the efficiency data
assa,fruit,0.0,,not viable in the efficiency data
asuf,fruit,0.0,,not viable in the efficiency data
auwe,fruit,-0.48,,not viable in the efficiency data
az_zilfi,fruit,-0.27,-0.5656,predicted below floor -0.2
bacuma,fruit,-0.5,-0.4683,predicted below floor -0.2
bagalkot,fruit,-0.42,-0.5169,predicted below floor -0.2
baghin,fruit,-0.13,,not viable in the efficiency data
bajdah,fruit,-0.27,-0.5672,predicted below floor -0.2
balanggarra,fruit,-0.31,,not viable in the efficiency data
bam_esfarayen,fruit,-0.37,-0.5658,predicted below floor -0.2
bandar_rig,fruit,-0.57,,not viable in the efficiency data
banjabi,fruit,-0.26,0.1164,predicted below floor -0.2
barkdiz,fruit,-0.25,-0.5582,predicted below floor -0.2
bechar,fruit,0.0,,not viable in the efficiency data
bengkalis,fruit,-0.06,,not viable in the efficiency data
bent,fruit,-0.08,,not viable in the efficiency data
beyza,fruit,-0.33,-0.5501,predicted below floor -0.2
bikini_atoll,fruit,-0.32,,not viable in the efficiency data
bilghah,fruit,-0.08,,not viable in the efficiency data
bir_al_qurr,fruit,-0.08,,not viable in the efficiency data
birjand,fruit,-0.21,-0.5665,predicted below floor -0.2
borun,fruit,-0.29,0.1851,predicted below floor -0.2
bria,fruit,-0.3,-0.4675,predicted below floor -0.2
bukhara,fruit,-0.25,-0.5576,predicted below floor -0.2
buraydah,fruit,-0.27,-0.5619,predicted below floor -0.2
cabinda_kongo,fruit,-0.27,0.1017,predicted below floor -0.2
calkini,fruit,-0.4,,not viable in the efficiency data
cantagalo,fruit,-0.29,0.1878,predicted below floor -0.2
carteret_atoll,fruit,0.03,,not viable in the efficiency data
cazorla,fruit,-0.36,0.1234,predicted below floor -0.2
chayrama,fruit,-0.21,0.2240,predicted below floor -0.2
chi_la,fruit,-0.25,-0.2634,predicted below floor -0.2
chibuene,fruit,-0.58,-0.5478,predicted below floor -0.2
chiluane,fruit,-0.39,,not viable in the efficiency data
chuchures,fruit,-0.25,0.1665,predicted below floor -0.2
chuuk,fruit,0.03,,not viable in the efficiency data
cutzamala,fruit,-0.22,-0.5030,predicted below floor -0.2
dangbon,fruit,-0.3,-0.5064,predicted below floor -0.2
dar_es_salaam,fruit,-0.38,-0.2145,predicted below floor -0.2
dashahai,fruit,-0.21,,not viable in the efficiency data
debarq,fruit,-0.34,-0.3460,predicted below floor -0.2
deyhuk,fruit,0.0,,not viable in the efficiency data
dia,fruit,-0.64,-0.5662,predicted below floor -0.2
dingnan_anshun,fruit,-0.25,0.1455,predicted below floor -0.2
dire_dawa,fruit,-0.72,-0.2714,predicted below floor -0.2
djanet,fruit,0.0,,not viable in the efficiency data
djiralay,fruit,-0.16,,not viable in the efficiency data
durun,fruit,-0.25,-0.3198,predicted below floor -0.2
el_bayadh,fruit,-0.32,-0.5672,predicted below floor -0.2
eleuthera,fruit,-0.47,-0.2064,predicted below floor -0.2
eqlid,fruit,-0.21,-0.5633,predicted below floor -0.2
fayd,fruit,-0.27,-0.5670,predicted below floor -0.2
fengjie,fruit,-0.28,-0.1454,predicted below floor -0.2
firabr,fruit,-0.4,-0.5594,predicted below floor -0.2
gaiman,fruit,-0.32,,not viable in the efficiency data
galkayo,fruit,-0.19,,not viable in the efficiency data
gamrun,fruit,-0.27,-0.5611,predicted below floor -0.2
gbabiri,fruit,-0.3,-0.0404,predicted below floor -0.2
ghadames,fruit,-0.08,,not viable in the efficiency data
ghazni,fruit,-0.25,,not viable in the efficiency data
ghumayqah,fruit,-0.39,-0.5671,predicted below floor -0.2
gogodala,fruit,0.1,,not viable in the efficiency data
guanay,fruit,-0.21,-0.0484,predicted below floor -0.2
gunupur,fruit,-0.26,-0.3836,predicted below floor -0.2
haapai,fruit,0.03,,not viable in the efficiency data
habana,fruit,-0.21,-0.1936,predicted below floor -0.2
hajar,fruit,-0.19,,not viable in the efficiency data
hami,fruit,-0.21,-0.0426,predicted below floor -0.2
hanagal,fruit,-0.43,-0.5237,predicted below floor -0.2
haniguayagua,fruit,-0.26,0.0676,predicted below floor -0.2
hapur,fruit,-0.29,-0.2539,predicted below floor -0.2
haylan,fruit,-0.19,,not viable in the efficiency data
hizan,fruit,-0.28,-0.1376,predicted below floor -0.2
hong_chau,fruit,-0.35,-0.2011,predicted below floor -0.2
ibo,fruit,-0.21,-0.4051,predicted below floor -0.2
igli,fruit,0.0,,not viable in the efficiency data
itya_mahadu,fruit,-0.4,,not viable in the efficiency data
jagin_zir,fruit,-0.08,,not viable in the efficiency data
jahrom,fruit,-0.65,-0.5672,predicted below floor -0.2
jilib,fruit,-0.67,-0.5571,predicted below floor -0.2
jondaq,fruit,-0.19,,not viable in the efficiency data
jumento,fruit,-0.4,-0.3531,predicted below floor -0.2
kaabu,fruit,-0.39,-0.5669,predicted below floor -0.2
kabara_atoll,fruit,0.03,,not viable in the efficiency data
kabul,fruit,-0.33,0.0547,predicted below floor -0.2
kaditshwene,fruit,-0.67,-0.2595,predicted below floor -0.2
kaiama,fruit,-0.39,-0.5672,predicted below floor -0.2
kandahar,fruit,-0.57,-0.5017,predicted below floor -0.2
kanum,fruit,-0.22,0.0778,predicted below floor -0.2
karaj_abi_dulaf,fruit,-0.14,,not viable in the efficiency data
karvandar,fruit,-0.08,,not viable in the efficiency data
kawenote,fruit,-0.25,-0.3446,predicted below floor -0.2
kerman,fruit,-0.32,,not viable in the efficiency data
khamir,fruit,-0.24,-0.5660,predicted below floor -0.2
kilemba,fruit,-0.29,-0.5028,predicted below floor -0.2
kirkuk,fruit,-0.38,-0.5236,predicted below floor -0.2
korientze,fruit,-0.27,,not viable in the efficiency data
korit,fruit,0.0,,not viable in the efficiency data
kurki,fruit,-0.46,,not viable in the efficiency data
laayoune,fruit,-0.08,,not viable in the efficiency data
laoting,fruit,-0.21,0.2872,predicted below floor -0.2
lash_joveyn,fruit,0.0,,not viable in the efficiency data
linah,fruit,-0.08,,not viable in the efficiency data
llucena,fruit,-0.38,0.0386,predicted below floor -0.2
lubudi,fruit,-0.29,-0.5483,predicted below floor -0.2
luquemba,fruit,-0.21,-0.4440,predicted below floor -0.2
lyngngam,fruit,-0.5,-0.1406,predicted below floor -0.2
macaca,fruit,-0.41,-0.1904,predicted below floor -0.2
mahabo,fruit,-0.22,,not viable in the efficiency data
maiana_atoll,fruit,0.03,,not viable in the efficiency data
manadeley,fruit,-0.27,-0.1791,predicted below floor -0.2
manihi_atoll,fruit,-0.05,,not viable in the efficiency data
manuae_atoll,fruit,-0.05,,not viable in the efficiency data
manyakheta,fruit,-0.34,-0.4764,predicted below floor -0.2
mara,fruit,-0.56,,not viable in the efficiency data
mara_india,fruit,-0.45,-0.1957,predicted below floor -0.2
maradah,fruit,-0.08,,not viable in the efficiency data
maralbexi,fruit,0.13,,not viable in the efficiency data
mareeg,fruit,-0.27,,not viable in the efficiency data
mashdhubah,fruit,-0.27,,not viable in the efficiency data
mashhad_rizeh,fruit,-0.25,-0.5514,predicted below floor -0.2
masjed_soleyman,fruit,-0.57,,not viable in the efficiency data
mawza,fruit,-0.39,-0.5663,predicted below floor -0.2
mazhan,fruit,-0.21,-0.5607,predicted below floor -0.2
meyami,fruit,-0.32,-0.0192,predicted below floor -0.2
moma,fruit,-0.22,-0.4210,predicted below floor -0.2
mora_eth,fruit,-0.27,-0.5671,predicted below floor -0.2
motutunga_atoll,fruit,-0.05,,not viable in the efficiency data
muhwaosipi,fruit,-0.21,0.0951,predicted below floor -0.2
murayghan,fruit,-0.08,,not viable in the efficiency data
mussul,fruit,-0.22,-0.1463,predicted below floor -0.2
mutumui,fruit,-0.22,-0.4896,predicted below floor -0.2
muzahmiyah,fruit,-0.27,-0.5666,predicted below floor -0.2
nacala,fruit,-0.22,-0.4278,predicted below floor -0.2
nagarando,fruit,-0.22,-0.3076,predicted below floor -0.2
nenlhet,fruit,-0.22,0.1530,predicted below floor -0.2
nganaa_nui_atoll,fruit,-0.05,,not viable in the efficiency data
ngaous,fruit,-0.33,,not viable in the efficiency data
ngume,fruit,-0.21,0.2003,predicted below floor -0.2
niyaj,fruit,-0.38,-0.1841,predicted below floor -0.2
nukunonu_atoll,fruit,0.03,,not viable in the efficiency data
nupeko,fruit,-0.22,-0.5657,predicted below floor -0.2
orambul,fruit,-0.39,,not viable in the efficiency data
ouarzazate,fruit,-0.21,-0.5670,predicted below floor -0.2
palikur,fruit,-0.3,0.1650,predicted below floor -0.2
parnagua,fruit,-0.25,-0.5517,predicted below floor -0.2
pinya,fruit,-0.21,-0.2779,predicted below floor -0.2
poli,fruit,-0.3,-0.5411,predicted below floor -0.2
pomabamba,fruit,-0.34,0.1512,predicted below floor -0.2
porto_tibirica,fruit,-0.29,0.1840,predicted below floor -0.2
porumamilla,fruit,-0.21,-0.5156,predicted below floor -0.2
pulusuk_atoll,fruit,0.03,,not viable in the efficiency data
pushang,fruit,-0.25,-0.5551,predicted below floor -0.2
qaryatayn,fruit,-0.13,,not viable in the efficiency data
qingchi,fruit,-0.21,0.2657,predicted below floor -0.2
quban,fruit,0.0,,not viable in the efficiency data
qurayyat_al_milh,fruit,0.0,,not viable in the efficiency data
rakhyah,fruit,-0.19,,not viable in the efficiency data
ramsheh,fruit,-0.13,,not viable in the efficiency data
raqqa,fruit,-0.57,-0.5584,predicted below floor -0.2
raroia_atoll,fruit,-0.05,,not viable in the efficiency data
rio_pomba,fruit,-0.25,0.0888,predicted below floor -0.2
rodrigues,fruit,-0.47,,not viable in the efficiency data
sabugal,fruit,-0.24,-0.1405,predicted below floor -0.2
sabzevar,fruit,-0.25,-0.5446,predicted below floor -0.2
salumbar,fruit,-0.63,,not viable in the efficiency data
sanzana,fruit,-0.3,-0.5673,predicted below floor -0.2
sapukaia,fruit,-0.21,0.1569,predicted below floor -0.2
sara,fruit,-0.27,-0.5672,predicted below floor -0.2
sarayan,fruit,-0.4,-0.5584,predicted below floor -0.2
satawan_atoll,fruit,0.03,,not viable in the efficiency data
sayun,fruit,-0.27,-0.5670,predicted below floor -0.2
sbikha,fruit,-0.33,-0.5383,predicted below floor -0.2
seke_gabun,fruit,-0.25,0.0014,predicted below floor -0.2
selima,fruit,0.0,,not viable in the efficiency data
shaharah,fruit,-0.24,-0.4075,predicted below floor -0.2
shusef,fruit,-0.21,-0.5668,predicted below floor -0.2
siraya,fruit,-0.25,-0.2761,predicted below floor -0.2
soalara,fruit,-0.75,,not viable in the efficiency data
soyo,fruit,-0.27,0.0692,predicted below floor -0.2
sukhnah,fruit,0.0,,not viable in the efficiency data
tabas_al_tamr,fruit,-0.19,,not viable in the efficiency data
tabelbala,fruit,0.0,,not viable in the efficiency data
tabiteuea_atoll,fruit,0.03,,not viable in the efficiency data
taenga_atoll,fruit,-0.05,,not viable in the efficiency data
taka_atoll,fruit,-0.47,,not viable in the efficiency data
tal_afar,fruit,-0.57,,not viable in the efficiency data
tapiete,fruit,-0.46,-0.0919,predicted below floor -0.2
tata_MOR,fruit,-0.08,,not viable in the efficiency data
tatahuitalpan,fruit,-0.25,-0.3466,predicted below floor -0.2
tawurgha,fruit,0.0,,not viable in the efficiency data
tednest,fruit,-0.24,-0.5665,predicted below floor -0.2
thandaunggyi,fruit,-0.21,-0.1295,predicted below floor -0.2
thula,fruit,-0.37,0.2756,predicted below floor -0.2
thung_yang,fruit,-0.29,-0.0978,predicted below floor -0.2
tikehau_atoll,fruit,-0.05,,not viable in the efficiency data
tiznit,fruit,-0.08,,not viable in the efficiency data
tmimi,fruit,0.0,,not viable in the efficiency data
toau_atoll,fruit,-0.05,,not viable in the efficiency data
turaythith,fruit,-0.25,-0.5218,predicted below floor -0.2
turpan,fruit,-0.21,-0.0888,predicted below floor -0.2
turuepano,fruit,-0.21,0.2324,predicted below floor -0.2
tututepec,fruit,-0.21,-0.2791,predicted below floor -0.2
udakh,fruit,-0.27,-0.5668,predicted below floor -0.2
ullensvang,fruit,-0.4,-0.3608,predicted below floor -0.2
umatilla,fruit,-0.25,0.3957,predicted below floor -0.2
umm_al_ghiran,fruit,0.0,,not viable in the efficiency data
umm_al_qulban,fruit,-0.27,-0.5666,predicted below floor -0.2
untari,fruit,-0.25,-0.4308,predicted below floor -0.2
urgench,fruit,0.03,,not viable in the efficiency data
ushmum_tannah,fruit,-0.22,-0.2958,predicted below floor -0.2
utkhupampa,fruit,-0.21,0.1705,predicted below floor -0.2
uvea_atoll,fruit,0.03,,not viable in the efficiency data
uyun_al_jiwa,fruit,-0.27,-0.5667,predicted below floor -0.2
vauvau,fruit,0.03,,not viable in the efficiency data
velez_rubio,fruit,-0.24,-0.5621,predicted below floor -0.2
vosporo,fruit,-0.06,,not viable in the efficiency data
wotje_atoll,fruit,-0.32,,not viable in the efficiency data
wotjobaluk,fruit,-0.33,-0.5665,predicted below floor -0.2
wudi,fruit,-0.21,0.2612,predicted below floor -0.2
wuthathi,fruit,-0.22,-0.3442,predicted below floor -0.2
yambina,fruit,-0.75,,not viable in the efficiency data
yo,fruit,-0.37,-0.5668,predicted below floor -0.2
yot_ou,fruit,-0.25,-0.2866,predicted below floor -0.2
zabol,fruit,0.07,,not viable in the efficiency data
zhanhua,fruit,-0.21,0.1520,predicted below floor -0.2
zuwarah,fruit,0.0,,not viable in the efficiency data
awaji,incense,-0.32,-0.2813,predicted below floor -0.2
bandar_aceh,incense,-0.38,-0.3450,predicted below floor -0.2
dongguan,incense,-0.26,-0.2066,predicted below floor -0.2
malapuram,incense,-0.26,-0.5007,predicted below floor -0.2
namwon,incense,-0.59,-0.5328,predicted below floor -0.2
nyemo,incense,-0.56,,not viable in the efficiency data
qishn,incense,-0.02,,not viable in the efficiency data
shibam,incense,0.11,,not viable in the efficiency data
tarim,incense,0.11,,not viable in the efficiency data
temasek,incense,-0.3,-0.6336,predicted below floor -0.2
tosan,incense,-0.35,-0.3720,predicted below floor -0.2
abadeh,legumes,-0.61,,not viable in the efficiency data
abiward,legumes,-0.35,-0.4975,predicted below floor -0.2
al_abwa,legumes,-0.6,,not viable in the efficiency data
al_bayda_yemen,legumes,-0.72,,not viable in the efficiency data
al_farah_ula,legumes,-0.6,,not viable in the efficiency data
al_jumum,legumes,-0.6,,not viable in the efficiency data
al_mahani,legumes,-0.6,,not viable in the efficiency data
amman,legumes,-0.4,-0.2119,predicted below floor -0.2
an_nakhil,legumes,-0.6,,not viable in the efficiency data
anar,legumes,-0.5,,not viable in the efficiency data
ancud,legumes,-0.28,,not viable in the efficiency data
andawaohie,legumes,-0.3,-0.6421,predicted below floor -0.2
arak,legumes,-0.66,,not viable in the efficiency data
arandai,legumes,-0.46,,not viable in the efficiency data
arari,legumes,-0.43,,not viable in the efficiency data
as_suwayriqiyah,legumes,-0.6,,not viable in the efficiency data
asanas,legumes,-0.5,,not viable in the efficiency data
baba_ata,legumes,-0.34,-0.4516,predicted below floor -0.2
bahla,legumes,-0.6,,not viable in the efficiency data
bakel,legumes,-0.29,-0.5291,predicted below floor -0.2
bakusaya,legumes,-0.66,-0.7684,predicted below floor -0.2
baram,legumes,-0.46,,not viable in the efficiency data
barem,legumes,-0.29,-0.3475,predicted below floor -0.2
basand,legumes,-0.33,-0.1522,predicted below floor -0.2
beni_suef,legumes,-0.1,,not viable in the efficiency data
bohai,legumes,-0.39,,not viable in the efficiency data
boiken,legumes,-0.51,-0.8113,predicted below floor -0.2
bojaya,legumes,-0.51,-0.4330,predicted below floor -0.2
bola,legumes,-0.29,-0.3727,predicted below floor -0.2
buluguda,legumes,-0.51,-0.4342,predicted below floor -0.2
burica,legumes,-0.29,-0.3798,predicted below floor -0.2
busayrah,legumes,-0.6,-0.7430,predicted below floor -0.2
camacota,legumes,-0.51,-0.4236,predicted below floor -0.2
carpio,legumes,-0.24,-0.0861,predicted below floor -0.2
chamchamal,legumes,-0.24,-0.5291,predicted below floor -0.2
colhue_huapi,legumes,-0.5,,not viable in the efficiency data
corpen_aike,legumes,-0.5,,not viable in the efficiency data
cubuk,legumes,-0.33,-0.2386,predicted below floor -0.2
cuyo,legumes,-0.29,-0.1021,predicted below floor -0.2
dadi_dadi,legumes,-0.49,-0.7115,predicted below floor -0.2
daya_kathyn,legumes,-0.5,,not viable in the efficiency data
deogarh,legumes,-0.25,0.0092,predicted below floor -0.2
deping,legumes,-0.28,-0.4077,predicted below floor -0.2
diara,legumes,-0.5,-0.7985,predicted below floor -0.2
doubare,legumes,-0.29,-0.2240,predicted below floor -0.2
dzhulsub,legumes,-0.28,-0.1342,predicted below floor -0.2
ekwentondie,legumes,-0.3,-0.6057,predicted below floor -0.2
estok_gna,legumes,-0.23,-0.3033,predicted below floor -0.2
falkoping,legumes,-0.24,-0.3618,predicted below floor -0.2
faraveh,legumes,-0.56,-0.3798,predicted below floor -0.2
feriana,legumes,-0.4,-0.6799,predicted below floor -0.2
gardez,legumes,-0.34,-0.3242,predicted below floor -0.2
gori_gori,legumes,-0.29,-0.5725,predicted below floor -0.2
guaja,legumes,-0.21,-0.1392,predicted below floor -0.2
hadishahr,legumes,-0.34,-0.3140,predicted below floor -0.2
harat,legumes,-0.49,,not viable in the efficiency data
hargaya,legumes,-0.44,,not viable in the efficiency data
hargeisa,legumes,-0.5,-0.8649,predicted below floor -0.2
hashatjin,legumes,-0.39,-0.3447,predicted below floor -0.2
hit,legumes,-0.6,,not viable in the efficiency data
hulu_kinabatangan,legumes,-0.26,-0.1032,predicted below floor -0.2
huth,legumes,-0.66,-0.7430,predicted below floor -0.2
ifrane,legumes,-0.66,-0.5371,predicted below floor -0.2
ilgin,legumes,-0.33,-0.5048,predicted below floor -0.2
inapiremapu,legumes,-0.28,-0.1076,predicted below floor -0.2
iparuka,legumes,-0.45,-0.8449,predicted below floor -0.2
iriirakiicuhat,legumes,-0.28,-0.1957,predicted below floor -0.2
kafr_saqr,legumes,-0.1,,not viable in the efficiency data
kaiparowit,legumes,-0.61,-0.2493,predicted below floor -0.2
kamalia,legumes,-0.14,,not viable in the efficiency data
kanibonzon,legumes,-0.5,-0.5569,predicted below floor -0.2
kate,legumes,-0.29,-0.3383,predicted below floor -0.2
kelinjau,legumes,-0.51,,not viable in the efficiency data
kesra,legumes,-0.34,-0.2125,predicted below floor -0.2
khash_sistan,legumes,-0.66,,not viable in the efficiency data
khimni,legumes,-0.24,-0.1465,predicted below floor -0.2
khiva,legumes,-0.29,,not viable in the efficiency data
khwansar,legumes,-0.4,,not viable in the efficiency data
kongsvinger,legumes,-0.24,-0.3628,predicted below floor -0.2
koure,legumes,-0.5,-0.7322,predicted below floor -0.2
kukiya,legumes,-0.72,,not viable in the efficiency data
laerdal,legumes,-0.51,,not viable in the efficiency data
latje_latje,legumes,-0.49,-0.7684,predicted below floor -0.2
luyi,legumes,-0.45,-0.4918,predicted below floor -0.2
madinat_far,legumes,-0.23,-0.2322,predicted below floor -0.2
mahgas,legumes,-0.66,,not viable in the efficiency data
makalondi,legumes,-0.29,-0.2769,predicted below floor -0.2
managalang,legumes,-0.29,-0.3747,predicted below floor -0.2
manubara,legumes,-0.21,-0.0940,predicted below floor -0.2
marajoara,legumes,-0.43,,not viable in the efficiency data
marind,legumes,-0.38,-0.4155,predicted below floor -0.2
marwah,legumes,-0.39,0.0037,predicted below floor -0.2
mastung,legumes,-0.62,-0.8400,predicted below floor -0.2
matman,legumes,-0.04,,not viable in the efficiency data
mayaimi,legumes,-0.32,-0.5260,predicted below floor -0.2
maybrat,legumes,-0.51,-0.8049,predicted below floor -0.2
mbara,legumes,-0.29,-0.3098,predicted below floor -0.2
millapel,legumes,-0.34,-0.0585,predicted below floor -0.2
mithri,legumes,-0.66,,not viable in the efficiency data
muhammerah,legumes,-0.6,,not viable in the efficiency data
muktsar,legumes,-0.16,,not viable in the efficiency data
musi,legumes,-0.46,-0.8484,predicted below floor -0.2
nadushan,legumes,-0.56,,not viable in the efficiency data
nam_thing,legumes,-0.04,,not viable in the efficiency data
namau,legumes,-0.46,-0.7923,predicted below floor -0.2
nauhtlan,legumes,-0.25,-0.0459,predicted below floor -0.2
naupahuasi,legumes,-0.45,-0.3090,predicted below floor -0.2
ndiaganiao,legumes,-0.29,-0.3747,predicted below floor -0.2
negar,legumes,-0.61,,not viable in the efficiency data
neustadt,legumes,-0.23,-0.2703,predicted below floor -0.2
ngambe,legumes,-0.28,,not viable in the efficiency data
ngazidja,legumes,-0.21,0.0137,predicted below floor -0.2
nhanta,legumes,-0.56,-0.6616,predicted below floor -0.2
olanchito,legumes,-0.21,-0.4567,predicted below floor -0.2
pahva_nits,legumes,-0.34,-0.2792,predicted below floor -0.2
pangvay,legumes,-0.72,-0.8852,predicted below floor -0.2
pasca,legumes,-0.33,-0.3787,predicted below floor -0.2
piranshahr,legumes,-0.39,-0.8449,predicted below floor -0.2
pokiok,legumes,-0.24,-0.5999,predicted below floor -0.2
pulasari,legumes,-0.24,-0.8814,predicted below floor -0.2
qasr_e_qand,legumes,-0.66,,not viable in the efficiency data
qayyarah,legumes,-0.23,-0.4403,predicted below floor -0.2
qena,legumes,-0.14,,not viable in the efficiency data
qusayr,legumes,-0.24,-0.1957,predicted below floor -0.2
riantana,legumes,-0.46,,not viable in the efficiency data
riz,legumes,-0.35,-0.7597,predicted below floor -0.2
roanoke,legumes,-0.24,-0.3339,predicted below floor -0.2
roon,legumes,-0.51,,not viable in the efficiency data
rostaq,legumes,-0.51,-0.8244,predicted below floor -0.2
rudkhaneh,legumes,-0.6,,not viable in the efficiency data
rungan,legumes,-0.52,,not viable in the efficiency data
sagadahoc,legumes,-0.24,-0.0726,predicted below floor -0.2
sain,legumes,-0.33,-0.7655,predicted below floor -0.2
sakao,legumes,-0.51,,not viable in the efficiency data
salamiyya,legumes,-0.55,-0.3356,predicted below floor -0.2
samakh,legumes,-0.66,,not viable in the efficiency data
samiram,legumes,-0.6,,not viable in the efficiency data
sanandaj,legumes,-0.33,-0.8852,predicted below floor -0.2
sar_pol,legumes,-0.34,-0.5403,predicted below floor -0.2
sarkisla,legumes,-0.33,-0.4330,predicted below floor -0.2
seacal,legumes,-0.29,-0.2271,predicted below floor -0.2
senapelan,legumes,-0.46,,not viable in the efficiency data
shajwa,legumes,-0.6,,not viable in the efficiency data
shirvan_iran,legumes,-0.34,-0.7089,predicted below floor -0.2
sikieye,legumes,-0.5,-0.6550,predicted below floor -0.2
silae,legumes,-0.29,-0.2259,predicted below floor -0.2
sindagi,legumes,-0.36,-0.3429,predicted below floor -0.2
sintang,legumes,-0.46,-0.7772,predicted below floor -0.2
sivrihisar,legumes,-0.28,-0.1419,predicted below floor -0.2
sohrevard,legumes,-0.28,-0.7772,predicted below floor -0.2
solimandungan,legumes,-0.29,-0.3589,predicted below floor -0.2
stadacona,legumes,-0.3,-0.6528,predicted below floor -0.2
sungurlu,legumes,-0.33,-0.1885,predicted below floor -0.2
surab,legumes,-0.62,,not viable in the efficiency data
ta_shwe_htan,legumes,-0.07,,not viable in the efficiency data
tampo,legumes,-0.66,-0.3923,predicted below floor -0.2
tes,legumes,-0.28,-0.1456,predicted below floor -0.2
tissint,legumes,-0.66,,not viable in the efficiency data
tu_dotlizh_ndee,legumes,-0.39,-0.1951,predicted below floor -0.2
ulungur,legumes,-0.61,-0.5707,predicted below floor -0.2
vlasovo,legumes,-0.24,0.0347,predicted below floor -0.2
waropen,legumes,-0.46,,not viable in the efficiency data
worla,legumes,-0.35,-0.0884,predicted below floor -0.2
yagalingu,legumes,-0.29,-0.5535,predicted below floor -0.2
aashbikkaashee,lumber,-0.46,-0.5392,predicted below floor -0.2
afrin,lumber,-0.21,-0.3584,predicted below floor -0.2
akinka_nup,lumber,-0.29,-0.4182,predicted below floor -0.2
aknuq_uk,lumber,-0.64,-0.6823,predicted below floor -0.2
akureyri,lumber,-0.57,,not viable in the efficiency data
al_khuimat,lumber,-0.44,-0.6207,predicted below floor -0.2
aliabad_katul,lumber,-0.22,-0.4504,predicted below floor -0.2
alpowna,lumber,-0.29,-0.3613,predicted below floor -0.2
alvdal,lumber,-0.38,-0.3901,predicted below floor -0.2
angoya,lumber,-0.4,-0.4857,predicted below floor -0.2
aopuni_atoll,lumber,0.08,,not viable in the efficiency data
apispaha,lumber,-0.46,-0.5063,predicted below floor -0.2
aqyam_nup,lumber,-0.29,-0.5042,predicted below floor -0.2
arkvaz,lumber,-0.48,,not viable in the efficiency data
arylakh,lumber,-0.22,-0.2565,predicted below floor -0.2
asahkaiowaipu,lumber,-0.22,-0.2027,predicted below floor -0.2
atikonak,lumber,-0.21,-0.4322,predicted below floor -0.2
ayllu_yacuchiri,lumber,-0.31,0.0322,predicted below floor -0.2
azilal,lumber,-0.22,-0.5612,predicted below floor -0.2
bad_rock,lumber,-0.33,-0.4551,predicted below floor -0.2
balj,lumber,-0.31,-0.4010,predicted below floor -0.2
balladonia,lumber,-0.42,-0.2726,predicted below floor -0.2
baoning_maozhou,lumber,-0.51,-0.4311,predicted below floor -0.2
barylas,lumber,-0.23,-0.4850,predicted below floor -0.2
baykit,lumber,-0.27,-0.2256,predicted below floor -0.2
belya,lumber,-0.27,-0.1515,predicted below floor -0.2
berdigestyakh,lumber,-0.22,-0.2195,predicted below floor -0.2
beryozovo,lumber,-0.33,-0.1430,predicted below floor -0.2
besni,lumber,-0.29,-0.5293,predicted below floor -0.2
bidungu,lumber,-0.54,-0.6509,predicted below floor -0.2
boanawari,lumber,-0.36,-0.3047,predicted below floor -0.2
bolshaya_laptyuga,lumber,-0.22,-0.0919,predicted below floor -0.2
bryante,lumber,-0.22,-0.1763,predicted below floor -0.2
buchu,lumber,-0.51,-0.5561,predicted below floor -0.2
bumbuzi,lumber,-0.24,0.0263,predicted below floor -0.2
byanye,lumber,-0.22,-0.2582,predicted below floor -0.2
byas_kyuyol,lumber,-0.22,-0.2389,predicted below floor -0.2
caisaboscai,lumber,-0.22,-0.3545,predicted below floor -0.2
cavalese,lumber,-0.53,-0.3961,predicted below floor -0.2
charang,lumber,-0.22,-0.2214,predicted below floor -0.2
chay,lumber,-0.22,-0.2725,predicted below floor -0.2
chayygda,lumber,-0.22,-0.2675,predicted below floor -0.2
chelan,lumber,-0.29,-0.4216,predicted below floor -0.2
chiavenna,lumber,-0.6,-0.5034,predicted below floor -0.2
chishamnee,lumber,-0.31,-0.3082,predicted below floor -0.2
chodrak_kham,lumber,-0.51,-0.5077,predicted below floor -0.2
choigan,lumber,-0.27,-0.2109,predicted below floor -0.2
chuya,lumber,-0.27,-0.1432,predicted below floor -0.2
cuvenai,lumber,-0.24,0.1806,predicted below floor -0.2
dadandang,lumber,-0.31,-0.2862,predicted below floor -0.2
debin,lumber,-0.21,-0.6230,predicted below floor -0.2
deline,lumber,-0.21,-0.4444,predicted below floor -0.2
deokju,lumber,-0.25,-0.3095,predicted below floor -0.2
dep,lumber,-0.23,-0.0856,predicted below floor -0.2
disentis,lumber,-0.6,-0.4999,predicted below floor -0.2
dishmok,lumber,-0.22,,not viable in the efficiency data
djappuminyou,lumber,-0.36,-0.4014,predicted below floor -0.2
djee,lumber,-0.23,-0.1024,predicted below floor -0.2
domanic,lumber,-0.28,-0.1849,predicted below floor -0.2
dospat,lumber,-0.3,-0.1050,predicted below floor -0.2
dulgalakh,lumber,-0.27,-0.4684,predicted below floor -0.2
dulis_ma,lumber,-0.27,-0.1088,predicted below floor -0.2
durgyeling,lumber,-0.64,-0.5117,predicted below floor -0.2
dzingcho,lumber,-0.51,-0.5472,predicted below floor -0.2
east_kimbu,lumber,-0.24,0.2463,predicted below floor -0.2
eben_ezer,lumber,-0.31,-0.0473,predicted below floor -0.2
egilsstadir,lumber,-0.53,-0.6918,predicted below floor -0.2
ekonda,lumber,-0.22,-0.4081,predicted below floor -0.2
elkhorn,lumber,-0.22,-0.2399,predicted below floor -0.2
elverum,lumber,-0.22,-0.0710,predicted below floor -0.2
enashimo,lumber,-0.23,-0.1703,predicted below floor -0.2
enchukamao,lumber,-0.21,-0.5192,predicted below floor -0.2
enewetak_atoll,lumber,0.16,,not viable in the efficiency data
eringiin,lumber,-0.31,-0.3445,predicted below floor -0.2
ewksikni,lumber,-0.22,-0.0123,predicted below floor -0.2
faaite_atoll,lumber,0.08,,not viable in the efficiency data
foping,lumber,-0.26,-0.3105,predicted below floor -0.2
fucheng,lumber,-0.31,-0.3971,predicted below floor -0.2
fulaga_atoll,lumber,0.02,,not viable in the efficiency data
funafuti_atoll,lumber,0.16,,not viable in the efficiency data
gellivaara,lumber,-0.22,-0.1107,predicted below floor -0.2
gerger,lumber,-0.4,-0.6352,predicted below floor -0.2
gerit,lumber,-0.4,,not viable in the efficiency data
giiwas,lumber,-0.42,-0.0663,predicted below floor -0.2
grass_creek,lumber,-0.46,-0.5283,predicted below floor -0.2
grenland,lumber,-0.29,-0.1518,predicted below floor -0.2
gualamba,lumber,-0.31,-0.0679,predicted below floor -0.2
guhlkahende,lumber,-0.36,-0.3619,predicted below floor -0.2
guochuan,lumber,-0.25,-0.2930,predicted below floor -0.2
gurun,lumber,-0.29,-0.5435,predicted below floor -0.2
hakkari,lumber,-0.37,-0.6025,predicted below floor -0.2
hallingdal,lumber,-0.33,-0.2561,predicted below floor -0.2
hambukushu,lumber,-0.24,-0.1131,predicted below floor -0.2
heshun,lumber,-0.26,-0.4125,predicted below floor -0.2
hinsepu,lumber,-0.33,-0.4182,predicted below floor -0.2
hot_springs,lumber,-0.46,-0.4699,predicted below floor -0.2
huayuantou,lumber,-0.26,-0.3661,predicted below floor -0.2
hurunui,lumber,-0.64,-0.2591,predicted below floor -0.2
ibb,lumber,-0.52,-0.5181,predicted below floor -0.2
illecillewaet,lumber,-0.29,-0.4309,predicted below floor -0.2
imsdalen,lumber,-0.29,-0.2182,predicted below floor -0.2
ingedei,lumber,-0.21,-0.2269,predicted below floor -0.2
iyeesnime,lumber,-0.29,-0.4246,predicted below floor -0.2
iyesyak,lumber,-0.22,-0.2572,predicted below floor -0.2
izeh,lumber,-0.17,,not viable in the efficiency data
izhma,lumber,-0.22,-0.1378,predicted below floor -0.2
jigansk,lumber,-0.27,-0.2445,predicted below floor -0.2
jungaa,lumber,-0.53,,not viable in the efficiency data
juntura,lumber,-0.5,-0.4119,predicted below floor -0.2
kahpota,lumber,-0.25,-0.4386,predicted below floor -0.2
kaltysyany,lumber,-0.21,-0.1397,predicted below floor -0.2
kamniga,lumber,-0.23,-0.3747,predicted below floor -0.2
kananmituk,lumber,-0.33,-0.4142,predicted below floor -0.2
kapan,lumber,-0.37,-0.4654,predicted below floor -0.2
kapfenberg,lumber,-0.26,-0.2481,predicted below floor -0.2
kardakan,lumber,-0.27,-0.1694,predicted below floor -0.2
karunga,lumber,-0.24,-0.0487,predicted below floor -0.2
kasekete,lumber,-0.24,0.0769,predicted below floor -0.2
katima,lumber,-0.31,-0.0073,predicted below floor -0.2
katzie,lumber,-0.29,-0.4479,predicted below floor -0.2
kauehi_atoll,lumber,0.08,,not viable in the efficiency data
kauipushkakamat,lumber,-0.22,-0.3179,predicted below floor -0.2
kaukura_atoll,lumber,0.08,,not viable in the efficiency data
kaurna_pangkarra,lumber,-0.29,-0.1051,predicted below floor -0.2
kazhi,lumber,-0.31,-0.4739,predicted below floor -0.2
kenamu,lumber,-0.22,-0.3773,predicted below floor -0.2
kerben,lumber,-0.36,-0.4491,predicted below floor -0.2
khan_khentii,lumber,-0.34,-0.2769,predicted below floor -0.2
kharbalakh,lumber,-0.22,-0.2392,predicted below floor -0.2
khati,lumber,-0.22,-0.2488,predicted below floor -0.2
khelhghubunt_en,lumber,-0.22,-0.1882,predicted below floor -0.2
khoro,lumber,-0.22,-0.2617,predicted below floor -0.2
kidutokado,lumber,-0.43,-0.0601,predicted below floor -0.2
kinbasket,lumber,-0.53,-0.6095,predicted below floor -0.2
kirsehir,lumber,-0.33,-0.3692,predicted below floor -0.2
kitasoo,lumber,-0.46,-0.4888,predicted below floor -0.2
kittikas,lumber,-0.42,-0.2782,predicted below floor -0.2
kobyai,lumber,-0.22,-0.2584,predicted below floor -0.2
konitsa,lumber,-0.44,-0.2952,predicted below floor -0.2
konkudera,lumber,-0.22,-0.4973,predicted below floor -0.2
koptyuga,lumber,-0.22,-0.1162,predicted below floor -0.2
korpilombo,lumber,-0.22,-0.0952,predicted below floor -0.2
ktunwakanmituk,lumber,-0.33,-0.5367,predicted below floor -0.2
kuchaky,lumber,-0.22,-0.2173,predicted below floor -0.2
kuchugunnur,lumber,-0.22,-0.2276,predicted below floor -0.2
kuhmo,lumber,-0.21,-0.0316,predicted below floor -0.2
kungara,lumber,-0.24,-0.1966,predicted below floor -0.2
kur,lumber,-0.23,-0.1134,predicted below floor -0.2
kuukucyn,lumber,-0.33,-0.5060,predicted below floor -0.2
kwajalein_atoll,lumber,0.16,,not viable in the efficiency data
kysyl_syr,lumber,-0.22,-0.2376,predicted below floor -0.2
kyubeme,lumber,-0.27,-0.6837,predicted below floor -0.2
las_navas,lumber,-0.22,-0.1827,predicted below floor -0.2
leadore,lumber,-0.3,-0.4787,predicted below floor -0.2
lemone,lumber,-0.24,0.0310,predicted below floor -0.2
lentekhi,lumber,-0.44,-0.4039,predicted below floor -0.2
leshongwane,lumber,-0.24,-0.1060,predicted below floor -0.2
licheng_luan,lumber,-0.25,-0.5031,predicted below floor -0.2
liksiyu,lumber,-0.29,-0.1902,predicted below floor -0.2
longan,lumber,-0.25,-0.3216,predicted below floor -0.2
macha,lumber,-0.22,-0.1967,predicted below floor -0.2
madanda,lumber,-0.24,0.0544,predicted below floor -0.2
male_atoll,lumber,0.07,,not viable in the efficiency data
malka,lumber,-0.23,-0.1816,predicted below floor -0.2
maloelap_atoll,lumber,0.16,,not viable in the efficiency data
malung,lumber,-0.22,-0.0338,predicted below floor -0.2
mamiya_kala,lumber,-0.34,-0.3001,predicted below floor -0.2
marutea,lumber,0.08,,not viable in the efficiency data
mawet,lumber,-0.26,-0.6451,predicted below floor -0.2
mayya,lumber,-0.22,-0.2249,predicted below floor -0.2
mbosaksawaas,lumber,-0.22,-0.1219,predicted below floor -0.2
mengung,lumber,-0.31,-0.5132,predicted below floor -0.2
mghumbhani,lumber,-0.24,-0.0539,predicted below floor -0.2
midyat,lumber,-0.07,,not viable in the efficiency data
mili_atoll,lumber,0.16,,not viable in the efficiency data
milkovo,lumber,-0.23,-0.1412,predicted below floor -0.2
minudasht,lumber,-0.22,-0.4492,predicted below floor -0.2
mistutikumak,lumber,-0.21,-0.3858,predicted below floor -0.2
mitse_adazi,lumber,-0.22,-0.2524,predicted below floor -0.2
moghwachi,lumber,-0.36,-0.5401,predicted below floor -0.2
moneta,lumber,-0.42,,not viable in the efficiency data
moose_river,lumber,-0.53,-0.6332,predicted below floor -0.2
morgex,lumber,-0.64,-0.4793,predicted below floor -0.2
mourionska,lumber,-0.21,-0.0956,predicted below floor -0.2
mulmuga,lumber,-0.22,-0.1522,predicted below floor -0.2
mus,lumber,-0.26,-0.2787,predicted below floor -0.2
mutota,lumber,-0.24,0.0209,predicted below floor -0.2
na_isha,lumber,-0.46,-0.5763,predicted below floor -0.2
nasacauso,lumber,-0.21,-0.2959,predicted below floor -0.2
nipissis,lumber,-0.22,-0.2516,predicted below floor -0.2
nisenan,lumber,-0.42,-0.3427,predicted below floor -0.2
nisga_a,lumber,-0.33,-0.4495,predicted below floor -0.2
nueltin,lumber,-0.29,-0.5474,predicted below floor -0.2
nurchuu,lumber,-0.23,-0.2484,predicted below floor -0.2
nyachukha,lumber,-0.51,-0.4972,predicted below floor -0.2
nyurum_yegan,lumber,-0.21,-0.2248,predicted below floor -0.2
opocopa,lumber,-0.21,-0.3193,predicted below floor -0.2
orotuk,lumber,-0.27,-0.4352,predicted below floor -0.2
otredal,lumber,-0.21,-0.0979,predicted below floor -0.2
otta,lumber,-0.29,-0.3041,predicted below floor -0.2
oukwanyama,lumber,-0.31,-0.1805,predicted below floor -0.2
oyusut,lumber,-0.22,-0.2384,predicted below floor -0.2
pa_kiut_lema,lumber,-0.43,-0.2808,predicted below floor -0.2
pagashi,lumber,-0.21,-0.3037,predicted below floor -0.2
petawanga,lumber,-0.23,-0.0171,predicted below floor -0.2
pieve,lumber,-0.38,-0.3659,predicted below floor -0.2
pinega,lumber,-0.22,-0.1214,predicted below floor -0.2
pragelato,lumber,-0.51,-0.4257,predicted below floor -0.2
puget_theniers,lumber,-0.22,-0.2807,predicted below floor -0.2
punakha,lumber,-0.4,-0.2901,predicted below floor -0.2
pushroot,lumber,-0.46,,not viable in the efficiency data
puxian,lumber,-0.26,-0.4501,predicted below floor -0.2
qasr_shirin,lumber,-0.21,-0.7297,predicted below floor -0.2
qianyou,lumber,-0.26,-0.4034,predicted below floor -0.2
rangiroa_atoll,lumber,0.08,,not viable in the efficiency data
rawanduz,lumber,-0.44,-0.6499,predicted below floor -0.2
rinpung,lumber,-0.44,-0.5225,predicted below floor -0.2
rongelap_atoll,lumber,0.1,,not viable in the efficiency data
s_awdaan,lumber,-0.57,-0.6380,predicted below floor -0.2
saanen,lumber,-0.44,-0.3250,predicted below floor -0.2
salkhad,lumber,-0.49,-0.6977,predicted below floor -0.2
samsu,lumber,-0.25,-0.2895,predicted below floor -0.2
sanshui_binzhou,lumber,-0.31,-0.3385,predicted below floor -0.2
sarkikaraagac,lumber,-0.33,-0.1889,predicted below floor -0.2
segura_de_la_sierra,lumber,-0.22,-0.3336,predicted below floor -0.2
segyan_kyuyol,lumber,-0.22,-0.2429,predicted below floor -0.2
seneca,lumber,-0.29,-0.2630,predicted below floor -0.2
shangluo,lumber,-0.26,-0.3979,predicted below floor -0.2
shar_yelpuk,lumber,-0.51,-0.5713,predicted below floor -0.2
shatili,lumber,-0.4,-0.3507,predicted below floor -0.2
shipastouk,lumber,-0.21,-0.1307,predicted below floor -0.2
shua,lumber,-0.24,-0.0297,predicted below floor -0.2
shukden,lumber,-0.64,,not viable in the efficiency data
silbojock,lumber,-0.29,-0.1885,predicted below floor -0.2
sinipi,lumber,-0.31,0.0108,predicted below floor -0.2
sinnar,lumber,-0.31,-0.4165,predicted below floor -0.2
sirnak,lumber,-0.22,-0.6462,predicted below floor -0.2
sisakht,lumber,-0.4,-0.7252,predicted below floor -0.2
skitswish,lumber,-0.42,-0.3572,predicted below floor -0.2
sliammon,lumber,-0.22,-0.3634,predicted below floor -0.2
snt_t_ulix,lumber,-0.29,-0.1632,predicted below floor -0.2
south_molala,lumber,-0.42,-0.1485,predicted below floor -0.2
split_rock,lumber,-0.15,,not viable in the efficiency data
sts_ailes,lumber,-0.29,-0.3913,predicted below floor -0.2
suledal,lumber,-0.26,-0.4172,predicted below floor -0.2
sydybyl,lumber,-0.22,-0.3226,predicted below floor -0.2
systyg,lumber,-0.23,-0.2523,predicted below floor -0.2
sysy_meyite,lumber,-0.27,-0.4346,predicted below floor -0.2
taant_a,lumber,-0.22,-0.3858,predicted below floor -0.2
tabaga,lumber,-0.22,-0.2410,predicted below floor -0.2
tagotoka,lumber,-0.54,,not viable in the efficiency data
takspaslama,lumber,-0.39,-0.3265,predicted below floor -0.2
tanakteuk,lumber,-0.22,-0.4221,predicted below floor -0.2
tanchang,lumber,-0.31,-0.3635,predicted below floor -0.2
tangkhay,lumber,-0.22,-0.3793,predicted below floor -0.2
tarawa_atoll,lumber,0.16,,not viable in the efficiency data
tarna,lumber,-0.29,-0.1640,predicted below floor -0.2
tatinnai,lumber,-0.29,-0.5751,predicted below floor -0.2
tavaputs,lumber,-0.57,,not viable in the efficiency data
taviwac,lumber,-0.25,-0.5196,predicted below floor -0.2
tazin,lumber,-0.22,-0.3353,predicted below floor -0.2
tchitogama,lumber,-0.22,-0.0469,predicted below floor -0.2
tekman,lumber,-0.33,-0.4209,predicted below floor -0.2
temiscamie,lumber,-0.22,-0.1848,predicted below floor -0.2
thubun,lumber,-0.21,-0.3615,predicted below floor -0.2
tineo,lumber,-0.29,-0.0855,predicted below floor -0.2
tlacolula,lumber,-0.31,-0.1088,predicted below floor -0.2
tokuma,lumber,-0.23,-0.4759,predicted below floor -0.2
tomarza,lumber,-0.29,-0.3764,predicted below floor -0.2
tomtor,lumber,-0.22,-0.2311,predicted below floor -0.2
tongareva,lumber,0.08,,not viable in the efficiency data
tonguo,lumber,-0.22,-0.2629,predicted below floor -0.2
torgo,lumber,-0.23,-0.4846,predicted below floor -0.2
towarnehiooks,lumber,-0.22,0.0303,predicted below floor -0.2
tronka_chua,lumber,-0.21,-0.4139,predicted below floor -0.2
tsala_ihmec,lumber,-0.53,-0.5292,predicted below floor -0.2
tsunthang,lumber,-0.4,-0.2460,predicted below floor -0.2
tukspush,lumber,-0.22,-0.0245,predicted below floor -0.2
tulamba,lumber,-0.4,,not viable in the efficiency data
turukhansk,lumber,-0.21,-0.1793,predicted below floor -0.2
tynset,lumber,-0.33,-0.2908,predicted below floor -0.2
uel_tympychan,lumber,-0.27,-0.1317,predicted below floor -0.2
ugoyan,lumber,-0.22,-0.2365,predicted below floor -0.2
uintah,lumber,-0.46,-0.4037,predicted below floor -0.2
uluu,lumber,-0.22,-0.1921,predicted below floor -0.2
unkagarit,lumber,-0.46,,not viable in the efficiency data
uolba,lumber,-0.22,-0.2230,predicted below floor -0.2
uolbut,lumber,-0.22,-0.2041,predicted below floor -0.2
upper_nioman,lumber,-0.33,-0.4126,predicted below floor -0.2
urkan,lumber,-0.23,-0.1010,predicted below floor -0.2
uzkand,lumber,-0.38,-0.3566,predicted below floor -0.2
valdres,lumber,-0.29,-0.2414,predicted below floor -0.2
verkhnyaya,lumber,-0.22,-0.1962,predicted below floor -0.2
vezhakary,lumber,-0.22,-0.1342,predicted below floor -0.2
vilyuychan,lumber,-0.22,-0.2168,predicted below floor -0.2
wahemen,lumber,-0.21,-0.4818,predicted below floor -0.2
wajarri,lumber,-0.54,-0.5909,predicted below floor -0.2
wallowa,lumber,-0.33,-0.3311,predicted below floor -0.2
waradika,lumber,-0.43,-0.5404,predicted below floor -0.2
wecho,lumber,-0.21,-0.4177,predicted below floor -0.2
wenatchi,lumber,-0.46,-0.4003,predicted below floor -0.2
wenshan,lumber,-0.31,-0.2686,predicted below floor -0.2
winisk,lumber,-0.21,-0.4897,predicted below floor -0.2
wishram,lumber,-0.22,-0.0288,predicted below floor -0.2
witym,lumber,-0.27,-0.2005,predicted below floor -0.2
wiznay,lumber,-0.31,-0.0955,predicted below floor -0.2
yakyu_ki,lumber,-0.33,-0.5837,predicted below floor -0.2
yana,lumber,-0.31,-0.1883,predicted below floor -0.2
yangam,lumber,-0.25,-0.2979,predicted below floor -0.2
yedey,lumber,-0.22,-0.1999,predicted below floor -0.2
yixingzhou,lumber,-0.26,-0.4446,predicted below floor -0.2
yiyang_songzhou,lumber,-0.26,-0.4200,predicted below floor -0.2
ynakhsyt,lumber,-0.22,-0.2712,predicted below floor -0.2
ypoa,lumber,-0.47,-0.1881,predicted below floor -0.2
yungdrung,lumber,-0.51,-0.4201,predicted below floor -0.2
yuttyakh,lumber,-0.27,-0.4146,predicted below floor -0.2
zharzhan,lumber,-0.27,-0.3256,predicted below floor -0.2
zhebariki_khaya,lumber,-0.22,-0.2737,predicted below floor -0.2
aaku,maize,-0.51,-0.4896,predicted below floor -0.2
aburra,maize,-0.36,-0.4700,predicted below floor -0.2
akimel_oodham,maize,-0.34,-0.6247,predicted below floor -0.2
atarque,maize,-0.32,-0.6200,predicted below floor -0.2
atash,maize,-0.35,,not viable in the efficiency data
bosa_colombia,maize,-0.26,-0.3710,predicted below floor -0.2
caraveli,maize,-0.4,-0.3382,predicted below floor -0.2
caribaro,maize,-0.26,-0.1257,predicted below floor -0.2
chao,maize,-0.34,-0.1214,predicted below floor -0.2
chavin,maize,-0.45,,not viable in the efficiency data
chiquia,maize,-0.45,,not viable in the efficiency data
comcaac,maize,-0.44,,not viable in the efficiency data
cotapampa,maize,-0.35,,not viable in the efficiency data
dzilam,maize,-0.25,-0.4288,predicted below floor -0.2
elki,maize,-0.4,,not viable in the efficiency data
gualeguas,maize,-0.25,-0.2245,predicted below floor -0.2
gueiquesales,maize,-0.25,-0.6313,predicted below floor -0.2
halchidoma,maize,-0.53,,not viable in the efficiency data
hatun_xauxa,maize,-0.5,,not viable in the efficiency data
huaman_karpa,maize,-0.4,-0.0008,predicted below floor -0.2
ica,maize,-0.34,-0.1614,predicted below floor -0.2
japallan,maize,-0.45,,not viable in the efficiency data
kamsack,maize,-0.05,,not viable in the efficiency data
kileqollo,maize,-0.35,,not viable in the efficiency data
machala,maize,-0.24,-0.2681,predicted below floor -0.2
machaqa,maize,-0.59,,not viable in the efficiency data
mindu,maize,-0.31,-0.1968,predicted below floor -0.2
muruam,maize,-0.25,-0.3770,predicted below floor -0.2
ogiciza_wakpa,maize,-0.25,,not viable in the efficiency data
omaguacas,maize,-0.15,,not viable in the efficiency data
paramonga,maize,-0.34,-0.1975,predicted below floor -0.2
paribari,maize,-0.21,,not viable in the efficiency data
piipaash,maize,-0.43,,not viable in the efficiency data
pikunwijimapu,maize,-0.26,-0.5347,predicted below floor -0.2
pimicaskewyashik,maize,-0.25,,not viable in the efficiency data
piren,maize,-0.29,,not viable in the efficiency data
pomata,maize,-0.59,,not viable in the efficiency data
quillarumiyoc,maize,-0.35,-0.0161,predicted below floor -0.2
tetamekanch,maize,-0.23,-0.3089,predicted below floor -0.2
than_u_ge,maize,-0.24,-0.1560,predicted below floor -0.2
toponisw,maize,-0.46,-0.7358,predicted below floor -0.2
tora,maize,-0.21,-0.2326,predicted below floor -0.2
uinkaret,maize,-0.51,-0.5452,predicted below floor -0.2
ures,maize,-0.29,-0.4445,predicted below floor -0.2
waqrapukara,maize,-0.45,,not viable in the efficiency data
yahandeka,maize,-0.46,-0.4694,predicted below floor -0.2
yeme,maize,-0.25,-0.3952,predicted below floor -0.2
aguasabon,medicaments,-0.14,,not viable in the efficiency data
bazman,medicaments,-0.59,,not viable in the efficiency data
bitterroot,medicaments,-0.26,-0.0506,predicted below floor -0.2
collique,medicaments,-0.44,-0.5672,predicted below floor -0.2
fukushima,medicaments,-0.3,-0.4025,predicted below floor -0.2
gonpatsi,medicaments,-0.51,,not viable in the efficiency data
havaii,medicaments,-0.51,,not viable in the efficiency data
ishpeming,medicaments,-0.28,-0.5179,predicted below floor -0.2
jaluit_atoll,medicaments,-0.37,,not viable in the efficiency data
janakkala,medicaments,-0.26,-0.5227,predicted below floor -0.2
jaskis,medicaments,-0.26,-0.4976,predicted below floor -0.2
kauakiekamatsh,medicaments,-0.49,-0.6154,predicted below floor -0.2
kennebango,medicaments,-0.57,-0.5408,predicted below floor -0.2
khabr,medicaments,-0.49,-0.2895,predicted below floor -0.2
kipahigan,medicaments,-0.26,,not viable in the efficiency data
kohi_safi,medicaments,-0.26,0.1825,predicted below floor -0.2
korvala,medicaments,-0.69,,not viable in the efficiency data
ksituan,medicaments,-0.3,-0.2197,predicted below floor -0.2
kuhbanan,medicaments,-0.44,,not viable in the efficiency data
kuopio,medicaments,-0.26,,not viable in the efficiency data
ky_son,medicaments,-0.18,,not viable in the efficiency data
lindjarvi,medicaments,-0.26,-0.5227,predicted below floor -0.2
maaselka,medicaments,-0.49,-0.5292,predicted below floor -0.2
manouane,medicaments,-0.49,-0.5316,predicted below floor -0.2
mattawa,medicaments,-0.28,,not viable in the efficiency data
meductic,medicaments,-0.28,-0.5292,predicted below floor -0.2
metabeskega,medicaments,-0.28,-0.5704,predicted below floor -0.2
mica_creek,medicaments,-0.63,,not viable in the efficiency data
minzhou,medicaments,-0.4,-0.1025,predicted below floor -0.2
muang_sing,medicaments,-0.25,-0.3703,predicted below floor -0.2
muhaukamau,medicaments,-0.49,-0.5227,predicted below floor -0.2
muli,medicaments,-0.3,,not viable in the efficiency data
nagaoka,medicaments,-0.25,-0.3297,predicted below floor -0.2
natinixwe,medicaments,-0.38,,not viable in the efficiency data
nazkot_en,medicaments,-0.26,-0.1418,predicted below floor -0.2
nisab,medicaments,-0.5,-0.3665,predicted below floor -0.2
osisko,medicaments,-0.28,,not viable in the efficiency data
pyeongchang,medicaments,-0.25,-0.4370,predicted below floor -0.2
qiaoxian,medicaments,-0.28,0.3778,predicted below floor -0.2
radaa,medicaments,-0.36,-0.1338,predicted below floor -0.2
rongerik_atoll,medicaments,-0.37,,not viable in the efficiency data
rukajarvi,medicaments,-0.49,-0.5227,predicted below floor -0.2
selanger,medicaments,-0.26,-0.5961,predicted below floor -0.2
sguuxs,medicaments,-0.26,-0.1016,predicted below floor -0.2
shipshaw,medicaments,-0.28,,not viable in the efficiency data
sirudal,medicaments,-0.63,,not viable in the efficiency data
skuppah,medicaments,-0.63,,not viable in the efficiency data
sylhet,medicaments,-0.01,,not viable in the efficiency data
tula,medicaments,-0.27,,not viable in the efficiency data
verkhoturye,medicaments,-0.3,-0.1142,predicted below floor -0.2
wli_qospem,medicaments,-0.37,-0.5279,predicted below floor -0.2
yapudttka,medicaments,-0.28,-0.1159,predicted below floor -0.2
zhuban_ana,medicaments,-0.14,,not viable in the efficiency data
afmadow,millet,-0.21,,not viable in the efficiency data
agnam_civol,millet,-0.48,-0.6461,predicted below floor -0.2
ain_farah,millet,-0.25,-0.2681,predicted below floor -0.2
ain_madhi,millet,-0.34,-0.5038,predicted below floor -0.2
ain_sefra,millet,-0.45,-0.6919,predicted below floor -0.2
alat,millet,-0.45,,not viable in the efficiency data
alays,millet,-0.25,-0.4768,predicted below floor -0.2
amis,millet,-0.29,-0.7852,predicted below floor -0.2
andolo,millet,-0.5,-0.3485,predicted below floor -0.2
aurland,millet,-0.56,-0.5903,predicted below floor -0.2
ayerou,millet,-0.55,-0.6340,predicted below floor -0.2
babuza,millet,-0.34,-0.5258,predicted below floor -0.2
badra,millet,-0.48,,not viable in the efficiency data
baiyungu,millet,-0.55,,not viable in the efficiency data
balanipa,millet,-0.4,-0.3502,predicted below floor -0.2
banjar,millet,-0.4,,not viable in the efficiency data
barah,millet,-0.48,-0.6392,predicted below floor -0.2
bardera,millet,-0.21,,not viable in the efficiency data
baru,millet,-0.36,,not viable in the efficiency data
bayankhot,millet,-0.52,-0.2910,predicted below floor -0.2
bayannur,millet,-0.29,,not viable in the efficiency data
beledweyne,millet,-0.48,,not viable in the efficiency data
bitki,millet,-0.56,-0.4060,predicted below floor -0.2
boluohe,millet,-0.49,-0.7384,predicted below floor -0.2
bookabie,millet,-0.34,-0.4070,predicted below floor -0.2
bou_saada,millet,-0.41,-0.4394,predicted below floor -0.2
brig,millet,-0.45,-0.0635,predicted below floor -0.2
bumi_ayu,millet,-0.36,,not viable in the efficiency data
bunratty,millet,-0.27,-0.4021,predicted below floor -0.2
charklik,millet,-0.45,,not viable in the efficiency data
chur,millet,-0.22,-0.0495,predicted below floor -0.2
coleraine,millet,-0.22,-0.4172,predicted below floor -0.2
cork,millet,-0.33,-0.3308,predicted below floor -0.2
dargol,millet,-0.48,-0.5534,predicted below floor -0.2
daura,millet,-0.21,-0.4121,predicted below floor -0.2
den_terek,millet,-0.22,-0.0117,predicted below floor -0.2
drama,millet,-0.25,0.0245,predicted below floor -0.2
dumai,millet,-0.36,,not viable in the efficiency data
ed_damer,millet,-0.48,,not viable in the efficiency data
edinburgh,millet,-0.22,-0.3123,predicted below floor -0.2
el_agheila,millet,-0.48,,not viable in the efficiency data
elgin,millet,-0.45,-0.6409,predicted below floor -0.2
emuer,millet,-0.21,-0.1670,predicted below floor -0.2
fardawsa,millet,-0.48,,not viable in the efficiency data
feldkirchen,millet,-0.33,-0.1109,predicted below floor -0.2
galway,millet,-0.27,-0.3962,predicted below floor -0.2
gaotai,millet,-0.45,-0.0559,predicted below floor -0.2
gode,millet,-0.21,-0.4744,predicted below floor -0.2
gorontalo,millet,-0.4,,not viable in the efficiency data
goudooumaria,millet,-0.48,-0.7036,predicted below floor -0.2
goure,millet,-0.48,-0.6125,predicted below floor -0.2
guide,millet,-0.22,-0.2544,predicted below floor -0.2
hamdallaye,millet,-0.48,-0.5663,predicted below floor -0.2
haomen,millet,-0.45,-0.4481,predicted below floor -0.2
ikoyi,millet,-0.31,-0.3030,predicted below floor -0.2
initao,millet,-0.33,-0.3626,predicted below floor -0.2
inverness,millet,-0.45,-0.6531,predicted below floor -0.2
jadliaura,millet,-0.48,,not viable in the efficiency data
jadu,millet,-0.48,,not viable in the efficiency data
jingzhou_dorbod,millet,-0.45,-0.2458,predicted below floor -0.2
jishi,millet,-0.22,-0.0767,predicted below floor -0.2
kakarakala,millet,-0.55,,not viable in the efficiency data
kapilkot,millet,-0.32,-0.0613,predicted below floor -0.2
karangan,millet,-0.4,-0.4244,predicted below floor -0.2
khanaser,millet,-0.28,-0.4141,predicted below floor -0.2
khar_balgas,millet,-0.22,-0.3115,predicted below floor -0.2
khara_khoto,millet,-0.52,,not viable in the efficiency data
kharkhul,millet,-0.22,-0.4492,predicted below floor -0.2
khed,millet,-0.32,-0.4286,predicted below floor -0.2
khirkhira,millet,-0.22,-0.0801,predicted below floor -0.2
khovd,millet,-0.52,-0.5634,predicted below floor -0.2
kosa,millet,-0.48,-0.6060,predicted below floor -0.2
kota_marudu,millet,-0.4,-0.3581,predicted below floor -0.2
kotawaringin_lama,millet,-0.36,,not viable in the efficiency data
kualuh,millet,-0.36,,not viable in the efficiency data
kubu,millet,-0.4,,not viable in the efficiency data
kufa,millet,-0.25,,not viable in the efficiency data
kutai_lama,millet,-0.56,,not viable in the efficiency data
kuyu_shazhou,millet,-0.45,,not viable in the efficiency data
kyaukkyi,millet,-0.35,-0.3408,predicted below floor -0.2
lakhiyarvira,millet,-0.32,-0.0953,predicted below floor -0.2
latu,millet,-0.4,-0.3771,predicted below floor -0.2
lillehammer,millet,-0.49,-0.3626,predicted below floor -0.2
limerick,millet,-0.27,-0.3147,predicted below floor -0.2
limey,millet,-0.21,-0.4090,predicted below floor -0.2
liulin,millet,-0.45,,not viable in the efficiency data
madi_madi,millet,-0.34,-0.5534,predicted below floor -0.2
majanna,millet,-0.55,,not viable in the efficiency data
makatao,millet,-0.35,-0.7405,predicted below floor -0.2
martuthunira,millet,-0.55,-0.5591,predicted below floor -0.2
martyshkino,millet,-0.26,-0.0313,predicted below floor -0.2
masa_sud,millet,-0.48,-0.5127,predicted below floor -0.2
mastuj,millet,-0.52,-0.1007,predicted below floor -0.2
matano,millet,-0.24,,not viable in the efficiency data
matmata,millet,-0.48,,not viable in the efficiency data
meru,millet,-0.34,-0.3771,predicted below floor -0.2
midelt,millet,-0.34,0.0849,predicted below floor -0.2
monterado,millet,-0.36,,not viable in the efficiency data
mtetengwe,millet,-0.21,-0.2722,predicted below floor -0.2
muse,millet,-0.3,,not viable in the efficiency data
musi_hilir,millet,-0.36,,not viable in the efficiency data
nanja,millet,-0.34,,not viable in the efficiency data
nasiriyah,millet,-0.53,,not viable in the efficiency data
ngadjuri,millet,-0.52,,not viable in the efficiency data
ngarluma,millet,-0.48,-0.3417,predicted below floor -0.2
oriel,millet,-0.22,-0.3425,predicted below floor -0.2
pak_huei_lang,millet,-0.35,-0.2420,predicted below floor -0.2
pamkala,millet,-0.34,-0.3194,predicted below floor -0.2
pangkalan_kerinci,millet,-0.36,,not viable in the efficiency data
pangu,millet,-0.21,-0.1096,predicted below floor -0.2
pangyang,millet,-0.23,,not viable in the efficiency data
papora,millet,-0.3,-0.6109,predicted below floor -0.2
phongsali,millet,-0.3,,not viable in the efficiency data
pilda,millet,-0.45,-0.4234,predicted below floor -0.2
port_loko,millet,-0.43,-0.4492,predicted below floor -0.2
qadisiyyah,millet,-0.48,,not viable in the efficiency data
qidaban,millet,-0.52,-0.1374,predicted below floor -0.2
quz_rajab,millet,-0.48,,not viable in the efficiency data
ranpur,millet,-0.21,-0.5605,predicted below floor -0.2
roscommon,millet,-0.27,-0.3617,predicted below floor -0.2
ryfylke,millet,-0.5,-0.1818,predicted below floor -0.2
safare,millet,-0.53,,not viable in the efficiency data
sandakan,millet,-0.24,,not viable in the efficiency data
saribas,millet,-0.36,,not viable in the efficiency data
sastamala,millet,-0.26,-0.1066,predicted below floor -0.2
savar,millet,-0.23,-0.4361,predicted below floor -0.2
sengkae,millet,-0.27,-0.3781,predicted below floor -0.2
sidenreng,millet,-0.4,-0.3744,predicted below floor -0.2
skoura,millet,-0.34,-0.0872,predicted below floor -0.2
son_la,millet,-0.21,-0.4111,predicted below floor -0.2
stavoren,millet,-0.5,,not viable in the efficiency data
stonehaven,millet,-0.22,-0.2413,predicted below floor -0.2
sungai_jujuhan,millet,-0.36,,not viable in the efficiency data
tagmadert,millet,-0.48,,not viable in the efficiency data
tanjungpura,millet,-0.36,,not viable in the efficiency data
tatrang,millet,-0.45,,not viable in the efficiency data
tavastehus,millet,-0.26,-0.1066,predicted below floor -0.2
thilogne,millet,-0.21,-0.6157,predicted below floor -0.2
thu_vat,millet,-0.14,,not viable in the efficiency data
tinago,millet,-0.33,-0.3904,predicted below floor -0.2
tivaouane,millet,-0.21,-0.2970,predicted below floor -0.2
tiyuh_tuha,millet,-0.4,,not viable in the efficiency data
toolse,millet,-0.22,-0.3904,predicted below floor -0.2
towing,millet,-0.48,-0.3210,predicted below floor -0.2
tulu_nama_dun,millet,-0.21,-0.3494,predicted below floor -0.2
tuyen_hoa,millet,-0.14,,not viable in the efficiency data
uliastai,millet,-0.45,-0.7116,predicted below floor -0.2
urga,millet,-0.22,-0.3698,predicted below floor -0.2
urquhart,millet,-0.45,-0.7714,predicted below floor -0.2
vieng_phouka,millet,-0.14,,not viable in the efficiency data
vik,millet,-0.56,,not viable in the efficiency data
waterford,millet,-0.27,-0.3186,predicted below floor -0.2
xagal,millet,-0.48,,not viable in the efficiency data
xojeli,millet,-0.08,,not viable in the efficiency data
yamatji,millet,-0.21,,not viable in the efficiency data
yingli,millet,-0.29,-0.1192,predicted below floor -0.2
zagzuugiin_balgas,millet,-0.45,-0.4876,predicted below floor -0.2
zankor,millet,-0.48,-0.1529,predicted below floor -0.2
bar_cg,olives,-0.21,-0.3184,predicted below floor -0.2
debdou,olives,-0.51,-0.0837,predicted below floor -0.2
giresun,olives,-0.43,,not viable in the efficiency data
hellin,olives,-0.24,0.0000,predicted below floor -0.2
lisle_jourdain,olives,-0.21,-0.2592,predicted below floor -0.2
mahres,olives,-0.68,-0.7789,predicted below floor -0.2
medenine,olives,-0.68,-0.7767,predicted below floor -0.2
mevouillon,olives,-0.26,,not viable in the efficiency data
peschiera,olives,-0.3,-0.4587,predicted below floor -0.2
samsun,olives,-0.28,-0.1932,predicted below floor -0.2
savona,olives,-0.41,,not viable in the efficiency data
teramo,olives,-0.28,-0.2116,predicted below floor -0.2
ventimiglia,olives,-0.16,,not viable in the efficiency data
fuchi,pepper,-0.28,-0.2054,predicted below floor -0.2
guangchang,pepper,-0.27,-0.1885,predicted below floor -0.2
jinan,pepper,-0.33,-0.5511,predicted below floor -0.2
takakusa,pepper,-0.28,-0.1626,predicted below floor -0.2
xinhui,pepper,-0.31,-0.1081,predicted below floor -0.2
axawiri,potato,-0.03,,not viable in the efficiency data
caurakawin,potato,-0.21,-0.2231,predicted below floor -0.2
hatun_killaka,potato,-0.39,-0.0170,predicted below floor -0.2
kellollampu,potato,-0.4,,not viable in the efficiency data
suamox,potato,-0.29,-0.0705,predicted below floor -0.2
sura,potato,-0.39,0.0075,predicted below floor -0.2
adachi,rice,-0.22,-0.1142,predicted below floor -0.2
al_ahsa,rice,-0.7,-0.7878,predicted below floor -0.2
al_mima,rice,-0.57,-0.1296,predicted below floor -0.2
al_qatr,rice,-0.63,,not viable in the efficiency data
alkalawa,rice,-0.79,-0.7801,predicted below floor -0.2
ansongo,rice,-0.75,,not viable in the efficiency data
astara,rice,-0.4,-0.7136,predicted below floor -0.2
auyo,rice,-0.74,-0.7410,predicted below floor -0.2
bakka,rice,-0.23,,not viable in the efficiency data
ballou,rice,-0.74,-0.7914,predicted below floor -0.2
bamako,rice,-0.43,-0.7444,predicted below floor -0.2
bamba,rice,-0.7,,not viable in the efficiency data
batang,rice,-0.65,,not viable in the efficiency data
binder,rice,-0.23,,not viable in the efficiency data
biram,rice,-0.74,-0.7205,predicted below floor -0.2
bussa,rice,-0.23,-0.4401,predicted below floor -0.2
chalus,rice,-0.35,0.1080,predicted below floor -0.2
chiisagata,rice,-0.22,-0.0907,predicted below floor -0.2
chongoene,rice,-0.23,-0.6748,predicted below floor -0.2
chunju,rice,-0.4,-0.3554,predicted below floor -0.2
dagana,rice,-0.75,-0.7173,predicted below floor -0.2
dakahla,rice,-0.74,-0.1316,predicted below floor -0.2
dalinghe,rice,-0.26,-0.6039,predicted below floor -0.2
dikwa,rice,-0.63,-0.7792,predicted below floor -0.2
dioila,rice,-0.43,,not viable in the efficiency data
dongming,rice,-0.4,,not viable in the efficiency data
dowraq,rice,-0.63,-0.7653,predicted below floor -0.2
dutsi,rice,-0.74,-0.7913,predicted below floor -0.2
eumseong,rice,-0.35,-0.1732,predicted below floor -0.2
eyvanekey,rice,-0.63,-0.6972,predicted below floor -0.2
fanxian,rice,-0.26,-0.1106,predicted below floor -0.2
farah,rice,-0.63,-0.7392,predicted below floor -0.2
fengxian,rice,-0.65,-0.0377,predicted below floor -0.2
gambaru,rice,-0.43,-0.6244,predicted below floor -0.2
gao,rice,-0.7,,not viable in the efficiency data
gapsan,rice,-0.47,,not viable in the efficiency data
garandoili,rice,-0.76,-0.6768,predicted below floor -0.2
garun_gabas,rice,-0.63,-0.7738,predicted below floor -0.2
gimje,rice,-0.22,0.0868,predicted below floor -0.2
gokju,rice,-0.26,-0.4616,predicted below floor -0.2
golere,rice,-0.75,-0.7719,predicted below floor -0.2
gombe,rice,-0.43,-0.7896,predicted below floor -0.2
goronyo,rice,-0.74,-0.7539,predicted below floor -0.2
gotheye,rice,-0.7,,not viable in the efficiency data
goudel,rice,-0.68,,not viable in the efficiency data
goulfey,rice,-0.7,,not viable in the efficiency data
goundam,rice,-0.75,-0.7916,predicted below floor -0.2
gubio,rice,-0.79,,not viable in the efficiency data
guelengdeng,rice,-0.54,,not viable in the efficiency data
guma,rice,-0.72,-0.7182,predicted below floor -0.2
gyeongseong,rice,-0.4,-0.7849,predicted below floor -0.2
hamheung,rice,-0.35,-0.7178,predicted below floor -0.2
heyang_xian,rice,-0.26,-0.3883,predicted below floor -0.2
higashikanbara,rice,-0.43,-0.0741,predicted below floor -0.2
hillah,rice,-0.58,,not viable in the efficiency data
huayin,rice,-0.26,-0.5234,predicted below floor -0.2
ikeda,rice,-0.31,0.1461,predicted below floor -0.2
iwai,rice,-0.22,-0.2978,predicted below floor -0.2
jaeryeong,rice,-0.26,-0.0081,predicted below floor -0.2
jeongju_jeongju,rice,-0.26,-0.2848,predicted below floor -0.2
jipyeong,rice,-0.47,-0.2993,predicted below floor -0.2
junghwa,rice,-0.26,-0.1095,predicted below floor -0.2
kaedi,rice,-0.63,-0.7844,predicted below floor -0.2
kamikita,rice,-0.24,-0.2823,predicted below floor -0.2
kamioono,rice,-0.24,-0.0719,predicted below floor -0.2
kanra,rice,-0.31,-0.0863,predicted below floor -0.2
koko,rice,-0.43,-0.7900,predicted below floor -0.2
kokorou,rice,-0.7,-0.7917,predicted below floor -0.2
kot_lalu,rice,-0.65,-0.6876,predicted below floor -0.2
koulikoro,rice,-0.36,-0.7918,predicted below floor -0.2
kurla,rice,-0.67,-0.5064,predicted below floor -0.2
ladik_pontus,rice,-0.35,-0.6095,predicted below floor -0.2
lahijan,rice,-0.26,0.1772,predicted below floor -0.2
libore,rice,-0.79,,not viable in the efficiency data
machul,rice,-0.56,-0.7908,predicted below floor -0.2
macina,rice,-0.61,-0.7831,predicted below floor -0.2
mandla,rice,-0.25,-0.2255,predicted below floor -0.2
matam,rice,-0.68,-0.7838,predicted below floor -0.2
mengjin,rice,-0.26,-0.6714,predicted below floor -0.2
mengxian,rice,-0.26,-0.2480,predicted below floor -0.2
minochi,rice,-0.36,-0.0788,predicted below floor -0.2
moro_sindh,rice,-0.31,-0.5021,predicted below floor -0.2
mser,rice,-0.63,-0.7914,predicted below floor -0.2
naju,rice,-0.22,0.0708,predicted below floor -0.2
nalli,rice,-0.4,,not viable in the efficiency data
namaro,rice,-0.68,,not viable in the efficiency data
nangcheon,rice,-0.42,-0.4307,predicted below floor -0.2
naraha,rice,-0.22,-0.1196,predicted below floor -0.2
natori,rice,-0.22,-0.2092,predicted below floor -0.2
niantjila,rice,-0.43,,not viable in the efficiency data
ningbian,rice,-0.67,-0.7918,predicted below floor -0.2
ningguta,rice,-0.28,-0.7876,predicted below floor -0.2
ningling,rice,-0.26,-0.6846,predicted below floor -0.2
nutari,rice,-0.22,0.2082,predicted below floor -0.2
nyamina,rice,-0.74,,not viable in the efficiency data
pouss,rice,-0.63,-0.7906,predicted below floor -0.2
pyeonggang,rice,-0.33,-0.5170,predicted below floor -0.2
qalat_ghilji,rice,-0.7,-0.7742,predicted below floor -0.2
quelimane,rice,-0.23,-0.1287,predicted below floor -0.2
quetta,rice,-0.72,-0.7326,predicted below floor -0.2
qumbash,rice,-0.4,-0.2470,predicted below floor -0.2
saku,rice,-0.24,-0.3417,predicted below floor -0.2
salmas,rice,-0.6,-0.6998,predicted below floor -0.2
sari,rice,-0.26,-0.2572,predicted below floor -0.2
say,rice,-0.74,,not viable in the efficiency data
seonsan,rice,-0.26,-0.1111,predicted below floor -0.2
shenyang,rice,-0.26,-0.6381,predicted below floor -0.2
shindand,rice,-0.7,-0.7724,predicted below floor -0.2
shira,rice,-0.23,-0.7689,predicted below floor -0.2
shushtar,rice,-0.31,-0.6196,predicted below floor -0.2
sonda,rice,-0.33,-0.6343,predicted below floor -0.2
sultanwind,rice,-0.31,-0.5196,predicted below floor -0.2
suncheon,rice,-0.26,0.2082,predicted below floor -0.2
surame,rice,-0.74,-0.7661,predicted below floor -0.2
tabou_m,rice,-0.41,,not viable in the efficiency data
takano,rice,-0.22,-0.2043,predicted below floor -0.2
talata_mafara,rice,-0.54,-0.7503,predicted below floor -0.2
tegina,rice,-0.23,-0.4564,predicted below floor -0.2
tenenkou,rice,-0.61,-0.7903,predicted below floor -0.2
thatta,rice,-0.26,-0.6423,predicted below floor -0.2
tindirma,rice,-0.63,-0.7918,predicted below floor -0.2
tome,rice,-0.22,-0.1087,predicted below floor -0.2
tongcheon,rice,-0.22,-0.3300,predicted below floor -0.2
tortosa,rice,-0.73,-0.5741,predicted below floor -0.2
uiju,rice,-0.26,-0.1972,predicted below floor -0.2
uiseong,rice,-0.22,-0.3643,predicted below floor -0.2
urmia,rice,-0.47,-0.5465,predicted below floor -0.2
usambara,rice,-0.31,-0.0104,predicted below floor -0.2
usui,rice,-0.22,0.0207,predicted below floor -0.2
wenchuan,rice,-0.6,0.0553,predicted below floor -0.2
wonju,rice,-0.47,-0.3105,predicted below floor -0.2
xiapi,rice,-0.4,0.0856,predicted below floor -0.2
xugou,rice,-0.4,-0.2917,predicted below floor -0.2
xunxian,rice,-0.26,-0.3095,predicted below floor -0.2
yanggu,rice,-0.33,,not viable in the efficiency data
yuanyang,rice,-0.26,-0.2376,predicted below floor -0.2
zhengjiatun,rice,-0.46,-0.7862,predicted below floor -0.2
zhigu,rice,-0.6,-0.7725,predicted below floor -0.2
abengourou,saffron,-0.15,,not viable in the efficiency data
abomey,saffron,-0.22,,not viable in the efficiency data
amaigbo,saffron,-0.37,,not viable in the efficiency data
andevoranto,saffron,-0.3,,not viable in the efficiency data
bemanevika,saffron,-0.39,,not viable in the efficiency data
cestos,saffron,-0.38,,not viable in the efficiency data
daoukro,saffron,-0.17,,not viable in the efficiency data
epe,saffron,-0.23,,not viable in the efficiency data
fahambahy,saffron,-0.32,,not viable in the efficiency data
ghardaia,saffron,-0.37,-0.4842,predicted below floor -0.2
grand_lahou,saffron,-0.17,,not viable in the efficiency data
kibi,saffron,-0.22,,not viable in the efficiency data
kissidougou,saffron,-0.37,,not viable in the efficiency data
kong,saffron,-0.27,,not viable in the efficiency data
mahaela,saffron,-0.32,,not viable in the efficiency data
manambato,saffron,-0.34,-0.1242,predicted below floor -0.2
nakpa,saffron,-0.28,,not viable in the efficiency data
qom,saffron,-0.22,-0.4534,predicted below floor -0.2
ras_hafun,saffron,-0.32,,not viable in the efficiency data
salaga,saffron,-0.27,,not viable in the efficiency data
sanniquellie,saffron,-0.31,,not viable in the efficiency data
segbwema,saffron,-0.29,,not viable in the efficiency data
settra_kru,saffron,-0.38,,not viable in the efficiency data
tamacine,saffron,-0.37,-0.4817,predicted below floor -0.2
tozeur,saffron,-0.37,-0.4893,predicted below floor -0.2
vohipeno,saffron,-0.32,,not viable in the efficiency data
winneba,saffron,-0.15,,not viable in the efficiency data
yagala,saffron,-0.39,,not viable in the efficiency data
yanbu,saffron,-0.37,,not viable in the efficiency data
ahlat,silk,-0.37,,not viable in the efficiency data
akyazi,silk,-0.3,-0.0555,predicted below floor -0.2
amorgos,silk,-0.31,-0.4354,predicted below floor -0.2
awaran,silk,-0.51,-0.5393,predicted below floor -0.2
chinon,silk,-0.25,-0.2833,predicted below floor -0.2
corbeil,silk,-0.35,-0.3921,predicted below floor -0.2
fenouillet,silk,-0.25,-0.1395,predicted below floor -0.2
florac,silk,-0.45,-0.4806,predicted below floor -0.2
french_ales,silk,-0.23,-0.2662,predicted below floor -0.2
geneve,silk,-0.25,-0.4744,predicted below floor -0.2
genoa,silk,-0.38,-0.2196,predicted below floor -0.2
gonabad,silk,-0.46,-0.5369,predicted below floor -0.2
gremi,silk,-0.41,-0.1251,predicted below floor -0.2
khargerd,silk,-0.46,-0.5298,predicted below floor -0.2
konya,silk,-0.28,-0.4402,predicted below floor -0.2
leuktron,silk,-0.23,-0.2522,predicted below floor -0.2
lop,silk,-0.4,-0.4736,predicted below floor -0.2
lyon,silk,-0.36,-0.3306,predicted below floor -0.2
merv,silk,-0.32,-0.3940,predicted below floor -0.2
najran,silk,-0.58,-0.5525,predicted below floor -0.2
pulawama,silk,-0.34,-0.2970,predicted below floor -0.2
sakju,silk,-0.3,,not viable in the efficiency data
sangju,silk,-0.44,-0.2854,predicted below floor -0.2
seta,silk,-0.34,-0.2436,predicted below floor -0.2
shamakhi,silk,-0.41,-0.3267,predicted below floor -0.2
sivas,silk,-0.44,,not viable in the efficiency data
soltaniyeh,silk,-0.37,-0.5499,predicted below floor -0.2
suwa,silk,-0.53,,not viable in the efficiency data
takai,silk,-0.46,-0.3761,predicted below floor -0.2
torbat_e_jam,silk,-0.28,-0.3365,predicted below floor -0.2
trebizond,silk,-0.48,-0.2656,predicted below floor -0.2
tsuru,silk,-0.51,-0.3615,predicted below floor -0.2
unju,silk,-0.23,,not viable in the efficiency data
yazd,silk,-0.51,,not viable in the efficiency data
zaranj,silk,-0.33,-0.4687,predicted below floor -0.2
zhouzhi,silk,-0.3,-0.0416,predicted below floor -0.2
adan,sugar,-0.31,-0.3140,predicted below floor -0.2
al_shuqayq,sugar,-0.31,-0.3986,predicted below floor -0.2
amora_gadal,sugar,-0.4,-0.1045,predicted below floor -0.2
ancuase,sugar,-0.19,,not viable in the efficiency data
athmallik,sugar,-0.24,-0.3658,predicted below floor -0.2
azghand,sugar,-0.53,,not viable in the efficiency data
bandar_charak,sugar,-0.31,,not viable in the efficiency data
bandar_e_jask,sugar,-0.31,,not viable in the efficiency data
bannajbur,sugar,-0.31,-0.3839,predicted below floor -0.2
baris,sugar,-0.44,-0.3966,predicted below floor -0.2
basim,sugar,-0.28,-0.3923,predicted below floor -0.2
basra,sugar,-0.24,-0.3900,predicted below floor -0.2
chaul,sugar,-0.09,,not viable in the efficiency data
dayr_aqul,sugar,-0.24,-0.3976,predicted below floor -0.2
funchal,sugar,-0.09,,not viable in the efficiency data
hadibu,sugar,-0.37,,not viable in the efficiency data
haditha,sugar,-0.31,-0.3970,predicted below floor -0.2
hagios_pavlos,sugar,-0.29,-0.2554,predicted below floor -0.2
jowhar,sugar,-0.34,-0.3751,predicted below floor -0.2
khandwa,sugar,-0.45,-0.3941,predicted below floor -0.2
lalan,sugar,-0.41,,not viable in the efficiency data
limassol,sugar,-0.35,-0.3722,predicted below floor -0.2
maskanah,sugar,-0.37,-0.3981,predicted below floor -0.2
miandoab,sugar,-0.29,,not viable in the efficiency data
minab,sugar,-0.31,-0.3532,predicted below floor -0.2
nora_eth,sugar,-0.37,-0.3988,predicted below floor -0.2
nosy_bali,sugar,-0.04,,not viable in the efficiency data
ormara,sugar,-0.31,-0.3791,predicted below floor -0.2
palitana,sugar,-0.35,-0.2450,predicted below floor -0.2
pontianak,sugar,-0.12,,not viable in the efficiency data
qalhat,sugar,-0.31,-0.3965,predicted below floor -0.2
rahba,sugar,-0.37,-0.3877,predicted below floor -0.2
shuqra,sugar,-0.31,-0.3988,predicted below floor -0.2
sofala,sugar,-0.23,-0.3984,predicted below floor -0.2
suwayda,sugar,-0.57,,not viable in the efficiency data
tamdegost,sugar,-0.27,-0.3713,predicted below floor -0.2
taolambiby,sugar,-0.19,,not viable in the efficiency data
tidsi,sugar,-0.26,-0.0811,predicted below floor -0.2
tonekabon,sugar,-0.14,,not viable in the efficiency data
wujiang,sugar,0.12,,not viable in the efficiency data
zozan,sugar,-0.57,-0.3984,predicted below floor -0.2
anhua,tea,-0.1,,not viable in the efficiency data
boseong,tea,-0.34,-0.2556,predicted below floor -0.2
changxing,tea,-0.13,,not viable in the efficiency data
chongde,tea,-0.13,,not viable in the efficiency data
jianping,tea,-0.13,,not viable in the efficiency data
jinjam,tea,-0.34,,not viable in the efficiency data
khordong,tea,-0.2,,not viable in the efficiency data
kuji,tea,-0.48,,not viable in the efficiency data
laiyang,tea,-0.1,,not viable in the efficiency data
shuuchi,tea,-0.28,-0.5495,predicted below floor -0.2
sunju,tea,-0.1,,not viable in the efficiency data
wenxian_gongchang,tea,-0.04,,not viable in the efficiency data
yuhang,tea,-0.13,,not viable in the efficiency data
central_sabaneque,tobacco,-0.22,-0.2924,predicted below floor -0.2
coospacam,tobacco,-0.29,-0.3193,predicted below floor -0.2
east_sabaneque,tobacco,-0.44,-0.4402,predicted below floor -0.2
guanamacabibes,tobacco,-0.3,-0.2101,predicted below floor -0.2
jaltenango,tobacco,-0.23,-0.4092,predicted below floor -0.2
magorix,tobacco,-0.4,-0.3686,predicted below floor -0.2
maynoa,tobacco,-0.28,-0.2863,predicted below floor -0.2
ozumacin,tobacco,-0.22,,not viable in the efficiency data
sotuta,tobacco,-0.55,,not viable in the efficiency data
tappahanna,tobacco,-0.25,-0.0568,predicted below floor -0.2
abadan,wheat,-0.55,-0.9236,predicted below floor -0.2
abha,wheat,-0.49,-0.2571,predicted below floor -0.2
abil,wheat,-0.49,-0.2142,predicted below floor -0.2
abiy_addi,wheat,-0.25,-0.1160,predicted below floor -0.2
abo,wheat,-0.23,-0.1460,predicted below floor -0.2
ad_dughmiyah,wheat,-0.54,,not viable in the efficiency data
adham,wheat,-0.54,-0.4433,predicted below floor -0.2
aguz,wheat,-0.31,-0.2580,predicted below floor -0.2
al_ajfar,wheat,-0.49,,not viable in the efficiency data
al_amlah,wheat,-0.49,,not viable in the efficiency data
al_amwah,wheat,-0.54,,not viable in the efficiency data
al_anbar,wheat,-0.49,,not viable in the efficiency data
al_ayn,wheat,-0.49,,not viable in the efficiency data
al_baharah,wheat,-0.54,,not viable in the efficiency data
al_bleiteh,wheat,-0.49,,not viable in the efficiency data
al_burud,wheat,-0.49,,not viable in the efficiency data
al_hadhah,wheat,-0.49,,not viable in the efficiency data
al_hegrieah,wheat,-0.49,,not viable in the efficiency data
al_husayniyah,wheat,-0.54,,not viable in the efficiency data
al_jar,wheat,-0.54,,not viable in the efficiency data
al_khaburah,wheat,-0.54,,not viable in the efficiency data
al_khanbarah,wheat,-0.49,,not viable in the efficiency data
al_mafalis,wheat,-0.54,-0.6216,predicted below floor -0.2
al_manjur,wheat,-0.54,,not viable in the efficiency data
al_maramiyah,wheat,-0.49,,not viable in the efficiency data
al_marwa,wheat,-0.54,,not viable in the efficiency data
al_mashqar,wheat,-0.54,,not viable in the efficiency data
al_tib,wheat,-0.32,-0.2645,predicted below floor -0.2
ambaca,wheat,-0.19,,not viable in the efficiency data
aqiq_banu_uqayi,wheat,-0.54,,not viable in the efficiency data
ar_rabadha,wheat,-0.54,,not viable in the efficiency data
ar_rawdah,wheat,-0.54,,not viable in the efficiency data
ar_ruwailiyyah,wheat,-0.54,,not viable in the efficiency data
arbaji,wheat,-0.18,,not viable in the efficiency data
aror,wheat,-0.12,,not viable in the efficiency data
as_suwaydirah,wheat,-0.49,,not viable in the efficiency data
ash_shuara,wheat,-0.54,,not viable in the efficiency data
asyut,wheat,-0.07,,not viable in the efficiency data
azzan,wheat,-0.54,,not viable in the efficiency data
bani_saad,wheat,-0.49,-0.5334,predicted below floor -0.2
baqqa,wheat,-0.54,,not viable in the efficiency data
barahrah,wheat,-0.49,-0.2146,predicted below floor -0.2
barom,wheat,-0.36,,not viable in the efficiency data
batchingou,wheat,-0.19,,not viable in the efficiency data
bayhan,wheat,-0.49,,not viable in the efficiency data
bela,wheat,-0.54,,not viable in the efficiency data
belen_ana,wheat,-0.41,,not viable in the efficiency data
birnin_gwari,wheat,-0.3,,not viable in the efficiency data
birnin_kebbi,wheat,-0.41,,not viable in the efficiency data
bolgan_ana,wheat,-0.31,-0.6607,predicted below floor -0.2
bongor,wheat,-0.22,,not viable in the efficiency data
bugur,wheat,-0.41,-0.1968,predicted below floor -0.2
bula_kongo,wheat,-0.3,,not viable in the efficiency data
buwat,wheat,-0.54,,not viable in the efficiency data
cairo,wheat,-0.37,,not viable in the efficiency data
changyuan,wheat,-0.31,-0.1709,predicted below floor -0.2
chengfu,wheat,-0.3,-0.3870,predicted below floor -0.2
chishtian,wheat,-0.12,,not viable in the efficiency data
chitral,wheat,-0.4,-0.1749,predicted below floor -0.2
dacheng,wheat,-0.31,-0.2186,predicted below floor -0.2
damanhur,wheat,-0.21,-0.6272,predicted below floor -0.2
damoh,wheat,-0.23,-0.1691,predicted below floor -0.2
darghat,wheat,-0.54,,not viable in the efficiency data
deir_ez_zor,wheat,-0.49,-0.5377,predicted below floor -0.2
dhat_al_hajj,wheat,-0.49,,not viable in the efficiency data
diakha,wheat,-0.3,,not viable in the efficiency data
dijkot,wheat,-0.1,,not viable in the efficiency data
dipalpur,wheat,-0.15,,not viable in the efficiency data
diriyah,wheat,-0.49,,not viable in the efficiency data
dogonbadan,wheat,-0.31,-0.0859,predicted below floor -0.2
dongan_shuntian,wheat,-0.31,-0.1866,predicted below floor -0.2
dubbi,wheat,-0.15,,not viable in the efficiency data
dzongkar,wheat,-0.31,0.0536,predicted below floor -0.2
el_manaqil,wheat,-0.54,,not viable in the efficiency data
espe,wheat,-0.36,-0.6607,predicted below floor -0.2
fadisheh,wheat,-0.31,-0.3489,predicted below floor -0.2
ferrara,wheat,-0.23,0.0388,predicted below floor -0.2
gabes,wheat,-0.54,,not viable in the efficiency data
gaia,wheat,-0.3,,not viable in the efficiency data
gechak,wheat,-0.31,,not viable in the efficiency data
gereshk,wheat,-0.32,-0.3830,predicted below floor -0.2
gyama,wheat,-0.31,-0.5168,predicted below floor -0.2
gyantse,wheat,-0.36,-0.5766,predicted below floor -0.2
hail,wheat,-0.54,,not viable in the efficiency data
hali,wheat,-0.54,,not viable in the efficiency data
halmstad,wheat,-0.23,-0.2894,predicted below floor -0.2
haql,wheat,-0.54,,not viable in the efficiency data
harad_asir,wheat,-0.54,-0.4051,predicted below floor -0.2
hejian,wheat,-0.36,-0.2366,predicted below floor -0.2
huraydah,wheat,-0.49,,not viable in the efficiency data
ibra,wheat,-0.49,,not viable in the efficiency data
jannat_shahr,wheat,-0.36,-0.3654,predicted below floor -0.2
jiaohe,wheat,-0.31,-0.2500,predicted below floor -0.2
jingan_shenzhou,wheat,-0.36,-0.8044,predicted below floor -0.2
jinxiang,wheat,-0.31,-0.0332,predicted below floor -0.2
jurrah,wheat,-0.54,-0.6700,predicted below floor -0.2
kadinga,wheat,-0.26,-0.3395,predicted below floor -0.2
kaf,wheat,-0.49,,not viable in the efficiency data
kafima,wheat,-0.22,-0.2016,predicted below floor -0.2
kagoma,wheat,-0.29,-0.5345,predicted below floor -0.2
kajenje,wheat,-0.34,-0.3598,predicted below floor -0.2
kalat,wheat,-0.46,-0.5334,predicted below floor -0.2
kamyaran,wheat,-0.24,-0.0593,predicted below floor -0.2
kapasia,wheat,-0.24,-0.3598,predicted below floor -0.2
karasahr,wheat,-0.29,-0.2776,predicted below floor -0.2
karmakshi,wheat,-0.41,,not viable in the efficiency data
karpokhar,wheat,-0.31,-0.2703,predicted below floor -0.2
kashgar,wheat,-0.46,-0.2546,predicted below floor -0.2
kashmore,wheat,-0.15,,not viable in the efficiency data
kerma,wheat,-0.49,,not viable in the efficiency data
kermanshah,wheat,-0.24,-0.0710,predicted below floor -0.2
khalis,wheat,-0.32,-0.2323,predicted below floor -0.2
kherameh,wheat,-0.36,-0.3877,predicted below floor -0.2
khunj,wheat,-0.53,-0.3699,predicted below floor -0.2
kolokani,wheat,-0.41,,not viable in the efficiency data
konjikala,wheat,-0.24,-0.1694,predicted below floor -0.2
lamayuru,wheat,-0.31,-0.4523,predicted below floor -0.2
leh,wheat,-0.31,-0.4229,predicted below floor -0.2
lhasa,wheat,-0.4,-0.3911,predicted below floor -0.2
lienz,wheat,-0.35,-0.3994,predicted below floor -0.2
lisino,wheat,-0.23,-0.2703,predicted below floor -0.2
lower_pinda,wheat,-0.49,-0.4008,predicted below floor -0.2
lukulunga,wheat,-0.27,,not viable in the efficiency data
manigango,wheat,-0.31,,not viable in the efficiency data
mansura,wheat,-0.15,,not viable in the efficiency data
marte,wheat,-0.59,,not viable in the efficiency data
mawqaq,wheat,-0.54,,not viable in the efficiency data
mbanza_mbata,wheat,-0.22,-0.8322,predicted below floor -0.2
minya,wheat,-0.07,,not viable in the efficiency data
miskah,wheat,-0.54,,not viable in the efficiency data
mokwa,wheat,-0.22,,not viable in the efficiency data
molundu,wheat,-0.29,,not viable in the efficiency data
mondonedo,wheat,-0.36,,not viable in the efficiency data
mongoffa,wheat,-0.27,-0.4523,predicted below floor -0.2
mourdiah,wheat,-0.41,,not viable in the efficiency data
murau,wheat,-0.27,-0.2280,predicted below floor -0.2
nguidjilone,wheat,-0.32,,not viable in the efficiency data
nyzvar,wheat,0.01,,not viable in the efficiency data
ondonga,wheat,-0.21,-0.3994,predicted below floor -0.2
orta_kuyu,wheat,-0.46,,not viable in the efficiency data
pandjih,wheat,-0.31,-0.4008,predicted below floor -0.2
payzawat,wheat,-0.29,,not viable in the efficiency data
po,wheat,-0.3,,not viable in the efficiency data
potiskum,wheat,-0.41,,not viable in the efficiency data
punial,wheat,-0.31,-0.0667,predicted below floor -0.2
purang,wheat,-0.31,,not viable in the efficiency data
qasr_al_qaba,wheat,-0.54,,not viable in the efficiency data
qus,wheat,-0.1,,not viable in the efficiency data
raghdan,wheat,-0.49,-0.5313,predicted below floor -0.2
rajabar,wheat,-0.54,,not viable in the efficiency data
ranyah,wheat,-0.54,,not viable in the efficiency data
rusafa,wheat,-0.32,-0.9236,predicted below floor -0.2
saadatshahr,wheat,-0.36,-0.3890,predicted below floor -0.2
sadah,wheat,-0.54,-0.3048,predicted below floor -0.2
sakya,wheat,-0.36,-0.5694,predicted below floor -0.2
salde,wheat,-0.49,,not viable in the efficiency data
samanoud,wheat,-0.13,,not viable in the efficiency data
samira,wheat,-0.54,,not viable in the efficiency data
sansanding,wheat,-0.36,,not viable in the efficiency data
sar_mashhad,wheat,-0.36,-0.0684,predicted below floor -0.2
saryadyn,wheat,-0.31,-0.4213,predicted below floor -0.2
shayar,wheat,-0.02,,not viable in the efficiency data
shush,wheat,-0.31,-0.0815,predicted below floor -0.2
sibak,wheat,-0.36,-0.3222,predicted below floor -0.2
sironj,wheat,-0.42,-0.2753,predicted below floor -0.2
sitpur,wheat,-0.15,,not viable in the efficiency data
skardu,wheat,-0.31,0.0413,predicted below floor -0.2
sok,wheat,-0.36,,not viable in the efficiency data
sugaur,wheat,-0.23,-0.1799,predicted below floor -0.2
taif,wheat,-0.49,,not viable in the efficiency data
taihe,wheat,-0.35,-0.3803,predicted below floor -0.2
taklung,wheat,-0.31,,not viable in the efficiency data
tas_kichu,wheat,-0.31,-0.4131,predicted below floor -0.2
tejend,wheat,-0.24,-0.2721,predicted below floor -0.2
tenteksor,wheat,-0.31,-0.5694,predicted below floor -0.2
tikrit,wheat,-0.32,-0.3349,predicted below floor -0.2
tim_samarkand,wheat,-0.31,-0.3699,predicted below floor -0.2
toksun,wheat,-0.46,-0.2110,predicted below floor -0.2
tragor,wheat,-0.31,,not viable in the efficiency data
tsaparang,wheat,-0.45,,not viable in the efficiency data
uch,wheat,-0.15,,not viable in the efficiency data
ushkan,wheat,-0.41,-0.5939,predicted below floor -0.2
wanqiu,wheat,-0.52,-0.1603,predicted below floor -0.2
xihua,wheat,-0.3,-0.0216,predicted below floor -0.2
yafran,wheat,-0.49,-0.6272,predicted below floor -0.2
yahr,wheat,-0.32,-0.4677,predicted below floor -0.2
yongqing,wheat,-0.36,-0.7891,predicted below floor -0.2
yuncheng,wheat,-0.31,-0.0945,predicted below floor -0.2
zangla,wheat,-0.36,,not viable in the efficiency data
zondoma,wheat,-0.41,,not viable in the efficiency data
cividale,wine,-0.03,,not viable in the efficiency data
jorquera,wine,-0.23,-0.1172,predicted below floor -0.2
jumilla,wine,-0.23,-0.0959,predicted below floor -0.2
kaffa,wine,-0.22,0.1162,predicted below floor -0.2
khatunabad,wine,-0.45,-0.8838,predicted below floor -0.2
marrakesh,wine,-0.48,-0.1056,predicted below floor -0.2
montreux,wine,-0.57,,not viable in the efficiency data
nyon,wine,0.05,,not viable in the efficiency data
qingxiang,wine,-0.11,,not viable in the efficiency data
sarzana,wine,-0.03,,not viable in the efficiency data
shaoxing,wine,-0.11,,not viable in the efficiency data
shkoder,wine,-0.2,,not viable in the efficiency data
sinjar,wine,-0.26,-0.0812,predicted below floor -0.2
trebinje,wine,0.02,,not viable in the efficiency data
tsageri,wine,-0.04,,not viable in the efficiency data
verona,wine,-0.25,-0.1181,predicted below floor -0.2
viana_do_castelo,wine,-0.06,,not viable in the efficiency data
villarobledo,wine,-0.23,-0.0043,predicted below floor -0.2
