location_tag,original_levels,remaining_levels,original_coastal,new_coastal
konghalla,3,3,True,True
valmiera,1,1,False,False
pagan,5,5,False,True
disentis,1,1,False,False
soikino,1,1,True,True
talaha,5,5,False,False
gefle,3,3,True,True
pajala,5,5,False,False
tornea,3,3,True,True
ringerike,5,5,False,False
leksand,5,5,False,False
borg,3,3,True,True
soderala,2,2,True,True
berlin,1,1,False,True
montes_claros,1,1,False,False
taposa,5,5,False,True
tadoule,5,5,False,False
stora_tuna,2,2,False,False
berbela,3,3,False,False
juckasjarvi,1,1,False,False
vartsila,3,3,False,False
welamooktook,1,1,False,False
liyang,1,1,False,False
holtalen,1,1,False,False
yinshaluo,3,3,False,False
maraveh,1,1,False,False
mpanda,1,1,False,False
jumla,1,1,False,False
kasihta,1,1,False,False
gresik,2,2,True,True
kaymaz,1,1,False,False
asele,2,2,False,False
kunming,1,1,False,False
katzenelnbogen,3,3,False,True
gourdon,2,2,False,False
kirzhach,1,1,False,False
berg,1,1,False,False
skwierzyna,1,1,False,False
heby,3,3,False,False
uyana,4,4,False,False
dzagyal,1,1,False,False
gebergeyel,1,1,False,False
aim_maia,5,5,False,False
goroz,2,2,False,False
teocak,5,5,False,True
perm,3,3,False,True
ostashkov,1,1,False,False
jawan,1,1,False,False
yazoo,5,5,False,False
rozdory,1,1,False,True
qianjiang_shaoqing,1,1,False,False
vindeln,5,5,False,False
ngabang,2,2,False,False
ukomno_om,1,1,False,False
ahna_wate,1,1,False,False
laukas,1,1,False,False
vyazma,1,1,False,False
chopim,5,5,False,False
urzhum,3,3,False,False
poigan,1,1,False,False
paris,5,5,False,True
daning_kuizhou,1,1,False,False
kotawaringin_lama,5,5,True,True
raybag,3,3,False,False
joensuu,2,2,False,False
yanci,1,1,False,False
singkil,2,2,True,True
lida,1,1,False,False
ncando,5,5,False,False
caravelas,1,1,True,True
sto_lo,5,5,False,False
acatic,3,3,False,False
kyiv,5,5,False,True
copuz,1,1,False,False
camp_po_thit,1,1,True,True
uchami,2,2,False,False
sentachan,1,1,False,False
kyubyainde,2,2,False,False
mendota,2,2,False,False
mechetnaya,1,1,False,False
ekwan,2,2,True,True
duanxi,4,4,False,True
bundjalung,1,1,True,True
mbanza_nsundi,5,5,False,False
shravasti,2,2,False,False
ichon,1,1,False,False
daoba,1,1,False,False
chipata,2,2,False,True
ganggalida,1,1,False,False
etoho,1,1,False,False
khagaria,5,5,False,True
winda_winda,2,2,True,True
mingyi,5,5,False,False
amis,1,1,True,True
noyuo,1,1,False,False
sandakan,2,2,True,True
garengaze,2,2,False,False
gushan,3,3,False,False
bayan_susu,3,3,False,False
waluulapam,3,3,False,False
mattawa,3,3,False,False
bonndorf,2,2,False,False
melenki,3,3,False,True
kosichkoj,1,1,False,False
menghai,3,3,False,False
hitchiti,2,2,False,False
termez,5,5,False,False
makigotekw,1,1,False,True
bondo,3,3,False,False
suomussalmi,1,1,False,False
zolotiinka,1,1,False,False
jinjiang,1,1,True,True
suixian,1,1,False,False
budaun,3,3,False,False
eimastukwek,2,2,True,True
ukasikalik,1,1,True,True
pangyang,4,4,False,False
uch_barchik,2,2,False,False
herrera,1,1,False,False
xungake,2,2,False,False
vorkuta,1,1,False,False
saintala,2,2,False,False
hoachanas,1,1,False,False
lingchuan_zezhou,1,1,False,False
minisose,2,2,False,False
bisotun,1,1,False,False
kankakee,1,1,True,True
chekurovka,1,1,False,False
kuchugunnur,5,5,False,False
bala,1,1,False,False
omusee,2,2,False,False
tchesha,1,1,False,False
lad_konin,1,1,False,False
mbosaksawaas,1,1,False,False
merseburg,1,1,False,False
capoque,2,2,True,True
mueng_fa_daet,5,5,False,False
yaporox,3,3,False,False
veekuhane,5,5,False,False
atrakwaye,2,2,False,False
promsa,1,1,False,False
bigan,2,2,True,True
kampar,5,5,False,False
huili,4,4,False,False
yscani,1,1,False,False
thayet,5,5,False,True
bagagem,2,2,False,False
kadjerong,2,2,True,True
boyauli,2,2,False,False
chinili,1,1,False,False
huambo,1,1,False,False
buiunda,5,5,False,False
wimanja,1,1,False,False
liuyang,1,1,False,False
kuanhe,5,5,False,False
kupka,1,1,False,False
kungarakany,1,1,False,False
guzhou,1,1,False,False
kolpny,1,1,False,False
okhona,1,1,False,False
mengzi,2,2,False,False
angadippuram,1,1,False,False
brzeznica,1,1,False,False
sosnovy_ostrov,5,5,False,True
gorkha,5,5,False,False
rochefort,2,2,True,True
tongbai,1,1,False,False
mitsiadazi,5,5,False,False
turov,2,2,False,False
chembar,1,1,False,False
obaska,2,2,False,False
bag_ngula,2,2,False,False
tumul,4,4,False,False
mandjar,1,1,True,True
piumhi,3,3,False,False
wekwee_ti,1,1,False,False
pohoko_ikkatee,2,2,False,False
trasigang,1,1,False,False
anding_mashan,4,4,False,False
acambaro,1,1,False,False
ajayameru,2,2,False,False
hepu,2,2,True,True
morsha,1,1,False,False
unica,5,5,False,False
manhuacu,1,1,False,False
mempawah,1,1,True,True
proszowice,1,1,False,True
lumpur,1,1,True,True
north_letota,5,5,False,False
koskoak,5,5,False,False
unda,2,2,False,False
ongoulastoga,3,3,False,False
quge,3,3,False,False
baicang,1,1,False,False
alapaha,1,1,False,False
chan_bo,3,3,True,True
igumbi_andele,1,1,True,True
yicheng,3,3,False,True
yangyuan,1,1,False,False
jieyang,1,1,True,True
dien_chau,1,1,True,True
novopavlovsk,1,1,False,False
tk_emlups,5,5,False,False
kerbi,5,5,False,False
enping,1,1,False,False
bolodek,5,5,False,False
shizhao,5,5,False,False
baimaguan,1,1,False,False
lairmairrener,1,1,False,False
staraya_ladoga,3,3,False,True
ponte_nova,2,2,False,False
aalst,2,2,False,True
drigung,1,1,False,False
palmas,5,5,False,False
wemotaci,5,5,False,False
suamox,1,1,False,False
manicouagan,5,5,False,False
tikenliq,2,2,False,False
asiniwaciy,1,1,False,False
kengtawng,2,2,False,False
waveroo,1,1,False,False
jambi,3,3,False,True
krasny_bor,5,5,False,True
scahentowanen,2,2,False,False
toshima,2,2,True,True
donjek,5,5,False,False
jerantut,5,5,False,False
staraya_mayna,4,4,False,True
mikasuki,1,1,False,False
ouasioto,4,4,False,True
mbanza_mpemba,1,1,False,False
ebya,1,1,False,False
oqumkikiak,1,1,True,True
chidkhu,1,1,True,True
samxay,2,2,False,False
sagadahoc,3,3,True,True
sao_roque,2,2,False,False
balanggarra,1,1,False,False
shaoyang,1,1,False,False
hulu_mesuji,5,5,False,False
teshevka,1,1,False,False
ann,1,1,True,True
pelisipi,1,1,False,False
atikonak,5,5,False,False
bolshoye_selo,3,3,False,True
koshkonong,1,1,False,False
aikhal,1,1,False,False
amrabad,3,3,False,False
maratine,1,1,True,True
imbangala,5,5,False,False
ishtixon,1,1,False,False
mistahi,2,2,False,False
kokokachi,2,2,False,False
dzhulat,5,5,False,False
ambriz,2,2,True,True
lubai,5,5,False,False
denkanikottai,2,2,False,False
flekkefjord,1,1,True,True
koyda,1,1,True,True
tshwa,2,2,False,False
shimian,3,3,False,False
kitchigumi,1,1,False,False
karmana,2,2,False,False
mishan,1,1,False,False
dippa,2,2,False,False
temiscamingue,2,2,False,False
mertola,2,2,False,False
chhmuoh_thmei,1,1,False,False
anipitapiskow,4,4,False,False
maxia,1,1,False,False
ngandi,5,5,False,False
ung,1,1,False,False
merv,1,1,False,False
ankoro,5,5,False,False
daguan,1,1,False,False
miandoab,1,1,False,False
sechenovo,2,2,False,False
zhalong,1,1,False,False
kumtura,5,5,False,False
firuzkuh_afghanistan,1,1,False,False
sipiweske,1,1,False,False
calang,1,1,True,True
rylsk,1,1,False,False
tenggarong,5,5,False,False
lichtenberg,3,3,False,True
neustadt_am_rubenberge,5,5,False,False
kuenga,2,2,False,False
odonga,1,1,False,False
benewah,1,1,False,False
mamele,1,1,False,False
tokichan,1,1,False,False
harandzuvan,1,1,False,False
beaupreau,3,3,False,True
tescuntee,1,1,False,False
pagatan,1,1,True,True
malaya_serdoba,1,1,False,False
chapeco,3,3,False,False
singkhon,1,1,False,False
mahi_kulan,1,1,False,False
shanha,1,1,False,False
bila,1,1,False,False
baryang,1,1,False,False
tonggu_liping,2,2,False,False
rtishchevo,1,1,False,False
jaboticabal,5,5,False,False
saw,5,5,False,True
kassai,1,1,False,False
loulan,2,2,False,False
kaiparowit,2,2,False,False
recklinghausen,1,1,False,False
weyanock,2,2,True,True
mora,1,1,False,False
mobile,4,4,True,True
aqyam_nup,5,5,False,False
metabeskega,1,1,False,False
jawoyn,1,1,False,False
ticamaya,1,1,True,True
nanhui,2,2,True,True
zamyany,5,5,False,False
umbra,5,5,False,False
muang_sing,4,4,False,False
molomo,1,1,False,False
hailun,1,1,False,False
hulu_paser,1,1,False,False
anlu,1,1,False,False
chatillon_sur_indre,1,1,False,False
tanwakanwakaghe,2,2,False,False
mayi_kutuna,1,1,False,False
bemidji,1,1,False,False
itzcuintlan,1,1,True,True
koyukuk,4,4,False,False
charagua,5,5,False,False
tollin,1,1,False,False
acuera,1,1,False,False
mweru,3,3,False,False
bardhaman,2,2,False,False
yangabad,1,1,False,False
cheticamp,1,1,True,True
sandomierz,5,5,False,True
tumba_ikoko,5,5,False,False
bombwi,5,5,False,False
zhanhe,5,5,False,False
cerocahui,1,1,False,False
yingshan_shunqing,1,1,False,False
ahrweiler,4,4,False,True
wizna,1,1,False,False
durun,2,2,False,False
mutum,1,1,False,False
kyulyunken,1,1,False,False
guben,2,2,False,True
tianping,1,1,False,False
edaula,2,2,False,False
jiyang,3,3,False,False
campo_mourao,5,5,False,False
bukachacha,5,5,False,False
gouveia,2,2,False,False
zhangping,1,1,False,False
minqing,3,3,False,True
pryazha,1,1,False,False
apui,5,5,False,False
penaca,5,5,False,False
pitahauerat,1,1,False,False
mangbu,1,1,False,False
kua_luziga,1,1,False,False
yun,3,3,False,False
hazelton,2,2,False,False
bijar,1,1,False,False
peribonka,5,5,False,False
pak_huei_lang,5,5,False,False
hereford,1,1,False,False
umballa,1,1,False,False
kutina,1,1,False,True
chandpur_garhi,2,2,False,False
verden,1,1,False,True
saakak_hukaahaanu,1,1,False,False
capachequi,2,2,False,False
muhaukamau,1,1,False,False
luling,5,5,False,True
nongatl,1,1,False,False
incheh_borun,1,1,False,False
masty,2,2,False,False
tansyk,1,1,False,False
godagari,5,5,False,False
shahabad_kerman,1,1,False,False
niagara,5,5,True,True
miran,2,2,False,False
alchan,5,5,False,False
tanahun,5,5,False,False
vientiane,5,5,False,False
korets,1,1,False,False
daroot_korgon,1,1,False,False
jaiba,4,4,False,False
vicosa,1,1,True,True
huaiji,1,1,False,False
bars_khot,3,3,False,False
namdal,2,2,True,True
kaharlyk,3,3,False,True
lechang,2,2,False,False
boa_ogoi,1,1,False,False
st_ambroix,3,3,False,True
quba,1,1,False,False
tazewell,1,1,False,False
kholunitsky,3,3,False,False
iguazu,5,5,False,False
yerevan,1,1,False,False
darmstadt,3,3,False,True
khamra,4,4,False,False
mengmeng,5,5,False,False
cangwu,5,5,False,True
pinega,2,2,False,False
nata,1,1,True,True
kyra,1,1,False,False
lantu,1,1,False,False
pesagi,2,2,False,False
arock,2,2,False,False
situo,2,2,False,False
kakoba,1,1,False,False
nei,1,1,True,True
caoni,1,1,False,False
st_pierre_de_moutier,2,2,False,False
badami,1,1,False,False
palmeira_brasil,5,5,False,False
tecohtzincalpan,1,1,False,False
waika,1,1,False,False
madawaska,2,2,False,False
satapo,5,5,False,False
mahoning_oh,1,1,False,True
wdpesek,2,2,False,False
buriram,1,1,False,False
fryksdal,1,1,False,False
ewyas,1,1,False,False
kundar,1,1,False,False
karor,4,4,False,False
kochi,5,5,True,True
pithapuram,4,4,True,True
savantvadi,1,1,False,False
chamba_india,2,2,False,False
pratapgarh,1,1,False,False
gugera,2,2,False,True
palamau,1,1,False,False
agra,5,5,False,True
tamaki,2,2,True,True
caen,1,1,True,True
lincoln,1,1,False,True
longford,1,1,False,False
sambalpur,5,5,False,False
worcester,1,1,False,True
adoni,1,1,False,False
karnal,2,2,False,False
chaiturgarh,2,2,False,False
orchha,5,5,False,False
chengdu,1,1,False,False
khotchino,1,1,False,False
rautavaara,1,1,False,False
lieksa,5,5,False,False
uromi,1,1,False,False
kassala,2,2,False,False
qoryooley,1,1,True,True
katiola,2,2,False,False
targu_lapusnei,1,1,False,False
bacau,5,5,False,False
port_loko,2,2,False,False
shendi,4,4,False,False
pankshin,5,5,False,False
gannata_giyorgis,1,1,False,False
biu,2,2,False,False
bodebyn,3,3,False,False
stjordal,1,1,True,True
gambaru,1,1,False,False
devarakonda,3,3,False,False
konduga,1,1,False,False
lame,1,1,False,False
pama,1,1,False,False
yelou,2,2,False,False
talata_mafara,1,1,False,False
kotonkoro,1,1,False,False
tignere,1,1,False,False
biriri,1,1,False,False
khemchik,5,5,False,False
tongliao,1,1,False,False
datian_shizhou,1,1,False,False
tonsberg,1,1,True,True
kittila,3,3,False,False
gimje,2,2,True,True
nikopol,5,5,False,True
bonanza,4,4,False,False
kapuameut,1,1,False,False
lopasnya,2,2,False,False
tanchaycha,1,1,False,False
kaiguang,3,3,False,False
haiyang,3,3,True,True
torun,3,3,False,True
taliepacana,3,3,False,False
bemetara,2,2,False,False
poenari,1,1,False,False
nunatonowago,1,1,False,False
kampong_roessei,1,1,True,True
karankawa,2,2,True,True
caserta,1,1,True,True
inotonniicaah,5,5,False,False
sabina,2,2,False,True
basarwa,1,1,False,False
mouzon,1,1,False,False
nyanga,2,2,True,True
orvietano,1,1,False,False
quipana,3,3,False,False
sudzha,1,1,False,False
figeac,2,2,False,False
moutiers,1,1,False,False
castres,1,1,False,False
chatellerault,5,5,False,False
berlanga,1,1,False,False
nanatsoho,1,1,False,False
reims,1,1,False,False
olavsvik,1,1,True,True
olenyok,1,1,False,False
batang,3,3,False,False
apica,1,1,False,False
dongan,1,1,False,False
pensacola,2,2,True,True
grass_creek,1,1,False,False
carasova,5,5,False,False
chalahume,2,2,False,False
cerwecerna,5,5,False,False
itaperuna,1,1,False,False
krasnye_baki,2,2,False,False
sholakkorgan,1,1,False,False
tekabket,1,1,False,False
kiosaquay,5,5,False,False
burchmullo,1,1,False,False
toul,1,1,False,False
macon,2,2,False,True
vodable,1,1,False,False
cantagalo,3,3,False,False
chitagaes,5,5,False,False
wailaki,1,1,False,False
muang_nakhon,5,5,False,False
feldkirch,2,2,False,False
ntiltxitk,5,5,False,False
chortoryisk,1,1,False,False
dikimdya,3,3,False,False
ust_labinsk,1,1,False,False
margany,1,1,False,False
konkudera,1,1,False,False
tegeget,1,1,False,False
pocatalico,1,1,False,False
epernay,1,1,False,False
kamiura,1,1,False,False
thlewiaza,1,1,False,False
tixi,1,1,False,False
vukovar,5,5,False,True
lezuza,1,1,False,False
ena,1,1,False,False
ilimpeya,1,1,False,False
oshika,2,2,True,True
kishwaukee,5,5,False,False
uele,1,1,False,False
shinobu,1,1,False,False
samarahan,2,2,True,True
neebing,1,1,True,True
baia_mare,1,1,False,False
zavallia,1,1,False,False
zemplin,2,2,False,False
hoyerswerda,1,1,False,False
barretos,5,5,False,False
dowraq,3,3,False,False
hekikai,1,1,True,True
zharkhan,5,5,False,False
tsalenjikha,1,1,False,False
magdeburg,3,3,False,True
ogowe,1,1,False,False
casqui,5,5,False,True
emasulia,5,5,False,True
huacheng,5,5,False,False
lanzhou_lanzhou,3,3,False,False
chongan,1,1,False,False
cuangar,2,2,False,False
makwanpur,1,1,False,False
regensburg,2,2,False,True
tongren,1,1,False,False
bangarang,1,1,False,False
longvek,3,3,False,True
shayar,5,5,False,False
liling,2,2,False,False
kickatus,1,1,False,False
sonso,5,5,True,True
coutins,3,3,True,True
chhatarpur,1,1,False,False
launggyet,3,3,False,False
lyubcha,1,1,False,False
hlohovec,1,1,False,False
khotoshino,1,1,False,False
chengmai,1,1,True,True
konkoure,2,2,False,False
saudakent,1,1,False,False
monona,1,1,False,False
panqiao,1,1,False,False
foshnya,1,1,False,False
ndele,3,3,False,False
bakongo,2,2,False,False
danyang,5,5,False,True
krebedje,5,5,False,False
poggibonsi,1,1,False,True
dadi_dadi,5,5,False,False
pietrykaw,2,2,False,False
altdorf,1,1,False,False
senlis,1,1,False,True
ngambe,5,5,False,False
pangandaran,2,2,True,True
imola,1,1,False,False
koksharov,5,5,False,False
jaroujiji,1,1,True,True
altan_gadas,1,1,False,False
yaroslavl,3,3,False,True
teslin_trail,2,2,False,False
kromy,1,1,False,False
arut,2,2,False,False
portel,1,1,False,False
fiorenzuola,5,5,False,True
sariang,5,5,False,False
chewaucan,1,1,False,False
kavala,1,1,True,True
ruhptare,1,1,False,False
hengshan,5,5,False,False
mainz,5,5,False,True
sylhet,5,5,False,False
qiaojia,5,5,False,False
tetovo,1,1,False,False
faraveh,2,2,False,False
carmagnola,1,1,False,False
ginebig,1,1,False,False
attawapiskat,2,2,True,True
altyshevo,1,1,False,False
penza,1,1,False,False
quanasee,1,1,False,False
nalyachchyya,1,1,False,False
curitiba,1,1,False,False
deti,5,5,False,False
radovanu,1,1,False,True
nanping,5,5,False,True
mullheim,3,3,False,True
minizuahe,2,2,False,False
tordesillas,1,1,False,False
budimlja,1,1,False,False
backnang,1,1,False,True
oberndorf,1,1,False,False
langres,1,1,False,False
baibalyk,1,1,False,False
qasr_himam,2,2,False,False
durlach,3,3,False,True
kesan,2,2,True,True
msiri,1,1,False,False
grafenau,1,1,False,True
csurgo,1,1,False,False
pyuthan,1,1,False,False
mangarayi,1,1,False,False
tit_ary,5,5,False,False
zuoz,1,1,False,False
krems,3,3,False,True
prerov,1,1,False,False
chandpur,5,5,True,True
ikkeri,1,1,False,False
pavia,1,1,False,True
chumikan,5,5,True,True
bogatye_saby,3,3,False,False
hajduszoboszlo,3,3,False,False
red_rock,1,1,False,False
chiquimula,1,1,False,False
selkehatchie,1,1,False,True
mbangala,2,2,False,False
menara,1,1,True,True
mallersdorf,2,2,False,False
bannoye,1,1,False,False
tresivio,1,1,False,False
nelgese,1,1,False,False
schweinfurt,1,1,False,False
daya_kathyn,4,4,False,False
wengker,1,1,False,False
skin_tyee,1,1,False,False
dorohoi,1,1,False,False
bauge,1,1,False,True
sinja,5,5,False,False
sletewsi,3,3,False,False
kanpeska,1,1,False,False
treviso,1,1,False,False
meaux,1,1,False,True
ust_ynykchan,2,2,False,False
pisek,1,1,False,False
gembu,2,2,False,False
mukalombo,5,5,False,False
pahang,3,3,True,True
bischofshofen,1,1,False,False
rothenburg_oberlausitz,1,1,False,False
kiyeng_yuryakh,2,2,False,False
spilimbergo,1,1,False,False
wewoka,1,1,False,False
gmunden,1,1,False,False
trieste,1,1,True,True
juque,5,5,False,False
avignon,3,3,False,True
pokrovskoye,5,5,False,True
tjimba,2,2,False,False
kuthant,2,2,True,True
conotton,2,2,False,False
grenoble,2,2,False,False
kicevo,1,1,False,False
ketungau,5,5,False,False
dumka,1,1,False,False
araritaguaba,5,5,False,False
shimoga,5,5,False,False
white_horse,5,5,False,False
nerekhta,3,3,False,True
bidzhan,4,4,False,False
kuozhou,5,5,False,False
troitskoye_na_shchigrakh,1,1,False,False
darbhanga,5,5,False,False
muang_sam_tai,1,1,False,False
orhei,2,2,False,False
zhehai,2,2,False,False
patna_us,1,1,False,False
aryaru,2,2,True,True
andegerebenha,1,1,False,False
tamba,2,2,False,False
molundu,2,2,False,False
sao_fidelis,5,5,False,False
zahuatan,5,5,False,False
horodnia,2,2,False,False
ust_sheksna,3,3,False,True
penointikara,1,1,False,False
meramec,1,1,False,False
kahiltna,2,2,False,False
binh_nguyen,5,5,False,False
arangastakh,1,1,False,False
tanimuu,2,2,False,False
yuanmou,5,5,False,False
zhenkang,5,5,False,False
meymand,1,1,False,False
pusilha,1,1,True,True
kasuswapaskau,5,5,False,False
bar_le_duc,1,1,False,False
ovimbundu_kongo,1,1,False,False
shoma,3,3,False,False
busiyn,2,2,False,False
gemona,1,1,False,False
tchankasndata,1,1,False,False
jonga_pansa,1,1,False,False
pangu,3,3,False,False
chuya,5,5,False,False
viana,2,2,False,False
nanfeng,1,1,False,False
lipno,3,3,False,True
tsivilsk,4,4,False,True
tommeginne,1,1,True,True
dingnan_anshun,1,1,False,False
shunda,1,1,False,False
sniatyn,2,2,False,False
pasai,1,1,True,True
sime,5,5,False,False
voronezh,2,2,False,True
coria_del_rio,2,2,True,True
ruby,1,1,False,False
ul_kan,1,1,False,False
tereshkovichy,5,5,False,False
hawoben,1,1,False,False
podgorica,1,1,False,False
pennagaram,2,2,False,False
luebo,2,2,False,False
sanyyakhtakh,5,5,False,False
barguna,1,1,True,True
chi_la,1,1,False,False
nicabau,5,5,False,False
zhushan,1,1,False,False
charroux,1,1,False,False
gunaaxoo,3,3,True,True
lepsy,1,1,False,False
mgosas,1,1,False,False
redon,1,1,True,True
jonzac,1,1,True,True
dayao,3,3,False,False
dehua_jiujiang,5,5,False,True
berune,2,2,True,True
baling,5,5,False,True
pakrac,1,1,False,True
phuenchapura,1,1,False,False
mistanipi,3,3,False,False
pandua,3,3,False,True
araut,1,1,True,True
kundjeymi,2,2,False,False
opinicon,1,1,False,False
mazinaw,1,1,False,False
tonala,1,1,False,False
kanolu,5,5,False,False
kealedji,1,1,False,False
ninil,1,1,False,False
khoja_idat_kala,3,3,False,False
shuicheng,2,2,False,False
axocopan,1,1,False,False
kuydusun,1,1,False,False
shawanoe,3,3,False,False
burebasaga,1,1,True,True
kucha,2,2,False,False
opemisca,1,1,False,False
guwahati,5,5,False,True
tolekskoe,1,1,False,False
gulbene,1,1,False,False
tetellan,3,3,False,False
nepepimmesipi,1,1,False,False
sepauk,4,4,False,False
bii,5,5,False,False
kundgol,2,2,False,False
nopiloa,1,1,False,False
zhytkavichy,1,1,False,False
tumaco,5,5,True,True
gegong,2,2,False,False
matman,5,5,False,False
gangela,1,1,False,False
chayrama,1,1,True,True
vamar,5,5,False,False
mingtong,1,1,False,False
kawishiwi,1,1,False,False
cacapon,1,1,False,False
south_juma,5,5,False,False
zhigu,5,5,False,True
vowpa,1,1,False,False
vangash,1,1,False,False
jincheng_zezhou,1,1,False,False
jianchang_sichuan,3,3,False,False
gani_koe,2,2,False,False
pannai,2,2,True,True
yuanjiang,4,4,False,False
wujiang_bozhou,5,5,False,False
dalingkot,2,2,False,False
fengxian,5,5,False,False
barchkend,3,3,False,False
medjez_el_bab,1,1,False,False
luquemba,1,1,False,False
kikinda,5,5,False,False
chatyun,1,1,False,False
mbwela_kabango,1,1,False,False
changqing,3,3,False,False
chenoka,1,1,False,False
speyer,5,5,False,True
lussuna,5,5,False,False
pelly_faro,3,3,False,False
kargil,5,5,False,False
deloy_ges,5,5,False,False
santo_antonio_monte,2,2,False,False
youdian,3,3,False,False
yoov_we_teuh,1,1,False,False
doolboong,2,2,False,False
crescent_spur,2,2,False,False
nga_lac,2,2,False,False
shalakusha,1,1,False,False
shohopanaiti,1,1,False,False
khukhan,2,2,False,False
sosso,1,1,False,False
hoan_chau,5,5,True,True
totma,2,2,False,True
loudi,1,1,False,False
novhorod_siverskyi,2,2,False,False
ambuila,1,1,False,False
tulguur,4,4,False,False
yuechi,3,3,False,False
tungkal,1,1,True,True
kampeska,1,1,False,False
dongan_yongzhou,2,2,False,False
barza,1,1,False,False
mengban_weiyuan,3,3,False,False
zhengan,1,1,False,False
lang_giang,1,1,False,False
dehdez,2,2,False,False
tza_wan_pupako,1,1,False,False
ha_va_nguon,1,1,True,True
olsnica,1,1,False,False
yilun,1,1,True,True
banan,5,5,False,True
wibazoka_wakpa,2,2,False,False
nagara_borneo,2,2,False,True
lokera,5,5,False,False
kozelsk,2,2,False,False
sasovo,1,1,False,False
olawa,1,1,False,False
sibook,1,1,True,True
chuwalee,1,1,False,False
campanha,1,1,False,False
moksobo,4,4,False,True
kabafa,1,1,False,False
srey_sarchhor,5,5,False,True
ishak,2,2,False,False
tobog,1,1,False,False
lyepyel,1,1,False,False
dadandang,3,3,False,False
cazorla,1,1,False,False
merzig,2,2,False,False
taquara,5,5,False,False
hambukushu,2,2,False,False
khelhghubunt_en,1,1,False,False
kirillov,1,1,False,False
otas,5,5,False,False
pyinmana,2,2,False,False
ixcatlan,2,2,False,False
mante,1,1,False,False
canoochee,2,2,False,False
badiraguato,1,1,False,False
xiangshan_xinhui,5,5,True,True
xinhui,5,5,True,True
karwar,1,1,True,True
ajara,1,1,False,False
nirmal,3,3,False,False
roscommon,1,1,False,False
kelapur,2,2,False,False
manukau,5,5,True,True
chaul,1,1,True,True
gujrat,3,3,False,False
sirpur,5,5,False,False
kara,4,4,False,True
kataka,4,4,False,False
pavagada,1,1,False,False
kenda,2,2,False,False
karauli,3,3,False,False
koppal,2,2,False,False
hatthigiripura,2,2,False,False
chambargonda,2,2,False,False
elgin,1,1,True,True
sohagpur,1,1,False,False
daulatabad,2,2,False,False
khandwa,5,5,False,False
mahur,1,1,False,False
mandu,3,3,False,False
evreux,2,2,False,True
deori,5,5,False,False
khambat,1,1,True,True
karad,5,5,False,False
new_ross,1,1,True,True
anegandi,2,2,False,False
anupgarh,1,1,False,False
kandy,1,1,False,False
datia,1,1,False,False
ranthambore,5,5,False,False
umarkot,3,3,False,False
nagarkot,2,2,False,False
waitangi,1,1,True,True
whangarei,1,1,True,True
siwana,1,1,False,False
pakpattan,3,3,False,False
macuze,5,5,True,True
ballymore,1,1,False,False
ramagiri,3,3,False,False
derawar,2,2,False,True
ausa,1,1,False,False
kaithal,1,1,False,False
kalahandinagara,1,1,False,False
mudgal,1,1,False,False
baria,2,2,False,False
dambwe,3,3,False,False
wanga_bazar,3,3,False,False
ujargarh,5,5,False,False
delhi,2,2,False,False
danduka,1,1,True,True
panipat,2,2,False,False
hisar,1,1,False,False
dingwall,1,1,True,True
dharampur,1,1,False,False
balaghat,2,2,False,False
nasik,1,1,False,False
udupi,1,1,True,True
mailsi,3,3,False,False
kalyan,1,1,False,False
suojarvi,1,1,False,False
ekholm,3,3,False,False
gbepleu,2,2,False,False
nguidjilone,2,2,False,True
ogbomosho,1,1,False,False
tibati,5,5,False,False
bossa,1,1,False,False
beledweyne,2,2,False,False
nyala,1,1,False,False
ismail,5,5,False,False
korti,3,3,False,False
qerri,4,4,False,False
ed_daein,1,1,False,False
tembesha,1,1,False,False
mendefera,1,1,False,False
bamba,3,3,False,True
daniski,1,1,False,False
calatrava,1,1,False,False
porto,3,3,True,True
gao,5,5,False,True
gotheye,3,3,False,False
mane,1,1,False,False
pindiga,1,1,False,False
assa,2,2,False,False
funtua,1,1,False,False
arlal,3,3,False,True
ngousa,1,1,False,False
mandingring,2,2,False,False
kular,3,3,False,False
batuco,1,1,False,False
boulaouane,1,1,False,False
ouarzazate,1,1,False,False
cudalbi,2,2,False,False
imsdalen,2,2,False,False
taourirt,1,1,False,False
jeonju,2,2,False,False
kuma,1,1,False,False
sambas,3,3,True,True
chuluutyn,1,1,False,False
ust_kuiga,3,3,False,False
krasnoslobodsk,1,1,False,False
ragunda,2,2,False,False
grimsby,2,2,True,True
kilmez,5,5,False,False
bajura,5,5,False,False
villemur,5,5,False,True
kamieniec,2,2,False,True
mandiana,2,2,False,False
sora,1,1,False,False
atash,1,1,False,False
miranda_de_ebro,1,1,False,False
paser,1,1,True,True
azia,2,2,False,True
skalholt,2,2,False,False
pomabamba,1,1,False,False
nokoni,1,1,False,False
viviers,3,3,False,True
gex,2,2,False,False
chinon,5,5,False,True
aix_en_provence,2,2,True,True
nevers,5,5,False,False
trevoux,2,2,False,True
adilabad,1,1,False,False
ponte_sor,2,2,False,False
hoeyang,1,1,False,False
rende,1,1,False,False
verdun,1,1,False,False
maleisiai,1,1,False,False
perugia,1,1,False,False
oochi,1,1,False,False
anak,2,2,True,True
elgyai,3,3,False,False
sunju,1,1,False,False
shenandoah,1,1,False,False
namgyeong,2,2,False,True
jinglong,5,5,False,False
angelokastron,1,1,True,True
grigoropolisskaya,1,1,False,False
chayopin,1,1,False,False
petrinja,5,5,False,True
biala_podlaska,1,1,False,True
lesko,1,1,False,False
hertogenbosch,2,2,False,True
atikwa,2,2,False,False
massabo,3,3,True,True
chaguate,5,5,False,False
rennes,1,1,False,False
orange,3,3,False,True
roanne,1,1,False,False
bolkhov,1,1,False,False
qila_panjeh,1,1,False,False
ucluelet,1,1,True,True
kuanda,3,3,False,False
yunnei,3,3,False,False
longquan_taihe,1,1,False,False
dobyaz,5,5,False,True
almodovar_del_campo,1,1,False,False
kherigarh,5,5,False,False
opaskwayak,3,3,False,False
janauba,1,1,False,False
quigualtam,5,5,False,True
varda,2,2,False,False
konjic,1,1,False,False
tha_tong,5,5,True,True
branicevo,5,5,False,True
aklan,1,1,True,True
afanasyevo,1,1,False,False
shincal,1,1,False,False
dambai,5,5,False,False
bul_bukhta,1,1,False,False
yorga,1,1,False,False
mesilinka,1,1,False,False
katagata,1,1,False,False
malukkit,1,1,True,True
niwa,2,2,False,False
gucheng_xi,5,5,False,False
tyagacho,5,5,False,False
khamkeut,2,2,False,False
tokuma,1,1,False,False
pembar,3,3,False,False
gongan,5,5,False,True
podberezye,1,1,False,False
rakhiv,1,1,False,False
bonaigarh,3,3,False,False
khust,1,1,False,False
tyrma,5,5,False,False
tenasserim,5,5,False,False
ksituan,3,3,False,False
hanguang,5,5,False,True
ust_tsimla,3,3,False,True
babana,3,3,False,False
ikryanoye,5,5,True,True
yatsushiro,1,1,False,False
zenta,3,3,False,False
delinde,5,5,False,False
kabacan,2,2,False,False
puge,5,5,False,False
wengyuan,1,1,False,False
gereshk,2,2,False,False
ktunwakanmituk,2,2,False,False
parapopeba,1,1,False,False
larissa,1,1,False,False
game_ti,1,1,False,False
palisema,5,5,False,False
tezpur,5,5,False,False
tarnogsky_gorodok,2,2,False,True
kovin,5,5,False,True
chongren,1,1,False,False
daha,2,2,False,False
haynay,1,1,False,False
nudarcha,5,5,False,True
qingjiang_liping,2,2,False,False
rudrapur,4,4,False,False
werdenberg,2,2,False,False
chinchaga,5,5,False,False
scone,1,1,False,False
taungoo,2,2,False,False
kahnuj,1,1,False,False
tencoa,5,5,False,False
teel,1,1,False,False
mameiwasipi,1,1,False,False
alcazar_de_san_juan,1,1,False,False
aschaffenburg,2,2,False,False
le_puy,1,1,False,False
kyburg,5,5,False,False
chateau_gontier,1,1,False,False
xuanhua_nanning,5,5,False,False
wiesbaden,3,3,False,True
tadoussac,1,1,True,True
kunduz,5,5,False,False
tonguo,1,1,False,False
kyulekyan,2,2,False,False
meulaboh,1,1,True,True
schaffhausen,1,1,False,False
gwa,1,1,True,True
taoyuan,3,3,False,False
anren,1,1,False,False
dianbai,1,1,False,False
malapaz,2,2,False,False
foum_zguid,1,1,False,False
wiang_fang,1,1,False,False
dokshytsy,1,1,False,False
bayan_tumen,3,3,False,False
glarus,1,1,False,False
deline,1,1,False,False
kinabatangan,3,3,True,True
coiracoentanon,5,5,False,False
alcantara,2,2,False,False
montcenis,1,1,False,False
chikaskia,5,5,False,False
tis_reka,5,5,False,False
arnhem,4,4,False,True
wandjiwalgu,1,1,False,False
burghausen,5,5,False,False
mongyang,5,5,False,True
tayan,5,5,False,False
sudislavl,1,1,False,False
jolom_konob,5,5,False,False
kalianda,2,2,True,True
nagorsk,2,2,False,False
krasny_yar,5,5,True,True
phnom_santuk,5,5,False,True
chukhloma,1,1,False,False
teewinot,1,1,False,False
yenotayevka,5,5,False,True
mohacs,4,4,False,True
tso_gon,1,1,False,False
biberach,1,1,False,False
glasgow,1,1,True,True
chomuruvuti,1,1,False,False
tolz,1,1,False,False
atrat,2,2,False,False
ekonda,1,1,False,False
mahakam,3,3,False,False
kaset_sombun,1,1,False,False
yunkyur,4,4,False,False
glogow,2,2,False,True
bellinzona,1,1,False,False
tonshayevo,1,1,False,False
ostroda,1,1,False,False
chiaha,5,5,False,False
johor_lama,1,1,True,True
zolotonosha,5,5,False,True
voghera,5,5,False,True
goito,1,1,False,False
tho_hoang,1,1,False,False
ostiglia,3,3,False,True
heilbronn,1,1,False,True
hof,1,1,False,False
romans,2,2,False,True
chrudim,1,1,False,False
bigambul,1,1,False,False
slovenj_gradec,2,2,False,False
waren,1,1,False,False
uguumur,1,1,False,False
silandro,1,1,False,False
zabreh,1,1,False,False
laufen,2,2,False,False
braine,1,1,False,False
tubingen,1,1,False,False
dumbi,1,1,False,False
miercurea_cluc,1,1,False,False
goppingen,1,1,False,False
chamdo,5,5,False,False
chabcha,3,3,False,False
bratslav,1,1,False,False
xiangtan,5,5,False,True
nebesek,5,5,False,True
yrgychen,1,1,False,False
nachod,1,1,False,False
vertus,1,1,False,False
vyadhapura,5,5,False,True
pontianak,4,4,True,True
miniss,1,1,False,False
uolbut,3,3,False,False
liucheng,5,5,False,False
alytus,2,2,False,True
shangrao,5,5,False,False
maniatique,1,1,False,False
guramal,1,1,False,False
linz,3,3,False,True
decin,2,2,False,False
alawa,1,1,False,False
macha,4,4,False,False
coyaima,3,3,False,False
saintes,2,2,False,True
falaise,1,1,False,False
imangaq,4,4,True,True
nichabau,3,3,False,False
shwegu,5,5,False,True
grand_lahou,3,3,True,True
itaratim,1,1,False,False
irakinda,5,5,False,False
thessaloniki,2,2,True,True
chay,1,1,False,False
roucy,1,1,False,False
waerhdje,1,1,False,False
paxtang,1,1,False,False
poti_caucasus,5,5,True,True
trang_an,2,2,True,True
otapingshewee,1,1,False,False
targu_trotus,2,2,False,False
kruje,1,1,True,True
tugacho,1,1,False,False
yangbei,1,1,False,False
urumqi,1,1,False,False
uashekanau,5,5,False,False
tuyen_quang,5,5,False,False
kampong_sraka_trey,5,5,False,False
ardatov,3,3,False,True
navidakh,3,3,False,False
moana_kassongo,1,1,False,False
baima,1,1,False,False
mawkmai,5,5,False,False
beaverhead,1,1,False,False
lushan_yazhou,2,2,False,False
goat_creek,1,1,False,False
liverpool,1,1,True,True
paguat,1,1,True,True
kara_bazaar,1,1,True,True
udskoye,2,2,False,False
hmawbi,5,5,False,True
etain,2,2,False,False
moana_mussumba,4,4,False,False
ensisheim,3,3,False,True
yishan,5,5,False,False
niuwu,2,2,False,False
emuer,3,3,False,False
tanah_putih,3,3,False,False
leer,2,2,True,True
rastyapino,3,3,False,True
caqueza,1,1,False,False
lanxi,5,5,False,True
moskwawakwa,1,1,False,False
nancy,1,1,False,False
ballsh,1,1,True,True
pismachi,1,1,False,False
weithali,5,5,False,False
mussumba,1,1,False,False
neoskweskau,5,5,False,False
nunu,5,5,False,False
hottah_ti,1,1,False,False
baak,4,4,False,False
borazjan,1,1,False,False
anren_raozhou,5,5,False,False
apt,1,1,False,False
seyat,3,3,False,False
svir,1,1,False,False
kotalipara,1,1,False,False
poligus,5,5,False,False
aulatsivik,1,1,True,True
rouen,3,3,False,True
kara_shilka,5,5,False,False
uttarkashi,1,1,False,False
donwun,2,2,True,True
lai_hka,1,1,False,False
chungu,2,2,False,False
tsoyaha,1,1,False,False
yelets,1,1,False,False
hoxter,1,1,False,True
chumdo,5,5,False,False
papantla,2,2,True,True
meissen,2,2,False,True
nauhtlan,1,1,True,True
moosonee,3,3,True,True
coinan,1,1,False,False
changning_changning,4,4,False,False
sinkyone,2,2,True,True
ixmiquilpan,1,1,False,False
ballalapura,1,1,False,False
veria,1,1,False,False
sahrazur,2,2,False,False
licheng,3,3,False,False
pingyang_guiyang,1,1,False,False
monongahela,5,5,False,False
wimbee,2,2,True,True
khandyga,5,5,False,False
merkine,2,2,False,False
aztatlan,2,2,True,True
burunda,5,5,False,False
chara,2,2,False,False
nanlang,1,1,False,False
tlapacoyan,1,1,False,False
nangchen,1,1,False,False
saukiog,3,3,False,True
soyo,2,2,True,True
sanmao,1,1,False,False
naconiche,2,2,False,False
sarab_dowreh,1,1,False,False
peledui,5,5,False,False
yongping,1,1,False,False
tom,1,1,False,False
kuranakh,2,2,False,False
malak_malak,2,2,False,False
shinan,1,1,False,False
nacachau,1,1,False,False
banlung,3,3,False,False
tipanuk,2,2,False,False
iyengra,1,1,False,False
kolomna,5,5,False,True
amersfoort,4,4,True,True
mahohevahoe,1,1,False,False
teplyk,1,1,False,False
gulmi,5,5,False,False
atajal,1,1,False,False
sunggari,5,5,False,False
drangtse,1,1,False,False
nonacho,1,1,False,False
caratinga,3,3,False,False
kuilembi,1,1,False,False
onaping,1,1,False,False
iagodnoie,5,5,False,False
peureulak,1,1,True,True
moana_muafi,2,2,False,False
najera,1,1,False,False
qianwei,5,5,False,False
otrar,5,5,False,False
watang,3,3,False,False
kwaaru,1,1,False,False
kholm_zhirkovsky,1,1,False,False
yanatile,1,1,False,False
mississagi,1,1,True,True
kazaidi,2,2,False,False
alcanices,1,1,False,False
vasknarva,2,2,False,False
akhsikath,2,2,False,False
sekkosi,3,3,False,False
balaganakh,1,1,False,False
monfort_sur_meu,1,1,False,False
kiya,5,5,False,False
binawangan,1,1,True,True
mongoffa,1,1,False,False
nat_oot_en,1,1,False,False
ohatchee,2,2,False,False
zakht,1,1,False,False
gojijin,1,1,False,False
otnabog,3,3,False,False
siimitalik,3,3,False,False
taungup,1,1,True,True
tubigarao,3,3,False,False
tilsit,3,3,False,True
kota_pinang,2,2,False,False
ust_livny,1,1,False,False
bagansiapipi,1,1,True,True
kyr_uzkand,3,3,False,False
nakop,1,1,False,False
pasaman,1,1,True,True
nisohone,1,1,False,False
pengshan,3,3,False,False
taiping,1,1,False,False
cantwell,2,2,False,False
dalai_nuur,3,3,False,False
arnstadt,1,1,False,False
salaspils,3,3,True,True
huehuetan,1,1,True,True
aguasabon,1,1,True,True
mokshan,1,1,False,False
guazacapan,1,1,True,True
wakmua_oin,3,3,False,False
xisha,2,2,False,False
chengxiang,5,5,False,False
hatchie,5,5,False,True
thoire,2,2,False,False
terek,2,2,True,True
quan_da_chau,2,2,False,False
gaoyuan_jinan,3,3,False,False
jeziarysca,1,1,False,False
pascagoula,2,2,True,True
batchawana,1,1,True,True
changle_xunzhou,1,1,False,False
ponta_grossa,1,1,False,False
nyaki_nyaki,1,1,False,False
moona_mpanda,3,3,False,False
znobov,2,2,False,False
mandandanji,1,1,False,False
germersheim,3,3,False,True
baependi,1,1,False,False
rembarnga,1,1,False,False
xiriquitzio,1,1,False,False
bang_keng,2,2,False,False
olimisk,2,2,True,True
tuol_ta_mouk,3,3,False,False
formiga,2,2,False,False
tlacotlalpan,5,5,True,True
isinguro,2,2,False,False
garhwa,1,1,False,False
udgir,1,1,False,False
mawhera,5,5,True,True
pontefract,2,2,False,True
bandhugara,5,5,False,False
kaikoura,1,1,True,True
pangi,2,2,False,False
bastar,2,2,False,False
dantewada,2,2,False,False
balasore,1,1,True,True
kilkenny,1,1,False,False
kollam,1,1,True,True
sillanwali,3,3,False,False
sena,5,5,False,True
oswestry,1,1,False,False
masekesa,2,2,False,False
ranchi,1,1,False,False
bijnot,2,2,False,False
ratnapura_LKA,1,1,False,False
cambridge,1,1,False,True
palampet,5,5,False,False
naserpur,4,4,False,True
dongartal,5,5,False,False
katol,1,1,False,False
whanganui,2,2,True,True
toledo,1,1,False,False
naletale,1,1,False,False
parlakimidi,1,1,False,False
goa,1,1,True,True
raigarh,2,2,True,True
riseberga,1,1,False,False
untari,3,3,False,False
sonepur,5,5,False,False
chiveve,3,3,True,True
kapurthala,5,5,False,False
khurda,1,1,False,False
dajal,4,4,False,False
memba,3,3,True,True
tendukheda,3,3,False,False
durham,1,1,True,True
bassein,2,2,True,True
pal_lahara,5,5,False,False
bosworth,1,1,False,False
salavata,1,1,True,True
fatehabad,3,3,False,False
kotte,2,2,True,True
leitrim,1,1,False,False
dhar,1,1,False,False
gaya,1,1,False,False
sofala,3,3,True,True
ganderbal,2,2,False,False
misasa,1,1,False,False
tungi,4,4,True,True
lynn,1,1,True,True
whakatu,1,1,True,True
bristol,2,2,True,True
honnavara,2,2,True,True
asirgarh,1,1,False,False
chedzurgwe,5,5,False,False
mudhol,3,3,False,False
gwalior,1,1,False,False
quelimane,5,5,True,True
arusha,1,1,False,False
hansi,1,1,False,False
tauihu,1,1,True,True
karur,1,1,False,False
erris,1,1,True,True
dang,2,2,False,False
maputo,5,5,True,True
wairarapa,1,1,True,True
sarsuti,1,1,False,False
oreshek,4,4,False,True
ranua,5,5,False,False
unaizah,1,1,False,False
kong,1,1,False,False
kouroussa,5,5,False,False
mazaghan,1,1,True,True
ondo,1,1,False,False
sabe,1,1,False,False
tirekka,2,2,False,False
minna,1,1,False,False
tada,5,5,False,False
barbacadle,1,1,True,True
mogadishu,1,1,True,True
gambo,5,5,False,False
quz_rajab,2,2,False,False
noul_lamta,2,2,True,True
omdurman,5,5,False,False
fashoda,5,5,False,False
nekemte,2,2,False,False
lieka,5,5,False,False
ilimo,1,1,False,False
tulu_walal,1,1,False,False
gimbi,5,5,False,False
dargol,3,3,False,False
aranda_de_duero,1,1,False,False
santarem,2,2,False,True
tagmadert,1,1,False,False
goudel,3,3,False,False
djenne,2,2,False,True
lere,1,1,False,False
maradi,1,1,False,False
ngouma,1,1,False,False
soumpi,2,2,False,False
mubi,1,1,False,False
birnin_kudu,1,1,False,False
loga,1,1,False,False
ngaoundaye,5,5,False,False
thuy_vi,3,3,False,False
zlatoust,1,1,False,False
grachevka,1,1,False,False
gaoyou,3,3,False,True
kalengue,1,1,False,False
shunchang,5,5,False,False
kharpunath,2,2,False,False
kubenskoye,1,1,False,True
qayyarah,3,3,False,False
tatinnai,2,2,False,False
yegaladapa,3,3,False,False
lukenie,3,3,False,False
sansanne_mango,5,5,False,False
kongsvinger,3,3,False,False
zemlungrad,1,1,False,False
mayang,1,1,False,False
owashtanong,1,1,True,True
zabore,1,1,False,False
tboung_khmum,5,5,False,True
zhanggu,3,3,False,False
kicpahat,1,1,False,False
xinfeng_panyu,1,1,False,False
champavati,5,5,False,False
moehe_yoe,2,2,False,False
swellendam,1,1,False,False
tewo,1,1,False,False
axim,2,2,True,True
viterbo,1,1,False,False
zhengcheng,5,5,False,False
prieska,2,2,False,False
montbrison,1,1,False,False
montmorillon,1,1,False,False
saint_marceilin,2,2,False,False
malagon,1,1,False,False
kunjabangarh,4,4,False,False
svietlahorsk,1,1,False,False
kuopio,2,2,False,False
cofitachequi,2,2,False,False
paddar,2,2,False,False
dej,1,1,False,False
banjar,5,5,True,True
yinshan,3,3,False,False
strasbourg,5,5,False,True
bindal,2,2,True,True
nikolskoye_andoma,1,1,False,False
gulin,1,1,False,False
gora,1,1,False,False
dagana,2,2,False,True
lambo,1,1,False,False
pyeongju,1,1,False,False
langqu,3,3,False,False
chinali,1,1,False,False
pogoreloye,1,1,False,False
alba_iulia,1,1,False,False
verba,2,2,False,False
derge,3,3,False,False
ganja,5,5,False,False
manmaw,5,5,False,True
shuitejiang,3,3,False,False
yeremeyevka,3,3,False,False
rustavi,2,2,False,False
nizhny_lomov,1,1,False,False
krupki,1,1,False,False
kuntokling,1,1,False,False
talang_mamak,5,5,False,False
binchuan,5,5,False,False
bukcheong,1,1,True,True
tejend,2,2,False,False
khilgoson,1,1,False,False
bhavani,2,2,False,False
malegoondeet,1,1,False,False
dubok,1,1,False,False
co_dang,5,5,True,True
quito,1,1,False,False
solt,4,4,False,True
kumeyaay,1,1,True,True
jucuru,1,1,True,True
tahkeeosteh,1,1,False,False
dzisna,5,5,False,True
gadag,2,2,False,False
rudnik,2,2,False,False
jingyang,1,1,False,False
mekinac,1,1,False,False
bembe_buyu,1,1,False,False
changshou_changshou,5,5,False,True
qingfu,1,1,False,False
nishikanbara,2,2,True,True
bitterfeld,1,1,False,False
borborud,2,2,False,False
chattarawa,1,1,False,False
purace,1,1,False,False
guanzhou,2,2,False,False
tconsiep,5,5,False,False
doboj,3,3,False,True
ashca_caycu,1,1,False,False
shalatenan,2,2,False,False
kisiskaciwani_sipiy,2,2,False,False
chateau_du_loir,1,1,False,False
chawchila,1,1,False,False
gaoyao,5,5,False,True
weichu,1,1,False,False
chianouske,2,2,False,False
nochpeem,1,1,False,True
kawachi,1,1,False,False
wasserburg,2,2,False,False
przemysl,1,1,False,False
oma,1,1,False,False
maribor,2,2,False,False
muhldorf,2,2,False,False
selephu,1,1,False,False
kota_rentang,2,2,True,True
kitchesatsiou,1,1,False,False
trencin,1,1,False,False
izeh,2,2,False,False
hoi,1,1,True,True
buckeburg,2,2,False,True
talacogon,5,5,False,False
ziro,2,2,False,False
seta,1,1,False,False
sarahan,3,3,False,False
pahatsi,2,2,False,False
minnewaukan,1,1,False,False
huangmei,5,5,False,True
tybee,2,2,True,True
basel,3,3,False,True
komarom,2,2,False,True
qianzhou,1,1,False,False
shuixi,2,2,False,False
kapan_armenia,1,1,False,False
mechiso,3,3,False,False
gorontalo,1,1,True,True
svencionys,1,1,False,False
shakhty,3,3,False,True
musi_hilir,4,4,True,True
caete_brasil,1,1,False,False
yuanling,5,5,False,False
miskolc,5,5,False,False
zbarazh,1,1,False,False
sion,1,1,False,False
grodno,2,2,False,False
julau_kutai,5,5,False,False
baijnath,1,1,False,False
dioumara,1,1,False,False
kalumpang,2,2,False,False
suntar,3,3,False,False
kinguchi,5,5,False,False
saryozen,1,1,False,False
heping,2,2,False,False
nandian,2,2,False,False
shaxi,1,1,False,False
bazhai_duyun,1,1,False,False
nimde,4,4,False,False
shangaly,3,3,False,False
asht,2,2,False,False
north_pumpu,2,2,False,False
achomawi,1,1,False,False
ahmednagar,2,2,False,False
ani_south,2,2,False,False
lengshuitan,5,5,False,False
tlamazolan,1,1,False,False
vonnu,1,1,False,False
xingan,1,1,False,False
guanare,1,1,False,False
gottingen,1,1,False,True
chambery,2,2,False,False
mahoning,2,2,False,False
burg,3,3,False,True
ticonderoga,2,2,False,False
leibnitz,1,1,False,False
sagaing,5,5,False,True
comacchio,3,3,True,True
dyrashnichikha,1,1,False,False
dorogobuzh,1,1,False,False
chisinau,2,2,False,False
tangdan,5,5,False,False
nng,1,1,False,False
michipicoten,1,1,True,True
ocheyedan,1,1,False,False
tombigbee,3,3,False,False
svir_beloozero,1,1,False,False
uschu,5,5,False,False
garmisch,1,1,False,False
lhuntsi,2,2,False,False
hachberg,3,3,False,True
alba,1,1,False,False
chitkan,1,1,False,False
passagassawkeag,2,2,True,True
hanyang,5,5,False,True
salzburg,1,1,False,False
chachersk,2,2,False,False
farkhor,5,5,False,False
scharding,3,3,False,True
maaqtusiis,1,1,True,True
turin,2,2,False,False
mamterat,1,1,True,True
sorocaba,1,1,False,False
reka_pur,3,3,False,False
augsburg,1,1,False,False
mushikitee,5,5,False,False
jiangyou,1,1,False,False
north_juma,5,5,False,False
linxiang,5,5,False,True
khoro,3,3,False,False
yongfu_fuzhou,1,1,False,False
oyusut,3,3,False,False
frutigen,1,1,False,False
barten,1,1,False,False
zamora,1,1,False,False
penlamu,1,1,False,False
kantishna,1,1,False,False
saamis,2,2,False,False
monthey,2,2,False,False
mushuau,1,1,False,False
patgasa_wakpa,1,1,False,False
chornobyl,5,5,False,False
temnikov,1,1,False,False
manas,1,1,False,False
shaxian,2,2,False,False
zhangqiu,3,3,False,False
sinsheim,2,2,False,True
oberdorf,1,1,False,False
daman,1,1,True,True
vaga,2,2,False,False
menahkwesk,5,5,True,True
chimgi_tura,5,5,False,True
udomlya,1,1,False,False
sens,1,1,False,True
arges,1,1,False,False
montbeliard,1,1,False,False
wittenberge,3,3,False,True
dibue,2,2,False,False
kazembe,3,3,False,False
gaoyang,2,2,False,False
perbaungan,1,1,True,True
bishan,5,5,False,True
wurzen,1,1,False,False
mantes,2,2,False,True
shahjahanpur,2,2,False,False
canajoharie,2,2,False,False
hradec_kralove,1,1,False,False
xinning_chen,2,2,False,False
tarakan,1,1,True,True
ebelyakh,1,1,False,False
goronyo,1,1,False,False
zhiziluo,3,3,False,False
darghat,1,1,False,False
pobeda,1,1,False,False
tses_tsembai,1,1,False,False
alba_de_aliste,1,1,False,False
tosse,2,2,True,True
mikiwam,1,1,False,False
takalak,5,5,False,False
grand_bassam,5,5,True,True
torope,1,1,False,False
niobrara,3,3,False,False
jalpan,1,1,False,False
dzyatlava,2,2,False,False
yartsevo,1,1,False,False
dambi_angonga,1,1,False,False
mapulana,1,1,False,False
hulu_mentaya,5,5,False,False
sugut,2,2,True,True
ingapu,5,5,False,False
shtax_heen,3,3,True,True
lefu,2,2,False,False
alferovskaya,1,1,False,False
tu_sis_nde,2,2,False,False
muang_ta_oi,1,1,False,False
walcourt,1,1,False,False
vakhs,3,3,False,False
south_letota,5,5,False,False
tutilpinco,3,3,False,False
emyakhsin,1,1,False,False
aderbissinat,1,1,False,False
matamba,1,1,False,False
urov,2,2,False,False
warluwarra,2,2,False,False
yande,1,1,True,True
urucu,1,1,False,False
meductic,3,3,False,False
panama,1,1,True,True
cili,5,5,False,False
cuchi,1,1,False,False
poyang,5,5,False,False
zhanyi,1,1,False,False
tseichi,1,1,False,False
anfu_jian,1,1,False,False
la_mothe_en_bassigny,1,1,False,False
opimika,5,5,False,False
quinnipiac,3,3,True,True
tanghe,1,1,False,False
sambir,1,1,False,False
crepy,1,1,False,True
uryum,1,1,False,False
prayag,5,5,False,True
kitete,3,3,False,False
chakangrao,5,5,False,True
bohai,3,3,False,False
tok,5,5,False,False
maubin,5,5,True,True
chodrak,1,1,False,False
mezhybozhe,1,1,False,False
gomsi,5,5,False,False
beaujeu,2,2,False,True
gartok,1,1,False,False
pingdisonglin,1,1,False,False
machakh,1,1,False,False
olsztyn,1,1,False,False
gulvau,1,1,False,False
castellane,1,1,False,False
alishang,2,2,False,False
cazombo,1,1,False,False
pikwedina_sagaomam,2,2,False,False
rheine,1,1,False,False
iisaxpuatahcheeaashe,1,1,False,False
daye,5,5,False,True
weiqing,5,5,False,False
tamathli,1,1,False,False
sighnaq,3,3,False,False
djougou,1,1,False,False
wunnumin,1,1,False,False
shahabad_uttar_pradesh,2,2,False,False
lhagang,1,1,False,False
tournai,1,1,False,True
malangke,1,1,True,True
gengma,3,3,False,False
mulun,1,1,False,False
nipissis,2,2,False,False
maoming,1,1,False,False
toulnustouc,5,5,False,False
zhehong,1,1,False,False
chittagong,5,5,True,True
prasat_thong_lang,3,3,False,False
kalsi,1,1,False,False
malbork,3,3,False,True
sayula,1,1,False,False
aniyutsi,5,5,False,False
dubrajpur,5,5,False,True
dobkuri,1,1,False,False
bada,2,2,False,False
itacolomi,1,1,False,False
zimapan,1,1,False,False
xochitepec,2,2,False,False
siret,1,1,False,False
corabia,2,2,False,True
winnipegosis,1,1,False,False
adyukh,1,1,False,False
navalucillos,1,1,False,False
pessamit,2,2,True,True
jaggas,2,2,False,False
sancha,1,1,False,False
tixtla,1,1,False,False
madgaon,1,1,True,True
nalou,2,2,False,False
gmaap,1,1,False,False
lubile,3,3,False,False
siyom,5,5,False,False
bol_shaya_martynovka,3,3,False,True
namaan,1,1,False,False
ialophaybo,1,1,False,False
ulkatchot_en,1,1,False,False
lom,5,5,False,True
karee,1,1,False,False
arnedo,2,2,False,False
gazanjyk,2,2,False,False
chigoubiche,1,1,False,False
cuthuhogwa,5,5,False,False
butalin,4,4,False,False
adlur,1,1,False,False
tecozautla,1,1,False,False
chama,2,2,False,False
mekwiskajk,1,1,True,True
kitcisakik,2,2,False,False
charklik,2,2,False,False
liulin,1,1,False,False
bishnupur,1,1,False,False
sol_galichskaya,1,1,False,False
insar,1,1,False,False
nemkuchen,1,1,False,False
serro,1,1,False,False
moissala,5,5,False,False
kippawa,1,1,False,False
banten,1,1,True,True
amazar,3,3,False,False
thung_yang,2,2,False,False
kuhdast,1,1,False,False
oswiecim,1,1,False,False
gana,5,5,False,False
koostaaka,3,3,False,False
jang_tana,1,1,False,False
bomdila,5,5,False,False
lhaq_temish,1,1,True,True
basawunena,1,1,False,False
khwe,1,1,False,False
wha_ti,1,1,False,False
zhenxi_lizhou,5,5,False,False
nuzket,1,1,False,False
donggo,2,2,False,False
linge,1,1,False,False
rahsaan_khad,1,1,False,False
lebus,5,5,False,True
bulava,5,5,True,True
atishchevo,1,1,False,True
zaranj,3,3,False,False
khampa,3,3,False,False
tapani,1,1,False,False
strelcha,1,1,False,False
hradiste,1,1,False,False
nabaydacu,1,1,False,False
amonokoa,5,5,False,False
pogamasing,1,1,False,False
magalo,2,2,False,False
voskresenskoye,4,4,False,True
taining,1,1,False,False
nyuksenitsa,2,2,False,True
kaipokok,1,1,True,True
maryovo,1,1,False,False
yingdao,2,2,False,False
cruz_alta,5,5,False,False
santa_barbara,5,5,False,False
dorud,1,1,False,False
yojuane,2,2,False,False
sakai_riau,5,5,False,False
wiccacon,2,2,False,True
chinaitih,5,5,False,False
van_kiep,5,5,False,False
miketo,1,1,False,False
capimitchigama,1,1,False,False
bielsko,1,1,False,False
bihariganj,4,4,False,False
qianjiang,3,3,False,True
ouiatchouaniche,2,2,False,False
conceicao,1,1,False,False
kyzylkorgan,2,2,False,False
aaboukingon,5,5,False,True
chatanugi,5,5,False,False
ameca,1,1,False,False
huaining,5,5,False,True
roshtqala,5,5,False,False
lianping,1,1,False,False
kailu,3,3,False,False
argi,2,2,False,False
yunlong,3,3,False,False
opatow,2,2,False,True
hazaribagh,1,1,False,False
apiai,1,1,False,False
javad,3,3,False,False
funing_huaian,5,5,True,True
byadi,1,1,False,False
tauramena,5,5,False,False
balta,1,1,False,False
kreuznach,3,3,False,True
warungu,1,1,False,False
zurmang_namgyaltse,5,5,False,False
eskippakaithiki,2,2,False,False
igmu,1,1,False,False
ossipee,1,1,False,False
yongfeng,1,1,False,False
hehe,3,3,False,False
gomel,2,2,False,False
petaigan,3,3,False,False
hisse_yoyi_yoe,1,1,False,False
kutai_lama,4,4,True,True
waupecan,5,5,False,False
selenge,5,5,False,False
jiroft,1,1,False,False
otatitlan,3,3,False,False
kasekete,5,5,False,False
kot_addu,4,4,False,True
gulbarga,2,2,False,False
oda_boru_ruva,2,2,False,False
chaibasa,1,1,False,False
athlone,1,1,False,False
mwamasapa,1,1,False,False
east_lomwe,1,1,False,False
chiramba,4,4,False,True
ghatsila,2,2,False,False
ivuna,1,1,False,False
nandapur,1,1,False,False
matope,3,3,False,False
dholka,1,1,False,False
mukariva,5,5,False,False
tulamba,2,2,False,True
bijapur,2,2,False,False
ballarpur,5,5,False,False
jhang,3,3,False,False
malumba,1,1,False,False
milange,3,3,False,False
tilda,5,5,False,False
luanze,5,5,False,False
chongoene,1,1,True,True
mtoko,1,1,False,False
prakkad,1,1,True,True
gadchiroli,3,3,False,False
ratnapura,5,5,False,False
bijagarh,1,1,False,False
shrewsbury,1,1,False,True
kohtali,3,3,False,False
katwe,1,1,False,False
wenje,2,2,False,False
srirangam,2,2,False,False
nandurbar,2,2,False,False
athmallik,4,4,False,False
polonnaruva,2,2,False,False
bumbuzi,3,3,False,False
mutota,4,4,False,False
malindi,1,1,True,True
kidderminster,1,1,False,True
kalpi,3,3,False,True
kalinganagara,1,1,False,False
kasaragod,1,1,True,True
massapa,1,1,False,False
cuama,4,4,True,True
monmouth,1,1,True,True
singarh,2,2,False,False
mandsaur,2,2,False,False
seringapatam,2,2,False,False
athenry,1,1,False,False
mozambique,1,1,True,True
tarhasi,1,1,False,False
deo,3,3,False,False
thulamela,2,2,False,False
alirajpur,3,3,False,False
karaikal,2,2,True,True
attock,4,4,False,False
bodo,1,1,True,True
sotkamo,1,1,False,False
savukoski,3,3,False,False
sigulda,1,1,False,False
kpalime,3,3,False,False
mankon,1,1,False,False
nnewi,4,4,False,True
oke_ila,1,1,False,False
ndar,1,1,True,True
sassandra,5,5,True,True
tabou,3,3,True,True
eid,1,1,True,True
zuba,1,1,False,False
bondoukou,1,1,False,False
hedemora,2,2,False,False
ziqwala,1,1,False,False
garoowe,1,1,False,False
buale,2,2,False,False
kismayo,3,3,True,True
shemkhiya,4,4,False,False
soba,3,3,False,False
sale,1,1,True,True
wau,5,5,False,False
gore,5,5,False,False
katsina_ala,5,5,False,False
trysil,1,1,False,False
bardera,2,2,False,False
bawku,1,1,False,False
dalaborg,3,3,False,False
barbastro,1,1,False,False
zuera,3,3,False,True
coimbra,1,1,False,False
villanueva_de_la_serena,1,1,False,False
baeza,1,1,False,False
fifinda,3,3,True,True
goundam,3,3,False,True
kaba,5,5,False,False
kandi,1,1,False,False
koudougou,1,1,False,False
libore,3,3,False,False
pusiga,1,1,False,False
say,3,3,False,False
yola,5,5,False,False
yo,1,1,False,False
maghana,2,2,False,True
kolokani,1,1,False,False
akkajaur,3,3,False,False
al_mima,1,1,True,True
guugu_yimidhirr,5,5,True,True
volgsjo,1,1,False,False
bitur,1,1,True,True
verkhny_mamon,2,2,False,True
baoying,3,3,False,True
ploesti,1,1,False,False
changshu,2,2,True,True
asakura,1,1,False,False
larache,1,1,True,True
youghiogheny,2,2,False,False
samira,1,1,False,False
elimaki,2,2,False,False
yongping_yongchang,3,3,False,False
tagloc,1,1,True,True
calpista,5,5,False,False
hongtong,1,1,False,False
muxima_ayo,3,3,False,False
santubong,1,1,True,True
drichu,2,2,False,False
dulgalakh,1,1,False,False
bola,2,2,True,True
marrithiyel,1,1,True,True
kaw,1,1,False,False
jiangan,4,4,False,False
mungyeong,1,1,False,False
mayen,4,4,False,True
xinxiang,1,1,False,False
aahkawiraahkata,1,1,False,False
kitamorokata,1,1,False,False
kolymskoie,3,3,False,False
penobscot,2,2,False,False
zanyukhcha,1,1,False,False
trotsang,2,2,False,False
dalniye_zelentsy,1,1,True,True
jororo,1,1,True,True
samarchyk,5,5,False,False
stalac,2,2,False,False
rauma,1,1,True,True
baojing,5,5,False,False
jinyuan,2,2,False,False
muscotnetcong,2,2,False,False
wuyuan_nanning,1,1,False,False
tabynsky,2,2,False,False
korvala,3,3,False,False
cuoim,1,1,False,False
quimper,1,1,True,True
taegu,2,2,False,False
sumgut_vosh,5,5,False,True
dingyuan_lingzhou,3,3,False,False
svislach,1,1,False,False
awka,1,1,False,False
kagianagami,1,1,False,False
wasetihoge,1,1,False,False
myitta,5,5,False,False
yunca,5,5,False,False
belya,1,1,False,False
chiang_rai,1,1,False,False
winsen,3,3,False,True
clermont,1,1,False,False
albi,1,1,False,False
baume,1,1,False,False
vlasovo,1,1,False,False
gidhaur,2,2,False,False
kedar,1,1,False,False
tuyuk,1,1,True,True
baja_hungary,4,4,False,True
brahin,3,3,False,False
kameng,5,5,False,False
edirne,2,2,False,False
miongo,1,1,False,False
chateau_thierry,1,1,False,True
nambikuara,5,5,False,False
heinola,1,1,False,False
sangacho,1,1,False,False
okaw,1,1,False,False
bryante,1,1,False,False
khaspur,5,5,False,False
necoes,1,1,True,True
zhulino,1,1,False,False
eisleben,1,1,False,False
wabuk,3,3,True,True
lyubun,1,1,False,False
dingri,1,1,False,False
vyatskiye_polyany,3,3,False,False
uutaalnganu,1,1,True,True
east_sundarban,1,1,True,True
zemlyansk,1,1,False,True
nanchong,3,3,False,False
ait_benhaddou,1,1,False,False
kale,5,5,False,False
rudbar,2,2,False,False
rzhavets,5,5,False,False
maungdaw,5,5,True,True
kajang,1,1,True,True
tila,1,1,False,False
chepoussa,5,5,False,True
arches,1,1,False,False
moingwena,5,5,False,False
taihe_taihe,3,3,False,True
anchun,1,1,False,False
rodez,1,1,False,False
itabira,5,5,False,False
zardab,3,3,False,False
neosho,1,1,False,False
waingmaw,5,5,False,False
leibo,4,4,False,False
huayin,5,5,False,False
vokhna,1,1,False,False
luzhang,3,3,False,False
shiquan_maozhou,1,1,False,False
gradac,1,1,False,False
yoshino,1,1,False,False
shixi,1,1,False,False
poso,1,1,True,True
muang_thaeng,3,3,False,False
belgrad,4,4,False,True
sokolow,1,1,False,True
cameroons,3,3,True,True
khor_virap,1,1,False,False
abong,1,1,False,False
visegrad,2,2,False,False
nakakamikawa,1,1,False,False
naka,1,1,True,True
manapakuaniskau,2,2,False,False
cuyo,1,1,False,False
lahad_datu,1,1,True,True
katrasgarh,2,2,False,False
xundabe,1,1,False,False
talalakh,1,1,False,False
thayetchaung,1,1,True,True
dubica,5,5,False,True
jodar,1,1,False,False
kuandian,3,3,False,False
oxtlipan,5,5,False,False
san_felices,2,2,False,False
cheslattat_en,1,1,False,False
lysychansk,2,2,False,False
innsbruck,2,2,False,False
kathmandu,1,1,False,False
ljubljana,1,1,False,False
arapuey,1,1,True,True
ust_mil,4,4,False,False
thoubal,2,2,False,False
lushai,2,2,False,False
imizu,1,1,True,True
bratislava,1,1,False,True
vyshny_volochyok,1,1,False,False
ayni,1,1,False,False
zalon_taung,5,5,False,False
apetowun,1,1,False,False
minzhou,1,1,False,False
bapunu,3,3,True,True
naungyo,5,5,False,False
meiningen,1,1,False,False
enhe_hada,5,5,False,False
mile,2,2,False,False
kociihsasiipi,1,1,False,False
pelly_river,2,2,False,False
huacrachuco,3,3,False,False
farnebo,1,1,False,False
fuji,1,1,True,True
hahatououadeba,2,2,False,False
starodub_on_the_klyazma,2,2,False,False
lucerne,1,1,False,False
noya,1,1,True,True
bailundo,5,5,False,False
cantona,2,2,False,False
malemba,1,1,True,True
hulu_sembakung,2,2,False,False
landsberg,1,1,False,False
mukdahan,4,4,False,False
nanxi,4,4,False,False
balakovo,5,5,False,True
mixquiahuala,1,1,False,False
kaudwane,1,1,False,False
dzingcho,3,3,False,False
unzha,2,2,False,False
krasny,1,1,False,False
huozhu,1,1,False,False
tunanmarca,2,2,False,False
quang_uyen,1,1,False,False
vieng_phouka,4,4,False,False
anyuan_lianzhou,1,1,True,True
kabikabi,1,1,False,False
sanlorenzo,1,1,False,True
sarnen,1,1,False,False
chakanbakan,1,1,False,False
kepimits,1,1,False,False
lienz,1,1,False,False
deer_lodge,1,1,False,False
tinjar,5,5,False,False
foumban,2,2,False,False
pescia,1,1,False,True
chibwe,3,3,False,False
gorokhovets,5,5,False,True
guiyang_chenzhou,1,1,False,False
cuango,3,3,False,False
salcha,3,3,False,False
judenburg,1,1,False,False
rosenheim,2,2,False,False
shuyskoye,2,2,False,True
numaykoos,2,2,False,False
bansi,2,2,False,False
ontonagon,1,1,True,True
fuliang,2,2,False,False
mong_yai,4,4,False,False
frauenfeld,2,2,False,False
radomsko,1,1,False,False
kham_muang,1,1,False,False
huxian,2,2,False,False
guwa,1,1,False,False
negombo,1,1,True,True
yangi,1,1,False,False
luchuan_mangshi,5,5,False,False
suma,1,1,False,False
akyab,2,2,True,True
tindirma,5,5,False,True
rottenburg,1,1,False,False
niah,3,3,True,True
lash_joveyn,1,1,False,False
kyakhta,5,5,False,False
golo_muiassa,5,5,False,False
mologa,3,3,False,True
kassel,1,1,False,False
xianyang,2,2,False,False
okanagan,2,2,False,False
ozuluama,2,2,True,True
cubara,5,5,False,False
bereznik,5,5,False,True
tarasp,1,1,False,False
alessandria,5,5,False,False
tugaloo,5,5,False,False
sain,1,1,False,False
bernburg,1,1,False,False
longmen,1,1,False,False
vladimir,1,1,False,False
sayylyk,2,2,False,False
casale,5,5,False,False
pachan,5,5,False,False
olongki,2,2,False,False
wappasening,5,5,False,False
opava,1,1,False,False
vysokoye,1,1,False,True
wabasca,5,5,False,False
sheshatshiu,1,1,False,False
tit_ebya,1,1,False,False
balige,1,1,False,False
inderapura,1,1,True,True
kwita_tla,1,1,False,False
uyo_uyo,1,1,False,False
mingying,1,1,False,False
kehsi,1,1,False,False
baochang,1,1,False,False
sana_tx,1,1,False,False
makulu,2,2,False,False
piantouguan,3,3,False,False
molodo,5,5,False,False
batchingou,5,5,False,False
karakecili,1,1,False,False
ilucan,3,3,False,False
monza,2,2,False,False
umpqua,1,1,False,False
tsepina,1,1,False,False
tynda,1,1,False,False
kiyiu,1,1,False,False
besancon,1,1,False,False
angastaco,1,1,False,False
longquan,1,1,False,False
samda,5,5,False,False
namieta,3,3,False,False
charolles,1,1,False,False
nizhny_novgorod,5,5,False,True
ashaninka,5,5,False,False
wabinosh,1,1,False,False
nwamethin,5,5,False,False
paliac,1,1,True,True
joinville,1,1,False,False
keta,3,3,True,True
mathoskabde,2,2,False,False
wattogee,1,1,False,False
sepon,5,5,False,False
mogilev,1,1,False,False
schwabach,1,1,False,False
korneuburg,3,3,False,True
yehe,1,1,False,False
mamterilleq,3,3,False,False
walloomsac,1,1,False,False
baluba,2,2,False,False
jelai,2,2,True,True
horoshino,5,5,False,True
nimnyr,2,2,False,False
guwandhaang,1,1,False,False
sancerre,2,2,False,False
ouaka,5,5,False,False
nadleh_whuten,5,5,False,False
nakchu,3,3,False,False
limoges,1,1,False,False
shishgarh,1,1,False,False
lipsk,2,2,False,False
tambov,1,1,False,False
suining,2,2,False,False
etampes,2,2,False,True
prasat_pram_lovet,1,1,False,False
karluk_peak,1,1,False,False
angoya,1,1,False,False
waawiiyaataanong,5,5,True,True
uglich,2,2,False,True
porumamilla,1,1,False,False
kelantan,2,2,True,True
mlungo,5,5,False,False
siba_circassia,2,2,False,False
peam,1,1,True,True
rappahannock,1,1,True,True
pushkino,1,1,False,False
chitambo,2,2,False,False
darney,1,1,False,False
pipanaco,1,1,False,False
sarria,1,1,False,False
baram,5,5,False,False
calau,1,1,False,False
laian_tianzhou,2,2,False,False
skitsetsen,5,5,False,False
kanna,4,4,False,False
muchesh,1,1,False,False
lahei,5,5,False,False
otun,3,3,False,False
lingzhou_dezhou,1,1,False,True
sionomhudon,5,5,False,False
zielona_gora,2,2,False,True
wittlich,2,2,False,True
tsakhalkho,3,3,False,False
chochenyo,1,1,True,True
missoula,2,2,False,False
etzanoa,1,1,False,False
eldikan,5,5,False,False
laskarpur,4,4,False,False
nipissing,1,1,False,False
wielun,1,1,False,False
doh_kromum,3,3,False,False
larba,5,5,False,False
ngoc_ma,5,5,False,False
tiou,5,5,False,False
chena,3,3,False,False
bilah,1,1,False,False
mokowan,1,1,False,False
tizounine,2,2,False,False
moshi,1,1,False,False
nakono,1,1,False,False
balga,1,1,True,True
bryansk,1,1,False,False
stanimaka,1,1,False,False
nan,1,1,False,False
coweta,1,1,False,False
bologoye,1,1,False,False
yuririapundaro,1,1,False,False
kapuskaypachik,2,2,False,False
oskennonton,2,2,False,False
cuttaway,3,3,False,False
fort_simpson,4,4,False,False
ashkamesh,1,1,False,False
mae_sot,2,2,False,False
itajuba,1,1,False,False
kibi,5,5,False,False
chanshayapi,1,1,False,False
muskingum,5,5,False,True
apucarana,5,5,False,False
priyutnoye,1,1,False,False
tournon,5,5,False,True
nogamsig,1,1,True,True
mengtong,3,3,False,False
dzithinahnde,1,1,False,False
naguatex,5,5,False,False
komo_kongo,1,1,False,False
guiyang_hengyang,3,3,False,False
demensk,1,1,False,False
bengalon,1,1,True,True
terbyas,3,3,False,False
jianchuan,1,1,False,False
zhaushikumtobe,3,3,False,False
owambo,2,2,False,False
choigan,1,1,False,False
chawasha,5,5,True,True
gonjo,3,3,False,False
lijin,3,3,True,True
sao_jose_pinhais,1,1,False,False
kennebango,1,1,False,False
yacupipizote,2,2,False,True
ust_cheptsa,1,1,False,False
mutsun,1,1,True,True
kara_irtysh,1,1,False,False
kasumne,1,1,False,False
ketanda,1,1,False,False
sok,1,1,False,False
makokibatan,2,2,False,False
kreva,1,1,False,False
saponi,1,1,False,True
koshira,2,2,False,False
baurang,3,3,False,False
fanakat,5,5,False,False
xicaltepec,2,2,False,False
telemba,1,1,False,False
tala_mx,1,1,False,False
wushan,5,5,False,True
nbengo,2,2,False,False
tetamekanch,3,3,True,True
sukadana_lampung,2,2,True,True
nahanni,5,5,False,False
kawartha,1,1,False,False
barulo,5,5,True,True
tanalelti,1,1,False,False
conkouati,2,2,False,False
zhydachiv,1,1,False,False
youyang,5,5,False,False
ilyino,5,5,False,False
tata,5,5,False,True
cuito,1,1,False,False
andawaohie,5,5,False,True
tojo,1,1,True,True
pocasse,3,3,False,False
utsutigway,3,3,False,False
pinoh,5,5,False,False
huatabampo,1,1,True,True
okobojo,3,3,False,False
bage,2,2,False,True
sochaczew,3,3,False,True
arikun,1,1,False,False
goris,1,1,False,False
tagin,1,1,False,False
kharyyalakh,3,3,False,False
cenxi,1,1,False,False
gegen,1,1,False,False
liyang_lizhou,2,2,False,False
naiman,1,1,False,False
dacheng,1,1,False,False
aitbulat,1,1,False,False
saurimo,1,1,False,False
kogluktok,1,1,False,False
tuolomne,1,1,False,False
terekti,2,2,False,False
shighnan,1,1,False,False
tuul,1,1,False,False
guarinoes,3,3,False,False
piranga,1,1,False,False
kudepyapka,5,5,False,False
pa_kiut_lema,1,1,False,False
kutaisi,2,2,False,False
ammoscongon,2,2,False,False
kraziai,1,1,False,False
khaplu,1,1,False,False
deadose,2,2,False,False
balagachchy,3,3,False,False
gumbinnen,1,1,False,False
treuenbrietzen,1,1,False,True
missinipi,1,1,False,False
mayi_yapi,5,5,False,False
monastyrshchina,1,1,False,False
patiri,1,1,False,False
deventer,1,1,False,True
mountain_maidu,1,1,False,False
gorodetsk,1,1,False,False
chaughera,2,2,False,False
taipengruodong,1,1,False,False
canasoga,1,1,False,False
karmakshi,2,2,False,False
xojeli,3,3,False,False
cernavoda,4,4,False,True
ketmen_tobe,2,2,False,False
pyshchug,1,1,False,False
rechnoye,5,5,False,True
ningxiang,1,1,False,False
longxi,5,5,True,True
gorrones,2,2,False,False
coospacam,2,2,False,False
quanning,3,3,False,False
suncheon,1,1,True,True
ocute,1,1,False,False
tijuco,1,1,False,False
tippecanoe,1,1,False,False
mussende,5,5,False,False
pudtol,1,1,False,False
shuntaneshnanga,3,3,False,False
oimiakon,1,1,False,False
nuurvik,2,2,True,True
amaigbo,1,1,False,False
topolinoe,5,5,False,False
shatsk,1,1,False,False
annan,2,2,False,False
tegal,1,1,True,True
lutselk_e,1,1,False,False
ammonoosuc,1,1,False,False
baky,1,1,False,False
shetek,1,1,False,False
ollo,3,3,False,False
hacarigua,2,2,False,False
wesel,5,5,False,True
pawir,5,5,False,False
chupanga,4,4,False,True
chauragarh,2,2,False,False
chiluane,2,2,True,True
ambikapur,5,5,False,False
ramgiri,1,1,False,False
hondosaka,5,5,False,False
bhilsa,1,1,False,False
sehore,1,1,False,False
vemulawada,1,1,False,False
kotpad,1,1,False,False
bargarh,3,3,False,False
masulipatnam,4,4,True,True
bunji,5,5,False,False
illichpur,1,1,False,False
manikdrug,2,2,False,False
sironj,2,2,False,False
chipangura,1,1,False,False
mopeia,1,1,False,True
ballaghaderreen,1,1,False,False
baripada,2,2,False,False
nacala,1,1,True,True
balkonda,1,1,False,False
uchangidurga,2,2,False,False
raichur,3,3,False,False
gorongoza,2,2,False,False
satara,1,1,False,False
mastuj,1,1,False,False
kodungallur,2,2,True,True
usambara,1,1,False,False
islamkot,3,3,False,False
baroda,3,3,True,True
kahlur,3,3,False,False
qandhar,5,5,False,False
cuddapah,1,1,False,False
bundi,2,2,False,False
rawatsar,1,1,False,False
sabalgarh,3,3,False,False
shahabad,1,1,False,False
narwar,1,1,False,False
uch,5,5,False,True
kandiaro,4,4,False,True
karor_2,4,4,False,False
sangamesvara,1,1,False,False
tete,5,5,False,True
dromahair,1,1,True,True
mandla,2,2,False,False
hajner,3,3,False,False
khajuraho,2,2,False,False
chiniot,3,3,False,False
ajmer,1,1,False,False
songo_mnara,1,1,True,True
kaiapoi,1,1,True,True
nurpur,2,2,False,False
bhadrachalam,4,4,False,False
mahoba,1,1,False,False
miraj,5,5,False,False
kahurangi,1,1,True,True
vadstena,1,1,False,False
skinskatteberg,1,1,False,False
cheringoma,1,1,False,False
ustikolina,2,2,False,False
raumo,1,1,True,True
nagahrada,1,1,False,False
hatera,1,1,True,True
kumasi,1,1,False,False
mano,5,5,True,True
notse,1,1,False,False
glexwe,1,1,True,True
tado,1,1,False,False
chakan,1,1,False,False
touba,5,5,False,False
uzea,1,1,False,False
oshogbo,1,1,False,False
macenta,5,5,False,False
tbilisi,2,2,False,False
merca,1,1,True,True
dallol,1,1,False,False
sanlucar_la_mayor,1,1,False,True
qasr_ibrim,4,4,False,False
abu_hamed,4,4,False,False
arbaji,3,3,False,False
bafoussam,5,5,False,False
zankor,1,1,False,False
gondokoro,4,4,False,False
abiy_addi,1,1,False,False
gambela,5,5,False,False
sokota,1,1,False,False
ankober,1,1,False,False
bi_pi,5,5,False,False
boromo,1,1,False,False
deoule,1,1,False,False
ourense,5,5,False,False
ayamonte,1,1,True,True
nedroma,1,1,True,True
garadoume,1,1,False,False
goulfey,3,3,False,False
kabara,3,3,False,True
logone_birni,5,5,False,False
marte,1,1,False,False
utsjoki,1,1,False,False
nyamina,3,3,False,False
sya,1,1,False,False
tengrela,1,1,False,False
tabou_m,1,1,False,False
hadjer_haddid,1,1,False,False
nakhon_thai,2,2,False,False
bayamo,1,1,True,True
rauna,1,1,False,False
goroditse_megra,1,1,False,False
waropen,1,1,True,True
vel_mo,1,1,False,False
lishui_yingtian,2,2,False,False
adjud,2,2,False,False
xiapi,1,1,False,True
jiading,2,2,True,True
taiping_ningguo,1,1,False,False
wuyuan_huizhou,1,1,False,False
lingbi,1,1,False,False
xiacai,3,3,False,False
deqing,1,1,False,False
wanhufu,1,1,False,False
norridgewock,2,2,False,False
banon,1,1,False,False
qingchuan,2,2,False,False
beyarjomand,1,1,False,False
baotong,3,3,False,False
lungkya,3,3,False,False
namwon,1,1,False,False
kamitsuma,1,1,False,False
keoma,1,1,False,False
mourionska,5,5,False,False
phayuhakhiri,3,3,False,True
moss,3,3,True,True
tokma,1,1,False,False
visesav,4,4,False,True
bawika,1,1,False,False
jianchang,5,5,False,False
danggali,1,1,False,False
feixian,1,1,False,False
kawachikamasu,1,1,False,False
chinda,2,2,True,True
topia,1,1,False,False
tutrakan,5,5,False,True
sesheke,5,5,False,False
kalfucura,2,2,False,False
anyuysk,2,2,False,False
joroinen,2,2,False,False
salair,3,3,False,False
marin_balluk,1,1,False,False
kamianets_podilskyi,2,2,False,False
adalaga,1,1,False,False
susoh,1,1,True,True
qlispe,3,3,False,False
prokuplje,1,1,False,False
gulcha,1,1,False,False
jangipur,5,5,False,True
kegaska,2,2,True,True
tamluk,3,3,True,True
kisenga,1,1,False,False
kakibonga,1,1,False,False
haskovo,1,1,False,False
bibbulman,1,1,True,True
bulbancha,5,5,True,True
eseejja,5,5,False,False
siegburg,4,4,False,True
montargis,1,1,False,False
dongping,3,3,False,False
vila_real,1,1,False,False
yongding_shanghang,2,2,False,False
nagaoka,1,1,True,True
kajran,2,2,False,False
iultin,1,1,False,False
morrinhos,5,5,False,False
zmeinogorsk,2,2,False,False
ust_ozernoye,2,2,False,False
nakata,1,1,True,True
xelahuh,1,1,False,False
daan,2,2,False,False
manso,1,1,False,False
churumekua,5,5,False,False
jeongseon,1,1,False,False
epinal,1,1,False,False
cess,5,5,True,True
chamba,2,2,False,False
bykovo,5,5,False,True
gualeguay,2,2,False,True
paru,5,5,True,True
jinjam,1,1,False,False
arkhara,5,5,False,False
mestre,1,1,True,True
assisi,1,1,False,False
spremberg,1,1,False,False
bouna,2,2,False,False
bolo,5,5,False,False
hamadan,1,1,False,False
shushtar,5,5,False,False
muar,2,2,True,True
nanhai,5,5,False,True
zakroczym,5,5,False,True
khatun,2,2,False,False
wenchuan,5,5,False,False
thien_truong,4,4,True,True
junghwa,2,2,False,False
bayan_har,1,1,False,False
ghazni,1,1,False,False
kouate,3,3,True,True
manigotagan,3,3,False,False
chandrabad,5,5,False,True
silacayoapam,2,2,False,False
nikolskoye,1,1,False,False
kamut,1,1,False,False
leel_watr_ool,2,2,False,False
grabowiec,1,1,False,False
marmande,2,2,False,True
yangju,2,2,False,True
belyov,1,1,False,False
balyktykol,3,3,False,False
burayevo,3,3,False,False
yuquot,1,1,True,True
babuza,2,2,True,True
canela_apanyekra,2,2,False,False
witset,1,1,False,False
luache,1,1,True,True
cegani,4,4,False,True
talitsa_yelets,1,1,False,False
fehervar,4,4,False,True
rewa,2,2,False,False
charquis,5,5,False,True
devprayag,5,5,False,False
konevets,3,3,False,False
pocosin,2,2,True,True
pecunktuk,1,1,False,False
sisteron,1,1,False,False
mala,3,3,False,False
turenne,2,2,False,False
midu,1,1,False,False
semiostrov,1,1,True,True
mattole,5,5,True,True
meda,2,2,False,False
jautok,1,1,True,True
kolo,1,1,False,False
gulshara,1,1,False,False
osterburg,5,5,False,True
turuepano,1,1,True,True
mesyagutovo,5,5,False,False
chishamnee,2,2,False,False
tucumcari,1,1,False,False
wapahani,1,1,False,False
gichthanne,4,4,False,True
ulungur,1,1,False,False
ahkwesasne,5,5,False,True
nanzhao,1,1,False,False
banqiao,1,1,False,False
thang_long,4,4,False,True
tanjungpura,5,5,True,True
kaisou,1,1,True,True
huanggang,5,5,False,True
qw_ewt,1,1,False,False
ficarolo,3,3,False,True
bilgram,5,5,False,False
gera,1,1,False,False
wislica,2,2,False,True
sikasingo,2,2,False,False
mastakh,1,1,False,False
paititi,1,1,False,False
insterburg,1,1,False,False
kuivaniemi,2,2,True,True
ust_ugla,1,1,False,False
jajce,1,1,False,False
ptuj,2,2,False,False
incarraqay,1,1,False,False
chira,1,1,True,True
niihari,1,1,False,False
velyka_oleksandrivka,3,3,False,True
kleve,4,4,False,True
kukra,3,3,True,True
yaneka,1,1,False,False
cakovec,2,2,False,False
luxembourg,5,5,False,False
vygozero,1,1,False,False
bykhaw,2,2,False,False
kipahigan,5,5,False,False
kerki,4,4,False,False
gunnaur,3,3,False,False
manily,2,2,True,True
rotterdam,4,4,True,True
bacs,4,4,False,True
chiba,2,2,True,True
garha,2,2,False,False
flix,3,3,False,True
rohat_kermen,3,3,False,True
sayniabuli,4,4,False,False
pipmuacan,2,2,False,False
shana_bukanda,1,1,False,False
mangazeya,1,1,False,False
torgo,3,3,False,False
pende_kongo,1,1,False,False
ocmulgee,5,5,False,False
ochechiton,1,1,False,False
kriitina,2,2,True,True
shicheng,1,1,True,True
kankan,5,5,False,False
kanthal,1,1,False,False
jhanjharpur,5,5,False,False
radom,3,3,False,True
puente_arzobispo,1,1,False,False
suluk,1,1,False,False
estatoe,1,1,False,False
renhuai,2,2,False,False
kelif,1,1,False,False
metsang,2,2,False,False
ede,1,1,False,False
birao,1,1,False,False
nushki,1,1,False,False
piatra_lui_craciun,1,1,False,False
shizhu,5,5,False,True
varazdin,2,2,False,False
atchafalaya,5,5,True,True
teypana,1,1,False,False
monghsu,4,4,False,False
linwu,1,1,False,False
os_kino,2,2,False,False
anula,1,1,True,True
sanyuan,5,5,False,False
lugoj,2,2,False,False
irondequoit,1,1,True,True
guanghai,2,2,True,True
shizong,2,2,False,False
xiajiang,2,2,False,False
kaifeng,3,3,False,False
interlaken,1,1,False,False
oymyakon,1,1,False,False
cholok_kaiyn,5,5,False,False
baashalapache,2,2,False,False
irkineieva,1,1,False,False
myndagai,2,2,False,False
kainan,1,1,False,False
mbanza_kongo,2,2,False,False
suzhou,3,3,False,False
itekiatonhniarikon,1,1,False,False
hulu_musi,2,2,False,False
piletisipuk,3,3,True,True
rongshan,3,3,False,False
kaonde,3,3,False,False
urgal,5,5,False,False
champasak,5,5,False,False
castellaun,2,2,False,True
matarjawira,3,3,False,False
pumpu,1,1,False,False
bamangwato,1,1,False,False
dogo,2,2,False,True
karpus_mahal,5,5,False,False
ciechanow,3,3,False,True
tanchang,1,1,False,False
umgungundlovu,1,1,True,True
tambaga,1,1,False,False
begoml,1,1,False,False
manley,1,1,False,False
dillingen,2,2,False,False
naogaon,5,5,False,False
puel_co,1,1,True,True
debagarh,3,3,False,False
kaunas,5,5,False,True
devol,1,1,False,False
wiyashakimi,1,1,False,False
chiang_khong,5,5,False,False
usulutan,1,1,True,True
villingen,1,1,False,False
linxian,3,3,False,False
xinxing_nanen,2,2,False,False
chalkyitsik,4,4,False,False
ichugan,1,1,False,False
rochechouart,1,1,False,False
uriparacoxi,1,1,False,False
rantau_benar,1,1,False,False
kaiyuan_jurchen,1,1,False,False
karaftit,1,1,False,False
pandjih,1,1,False,False
baden,3,3,False,True
kiwigapawa,2,2,False,False
wecho,5,5,False,False
bakas,2,2,False,False
taipingzhuang,1,1,False,False
ingenika,1,1,False,False
kabango,2,2,False,False
tenut,2,2,False,False
tirgua,5,5,False,False
thembelihle,2,2,False,False
lule,1,1,False,False
zixian,2,2,False,False
rutul,1,1,False,False
yarensk,3,3,False,False
nowy_sacz,1,1,False,False
kut_ling,2,2,False,False
qijiang,1,1,False,False
quiahuixtlan,1,1,False,False
rima,5,5,False,False
hulu_segama,1,1,False,False
paikend,1,1,False,False
burdekin,1,1,False,False
dassa_zoume,2,2,False,False
willka_ulo,2,2,False,False
waricoto,1,1,False,False
nakara,2,2,True,True
mackenzie,5,5,False,False
ban_pa_la_ta,1,1,False,False
zilina,1,1,False,False
nakhon_chum,1,1,False,False
kaministiquia,1,1,True,True
sisak,2,2,False,True
tenki,1,1,False,False
taplejung,2,2,False,False
rovereto,2,2,False,False
bankutu,5,5,False,False
tirkong,5,5,False,False
lo_mustang,1,1,False,False
morkoka,1,1,False,False
tragor,1,1,False,False
lahontan,5,5,False,False
prudnik,1,1,False,False
harsova,4,4,False,True
trogstad,3,3,False,False
wangdue,1,1,False,False
hildesheim,1,1,False,False
choluteca,1,1,True,True
erachimo,5,5,False,False
nemptu,5,5,False,False
palazzolo,1,1,False,False
mamadysh,4,4,False,True
rasskazovo,1,1,False,False
cheriumche,2,2,False,False
troitskoye_kuroedovo,1,1,False,False
boronuk,1,1,False,False
perg,3,3,False,True
limeuil,5,5,False,False
kinosota,1,1,False,False
uninka,2,2,False,False
longyou_jiading,5,5,False,False
litomerice,2,2,False,False
paredarerme,1,1,True,True
ntsoana_tsatsi,1,1,False,False
munich,1,1,False,False
mongmit,3,3,False,False
chishti_sarif,1,1,False,False
tebourba,1,1,True,True
husinec,1,1,False,False
bandafassi,1,1,False,False
pathein,2,2,True,True
biswan,4,4,False,False
sabac,3,3,False,True
buchu,5,5,False,False
valenciennes,1,1,False,False
lukoves,2,2,False,False
titel,3,3,False,True
lamanai,2,2,False,False
katibas,5,5,False,False
nogent_sur_seine,1,1,False,True
shabogamo,5,5,False,False
akilonda,3,3,False,False
clermont_en_argonne,1,1,False,False
khatgal,1,1,False,False
huamanpata,1,1,False,False
sighet,1,1,False,False
gribingui,5,5,False,False
dhubri,5,5,False,True
braila,5,5,False,True
ranibas,5,5,False,False
sernur,3,3,False,False
guaitaka,5,5,True,True
wegorzewo,1,1,False,False
lucheng,3,3,False,False
rajnagar,5,5,False,False
maicasagi,2,2,False,False
tsentral,1,1,False,False
kennebec,2,2,False,False
mojenga,1,1,False,False
kualuh,1,1,True,True
muruam,2,2,False,False
khuzhupai,2,2,False,False
meneeohe,1,1,False,False
isaccea,5,5,False,True
chipisipi,5,5,False,False
balui,5,5,False,False
duolundu,2,2,False,False
tjungundji,2,2,True,True
manatara,3,3,False,False
amisk_sakahikan,2,2,False,False
mulmuga,5,5,False,False
xuahceesh_annappiio,2,2,False,False
roermond,2,2,False,True
banamba,1,1,False,False
huangping,1,1,False,False
teya,1,1,False,False
aankwaahsakwa,2,2,False,False
otsiningo,1,1,False,False
fenning,2,2,False,False
kombomba,2,2,False,False
thu_vat,2,2,False,False
ryn_poland,1,1,False,False
thung_samrit,1,1,False,False
barjols,1,1,False,False
xuanhua,4,4,False,False
xunantunich,2,2,True,True
cayas,5,5,False,False
kyundyade,1,1,False,False
panenetah,1,1,False,False
julime,1,1,False,False
tsaparang,2,2,False,False
ikere,1,1,False,False
chet_irgiz,1,1,False,False
krosno_odrzanskie,2,2,False,True
al_huwayyit,1,1,False,False
yoreme,1,1,True,True
deokju,1,1,False,False
xunhe,4,4,False,False
durgyeling,3,3,False,False
mpueto,3,3,False,False
thaungdut,4,4,False,False
suining_jing,1,1,False,False
oksu,1,1,False,False
chenqing,1,1,False,False
scatacook,1,1,False,False
tasuktul,1,1,False,False
paderborn,1,1,False,False
ubeda,1,1,False,False
tres_pontas,2,2,False,False
uel_tympychan,1,1,False,False
yamamoto,1,1,False,False
jama,1,1,True,True
matape,1,1,False,False
jianzhou,1,1,False,False
itarare,5,5,False,False
teionontatatie,1,1,False,False
hadishahr,1,1,False,False
mbridge,1,1,False,False
garibams,2,2,True,True
prosek,2,2,False,False
tiyuh_tuha,1,1,False,False
htigyaing,5,5,False,True
karpenisi,1,1,False,False
daet,5,5,True,True
panuco,5,5,True,True
acaponeta,1,1,True,True
yabrin,1,1,False,False
lutsk,1,1,False,False
lupungu,1,1,False,False
panyabungan,1,1,False,False
hominka,5,5,False,False
eschwege,1,1,False,False
lalin,1,1,False,False
gariep,2,2,False,False
anacopia,1,1,True,True
hucha_hudan,5,5,False,False
sao_jose_preto,1,1,False,False
seymchan,3,3,False,False
okotoks,1,1,False,False
serta,1,1,False,False
ondonga,2,2,False,False
barus,1,1,True,True
pengzhou,1,1,False,False
gbabiri,5,5,False,False
nuoluo,5,5,False,False
niyazabad,1,1,True,True
natinixwe,1,1,False,False
lycoming,2,2,False,False
uldurga,1,1,False,False
chatra,1,1,False,False
huaihua,3,3,False,False
rosnay,1,1,False,False
cuauhtochco,1,1,True,True
molangur,1,1,False,False
kakisa,4,4,False,False
unjegah,3,3,False,False
kabeka,1,1,True,True
kalmyk,2,2,False,False
masolian,5,5,False,True
bangban,1,1,False,False
smolensk,1,1,False,False
ocotelolco,1,1,False,False
sakambunje,2,2,False,False
zvenigorod,1,1,False,False
vetluga,1,1,False,False
atiya,5,5,False,True
kissidougou,1,1,False,False
missicabi,3,3,True,True
kassengue,2,2,False,False
maleagit,1,1,False,False
comogre,2,2,True,True
munster,1,1,False,False
chodrak_kham,2,2,False,False
arkhan,3,3,False,False
machang,3,3,False,False
tambusai,1,1,False,False
zangla,2,2,False,False
pakpak,5,5,False,False
malykovka,5,5,False,True
chalin,5,5,False,False
trier,2,2,False,True
kaili,1,1,False,False
freienwalde,3,3,False,True
jujin,3,3,False,False
sdok_kok_thom,2,2,False,False
woolna,1,1,True,True
sibolga,2,2,True,True
podosinovets,2,2,False,False
fayzabad,1,1,False,False
tetlin,1,1,False,False
edappaly,2,2,False,False
yugorenok,2,2,False,False
bongor,5,5,False,False
udon_thani,1,1,False,False
sudogda,1,1,False,False
farah,1,1,False,False
na_choo_ndek,2,2,False,False
kitigan_zibi,5,5,False,False
arauca,5,5,False,False
st_affrique,1,1,False,False
echiy,1,1,False,False
ashuapmushuan,2,2,False,False
wawiyastan,2,2,False,False
kuripan,4,4,False,False
cine,1,1,False,False
nola,1,1,False,False
chaudandi,3,3,False,False
dubna,2,2,False,True
sanhe_chaozhou,5,5,False,False
bhalki,1,1,False,False
phnom_penh,5,5,False,True
kumylzhenskaya,2,2,False,True
oohkoi_yohe,1,1,False,False
tondikandia,1,1,False,False
hanau,1,1,False,False
dmitriyev,1,1,False,False
mosopeleacipi,1,1,False,False
kaleybar,1,1,False,False
shelek,2,2,False,False
yongshan,4,4,False,False
shanfana,1,1,False,False
kurri_kurri,1,1,True,True
tczew,3,3,False,True
undrugonda,1,1,False,False
lapa,2,2,False,False
rudnya,1,1,False,False
rivne,1,1,False,False
ilan_hala,5,5,False,False
menkyule,1,1,False,False
bozan,2,2,False,False
yaroslav_poland,1,1,False,False
anhayca,1,1,True,True
htilin,2,2,False,False
solingen,3,3,False,True
pixian,2,2,False,False
tianzhu,2,2,False,False
luchow,3,3,False,True
yanshan_guangxin,2,2,False,False
liangmei,2,2,False,False
pavlovo,3,3,False,True
muse,4,4,False,False
konstantinovsk,2,2,False,True
ouham,5,5,False,False
grant_creek,4,4,False,False
tenggulang,2,2,True,True
huaiyuan_rongzhou,5,5,False,False
sampheak_borak,5,5,False,True
minichinas,2,2,False,False
boluohe,1,1,True,True
tensas,5,5,False,True
kitamogami,1,1,False,False
gynaikokastro,1,1,False,False
mayya,1,1,False,False
torzym,2,2,False,True
deychopan,1,1,False,False
kaskinampo,5,5,False,False
diria,1,1,True,True
maddela,1,1,False,False
qianan,1,1,False,False
peyrusse,1,1,False,False
oneonta,1,1,False,False
danubyu,5,5,False,False
pasho,5,5,False,False
teotitlan,5,5,False,False
ziyang_xingan,5,5,False,False
krivoshchekovo,3,3,False,False
bidar,1,1,False,False
nyangu,3,3,False,False
kolhapur,5,5,False,False
madwas,2,2,False,False
limerick,2,2,True,True
basim,1,1,False,False
dijkot,2,2,False,True
zvongombe,1,1,False,False
matendere,5,5,False,False
mumias,2,2,False,False
khiching,2,2,False,False
plovdiv,1,1,False,False
makanpur,3,3,False,True
murwara,1,1,False,False
raisin,1,1,False,False
jalna,2,2,False,False
barasuru,5,5,False,False
omerkot,4,4,False,True
dharangaon,2,2,False,False
gawilgarh,1,1,False,False
timergara,1,1,False,False
muhammad_tur,4,4,True,True
tacuane,1,1,False,False
rajabar,3,3,False,False
xai_xai,2,2,True,True
lalitpur,2,2,False,False
chandravati,1,1,False,False
karur_punjab,3,3,False,False
tummana,2,2,False,False
sultanpur,2,2,False,False
ponnani,2,2,True,True
gangadvara,3,3,False,False
erode,2,2,False,False
sargadwari,3,3,False,False
tullamore,1,1,False,False
ganjam,1,1,True,True
keonjhar,2,2,False,False
bugara,2,2,False,False
bajone,1,1,True,True
zumbo,3,3,False,False
uvinza,2,2,False,False
arrah,4,4,False,True
zembe,5,5,False,False
haveri,5,5,False,False
nander,2,2,False,False
vijaygarh,5,5,False,False
bandire,5,5,False,False
thanesar,2,2,False,False
dabhol,2,2,True,True
bhatkal,1,1,True,True
bandogarh,2,2,False,False
patan,1,1,False,False
charumani,1,1,False,False
inyanga,1,1,False,False
lochaber,1,1,True,True
perth,2,2,True,True
sholhapur,5,5,False,False
mohan,3,3,False,False
parun,1,1,False,False
uvira,1,1,False,False
jashpur_nagar,1,1,False,False
krakow,1,1,False,True
trondenes,1,1,True,True
kintampo,2,2,False,False
ohrid,1,1,False,False
kwararafa,5,5,False,False
marsassoum,1,1,False,False
nounkonkan,5,5,False,False
owo,1,1,False,False
sampa,1,1,False,False
kvikkjock,3,3,False,False
lycksele,3,3,False,False
ugbo,5,5,False,False
wanar,2,2,False,True
sutuko,2,2,False,True
laguardia,1,1,False,False
barara,1,1,False,False
kosa,3,3,False,False
kaka,3,3,False,False
daw_sud,4,4,False,False
atbara,5,5,False,False
branko,3,3,False,False
el_gadarif,1,1,False,False
debarq,2,2,False,False
lalibela,1,1,False,False
nikkaluokta,2,2,False,False
afmadow,5,5,False,False
bouar,1,1,False,False
dia,3,3,False,True
skelleftea,1,1,True,True
palencia,1,1,False,False
portalegre,2,2,False,False
esgueira,1,1,True,True
doba,5,5,False,False
garandoili,1,1,False,False
goundi,3,3,False,False
kaedi,5,5,False,True
loropeni,1,1,False,False
niena,5,5,False,False
narena,1,1,False,False
ollelewa,1,1,False,False
rano,1,1,False,False
niani,2,2,False,False
gorzow,5,5,False,False
sarek,1,1,False,False
basti,4,4,False,False
lolo,3,3,False,False
porjus,2,2,False,False
ozanna,5,5,False,False
buksunda,1,1,False,False
wujiang_yingtian,5,5,False,True
zimnicea,5,5,False,True
oancea,2,2,False,False
uian,5,5,True,True
xiaoxian,5,5,False,False
wuxian,3,3,False,True
xuancheng,2,2,False,False
guichi,5,5,False,True
hongxian,1,1,False,False
changxing,1,1,False,False
jiangshan,1,1,False,False
lishui,2,2,False,False
xiaoshan,5,5,True,True
cotnari,1,1,False,False
oktyabr_skii,5,5,True,True
aim_mocoylek,1,1,False,False
kluane,1,1,False,False
woking,1,1,False,True
riga,3,3,True,True
itamarandiba,1,1,False,False
msassa,2,2,False,False
tarung,5,5,False,False
wimihsoorita,1,1,False,False
vo_nhai,1,1,False,False
kon_klor,5,5,False,False
onenioteke,1,1,False,False
assan,1,1,False,False
chootawatchee,5,5,False,False
dax,2,2,False,False
balad_ruz,2,2,False,False
sts_ailes,1,1,False,False
sitamarhi,2,2,False,False
machisque,2,2,False,False
sisakht,1,1,False,False
kraho,4,4,False,False
umpila,1,1,True,True
hum,5,5,False,False
pingyue,1,1,False,False
ormogang,1,1,False,False
uele_ca,5,5,False,False
pemba,2,2,False,False
yeongcheon,1,1,False,False
al_mithnab,2,2,False,False
moskona,5,5,False,False
ouezzane,1,1,False,False
maykop,1,1,False,False
osovets,1,1,False,False
kuhmo,1,1,False,False
altun_kupri,1,1,False,False
sardasht,1,1,False,False
monadnock,2,2,False,False
mawet,1,1,False,False
gigen,5,5,False,True
barnaul,3,3,False,False
tongguan_yuanjiang,1,1,False,False
schenectady,2,2,False,False
khakhsyk,2,2,False,False
jinji,1,1,False,False
moira,3,3,False,False
siriono,5,5,False,False
lower_aktanyshbash,3,3,False,True
rohatyn,1,1,False,False
qiongzhou,1,1,False,False
ngurraiillam,1,1,False,False
selpils,3,3,False,True
malka,3,3,False,False
cognac,1,1,False,True
liuboml,1,1,False,False
ganda,1,1,False,False
vendome,1,1,False,False
talman_boorj,2,2,False,False
kaministikowak,2,2,False,False
beja,2,2,False,False
gueret,1,1,False,False
samcheok,1,1,True,True
casamance,1,1,True,True
beziers,1,1,True,True
etnemitane,5,5,False,False
ferrette,3,3,False,False
beaugency,2,2,False,True
upper_nioman,1,1,False,False
matahun,2,2,False,False
cabinda_kongo,5,5,True,True
qarr_unaq,1,1,False,False
guizhou_xunzhou,3,3,False,False
klichaw,1,1,False,False
taximaroa,1,1,False,False
achaivayam,5,5,False,False
sindhuli,1,1,False,False
meshchersk,3,3,False,True
nehru,1,1,False,False
napituca,5,5,False,False
kyaukme,2,2,False,False
amboim,2,2,True,True
agawa_superior,1,1,True,True
cheongju,1,1,False,False
raznezhye,5,5,False,True
nimes,3,3,True,True
koksar,1,1,False,False
bungu_kongo,5,5,False,False
al_laghfiyyah,1,1,False,False
tapalquen,1,1,False,False
yumba,3,3,False,False
naka_iwami,1,1,True,True
kawatinook,1,1,False,False
bershty,2,2,False,False
malinithan,5,5,False,False
langning,5,5,False,False
mavinga,1,1,False,False
varnum,1,1,False,False
sutnga,2,2,False,False
targu_mures,1,1,False,False
mahneshan,1,1,False,False
asahkaiowaipu,5,5,False,False
nastapoka,5,5,False,False
sukju,1,1,True,True
muyu,5,5,False,False
lubben,1,1,False,False
mattawana,5,5,False,False
martaban,4,4,True,True
chical_co,2,2,False,False
wilinggin,1,1,False,False
chala_at,1,1,True,True
kauipushkakamat,1,1,False,False
eora,1,1,True,True
velbuzd,1,1,False,False
korenevo,3,3,False,True
srinagar_garhwal,2,2,False,False
ocana,1,1,False,False
yerema,2,2,False,False
velsk,3,3,False,False
berbice,2,2,True,True
tarki,1,1,True,True
coos,1,1,False,False
hedong,3,3,False,False
tsedzong,1,1,False,False
angermunde,3,3,False,True
hukawng,5,5,False,False
heoryeong,1,1,True,True
starodub_votsky,3,3,False,True
terena,1,1,False,False
altayskoye,3,3,False,False
kuungkari,1,1,False,False
targu_neamt,1,1,False,False
boowe,5,5,False,False
orchimont,1,1,False,False
chiang_mai,1,1,False,False
kanel,2,2,False,True
tinnaya,4,4,False,False
aubusson,1,1,False,False
jiangjin,5,5,False,False
banyo,1,1,False,False
dusseldorf,4,4,False,True
yanchang,3,3,False,False
nam_xuang,5,5,False,False
mattawasaga,1,1,False,False
dibang,5,5,False,False
urzedow,2,2,False,True
krusevac,5,5,False,False
yixingzhou,1,1,False,False
colmar,1,1,False,False
alstahaug,1,1,True,True
brody_tver,2,2,False,False
avraga,1,1,False,False
voznesenskoye,5,5,False,True
tenawa,1,1,False,False
pushang,1,1,False,False
ledengskoye,1,1,False,False
hamelin,2,2,False,True
puebla_de_guzman,1,1,False,False
ishikari,2,2,True,True
ruicheng,3,3,False,False
guiratinga,5,5,False,False
teshio,2,2,True,True
higashimuro,1,1,True,True
buse,5,5,False,False
assabet,2,2,False,False
choma,1,1,False,False
kumalu,1,1,False,False
kwerba,4,4,True,True
soko_grad,1,1,False,False
bremen,2,2,True,True
tamura,1,1,False,False
mahkato,2,2,False,False
rantau_panjang,1,1,False,False
talisi,2,2,False,False
esashi,2,2,False,False
yuza,2,2,True,True
futian,5,5,False,True
khaysar,1,1,False,False
mengjin,3,3,False,False
pushroot,1,1,False,False
baraka,1,1,False,False
tywhapita,5,5,False,True
emden,2,2,True,True
gorodok,2,2,False,False
konjikala,2,2,False,False
gunupur,1,1,False,False
virovitica,2,2,False,False
haga,1,1,False,False
nipissu,5,5,False,False
parnu,1,1,True,True
kwilu,5,5,True,True
akwe,5,5,False,False
shanxian,3,3,False,False
nong_khay,4,4,False,False
chai,1,1,False,False
riverie,3,3,False,True
indigiir,1,1,False,False
bira,1,1,False,False
essen,1,1,False,False
eisenach,1,1,False,False
tembesi,5,5,False,False
antietam,1,1,False,False
arad,2,2,False,False
shangjin,3,3,False,False
kakenje,5,5,False,False
atacames,5,5,True,True
klewi,4,4,False,False
bauska,1,1,False,False
ushachy,2,2,False,True
dongchuan,1,1,False,False
yashikumne,5,5,False,False
ohktouna,1,1,False,False
sarvaslyk,1,1,False,False
panatahuas,5,5,False,False
ossossane,1,1,True,True
macas,5,5,False,False
schwaz,2,2,False,False
ramsele,5,5,False,False
hatunllacta,5,5,False,False
prozorovo,1,1,False,False
gisors,2,2,False,True
kem,2,2,True,True
novgorod,5,5,False,True
nalyuchi,5,5,False,False
maselga,1,1,False,False
akilasiewakik,1,1,True,True
ingolstadt,2,2,False,False
fengcheng,1,1,False,False
choapan,1,1,False,False
lingwu,3,3,False,False
shuuchi,1,1,False,False
savran,1,1,False,False
oravsky_podzamok,1,1,False,False
molvo,2,2,False,False
geneseo,1,1,False,False
chuathbaluk,1,1,False,False
huoshan,1,1,False,False
hoilkut,5,5,False,False
kamassekuakamat,5,5,False,False
karang_brahi,5,5,False,False
jessore,2,2,False,False
shuangyashan,1,1,False,False
amgun,2,2,False,False
tysmenytsia,2,2,False,False
daning_pingquan,1,1,False,False
uniejow,1,1,False,False
chongyang,1,1,False,False
sengkae,1,1,True,True
loei,5,5,False,False
shibogama,1,1,False,False
mabian,1,1,False,False
solok,2,2,False,False
lugo,1,1,False,False
qubodijon,5,5,False,False
agaidika,1,1,False,False
muang_khemarat,5,5,False,False
kath,3,3,False,False
ayays,3,3,False,False
ngaliwuru,2,2,False,False
fushun_liaoyang,1,1,False,False
ochyor,1,1,False,False
kamyshin,5,5,False,True
qipcarpak,3,3,False,False
khamyab,4,4,False,False
samorin,1,1,False,True
boduna,5,5,False,False
bukino,5,5,False,False
jiezhou,1,1,False,False
calahorra,5,5,False,False
freising,5,5,False,False
slany,2,2,False,False
asvieja,2,2,False,True
taizhou_jurchen,3,3,False,False
thun,1,1,False,False
muang_lang,1,1,False,False
pfaffenhofen,2,2,False,False
afso,1,1,False,False
changshe,1,1,False,False
bria,5,5,False,False
pema,3,3,False,False
wachilmezi,5,5,False,True
hkamti,5,5,False,False
ewksikni,1,1,False,False
utsingi,2,2,False,False
monglong,1,1,False,False
namy,1,1,False,False
stezyca,2,2,False,True
ligny,1,1,False,False
nariguala,1,1,True,True
ust_yudoma,5,5,False,False
dhansiri,1,1,False,False
ce_vaq,1,1,True,True
machecoul,3,3,True,True
silat,5,5,False,False
garmsir,2,2,False,False
zurich,1,1,False,False
hulu_jelai,1,1,False,False
muktagacha,5,5,False,True
shangshui,1,1,False,False
xingning,1,1,False,False
bashqurtaran,1,1,False,False
ynakhsyt,5,5,False,False
yupangathi,2,2,False,False
kasesi,2,2,False,False
oconto,1,1,True,True
sungai_penuh,1,1,False,False
sutkent,3,3,False,False
zmiiv,1,1,False,False
apoquitaua,5,5,False,False
ravenna,1,1,True,True
hulin,3,3,False,False
kori_bara_karaa_ancas,3,3,False,False
kawliya,5,5,False,False
neluki,5,5,False,False
czersk,3,3,False,True
delitzsch,1,1,False,False
lehui,1,1,True,True
pgotapesg,1,1,False,False
pulilan,2,2,False,False
an_nuhaytiyyah,1,1,False,False
sergelyakh,1,1,False,False
wando,3,3,True,True
weiyuan,3,3,False,False
figueira,1,1,True,True
chama_venezuela,1,1,True,True
guastalla,5,5,False,True
wawassan,1,1,False,False
boussouma,1,1,False,False
vic_le_comte,1,1,False,False
washakie,1,1,False,False
vekshenga,2,2,False,True
chaiya,5,5,True,True
ngape,1,1,False,False
lubefu,5,5,False,False
iles_de_los,1,1,True,True
ayo_ayo,1,1,False,False
yongshou,1,1,False,False
maping,3,3,False,False
yor,3,3,False,False
nyzvar,3,3,False,False
dien_ban,5,5,True,True
ucuna,1,1,True,True
amblu_kai,2,2,False,False
lyuban,3,3,False,True
em_dinaneni,1,1,False,False
abaga,2,2,False,False
papamane,2,2,False,False
kassanje_malemba,1,1,False,False
vasilsursk,2,2,False,True
chavin,1,1,False,False
nito,2,2,True,True
batumi,1,1,True,True
turki,1,1,False,False
acqui,1,1,False,False
thadij,1,1,False,False
yana,1,1,False,False
zhongli,3,3,False,False
bolshaya_yakshanga,1,1,False,False
bimbilla,2,2,False,False
griesbach,3,3,False,False
anxiang,2,2,False,False
poznan,1,1,False,False
sambandete,2,2,True,True
dymer,5,5,False,False
vercelli,1,1,False,False
locarno,1,1,False,False
pegu,2,2,True,True
shiqian,3,3,False,False
nancheng,5,5,False,False
tangkya,3,3,False,False
yingshan,1,1,False,False
mengli,3,3,False,True
sumbis,2,2,True,True
upper_sinu,2,2,True,True
kweneng,1,1,False,False
zorita,1,1,False,False
lumphat,5,5,False,False
leoben,1,1,False,False
mongnai,2,2,False,False
sico,2,2,True,True
bolghar,4,4,False,True
velyki_sorochyntsi,1,1,False,False
west_sundarban,1,1,True,True
jonang,5,5,False,False
chisobibra,1,1,False,False
kaotia,1,1,True,True
ban_phone,2,2,False,False
oevemanaho,1,1,False,False
kerouane,1,1,False,False
myshuryn_rih,5,5,False,True
wawaskesiw_sipiy,2,2,False,False
mymensingh,5,5,False,False
di_dinh,1,1,False,False
nipisso,2,2,False,False
yizhang,1,1,False,False
titaga,2,2,False,False
bourganeuf,1,1,False,False
koro,5,5,False,False
mbewe,3,3,False,False
tumat,1,1,False,False
giurgiu,5,5,False,True
narbonne,1,1,True,True
huolin,3,3,False,False
kidutokado,1,1,False,False
soncino,1,1,False,False
casalmaggiore,5,5,False,True
winnipeg,2,2,False,False
hungry_horse,5,5,False,False
matipo,2,2,False,False
tanabi,5,5,False,False
lensk,4,4,False,False
taymylyr,3,3,False,False
gien,2,2,False,False
saraya,1,1,False,False
tiwanaku,3,3,False,False
kyakhtinskii,5,5,False,False
wadjar,1,1,False,False
ogeechee,2,2,False,True
umngazi,2,2,True,True
htamanthi,5,5,False,False
guangze,1,1,False,False
qingyang_luan,1,1,False,False
yusha,3,3,False,True
uataaq,1,1,True,True
jauregui,5,5,True,True
urga,1,1,False,False
kaskankaham,1,1,False,False
makabana,2,2,False,False
kasipur,1,1,False,False
erbach,2,2,False,False
ouray,2,2,False,False
bakota,1,1,False,False
toyon_ary,1,1,False,False
banpu,2,2,True,True
rashid,3,3,True,True
damietta,1,1,True,True
giza,4,4,False,True
befandriana,2,2,False,False
fenoarivo_east,5,5,True,True
antetikala,3,3,True,True
ambolosy,2,2,False,False
fenoarivo,1,1,False,False
ihosy,1,1,False,False
mahaela,1,1,True,True
ambovontany,1,1,True,True
shangyuan,5,5,False,True
manhukdhintanwan,1,1,False,False
nibork,1,1,False,False
mbombela,1,1,False,False
boli,5,5,False,False
achan,5,5,False,False
bayonne,5,5,True,True
mikkwa,4,4,False,False
maskwa,3,3,False,False
brin_navolok,1,1,False,False
dubrovytsia,5,5,False,False
buthelezi,1,1,True,True
targim,1,1,False,False
hemtine,2,2,False,False
kaihua,1,1,False,False
anana,1,1,False,False
aizkraukle,3,3,False,True
oudenaarde,1,1,False,True
lyubashany,1,1,False,False
chilia,5,5,True,True
gorodishche,1,1,False,False
kulu,1,1,False,False
jingling,3,3,False,True
dannenberg,3,3,False,True
perigueux,1,1,False,False
kalkadoon,1,1,False,False
kedah,1,1,True,True
kwangali,2,2,False,False
tonle_kong,5,5,False,False
bagayevskaya,5,5,False,True
peedee,2,2,False,False
sorkam,1,1,True,True
ellur,1,1,False,False
khunzakh,1,1,False,False
himologan,1,1,True,True
fuan,1,1,True,True
andijan,2,2,False,False
beloozero,1,1,False,False
yemetsk,5,5,False,False
yishui,1,1,False,False
luapula,3,3,False,False
naxi,5,5,False,False
makgadikgadi,2,2,False,False
kon_tum,3,3,False,False
yongchuan,5,5,False,False
mianzhou,2,2,False,False
raskam,1,1,False,False
perreux,1,1,False,False
nandan_tengcheng,2,2,False,False
sguuxs,2,2,False,False
xigu,1,1,False,False
changshou_pingjiang,1,1,False,False
ka_aub,2,2,False,False
dawbah,1,1,False,False
tarascon,5,5,False,True
muchuan,3,3,False,False
tarvagatai,5,5,False,False
rzeszow,1,1,False,False
indrapura,1,1,True,True
kabinda,1,1,False,False
sroda_slaska,2,2,False,True
kulawi,2,2,False,False
sarhad,1,1,False,False
jiangling,5,5,False,True
mongkung,1,1,False,False
kohir,1,1,False,False
bakanh,5,5,True,True
omaguacas,1,1,False,False
xinning_wugang,1,1,False,False
onimgohow,5,5,False,True
aqmecit_prybuzhzhya,1,1,False,False
chojna,3,3,False,True
chabanais,1,1,False,False
aouint_yghomane,2,2,True,True
chengcheng,1,1,False,False
gadwal,3,3,False,False
yamachiche,3,3,False,False
zombodze,1,1,False,False
hersfeld,1,1,False,False
susquehannock,5,5,False,False
gowa,1,1,True,True
chinquetana,1,1,False,False
yelnya,1,1,False,False
thiers,1,1,False,False
gueiquesales,2,2,False,False
lucapa,1,1,False,False
ingapirca,1,1,False,False
quynh_lam,1,1,True,True
new_calabar,5,5,True,True
manzushir,1,1,False,False
sarakhs,2,2,False,False
aqanqmi,2,2,False,False
dupnitsa,1,1,False,False
ye,2,2,True,True
iguape,3,3,True,True
guzhang,2,2,False,False
qianhua,1,1,False,False
swiecie,3,3,False,True
kranj,1,1,False,False
atepec,1,1,False,False
bodbe,1,1,False,False
ust_medveditskaya,5,5,False,True
garu,1,1,False,False
tepeticpac,1,1,False,False
mo_o_ti,1,1,False,False
geertruidenberg,2,2,True,True
icheda,1,1,False,False
zhaohua,3,3,False,False
bost,5,5,False,False
imbau,2,2,False,False
calatanazor,1,1,False,False
kafaila,3,3,False,False
pingba,1,1,False,False
liquan,1,1,False,False
yurimagua,5,5,False,False
moshenskoye,1,1,False,False
bajhang,2,2,False,False
shush,2,2,False,False
vilyuy,3,3,False,False
aakhoe,1,1,False,False
amyint,5,5,False,True
osoyoos,1,1,False,False
sos,1,1,False,False
srok_khleang,5,5,True,True
saleesh,5,5,False,False
mokhcha,1,1,False,False
kele,5,5,False,False
hunedoara,2,2,False,False
galyax,5,5,True,True
onistagane,2,2,False,False
phakphok,1,1,False,False
melnik,1,1,False,False
hostotipaquillo,2,2,False,False
kayeskikan,1,1,False,False
yining,1,1,False,False
msire,1,1,False,False
sinaloa,1,1,True,True
slana,1,1,False,False
witym,4,4,False,False
ai_ais,2,2,True,True
imphal,1,1,False,False
wuchuan_sinan,1,1,False,False
daolong,1,1,False,False
shishou,5,5,False,True
negoot,1,1,False,False
dinkot,4,4,False,False
modipe,1,1,False,False
lindesnes,1,1,True,True
xindu,1,1,False,False
haisla,5,5,True,True
misinichikw,1,1,False,False
tandang_sari,1,1,True,True
altaikha,1,1,False,False
tuorbchany,1,1,False,False
vijayapur,5,5,False,False
halshany,1,1,False,False
nkee_us,1,1,False,False
chunsua,5,5,False,False
koasati,3,3,False,False
ukulan,5,5,False,False
kinistino,1,1,False,False
granite,1,1,False,False
baita,1,1,False,False
ayagoz,1,1,False,False
warlmanpa,1,1,False,False
belorechensk,5,5,False,False
hulu_kinabatangan,2,2,False,False
memphremagog,1,1,False,False
qurliqtuq,2,2,False,False
bambara_maounde,1,1,False,False
tatama,1,1,False,False
khosheutovo,5,5,False,True
chucalissa,5,5,False,True
yo_loy,2,2,False,False
shangyou,1,1,False,False
mstsislaw,1,1,False,False
oma_sacopo,1,1,False,False
yiliang,1,1,False,False
tbilisskaya,1,1,False,False
valverde,1,1,False,False
weert,2,2,False,True
dazhu,2,2,False,False
kawthaung,1,1,True,True
dala,2,2,True,True
mosiko,1,1,False,False
amaticoztitlan,1,1,False,False
linhuang,3,3,False,False
jianshui,2,2,False,False
shuangshui,1,1,False,False
sanshui,5,5,False,True
sanok,1,1,False,False
moapa,3,3,False,False
gunung_sahilan,5,5,False,False
ohkweeo_owingeh,1,1,False,False
saipuru,1,1,False,False
lopburi,3,3,False,True
lingling,3,3,False,False
barna,1,1,False,False
kaitotikwia,1,1,False,False
chundzha,1,1,False,False
rogozh,1,1,False,False
bonny,2,2,True,True
santo_antonio,5,5,False,False
tizu,5,5,False,False
tayaccasa,3,3,False,False
sungai_jujuhan,5,5,False,True
phuktal,2,2,False,False
sinqu,1,1,False,False
ekwentondie,5,5,False,True
tsesh_ke_shende,1,1,False,False
hoya,5,5,False,True
bruck_leitha,5,5,False,True
arkadak,1,1,False,False
lordegan,5,5,False,False
karpokhar,1,1,False,False
wangkamana,2,2,False,False
quinte,2,2,True,True
itapemirim,1,1,True,True
mora_portugal,2,2,False,True
bielefeld,2,2,False,True
illecillewaet,5,5,False,False
charasa,1,1,False,False
pursat,2,2,False,True
dingan,1,1,False,False
byuteydyakh,3,3,False,False
dzogon,5,5,False,False
blackwater,4,4,False,False
essipit,1,1,True,True
zhenning,2,2,False,False
nedong,3,3,False,False
zvenihorod_siverskyi,1,1,False,False
porte,3,3,False,False
dak_lak,5,5,False,False
lukulunga,3,3,False,False
bryanka,2,2,False,False
donglan,3,3,False,False
tlacalahuastla,1,1,True,True
jalalabad,5,5,False,False
ilya,1,1,False,False
bochum,1,1,False,False
tziuhcoac,1,1,False,False
pouss,3,3,False,False
savalou,1,1,False,False
tinco,2,2,False,False
otaez,1,1,False,False
nunalla,2,2,True,True
cuauhcuetzpaltepec,1,1,False,False
monterado,1,1,True,True
milwat,2,2,False,False
amarkantak,1,1,False,False
yarkhun,1,1,False,False
isakhel,4,4,False,False
rawalakot,2,2,False,False
bhind,5,5,False,False
bhadrak,5,5,True,True
idar,1,1,False,False
sringeri,1,1,False,False
sarangarh,3,3,False,False
chamo,3,3,False,True
leshongwane,1,1,False,False
ramnagar,5,5,False,False
irij,5,5,False,False
udayagiri,1,1,False,False
fermoy,1,1,False,False
usangi,1,1,False,False
shahpur,3,3,False,False
muhekani,1,1,False,False
nandod,3,3,False,False
chor,3,3,False,False
manikandapuram,1,1,False,False
pali,1,1,False,False
nawakot,3,3,False,False
bramhapuri,3,3,False,False
rath,5,5,False,True
chipagwe,1,1,False,False
brecknock,1,1,False,False
indore,1,1,False,False
janjira,2,2,True,True
rasyal,3,3,False,False
chishtian,3,3,False,False
moma,5,5,True,True
bhopal,1,1,False,False
mankera,5,5,False,False
inishowen,1,1,True,True
maheshwar,3,3,False,False
angul,4,4,False,False
sagar,5,5,False,False
bhuban,3,3,False,False
burhanpur,2,2,False,False
mbombona,1,1,False,False
dungarpur,2,2,False,False
bednur,1,1,False,False
north_buganda,4,4,False,False
leon,1,1,False,False
kota,5,5,False,False
birugarh,2,2,False,False
palanpur,1,1,False,False
dzata,1,1,False,False
wigmore,1,1,False,False
chunar,4,4,False,True
itis,2,2,False,False
ofoti,5,5,True,True
kisi,1,1,False,False
kono,5,5,False,False
eko,2,2,True,True
mesurado,5,5,True,True
villalba,1,1,False,False
hala,4,4,False,True
tankular,1,1,True,True
ugbodu,4,4,False,True
warri,4,4,False,True
labe,2,2,False,False
mbakaou,1,1,False,False
sharka,1,1,False,False
alvdal,1,1,False,False
waylula,3,3,False,False
cayacoa,1,1,True,True
waldeba,2,2,False,False
cetatea_alba,2,2,True,True
faras,4,4,False,False
rovaniemi,3,3,False,False
el_eleila,5,5,False,False
al_matamma,5,5,False,False
debre_tabor,1,1,False,False
harro_walabu,1,1,False,False
otta,2,2,False,False
auyo,1,1,False,False
diakha,2,2,False,False
fermoselle,5,5,False,False
ortrask,1,1,False,False
carpio,1,1,False,False
byske,3,3,True,True
narva,5,5,True,True
gargando,2,2,False,False
ranea,3,3,True,True
barco_de_valdeorras,1,1,False,False
koulikoro,3,3,False,False
matam,2,2,False,True
segou,3,3,False,True
tabon,2,2,False,False
lafia,1,1,False,False
tounouga,5,5,False,False
kontcha,2,2,False,False
puyang,3,3,False,False
yellel,1,1,False,False
oohl,3,3,True,True
silbojock,5,5,False,False
cumaribo,5,5,False,False
moca,1,1,False,False
marataiama,5,5,False,False
nanning,1,1,False,False
aillik,1,1,True,True
luhe,5,5,False,True
storen,1,1,False,False
baia_crisului,1,1,False,False
xuzhou,5,5,False,True
shanghai,2,2,False,False
ningguo,1,1,False,False
shidai,1,1,False,False
hamar,5,5,False,False
anji,2,2,False,False
xian_quzhou,5,5,False,False
yuyao,2,2,True,True
shansu,5,5,False,False
quixara,1,1,False,False
gakona,5,5,False,False
misekumaw,5,5,False,False
bumbuli,3,3,False,False
cachopostales,1,1,False,False
rangpur_bengal,5,5,False,True
thoulakhom,4,4,False,False
catucto,1,1,True,True
hutton,5,5,False,False
serkar,2,2,False,False
atibaia,1,1,False,False
jacu,2,2,False,False
changting,1,1,False,False
hubek,2,2,True,True
guangchang,1,1,False,False
nainpur,1,1,False,False
kasembe,2,2,False,False
amal,1,1,False,False
kapisillit,1,1,True,True
shadodkot,4,4,False,True
brandenburg_prussia,1,1,True,True
huifacheng,1,1,False,False
bashukulumbwe,1,1,False,False
husavik,1,1,True,True
sastamala,5,5,False,False
moghwachi,1,1,False,False
kabachischi,4,4,False,True
lodose,3,3,False,False
awyi,1,1,True,True
irkutsk_kazachinskoye,5,5,False,False
nambikwara,2,2,False,False
ollalko,1,1,False,False
pingshan_zhending,1,1,False,False
tauraba,1,1,True,True
hata,1,1,True,True
tavira,2,2,True,True
khanda,4,4,False,False
temirkhan_shura,1,1,False,False
kururupu,5,5,True,True
bochuan,1,1,False,False
chalons_champagne,1,1,False,False
samarkand,1,1,False,False
villanueva_del_fresno,1,1,False,False
moneton,5,5,False,False
skardu,5,5,False,False
liangquan,1,1,False,False
shenga_kurya,2,2,False,False
tulita,5,5,False,False
qikirtajuaq,3,3,True,True
kalassa,3,3,False,False
bourg_en_bresse,1,1,False,False
todi,1,1,False,False
wallerfangen,2,2,False,False
tazin,2,2,False,False
wabigoon,5,5,False,False
aire,1,1,False,False
millioke,1,1,True,True
didao,1,1,False,False
zhenfeng,2,2,False,False
gawakomitigweia,1,1,False,False
nytva,5,5,False,True
yakesa,3,3,False,False
unkpatina,1,1,False,False
geumseong,1,1,False,False
wafang,1,1,False,False
so_so_goiw,1,1,False,False
maralbexi,5,5,False,False
curuai,5,5,False,True
frankfurt,2,2,False,True
curvelo,5,5,False,False
danyang_korea,1,1,False,False
kaesong,1,1,True,True
dungun,2,2,True,True
bengmara,5,5,False,False
pyeongchang,1,1,False,False
baekcheon,1,1,True,True
iziaslav,1,1,False,False
nimanburu,2,2,True,True
jinkang,4,4,False,True
tarnow,5,5,False,True
hulu_mahakam,5,5,False,False
fagaras,1,1,False,False
gwangju,2,2,False,True
aupuhkirakanewe,1,1,False,False
n_pooh_le,5,5,False,False
sefrou,1,1,False,False
manica,1,1,False,False
yongning_baisheng,5,5,False,False
longnan,1,1,False,False
guayana,5,5,True,True
opaye,1,1,False,False
akisq_nuk,1,1,False,False
kargasok,2,2,False,True
suceava,1,1,False,False
mbanza_soyo,5,5,True,True
ambarchik,2,2,False,False
xindi,5,5,False,True
yunyung_khaya,2,2,False,False
spasskoye,1,1,False,False
alamganj,5,5,False,False
kubu_rokan,1,1,True,True
aklaviq,5,5,False,False
juxeri,1,1,False,False
atikuan,1,1,True,True
otzoya,1,1,False,False
calafat,4,4,False,True
kampung_buloh,5,5,False,False
kinhama,5,5,False,False
cantilan,1,1,True,True
bidai,2,2,False,False
ishanapura,2,2,False,False
tupuchikan,1,1,False,False
gradina,1,1,False,False
bregenz,2,2,False,False
mudan_ula,1,1,False,False
kletskaya,3,3,False,True
pecatonica,2,2,False,False
yuldibay,1,1,False,False
malkangiri,2,2,False,False
parepona,5,5,False,False
imadate,1,1,False,False
broyes,1,1,False,False
saint_jean_pied_de_port,1,1,False,False
semur_en_brionnais,1,1,False,False
manigango,2,2,False,False
ocanga,3,3,False,False
zadian,4,4,False,False
torhovytsia,1,1,False,False
vetza,1,1,False,False
stockach,1,1,False,False
indrapura_khmer,5,5,False,True
nitta,1,1,False,False
borgarnes,1,1,True,True
mechoopda,2,2,False,False
sirudal,1,1,True,True
igushiq,1,1,True,True
balaguer,1,1,False,False
lang_son,1,1,False,False
wuxian_liuzhou,5,5,False,False
kiso,1,1,False,False
krupanj,2,2,False,False
ucles,1,1,False,False
ust_charky,5,5,False,False
buda,4,4,False,True
cahenda,1,1,False,False
perquilauquen,1,1,False,False
xonuu,3,3,False,False
izium,1,1,False,False
guangxi,2,2,False,False
jianshi,2,2,False,False
canindeyu,5,5,False,False
klintsy,1,1,False,False
gyantse,1,1,False,False
ikorundu,3,3,True,True
shunyang,1,1,False,False
kamla,5,5,False,False
anantapur,1,1,False,False
maiwand,2,2,False,False
hukou,5,5,False,True
kibanga,1,1,False,False
murayama,2,2,False,False
pariaman,1,1,True,True
jixi,1,1,False,False
kashatagh,1,1,False,False
cempaga,5,5,False,False
sukhumi,1,1,True,True
kitauonuma,5,5,False,False
nazym,5,5,False,True
hatam,1,1,True,True
yemelyanovo,4,4,False,False
endirey,5,5,False,False
inzia,5,5,False,False
chatahoochee,1,1,False,False
zhangming,5,5,False,False
gongxian,5,5,False,False
ayo,3,3,False,False
nde_nda_i,1,1,False,False
agwarmin,1,1,False,False
peremyl,1,1,False,False
esztergom,4,4,False,True
awbeh,1,1,False,False
katsushika,1,1,True,True
topos,1,1,True,True
kelheim,5,5,False,True
adachi_kanto,1,1,False,False
nahil,1,1,False,False
urua,3,3,False,False
masjed_soleyman,2,2,False,False
vognema,1,1,False,False
jomda,5,5,False,False
tmogvi,1,1,False,False
targul_saratii,2,2,False,False
chamzinka,1,1,False,False
macheng_luanzhou,1,1,True,True
sysma,2,2,False,False
llenllenet_ten,5,5,False,False
caracuaro,1,1,False,False
beatton,1,1,False,False
zhugao,5,5,False,False
kanra,1,1,False,False
palas_pasemah,2,2,True,True
libourne,1,1,True,True
velikiye_luki,1,1,False,False
sebech,1,1,False,False
palasamudram,1,1,False,False
orkdal,1,1,True,True
meleuz,1,1,False,False
coatlan,1,1,False,False
s_ezzaja,1,1,False,False
pengze,5,5,False,True
tampacal,1,1,False,False
loengowe,3,3,False,False
sarapul,5,5,False,True
hazarasp,3,3,False,False
bikoro,5,5,False,False
kikassa,5,5,False,False
suonikyla,3,3,False,False
dyryn_ebe,4,4,False,False
neuse,2,2,True,True
tarna,2,2,False,False
almenevo,1,1,False,False
aarau,5,5,False,False
guentota,1,1,False,False
taksimo,5,5,False,False
baviko,1,1,False,False
phon_nha,1,1,True,True
kabunda,1,1,False,False
zabusta,2,2,False,False
kaxixo,5,5,False,False
derbeke,1,1,False,False
samauma,3,3,True,True
songzi,5,5,False,True
bondari,1,1,False,False
visnupura,1,1,True,True
dukhovshchina,1,1,False,False
meskousing,2,2,False,False
songzhou_songzhou,1,1,False,False
ivangorod,2,2,True,True
papora,1,1,True,True
toaripi,1,1,True,True
shkoder,5,5,True,True
kelinjau,2,2,False,False
panjakent,1,1,False,False
sukhothai,2,2,False,False
yelovo,3,3,False,True
lingui,2,2,False,False
mat_chau,2,2,False,False
debin,1,1,False,False
shoindykol,1,1,False,False
khayryuzovo,1,1,True,True
tapirape,5,5,False,False
bol_shoy_uran,1,1,False,False
payette,1,1,False,False
menggala,2,2,True,True
ksai_yohe,1,1,False,False
deva,2,2,False,False
soria,1,1,False,False
turets,1,1,False,False
xinyu,2,2,False,False
ganxian,5,5,False,True
koroa,3,3,False,False
gromatukha,3,3,False,False
birkala,1,1,False,False
lingzhou,3,3,False,False
wufeng,2,2,False,False
tilala,2,2,False,False
samye,3,3,False,False
meru,2,2,False,False
saganaga,1,1,False,False
utkhupampa,2,2,False,False
bone,2,2,True,True
tethul,4,4,False,False
aguanish,1,1,True,True
mussombo,1,1,False,False
kak,1,1,False,False
youxi,2,2,False,True
suki,4,4,True,True
nevesinje,1,1,False,False
arezzo,1,1,False,False
shaki,3,3,False,False
chumphon,1,1,True,True
panevezys,1,1,False,False
otredal,1,1,False,False
kaibab,5,5,False,False
malacatos,1,1,False,False
cahokia,4,4,False,True
fengdu,5,5,False,True
yershov,1,1,False,False
imst,1,1,False,False
pontedera,1,1,False,True
kasha_tampu,1,1,False,False
kurnai,1,1,False,False
linhe,2,2,False,False
wapiskau_sk,2,2,False,False
kulagin,2,2,False,False
hogehege,5,5,False,False
tuchitua,1,1,False,False
saint_gaudens,1,1,False,False
pove,1,1,False,False
dzhuk,5,5,False,False
otelnuk,1,1,False,False
sakiwasipi,1,1,True,True
chakma,5,5,False,False
pirna,2,2,False,False
horicon,2,2,False,False
zhargalakh,1,1,False,False
beng_mealea,1,1,False,False
shiwa,1,1,False,False
simmern,3,3,False,True
warioto,5,5,False,False
kundy,1,1,False,False
abagaita,2,2,False,False
kulanapan,1,1,True,True
tala_kyuyel,5,5,False,False
mors,5,5,False,True
skuppah,2,2,False,False
laish,4,4,False,True
sangamon,3,3,False,False
apafalaya,5,5,False,False
oswego,1,1,True,True
sicasica,1,1,False,False
armavir,1,1,False,False
ethapetha,4,4,False,True
wawaskesiwisakahikan,2,2,False,False
st_gallen,2,2,False,False
wantastiquet,2,2,False,False
kurskaya,1,1,False,False
quilongues,1,1,False,False
taveewach,1,1,False,False
ust_pinega,5,5,False,True
macaregua,3,3,False,True
outapimiskou,3,3,False,False
qala_fateh,2,2,False,False
doeg,2,2,False,True
osa,3,3,False,True
elblag,3,3,True,True
toumodi,5,5,False,False
dunla,1,1,False,False
kaptai,3,3,False,False
saraburi,2,2,False,False
selimbau,5,5,False,False
kuretsk,1,1,False,False
putao,5,5,False,False
qianlong_siming,1,1,False,False
kuarepoti,1,1,False,False
buskegau,5,5,False,False
mitimiri,3,3,True,True
darrehshahr,2,2,False,False
herzfelde,1,1,False,False
gwatar,1,1,True,True
matumbo,1,1,False,False
quandamooka,1,1,True,True
techamutete,1,1,False,False
dulis_ma,1,1,False,False
cheroenhaka,1,1,False,False
shaharpara,5,5,False,False
pembina,2,2,False,False
yiyang_guangxin,2,2,False,False
batan,1,1,True,True
nehantuck,3,3,True,True
djemah,5,5,False,False
khamgar,2,2,False,False
pukara,2,2,False,False
daga,2,2,False,False
mbeiwum,1,1,False,False
maastricht,2,2,False,True
lanezi,1,1,False,False
weissenfels,1,1,False,False
lufeng,1,1,False,False
wurzburg,1,1,False,False
serdobinskaya,1,1,False,False
misha_shipu,3,3,False,False
ayahciyiniw_sakahikan,1,1,False,False
san_pedro,3,3,True,True
leko,3,3,False,True
loigan_sibo,5,5,False,True
teply_klyuch,1,1,False,False
ishkashim,1,1,False,False
pouthi_loeu,5,5,True,True
lomello,2,2,False,False
vichy,1,1,False,False
kurannakh,1,1,False,False
susitna,5,5,False,False
hulu_kahayan,5,5,False,False
mantova,3,3,False,True
jianyang,2,2,False,False
incawasi,1,1,False,False
walalde,2,2,False,True
lintong,2,2,False,False
lackawanna,1,1,False,False
coburg,1,1,False,False
tronka_chua,1,1,False,False
chehalis,2,2,True,True
katahdin,1,1,False,False
tamaroa,5,5,False,True
nakhara,2,2,False,False
nilakamberu,5,5,False,False
rottenmann,1,1,False,False
hubli,1,1,False,False
badrinath,2,2,False,False
oral,2,2,False,False
weissenburg,1,1,False,False
turnu_magurele,5,5,False,True
chaumont_vexin,1,1,False,True
lodi,2,2,False,True
sahar,1,1,False,False
akinka_nup,5,5,False,False
nienburg,2,2,False,True
samriddhipuri,1,1,False,False
danilovka,1,1,False,False
kanker,1,1,False,False
salay,5,5,False,True
amiskwaciwiy,2,2,False,False
blois,2,2,False,True
kelt_aiken,1,1,False,False
rudbar_sistan,2,2,False,False
birampur,1,1,False,False
sambo,1,1,False,False
libo,1,1,False,False
takla,1,1,False,False
belluno,1,1,False,False
mielnik,1,1,False,True
dipayal,5,5,False,False
abrahamtelke,4,4,False,True
sadiya,5,5,False,False
salianah,2,2,False,False
zhemgang,5,5,False,False
glushkovo,1,1,False,False
aiwanj,5,5,False,False
bad_ischl,1,1,False,False
takata,1,1,False,False
kuku_yalanji,1,1,False,False
buga,1,1,False,False
lanyang,5,5,False,False
yonibana,5,5,False,False
chicora,5,5,True,True
qumbash,5,5,False,False
assinie,2,2,True,True
swazi,1,1,False,False
damanhur,3,3,False,True
mansoura,1,1,False,True
atfih,4,4,False,True
qus,4,4,False,True
faqus,1,1,False,False
antsohihy,2,2,True,True
tsaratanana,5,5,False,False
toamasina,2,2,True,True
kingany,3,3,True,True
ambalanjakomby,3,3,False,False
antsiroamandidy,1,1,False,False
malaimbandy,5,5,False,False
ivohibe,5,5,False,False
ikongo,1,1,False,False
qena,4,4,False,True
mora_eth,1,1,False,False
bungu,1,1,False,False
fipa,1,1,False,False
rethel,1,1,False,False
shambala,1,1,False,False
busoga,3,3,False,False
east_konongo,1,1,False,False
sanye,5,5,False,False
saaka,3,3,False,False
tumbuka,1,1,False,False
west_konongo,5,5,False,False
kumanovo,1,1,False,False
teso,1,1,False,False
east_ongamo,1,1,False,False
akkus,2,2,False,False
parkhali,1,1,False,False
malazgirt,1,1,False,False
savur,5,5,False,False
marash,1,1,False,False
hizan,1,1,False,False
mayyafariqin,1,1,False,False
bartin,1,1,True,True
bingol,2,2,False,False
ulnia,1,1,False,False
zara,1,1,False,False
tosya,2,2,False,False
hacibektas,1,1,False,False
mut,1,1,False,False
emirdag,1,1,False,False
menemen,1,1,True,True
simav,1,1,False,False
manyas,1,1,False,False
dursunbey,1,1,False,False
mengen,1,1,False,False
inonu,1,1,False,False
nantes,3,3,True,True
kutahya,1,1,False,False
kula,1,1,False,False
milas,1,1,True,True
heni,2,2,False,False
tutak,1,1,False,False
rawanduz,1,1,False,False
samarra,3,3,False,False
baghdad,5,5,False,True
dayr_aqul,5,5,False,True
abdas,5,5,False,True
tabqah,3,3,False,False
raqqa,3,3,False,False
jean_marie_river,4,4,False,False
turda,1,1,False,False
curahuara,3,3,False,False
hijli,2,2,False,False
lyskovo,5,5,False,True
waradika,1,1,False,False
lujiang,3,3,False,False
chelmno,3,3,False,True
xiangcheng_kaifeng,1,1,False,False
ruijin,2,2,False,False
kanamarca,1,1,False,False
mengding_mengzi,2,2,False,False
tas_yuryakh,3,3,False,False
miyaneh,1,1,False,False
aq_am,2,2,False,False
anabar,2,2,False,False
kazym,1,1,False,True
iowa,1,1,False,False
sangmelima,2,2,False,False
ngarbal,1,1,False,False
ves_yogonskaya,2,2,False,False
argada,1,1,False,False
konbudj,5,5,True,True
elsfleth,2,2,True,True
nandan,3,3,False,False
quibdo,5,5,False,False
juru_hoton,1,1,False,False
xincheng_annan,2,2,False,False
tumshukaiko,1,1,False,False
kakol_kiej,1,1,True,True
oddernes,1,1,True,True
dandong,1,1,True,True
pinsk,5,5,False,False
bunce_island,5,5,True,True
dingliao,1,1,False,False
zangchen,1,1,False,False
brienne,1,1,False,False
geneve,2,2,False,False
rupharupha,5,5,False,False
nunapichuq,3,3,False,False
syanno,2,2,False,True
shar_yelpuk,3,3,False,False
bensheim,3,3,False,True
xingyang,3,3,False,False
tokhomo,1,1,False,False
baode,3,3,False,False
gaoan,2,2,False,False
uxwitza,1,1,False,False
larrakia,1,1,True,True
la_roche_sur_foron,2,2,False,False
oppenheim,3,3,False,True
aha_macav,3,3,False,False
mangapet,4,4,False,False
kimbundu,1,1,False,False
ijebu_ode,2,2,False,False
rozhdestveno,2,2,False,False
tsnungwe,1,1,False,False
chowanoke,2,2,True,True
hinthada,5,5,False,False
tuba,5,5,False,False
lautrec,1,1,False,False
sieradz,1,1,False,False
birches,5,5,False,False
yongxing,2,2,False,False
fribourg,1,1,False,False
vitim,5,5,False,False
pyzdry,1,1,False,False
hvlan,1,1,False,False
chach,5,5,False,False
damrey_trom,1,1,False,False
rahachow,2,2,False,False
kutjala,2,2,False,False
einbeck,1,1,False,True
bazas,3,3,False,True
saveh,1,1,False,False
sreepur,5,5,False,False
tongzhou,3,3,False,False
kamyskala,3,3,False,False
ostroleka,1,1,False,False
yushu,1,1,False,False
byanye,1,1,False,False
szarvas,1,1,False,False
yanga,1,1,False,False
egabeni,1,1,False,False
pantabangan,1,1,False,False
taunggyi,5,5,False,False
bassa,2,2,True,True
kija,1,1,False,False
saxop_wan_pupako,1,1,False,False
siyancuma,5,5,False,False
thaua,1,1,False,False
e_omita_i,2,2,False,False
iztachacalapan,2,2,False,False
namhkan,3,3,False,False
metztitlan,1,1,False,False
gunza_anbamba,3,3,False,False
mayaca,2,2,True,True
bakgatla,1,1,False,False
gochacalla,2,2,False,False
niantjila,2,2,False,False
buzikkala,2,2,False,False
da_giang,3,3,False,False
kinge,1,1,False,False
birma,5,5,False,False
binalatongan,2,2,True,True
tsora,1,1,False,False
lalsk,2,2,False,False
gaur,5,5,False,True
lahasusu,5,5,False,False
wanuco_marka,1,1,False,False
mongping,5,5,False,False
aresh,3,3,False,False
tanacross,1,1,False,False
hodonin,1,1,False,False
tosora,2,2,True,True
sheleksa,2,2,False,False
wiradjuri,1,1,False,False
hequ,3,3,False,False
baoro,1,1,False,False
nijmegen,4,4,False,True
tollohcan,1,1,False,False
rietberg,1,1,False,False
tyanya,3,3,False,False
wertingen,5,5,False,False
muong,3,3,False,False
nibuchu,5,5,False,False
tabo,2,2,False,False
winnee,3,3,False,False
tasty,2,2,False,False
yecla_de_yeltes,2,2,False,False
yeyi,2,2,False,False
aksumbe,2,2,False,False
mazeikiai,1,1,False,False
xam,1,1,False,False
mecatina,2,2,True,True
gongjiang_jurchen,2,2,False,False
nashwaak,1,1,False,False
chilwe,1,1,False,False
mooi,1,1,False,False
mpondo,1,1,True,True
raguli,1,1,False,False
baraba_baraba,2,2,False,False
pol_dokhtar,5,5,False,False
yuktali,5,5,False,False
neksikan,5,5,False,False
xiyan,1,1,False,False
umsobomvu,2,2,False,False
bir_amur,3,3,False,False
lejweleputswa,1,1,False,False
tamalameque,5,5,False,True
xincheng,5,5,False,False
tyrnavos,1,1,False,False
yadhaigana,1,1,True,True
pintahae,1,1,False,False
mariana,2,2,False,False
cuima,1,1,False,False
kashin,2,2,False,True
daklha_gampo,3,3,False,False
ko_kwel,2,2,False,False
gobindpur,5,5,False,False
mahaxay,2,2,False,False
bredasdorp,1,1,True,True
musikot,5,5,False,False
hulu_melawai,5,5,False,False
aroostook,5,5,False,False
prasat_don_an,1,1,False,False
tende,1,1,False,False
otennienontant,5,5,False,True
emei,3,3,False,False
keweenaw,1,1,True,True
namling,3,3,False,False
guihua,1,1,False,False
madaran,5,5,False,False
watappo,5,5,True,True
guayupes,5,5,False,False
eringiin,1,1,False,False
proenca_nova,2,2,False,False
kentucky,2,2,False,False
lauenburg,3,3,False,True
kxau,2,2,False,False
dwarahat,1,1,False,False
pabna,5,5,False,True
achachiwa,1,1,False,False
shimen,5,5,False,False
brzeg,1,1,False,False
tegina,2,2,False,False
myaungmya,1,1,True,True
tukudika,1,1,False,False
ishkul,1,1,False,False
taktsang,1,1,False,False
tver,2,2,False,True
tradun,2,2,False,False
lalan,2,2,True,True
sanga_kongo,5,5,False,False
pochutla,3,3,False,False
soras,2,2,False,False
thada,1,1,False,False
jinxian,3,3,False,False
alura,2,2,False,False
kontagora,5,5,False,False
misi_zaaga_igan,1,1,False,False
sangju,1,1,False,False
baliisshe_aashe,2,2,False,False
sokal,1,1,False,False
llucho,2,2,False,False
ath,1,1,False,True
rongmei,1,1,False,False
daloa,2,2,False,False
omkoi,1,1,False,False
shangxi,2,2,False,False
wloclawek,3,3,False,True
halesi,3,3,False,False
hengyang,5,5,False,False
ryazan,3,3,False,True
tilcara,1,1,False,False
sanniquellie,5,5,False,False
namur,2,2,False,True
dainggatti,1,1,True,True
that_phanom,4,4,False,False
oyestad,1,1,True,True
srebrenik,5,5,False,True
tebang,1,1,False,False
staroyuryevo,1,1,False,False
palembang,5,5,False,True
wik,5,5,False,False
aranama,1,1,False,False
ugrovesk,1,1,False,False
poskatinak,4,4,False,False
gongkar,5,5,False,False
dep,3,3,False,False
ballia,5,5,False,True
salyan,3,3,True,True
mouchalagane,5,5,False,False
khorat,1,1,False,False
yasukand,1,1,False,False
qixian_tongchuan,2,2,False,False
chiametlan,1,1,True,True
varanasi,4,4,False,True
jaranwala,2,2,False,True
dera_ismail_khan,4,4,False,False
chippenham,1,1,False,False
kothagudem,4,4,False,False
kishtwar,5,5,False,False
carmarthen,1,1,True,True
central_meetto,5,5,False,False
kashmore,4,4,False,True
mikindani,4,4,True,True
lisbon,2,2,True,True
ratlam,1,1,False,False
khed,1,1,False,False
taita,1,1,False,False
york,1,1,False,True
bhatnir,1,1,False,False
roxburgh,1,1,False,False
raigadh,3,3,False,False
windsor,1,1,False,True
etawah,5,5,False,True
parangipettai,2,2,True,True
harishpur,1,1,True,True
muchena,1,1,False,False
asadabad_kunar,5,5,False,False
norrkoping,1,1,True,True
banihal,3,3,False,False
kantit,4,4,False,True
sherwan,5,5,False,False
mtetengwe,1,1,False,False
tere,1,1,False,False
pachora,5,5,False,False
gampola,1,1,False,False
muyove,3,3,False,False
massanza,5,5,False,True
pubungu,4,4,False,False
guna,1,1,False,False
nduga,1,1,False,False
motupohue,2,2,True,True
sidhi,5,5,False,False
solvesborg,1,1,True,True
panar,5,5,False,False
rubaga,1,1,False,False
dunluce,1,1,True,True
maduranthakam,1,1,True,True
madras,1,1,True,True
duns,1,1,True,True
mahagaon,1,1,False,False
chipukuswi,1,1,False,False
massangano,5,5,False,True
chakota,1,1,False,False
konch,3,3,False,True
tiruccirapalli,2,2,False,False
urquhart,1,1,True,True
jath,2,2,False,False
stirling,1,1,True,True
bagamoyo,1,1,True,True
ingombe_ilede,5,5,False,False
boror,5,5,False,False
talikota,5,5,False,False
mapela,1,1,False,False
pune,5,5,False,False
lapai,4,4,False,False
yendi,2,2,False,False
odienne,1,1,False,False
ozoro,4,4,False,True
seguela,2,2,False,False
ughoton,5,5,True,True
nupeko,5,5,False,False
yoko,3,3,False,False
asaita,5,5,False,False
seru,1,1,False,False
debre_libanos,1,1,False,False
tulu_nama_dun,2,2,False,False
singa,3,3,False,False
rumbek,5,5,False,False
haranka,1,1,True,True
slatina,1,1,False,False
focsani,2,2,False,False
alays,3,3,False,False
ed_damer,4,4,False,False
masa_sud,1,1,False,False
anseba,1,1,False,False
chilga,1,1,False,False
saqqa,5,5,False,False
bonga,1,1,False,False
fofa,2,2,False,False
tadbaba,2,2,False,False
binder,1,1,False,False
bourem,3,3,False,True
diamou,2,2,False,False
mandisobi,5,5,False,True
huete,1,1,False,False
almaden,1,1,False,False
koure,1,1,False,False
kalam_hill,1,1,False,False
kirikongo,1,1,False,False
macina,3,3,False,True
ouagadougou,1,1,False,False
gourma_rharous,3,3,False,True
lau,5,5,False,False
ljungby,1,1,False,False
massawomeck,1,1,False,False
floda,1,1,False,False
yingde,5,5,False,True
massigui,2,2,False,False
gurindji,1,1,False,False
jamsa,2,2,False,False
huafeng,2,2,False,False
baudo,2,2,True,True
nizhny_chir,3,3,False,True
kaltag,4,4,False,False
varanger,1,1,True,True
metabetchouane,3,3,False,False
kariri,1,1,True,True
jiazhou,3,3,False,False
jiangning,5,5,False,True
taixing,5,5,False,True
lichiresti,5,5,False,True
taoyuan_huaian,5,5,False,True
dangshan,5,5,False,False
huating,2,2,True,True
jingxian,2,2,False,False
luan,1,1,False,False
suzhou_fengyang,1,1,False,False
shouchun,5,5,False,False
suian,2,2,False,False
jiande,5,5,False,True
ruian,1,1,True,True
shangyu,2,2,True,True
chesnokovka,3,3,False,False
totobiegosode,1,1,False,False
tarrana,3,3,False,True
khantayskoye,5,5,False,False
akishma,5,5,False,False
belabo,5,5,False,False
shawnee,1,1,False,False
kansas,5,5,False,True
urubici,1,1,False,False
wuxing,5,5,False,False
waga,1,1,False,False
baramulla,2,2,False,False
sacchuma,5,5,False,False
paikoneka,2,2,False,False
pingzhu,1,1,False,False
lysufjord,1,1,True,True
omoloy,1,1,False,False
balj,1,1,False,False
pisticoui,1,1,False,False
badong,5,5,False,True
sunndal,1,1,True,True
hanyin,2,2,False,False
kuzhbal,2,2,False,False
dibabawon,1,1,False,False
hsipaw,5,5,False,False
trigu,1,1,False,False
rostislavl_ryazansky,2,2,False,False
gratesk,2,2,False,False
shahr_meyan,1,1,False,False
ust_tsilma,5,5,False,False
tavdinsky_sloboda,2,2,False,True
aliskerovo,1,1,False,False
sri_thep,1,1,False,False
muana,1,1,False,False
botucatu,3,3,False,False
pauzhetka,1,1,True,True
wigwomadensis,2,2,False,False
suchilapan,5,5,False,False
andar,5,5,False,False
krenak,5,5,False,False
zhenyang,1,1,False,False
shubenacadie,1,1,False,False
piratini,1,1,False,False
hallingdal,1,1,False,False
prachinburi,2,2,False,False
callamaco,3,3,False,False
beryozovka,2,2,False,False
solovtsovo,5,5,False,True
quiaghtena,2,2,False,False
digne,1,1,False,False
reka_tuba,5,5,False,False
jucas,1,1,False,False
sysy_meyite,1,1,False,False
yidinjdji,1,1,True,True
trancoso,5,5,False,False
lumbala,5,5,False,False
inowroclaw,3,3,False,True
gorkovskoye,3,3,False,False
puari,1,1,True,True
patarabueye,1,1,False,False
alpowna,1,1,False,False
mima,1,1,False,False
nahan,2,2,False,False
nizhnyaya_salda,1,1,False,False
cuttawba,5,5,False,True
pakanahuili,1,1,False,False
orocue,5,5,False,False
amaravati,2,2,True,True
mariua,5,5,False,False
cahors,1,1,False,True
ornans,1,1,False,False
chalon_sur_saone,2,2,False,True
cape_mount,5,5,True,True
kamabai,2,2,False,False
cibagalaax,1,1,False,False
jekabpils,3,3,False,True
pucheng_jianning,1,1,False,False
limilngan,1,1,False,False
wenatchi,5,5,False,False
sumedang,2,2,False,False
liova,3,3,False,False
kurmysh,2,2,False,True
buta_ranquil,2,2,False,False
lanzhou,5,5,False,False
sanggau,5,5,False,False
pakuan,1,1,False,False
tucanca,1,1,True,True
miyoshi,1,1,False,False
siberia_abalak,3,3,False,False
jecheon,1,1,False,False
bata,3,3,True,True
menutinau,1,1,False,False
enselxcin,4,4,False,False
tunxi,1,1,False,False
tommot,2,2,False,False
pasvalys,1,1,False,False
pawwikamsipi,5,5,False,False
itapocu,2,2,False,False
hvolsvollur,1,1,True,True
jundiai,1,1,False,False
myslenice,1,1,False,False
devkot,1,1,False,False
brie_comte_robert,1,1,False,True
hejian,1,1,False,False
milk_creek,1,1,False,False
suzun,5,5,False,False
ndyuka,3,3,True,True
lehigh,1,1,False,False
kubu,1,1,True,True
igdir,1,1,False,False
khumar,1,1,False,False
quang_yen,1,1,True,True
itaueira,5,5,False,False
baure,5,5,False,False
seogyeong,5,5,False,False
chewalla,1,1,False,False
hunfeld,1,1,False,False
lipova,2,2,False,False
dagon,2,2,False,True
dingqiang,5,5,False,False
kazhma,1,1,False,False
storozhynets,1,1,False,False
sangme,5,5,False,False
lewekeomi,4,4,False,True
sao_sebastiao_paraiso,3,3,False,False
uberaba,4,4,False,False
tututni,5,5,True,True
kashaya,1,1,True,True
muata_musembo,2,2,False,False
unju,1,1,False,False
szatmar,2,2,False,False
matagalpa,1,1,False,False
kezhma,4,4,False,False
karniki,1,1,False,False
omaha,5,5,False,False
boiaca,1,1,False,False
chyormoz,5,5,False,True
ross_river,5,5,False,False
loyalhanna,2,2,False,False
mungra,1,1,False,False
chlaande,1,1,False,False
mobaye,5,5,False,False
purang,1,1,False,False
koban,1,1,False,False
karapoto,1,1,True,True
koy_aike,1,1,True,True
succun,1,1,False,False
pequawket,1,1,False,False
musuo,1,1,False,False
putyvl,1,1,False,False
tacatacaru,2,2,True,True
klyuchi,3,3,False,False
vienne,3,3,False,True
ikaruga,1,1,False,False
afikpo,5,5,False,False
bankim,1,1,False,False
lyubichi,3,3,False,True
ananatuba,2,2,True,True
chakan_putum,1,1,True,True
shkhancheriekhabl,1,1,False,False
curitibanos,5,5,False,False
ichisi,1,1,False,False
mayumba,3,3,True,True
kuamut,2,2,False,False
kaeti,5,5,False,False
sechelt,1,1,True,True
suttsu,1,1,True,True
veisiejai,2,2,False,False
tumzhdin,1,1,True,True
sanaga,3,3,False,False
wahasah,2,2,False,False
itaraholata,5,5,False,False
bayan_ula,1,1,False,False
xiangru,3,3,False,False
volodymyr,1,1,False,False
abingdon,1,1,False,True
minamimogami,1,1,False,False
vshchizh,1,1,False,False
bayono,2,2,False,False
molina_de_aragon,1,1,False,False
eyapaysis,1,1,False,False
qingtian,5,5,False,False
shikashin,5,5,False,False
karymkary,5,5,False,True
qumarleb,2,2,False,False
kuska,1,1,False,False
ust_barguzin,1,1,False,False
naga,1,1,False,True
ziryanka,5,5,False,False
k_alii_xkalaan,5,5,True,True
nguburinji,1,1,False,False
lingen,1,1,False,False
thanh_hoa,5,5,True,True
rozan,1,1,False,False
romang,5,5,False,True
binangonan,1,1,True,True
nishnabotna,1,1,False,False
duwamish,5,5,True,True
hienuki,1,1,False,False
cerskey,2,2,False,False
belaya_kalitva,2,2,False,False
ust_chulasa,3,3,False,False
gurkyang,1,1,False,False
khalifatabad,2,2,False,False
kwomtari,5,5,False,False
mozhaysk,1,1,False,False
ngola,2,2,False,False
gurupatuba,5,5,False,True
fengjie,5,5,False,True
siang,5,5,False,False
luoyang,1,1,False,False
nazran,2,2,False,False
tinago,1,1,True,True
chymnaii,4,4,False,False
nakajima,5,5,True,True
higashikanbara,2,2,False,False
daba_akanda,1,1,False,False
itapeva,1,1,False,False
siccanemos,1,1,True,True
tawatinaw,5,5,False,False
schleusingen,1,1,False,False
nakaoono,1,1,False,False
katori,2,2,True,True
konildi,1,1,False,False
diaomen,3,3,False,False
bocaiuva,1,1,False,False
dalaiketun,5,5,False,False
kebergene,1,1,False,False
xokleng,2,2,True,True
jaraicejo,1,1,False,False
bandar_deyr,1,1,True,True
bistrita,1,1,False,False
mayo,2,2,False,False
mandiyu,1,1,False,False
tyaia,1,1,False,False
soombak_e,5,5,False,False
oonuma,1,1,False,False
shilovo,3,3,False,True
tak_elam,1,1,False,False
boma,5,5,False,False
umuarama,5,5,False,False
kawahib,3,3,False,False
milkovo,5,5,False,False
qingxiang,5,5,False,False
lualaba,2,2,False,False
krasnoufimsk,5,5,False,False
shayang,3,3,False,True
nuket,2,2,False,False
jingzhao,2,2,False,False
ostrechiny,3,3,False,False
orlov,3,3,False,False
lucala,3,3,False,False
hamidiyeh,2,2,False,False
skitswish,1,1,False,False
dong_si_maha_phot,5,5,False,False
ainu_nik,1,1,False,False
bjelovar,1,1,False,True
kondpoga,1,1,False,False
gdov,1,1,False,False
oviken,1,1,False,False
miory,1,1,False,True
akkala,1,1,False,False
biobio,5,5,False,False
tura,1,1,False,False
hulu_limbang,1,1,False,False
sonda_karnataka,1,1,False,False
darumbal,2,2,True,True
kandong,5,5,True,True
holic,1,1,False,False
kuneni,1,1,False,False
aiud,1,1,False,False
minochi,1,1,False,False
chiisagata,1,1,False,False
vasyugan,5,5,False,True
kuznetsk,5,5,False,False
tonkawa,1,1,False,False
kunozh,1,1,False,False
arykbalyk,1,1,False,False
maganasipi,1,1,False,False
chiyone,5,5,False,False
melpa,5,5,False,False
khulm,4,4,False,False
parsberg,1,1,False,False
knyazhich_gorodok,5,5,False,False
alapahoochee,1,1,False,False
lingbao,3,3,False,False
yimen,1,1,False,False
jataizinho,5,5,False,False
mbai_yuru,2,2,False,False
kogan,1,1,False,False
songzhou,3,3,False,False
sambaqui,1,1,True,True
witagron,5,5,True,True
runyan,5,5,False,False
heves,3,3,False,False
puqi,5,5,False,True
yanshi,1,1,False,False
kagawask,5,5,False,False
yi,2,2,False,False
pinglu,3,3,False,False
uspenskoye,1,1,False,False
takwata,2,2,False,False
gayo_lues,1,1,False,False
thatta,4,4,False,True
wirrai_durhai,1,1,False,False
vorontsovo,3,3,False,False
agouasaque,2,2,False,False
cenrana,1,1,False,False
saalfeld,1,1,False,False
paranaiba,5,5,False,False
barpeta,5,5,False,True
hulbuk,5,5,False,False
jahreh,1,1,False,False
aksay,3,3,False,True
srednyaya_akhtuba,5,5,False,True
mianchi,3,3,False,False
sitanda,5,5,False,False
lhari,5,5,False,False
bohan,5,5,False,False
linfen,1,1,False,False
bares,5,5,False,False
charikar,1,1,False,False
minggang,1,1,False,False
adshusheer,5,5,False,True
pingquan,1,1,False,False
sellinkyla,1,1,False,False
upper_ob,5,5,False,True
nalgonda,1,1,False,False
harricana,1,1,False,False
caguan,5,5,False,False
gostynin,3,3,False,True
insaombi,2,2,False,False
rana,1,1,False,False
hermagor,1,1,False,False
siktyakh,1,1,False,False
tsangdram,3,3,False,False
diawara,1,1,False,False
ider,1,1,False,False
binandere,2,2,True,True
medellin,1,1,False,False
metz,1,1,False,False
banique,1,1,False,False
yinwum,1,1,False,False
zagzuugiin_balgas,1,1,False,False
apinji,5,5,False,False
slobozia,2,2,False,False
srigangapatna,1,1,False,False
sioma,3,3,False,False
pimicaskewyashik,2,2,False,False
lingchuan,2,2,False,False
aspet,1,1,False,False
conewago,3,3,False,False
kysyl_syr,4,4,False,False
huihe,1,1,False,False
thakhek,5,5,False,False
idanha,1,1,False,False
qingjian,3,3,False,False
metica,5,5,False,False
preah_khan_kompong_svay,1,1,False,False
ust_katav,1,1,False,False
novo_mesto,1,1,False,False
porokotan,1,1,False,False
siak,2,2,True,True
glommadal,2,2,False,False
tongliang,5,5,False,False
aratu,1,1,False,False
annaburg,2,2,False,True
yenji,1,1,False,False
paka,1,1,True,True
myitkyina,5,5,False,False
fushu,1,1,False,False
qingyuan,3,3,False,True
erbach_swabia,5,5,False,False
pahdteeahnooch,1,1,False,False
casiste,2,2,False,False
kanawha,5,5,False,True
cherdakly,4,4,False,True
oster,2,2,False,False
muong_cha,5,5,False,False
snk_mip,5,5,False,False
curumanao,2,2,False,True
monchengladbach,2,2,False,True
chekmagush,3,3,False,False
nizhyn,2,2,False,False
natastan,5,5,False,False
aghkand,2,2,False,False
konstanz,1,1,False,False
asanas,3,3,False,False
nawah,1,1,False,False
prostejov,1,1,False,False
arthabaska,1,1,False,False
kopolque,2,2,False,False
yilong,3,3,False,False
mingsha,3,3,False,False
tykhomel,1,1,False,False
chadileuvu,2,2,False,False
marxa,4,4,False,False
uashat,5,5,True,True
wulgurukaba,2,2,False,False
markahuamachuco,2,2,False,False
nilka,1,1,False,False
chaumont,1,1,False,False
talkhir,2,2,False,False
horb,1,1,False,False
gilyuy,1,1,False,False
puyu,2,2,False,False
wiknatanja,1,1,False,False
kahayan,5,5,False,False
sien,1,1,False,False
froso,5,5,False,False
wanquan,5,5,False,False
ulenkhe,1,1,False,False
assunpink,2,2,False,True
hwalbay,3,3,False,False
riedlingen,1,1,False,False
sebuyau,2,2,True,True
briancon,1,1,False,False
sarare,5,5,False,False
meherrin,2,2,False,True
tagudin,1,1,True,True
mengdong,1,1,False,False
coacoachou,2,2,True,True
lleida,1,1,False,False
managalang,2,2,True,True
torom,1,1,True,True
wayustikw,3,3,False,False
fuchuan_ningxia,3,3,False,False
auccapana,5,5,False,False
tarinkot,2,2,False,False
sunda_kelapa,2,2,True,True
pisaq,1,1,False,False
karlovac,1,1,False,False
puebla_de_alcocer,1,1,False,False
tetela_boa,3,3,False,False
choccalpata,3,3,False,False
madoi,1,1,False,False
landau,5,5,False,True
uraqai,3,3,False,False
tiatiki,5,5,False,False
delmenhorst,2,2,True,True
baba_ata,1,1,False,False
cuyahoga,1,1,True,True
nowrangapur,1,1,False,False
kramuon_sa,1,1,True,True
kinozhesipi,5,5,False,False
dhading,3,3,False,False
cetateni,1,1,False,False
wlodawa,1,1,False,False
hakha,3,3,False,False
puning_rongzhou,1,1,False,False
jujuy,5,5,False,False
sakitawahk,2,2,False,False
vyatka,3,3,False,False
yongxin,1,1,False,False
bagaluhan,2,2,True,True
suktogeja_o_ipa,2,2,False,False
yaropolch,2,2,False,False
gattaran,5,5,False,False
onojutta,1,1,False,False
melun,2,2,False,True
evinayong,5,5,False,False
linqing,1,1,False,True
burara,2,2,True,True
bienne,2,2,False,False
solikamsk,3,3,False,True
perevitska,3,3,False,True
shengeldy,2,2,False,False
cupilco,5,5,True,True
yaoshan,1,1,False,False
athani,3,3,False,False
kungur,3,3,False,True
gjakova,1,1,False,False
brasov,1,1,False,False
cortenuova,1,1,False,False
kurkino,1,1,False,False
chapallan,1,1,False,False
rovigo,2,2,False,True
monzon,1,1,False,False
guangsuoling,5,5,False,False
jishui,5,5,False,True
kholmogory,5,5,False,True
inyanshashawatpa,1,1,False,False
bourbon,1,1,False,False
ebejico,3,3,False,False
argas,1,1,False,False
winokapau,3,3,False,False
sansanding,3,3,False,True
ugolney,1,1,False,False
tata_MOR,2,2,False,False
kutna_hora,1,1,False,False
phimai,1,1,False,False
quyon,1,1,False,False
kourim,1,1,False,False
tuy,2,2,True,True
biripi,1,1,True,True
jiaohua,1,1,False,False
kremenskaya,3,3,False,True
voikar,5,5,False,True
hanzawa,1,1,False,False
nyuya,5,5,False,False
kukan,5,5,False,False
jiangxia,5,5,False,True
azok,3,3,True,True
tokkuztara,1,1,False,False
capotigamau,3,3,False,False
anilco,5,5,False,True
wels,5,5,False,True
mori_baridag,5,5,False,False
xiushan,5,5,False,False
ramsis,3,3,False,True
ushmum_tannah,1,1,False,False
beni_suef,4,4,False,True
aswan,4,4,False,True
minya,4,4,False,True
bealanana,2,2,False,False
manditsara,5,5,False,False
ambohidray,1,1,False,False
nosy_bali,1,1,True,True
maevatanana,5,5,False,False
kavitaha,5,5,False,False
midongy,5,5,False,False
betroka,5,5,False,False
masindrano,2,2,True,True
sharuna,4,4,False,True
killelu,1,1,False,False
talaky,1,1,True,True
nyakyusa,1,1,False,False
nyamwezi,5,5,False,False
zigula,1,1,False,False
lango,4,4,False,False
west_wembere,1,1,False,False
makonde,4,4,False,False
south_hlanganu,5,5,False,False
shubi,1,1,False,False
west_ngindo,1,1,False,False
ngisonyoka,5,5,False,False
niksar,1,1,False,False
artanuji,2,2,False,False
mus,1,1,False,False
egil,1,1,False,False
gerze,2,2,True,True
erzincan,1,1,False,False
gerger,3,3,False,False
sivas,1,1,False,False
iskilip,2,2,False,False
candir,1,1,False,False
develi,1,1,False,False
sivrihisar,1,1,False,False
foca,1,1,True,True
adranos,1,1,False,False
gonen,1,1,True,True
harmancik,1,1,False,False
mihaliccik,2,2,False,False
arac,1,1,False,False
balat,1,1,True,True
ardahan,1,1,False,False
bayat,1,1,False,False
hazro,1,1,False,False
akre,1,1,False,False
rahba,3,3,False,False
khalis,3,3,False,False
karbala,3,3,False,False
an_nil,3,3,False,True
al_madar,3,3,False,True
hawraman,1,1,False,False
barqaid,5,5,False,False
nyikina,2,2,False,False
basht,1,1,False,False
roman,1,1,False,False
rinpung,1,1,False,False
gumbaynggirr,1,1,True,True
synya,2,2,False,False
nemours,5,5,False,True
squamscott,1,1,True,True
andreapol,1,1,False,False
xiangyang,5,5,False,True
khulna,2,2,False,False
mergui,3,3,True,True
alpo_wa,3,3,False,False
ocro,1,1,False,False
oacco,2,2,False,False
mangge,2,2,False,False
jagdalpur,2,2,False,False
waqrapukara,1,1,False,False
punia,2,2,False,False
anhua_anhua,3,3,False,False
mussimi,4,4,False,False
darganata,3,3,False,False
argamakli_sarai,1,1,False,False
bal_cattinon,1,1,True,True
kadinga,1,1,False,False
longchang,5,5,False,False
kanahatino,1,1,False,False
pocotaligo,2,2,False,False
quva,5,5,False,False
cosrou,1,1,True,True
chiquia,1,1,False,False
wesgird,3,3,False,False
hissar,1,1,False,False
petrovskoye_pontic,1,1,False,False
alatyr,2,2,False,False
hendijan,1,1,True,True
divandarreh,1,1,False,False
tiebele,1,1,False,False
kandahar,1,1,False,False
tirato,1,1,False,False
niemodlin,1,1,False,False
gamberre,1,1,True,True
tutilcoya,3,3,False,False
hlahlandlela,1,1,False,False
lean,1,1,True,True
santee,3,3,False,False
chumuch,3,3,False,False
zhaoxin,3,3,False,False
sainiambu,2,2,False,False
sint_niklaas,2,2,True,True
igbo_ukwu,1,1,False,False
myanaung,5,5,False,True
ulakhan_an,4,4,False,False
yucheng_kaifeng,5,5,False,False
kedang,1,1,False,False
sinclair,1,1,False,False
shemysheyka,1,1,False,False
duyun,1,1,False,False
malang,1,1,True,True
dibrugarh,5,5,False,False
maya,1,1,False,False
tzunun_kaab,2,2,False,False
casco,2,2,True,True
delyankir,1,1,False,False
kububu,2,2,True,True
khurgan,1,1,False,False
saskylakh,2,2,False,False
thaolintoa,2,2,False,False
nodaway,3,3,False,False
satgaon,3,3,True,True
ullantaytampu,5,5,False,False
jahrom,1,1,False,False
mendawai,5,5,True,True
coblenz,5,5,False,True
timbo,1,1,False,False
buchach,2,2,False,False
rangamati,1,1,False,False
luorong,5,5,False,False
lampung,1,1,True,True
androscoggin,2,2,False,False
kusike,2,2,False,False
cottbus,1,1,False,False
xinhua,1,1,False,False
pingxiang_pingxiang,1,1,False,False
sawangan,1,1,True,True
chikchar,2,2,False,False
karzin,1,1,False,False
yopitzinco,1,1,True,True
khai_ma,2,2,False,False
matzikama,1,1,True,True
mesuji,2,2,True,True
keutkeut,5,5,False,False
muene_kwako,5,5,False,False
tlaxomulco,1,1,False,False
cuauhchinanco,1,1,False,False
mori_celebes,2,2,True,True
tzapotzingo,2,2,False,False
willcahuain,1,1,False,False
lewe,2,2,False,False
caisaboscai,3,3,False,False
timana,5,5,False,False
manturovo_kursk,1,1,False,False
matala,2,2,False,False
yanting,1,1,False,False
jurbarkas,3,3,False,True
selemde,2,2,False,False
chamuhongo,1,1,False,False
cologne,4,4,False,True
ixtlahuaca,1,1,False,False
maravatio,1,1,False,False
brandenburg,1,1,False,True
tukri_apu_apu,1,1,False,False
kaabu,5,5,False,False
chilchi,2,2,False,False
kuzhyb,1,1,False,False
sunapee,2,2,False,False
tsipanda,3,3,False,False
kahak,2,2,False,False
rahimabad,1,1,False,False
reghin,1,1,False,False
fengqiu,3,3,False,False
kungwini,1,1,False,False
lamalama,2,2,True,True
eiowane,5,5,False,False
quy_hoa,3,3,False,False
shanghang,1,1,False,False
ngume,5,5,False,False
basavana_bagewadi,3,3,False,False
detmold,2,2,False,True
bouake,1,1,False,False
huazhou,2,2,False,False
xinping,1,1,False,False
tsesi,1,1,False,False
jigansk,5,5,False,False
bama,3,3,False,False
suidong,3,3,False,False
bydgoszcz,3,3,False,True
penatuka,1,1,False,False
ngwane,1,1,False,False
kumarakapay,5,5,False,False
huallumarca,1,1,False,False
yanesha,5,5,False,False
asadabad,1,1,False,False
mara_india,3,3,False,False
lashio,4,4,False,False
lumeje,1,1,False,False
shad_kirman,1,1,False,False
chunhua,1,1,False,False
shehong,5,5,False,False
vydritsa,1,1,False,False
as_sulaymi,1,1,False,False
hancheng,3,3,False,False
badtjala,1,1,True,True
vaska,2,2,False,False
kirs,1,1,False,False
zywiec,1,1,False,False
chelan,4,4,False,False
mamudju,2,2,True,True
kachi,5,5,False,False
uyandi,1,1,False,False
fancheng,5,5,False,True
ya_ttaish,5,5,False,False
artyk,1,1,False,False
kurty,2,2,False,False
daxunhyuu,3,3,True,True
kasimov,3,3,False,True
balagannakh,5,5,False,False
bussa,5,5,False,False
natalkai,5,5,False,False
kaouara,1,1,False,False
manawatu,2,2,True,True
maku,1,1,False,False
gana_damate,4,4,False,False
langqiong,1,1,False,False
davyd_haradok,5,5,False,False
aktas_kystagy,1,1,False,False
jerrinja,1,1,True,True
poskam,1,1,False,False
lavar,2,2,False,False
vozhega,1,1,False,False
suphanburi,1,1,False,False
taung,2,2,False,False
konde,1,1,True,True
zhouzhi,2,2,False,False
bagua,5,5,False,False
semcojarvi,1,1,False,False
panemune,2,2,False,True
nottaway,3,3,False,False
malili,2,2,True,True
igan,4,4,True,True
rungan,5,5,False,False
adeqiu,3,3,False,False
ordu_bazar,5,5,True,True
apeldoorn,1,1,False,True
chisos,1,1,False,False
chuchures,1,1,True,True
fuzhou_songpan,1,1,False,False
ust_nera,2,2,False,False
zinacantan,1,1,False,False
dumbo,1,1,False,False
itscheabine,1,1,False,False
krestyakh,3,3,False,False
olgov,1,1,False,False
bikinka,2,2,False,False
jyotipur,1,1,False,False
ayaviri,1,1,False,False
jilkaat,2,2,True,True
songye_kongo,3,3,False,False
veliky_ustyug,5,5,False,True
may_ushin,5,5,False,False
mahu,5,5,False,False
gandersheim,1,1,False,False
wapkawazioju,5,5,False,False
itanhomi,5,5,False,False
pitchibourenik,3,3,True,True
garingbal,1,1,False,False
olentangy,1,1,False,False
nabiti,1,1,False,False
chinabajul,1,1,False,False
khomani,1,1,False,False
nowe,3,3,False,True
nalolo,3,3,False,False
tanjin,5,5,False,False
batey,1,1,False,False
limushan,1,1,False,False
sixtymile,1,1,False,False
cabimas,1,1,True,True
inutsualak,1,1,True,True
takitudu,1,1,False,False
nadakuh,1,1,False,False
wangping,2,2,False,False
wehe,4,4,False,False
nangana,5,5,False,False
chandpur_uttar_pradesh,3,3,False,False
idkabue,5,5,False,False
smalyavichy,1,1,False,False
czchow,1,1,False,False
kamin,1,1,False,False
jilibulake,1,1,False,False
fuchuan,1,1,False,False
kuantan,3,3,True,True
ningchang,2,2,False,False
ilog,1,1,True,True
kiendela,2,2,False,False
missinaibi,1,1,False,False
yukte,3,3,False,False
kotri,4,4,False,True
hexham,1,1,False,False
kilwa_kisiwani,1,1,True,True
mankhamba,3,3,False,False
cheltenham,2,2,False,True
bajaura,2,2,False,False
buzanga,2,2,False,False
sirhind,3,3,False,False
mithankot,4,4,False,True
ranikot,4,4,False,True
sheopur,3,3,False,False
gagraun,1,1,False,False
hambantota,1,1,True,True
sundergarh,2,2,False,False
badamgarh,5,5,False,False
clackmannan,1,1,False,False
sonhat,1,1,False,False
khushab,3,3,False,False
agror,3,3,False,False
rampura,2,2,False,False
sakti,1,1,False,False
chikwanda,5,5,False,False
tembue,1,1,False,False
sukhma,2,2,False,False
macherla,3,3,False,False
ruguru,1,1,False,False
kol,3,3,False,False
panna,2,2,False,False
samasingha,5,5,False,False
asni,3,3,False,True
kashigarh,5,5,False,False
ujjain,1,1,False,False
jabhua,1,1,False,False
kherla,1,1,False,False
asika,1,1,False,False
matemba,1,1,False,False
mugamba,5,5,False,False
clonmel,1,1,False,False
dahrur,2,2,False,False
saharanpur,2,2,False,False
jansath,3,3,False,False
busal,3,3,False,False
ruanga,1,1,False,False
dhamtari,1,1,False,False
sitpur,5,5,False,True
udabhanda,5,5,False,False
gudamalani,2,2,False,False
ummatur,2,2,False,False
kalanaur,2,2,False,False
wairoa,1,1,True,True
pindi_gheb,4,4,False,False
pamuuyu,1,1,False,False
champaner,2,2,False,False
mangalore,2,2,True,True
akola,1,1,False,False
ashaval,2,2,True,True
retford,1,1,False,True
hauraki,2,2,True,True
taivalkoski,1,1,False,False
nunnanen,2,2,False,False
mogador,1,1,True,True
mokwa,3,3,False,False
offa,1,1,False,False
podor,2,2,False,True
salaga,5,5,False,False
settra_kru,2,2,True,True
sorsele,2,2,False,False
wukari,5,5,False,False
vielha,1,1,False,False
bauchi,1,1,False,False
seydougou,2,2,False,False
dire_dawa,1,1,False,False
sheikh_hussein,1,1,False,False
ogoja,5,5,False,False
soddo,5,5,False,False
uri,1,1,False,False
barawa,1,1,True,True
jos,1,1,False,False
nora_eth,1,1,False,False
el_metemma,4,4,False,False
keren,1,1,False,False
gilgel_beles,1,1,False,False
korela,3,3,False,False
tiveden,1,1,False,False
gendebelo,1,1,False,False
alkalawa,1,1,False,False
ayerou,3,3,False,False
biram,1,1,False,False
bousso,5,5,False,False
olite,5,5,False,False
albarracin,1,1,False,False
barcelos,1,1,True,True
gaya_n,1,1,False,False
kirina,3,3,False,False
ngaoundere,1,1,False,False
yatenga,1,1,False,False
rei_bouba,2,2,False,False
turunku,2,2,False,False
zondoma,1,1,False,False
kourouninkoto,5,5,False,False
lodenoye_pole,5,5,False,False
faramana,1,1,False,False
pende,1,1,False,False
sultanpur_uttar_pradesh,1,1,False,False
iagorlic,2,2,False,False
az_zilfi,2,2,False,False
galati,2,2,False,True
miwa,1,1,True,True
andong_huaian,5,5,True,True
yixing,1,1,False,False
hanshan,1,1,False,False
kom_ombo,4,4,False,True
tongling,5,5,False,True
chaoxian,1,1,False,False
huoqiu,3,3,False,False
fuyang_hangzhou,3,3,False,True
chunan,5,5,False,False
shuangxi,5,5,True,True
shengxian,1,1,False,False
linhai,2,2,True,True
kalalaw,5,5,False,False
sully,2,2,False,False
shenmu,3,3,False,False
humati,3,3,False,False
ust_sysola,5,5,False,False
onguren,1,1,False,False
phari,1,1,False,False
mucuri,1,1,False,False
caniapiscau,5,5,False,False
luxi,5,5,False,False
borulakh,2,2,False,False
wudang,5,5,False,False
wenshan,5,5,False,False
amot,5,5,False,False
aga,2,2,False,False
khyunglung,2,2,False,False
songming,1,1,False,False
inuviq,5,5,False,False
chittaloosa,5,5,False,False
mayaba,5,5,False,False
yatsushiro_higo,1,1,True,True
minusinsk,5,5,False,False
thantlang,2,2,False,False
gan_gan,2,2,False,False
lukou,5,5,False,False
hitchauta,1,1,False,False
lutava,3,3,False,False
salinas,1,1,False,False
manomin,1,1,False,False
verkhoturye,1,1,False,False
tiotoren,1,1,True,True
karai_yo,1,1,True,True
niyaj,2,2,False,False
linjiang,5,5,False,True
deatnu,3,3,True,True
omutninsk,1,1,False,False
tariaca,1,1,True,True
sapponah,1,1,False,False
guangji,5,5,False,True
cangucu,3,3,True,True
cuareim,2,2,False,False
shioya,1,1,False,False
yeniseysk,5,5,False,False
orotko,1,1,False,False
qikiqtagruk,1,1,True,True
samhwa,2,2,True,True
aruja,1,1,False,False
aknuq_uk,1,1,False,False
miryang,2,2,False,False
windenburg,3,3,False,True
tianzhou,2,2,False,False
lindi_kwila,5,5,False,False
ziyang,1,1,False,False
st_francois_mts,1,1,False,False
guajobos,5,5,False,False
djirbalgan,1,1,True,True
khar_bukhyn,1,1,False,False
musi,5,5,False,True
baykit,5,5,False,False
gaamiskwaabikaang,2,2,True,True
kalaamaya,1,1,False,False
torgau,2,2,False,True
coco,1,1,False,False
itya_mahadu,5,5,False,False
naka_shikoku,1,1,True,True
pambala,3,3,False,False
tukums,1,1,True,True
rome,2,2,True,True
baihekou,1,1,False,False
kabakama,2,2,False,True
scw_exmx,5,5,False,False
belgorod,1,1,False,False
turyinskiye_rudniki,1,1,False,False
uinkaret,3,3,False,False
hansan,2,2,True,True
deren,5,5,True,True
mrubicha,1,1,False,False
nanzatico,1,1,False,False
ayllu_yacuchiri,1,1,False,False
evian,2,2,False,False
servia,1,1,False,False
cabo_formoso,4,4,True,True
menehould,1,1,False,False
ustyuzhna_zheleznopolskaya,5,5,False,False
belaya_soroka,2,2,False,False
lucknow,1,1,False,False
msoro,2,2,False,False
rovdino,5,5,False,False
offenbach,2,2,False,False
cascapedia,1,1,True,True
cittacastello,1,1,False,False
kaarendy,5,5,False,False
tokoto,1,1,False,False
chenggu,2,2,False,False
naupa_huen,1,1,False,False
kuzinde,5,5,False,False
papyeong,2,2,False,True
vopnafjordur,1,1,True,True
baronsk,5,5,False,True
banjabi,5,5,False,False
maheshpur,1,1,False,False
araquara,3,3,False,False
baruun_tar_nuur,1,1,False,False
pokshenga,1,1,False,False
trnava,1,1,False,False
pantagoras,5,5,False,True
alsigontekw,2,2,False,False
yukhnov,1,1,False,False
koko_bera,2,2,True,True
newenken,5,5,False,False
waskada,1,1,False,False
bayombe,3,3,False,False
ungwana,2,2,True,True
maybrat,2,2,False,False
montflanquin,1,1,False,True
hwangju,2,2,False,False
alfenas,5,5,False,False
okhannoye,3,3,False,True
liaoyang,1,1,False,False
shiquan,2,2,False,False
sobolevo,1,1,True,True
dashev,2,2,True,True
anyang,1,1,False,False
ruyang,1,1,False,False
millewa,2,2,True,True
konibodom,2,2,False,False
numedal,1,1,False,False
tsiigehtchik,1,1,False,False
bordeaux,3,3,True,True
atfalati,5,5,False,False
modos,3,3,False,False
galibal,1,1,False,False
omoloon,3,3,False,False
ulakh,1,1,False,False
urodan,1,1,False,False
hacaritamas,1,1,False,False
mistinatwayasu,5,5,False,False
verkhnyaya_toyma,5,5,False,True
bembe_kongo,5,5,False,False
igli,1,1,False,False
ras_kebdana,1,1,True,True
ikpeng,2,2,False,False
barquisimeto,1,1,False,False
gaocheng_suizhou,1,1,False,False
nizhnyaya_toyma,5,5,False,True
pocorosa,1,1,True,True
tieling,2,2,False,False
rao,3,3,False,False
jiaohe,1,1,False,False
kaiama,3,3,False,False
arles,3,3,True,True
cernauti,1,1,False,False
ipholhhelhlhup,4,4,False,True
namunka,1,1,False,False
nanuque,1,1,False,False
rawa_papua,2,2,True,True
airag_nuur,1,1,False,False
yuubari,2,2,False,False
changhua,1,1,True,True
kurita,1,1,False,False
elvas,1,1,False,False
chuqiu,5,5,False,False
tangyin,1,1,False,False
uzice,2,2,False,False
kazimierz,2,2,False,True
wrigley,5,5,False,False
medininkai_vilna,1,1,False,False
paracatu,5,5,False,False
nazimovo,5,5,False,False
choele_choel,3,3,False,False
koryazhma,5,5,False,True
amergo,1,1,False,False
hulun,1,1,False,False
osenny,1,1,False,False
tolna,4,4,False,True
alakol,1,1,False,False
kucevo,4,4,False,True
weiyuan_lintao,1,1,False,False
khordong,5,5,False,False
caico,1,1,False,False
kitanakagawa,1,1,False,False
shuman,1,1,False,False
shawinigan,5,5,False,False
shimoina,1,1,False,False
ikab_ya,1,1,False,False
hogohega,2,2,False,False
sicarate,1,1,False,False
chaydakh,1,1,False,False
saint_quentin,1,1,False,False
gurgueia,5,5,False,False
achit_nuur,1,1,False,False
yongning,1,1,False,False
pyti,5,5,False,False
yezsk,1,1,False,False
sergach,2,2,False,False
chaling,1,1,False,False
bihac,1,1,False,False
takam,2,2,False,False
ungheni,2,2,False,False
ngasingu,5,5,False,True
alfeld,1,1,False,False
drahushiv,2,2,False,False
xoxonal,1,1,False,False
mambone,2,2,True,True
valparaiso,5,5,False,False
erding,2,2,False,False
date_loc,1,1,False,False
brest_litowsk,1,1,False,True
mawlamyine,5,5,True,True
dukhovnitskoye,5,5,False,True
kozlov_vyazma,1,1,False,False
makarato,1,1,True,True
upardang,5,5,False,False
temagami,1,1,False,False
sihui,3,3,False,True
szeged,5,5,False,False
anasagunticook,2,2,False,False
chernaya,1,1,False,False
puyin,1,1,False,False
toraja,1,1,False,False
toshima_kanto,1,1,True,True
barayy,4,4,False,False
kiriras,5,5,False,False
tupancireta,5,5,False,False
utuva,1,1,False,False
v_enyn,2,2,True,True
ushguli,1,1,False,False
esk_el,5,5,False,False
ndalatando,2,2,False,True
khimzha,5,5,False,False
odaawaa,1,1,False,False
shaowu,1,1,False,False
arandai,2,2,True,True
patos,5,5,False,False
anso,1,1,False,False
rangkull_mapu,2,2,False,False
zhennan,1,1,False,False
shungopavi,3,3,False,False
hieraniony,1,1,False,False
xiaogan,2,2,False,False
tapo,1,1,False,False
poitiers,1,1,False,False
kola,1,1,True,True
saarijoki,5,5,True,True
harnosand,3,3,True,True
kresttsy,1,1,False,False
mootka,2,2,True,True
ilovna,5,5,False,False
monxoro,1,1,True,True
mengban_jihong,2,2,False,False
dura,5,5,False,True
onabeesh,1,1,False,False
guide,3,3,False,False
brokhovo,1,1,True,True
yeme,2,2,False,False
pieninka,1,1,False,False
xinchang_yifeng,1,1,False,False
boorj,2,2,False,False
xiangyin,4,4,False,True
kuloy,5,5,True,True
pest,4,4,False,True
bokovskaya,2,2,False,True
sarashina,5,5,False,False
saku,1,1,False,False
buayan,3,3,False,False
kai_theli_ke_hot_inne,5,5,False,False
siri_do,5,5,False,False
goianas,3,3,False,False
lanling,1,1,False,False
nuwakot,2,2,False,False
sambaliung,5,5,True,True
tanjungpuri,1,1,False,False
ngwaun,1,1,False,False
libonta,3,3,False,False
montreux,1,1,False,False
vatyrkan,1,1,True,True
itajui,2,2,False,False
whadjuk,1,1,False,False
sk_atsin,5,5,False,False
tumbalala,4,4,False,False
askiz,2,2,False,False
bragernes,5,5,True,True
laung,5,5,False,False
braiakalung,1,1,True,True
karokh,1,1,False,False
laungshe,1,1,False,False
stowbtsy,1,1,False,False
krenye,5,5,False,False
kaulong,1,1,True,True
qusquasrundee,5,5,False,False
ahe,5,5,False,False
rio_pomba,1,1,False,False
pickawillany,1,1,False,False
nagina,3,3,False,False
bad_rock,1,1,False,False
araes,5,5,False,False
ouentarionk,1,1,False,False
guanambi,4,4,False,False
staraya_zima,2,2,False,False
guachoyo,5,5,False,True
guato,5,5,False,False
ostrogozhsk,2,2,False,True
luojiao,1,1,False,False
mardanaqom,1,1,False,False
amasipukwek,1,1,True,True
funza,1,1,False,False
anunsu,1,1,False,False
pareja,1,1,False,False
winklern,1,1,False,False
kinojevis,2,2,False,False
kishim,5,5,False,False
restigouche,2,2,True,True
sokilets,1,1,False,False
rajgir,1,1,False,False
yala,1,1,False,False
bavaria_regen,1,1,False,True
narroging,1,1,False,False
darlag,2,2,False,False
moxos,5,5,False,False
tapiete,1,1,False,False
tupinamba,3,3,True,True
shuangliu,5,5,False,False
skopje,1,1,False,False
changyuan,3,3,False,False
petrovaradin,5,5,False,True
hebin,3,3,False,False
stepanevka,3,3,False,True
kulykol,1,1,False,False
kurung,5,5,False,False
takhir,3,3,False,False
lamogai,1,1,True,True
ashalaho,1,1,False,False
xizhou,1,1,False,False
nako,5,5,False,False
heyang,1,1,False,False
tohome,3,3,False,False
carapachay,5,5,True,True
acarau,1,1,False,False
namo_me,5,5,False,False
arari,5,5,True,True
sindagi,2,2,False,False
villach,2,2,False,False
ventadour,1,1,False,False
staraya_ryazan,3,3,False,True
manoki,5,5,False,False
tamsweg,1,1,False,False
calabar,4,4,True,True
charyn,2,2,False,False
yungdrung,5,5,False,False
tosan,1,1,False,False
shestakova,1,1,False,False
tcha_shka_ozhaye,1,1,False,False
askot,5,5,False,False
tuktoyukiuq,5,5,False,False
chochama,5,5,True,True
khatyryk_komo,1,1,False,False
phongsali,5,5,False,False
caparo,5,5,False,False
macheng,1,1,False,False
bhagalpur,5,5,False,True
sandan,5,5,False,True
scioto,5,5,False,True
yusva,3,3,False,True
qujiang,5,5,False,True
puan,3,3,False,False
kal_gatana,4,4,False,False
surruque,1,1,True,True
huju,2,2,False,False
pszczyna,1,1,False,False
chirovoye,1,1,False,False
longchuan,2,2,False,False
chimalapan,1,1,False,False
kafimbi,1,1,False,False
nembudziya,1,1,False,False
olooko_kuol,1,1,False,False
amaimon,2,2,True,True
gooniyandi,5,5,False,False
celle,1,1,False,False
shamkir,2,2,False,False
kangiqsualujjuaq,5,5,True,True
okwanuchu,1,1,False,False
karipuna,5,5,False,False
panamahkas,2,2,False,False
slobodskoy,5,5,False,False
muang_xay,5,5,False,False
tapajo,5,5,False,True
straubing,2,2,False,True
lubango,1,1,False,False
fallingbostel,1,1,False,False
mowhemencho,2,2,False,False
kozle,1,1,False,False
kakarakala,1,1,False,False
nak_azdlit_en,1,1,False,False
nikahionhwakowa,4,4,True,True
piacenza,3,3,False,True
hulu_labuk,2,2,False,False
uthan_uthatun,5,5,True,True
kuturga,5,5,False,False
piratininga,1,1,False,False
kaskaskia,1,1,False,True
dzamtang,1,1,False,False
saluzzo,1,1,False,False
nogoya,1,1,False,True
ponkhockie,3,3,False,True
huaying,3,3,False,False
tormosin,3,3,False,True
waykuche,1,1,False,False
turtas,5,5,False,True
sougb,1,1,True,True
mikhalkino,4,4,False,False
passos,5,5,False,False
freiburg,3,3,False,True
wetwin,5,5,False,True
kraburi,1,1,True,True
tatarskaya_tesyu,4,4,False,False
vileyka,1,1,False,False
essequibo,5,5,True,True
prainha,5,5,False,True
tortona,3,3,False,False
timbira,5,5,False,False
trusan,2,2,False,False
zapaluta,5,5,False,False
kanjamba,1,1,False,False
saluda,2,2,False,False
marghinan,2,2,False,False
kholmyech,3,3,False,False
samana,1,1,True,True
offenburg,3,3,False,True
prey_nokor,5,5,False,False
nkata,3,3,False,False
morkvash,4,4,False,True
kenamu,1,1,False,False
schinhandowi,1,1,False,False
ivrea,1,1,False,False
mbegela,2,2,True,True
penafiel,1,1,False,False
ariguani,2,2,False,False
roi_et,2,2,False,False
forchheim,1,1,False,False
ariste,2,2,True,True
chagannur,1,1,False,False
mambere,5,5,False,False
dongsheng,3,3,False,False
moqoit,2,2,False,False
evuevi,5,5,False,False
nestaocano,1,1,False,False
muang_mang,5,5,False,False
temiscouata,5,5,False,False
khalafabad,1,1,False,False
ma_amtagila,1,1,True,True
athabasca,3,3,False,False
ytykyra,1,1,False,False
tarrega,1,1,False,False
alausi,1,1,False,False
baofeng,1,1,False,False
kuzmovka,3,3,False,False
namrup,1,1,False,False
sumperk,1,1,False,False
mingin_australia,5,5,True,True
berezhnovka,5,5,False,True
pukamuru,1,1,False,False
hambatus,2,2,False,False
kalskaq,1,1,False,False
terbi,2,2,True,True
ningbian,3,3,False,False
nur,1,1,False,True
pengshui,5,5,False,False
satingpura,1,1,True,True
amiens,1,1,False,False
ziul_zkan,2,2,False,False
gualeguas,2,2,False,False
mekinock,5,5,False,False
camacota,5,5,False,False
selo_yartsevo,5,5,False,False
bormio,1,1,False,False
kikalla,5,5,False,False
liezen,1,1,False,False
bruneck,1,1,False,False
ceibal,5,5,False,False
miass,1,1,False,False
caracal,2,2,False,False
verona,2,2,False,True
chana,4,4,True,True
apyawa,5,5,False,False
narsipur,1,1,False,False
malye_oserki,3,3,False,False
pereiaslav,5,5,False,True
murau,1,1,False,False
morangi,5,5,False,False
ajehuac_yana,1,1,False,False
ul_ya,1,1,True,True
ukek,5,5,False,True
manguenzo,2,2,False,False
bogiston,5,5,False,False
mussul,1,1,True,True
uppinangady,2,2,False,False
lumbini,3,3,False,False
koidanova,1,1,False,False
krutogorovskiy,1,1,True,True
huarco,1,1,True,True
chichaoua,1,1,False,False
kaxa_marca,3,3,False,False
gulya,1,1,False,False
muang_jam,1,1,False,False
tsagvli,1,1,False,False
pordenone,1,1,False,False
olenegorsk,3,3,False,False
lematang,5,5,False,False
mazyr,2,2,False,False
bkwejanong,5,5,True,True
kedang_pahu,5,5,False,False
kasba,1,1,False,False
podebrady,1,1,False,False
bedia,1,1,True,True
iyeesnime,5,5,False,False
chateaulin,1,1,True,True
des_nedhe,2,2,True,True
palikur,3,3,True,True
tanakteuk,1,1,True,True
spirka,3,3,False,False
monecato,5,5,False,False
yiman,5,5,False,False
lohr,1,1,False,False
huitong,5,5,False,False
tombigby,1,1,False,False
paungde,5,5,False,True
pikillaqta,1,1,False,False
nagavskaya,3,3,False,True
kamatapur,5,5,False,True
grandpre,1,1,False,False
el_burullus,3,3,True,True
bilbeis,1,1,False,False
hiw,4,4,False,True
yedagiri,2,2,False,False
bengoala,1,1,False,False
fahambahy,1,1,True,True
moramanga,1,1,False,False
andranomavo,2,2,False,False
manoninerina,5,5,False,False
vohimasina,5,5,False,False
teniky,5,5,False,False
taolambiby,2,2,False,False
vohipeno,1,1,True,True
manfalut,4,4,False,True
nuba_sud,5,5,False,False
nwalungu,5,5,False,False
west_hehe,1,1,False,False
west_kimbu,1,1,False,False
haya,2,2,False,False
karamoja,1,1,False,False
datooga,1,1,False,False
magorix,1,1,True,True
west_shangana,2,2,False,False
sumbwa,1,1,False,False
north_ngindo,5,5,False,False
pokot,1,1,False,False
daasanach,3,3,False,False
kelkit,1,1,False,False
khupati,2,2,True,True
amadiya,1,1,False,False
golere,2,2,False,True
cermik,3,3,False,False
safranbolu,1,1,False,False
bafra,2,2,True,True
kemah,1,1,False,False
samsat,3,3,False,False
elbistan,1,1,False,False
sarkisla,1,1,False,False
cankiri,1,1,False,False
gemerek,1,1,False,False
bursa,2,2,True,True
emet,1,1,False,False
kibrus,1,1,False,False
seyitgazi,1,1,False,False
cerkes,1,1,False,False
dinek_keskin,1,1,False,False
lazkiye,1,1,False,False
guzelhisar,1,1,False,False
koyulhisar,1,1,False,False
genc,2,2,False,False
qusayr,1,1,False,False
idlib,1,1,False,False
mosul,5,5,False,False
abu_kemal,3,3,False,False
khanaqin,2,2,False,False
samawa,3,3,False,False
basra,4,4,False,True
numaniyyah,3,3,False,True
lanka,5,5,False,False
zhokha,5,5,False,False
pravaya_khetta,5,5,False,False
pome,5,5,False,False
ramnicu_sarat,2,2,False,False
sarkajpa,1,1,False,False
wolastoq,2,2,False,False
tulazi,2,2,True,True
kunjen,5,5,False,False
jaynagar,1,1,True,True
tarbes,1,1,False,False
andarab,1,1,False,False
qala_safid,1,1,False,False
lahijan,2,2,True,True
tuf_shur_tia,1,1,False,False
mbia,2,2,False,False
avaes,5,5,False,True
huizhou,1,1,False,False
waccamaw,1,1,True,True
guayacundo,1,1,False,False
orotukan,3,3,False,False
wankani,1,1,False,False
udachny,1,1,False,False
ixtlahuacan,1,1,False,False
yapeyu,5,5,False,False
benavente,5,5,False,False
nansheng,1,1,False,False
chenyang,1,1,False,False
patoka,5,5,False,True
shigatse,5,5,False,False
jabiyan,1,1,False,False
bazhai,1,1,False,False
reinosa,1,1,False,False
yevoyakha,5,5,False,False
llacsapallanca,2,2,False,False
kaocheng,5,5,False,False
kamilaroi,1,1,False,False
ramnagar_bihar,3,3,False,False
tongcheng_anqing,1,1,False,False
ob,5,5,False,True
kamspikihteek,5,5,False,False
waounde,2,2,False,True
lorena,2,2,False,False
benauges,5,5,True,True
ayahuacas,1,1,False,False
joara,1,1,False,False
sindangkasih,2,2,False,False
novita,2,2,False,False
pangkalan_kerinci,5,5,False,False
samalqan,1,1,False,False
cherohenaka_nc,2,2,False,True
rapayan,5,5,False,False
nababeep,2,2,False,False
huacareta,1,1,False,False
kysmyci,1,1,False,False
igboho,1,1,False,False
gabin,3,3,False,True
wotapio,1,1,False,False
kaniv,3,3,False,True
amarendrapura,1,1,True,True
maanaagi_iixodagish,3,3,False,False
ilyinsko_podomskoye,1,1,False,False
kracheh,5,5,False,True
zharzhan,5,5,False,False
dogonbadan,1,1,False,False
izori,1,1,False,False
caraveli,1,1,False,False
manturovo,1,1,False,False
seke_gabun,5,5,True,True
prasong,1,1,True,True
papile,1,1,False,False
zhijiang,5,5,False,True
oruro,1,1,False,False
baxian,5,5,False,True
yakovlevskoye_bolshoye,3,3,False,True
tana,3,3,True,True
khati,2,2,False,False
aigun,5,5,False,False
rovnoye,5,5,False,True
amaye,5,5,False,False
ogonok,2,2,False,False
ploermel,1,1,False,False
matoueska,5,5,False,False
papayeca,2,2,True,True
vartashen,3,3,False,False
naghan,1,1,False,False
raqchi,1,1,False,False
pitsunda,1,1,True,True
mau_jaunpur,1,1,False,False
eket,4,4,True,True
lubudi,5,5,False,False
bland,2,2,False,False
dakadjalan,2,2,False,False
ngalakan,1,1,False,False
qingjiang,4,4,False,True
turek,1,1,False,False
zacatollan,1,1,True,True
kohi_safi,5,5,False,False
kisatchie,3,3,False,True
tegyulte,2,2,False,False
mizque,1,1,False,False
yasothon,5,5,False,False
sm_algyax,3,3,True,True
rudobelka,1,1,False,False
kherameh,1,1,False,False
goalpara,5,5,False,True
luchani,1,1,False,False
orotuk,5,5,False,False
uolba,2,2,False,False
tlapacoya,1,1,False,False
perbatasan,2,2,False,False
qaryat_al_bidh,1,1,False,False
calicua,1,1,False,False
kinbasket,5,5,False,False
ilovlya,3,3,False,True
liubeshiv,1,1,False,False
pingchuan,3,3,False,False
nanja,2,2,False,False
enisala,5,5,True,True
usolye,5,5,False,True
banikoara,1,1,False,False
mica_creek,3,3,False,False
kasakaupuyau,5,5,False,False
hepa,1,1,False,False
yanahuara,1,1,False,False
tyokhtyur,4,4,False,False
carmacks,3,3,False,False
cocamas,5,5,False,False
gerdauen,1,1,False,False
jawand,1,1,False,False
lomza,1,1,False,False
wet_suwet_en,1,1,False,False
kuukuyani,1,1,True,True
karabul,2,2,False,False
ganden_delingshar,2,2,False,False
kinosao_sipi,4,4,False,False
tamazula,1,1,False,False
rio_pongo,5,5,True,True
xiaoxi,2,2,False,False
koroc,1,1,False,False
wroclaw,2,2,False,True
mbaiki,4,4,False,False
scqescilni,4,4,False,False
huaxtla,3,3,False,False
itu,2,2,False,False
cumra,1,1,False,False
nlaka_pamux,5,5,False,False
sausaya,2,2,False,False
lai_lin_pi,5,5,False,False
caux,2,2,True,True
culiacan,1,1,True,True
utina,2,2,False,False
enashimo,5,5,False,False
zarafshan,1,1,False,False
mackinac,4,4,True,True
yuanjiang_yuanjiang,2,2,False,False
thilane_hot_ine,5,5,False,False
morondo,1,1,False,False
obyachevo,1,1,False,False
andaki,5,5,False,False
muang_khuan_kra_buri,1,1,True,True
baragram,5,5,False,True
szabolcs,3,3,False,False
yaino,2,2,False,False
hofgeismar,1,1,False,True
huncun,3,3,False,False
goaso,1,1,False,False
wishram,5,5,False,False
puncune,1,1,False,False
libolo,1,1,False,False
odoli,1,1,False,False
riberac,1,1,False,False
bumbe,2,2,False,False
arguvan,3,3,False,False
kakataibo,5,5,False,False
altun_ha,2,2,True,True
bakhmut,2,2,False,False
kerben,2,2,False,False
changli,1,1,True,True
akonolinga,1,1,False,False
katrawunletuayin,1,1,True,True
pengxi,2,2,False,False
hayrabolu,2,2,False,False
gayardilt,1,1,True,True
munk,1,1,False,False
cushamen,5,5,False,False
chioata,5,5,False,False
mocoa,3,3,False,False
alamarvdasht,1,1,False,False
guancheng_zhengzhou,3,3,False,False
sinu,2,2,True,True
kapuskaywak,3,3,False,False
kadykchan,1,1,False,False
kiamichi,5,5,False,False
tuckabutche,2,2,False,False
kiluata,2,2,False,False
chetilla,3,3,False,False
sampit,5,5,True,True
headdhetanwan,5,5,False,False
sagu,5,5,False,True
demak,1,1,True,True
yongshun,5,5,False,False
tzaneen,1,1,False,False
tongchuan_dazhou,2,2,False,False
skootamatta,1,1,False,False
picchu,2,2,False,False
williston,3,3,False,False
guanyang,1,1,False,False
mayeye,2,2,False,False
okavango,2,2,False,False
bilinara,1,1,False,False
daban,4,4,False,False
yadkin,1,1,False,False
zhongmu,3,3,False,False
villars,1,1,False,True
ngunawal,1,1,False,False
amaga,5,5,False,False
chinook,4,4,True,True
baishan,3,3,False,False
gorizia,1,1,False,False
nyuele,1,1,False,False
mghumbhani,1,1,False,False
kochkor,1,1,False,False
wanapum,4,4,False,False
cukataw,4,4,False,True
manchac,1,1,False,False
kilmes,1,1,False,False
mongnawng,2,2,False,False
sanandaj,1,1,False,False
changle_fujian,3,3,True,True
deskenetlata,4,4,False,False
boguchar,2,2,False,True
bolshaya_gribanovka,1,1,False,False
venlo,2,2,False,True
mongkawng,5,5,False,False
fischhausen,1,1,True,True
linying,1,1,False,False
pacolate,1,1,False,False
ndwandwe,1,1,True,True
longyang,4,4,False,False
mohetan,5,5,False,False
ardra,5,5,True,True
pucheng,1,1,False,False
kishi,1,1,False,False
akinkumasnuqit,5,5,False,False
eianamogola,2,2,False,False
sviyazhsk,5,5,False,True
eroo,1,1,False,False
wanamara,1,1,False,False
macaya,2,2,False,False
micewehudehik,1,1,False,False
tullahoma,1,1,False,False
kheis,2,2,False,False
kabebe,1,1,False,False
pilak,5,5,False,False
kotto,5,5,False,False
fenyi,1,1,False,False
adena,1,1,False,False
batyr,3,3,False,False
song_be,2,2,False,False
smerdyn,1,1,False,False
kustur,1,1,False,False
apure,5,5,False,False
ahsenisiipi,5,5,False,False
doustioni,5,5,False,False
chatuza,5,5,False,False
pelme,1,1,False,False
hiwasee,2,2,False,False
bocaiuva_do_sul,1,1,False,False
gonaqua,1,1,True,True
aldan,1,1,False,False
upper_yukon,4,4,False,False
gitxsanimaax,3,3,True,True
asheweig,5,5,False,False
yarra,1,1,False,False
wanqiu,1,1,False,False
monasukapanough,1,1,False,False
neustadt_an_der_haardt,3,3,False,True
yakataga,2,2,True,True
conghua,1,1,False,False
pajang,1,1,False,False
samastipur,5,5,False,True
wabamun,2,2,False,False
xingguo,1,1,False,False
lukassi,5,5,False,False
kaipeshimushich,3,3,False,False
hessequa,1,1,True,True
gulja,1,1,False,False
fremont,1,1,False,False
shangsi,1,1,False,False
wazirabad,5,5,False,False
eminabad,3,3,False,False
mandleshwar,1,1,False,False
liege,2,2,False,True
machynlleth,1,1,False,False
pathri,5,5,False,False
sialkot,3,3,False,False
pindi_bhattian,3,3,False,False
kondapalli,5,5,False,False
chisvingo,1,1,False,False
somana,2,2,True,True
chindre,5,5,True,True
jammu,3,3,False,False
panugallu,5,5,False,False
aheri,5,5,False,False
pallakolu,1,1,True,True
kingston,1,1,False,True
mirama,1,1,False,False
chikowa,4,4,False,False
virkgarh,2,2,False,True
baran,3,3,False,False
bankapura,1,1,False,False
raighar,1,1,False,False
damoh,1,1,False,False
chhaparagarh,2,2,False,False
sunam,1,1,False,False
oxford,1,1,False,False
nyani,1,1,False,False
sadhaura,2,2,False,False
medak,1,1,False,False
thalner,2,2,False,False
lotsane,1,1,False,False
bigo_bya_mugenyi,1,1,False,False
mapungubwe,1,1,False,False
gomene,1,1,True,True
samana_india,1,1,False,False
wayanad,1,1,False,False
sultanwind,2,2,False,False
belur,1,1,False,False
chibvumani,2,2,False,False
zvipadze,1,1,False,False
donegal,1,1,True,True
agori,5,5,False,False
gandikota,1,1,False,False
kozhikode,2,2,True,True
kalyani,1,1,False,False
malapuram,1,1,False,False
banswara,5,5,False,False
jhansi,2,2,False,False
pangani,1,1,True,True
bhatta,5,5,False,False
ibo,1,1,True,True
sitavaka,1,1,False,False
shorkot,5,5,False,True
sugaur,1,1,False,False
muchuchu,1,1,False,False
thanjavur,1,1,False,False
ghazipur,4,4,False,True
aqiq_banu_uqayi,2,2,False,False
enkoping,2,2,False,False
tierp,3,3,True,True
kisiju,3,3,True,True
sala,3,3,False,False
kathua,2,2,False,False
dera_ghazi_khan,4,4,False,False
inhambane,1,1,True,True
korra,3,3,False,True
chilas,3,3,False,False
karikkode,1,1,False,False
ghansor,2,2,False,False
jaunpur,5,5,False,True
rawalpindi,2,2,False,False
broach,3,3,True,True
porahat,5,5,False,False
kalingapattanam,1,1,True,True
parecis,2,2,False,False
moudery,2,2,False,True
debar,1,1,False,False
ajase,2,2,True,True
sherbro_island,5,5,True,True
boke,2,2,True,True
ketu,5,5,False,False
falaba,1,1,False,False
bale,2,2,False,False
daoukro,2,2,False,False
el_manaqil,3,3,False,False
abengourou,2,2,False,False
dabaca,1,1,False,False
sfantu_gheorghe,1,1,False,False
kerma,4,4,False,False
renk,3,3,False,False
wadi_el_melik,1,1,False,False
wara,1,1,False,False
asmara,1,1,False,False
guba,5,5,False,False
korpilombo,1,1,False,False
al_rusayrisi,4,4,False,False
tesenei,2,2,False,False
valka,1,1,False,False
ansongo,3,3,False,False
birnin_kebbi,5,5,False,False
zorgho,1,1,False,False
badajoz,1,1,False,False
valladolid,1,1,False,False
castelo_branco,2,2,False,False
gaia,5,5,False,False
hombori,1,1,False,False
pontevedra,1,1,True,True
hamdallaye,1,1,False,False
makary,3,3,False,False
moito,1,1,False,False
ngazargamu,5,5,False,False
rim,1,1,False,False
shira,1,1,False,False
wa,2,2,False,False
garalo,1,1,False,False
gubio,1,1,False,False
koko,1,1,False,False
bokoro,1,1,False,False
tiwal,1,1,False,False
brody,1,1,False,False
parnaiba,2,2,False,False
banfora,1,1,False,False
sao_joaquim,5,5,False,False
kiokee,2,2,False,True
shimen_poyang,1,1,False,False
cesis,1,1,False,False
tu_nedhe,4,4,False,False
fuyang,1,1,False,False
cibadak,2,2,True,True
targoviste,1,1,False,False
suqian,5,5,False,True
wuxi,3,3,False,True
hezhou_he,5,5,False,True
dongliu,5,5,False,True
lujiang_luzhou,1,1,False,False
taihe,2,2,False,False
yunhe,1,1,False,False
xianju,1,1,False,False
le_lude,1,1,False,False
st_at_imcets,3,3,False,False
vila_vicosa,1,1,False,False
bordowa,5,5,False,False
pokiok,3,3,False,False
usun,5,5,False,False
gokseong,1,1,False,False
shenyang,2,2,False,False
kayabi,5,5,False,False
yongan_youzhou,1,1,False,False
etrek,1,1,True,True
sukadana,2,2,True,True
mandor,3,3,True,True
uleaborg,1,1,True,True
drastar,5,5,False,True
konyovo,5,5,False,False
katok,3,3,False,False
ondaimas,5,5,False,True
nogui,5,5,False,False
privas,3,3,False,True
rotenburg,1,1,False,False
qingshen,3,3,False,False
santok,1,1,False,False
baochang_nanxiong,1,1,False,False
iiq,3,3,True,True
attikamagen,1,1,False,False
bonghwa,1,1,False,False
tukulan,4,4,False,False
sheulec,2,2,False,False
sumino,1,1,False,False
wolow,2,2,False,True
shuihui,1,1,False,False
mongtung,4,4,False,False
chistamikap,5,5,False,False
maingkwan,2,2,False,False
nishiusuki,1,1,False,False
praiba_sul,5,5,False,False
nguera,5,5,False,False
kyyrola,3,3,False,False
yizhou_tengzhou,1,1,False,False
hita,1,1,False,False
utlandet,3,3,True,True
oono_bungo,1,1,False,False
yanranay,1,1,False,False
tula,1,1,False,False
batete,4,4,False,False
simsir,1,1,False,False
verkh_chebula,3,3,False,False
aikana,1,1,False,False
chorten_nyima,1,1,False,False
nagaradalaax,1,1,False,False
ufa,3,3,False,False
oladjau,5,5,False,False
norman_wells,1,1,False,False
kolno,1,1,False,False
seongju,2,2,False,False
uryupin,1,1,False,False
moura,2,2,False,False
luocheng,3,3,False,False
ava_canoeiro,5,5,False,False
yingcheng,1,1,False,False
debyosy,1,1,False,False
zhaldama,1,1,False,False
marimba,3,3,False,False
vstrechny,1,1,False,False
uzes,3,3,False,True
tudeshk,1,1,False,False
guangzhou,3,3,False,False
kyat_kala,3,3,False,False
vershinino,1,1,False,False
stung_treng,5,5,False,True
xerente,5,5,False,False
lyon,5,5,False,True
chastye,3,3,False,True
lappo,1,1,False,False
purnia,5,5,False,True
messalonskee,2,2,False,False
kalala_kazemba,1,1,False,False
bia_mbya,5,5,False,False
lebesby,1,1,True,True
onkobagag,1,1,False,False
khakhaly,4,4,False,True
muarakaman,5,5,False,False
tih_go_tel,1,1,False,False
kutarka,3,3,False,False
poltsamaa,1,1,False,False
putyatino,3,3,False,True
guwinmal,1,1,True,True
troyes,1,1,False,False
pyeonggang,1,1,False,False
kitchissippi,5,5,False,False
minden,2,2,False,True
maguela,2,2,False,False
strehaia,1,1,False,False
lheidlit_en,5,5,False,False
ossabaw,1,1,True,True
choconta,1,1,False,False
reading,1,1,False,True
shopando,3,3,False,False
alexeyevskaya,2,2,False,False
maerkang,3,3,False,False
kuala_kampar,1,1,True,True
oleshia,5,5,True,True
sittaung,3,3,True,True
pakaasnovos,2,2,False,False
watonwan,1,1,False,False
kitsai,1,1,False,False
binayakpur,2,2,False,False
seongcheon,1,1,False,False
khaiylmysh,1,1,False,False
nahavand,1,1,False,False
burga,2,2,False,False
megrino,1,1,False,False
taihe_dali,1,1,False,False
toho,2,2,False,False
yakkajari,1,1,False,False
popowa_gora,1,1,False,False
luoxiu,3,3,False,False
cangxi,3,3,False,False
jaminjung,5,5,True,True
cayubaba,5,5,False,False
varamin,1,1,False,False
kolchugino,3,3,False,False
warendorf,1,1,False,False
vitry_aux_loges,1,1,False,False
mocana,4,4,True,True
changtai,2,2,False,False
sakminskoye_vodokhranilishche,1,1,False,False
atikaki,1,1,False,False
gapsan,1,1,False,False
uiju,5,5,True,True
muconda,1,1,False,False
traianopolis,5,5,True,True
tillamook,1,1,True,True
onseong,3,3,True,True
qalai_khumb,3,3,False,False
kostroma,3,3,False,True
sakju,3,3,False,False
takhtoyamsk,1,1,True,True
oahaha,5,5,False,False
yichuan,3,3,False,False
hamburg,3,3,True,True
koponovo,3,3,False,True
winneway,5,5,False,False
sapukaia,5,5,False,False
yalarrnga,2,2,False,False
illescas,1,1,False,False
vitry_en_pertois,1,1,False,False
murri,5,5,True,True
campinas,5,5,False,False
magyarovar,4,4,False,True
ado_ekiti,1,1,False,False
akwatia,1,1,False,False
bana,2,2,False,False
kyyindy,5,5,False,True
chalancon,1,1,False,False
matapesatakun,1,1,False,False
wang_pho,2,2,False,False
sakai_echizen,5,5,True,True
kuse,2,2,False,False
tharawal,1,1,True,True
ban_luang_cheng,3,3,False,False
caroni,5,5,False,True
porangatu,5,5,False,False
latje_latje,2,2,False,False
ceheng,3,3,False,False
gogai,1,1,False,False
poshekhonye,2,2,False,False
achim,2,2,False,True
toro,1,1,False,False
moloskovitsa,1,1,False,False
sklad,1,1,False,False
sorachi,5,5,False,False
zica,1,1,False,False
guatacuba,5,5,False,False
kalispel,3,3,False,False
hezhou,3,3,False,False
mozhino,1,1,False,False
kostopil,1,1,False,False
parnagua,1,1,False,False
aracuai,5,5,False,False
abimatinu,5,5,False,False
xincheng_xincheng,4,4,False,False
ushytsia,2,2,False,False
sekili,1,1,False,False
pitkachi,1,1,False,False
chunoyar,2,2,False,False
wadian,1,1,False,False
qonirat,3,3,False,False
chom_khao_maneerat,5,5,False,False
kashima,2,2,True,True
ramu,1,1,True,True
fas_papua,1,1,True,True
sorochinskaya,1,1,False,False
paro,1,1,False,False
kazhi,5,5,False,False
geshitsa,5,5,False,False
ibi,5,5,False,False
berezhnyany,1,1,False,False
nsolu,2,2,True,True
prizren,5,5,False,False
mendetna,1,1,False,False
hochob,1,1,False,False
kichkas,3,3,False,True
nong_bok,5,5,False,False
myedu,4,4,False,True
isenga,1,1,False,False
mugi,1,1,False,False
toki,5,5,False,False
espopolames,1,1,False,False
almaty,2,2,False,False
gaocheng,1,1,False,False
hasar,5,5,False,False
yaqan_nukiy,2,2,False,False
bolshevo,1,1,False,False
kamchatsk,3,3,True,True
kalapuya,5,5,False,False
sunkoshi,1,1,False,False
yoshiki,1,1,False,False
wahachee,5,5,False,False
aruamu,5,5,True,True
pomorye,5,5,True,True
boluo,3,3,False,False
kwahada,1,1,False,False
raipur_bengal,2,2,False,False
yama_jap,2,2,False,False
njambi,1,1,False,False
kirovskiy,1,1,True,True
mantago,2,2,False,False
siliguri,2,2,False,False
sigdal,1,1,False,False
valkumey,1,1,False,False
pingwu,1,1,False,False
gananoque,4,4,True,True
guiling,5,5,False,False
cacequi,1,1,False,False
khanashin,2,2,False,False
pyay,5,5,False,True
yundin,1,1,False,False
yahyali,1,1,False,False
bife,2,2,True,True
jinghai,5,5,True,True
kricatije,1,1,False,False
luninets,1,1,False,False
bakhtinsky,5,5,False,False
kanchapur,3,3,False,False
puvina_padangile,2,2,False,False
maitomoni_ohe,1,1,False,False
porto_tibirica,5,5,False,False
yunyang,5,5,False,True
angers,5,5,False,True
kovda,1,1,True,True
pskov,2,2,False,False
chudovo,5,5,False,True
kaprun,1,1,False,False
kremenets,1,1,False,False
kalmius,2,2,False,False
akwen,5,5,False,False
jokkmokk,3,3,False,False
syuldyukar,3,3,False,False
chain_chaitun,2,2,True,True
kamor,2,2,False,False
tsa_tinne,5,5,False,False
kadur,1,1,False,False
bukhara,2,2,False,False
baru,1,1,True,True
turciansky_svaty_martin,1,1,False,False
mrauk_u,3,3,False,False
balikley,1,1,True,True
piratinin,5,5,True,True
ybiti,2,2,False,False
hoifa,5,5,False,False
caratunk,1,1,False,False
guaxule,1,1,False,False
sharu,2,2,False,False
mangala,2,2,False,False
wuliehe,1,1,True,True
xunyang,5,5,False,False
sho,3,3,False,False
schweinitz,2,2,False,True
adzera,1,1,False,False
sershul,1,1,False,False
gerit,5,5,False,False
budjanga,1,1,False,False
beylagan,5,5,False,False
paruhuya,1,1,False,False
qashliq,4,4,False,True
mang_viet,3,3,False,False
tuyetah,2,2,False,False
hulu_seruyan,5,5,False,False
piripucu,1,1,False,False
chai_nat,3,3,False,True
plasencia,2,2,False,False
uru_pa_in,3,3,False,False
akhalkalaki,1,1,False,False
khaqmar,1,1,False,False
najama,2,2,False,False
towosaghy,5,5,False,True
xixiang,2,2,False,False
naumburg,1,1,False,False
tawahka,3,3,True,True
shexian_cizhou,1,1,False,False
felvint,1,1,False,False
cozia,1,1,False,False
salvaterra,2,2,False,True
kayagar,5,5,False,False
brvenik,1,1,False,False
xualae,1,1,False,False
jiyin,3,3,False,False
tetyushi,4,4,False,True
strzelce_opolskie,1,1,False,False
sampheling,1,1,False,False
tucho,4,4,False,False
kanthi,2,2,True,True
olenda,2,2,False,False
rajanari,3,3,False,False
okam,2,2,True,True
bororos,5,5,False,False
educhanka,5,5,False,False
menlu,1,1,False,False
verkhotomsk,3,3,False,False
ansbach,1,1,False,False
yangjiang,2,2,True,True
kengtung,2,2,False,False
argun,1,1,False,False
hulu_telen,5,5,False,False
oliveira,1,1,False,False
ryrkaypiy,5,5,False,False
chuhuiv,1,1,False,False
gresi,1,1,True,True
xicheng,3,3,False,False
nitahende,1,1,False,False
beya,5,5,False,False
jishi,3,3,False,False
puyu_huapi,2,2,True,True
kisenge,2,2,False,False
pachina,3,3,True,True
caloosahatchee,2,2,True,True
padas,2,2,True,True
kwachal,1,1,False,False
chagu,3,3,False,False
sodankyla,5,5,False,False
halchidoma,3,3,False,False
schwyz,1,1,False,False
wied,3,3,False,True
helong,1,1,False,False
icabaqua,2,2,True,True
chainpur,3,3,False,False
hlucin,1,1,False,False
ruyuan,2,2,False,False
akokpaq,5,5,True,True
st_johann,1,1,False,False
forcalquier,1,1,False,False
chiripa,5,5,False,False
nambu,1,1,True,True
weskarini,1,1,False,False
xicallanco,4,4,True,True
araska,3,3,False,False
ita_cuara,5,5,False,False
t_aaku,2,2,True,True
maracoa,5,5,False,False
cais,5,5,False,False
changan,5,5,False,False
pervouralsk,1,1,False,False
mucajai,5,5,False,False
feldbach,1,1,False,False
itanagar,5,5,False,False
itaboa,5,5,False,False
silam,2,2,False,False
durbe,1,1,True,True
siberia_kuytun,2,2,False,False
kainsky_pas,1,1,False,False
soboloox,3,3,False,False
ferrara,3,3,False,True
fucheng_hejian,1,1,False,False
atikokiwam,1,1,False,False
yangzhou,2,2,False,False
tzunuun,1,1,False,False
qinghe,1,1,False,False
ganserndorf,1,1,False,True
batamay,5,5,False,False
nyrob,5,5,False,False
minisink,1,1,False,False
pakokku,5,5,False,True
lucheng_luan,1,1,False,False
grenland,5,5,False,False
caftacha,1,1,False,False
ponoi,1,1,True,True
alat,1,1,False,False
kajkwakratxi,5,5,False,False
sandonnino,3,3,False,True
sauipe,1,1,True,True
luoshan,1,1,False,False
oswegatchie,1,1,False,False
melamela,2,2,True,True
oyem,2,2,False,False
mumbos,5,5,False,False
aslan_horod,3,3,False,True
sheohar,2,2,False,False
andimeshk,2,2,False,False
chirki,1,1,False,False
talmas_ata,1,1,False,False
cheremkhovo,5,5,False,False
kalmanka,5,5,False,False
sungai_lati,3,3,True,True
khamakar,2,2,False,False
adyumba,5,5,True,True
guarzo,1,1,False,False
ishimbay,2,2,False,False
prathai_saman,5,5,False,False
cahiague,1,1,False,False
minduso,2,2,False,False
toogee,5,5,True,True
torres_novas,2,2,False,True
kuchaky,1,1,False,False
ichagarh,2,2,False,False
wangan,1,1,False,False
yukonda,4,4,False,True
quibala,1,1,False,False
obishikokaang,2,2,False,False
squamish,2,2,True,True
paranabuku,4,4,False,False
chucutitlan,5,5,True,True
yuskus,5,5,False,False
kangu,3,3,False,False
beja_TUN,1,1,False,False
sakawyiniw,3,3,False,False
laian,1,1,False,False
mum,5,5,False,False
novosyolovo,4,4,False,False
phetchaburi,1,1,True,True
liubech,5,5,False,False
pinerolo,1,1,False,False
lamatama,5,5,False,False
madi_yuanling,3,3,False,False
longa,2,2,False,False
demerara,2,2,True,True
phakant,5,5,False,False
linhuan,1,1,False,False
mindon,5,5,False,True
quwo,1,1,False,False
bimbia,3,3,True,True
bukawa,1,1,True,True
zouxian,1,1,False,False
liambye,2,2,False,False
lega_kongo,3,3,False,False
amnye_machen,3,3,False,False
otadaonanis,3,3,True,True
khirkhira,2,2,False,False
jagaraga,5,5,False,False
guichita,1,1,False,False
curruhuinca,5,5,False,False
arona,5,5,False,False
malyy_uran,1,1,False,False
balrampur,2,2,False,False
kapuas,5,5,False,False
solothurn,3,3,False,False
napochi,1,1,False,False
novy_bykhaw,2,2,False,False
minnewawa,1,1,False,False
gucheng,3,3,False,True
zimba,3,3,False,False
jyekundo,2,2,False,False
briviesca,1,1,False,False
funil,5,5,False,False
acoroazes,4,4,False,False
ostrovskoye,5,5,False,True
anavik,2,2,True,True
xam_neua,1,1,False,False
ajuchitlan,3,3,False,False
tamu,5,5,False,False
rozhyshche,1,1,False,False
rechytsa,5,5,False,False
khadanzaa,2,2,False,False
shanggao,2,2,False,False
wanggika,1,1,False,False
chillan,1,1,False,False
kaitangata,3,3,True,True
ijathibe_wapta,1,1,False,False
kaweinag,2,2,True,True
siya,5,5,False,True
istakhr,1,1,False,False
scheibbs,3,3,False,False
maruf,1,1,False,False
rudnya_pontic,1,1,False,False
uwharrie,2,2,False,False
tomakivka,5,5,False,True
amstetten,3,3,False,True
ontaretse,1,1,False,False
chatata,1,1,False,False
freistadt,3,3,False,True
nacogdoches,1,1,False,False
muong_luan,1,1,False,False
wycombe,1,1,False,True
schleiz,1,1,False,False
legnica,2,2,False,True
birzai,1,1,False,False
ebeex,1,1,False,False
mariocai,5,5,True,True
lyubytino,2,2,False,False
suan,1,1,False,False
purubora,1,1,False,False
miyoshi_shikoku,1,1,False,False
gechak,3,3,False,False
yagalingu,1,1,False,False
pelmo,1,1,False,False
szamotuly,1,1,False,False
brass,4,4,True,True
shapoquate,1,1,False,False
askino,2,2,False,False
beloretsk,1,1,False,False
mubami,2,2,False,False
tanjung_palas,3,3,True,True
qichun,5,5,False,True
jeminay,5,5,False,False
kien_kuol,1,1,False,False
coatzacoalco,5,5,True,True
tompo,2,2,False,False
aluksne,1,1,False,False
yaguari_guazu,5,5,False,True
puri_simao,1,1,False,False
minkaniciciw,1,1,False,False
yongjia,2,2,True,True
muskegon,1,1,True,True
kengkham,5,5,False,False
chateaudun,1,1,False,False
halych,1,1,False,False
vardo,2,2,True,True
achaka,1,1,False,False
tulsa,5,5,False,False
kamyshnoye,3,3,False,False
otuke,1,1,False,False
lunan,1,1,False,False
wahemen,1,1,False,False
nevel,1,1,False,False
longchuan_xunzhou,5,5,False,False
generostee,1,1,False,False
glukharinyi,3,3,False,False
araripocone,5,5,False,False
kagoma,2,2,False,False
oro_win,2,2,False,False
shifang,1,1,False,False
aquileia,1,1,True,True
dengfeng,1,1,False,False
steyr,2,2,False,False
tchoukafala,1,1,False,False
tula_ark,3,3,False,False
hulu_kapuas,2,2,False,False
mbya,3,3,False,False
sylgy_ytar,5,5,False,False
idah,5,5,False,True
noto_ussuri,5,5,False,False
awadh,4,4,False,False
blain,1,1,True,True
tehcha,4,4,False,False
saratoga,5,5,False,False
el_mahalla,1,1,False,True
qalyub,1,1,False,True
el_bahnasa,4,4,False,True
bemanevika,5,5,True,True
sandrakatsy,2,2,True,True
andevoranto,5,5,True,True
vilamatsa,1,1,True,True
ampotaka,3,3,False,False
ambositra,2,2,False,False
mahabo,2,2,False,False
soalara,2,2,True,True
rasanga,1,1,True,True
el_balyana,4,4,False,True
pibor,2,2,False,False
east_shangana,5,5,False,False
pogoro,5,5,False,False
abbeville,1,1,True,True
ndorwa,2,2,False,False
acholi,5,5,False,False
east_gogo,1,1,False,False
ngibelai,1,1,False,False
north_shirima,2,2,False,False
madanda,2,2,False,False
nindi,3,3,False,False
ilchamu,1,1,False,False
tokat,1,1,False,False
bayburt,1,1,False,False
hasankale,1,1,False,False
zakho,1,1,False,False
urfa,3,3,False,False
iskenderun,2,2,True,True
sason,1,1,False,False
diyarbekir,1,1,False,False
enez,2,2,True,True
cemisgezek,2,2,False,False
malatya,3,3,False,False
goksun,1,1,False,False
beypazari,1,1,False,False
dasmenda,1,1,False,False
bandirma,2,2,True,True
gordes,1,1,False,False
nalli,1,1,False,False
altintas,1,1,False,False
anavarza,1,1,False,False
saumur,3,3,False,True
kahta,3,3,False,False
hafik,1,1,False,False
homs,1,1,False,False
masyaf,1,1,False,False
erbil,2,2,False,False
anah,3,3,False,False
kufa,3,3,False,False
bakusaya,3,3,False,True
abadan,4,4,True,True
nasiriyah,3,3,False,False
manbij,3,3,False,False
tupirvialuit,1,1,True,True
quijos,2,2,False,False
tadlyeoan,1,1,False,False
canela_ramkokamekra,1,1,False,False
aguacana,1,1,False,False
marind,5,5,True,True
orasul_de_floci,5,5,False,True
lenape,1,1,False,False
kichera,2,2,False,False
yucundeq,1,1,False,False
amahami,3,3,False,False
occaneechi,1,1,False,True
yunxi,3,3,False,False
lamas,5,5,False,False
nasacauso,3,3,False,False
longamo,2,2,False,False
kamashikamach,3,3,False,False
churkampa,3,3,False,False
bhurwara,3,3,False,False
mechelen,1,1,False,True
segyan_kyuyol,5,5,False,False
falam,3,3,False,False
camusu_aike,1,1,True,True
sakya,2,2,False,False
yaguarzongo,5,5,False,False
mattawishkwia,1,1,False,False
kitchawanc,3,3,False,True
xinfeng,2,2,False,False
ongkakaringa,1,1,False,False
matabichuan,5,5,False,False
huaman_karpa,1,1,False,False
zambrow,1,1,False,False
tesinigh,1,1,False,False
pesaguan,1,1,True,True
namewaminikan,1,1,False,False
barkdiz,1,1,False,False
belchite,2,2,False,True
boojwiikwedong,1,1,True,True
cotapampa,5,5,False,False
dong_lakhon,5,5,True,True
quetzalla,1,1,True,True
lulong,1,1,False,False
itaba,1,1,False,False
marapa,3,3,False,False
nari_nari,5,5,False,False
dobrush,2,2,False,False
ogiciza_wakpa,2,2,False,False
dzongkar,1,1,False,False
kazungala,3,3,False,False
guerande,2,2,True,True
kanegaok,1,1,False,False
ayodhya,5,5,True,True
otse,2,2,True,True
orayvi,1,1,False,False
krowathunkkooloong,1,1,True,True
guarayo,2,2,False,False
chennur,5,5,False,False
shchuchyn,1,1,False,False
zhaoban,2,2,False,False
rudnik_poland,1,1,False,False
hardoi,1,1,False,False
wachigari,5,5,False,False
yamparaez,1,1,False,False
pingle,5,5,False,False
kashechewan,5,5,True,True
khornabuji,1,1,False,False
catchacoma,1,1,False,False
monghyr,5,5,False,True
nessoneick,1,1,False,True
samaqua,2,2,False,False
waskasoo,1,1,False,False
muichi,4,4,False,False
ganatchio,5,5,True,True
yguazu,5,5,False,False
qianyang_yuanzhou,5,5,False,False
dzogang,3,3,False,False
purwalingga,2,2,True,True
nyawaygi,1,1,True,True
han,1,1,True,True
brioude,1,1,False,False
veesky,2,2,False,True
connatachequa,3,3,False,False
binmatshua,2,2,False,False
khalangsha,5,5,False,False
wusa,1,1,False,False
suksun,1,1,False,False
ayvu_pora,5,5,False,False
oviedo,1,1,False,False
wieliczka,1,1,False,True
opoa,1,1,False,False
manzanares,1,1,False,False
barunggam,1,1,False,False
malacca,1,1,True,True
novoaidar,1,1,False,False
bulamu,2,2,False,False
rzhev,1,1,False,False
longxi_gongchang,1,1,False,False
aguyaq,5,5,True,True
epixyu,2,2,False,False
koh_kong,2,2,True,True
twante,5,5,False,True
saskatchewan,3,3,False,False
tuckahoe,2,2,False,False
lamego,5,5,False,True
noadihang,5,5,False,False
weimo,1,1,False,False
herat,1,1,False,False
kumilla,2,2,False,False
yunmeng,1,1,False,False
humar,3,3,False,False
metigoshe,1,1,False,False
tagotoka,2,2,False,False
lianjiang,1,1,True,True
lai_chau,3,3,False,False
goraghat,2,2,False,False
pech,2,2,True,True
kur,2,2,False,False
mauriac,1,1,False,False
curuguaty,1,1,False,False
tolombon,1,1,False,False
syrgan,1,1,False,False
yidu,5,5,False,True
kharak,3,3,False,False
chalten,5,5,False,False
nyarong,2,2,False,False
fengle,3,3,False,True
nyerpicha,1,1,True,True
murghab,1,1,False,False
gubakha,2,2,False,False
khoai_chau,4,4,False,True
gori,1,1,False,False
nayarit,2,2,False,False
ust_maia,5,5,False,False
kheong,3,3,False,False
penukonda,1,1,False,False
tutong,3,3,True,True
ruichang,5,5,False,True
tampu_machay,3,3,False,False
iwo,2,2,False,False
hostoticpac,1,1,False,False
cuicatlan,1,1,False,False
tocaima,5,5,False,False
kalinkavichy,2,2,False,False
makatao,2,2,True,True
kistapinan,5,5,False,False
dieng,1,1,False,False
etzatlan,1,1,False,False
wolinak,5,5,False,True
kuccuntikka,1,1,False,False
guayaquil,5,5,True,True
calli,4,4,False,True
kwatsaan,3,3,False,False
pere,2,2,False,False
thandaunggyi,5,5,False,False
syagannaax,3,3,False,False
dinghu,3,3,False,False
lianzhou,1,1,False,False
tlazcozauhtitlan,5,5,False,False
bar_cg,2,2,True,True
mamyn,5,5,False,False
yedey,4,4,False,False
tala_mugongo,1,1,False,False
chinantlan,1,1,False,False
saint_paul_river,3,3,True,True
lihua,5,5,False,False
kwadacha,2,2,False,False
dergaon,5,5,False,False
amalyk,5,5,False,False
hulu_pawan,5,5,False,False
levaya_khetta,1,1,False,False
limari,1,1,True,True
tollantzinco,1,1,False,False
yuanyang,3,3,False,False
varnavino,1,1,False,False
bokoni,1,1,False,False
cadereyta,1,1,False,False
mikulino,1,1,False,False
tokchen,1,1,False,False
klin,1,1,False,False
avlonya,1,1,True,True
makhtal,3,3,False,False
aullagas,3,3,False,False
yauto,1,1,False,False
asheyi,1,1,False,False
pitlyar,2,2,False,True
huancachaca,1,1,False,False
tugur,1,1,True,True
dobrzyn,3,3,False,True
leping,2,2,False,False
tumeremo,3,3,False,False
la_tour_du_pin,5,5,False,False
megiscane,1,1,False,False
boas,5,5,False,False
yongmingcheng,1,1,True,True
guamanmayo,1,1,True,True
goupingguan,3,3,False,False
dechang,3,3,False,False
wishkahuunu,5,5,False,False
south_molala,1,1,False,False
ugoyan,3,3,False,False
ambam,5,5,False,False
aqush,2,2,False,False
palekh,2,2,False,False
opequon,5,5,False,False
bridger,1,1,False,False
mulian,1,1,False,False
belaga,5,5,False,False
tak,1,1,False,False
nomatsigenga,5,5,False,False
devadurga,3,3,False,False
chongyi,1,1,False,False
mengding,5,5,False,False
bla,2,2,False,False
nagor,1,1,True,True
millcca,2,2,False,False
eiland,1,1,False,False
mahony,4,4,False,False
ahome,1,1,True,True
firozkoh,1,1,False,False
tipsinah,1,1,False,False
mahates,4,4,False,True
mogot,1,1,False,False
mihkwakamiwi_sipiy,1,1,False,False
bole,2,2,False,False
copane,2,2,True,True
uspallata,1,1,False,False
vashki,1,1,False,False
pua,1,1,False,False
nurgan,5,5,True,True
chakaria,1,1,True,True
lacane,1,1,False,False
datta,5,5,True,True
iskanwaya,1,1,False,False
nandun,1,1,False,False
barotse_kongo,1,1,False,False
chiang_dao,1,1,False,False
huitzquilic,1,1,False,False
bislig,1,1,True,True
qala_kohistan,1,1,False,False
muhlhausen,1,1,False,False
zarghun_shahr,1,1,False,False
gowtano,1,1,False,False
kangule,5,5,False,False
diebougou,1,1,False,False
dumba_katola,1,1,False,False
karuk,2,2,False,False
naryn,1,1,False,False
wapikisko,1,1,False,False
pailon,5,5,True,True
samba_kongo,2,2,False,False
dongyang,2,2,False,False
guaquili,1,1,False,False
kafuta,2,2,False,False
muyupampa,1,1,False,False
mulhouse,3,3,False,True
xunka,5,5,False,False
kumak,1,1,False,False
chinunga,1,1,False,False
sura,3,3,False,False
junk_river,5,5,True,True
siklos,1,1,False,False
koochiching,2,2,False,False
olguydakh,3,3,False,False
langzhong,5,5,False,False
tiel,4,4,False,True
rampart,4,4,False,False
arylakh,1,1,False,False
ulakhan_vava,2,2,False,False
machaqa,3,3,False,False
namballe,5,5,False,False
huarong,5,5,False,True
cordoba,1,1,False,True
talok,5,5,False,True
kadyy,5,5,False,True
quillarumiyoc,2,2,False,False
lamjung,2,2,False,False
nguff,2,2,False,False
archar,4,4,False,True
makunda,1,1,False,False
bakele_kongo,5,5,False,False
huaiyuan,5,5,False,False
souma,5,5,False,False
sangar,5,5,False,False
hatunqulla,1,1,False,False
satsukhdin,1,1,False,False
akhsisek,1,1,False,False
dedesi,1,1,False,False
hatun_xauxa,2,2,False,False
khaliajuri,5,5,False,False
alii,1,1,False,False
kibango,1,1,False,False
sagzabad,1,1,False,False
simiti,5,5,False,True
keyauwee,2,2,False,False
yangdi,1,1,False,False
taklung,1,1,False,False
cibuaya,2,2,True,True
pomata,3,3,False,False
tongwe_ambwela,1,1,False,False
yanal_densa,1,1,False,False
tapaktuan,2,2,True,True
paqwayranra,2,2,False,False
mallig,3,3,False,False
bingin,5,5,False,False
gagi,2,2,False,False
krasavino,1,1,False,False
suiyang_guide,5,5,False,False
llampqui,2,2,False,False
tedim,5,5,False,False
letychiv,1,1,False,False
xihua,1,1,False,False
biru,5,5,False,False
donkov,1,1,False,False
somaleh,2,2,False,False
yambadika,1,1,False,False
puctlan,5,5,True,True
rimuka,1,1,False,False
bir,2,2,False,False
oban,1,1,True,True
coleraine,1,1,True,True
sebakwe,1,1,False,False
narsinghpur,4,4,False,False
palghat,1,1,False,False
jayankondam,2,2,False,False
jalandhar,3,3,False,False
urtsun,2,2,False,False
dakawa,1,1,False,False
bellari,2,2,False,False
ghotki,4,4,False,True
bihar_sharif,5,5,False,True
kondagaon,2,2,False,False
buxar,5,5,False,True
taramakau,1,1,True,True
nottingham,1,1,False,True
zaragoza,3,3,False,True
beohari,2,2,False,False
laling,2,2,False,False
abutua,3,3,False,False
utondwe,1,1,True,True
rekapalle,5,5,False,False
kohat,4,4,False,False
ancuase,2,2,False,True
burgos,1,1,False,False
maksi,1,1,False,False
khaniadhana,2,2,False,False
khairpur,3,3,False,False
khategaon,3,3,False,False
suratgarh,5,5,False,False
sipri,1,1,False,False
suket,3,3,False,False
sripura,2,2,False,False
belgaum,1,1,False,False
jijial,3,3,False,False
firozpur,3,3,False,False
bombay,5,5,True,True
patea,2,2,True,True
marwah,1,1,False,False
sehwan,5,5,False,True
shankargah,5,5,False,True
peshawar,5,5,False,False
moro_sindh,4,4,False,True
talwandi,2,2,False,True
jalesar_doab,2,2,False,False
dunfermline,1,1,True,True
lalpur,3,3,False,False
mandore,1,1,False,False
ramkola,2,2,False,False
naggar,1,1,False,False
rajim,5,5,False,False
aklera,1,1,False,False
jawhar,1,1,False,False
tangir,3,3,False,False
jyvaskyla,2,2,False,False
hattfjelldal,1,1,False,False
nakpa,2,2,False,False
ikoyi,1,1,False,False
rio_nunez,5,5,True,True
salde,2,2,False,True
sine_ngayene,2,2,True,True
techiman,1,1,False,False
ukunzu,4,4,False,True
wulensi,2,2,False,False
shenge,2,2,True,True
korhogo,1,1,False,False
arochukwu,5,5,False,False
kelafo,2,2,False,False
agordat,1,1,False,False
kosoge,1,1,False,False
gurghiu,1,1,False,False
dongola,4,4,False,False
puebla_de_montalban,1,1,False,False
sennar,3,3,False,False
ain_farah,1,1,False,False
fazughli,5,5,False,False
tsana,5,5,False,False
fadak,1,1,False,False
sai,4,4,False,False
aheyya_fagg,1,1,False,False
ventspils,1,1,True,True
bafoulabe,5,5,False,False
birnin_zamfara,1,1,False,False
dieribakoro,3,3,False,False
sanguesa,1,1,False,False
carmona,1,1,False,True
moncorvo,2,2,False,False
tamdoult,2,2,False,False
dutse,1,1,False,False
kayes,5,5,False,False
kita,1,1,False,False
nguru,5,5,False,False
rosso,2,2,True,True
bakka,5,5,False,False
gusau,1,1,False,False
fem_mapu,1,1,True,True
poli,2,2,False,False
dhipaesyin,2,2,False,False
cananeia,3,3,True,True
sanzana,1,1,False,False
dantu,5,5,False,True
kilemba,5,5,False,False
beni_sabih,1,1,False,False
assereniet,1,1,False,True
guntur,4,4,False,False
hadong,1,1,True,True
mazagao,3,3,True,True
luliang,1,1,False,False
kreminna,2,2,False,False
shuyang,2,2,False,False
jiangyin,5,5,True,True
fanchang,5,5,False,True
shexian,2,2,False,False
qianshan,1,1,False,False
wuwei,5,5,False,True
yingshang,5,5,False,False
wujin,5,5,False,True
haining,2,2,True,True
zhuji,1,1,False,False
mindouli,5,5,False,False
puding,1,1,False,False
inbatskoye,5,5,False,False
apiaka,4,4,False,False
surgut,5,5,False,True
cabo_verde,1,1,False,False
cirebon,2,2,True,True
wemitigoj,2,2,True,True
nankang,5,5,False,False
torshofn,2,2,True,True
kozmodemyansk,5,5,False,True
la_mamora,1,1,True,True
arraias,5,5,False,False
kailali,5,5,False,False
meletovo,1,1,False,False
battambang,5,5,False,True
yangman,1,1,False,False
s_awdaan,2,2,True,True
kioko,1,1,False,False
karendo,5,5,False,True
mozhga,1,1,False,False
axum,2,2,False,False
camanducaia,1,1,False,False
ocosingo,1,1,False,False
grudziadz,3,3,False,True
kukatj,2,2,True,True
dubovskoye,3,3,False,True
longyan,1,1,False,False
nogaro,1,1,False,False
pandansalas,1,1,False,False
toyoda,2,2,True,True
khayyr,1,1,False,False
naka_hyuuga,1,1,True,True
jinju,2,2,False,False
karangan,1,1,True,True
shangdang,1,1,False,False
eben_ezer,2,2,False,False
ukarangma,5,5,False,True
teweh,5,5,False,False
undurkhaan,1,1,False,False
tanana,4,4,False,False
taungurung,1,1,False,False
nipigon,2,2,True,True
samba,5,5,False,False
guise,1,1,False,False
kortuz,4,4,False,False
nanjanagud,1,1,False,False
lewfuko,1,1,False,False
megantic,1,1,False,False
cuauhcapolca,1,1,True,True
zherkorgan,1,1,False,False
uanaman,2,2,False,False
yeongdong,1,1,False,False
agawa,1,1,True,True
taragui,2,2,False,True
kaiowa,1,1,False,False
kaaysara,1,1,True,True
dingcheng,2,2,False,False
cochem,2,2,False,True
ita_atiaia,2,2,False,False
seonsan,2,2,False,False
kushinagar,3,3,False,False
ahuya_yari,3,3,True,True
kortriik,1,1,False,True
astrakhan,5,5,True,True
amedichi,1,1,False,False
achikamii,5,5,False,False
repola,1,1,False,False
paltamo,5,5,False,False
valence,3,3,False,True
molins,1,1,False,False
lanshan,1,1,False,False
cabo_corso,2,2,True,True
qimen,1,1,False,False
bar_sur_aube,1,1,False,False
takspaslama,4,4,False,False
nemadji,1,1,True,True
kaa,1,1,False,False
narat,1,1,False,False
muromtsevo_murom,1,1,False,False
uruguay,5,5,False,False
sishui,1,1,False,False
wapikopa,2,2,False,False
manzaya,2,2,False,False
zhaozhou_jurchen,3,3,False,False
irbit,1,1,False,False
chunju,2,2,False,False
jintang,1,1,False,False
sienzhou,2,2,False,False
taman,2,2,True,True
imanka,5,5,False,False
zhatai,4,4,False,False
khannya,2,2,False,False
cherepoves,5,5,False,False
tatartup,2,2,False,False
kuruaya,5,5,True,True
kol_kuka,1,1,False,False
tachi,1,1,False,False
nam_sach,5,5,True,True
allakaket,4,4,False,False
escurial,1,1,False,False
bolotnye,3,3,False,True
bzou,1,1,False,False
tawande,1,1,False,False
bangui,4,4,False,False
nagykanizsa,1,1,False,False
togiaq,1,1,True,True
st_jean_dangely,1,1,False,True
inju,2,2,True,True
anguthimri,1,1,True,True
aseptiketiheylhets,2,2,False,False
almenara,2,2,False,False
archit,1,1,False,False
kaapor,2,2,True,True
volosovskaya,1,1,False,False
ipatovo,1,1,False,False
kulpi,3,3,True,True
sedanka,2,2,False,False
navolok,1,1,False,False
sebuku,1,1,True,True
samsu,5,5,False,False
silae,2,2,False,False
mezhutka,3,3,False,True
ganggye,2,2,False,False
jianning,1,1,False,False
vuriloche,2,2,False,False
barito,4,4,False,False
malartic,1,1,False,False
musan,1,1,False,False
inapiremapu,2,2,False,False
wari,5,5,False,False
kampen,1,1,True,True
ntenke,1,1,False,False
vorotynsk,2,2,False,False
rampa,4,4,False,False
qasba,1,1,True,True
qorqonaq_yubur,1,1,False,False
louhans,5,5,False,True
wangung,1,1,False,False
mengxian,3,3,False,False
mamachatpam,5,5,False,False
kondurcha,4,4,False,True
vertyazin,2,2,False,True
tour_auvergne,1,1,False,False
muriae,1,1,False,False
ballou,2,2,False,False
guarasugwe,1,1,False,False
muang_nong_han_luang,1,1,False,False
konwargaon,5,5,False,False
pelalawan,3,3,True,True
hulu_mendawai,2,2,False,False
muksu,1,1,False,False
cayapo,5,5,False,False
yibin,5,5,False,False
metkovic,2,2,True,True
bodrog,4,4,False,True
piaxtla,1,1,True,True
nanzheng,1,1,False,False
snt_t_ulix,4,4,False,False
zainsk,4,4,False,True
paranoa,2,2,False,False
hytop,3,3,False,False
linxi,3,3,False,False
zheshart,3,3,False,False
nikolsky_pogost,5,5,False,False
wakusimi,5,5,False,False
ragnit,3,3,False,True
savonranta,5,5,False,False
tongle,3,3,False,False
alkhan_kala,2,2,False,False
marapanim,2,2,True,True
siberia_bor,5,5,False,False
chitapur,2,2,False,False
aays,2,2,False,False
natchez,5,5,False,False
cetatea_tetina,2,2,False,False
smederevo,5,5,False,True
shui,1,1,False,False
qiaokou,5,5,False,True
inaka,1,1,True,True
shergarh,2,2,False,False
shizhou,2,2,False,False
minamimuro,1,1,True,True
koshi,2,2,True,True
xuyi,3,3,False,False
prijepolje,1,1,False,False
sailahai,3,3,False,False
batang_tabir,5,5,False,True
srebrenica,2,2,False,False
nanan,5,5,False,False
qidong,3,3,False,False
burra_burra,2,2,False,False
hulagan,1,1,True,True
uzhorod,1,1,False,False
tansen,3,3,False,False
fumin,1,1,False,False
prague,5,5,False,False
maguanes,1,1,False,False
pozega,1,1,False,True
jipyeong,5,5,False,True
stlpulmsh,5,5,False,False
tiete,3,3,False,False
palaquechare,2,2,False,False
didthul,1,1,True,True
utaya,5,5,False,False
kargat,1,1,False,False
mayma,5,5,False,False
gurupi,5,5,False,False
ilirnej,1,1,False,False
hejiang,5,5,False,False
deltana,1,1,False,False
nadi,5,5,False,False
mattagami,1,1,False,False
semikarakorsk,5,5,False,True
tsekani,1,1,False,False
kurchum,3,3,False,False
agen,5,5,False,True
tetepisca,2,2,False,False
shethanei,5,5,False,False
taubate,2,2,False,False
cocalico,1,1,False,False
mondongachate,1,1,False,False
sebes,1,1,False,False
tarakanda,5,5,False,False
suraz,1,1,False,False
buinovichi,2,2,False,False
nariele,3,3,False,False
munza,1,1,False,False
deh_kundi,1,1,False,False
kembhavi,2,2,False,False
amisk_sipi,2,2,False,False
igaracu,3,3,True,True
gelanggi,2,2,True,True
markham,3,3,False,False
danli,1,1,False,False
dembimbosaage,2,2,False,False
dazhasi,5,5,False,False
bayambang,5,5,False,False
cataguas,1,1,False,False
bocheikovo,2,2,False,True
nizhelskoe,1,1,False,False
gunma,1,1,False,False
kuantan_riau,2,2,False,False
tsokh,1,1,False,False
ocol,1,1,False,False
yakshur_bodya,1,1,False,False
memesagamesing,2,2,True,True
gongcheng,1,1,False,False
kahmard,1,1,False,False
sol_velikaya,3,3,False,False
bida,5,5,False,False
vazhiny,3,3,False,False
opochka,1,1,False,False
toropets,1,1,False,False
prirechnyi,3,3,False,False
thanlyin,2,2,True,True
orosu,1,1,False,False
fomin_gorodok,1,1,False,False
antinir_pilquinan,2,2,False,False
koma_kai,1,1,False,False
kitou,2,2,True,True
arechuna,5,5,False,False
bojaya,5,5,True,True
gaoming,5,5,False,False
ashmyany,1,1,False,False
jiajin,4,4,False,False
kurba,3,3,False,True
hont,3,3,False,True
takai,2,2,False,False
kamniga,5,5,False,False
pumbo,5,5,False,False
pulai,5,5,False,False
tupirama,5,5,False,False
gytgomkyvamm,1,1,False,False
enxet,5,5,False,False
templin,1,1,False,False
yam_pah_pa,1,1,False,False
minsin,5,5,False,False
phong_tho,5,5,False,False
piray,2,2,False,False
zebak,1,1,False,False
gogodala,5,5,True,True
martigny,2,2,False,False
chagai,1,1,False,False
uechamitogosode,1,1,False,False
kuitonga,1,1,False,False
matootonha,3,3,False,False
kazachinskoye,4,4,False,False
nanchang,5,5,False,True
moose_river,1,1,False,False
village_onega,3,3,True,True
ban_don,2,2,False,False
crixas,1,1,False,False
suide,3,3,False,False
atargan,1,1,True,True
kortkeros,5,5,False,False
cowasuck,1,1,False,False
songxi,1,1,False,False
woppaburra,1,1,False,False
wallowa,3,3,False,False
pecanha,1,1,False,False
karma_densa,2,2,False,False
ushki,2,2,True,True
zhongxiang,3,3,False,True
chalninsky_pochinok,1,1,False,True
anning,1,1,False,False
camarag,2,2,False,False
sremska_mitrovica,4,4,False,True
jubara,2,2,False,False
brihuega,1,1,False,False
priluky,2,2,False,False
heyuan,5,5,False,False
sarayjuk,2,2,True,True
kamenskaya,2,2,False,False
klutina,3,3,False,False
nabagram,5,5,False,False
obidos,5,5,False,True
ilambazar,5,5,False,True
mittaywanquam,1,1,False,False
ceepee,2,2,False,False
linzhang,1,1,False,False
watistiguam,1,1,False,False
xincai,1,1,False,False
bocto,5,5,False,False
lushan,1,1,False,False
caninde,1,1,False,False
swarakxen,3,3,False,False
leshukonskoye,5,5,False,False
dingi,5,5,False,False
thai_nguyen,1,1,False,False
chiang_khan,4,4,False,False
dharmasraya,5,5,False,True
megion,5,5,False,True
gonga_chode,5,5,False,False
kowal,3,3,False,True
nisga_a,5,5,False,False
chiang_saen,5,5,False,False
zalari,2,2,False,False
suturuoxa,1,1,False,False
rio_preto,1,1,False,False
florence,1,1,False,True
ratnagiri,5,5,True,True
mariinsk,1,1,False,False
truka,5,5,False,False
kurtjar,2,2,False,False
suwannaphum,2,2,False,False
dan_sai,1,1,False,False
ishtaboli,2,2,False,False
muang_luang_phukha,1,1,False,False
opiticiwan,1,1,False,False
nikwasi,1,1,False,False
simbirsk,4,4,False,True
prato,1,1,False,True
vanch,2,2,False,False
koliaganeq,2,2,False,False
rinpung_yarlung,5,5,False,False
kawanuma,5,5,False,False
agartala,2,2,False,False
miltenberg,2,2,False,False
yopo,5,5,False,False
cacheu,1,1,True,True
bauru,3,3,False,False
ebibeyin,2,2,False,False
bled,2,2,False,False
feira,3,3,True,True
nkunga,1,1,False,False
duoshui,1,1,False,False
wumeng,4,4,False,False
volubilis,1,1,False,False
orokaiva,2,2,True,True
tara,3,3,False,False
tangasootack,2,2,False,False
meyah,1,1,True,True
binh_lam,5,5,False,False
hsenwi,1,1,False,False
hinono_ei,1,1,False,False
tanico,3,3,False,False
awngthim,1,1,True,True
ngarinman,1,1,False,False
varsan,2,2,False,False
bozok_astana,1,1,False,False
zubtsov,2,2,False,False
iresim,1,1,True,True
jaligny,1,1,False,False
uracu,5,5,False,False
wenshang,1,1,False,True
kuido,2,2,False,False
khadjibey,1,1,True,True
gengdang,3,3,False,False
moena_kalengo,1,1,False,False
hejin,3,3,False,False
muhwaosipi,1,1,False,False
koiali,5,5,True,True
bamu,1,1,True,True
ballardong,1,1,False,False
cojutepeque,2,2,False,False
wamesa,1,1,True,True
amoskeag,2,2,False,False
jiaxing,3,3,False,True
yuryev_povolzhsk,5,5,False,True
tsorub,1,1,False,False
chur,1,1,False,False
borac,2,2,False,False
kuile,5,5,False,False
tittabawassee,1,1,False,False
bonn,4,4,False,True
lukana,1,1,False,False
ashby,1,1,False,False
hildburghausen,1,1,False,False
soscumica,3,3,False,False
mura,5,5,False,False
kaingang,1,1,False,False
bree,2,2,False,True
kubuna,2,2,True,True
lakhimpur,5,5,False,False
piscataquis,5,5,False,False
krasnyano,2,2,True,True
yanhe,5,5,False,False
kremenchuk,5,5,False,False
guamontey,5,5,False,False
medonho,2,2,False,False
longtang,2,2,False,False
hackensack,3,3,True,True
badreh,2,2,False,False
mengen_papua,1,1,True,True
garabito,1,1,True,True
mikhaylovka_pontic,1,1,False,True
arti,1,1,False,False
aixe,1,1,False,False
baise,2,2,False,False
yelmek,5,5,True,True
olekma,5,5,False,False
yongfeng_xiangxiang,1,1,False,False
kahayan_hilir,4,4,True,True
manuais,5,5,False,False
neuburg_an_der_donau,2,2,False,False
asurini,5,5,False,False
volkermarkt,2,2,False,False
hupenuu,1,1,False,False
kuruko,2,2,True,True
sigmaringen,1,1,False,False
zhengping,1,1,False,False
hailang,1,1,False,False
oparino,1,1,False,False
rohrbach,3,3,False,True
koknar,5,5,True,True
amboise,2,2,False,True
payaku,1,1,True,True
mengla,5,5,False,False
peshtigo,1,1,False,False
vedbo,1,1,False,False
stolin,2,2,False,False
jizhou,3,3,False,False
hallein,1,1,False,False
loge,1,1,False,False
ondjiva,2,2,False,False
kalyazin,2,2,False,True
lueyang,5,5,False,False
pende_kwila,3,3,False,False
osukyuze,1,1,False,False
kakagi,2,2,False,False
havelberg,1,1,False,True
venetie,1,1,False,False
tahamies,3,3,False,False
canastra,5,5,False,False
bahraich,5,5,False,False
tecka,2,2,False,False
tinde,1,1,False,False
qishan,1,1,False,False
lugano,1,1,False,False
bunut,5,5,False,False
harderwijk,1,1,True,True
kate,1,1,True,True
anais,4,4,False,False
makurap,1,1,False,False
itapua,5,5,False,False
teayotlan,1,1,True,True
tam_dai,5,5,False,False
mongomo,2,2,False,False
qujiang_guangan,3,3,False,False
eskalapia,5,5,False,True
kajyub,1,1,False,False
bilasuvar,2,2,False,False
jiajiang,2,2,False,False
rangkawe,2,2,True,True
tulln,3,3,False,True
bakhanay,5,5,False,False
narino,5,5,True,True
towarnehiooks,1,1,False,False
velyka_lepetykha,5,5,False,True
digenegh,2,2,False,False
kobra,5,5,False,False
bolshoy_yugan,2,2,False,True
kalach,1,1,False,True
molumbo,1,1,False,False
bzhedygu_kal,1,1,False,False
yonghe,3,3,False,False
goroti_kumrenhtx,2,2,False,False
calbe,5,5,False,True
muong_te,3,3,False,False
kolosovka,3,3,False,False
mosbach,2,2,False,True
oryahovo,5,5,False,True
sambhal,3,3,False,False
nyasvizh,1,1,False,False
wanan,5,5,False,True
thaton,5,5,True,True
cambrai,1,1,False,False
baruga,2,2,True,True
yaqay,2,2,False,False
lecco,1,1,False,False
than_u_ge,1,1,False,False
merano,1,1,False,False
netook,1,1,False,False
balashov,1,1,False,False
juiz_fora,1,1,False,False
lankou,2,2,False,False
viana_do_castelo,2,2,True,True
kajenje,1,1,False,False
montauban,1,1,False,True
pandua_adina,3,3,False,False
wuhe,3,3,False,False
birndal,1,1,True,True
rigyal,5,5,False,False
soroca,2,2,False,False
crook,1,1,False,False
barbakaabad,1,1,False,False
xilong,3,3,False,False
ust_kishert,1,1,False,False
jiangle,2,2,False,False
cremona,3,3,False,True
orkhon,1,1,False,False
sinaugoro,1,1,True,True
yunggai,1,1,False,False
chioggia,3,3,True,True
radogosch,1,1,False,False
catatumbo,2,2,False,False
cuauhteopan,1,1,False,False
krumlov,1,1,False,False
bakhmach,5,5,False,False
phon_hong,5,5,False,False
ninghua_tingzhou,1,1,False,False
fathabad,1,1,False,True
chaun,1,1,False,False
dzhul,1,1,False,False
nanle,1,1,False,False
guaviare,3,3,False,False
kovran,1,1,True,True
siraya,1,1,True,True
lupya,5,5,False,False
wakokai,2,2,False,False
oskoba,2,2,False,False
ulm,1,1,False,False
yuchi,1,1,False,False
thutade,1,1,False,False
khujand,3,3,False,False
nisa,1,1,True,True
cherlak,3,3,False,False
yir_yoront,5,5,True,True
rattanaburi,2,2,False,False
waumandee,1,1,False,False
karnak,3,3,False,False
monahassanugh,2,2,False,False
jixian,1,1,False,False
wunsiedel,1,1,False,False
kirarutah,1,1,False,False
intapushe,5,5,False,False
hong_chau,2,2,False,False
nashua,2,2,False,False
jabar_goemba,1,1,False,False
maymaga,1,1,False,False
dawhee,1,1,False,False
temiscamie,1,1,False,False
dondo,3,3,False,True
uchee,2,2,False,False
abisko,1,1,False,False
yaros,3,3,True,True
wemba_wemba,2,2,False,False
kukuta,1,1,False,False
shilou,3,3,False,False
huangcaoba,5,5,False,False
usti_nad_labem,2,2,False,False
menouf,3,3,False,True
ashmunayn,4,4,False,True
esna,4,4,False,True
lamu,2,2,True,True
kangen,1,1,False,False
ambilobe,1,1,True,True
antalaha,1,1,True,True
tintingue,2,2,True,True
besalampy,2,2,True,True
tsarahafatra,2,2,False,False
ikalamavony,5,5,False,False
bengy,2,2,True,True
manabondro,2,2,True,True
el_buwit,4,4,False,True
north_hlanganu,1,1,False,False
matengo,2,2,False,False
donzy,2,2,False,False
west_ongamo,1,1,False,False
eregli,1,1,True,True
south_shirima,1,1,False,False
north_meetto,4,4,False,False
pangwa,1,1,False,False
sirnak,1,1,False,False
suruc,3,3,False,False
siirt,5,5,False,False
tekman,1,1,False,False
garreh,1,1,False,False
atpazari,2,2,True,True
palu,2,2,False,False
zile,1,1,False,False
kayseri,1,1,False,False
goynuk,2,2,False,False
birecik,3,3,False,False
sandikli,1,1,False,False
noyon,1,1,False,True
ilic,1,1,False,False
kagizman,1,1,False,False
baalbek,1,1,False,False
hama,1,1,False,False
kafartab,1,1,False,False
al_sinn,5,5,False,False
haditha,3,3,False,False
hillah,3,3,False,False
al_tib,3,3,False,True
suq_al_shuyukh,3,3,False,False
al_bab,3,3,False,False
izhma,5,5,False,False
kwakanyesha,5,5,False,False
yongchang_yongchang,3,3,False,False
severin,4,4,False,False
itajai,5,5,False,False
tumba,3,3,False,False
imbaguarbak,2,2,False,False
havasu,3,3,False,False
kantalahti,1,1,True,True
ganze,2,2,False,False
mamiya_kala,1,1,False,False
lusongui,3,3,False,False
hulu_lamandau,2,2,False,False
mbara,1,1,False,False
marbul,1,1,False,False
wogamusin,5,5,False,False
mundurukania,5,5,False,False
deloy_chet,5,5,False,False
burugardi,1,1,False,False
elhdaqox_t_in,1,1,False,False
keret,1,1,True,True
hot_springs,1,1,False,False
wiang_sa,1,1,False,False
choctawhatchee,2,2,True,True
dongxiang_dazhou,5,5,False,False
pereru_tepu,2,2,False,False
pari_aike,1,1,False,False
lazdijai,2,2,False,False
angkor_knong,1,1,False,False
ban_khon,4,4,False,False
xinan,3,3,False,False
qurlutuq,1,1,True,True
saint_etienne,3,3,False,True
mandurah,1,1,True,True
subansiri,5,5,False,False
huixian,1,1,False,False
xuguit,1,1,False,False
baba,5,5,False,False
kawawasukutisich,1,1,False,False
sahagun,1,1,False,False
kuwena,3,3,True,True
opelousa,5,5,False,True
sucuriu,2,2,False,False
volosovichy,1,1,False,False
mulunda,1,1,False,False
prudy,1,1,False,False
lemberan,3,3,False,False
yupu,5,5,False,False
kyshtym,1,1,False,False
vovchansk,1,1,False,False
ramhormoz,1,1,False,False
nichicun,5,5,False,False
iscuande,3,3,True,True
yaguachi,5,5,True,True
pingjiang,1,1,False,False
leopoldina,3,3,False,False
tongdao,1,1,False,False
ulma,5,5,False,False
palatka,1,1,False,False
calvas,1,1,False,False
tekeli,1,1,False,False
wli_qospem,5,5,False,False
ambrizete,2,2,True,True
colombayma,3,3,False,False
kaluba,3,3,False,False
yolombo,5,5,False,True
chactemal,1,1,True,True
shardonem,3,3,False,False
omo,3,3,False,False
bijni,5,5,False,True
chicoutimi,5,5,False,False
nyazepetrovsk,1,1,False,False
isiro,5,5,False,False
tomsk,4,4,False,True
cauquen,2,2,True,True
koppi,1,1,True,True
huacatambo,2,2,True,True
pamticough,2,2,False,True
shahjadpur,5,5,False,True
oyotun,1,1,False,False
sexqeltqin,1,1,False,False
asoqasqoq,1,1,False,False
nunainguk,1,1,True,True
dolpo,1,1,False,False
sasykkol,1,1,False,False
malaya_ilesha,1,1,False,False
dongliangting,1,1,False,False
dakhkat,2,2,False,False
wujal_wujal,1,1,True,True
ningfan,3,3,False,False
fushun,2,2,False,False
kendari,2,2,True,True
congona,1,1,False,False
novaya_pokrovka,2,2,False,True
bagram,1,1,False,False
pariahuanca,2,2,False,False
karangpurru,2,2,False,False
kourou,5,5,True,True
mboma_kongo,1,1,False,False
orsha,1,1,False,False
luchin,2,2,False,False
gorakhpur,5,5,False,False
sakwatamau,5,5,False,False
nemegosenda,1,1,False,False
savannakhet,4,4,False,False
ningxia,3,3,False,False
xalima,1,1,False,False
taungdwingyi,5,5,False,True
monhyin,2,2,False,False
nyena_kapemba,1,1,False,False
kassinga,2,2,False,False
simhapura,2,2,True,True
ewu,1,1,False,False
mistinatuakamau,5,5,False,False
czarnkow,1,1,False,False
gabun,3,3,False,False
wapinippi,1,1,False,False
cimanuk,2,2,True,True
kedainiai,2,2,False,True
kikongoluka,1,1,False,False
ulla,2,2,False,True
guanghua,3,3,False,False
kayan,3,3,False,False
izdeshkovo,1,1,False,False
maukallaqta,5,5,False,False
beruas,2,2,True,True
oli_baraza,3,3,False,False
wuning,2,2,False,False
tarusa,2,2,False,False
pitta_pitta,2,2,False,False
waswanipi,5,5,False,False
nisqually,1,1,True,True
javanrud,1,1,False,False
dezful,2,2,False,False
italwa,1,1,False,False
talanga,1,1,False,False
hnahnu,1,1,False,False
pigou,2,2,True,True
shtip,1,1,False,False
arkhangelskoye_vologda,2,2,False,True
atoj_wasin,1,1,False,False
minbya,3,3,True,True
phsar_dek,5,5,True,True
zula_michoacan,1,1,False,False
tarija,1,1,False,False
masinga,2,2,False,False
kopys,1,1,False,False
wapitotem,2,2,False,False
castropol,1,1,True,True
xalisco,1,1,True,True
ompompanusooc,2,2,False,False
pennacook,1,1,False,False
arque,1,1,False,False
cachamay,1,1,False,True
firuzabad_bahraich,5,5,False,False
xihe_huizhou,1,1,False,False
kureinji,5,5,False,False
lakam_tun,5,5,False,False
ahuacatlan,1,1,False,False
cuyuxquihui,2,2,True,True
agno,1,1,False,False
baden_im_aargau,2,2,False,False
charka,1,1,False,False
mistecapiu,1,1,True,True
sweetwater,1,1,False,False
aahkawirahkata,2,2,False,False
maloshuyka,1,1,True,True
dukin,2,2,False,False
wittenberg,2,2,False,True
klang,1,1,True,True
bronnitsa,1,1,False,False
ayopaya,1,1,False,False
voyampolka,1,1,True,True
bandar_khamir,1,1,True,True
oceko_sipiy,3,3,False,False
cussate,4,4,False,False
saanya,1,1,True,True
liujiang,5,5,False,False
teotenanco,1,1,False,False
tonala_coatzacoalco,5,5,True,True
bracciano,2,2,True,True
machichi,3,3,True,True
ningde,1,1,True,True
sesayap,3,3,True,True
sargau,1,1,False,False
panzaleo,1,1,False,False
demotica,2,2,False,False
novogrudok,1,1,False,False
sotachiro,3,3,False,False
myede,5,5,False,True
xamapan,1,1,True,True
xilotepec,1,1,False,False
savar,5,5,False,True
qishui,5,5,False,True
wabenasibi,1,1,False,False
wenxian_gongchang,5,5,False,False
tuzapan,2,2,False,False
bulik,5,5,False,False
thalisain,3,3,False,False
owatonna,1,1,False,False
bogoroditsk,1,1,False,False
kharbalakh,2,2,False,False
chengji,1,1,False,False
tsachila,5,5,False,False
yiwu,2,2,False,False
bielsk_podlaski,1,1,False,False
jinhua,5,5,False,False
xiangcheng,2,2,False,False
bysyttakh,3,3,False,False
nemby,5,5,False,True
nyong,2,2,False,False
alcaraz,1,1,False,False
norquinco,1,1,False,False
gryfow,3,3,False,True
echemmaia,1,1,False,False
uivvak,1,1,True,True
sontang,1,1,False,False
haskaont,1,1,False,False
piskorowice,1,1,False,False
yimin,1,1,False,False
south_pumpu,2,2,False,False
pungo_ndongo,3,3,False,False
tapaje,2,2,False,False
yongxing_xingguo,5,5,False,True
mahmudabad,3,3,True,True
vijes,2,2,False,False
juffure,1,1,True,True
merelka,2,2,False,False
siona,5,5,False,False
gayny,1,1,False,False
tochtepec,1,1,False,False
multnomah,5,5,False,False
karajia,1,1,False,False
siskiyou,1,1,False,False
mfumu_bekussu,3,3,False,False
nagyecsed,5,5,False,False
saharsa,4,4,False,False
saucunk,5,5,False,True
guaratingueta,2,2,False,False
kinnickinnic,1,1,False,False
nograd,3,3,False,True
karabay,1,1,False,False
beisheng,3,3,False,False
ramechhap,5,5,False,False
bomokandi,5,5,False,False
huanglong,5,5,False,False
kuimbondos,1,1,False,False
shchuchya,5,5,False,True
yongan_sha,2,2,False,False
callapa,3,3,False,False
tumbes,1,1,True,True
turgay,1,1,False,False
kallawaya,1,1,False,False
muang_et,2,2,False,False
seacal,5,5,False,False
pina_de_ebro,3,3,False,True
maibong,2,2,False,False
tulungagung,2,2,True,True
malneta,2,2,False,False
karanka,3,3,False,False
xiotenko,1,1,False,False
kardakan,1,1,False,False
mangshi,5,5,False,False
chepo,2,2,True,True
seruyan,5,5,True,True
gardez,1,1,False,False
oromocto,3,3,False,False
mong_hsat,4,4,False,False
beaune,2,2,False,False
texiguat,1,1,False,False
heyang_xian,3,3,False,False
burqin,1,1,False,False
teloloapan,3,3,False,False
pur,5,5,False,False
gunditjmara,1,1,True,True
wolmirstedt,3,3,False,True
pangvay,5,5,False,False
luyang,2,2,False,False
tengiz,1,1,False,False
polco,1,1,False,False
sathyagala,2,2,False,False
worms,3,3,False,True
zhovkva,1,1,False,False
luoxiong,2,2,False,False
strelitz,1,1,False,False
griekwastad,2,2,False,False
lower_gazimur,2,2,False,False
zabol,2,2,False,False
dongguan,3,3,True,True
jianli,5,5,False,True
mistahi_sakahikan,2,2,False,False
takopaya,1,1,False,False
desnyanskyi_horodok,2,2,False,True
yancheng_kaifeng,1,1,False,False
khormoj,1,1,True,True
salta,1,1,False,False
that_nguyen,1,1,False,False
shukden,2,2,False,False
tuscarawas,1,1,False,False
thammarat,1,1,True,True
sanga,5,5,False,True
iwol,1,1,False,False
chanchacc,5,5,False,False
lusambo_qandu,3,3,False,False
sa_kaeo,1,1,False,False
koch_bihar,5,5,False,False
allagash,5,5,False,False
sondor,5,5,False,False
korientze,2,2,False,True
incahuasi,1,1,False,False
camataqui,1,1,False,False
ozurgeti,2,2,True,True
hailar,1,1,False,False
aowa,5,5,False,False
berato,3,3,True,True
winsen_aller,1,1,False,False
becaguimec,3,3,False,False
brozas,2,2,False,False
willkawaman,2,2,False,False
danilov,5,5,False,True
marv_al_rudh,1,1,False,False
thurrawal,1,1,False,False
tuban_java,2,2,True,True
nee_tahi_buhn,1,1,False,False
tangkhay,1,1,False,False
vu_ninh,4,4,False,True
goodpaster,1,1,False,False
meduxnekeag,1,1,False,False
quicuima,5,5,False,False
tondibi,3,3,False,True
barysaw,1,1,False,False
natsitok,2,2,True,True
tussahaw,1,1,False,False
aveh,1,1,False,False
koyoongkawi,2,2,False,False
rahor,2,2,False,False
montmorency,5,5,False,True
houguan,3,3,False,True
itomamo,1,1,False,False
sapelo,1,1,True,True
enookwasaneenah,1,1,False,False
masiko,1,1,False,False
qihe,3,3,False,False
siegas,1,1,False,False
rongcheng,4,4,False,True
malaryta,1,1,False,False
fomena,5,5,False,False
phalaborwa,5,5,False,False
ketagalan,1,1,False,False
harburg,3,3,False,True
son_la,3,3,False,False
laribandar,4,4,True,True
basai,1,1,True,True
tesechoacan,5,5,False,False
sonepur_bihar,5,5,False,True
nana_kahinga,1,1,False,False
youzhou,2,2,False,False
simraungadh,1,1,False,False
mtowa,3,3,False,False
khalkhal,2,2,False,False
cat_tien,2,2,False,False
paikmal,1,1,False,False
basavapattana,2,2,False,False
baud,4,4,False,False
sendamangalam,2,2,False,False
urewera,2,2,False,False
kalam_swat,1,1,False,False
rohtas,5,5,False,False
behali,1,1,False,False
nagod,1,1,False,False
waihopai,1,1,True,True
castleconnell,2,2,False,False
rajapur,1,1,True,True
hoshangabad,5,5,False,False
ambagarh,1,1,False,False
dipalpur,3,3,False,False
timaru,2,2,True,True
srisailam,3,3,False,False
chitrakuta,4,4,False,True
jalesar,2,2,True,True
jajjaldeypur,1,1,False,False
agar,1,1,False,False
tamworth,1,1,False,False
ahurei,1,1,True,True
banda,5,5,False,True
rayadurga,1,1,False,False
gloucester,2,2,True,True
sarangpur,1,1,False,False
ghasipura,2,2,False,False
kutlehar,3,3,False,False
peddapalli,4,4,True,True
bagalkot,5,5,False,False
aror,3,3,False,True
kavali,1,1,True,True
dumbarton,1,1,True,True
paralkot,1,1,False,False
kanchipuram,1,1,False,False
strabane,1,1,False,False
merta,1,1,False,False
jajnagar,3,3,False,False
baligram,3,3,False,False
sonda,4,4,False,True
enniskillen,1,1,False,False
belcoo,1,1,False,False
haleri,1,1,False,False
rahon,3,3,False,False
mysore,5,5,False,False
barmaur,1,1,False,False
kannur,1,1,True,True
patna,5,5,False,True
vijayanagar,2,2,False,False
lahore,2,2,False,True
chitral,1,1,False,False
multan,3,3,False,True
devgarh,1,1,False,False
malakand,5,5,False,False
aundh,2,2,False,False
newcastle,1,1,True,True
lalian,3,3,False,False
dunga_bunga,3,3,False,False
digavapi,2,2,True,True
astore,1,1,False,False
kavaje,1,1,True,True
posio,3,3,False,False
lokoja,5,5,False,True
onitsha,5,5,False,True
salemata,2,2,False,False
sioure,2,2,False,True
wassu,2,2,False,True
yagala,5,5,False,False
fresco,2,2,True,True
wad_madani,5,5,False,False
limey,2,2,False,False
jowhar,1,1,False,False
kujunung,1,1,False,False
berber,4,4,False,False
shire,2,2,False,False
sande,1,1,True,True
tecuci,2,2,False,False
karima,4,4,False,False
badi,1,1,True,True
dabarqi,3,3,False,False
hedesunda,3,3,False,False
assosa,3,3,False,False
dangila,1,1,False,False
kabsoru,1,1,False,False
agaro,1,1,False,False
konso,1,1,False,False
kebkabiya,1,1,False,False
enjebara,3,3,False,False
bakel,5,5,False,True
birni_nkonni,1,1,False,False
dikwa,1,1,False,False
aviles,1,1,True,True
taunat,1,1,False,False
talavera_de_la_reina,1,1,False,False
dutsi,1,1,False,False
birni_lalle,1,1,False,False
kokorou,3,3,False,False
kukiya,3,3,False,False
mandaragirau,1,1,False,False
niagassola,1,1,False,False
safare,2,2,False,True
siguiri,5,5,False,False
zuru,1,1,False,False
bai,1,1,False,False
gwaram,1,1,False,False
am_dam,1,1,False,False
meiganga,1,1,False,False
serres,1,1,False,False
hounde,1,1,False,False
bolikham,5,5,False,False
tavaputs,2,2,False,False
zaostrovskoye,5,5,False,True
raxalaa,1,1,False,False
ami,5,5,False,False
yangzi,5,5,False,True
anundsjo,3,3,False,False
aguz,1,1,True,True
wuhu,5,5,False,True
xiuning,1,1,False,False
taihu,1,1,False,False
hefei,1,1,False,False
yingzhou,2,2,False,False
dangtu,5,5,False,True
hangzhou,3,3,True,True
shaoxing,2,2,True,True
huangyan,2,2,True,True
mitchigamea,5,5,False,True
telha,1,1,False,False
pingnan,4,4,False,False
dangbon,1,1,False,False
papun,5,5,False,False
icalo,1,1,True,True
belen_ana,1,1,False,False
chernihiv,2,2,False,False
kholongsolokh,4,4,False,False
yanchuan,3,3,False,False
porekry,5,5,False,False
ilasi,2,2,False,False
khana,1,1,False,False
berat,1,1,False,False
cayenne,2,2,True,True
hedmarksvidda,2,2,False,False
yexian,1,1,False,False
ust_kuloy,1,1,False,False
amga,2,2,False,False
sar_sang,1,1,False,False
upaon_acu,2,2,True,True
fresnes,1,1,False,False
ku,3,3,False,False
pustozersk,5,5,False,False
nanyang,1,1,False,False
anaklia,2,2,True,True
kiri_kere,1,1,True,True
lezha,2,2,True,True
messoyakha,3,3,False,False
minokamo,1,1,False,False
demyanovo,1,1,False,False
henley,1,1,False,True
beyza,1,1,False,False
zhebariki_khaya,4,4,False,False
teltow,1,1,False,True
veles,1,1,False,False
gapyeong,2,2,False,False
uyapari,5,5,False,True
ooita,1,1,True,True
sawokli,1,1,False,False
igra,1,1,False,False
parrusit,3,3,False,False
matsigame,1,1,False,False
vrddha_ratnapura,1,1,True,True
cattaraugus,1,1,False,False
uftyuga,5,5,False,True
katihar,5,5,False,True
baodian,3,3,False,False
orivesi,1,1,False,False
lhodrak,1,1,False,False
kapasia,5,5,False,False
gaeta,1,1,True,True
huanacache,1,1,False,False
bolshoy_balyk,5,5,False,True
wuzhi,3,3,False,False
kaphirintiwa,1,1,False,False
seeboosis,2,2,False,False
winyah,5,5,True,True
lloa,2,2,True,True
cianjur,2,2,False,False
chinipi,1,1,False,False
builoo,1,1,False,False
comayagua,5,5,False,False
buy,1,1,False,False
chitina,5,5,False,False
akropong,3,3,True,True
cherdyn,5,5,False,True
guwan,3,3,False,False
deoghar,1,1,False,False
shilong,5,5,False,False
metog,5,5,False,False
uryuu,1,1,False,False
gongju,2,2,False,False
anigiduwagi,1,1,False,False
rasht,2,2,True,True
diaboudior,1,1,True,True
narni,1,1,False,False
belley,2,2,False,False
vaucouleurs,1,1,False,False
manouane,1,1,False,False
longan,1,1,False,False
shiewhibak,1,1,False,False
konchalyt,2,2,False,False
puyallup,1,1,True,True
niurba,3,3,False,False
catalte,5,5,False,False
hurle,3,3,False,False
yangga,5,5,False,False
sankina,1,1,False,False
oyate_shisha,1,1,False,False
oskelaneo,1,1,False,False
matano,2,2,False,False
dakky,2,2,False,False
chungju,2,2,False,True
parakana,5,5,False,False
urubu,2,2,False,False
nice,1,1,True,True
weixian,1,1,False,False
marsciano,1,1,False,False
yarkand,1,1,False,False
gorodechnya,1,1,False,False
kura,2,2,False,False
kljuc,1,1,False,False
gerik,2,2,False,False
puruga,1,1,False,False
ralung,1,1,False,False
piracicaba,2,2,False,False
aschendorf,1,1,False,False
yaaucaniga,5,5,False,False
anambe,5,5,True,True
yapuata,1,1,True,True
constantia_bul,1,1,False,False
icheon,2,2,False,True
timucua,2,2,True,True
hinglaj,1,1,True,True
pokrovsk,5,5,False,True
yongning_hengzhou,3,3,False,False
ngololo,1,1,False,False
jequitinhonha,2,2,False,False
voronizh_chernihiv,2,2,False,False
abihka,2,2,False,False
porog,2,2,False,False
yorta_yorta,5,5,False,False
agaes,2,2,False,True
jyskyjarvi,1,1,False,False
dartsedo,3,3,False,False
urucurituba,5,5,False,True
azeevo,5,5,False,True
ripon,1,1,False,True
vawkavysk,2,2,False,False
deungju,1,1,True,True
natal,2,2,True,True
enenlhet,5,5,False,False
maxakali,2,2,False,False
at_tarfawi,1,1,False,False
wotjobaluk,2,2,False,False
kineepikwameekwa,1,1,False,False
bolkhuny,5,5,False,True
balcheta,3,3,True,True
kamiahpu,3,3,False,False
suining_pizhou,5,5,False,False
gyamda,1,1,False,False
caconda,1,1,False,False
kelay,2,2,False,False
cura,1,1,False,False
apollonia,2,2,True,True
tse_khene,1,1,False,False
akure,1,1,False,False
liuzhai,1,1,False,False
ilansky,2,2,False,False
mikulino_tver,1,1,False,False
itapetininga,1,1,False,False
khvorostyanka,5,5,False,True
drohiczyn,1,1,False,True
osaka,2,2,True,True
agvituk,2,2,True,True
liptovsky_mikulas,1,1,False,False
musa_qala,2,2,False,False
jagodina,2,2,False,False
angualasto,1,1,False,False
krasnoyarsk,4,4,False,False
keperveem,1,1,False,False
nebraska,5,5,False,False
kanchanaburi,5,5,False,False
passo_fundo,5,5,False,False
tongjiang,1,1,False,False
caspe,5,5,False,True
sapporo,2,2,False,False
biloxi,1,1,True,True
kaluga,5,5,False,False
buluranriding,1,1,True,True
giedraiciai,1,1,False,False
ngamring,1,1,False,False
banader,2,2,False,False
kasai,1,1,False,False
wutun,5,5,False,False
hiyama,1,1,True,True
ust_koksa,5,5,False,False
auqajikuna,1,1,False,False
chivilco,5,5,False,False
ibaraki,1,1,True,True
geelong,1,1,True,True
xiaodandang,3,3,False,False
mie,2,2,True,True
millau,1,1,False,False
ukutal,1,1,False,False
wuling,4,4,False,False
fugu,3,3,False,False
tsukuba,1,1,False,False
tagawa,2,2,True,True
ocuogun,1,1,False,False
minamiuonuma,2,2,False,False
caly,2,2,False,False
tsimanes,1,1,False,False
ky_son,5,5,False,False
pantian,3,3,False,False
enken,1,1,True,True
leshou,1,1,False,False
nam_thing,4,4,False,False
winnange,1,1,False,False
uda_mutsu,1,1,True,True
jiaha,1,1,False,False
mistutikumak,3,3,False,False
guangning_zhaoqing,2,2,False,False
pai_tavytera,1,1,False,False
nazarovo,2,2,False,False
gniew,3,3,False,True
syvlyush,2,2,False,False
oando,1,1,False,False
bendi,5,5,False,False
densatil,3,3,False,False
gyor,5,5,False,True
xiangyuan,1,1,False,False
yangshou,4,4,False,False
wajuru,2,2,False,False
medina_del_campo,1,1,False,False
makovskoe,1,1,False,False
chupilta,1,1,False,False
catan_lil,5,5,False,False
choco,5,5,True,True
angkor_borei,1,1,False,False
tenamitl,2,2,False,False
sohra,5,5,False,False
kalaat_sraghna,1,1,False,False
nikolskoye_kema,1,1,False,False
dullu,3,3,False,False
kyshtovka,1,1,False,False
nikhdhintanwan,5,5,False,False
mogi_das_cruzes,1,1,False,False
lagoa_vermelha,5,5,False,False
beyla,1,1,False,False
shuya_karelia,1,1,False,False
polotsk,2,2,False,True
staraya_russa,2,2,False,False
borovichi,1,1,False,False
alakurti,1,1,False,False
haliti,1,1,False,False
berelekh,1,1,False,False
takana,2,2,False,False
balykchy,1,1,False,False
barom,3,3,False,False
kainta,2,2,False,False
kandangwesi,1,1,True,True
murgo,1,1,False,False
mayi_thakurti,1,1,False,False
qom,5,5,False,False
wizi,1,1,False,False
burgdorf_emmental,2,2,False,False
saraveka,1,1,False,False
passau,3,3,False,True
kernave,1,1,False,False
khunani,2,2,False,False
kazachye,1,1,False,False
soyopa,1,1,False,False
pinya,5,5,False,True
bolshaya_laptyuga,5,5,False,False
kargopol,1,1,False,False
manaos,5,5,False,True
peerapper,2,2,True,True
lobito,2,2,True,True
muene_puto,2,2,False,False
ratne,1,1,False,False
shunde,5,5,True,True
linjiang_jurchen,1,1,False,False
henei,1,1,False,False
viry,1,1,False,False
karditsa,1,1,False,False
ambraw,5,5,False,False
kulun_olbut,5,5,False,False
barabhum,1,1,False,False
piranshahr,1,1,False,False
quetico,1,1,False,False
kurla,2,2,False,False
randolph,1,1,False,False
hpa_an,4,4,False,False
turinsk,2,2,False,False
lokan,5,5,False,False
muang_phin,5,5,False,False
kawali,2,2,False,False
mocama,1,1,True,True
wengshui,5,5,False,False
gushi,1,1,False,False
bamgweolo,5,5,False,False
mihalt,4,4,False,True
ejea_de_los_caballeros,1,1,False,False
ruse,4,4,False,True
beljamen,5,5,False,True
paranaidji,4,4,False,False
zhilinda,3,3,False,False
heiltsuk,1,1,True,True
kamen,3,3,False,False
thoa,1,1,False,False
lamayuru,5,5,False,False
stswecen_c,3,3,False,False
luthigh,1,1,False,False
viziru,4,4,False,True
mueng_thung_yai,1,1,True,True
caiapo,2,2,False,False
ulwas,5,5,True,True
pingyin,3,3,False,False
tupiniquim,1,1,True,True
kuukyuyau,1,1,True,True
tharrawaddy,5,5,False,True
sentispac,2,2,True,True
guishan,5,5,True,True
hajipur,5,5,False,True
serpa,2,2,False,False
tokachi,2,2,True,True
tamrah,2,2,False,False
circle,4,4,False,False
tomina,1,1,False,False
diphu,2,2,False,False
spittal,1,1,False,False
miesbach,2,2,False,False
tampruns,2,2,False,False
kabixi,1,1,False,False
madhubani,5,5,False,False
wappacoma,1,1,False,False
boruma,5,5,False,False
st_veit,1,1,False,False
amguema,1,1,False,False
wenteche,2,2,False,False
pakhachi,2,2,True,True
willman,1,1,False,False
leiyang,2,2,False,False
mehin,5,5,False,False
bayangol,5,5,False,False
ashuanipi,1,1,False,False
bwambe,3,3,True,True
komering,5,5,False,False
lasko,1,1,False,False
matachewan,1,1,False,False
noptinte,1,1,False,False
sao_joao_rei,1,1,False,False
kibau,1,1,False,False
dimapur,2,2,False,False
snohomish,5,5,True,True
ar_rass,1,1,False,False
lho_taklung,1,1,False,False
sabanes,1,1,False,False
feurs,1,1,False,False
nong_bua_lamphu,1,1,False,False
ganyushkino,1,1,True,True
itapecuru,1,1,False,False
jaurua,1,1,False,False
lokono,3,3,False,False
ukhta,2,2,False,False
bojamba,5,5,False,False
nazok_olya,1,1,False,False
ipueira,5,5,False,False
tuma,3,3,False,True
awa_brazil,3,3,False,False
nasoni,2,2,False,False
dianjiang,1,1,False,False
xibao,2,2,False,False
qianlong,3,3,False,False
yuracare,5,5,False,False
chon_naryn,1,1,False,False
hulan,1,1,False,False
viadineti,1,1,False,False
landshut,2,2,False,False
lubalo,1,1,False,False
tigil,2,2,True,True
bauzi,4,4,False,False
homalco,1,1,True,True
gunzburg,2,2,False,False
rekinniki,1,1,True,True
dai_man,2,2,False,False
woi_wurrung,1,1,False,False
loc_chau,1,1,False,False
naurskaya,2,2,False,False
okeechobee,1,1,False,False
splatsin,2,2,False,False
inhandui,5,5,False,False
bakairi,2,2,False,False
mafra,2,2,False,False
ot_esh_otchore,1,1,False,False
goleniow,1,1,True,True
xat_sull,1,1,False,False
baoning_maozhou,1,1,False,False
otomi,1,1,False,False
chatot,2,2,False,False
shimbay,3,3,False,False
asmat,5,5,True,True
walong,5,5,False,False
zheledian,1,1,False,False
wenxiang,3,3,False,False
tamtoc,5,5,False,False
fimi,5,5,False,False
uruaitis,5,5,False,False
ngimbo_amburi,2,2,False,False
lumnanas,2,2,False,False
guazoco,1,1,False,False
schongau,1,1,False,False
borongan,1,1,True,True
bureen,1,1,False,False
guadalupe,1,1,False,False
quban,1,1,True,True
maiawali,1,1,False,False
vagay,1,1,False,False
yuncheng,3,3,False,False
braunau,5,5,False,False
macaclita,1,1,False,False
skaniatares,1,1,False,False
kamiskayachuuch,2,2,False,False
grange,1,1,False,False
rampur_boalla,5,5,False,False
sao_carlos,2,2,False,False
nyemo,3,3,False,False
micay,2,2,True,True
arka,2,2,False,False
pankararu,4,4,False,False
pipli,1,1,False,False
itonama,5,5,False,False
lanzo,2,2,False,False
kuuvik,1,1,False,False
quuiich,2,2,True,True
passavant,5,5,False,True
tabajara,1,1,False,False
itapicuru,1,1,False,False
khairabad,1,1,False,False
kyainseikgyi,2,2,False,False
ramree,1,1,True,True
revny,1,1,False,False
yambina,1,1,False,False
shidian,3,3,False,False
q_espiea,3,3,False,False
alpu,2,2,False,False
lamphun,1,1,False,False
khan_khentii,5,5,False,False
jishan,1,1,False,False
syun,1,1,False,False
a_taw_bun_kut_en,1,1,False,False
shadrinsk,1,1,False,False
kwaza,2,2,False,False
chuvan2,1,1,False,False
moyenga,1,1,False,False
buantan,2,2,True,True
tyukhtet,2,2,False,False
anakovik,1,1,True,True
bao_lac,5,5,False,False
tapuitapera,3,3,True,True
skrytaya,1,1,True,True
sao_luis_do_paraitinga,1,1,False,False
hanol,1,1,False,False
olomouc,1,1,False,False
xie,1,1,False,False
tsaukambo,5,5,False,False
samara,5,5,False,True
kleisoura_epirus,1,1,False,False
jiachuan,1,1,False,False
kuna,5,5,False,False
tsikip,1,1,False,False
mitse_adazi,1,1,False,False
jaintiapur,3,3,False,False
tauberbischofsheim,2,2,False,False
ibrahimabad,4,4,False,False
zarqan,1,1,False,False
xunxian,1,1,False,False
apahtoksipisskan,1,1,False,False
colipilli,5,5,False,False
como,2,2,False,False
murom,3,3,False,True
nikolsky,3,3,False,False
bolzano,1,1,False,False
kadey,5,5,False,False
tukuringra,5,5,False,False
mairi,5,5,True,True
teliagarhi,5,5,False,True
oktahutchee,1,1,False,False
cuijk,2,2,False,True
simpcw,1,1,False,False
crato,2,2,False,False
boundiali,1,1,False,False
uffenheim,1,1,False,False
millinocket,5,5,False,False
ramnicu_valcea,1,1,False,False
kachug,1,1,False,False
thionville,2,2,False,False
muara_bahan,5,5,False,True
coctu,2,2,True,True
vik,1,1,True,True
dargyeling,2,2,False,False
katobe_a_mubebe,1,1,False,False
van_ban,3,3,False,False
bo_hai_khau,4,4,True,True
tuyandina,3,3,False,False
linjin,3,3,False,False
arua_amazon,1,1,True,True
mucusso,1,1,False,False
systyg,5,5,False,False
simo,3,3,True,True
mingin,4,4,False,False
osaakiiwaki,5,5,True,True
makaka,1,1,False,False
putna,1,1,False,False
moschevo,1,1,False,False
kuta_watu,3,3,True,True
salin,5,5,False,True
tauisk,2,2,True,True
yabro,1,1,False,False
konda,1,1,False,False
yulalona,1,1,False,False
yamur,5,5,True,True
patharkandi,3,3,False,False
slawharad,1,1,False,False
anhandui,5,5,False,False
charaideo,5,5,False,False
azamgarh,4,4,False,False
gonda,4,4,False,False
hassfurt,1,1,False,False
guidong,1,1,False,False
hahahae,1,1,True,True
shiping,2,2,False,False
buzuluk,1,1,False,False
jicin,1,1,False,False
ibirapuita,2,2,False,False
komsa,1,1,False,False
plenita,4,4,False,True
ried,3,3,False,False
glaz,3,3,False,True
tangipahoa,1,1,False,False
kitzingen,1,1,False,False
aksay_pointic,2,2,False,False
yudu,5,5,False,False
utugo_kuri_doge,2,2,False,False
kittikas,1,1,False,False
mechet,5,5,False,True
modokni,1,1,False,False
shemonayevskoye,1,1,False,False
kichmengsky_gorodok,2,2,False,False
miranha,5,5,False,False
nitamibontegw,1,1,False,False
ilesa,1,1,False,False
neijiang,2,2,False,False
kennebunk,2,2,True,True
turas,5,5,False,False
meli_lema,1,1,False,False
samanoud,1,1,False,True
edfu,4,4,False,True
kharibta,3,3,False,True
djonga,2,2,False,False
maroantsetra,2,2,True,True
tsilalanarivo,2,2,False,False
mahajanga,3,3,True,True
maintirano,2,2,True,True
ambatomanoina,2,2,False,False
fianarantsoa,1,1,False,False
rezoky,2,2,True,True
enijo,1,1,True,True
south_yao,5,5,False,False
mbinga,5,5,False,False
kutu,3,3,False,False
sauveterre_de_guyenne,2,2,False,True
kibengo,2,2,False,False
maasai,1,1,False,False
akcasehir,2,2,True,True
nyanja,5,5,False,False
north_yao,3,3,False,False
sagara,1,1,False,False
east_wembere,2,2,False,False
ngisir,1,1,False,False
ispir,1,1,False,False
eruh,3,3,False,False
kars_armenia,2,2,False,False
antioch,2,2,True,True
epe,5,5,True,True
hinis,1,1,False,False
north_sakuye,1,1,False,False
samsun,2,2,True,True
harput,5,5,False,False
enguzud,1,1,False,False
amasya,1,1,False,False
kalecik,1,1,False,False
urgup,1,1,False,False
hargan,1,1,False,False
sogut,2,2,False,False
domanic,1,1,False,False
ladik_pontus,2,2,False,False
bogazliyan,1,1,False,False
tomarza,1,1,False,False
usak,1,1,False,False
nazilli,1,1,False,False
orleans,2,2,False,True
siran,1,1,False,False
artah,1,1,False,False
hit,3,3,False,False
baqubah,3,3,False,False
wasit,3,3,False,True
zuwayr,4,4,True,True
deir_ez_zor,3,3,False,False
duhok,3,3,False,False
karaja,5,5,False,False
wampar,5,5,True,True
atbasar,1,1,False,False
caxa,2,2,False,False
imilen,1,1,False,False
boai,1,1,False,False
liwa_lampung,1,1,True,True
baykalovo,5,5,False,False
raciborz,1,1,False,False
waqua,1,1,False,True
jaru,1,1,False,False
sancoins,2,2,False,False
pokhara,1,1,False,False
sterlitamak,2,2,False,False
anderson,1,1,False,False
waxhaw,2,2,False,False
tutelo,2,2,False,False
kaltysyany,5,5,False,True
zharkol,1,1,False,False
wanapitei,1,1,False,False
bugur,2,2,False,False
verdun_sur_garonne,2,2,False,True
moana_mpafu,2,2,False,False
uhun,2,2,False,False
barbacena,1,1,False,False
pancevo,4,4,False,True
ikuiapa,5,5,False,False
ynakh,1,1,False,False
ibotirama,5,5,False,False
kwesten,1,1,True,True
nokor_reach_seyma,1,1,False,False
belik,1,1,False,False
hongsa,5,5,False,False
oheyandewa,5,5,False,True
fengchuan,5,5,False,True
bestyakh,1,1,False,False
changning_anyuan,1,1,False,False
guajajara,5,5,False,False
jaltenango,2,2,False,False
bettiah,3,3,False,False
wuntho,5,5,False,True
tykocin,1,1,False,False
massinacak,2,2,False,False
kuala_lipis,5,5,False,False
chishmy,3,3,False,False
segura_de_la_sierra,1,1,False,False
wintu,1,1,False,False
norosi,5,5,False,True
non,1,1,False,False
mamusi,1,1,True,True
padum,2,2,False,False
patia,2,2,False,False
hanyuan,3,3,False,False
hochelaga,5,5,False,True
babruysk,1,1,False,False
vesoul,1,1,False,False
tame,5,5,False,False
miranda_de_i_douro,2,2,False,False
tanjung_balai,2,2,True,True
capino,2,2,False,False
chandrapur,5,5,False,False
qorveh_darjazin,1,1,False,False
shumyachi,1,1,False,False
bobai,1,1,False,False
demba,5,5,True,True
kineo,1,1,False,False
patsaliga,1,1,False,False
wicontiss,3,3,True,True
vitebsk,2,2,False,True
stadacona,1,1,True,True
nooherooka,1,1,False,False
mabila,5,5,False,False
pikumche,2,2,False,False
pingyuan_mei,1,1,False,False
rowta,5,5,False,False
wakhakukdhin,2,2,False,False
mendong,1,1,False,False
apuka,2,2,True,True
yandao,2,2,False,False
naser,5,5,False,False
sobat,4,4,False,False
injangyang,5,5,False,False
wulong,5,5,False,False
sissipahaw,1,1,False,False
lado,4,4,False,False
tambura,2,2,False,False
meshra_er_req,3,3,False,False
takutu,5,5,False,False
escoria,1,1,True,True
kafsanji,5,5,False,False
kiyyangan,5,5,False,False
taala,2,2,False,False
roon,1,1,True,True
para_gaviao,1,1,False,False
stepan,1,1,False,False
ife,1,1,False,False
fengxi,1,1,False,False
yeruda,1,1,False,False
phonsavan,2,2,False,False
siewierz,1,1,False,False
amulaca,3,3,False,False
malodelskaya,1,1,False,False
yiyuan,1,1,False,False
yaquina,1,1,True,True
vamizi,2,2,True,True
kuanhe_xingzhou,1,1,False,False
elgygytgyn,1,1,False,False
maksatikha,1,1,False,False
taquarucu,5,5,False,False
kozhevnikovo,3,3,False,False
ruza,1,1,False,False
otavalo,1,1,False,False
kuujjuaq,3,3,True,True
longquanping,3,3,False,False
curu_leufvu,3,3,True,True
changyang,2,2,False,False
shyoltozero,3,3,False,False
nioman,5,5,False,False
tyerrernotepanner,1,1,True,True
dordrecht,4,4,True,True
daning,3,3,False,False
ust_vayenga,5,5,False,True
awyu,3,3,False,False
nechi,5,5,False,False
uatuma,5,5,False,True
ouachita,5,5,False,False
serpukhov,2,2,False,False
dizhai,2,2,False,False
voronich,1,1,False,False
havasubaaja,3,3,False,False
nooksack,5,5,False,False
muxihe,3,3,False,False
bula_kongo,5,5,False,False
sakirabia,1,1,False,False
muang_phuan,1,1,False,False
whonnock,5,5,True,True
catahoula,5,5,False,True
narhat,1,1,False,False
arghestan,1,1,False,False
katzie,1,1,False,False
daguwanalahi,3,3,False,False
pont_audemer,3,3,True,True
uru_eu_wau_wau,5,5,False,False
khabzhylakh,1,1,False,False
toniato,4,4,False,True
wambu,1,1,False,False
yevra,1,1,False,False
piachi,3,3,False,False
shipshaw,1,1,False,False
saginaw,1,1,True,True
preah_vihear,1,1,False,False
muli,5,5,False,False
idre,1,1,False,False
chala,2,2,False,False
buryn,1,1,False,False
okhaldhunga,5,5,False,False
mulilimu,1,1,False,False
jariekhi,1,1,False,False
khani,1,1,False,False
changshan,1,1,False,False
consha,5,5,False,False
an_nabhaniyah,2,2,False,False
wargamaygan,1,1,True,True
chillupar,5,5,False,False
daugavpils,2,2,False,True
kadom,1,1,False,False
vasteras,1,1,False,False
hamtai,2,2,False,False
mueng_rat,1,1,False,False
pahotcha,1,1,False,False
pekatek,1,1,True,True
kapela,3,3,False,False
juxtlahuaca,1,1,False,False
tlacolula,1,1,False,False
yongshun_yongshun,2,2,False,False
meppen,1,1,False,False
olofsborg,3,3,False,False
veoneohe,1,1,False,False
boali,5,5,False,False
qom_caia,5,5,False,True
dawande,2,2,False,False
kitasoo,1,1,True,True
kiheewapiw,1,1,False,False
konski_vody,3,3,False,True
pashas,2,2,False,False
vyya,1,1,False,False
drohobych,1,1,False,False
kamusawawasich,1,1,False,False
ozumacin,1,1,False,False
cuitzeo,3,3,False,False
kataysky,1,1,False,False
caxanga,1,1,True,True
trubchevsk,1,1,False,False
phanat,2,2,True,True
kotosh,5,5,False,False
laha,2,2,False,False
abitau,1,1,False,False
yuksom,5,5,False,False
tecalco,1,1,False,False
aguacay,1,1,False,False
belkhandi,2,2,False,False
krychaw,1,1,False,False
allpas,5,5,False,False
labolo,2,2,True,True
klondike,2,2,False,False
korutla,3,3,False,False
ginoogaming,1,1,False,False
miangu,5,5,False,False
liribamba,1,1,False,False
baborigame,1,1,False,False
macoupin,5,5,False,False
sodertalje,1,1,True,True
acayucan,3,3,True,True
dungene,1,1,False,False
kokowarra,2,2,False,False
coyle,1,1,False,False
gyanema,1,1,False,False
guiigu_yudxi,1,1,False,False
miahuatlan,1,1,False,False
bazarny_syzgan,1,1,False,False
pikwakanagan,1,1,False,False
nikolskoye_pontic,5,5,False,False
ruxi,1,1,True,True
petawanga,2,2,False,False
caxitlan,1,1,True,True
wari_peru,1,1,False,False
londa,1,1,False,False
apatzingan,1,1,False,False
chibango,5,5,False,False
ombongo,2,2,False,False
washeo,5,5,True,True
atahachi,5,5,False,False
droge,5,5,False,False
okaisipi,1,1,False,False
arilje,1,1,False,False
bulun,4,4,False,False
willka_pampa,3,3,False,False
phnom_srok,2,2,False,False
upuahpukau,1,1,False,False
gahato,2,2,False,False
xinhua_guizhou,2,2,False,False
ushkau_nipi,1,1,False,False
piipaash,1,1,False,False
pudasjarvi,2,2,False,False
shangdu,1,1,False,False
jianan,1,1,False,False
kakaling,1,1,False,False
pumanota,1,1,False,False
klendela,1,1,False,False
aerzhai,3,3,False,False
tepotahal,1,1,True,True
mykytyn_rih,5,5,False,True
cocorna,5,5,False,False
zazhimchar,5,5,False,True
ingatambo,5,5,False,False
petawawa,3,3,False,False
niiohehsane,1,1,False,False
qanbalik,1,1,False,False
majabigwaduce,2,2,True,True
lafkenmapu,5,5,True,True
titimani,1,1,False,False
chakola,5,5,False,False
ineu,1,1,False,False
kaniatarahontsi,5,5,False,True
sojas,1,1,False,False
kolonbelle,5,5,False,False
tupiza,1,1,False,False
lahoysk,1,1,False,False
manhattan,3,3,True,True
sawran,3,3,False,False
onontchataronon,5,5,False,False
kaypikupau,2,2,False,False
kaizhou,1,1,False,False
petitsikapau,2,2,False,False
yoro,2,2,False,False
ne_shuta,1,1,False,False
madembe,5,5,False,False
washita,5,5,False,False
trowulan,2,2,True,True
kenosha,1,1,True,True
telen,5,5,False,False
awen,5,5,False,False
majanna,1,1,False,False
kamach,4,4,True,True
pingshan_huiyang,1,1,True,True
chuwi,1,1,False,False
rognedino,1,1,False,False
krasnoe,1,1,False,False
lefini,5,5,False,False
ariari,5,5,False,False
duitama,2,2,False,False
bogra,2,2,False,True
segbwema,5,5,False,False
chateauneuf_de_randon,1,1,False,False
ural_nema,3,3,False,False
linchuan,5,5,False,False
keowee,1,1,False,False
charonda,1,1,False,False
masacuajulam,2,2,False,False
enzhou,1,1,False,True
liangdang,1,1,False,False
husaynabad,3,3,False,True
tamba_ambriz,1,1,False,False
namhsan,1,1,False,False
oyuuhardaax,4,4,False,False
matawin,3,3,False,False
waco,2,2,False,False
axawiri,3,3,False,False
wielen,1,1,False,False
hechi,5,5,False,False
sarikei,4,4,True,True
arkhangelsk,5,5,True,True
pamlico,1,1,True,True
pimpu,1,1,False,False
amoyeli_gunahita,1,1,False,False
sachchaa_mukku,1,1,False,False
bertoua,5,5,False,False
mucajama,5,5,False,False
hagwilget,5,5,False,False
wapsipinicon,5,5,False,False
tutonchany,1,1,False,False
pakamik,1,1,False,False
pologoye_zaymishche,1,1,False,True
bayali,2,2,True,True
fuqiang,1,1,False,False
hanover,1,1,False,False
tangxing,5,5,False,False
nahuelpan,2,2,False,False
obion,5,5,False,True
kunovat,5,5,False,True
maidu,1,1,False,False
dingbian_shunning,3,3,False,False
weinan,2,2,False,False
ygana,5,5,False,False
miksiw_sipisis,2,2,False,False
palenzuela,1,1,False,False
berezovka,1,1,False,False
djundu,5,5,False,False
caloto,2,2,False,False
wari_willka,2,2,False,False
dormaa,2,2,False,False
melnya,2,2,False,False
kapitukamach,3,3,False,False
moi_urusta,2,2,False,False
cholohollay,1,1,False,False
nequecheri,1,1,False,False
jacarei,2,2,False,False
ad_dawasir,2,2,False,False
chao,2,2,True,True
minatare,1,1,False,False
willmore,2,2,False,False
talimachusi,1,1,False,False
giannitsa,2,2,False,False
klikitat,1,1,False,False
chisasibi,3,3,True,True
anlong,5,5,False,False
tomtor,1,1,False,False
sirdan,5,5,False,False
atach,1,1,False,False
altamaha,1,1,False,False
guancheng,1,1,False,False
bobbili,1,1,False,False
ncomi,2,2,False,False
tchakashapug,3,3,False,False
bankuy,1,1,False,False
suxi,3,3,False,False
mashishing,1,1,False,False
yanyuwa,1,1,True,True
tashigang,1,1,False,False
talimeco,2,2,False,False
pallachacola,2,2,False,False
pinle,1,1,False,False
juancheng,3,3,False,False
sowunusiske,4,4,True,True
ayish,5,5,False,False
khunj,1,1,False,False
nel_kan,5,5,False,False
wucao,2,2,False,False
chinchon,1,1,False,False
huari,2,2,False,False
sohrevard,1,1,False,False
yuru,2,2,True,True
cuauhtitlan,1,1,False,False
zhenzhou,2,2,False,False
lipetsk,1,1,False,False
wapocomo,1,1,False,False
scarcies,2,2,True,True
almazan,1,1,False,False
lutang,3,3,False,False
boxing,3,3,False,False
nakhchivan,1,1,False,False
turama,1,1,False,False
nadym,1,1,False,False
chandrakona,5,5,False,False
humbe,2,2,False,False
echimamish,1,1,False,False
terbuny,1,1,False,False
porto_turvo,1,1,False,False
jianghua,1,1,False,False
umbagog,2,2,False,False
khoiniki,1,1,False,False
saarburg,5,5,False,False
skofja_loka,1,1,False,False
bodaybo,3,3,False,False
lichuan,1,1,False,False
karau,4,4,False,False
kehu,3,3,False,False
opuskowin,3,3,False,False
guaimas,1,1,True,True
dobrolak,1,1,False,False
futi,4,4,False,False
suripa,5,5,False,False
mengung,5,5,False,False
atico,1,1,True,True
kouande,1,1,False,False
luozuoguan,2,2,False,False
tarazona,2,2,False,False
batagai,1,1,False,False
fanxian,3,3,False,False
oronia,1,1,False,False
khmilnyk,1,1,False,False
ye_ya_xabine,5,5,False,False
nanbu,5,5,False,False
anacostia,1,1,False,True
chaisri,3,3,True,True
mombote,1,1,False,False
oxitlan,5,5,False,False
fuzhou_sichuan,5,5,False,True
tabasokwia,2,2,False,False
cosamaloapan,3,3,False,False
mistassibi,5,5,False,False
whakatane,1,1,True,True
chandwar,3,3,False,True
te_tairawhiti,1,1,True,True
chanderi,2,2,False,False
wairagarh,5,5,False,False
raipur,2,2,False,False
otakou,3,3,True,True
srinagar,1,1,False,False
mangrol,5,5,False,False
muktsar,3,3,False,False
gladsax,1,1,True,True
ramgad,5,5,False,False
durg,1,1,False,False
nellore,1,1,True,True
rakaia,1,1,True,True
nawagarh,2,2,False,False
carrickbeg,1,1,True,True
waterford,1,1,True,True
kharsawan,5,5,False,False
varberg,1,1,True,True
rabkob,1,1,False,False
halmstad,1,1,True,True
punial,1,1,False,False
kurki,1,1,False,False
ballymena,1,1,False,False
sangni,2,2,False,False
modasa,2,2,False,False
bhakkar,4,4,False,False
toulouse,1,1,False,True
newark,1,1,False,True
markapur,3,3,False,False
kaulas,1,1,False,False
amravati,1,1,False,False
carlisle,1,1,True,True
macclesfield,1,1,True,True
nandagiri,1,1,False,False
dhenkanal,1,1,False,False
mehkar,1,1,False,False
kalam,1,1,False,False
jalalpur_pirwala,3,3,False,True
khewra,3,3,False,False
sasaram,3,3,False,False
mardan,5,5,False,False
radhanpur,1,1,False,False
dholpur,3,3,False,False
hapur,2,2,False,False
cirencester,1,1,False,False
tehri,1,1,False,False
sukkur,4,4,False,True
paat,4,4,False,True
gurgaon,2,2,False,False
hajiabad,5,5,False,False
laholm,1,1,True,True
nandgram,1,1,False,False
batala,2,2,False,False
deogarh,2,2,False,False
sinnar,1,1,False,False
udamphur,3,3,False,False
angkor,5,5,False,True
krupnik,1,1,False,False
tingvalla,2,2,False,False
mahin,2,2,True,True
tezerghe,1,1,False,False
rio_del_rey,1,1,True,True
bukelon,1,1,False,False
tede,1,1,False,False
uvwie,5,5,False,False
yambasa,5,5,False,False
viana_bolo,1,1,False,False
jelgava,1,1,False,False
liljendal,2,2,False,False
villafranca_bierzo,1,1,False,False
mbam,2,2,False,False
hargaya,2,2,False,False
luuq,2,2,False,False
wej,1,1,False,False
towing,1,1,False,False
jilib,5,5,True,True
villalpando,1,1,False,False
tulcea,5,5,True,True
ed_debba,5,5,False,False
khawr_baraka,1,1,False,False
karkuj,3,3,False,False
bahir_dar,2,2,False,False
garbahare,5,5,False,False
hadiya,1,1,False,False
dima,5,5,False,False
anzourou,3,3,False,False
bamako,3,3,False,False
surame,2,2,False,False
daboya,2,2,False,False
dioila,5,5,False,False
andujar,1,1,False,False
branna,3,3,False,False
tortosa,2,2,True,True
gombe,2,2,False,False
pitea,3,3,True,True
boubon,3,3,False,False
bjorneborg,2,2,True,True
kulfo,1,1,False,False
selanger,2,2,True,True
mser,5,5,False,False
jarawah_abu_al_aysh,1,1,False,False
paga,5,5,False,False
san,2,2,False,False
tanda,5,5,False,False
yauri,3,3,False,False
douentza,1,1,False,False
potiskum,1,1,False,False
wuro_yolde,3,3,False,False
ristiina,3,3,False,False
neekeari,3,3,True,True
hot,1,1,False,False
aashbiliihkupe,1,1,False,False
hammerfest,1,1,True,True
naju,1,1,False,False
zuosuo,1,1,False,False
aoukale,1,1,False,False
ullum,1,1,False,False
jiangdu,3,3,False,True
husi,2,2,False,False
okanja,5,5,False,False
qinghe_huaian,5,5,False,True
wujiang,3,3,False,True
dongnae,2,2,True,True
susong,5,5,False,True
chongde,3,3,False,True
tonglu,5,5,False,True
wuyi_jinhua,1,1,False,False
linhuai,1,1,False,False
tsala_ihmec,1,1,False,False
zhenxi,5,5,False,False
maues,5,5,False,True
veckelax,2,2,True,True
takht_e_soleyman,1,1,False,False
dakahla,1,1,True,True
chandrawip,1,1,True,True
ustye,1,1,False,False
gayon,1,1,False,False
zhangzi,1,1,False,False
marmainde,1,1,False,False
ika_nepa,1,1,False,False
tofte,1,1,False,False
prinzus,5,5,False,False
enontakis,1,1,False,False
kagyrgyn,2,2,False,False
stomio,1,1,True,True
xatingnaax,4,4,False,False
ust_kulom,5,5,False,False
palmeira,5,5,False,False
kariio,1,1,True,True
wannian,2,2,False,False
jagatipur,2,2,False,False
kamensk,5,5,False,False
siraha,1,1,False,False
ashikita,1,1,True,True
banbury,1,1,False,False
powhatan,2,2,False,True
icafui,1,1,False,False
ni_okaska,2,2,False,False
miskwaagamiiwi,2,2,False,False
lakitan,2,2,False,False
curumu,2,2,True,True
river_nomlaki,2,2,False,False
ituzaingo,2,2,True,True
ski,3,3,True,True
shiveh,2,2,False,False
yichun,1,1,False,False
neemannee,2,2,False,False
dushan,1,1,False,False
novaya_lyalya,1,1,False,False
hajo,5,5,False,True
mabale,5,5,False,False
chamcha,4,4,False,False
otuques,2,2,False,False
vidin,4,4,False,True
tengapani,5,5,False,False
pirapora,5,5,False,False
acasaguastlan,5,5,False,False
amabe,1,1,True,True
dragasani,1,1,False,False
bunuba,1,1,False,False
st_uxwtews,1,1,False,False
skagit,2,2,True,True
muret,1,1,False,False
idrinskoye,4,4,False,False
vempalle,1,1,False,False
ket,5,5,False,False
ghatgaon,2,2,False,False
nixi,3,3,False,False
florac,1,1,False,False
yongcong,2,2,False,False
misask,2,2,False,False
tavoy,2,2,True,True
cuauhtemallan,1,1,False,False
pitlaxa,2,2,False,False
kodak,5,5,False,True
uiseong,1,1,False,False
texistepec,5,5,False,False
orte,5,5,False,True
awa_shikoku,1,1,True,True
almaliq,1,1,False,False
nahma,2,2,False,False
kengdey,5,5,False,False
nyurum_yegan,2,2,False,False
kukuro_kalapalo,3,3,False,False
goly_karamysh,5,5,False,True
viitasaari,1,1,False,False
gray,1,1,False,False
drijeva,1,1,False,False
kudu_kyuyol,3,3,False,False
cestos,5,5,True,True
gap,1,1,False,False
saint_mihiel,1,1,False,False
waskaganish,3,3,True,True
olanchito,1,1,True,True
rokan,1,1,False,False
busk,1,1,False,False
unaaha,1,1,False,False
vacaria,2,2,False,False
ragh,3,3,False,False
eno,1,1,False,False
asingasta,5,5,False,False
uco,1,1,False,False
taseyevo,4,4,False,False
cholle_cholle,5,5,True,True
warwa,1,1,True,True
ningdu,5,5,False,False
nakhon_sawan,3,3,False,True
nangcheon,1,1,False,False
nyssa,5,5,False,False
hodod,1,1,False,False
vukyl,3,3,False,False
yanggu,1,1,False,False
kamenka,5,5,False,False
yongfu,1,1,False,False
menzelinsk,1,1,False,True
tacshic,5,5,False,True
abakasnk,3,3,False,False
banda_ahenkro,5,5,False,False
pustosel,1,1,False,False
sarlawuk,1,1,False,False
ponil,1,1,False,False
agawam,2,2,False,False
copa,2,2,True,True
yeongwol,1,1,False,False
keelivtyn,3,3,False,False
dongming,3,3,False,False
winnibigoshish,1,1,False,False
rogachevo,1,1,False,False
yushan_guangxin,1,1,False,False
odintsovo,1,1,False,True
taowen,1,1,False,False
kulotino,1,1,False,False
maskotci,1,1,False,False
irantxe,5,5,False,False
uzhur,5,5,False,False
kisomba,5,5,False,False
ivdel,1,1,False,False
nadvoitsy,1,1,False,False
giiwas,1,1,False,False
kasa,1,1,True,True
shyngyrlau,2,2,False,False
fundeku,2,2,False,False
koygorodok,1,1,False,False
mpongwe,2,2,True,True
tickanwatic,1,1,False,False
pillahuinco,1,1,True,True
kostenets,1,1,False,False
kel_tegey,1,1,False,False
saldus,1,1,False,False
chosan,5,5,False,False
jinkou,5,5,False,True
ajanas,2,2,False,False
kosozhichi,1,1,False,False
preah_ko,5,5,False,True
marajoara,1,1,True,True
siming,3,3,False,False
krosno,1,1,False,False
shunning,5,5,False,False
sitte,1,1,False,False
atakpame,1,1,False,False
choiseul,1,1,False,False
tonggu,1,1,False,False
abomey,2,2,False,False
sededema,4,4,False,False
bafata,2,2,True,True
shamokin,1,1,False,False
napetipi,2,2,True,True
verkhneimbatsk,5,5,False,False
sibiu,1,1,False,False
tappan,3,3,False,True
corbeil,2,2,False,True
ubangi,5,5,False,False
xisa,1,1,False,False
isoya,1,1,True,True
harahey,1,1,False,False
sankancete,1,1,False,False
st_leonard,1,1,False,False
abyy,5,5,False,False
chaghankhot,3,3,False,False
wanzai,1,1,False,False
gokak,2,2,False,False
estok_gna,2,2,False,False
wak_kabnal,1,1,False,False
shichaam,2,2,False,False
bavly,1,1,False,False
debrc,3,3,False,True
coligua,2,2,False,False
bera,5,5,False,False
araicuahita,1,1,True,True
linkava,1,1,False,False
khalino,1,1,False,False
san_antonio_patrulha,1,1,False,False
buotama,1,1,False,False
xinye,1,1,False,False
landeck,1,1,False,False
sekayam,2,2,False,False
araguari,3,3,True,True
linzhou,1,1,False,False
yuannan,3,3,False,False
kitakamikawa,1,1,False,False
otrozhny,1,1,False,False
butuan,3,3,True,True
katanga,1,1,False,False
lyubim,1,1,False,False
bogue_chitto,5,5,True,True
hotin,2,2,False,False
sulkhari,5,5,False,False
guadual,5,5,False,False
weenhayek,2,2,False,False
an_nuqrah,1,1,False,False
sonargaon,5,5,False,True
kalocsa,4,4,False,True
minnetonka,5,5,False,False
ibaje,1,1,False,False
verkhnyaya_sinyachikha,1,1,False,False
tatau,5,5,True,True
eskimanetigon,1,1,True,True
mistassiniish,2,2,False,False
kayan_melawai,5,5,False,False
segesd,1,1,False,False
acroas,5,5,False,False
waanyi,1,1,False,False
sitakunda,2,2,True,True
minamiaizu,1,1,False,False
kilkis,1,1,False,False
upar,1,1,False,False
brotas,3,3,False,False
juuka,2,2,False,False
malabang,1,1,True,True
yuttyakh,1,1,False,False
lanagashec,5,5,False,True
adachi,1,1,False,False
utiangue,3,3,False,False
pokegama,1,1,False,False
nikitotegwak,2,2,False,False
nanling,2,2,False,False
cetatea_balta,1,1,False,False
beloe,1,1,False,False
cincu,1,1,False,False
lyakhovichy,1,1,False,False
zarand,1,1,False,False
geynyan,1,1,False,False
itzamkanac,1,1,False,False
iny_karaja,5,5,False,False
gutian,3,3,False,True
esquatak,2,2,False,True
wabimeig,5,5,False,False
iksa,5,5,False,False
mostar,1,1,False,False
batang_tembesi,5,5,False,True
sogra,5,5,False,True
lages,2,2,False,False
yangirabod,1,1,False,False
charrua,5,5,True,True
tremembe,1,1,True,True
belin,3,3,False,True
korkina_sloboda,2,2,False,False
shingwako,1,1,False,False
benin,2,2,False,False
golino,2,2,False,False
soltsy_kirishi,3,3,False,True
vat_phou,5,5,False,False
xinxing_annan,2,2,False,False
zemukh,3,3,False,False
rengat,3,3,True,True
mepenes,5,5,False,True
anyi,1,1,False,False
haizhou_liaoyang,5,5,True,True
suisin,5,5,True,True
difunda,1,1,False,False
upia,5,5,False,False
shanjir,2,2,False,False
haradok,2,2,False,False
andechs,1,1,False,False
yacegua,2,2,False,False
nadia,5,5,False,True
kambeba,5,5,False,False
nadleht_en,5,5,False,False
matapedia,5,5,True,True
mogi_mirim,1,1,False,False
yalutorovsk,5,5,False,False
pali_uttar_pradesh,5,5,False,False
shamiram,2,2,False,False
osinsky,4,4,False,False
qompi,5,5,False,True
ngaputaw,2,2,True,True
sheboygan,1,1,True,True
manitowik,1,1,False,False
pelym,1,1,False,False
congaree,5,5,False,False
tupik,1,1,False,False
djee,5,5,False,False
auxonne,2,2,False,False
amol_turkmenabad,4,4,False,False
mistango,1,1,False,False
balotipone,2,2,False,False
zonda,1,1,False,False
trenquelauquen,1,1,False,False
xiangxiang,2,2,False,False
dingyuan,3,3,False,False
rala,1,1,False,False
neihuang,1,1,False,False
biryusa,5,5,False,False
ho_bay,1,1,True,True
kytmanovo,1,1,False,False
ngato,5,5,False,False
yawnghwe,1,1,False,False
motygino,5,5,False,False
tagatay,1,1,False,False
brig,1,1,False,False
veliky_beckerek,3,3,False,False
cacapava,2,2,False,False
guaquire,5,5,False,False
linyanti,5,5,False,False
lelbunmapu,5,5,False,False
surubiu,5,5,False,True
udamik,5,5,False,False
grayling,4,4,False,False
barda,3,3,False,False
bobangi,5,5,False,False
ehdacho,3,3,False,False
gari,5,5,False,False
bobaka,5,5,False,False
cabadbaran,1,1,True,True
paiaco,1,1,False,False
luanda,3,3,True,True
bogatoye,1,1,False,False
kasenga,2,2,False,False
magway,5,5,False,True
mehsi,3,3,False,False
baini,3,3,False,False
caete,1,1,False,False
burglengenfeld,1,1,False,False
balbalan,2,2,False,False
khon_kaen,1,1,False,False
pikwitonei,4,4,False,False
aparri,3,3,True,True
guaja,2,2,False,False
muxima,3,3,True,True
steinfeld,1,1,False,False
buassa,3,3,False,False
mammamattawa,2,2,False,False
apapelgino,1,1,False,False
itakangapyra,2,2,False,False
kyaukse,5,5,False,False
vacacai,2,2,False,False
akaray,5,5,False,False
forcados,2,2,True,True
klagenfurt,2,2,False,False
ujvyn,1,1,False,False
pegalan,1,1,False,False
sulomay,5,5,False,False
zhenyuan_sizhou,1,1,False,False
pop_fargana,1,1,False,False
warsaw,3,3,False,True
dagu,2,2,True,True
biria,2,2,False,False
ormenio,1,1,False,False
mbegua,5,5,False,True
daboka,5,5,False,False
shenango,2,2,False,False
ta_shwe_htan,5,5,False,False
jalpaiguri,2,2,False,False
oconee,2,2,False,False
sincel,2,2,False,False
suyunduk,1,1,False,False
usalgin,1,1,True,True
mongpai,5,5,False,False
shipai,3,3,False,True
watlala,5,5,False,False
yiiji,1,1,True,True
dolkabaya,1,1,False,False
pankara,4,4,False,False
waini,2,2,True,True
sinipi,1,1,False,False
mabein,5,5,False,False
futra_lhewfu,2,2,False,False
nuorttijarvi,1,1,False,False
kumai,5,5,True,True
guanipa,5,5,False,True
abau,5,5,False,False
roh,2,2,False,False
samaipata,1,1,False,False
fengcheng_fengcheng,4,4,False,True
one,4,4,True,True
mistelbach,1,1,False,False
itatsky,5,5,False,False
chuvan1,1,1,False,False
tubicha_mini,5,5,True,True
kongwei,1,1,False,False
tingkip,5,5,False,False
parma,3,3,False,True
talang,5,5,False,False
tupulicus,5,5,False,True
valencia_de_alcantara,2,2,False,False
lambarene,5,5,False,False
shouzhang,3,3,False,True
graz,1,1,False,False
wenxian,3,3,False,False
saarbrucken,1,1,False,False
muang_kham,1,1,False,False
tanhacu,1,1,False,False
pium_i,5,5,False,False
hequ_wuding,4,4,False,False
tengxian,1,1,False,True
zalishchyky,1,1,False,False
chitek,2,2,False,False
banbishan,1,1,False,False
hohenberg,1,1,False,False
paspebiac,1,1,True,True
zhuluo,3,3,False,False
manikpur,3,3,False,False
khovd,1,1,False,False
mantiqueira,1,1,False,False
paramaribo,3,3,True,True
dharmavaram,1,1,False,False
lab,2,2,False,False
lower_angara,4,4,False,False
arerius,1,1,False,False
prasat_andet,5,5,False,True
nacoochee,1,1,False,False
stettin,3,3,True,True
kayapo,5,5,False,False
usivka,5,5,False,True
stata_ketux,5,5,False,False
sulechow,2,2,False,True
mong_yang,2,2,False,False
esteriktyaax,2,2,False,False
zigui,5,5,False,True
vashka,1,1,False,False
muara_sabak,3,3,True,True
zerbst,5,5,False,True
vilnius,1,1,False,False
wangulen,1,1,False,False
gwenaska,1,1,False,False
kimaama,1,1,True,True
thandwe,2,2,True,True
traunstein,1,1,False,False
asti,2,2,False,False
ilanz,5,5,False,False
chyliga,1,1,False,False
chatillon_sur_seine,1,1,False,False
povazska_bystrica,1,1,False,False
rencheng,1,1,False,True
hovtva,1,1,False,False
gonganbao,1,1,False,False
den_terek,3,3,False,False
novara,2,2,False,False
mara,2,2,True,True
tudela,2,2,False,False
gandamak,2,2,False,False
korsun,3,3,False,True
ijnapuigosode,1,1,False,False
gaaigosode,5,5,False,False
yangshuo,2,2,False,False
chaiyaphum,1,1,False,False
wathaurong,1,1,True,True
darzanji,1,1,False,False
qianjiang_binzhou,5,5,False,False
iningai,1,1,False,False
kahpota,1,1,False,False
tumatumari,5,5,False,False
holzminden,2,2,False,True
laoting,1,1,True,True
kaan_peech,1,1,True,True
pinheiro,5,5,False,False
sevilla,1,1,True,True
gameleira,5,5,False,False
metapan,2,2,False,False
kansk,5,5,False,False
votkings,3,3,False,True
riz,1,1,False,False
sanga_pumbo,5,5,False,False
palma_del_rio,1,1,False,True
hanchuan,5,5,False,True
bruchsal,3,3,False,True
ouagama,2,2,False,False
girin_ula,2,2,False,False
belogorye,1,1,False,False
pervomayskoye,5,5,False,False
fanado,2,2,False,False
zhigalovo,2,2,False,False
corumba,5,5,False,False
maskikogamak,1,1,False,False
aksu,2,2,False,False
kenai,2,2,True,True
eseka,3,3,False,False
gioro,2,2,False,False
evur,2,2,False,False
straupe,1,1,True,True
leyva,1,1,False,False
utsehta,1,1,False,False
kurtamysh,1,1,False,False
mahicannituck,5,5,False,True
chuva,2,2,False,False
karaj_abi_dulaf,1,1,False,False
shichah,3,3,False,False
matara,1,1,False,False
wuping,1,1,False,False
varese,1,1,False,False
motoyoshi,2,2,True,True
treviglio,2,2,False,False
tancheng,1,1,False,False
dresden,2,2,False,True
ta_an,2,2,False,False
cahay,1,1,True,True
merida,1,1,False,False
verkhneyarkeyevo,3,3,False,False
nizhnekolymsk,2,2,False,False
enawene,2,2,False,False
burica,1,1,True,True
itaboca,5,5,False,False
bergamo,1,1,False,False
miritiba,2,2,True,True
cahul,2,2,False,False
ixtutz,2,2,False,False
agde,1,1,True,True
zengkou,5,5,False,False
jachal,1,1,False,False
aban,2,2,False,False
kozelets,2,2,False,False
este,1,1,False,True
chenxi,5,5,False,False
selennyakh,1,1,False,False
chicobi,1,1,False,False
yareba,2,2,False,False
stade,3,3,True,True
verkhnyaya,2,2,False,False
suikujarvi,2,2,False,False
ikongo_boa,3,3,False,False
shigony,4,4,False,True
balasagun,1,1,False,False
oborniki,1,1,False,False
karlstadt,1,1,False,False
turkmenevo,1,1,False,False
castelfranco,1,1,False,False
itapiracaba,5,5,False,False
banaro,5,5,False,False
onnyos,2,2,False,False
pacahuara,5,5,False,False
benesov,1,1,False,False
tatsan,1,1,False,False
tupinambarana,5,5,False,True
thahnawate,1,1,True,True
shangcai,1,1,False,False
ningguta,1,1,False,False
romanov,3,3,False,True
tsageri,1,1,False,False
passamaquoddy,1,1,True,True
salehabad,2,2,False,False
boalemo,1,1,True,True
mlada_boleslav,1,1,False,False
rentina,1,1,True,True
irek,2,2,False,False
quizquiz,5,5,False,True
udine,1,1,True,True
stavropol_na_volge,4,4,False,True
caslav,1,1,False,False
guixi_guangxin,2,2,False,False
mudburra,1,1,False,False
belozerye,1,1,False,False
nidym,1,1,False,False
boiken,4,4,True,True
zhenghe,1,1,False,False
tulsipur,5,5,False,False
nalimsk,5,5,False,False
chondon,1,1,False,False
sarh,5,5,False,False
ikosi,5,5,True,True
kalanga,1,1,False,False
yongfeng_jian,1,1,False,False
chertkovo,2,2,False,True
kaiabi,5,5,False,False
kalininskaya,2,2,False,False
nyzhnia_duvanka,1,1,False,False
tancarville,3,3,True,True
tinnis,1,1,True,True
asyut,4,4,False,True
fuwa,3,3,False,True
east_makhuwa,3,3,False,False
boeny,3,3,True,True
koprivnica,5,5,False,False
andranoboka,3,3,True,True
beanka,1,1,False,False
ankazobe,5,5,False,False
miandrivazo,3,3,False,False
toliara,2,2,True,True
ankavandra,5,5,False,False
tahna,4,4,False,True
west_makhuwa,5,5,False,False
east_ngindo,1,1,False,False
iraqw,2,2,False,False
dole,2,2,False,False
buddu,1,1,False,False
agikuyu,2,2,False,False
west_yao,5,5,False,False
east_kimbu,1,1,False,False
east_hehe,1,1,False,False
jita,1,1,False,False
sebinkarahisar,1,1,False,False
erzurum,1,1,False,False
surmali,1,1,False,False
hakkari,1,1,False,False
cizre,3,3,False,False
kaysun,3,3,False,False
ayas,2,2,True,True
enugu,2,2,False,False
hasankeyf,5,5,False,False
tercan,1,1,False,False
central_dahalo,1,1,False,False
boyabat,2,2,False,False
sonisa,5,5,False,False
sivrice,3,3,False,False
arapgir,5,5,False,False
corum,2,2,False,False
baliseyh,5,5,False,False
nevsehir,1,1,False,False
sis,1,1,False,False
silifke,1,1,True,True
bilecik,2,2,False,False
polatli,1,1,False,False
balya,1,1,False,False
susurluk,1,1,False,False
tavsanli,1,1,False,False
seyhli,1,1,False,False
gadegara,2,2,False,False
egin,2,2,False,False
gediz,1,1,False,False
loudun,2,2,False,False
tortum,1,1,False,False
karapinar,1,1,False,False
keban,3,3,False,False
baskale,1,1,False,False
ar_rabb,3,3,False,False
ukbara,3,3,False,False
qadisiyyah,3,3,False,False
maskanah,3,3,False,False
jabar,3,3,False,False
busayrah,3,3,False,False
balad,3,3,False,False
kamiina,1,1,False,False
omchak,1,1,False,False
wyaconda,5,5,False,False
schmalkalden,1,1,False,False
tighina,2,2,False,False
baleknagiq,1,1,False,False
bhadohi,4,4,False,True
oiampi,3,3,True,True
banteay_chhmar,5,5,False,False
currumil,5,5,False,False
yuanqu,3,3,False,False
kerewo,5,5,True,True
urmi,5,5,False,False
lidzbark,1,1,False,False
unggarangi,1,1,True,True
nontron,1,1,False,False
cataguases,2,2,False,False
hahawakpa,5,5,False,False
svyatoy_nos,1,1,True,True
enlhet,1,1,False,False
cueiba,1,1,True,True
anfu_li,2,2,False,False
bahal,2,2,False,False
gorodets,3,3,False,True
holar,1,1,True,True
ussel,1,1,False,False
yilba,1,1,False,False
nana_kandungu,1,1,False,False
bian_marind,2,2,False,False
andarai,1,1,False,False
ust_ishim,5,5,False,False
sartlan,1,1,False,False
kuben_kran_ken,5,5,False,False
yiyang_songzhou,1,1,False,False
lulea,3,3,True,True
calumbo,3,3,True,True
yanaul,1,1,False,False
ypalgyn,1,1,False,False
dobryanka,5,5,False,True
soba_gawe,5,5,False,False
buraydah,2,2,False,False
zenues,2,2,False,False
turu,5,5,False,False
huolu,1,1,False,False
dartang,1,1,False,False
stockholm,2,2,True,True
changning,3,3,False,False
wandu,1,1,False,False
tomar,2,2,False,False
sable,1,1,False,False
konin,1,1,False,False
tatahuitalpan,5,5,False,False
akkesene,1,1,False,False
kaniksu,5,5,False,False
kutima,2,2,False,False
anelo,2,2,False,False
qiyang,3,3,False,False
ulukulevo,5,5,False,False
peresopnytsya,1,1,False,False
chateau_porcien,1,1,False,False
muhammerah,5,5,False,True
wigal_wollumbul,1,1,False,False
furstenberg,1,1,False,False
chambeta,1,1,False,False
waima,1,1,True,True
kwidzyn,3,3,False,True
koraveka,2,2,False,False
yiyang_changsha,4,4,False,False
arakaiu,4,4,True,True
shackamaxon,5,5,True,True
plieran,5,5,False,False
popocabaca,1,1,False,False
tsaryovo_gorodishche,1,1,False,False
lavras,5,5,False,False
karsun,1,1,False,False
lahe,5,5,False,False
nacao,1,1,False,False
reni,4,4,False,True
iwur,2,2,False,False
bayannur,3,3,False,False
mbanza_mbata,2,2,False,False
inka_llaqta,5,5,False,False
anajas,2,2,True,True
orekhovna,1,1,False,False
yambio,1,1,False,False
bor,4,4,False,False
guangnan,1,1,False,False
huiqi,5,5,False,False
tlachquiauhco,1,1,False,False
shambe,4,4,False,False
shakka,5,5,False,False
kafia_kinji,1,1,False,False
menghua,2,2,False,False
kurung_yuryakh,5,5,False,False
cuilo,5,5,False,False
hulu_baram,2,2,False,False
sumuri,1,1,True,True
munduruku,5,5,False,True
talovka,5,5,False,False
maturin,1,1,False,False
hemang,2,2,False,False
hulawen,5,5,False,False
cauouatstacau,2,2,False,False
kinyama,5,5,False,False
vologda,2,2,False,True
pocumtuck,2,2,False,False
dalinghe,2,2,True,True
marimbi,3,3,False,False
muang_phalan,5,5,False,False
kla_rome_ko,1,1,True,True
taiping_jiangzhou,1,1,False,False
loango,1,1,True,True
nioac,1,1,False,False
potano,2,2,True,True
kaicheng,2,2,False,False
moi,2,2,True,True
volodymyrets,1,1,False,False
wayampi,5,5,True,True
lokoro,2,2,False,False
horodyshche,5,5,False,True
ngabo,5,5,False,False
kahwenoke,5,5,False,True
molchanovo,5,5,False,True
zhongkar,5,5,False,False
cokuurdaax,3,3,False,False
sebit,3,3,False,False
bern,1,1,False,False
osanamon,2,2,False,False
limbourg,2,2,False,True
sosva,5,5,False,False
dererri,2,2,True,True
toa,1,1,False,False
batubenge,3,3,False,False
punakha,1,1,False,False
kiawah,1,1,True,True
pa_lus_sa,3,3,False,False
kyaukkyi,3,3,False,False
ambaca,5,5,False,True
kolomyia,1,1,False,False
chalchuapa,1,1,True,True
katumbele,1,1,False,False
winisk,5,5,False,False
yaik,1,1,False,False
chicksawhe,2,2,False,False
kuemgo,5,5,False,False
lectoure,2,2,False,True
turrbal,1,1,True,True
shar,5,5,False,False
chuapa,4,4,False,False
dagu_shunyuan,2,2,False,False
kyusyur,1,1,False,False
okoneshnikovo,1,1,False,False
aco,5,5,False,False
kasan,1,1,False,False
kushita,1,1,False,False
appomattox,1,1,False,False
hvittis,2,2,False,False
zhalauly,3,3,False,False
imakia,3,3,False,False
yei,5,5,False,False
mansinha,1,1,False,False
tefeyak,2,2,False,False
xiping,1,1,False,False
kai_kara,5,5,False,False
chiryapchi,4,4,False,False
belayan,2,2,False,False
ganaraska,1,1,True,True
saarijarvi,1,1,False,False
ford_liard,5,5,False,False
lope,5,5,False,False
song_khwae,2,2,False,True
xiangning,3,3,False,False
neuss,4,4,False,True
abare_i,5,5,False,False
tlapan,1,1,False,False
caracas,1,1,True,True
sete_lagoas,1,1,False,False
axochiapan,1,1,False,False
wayagamac,3,3,False,False
ganen,1,1,True,True
tututepec,2,2,True,True
holeylan,1,1,False,False
laibin,4,4,False,False
heishui,1,1,False,False
apiacas,5,5,False,False
tecamachalco,1,1,False,False
naococane,1,1,False,False
borgloon,2,2,False,True
tepexi,1,1,False,False
huexotzinco,1,1,False,False
zompanco,3,3,False,False
rairangpur,1,1,False,False
teutila,1,1,False,False
konigsberg,1,1,True,True
tehuantepec,1,1,True,True
tollan,1,1,False,False
coste,5,5,False,False
qasr_ahnaf,1,1,False,False
cholollan,1,1,False,False
yanggu_yanzhou,3,3,False,True
maatawamkeag,1,1,False,False
coosa,1,1,False,False
yelabuga,5,5,False,True
hamaroy,1,1,True,True
betsiamites,2,2,False,False
kajabi,5,5,False,False
okeloussa,1,1,False,False
itapirapua,3,3,False,False
rama,2,2,True,True
troitsko_pechorsk,5,5,False,False
chiautla,5,5,False,False
coatlicamac,1,1,False,False
kystatyam,5,5,False,False
gruzino,2,2,False,True
mutumui,2,2,True,True
siberia_tenteksor,1,1,False,False
lunino,1,1,False,False
kolpashevo,5,5,False,True
tafresh,1,1,False,False
sempan,2,2,True,True
tsiripa,5,5,False,False
nac_nanuk,2,2,True,True
uncompaghre,2,2,False,False
rippowam,1,1,True,True
simmi,1,1,False,False
catios,2,2,False,False
kelyuyekyan,1,1,False,False
falenki,1,1,False,False
hollola,1,1,False,False
quines,1,1,False,False
vezhakary,5,5,False,True
stepanenki,1,1,False,False
wehlau,5,5,False,False
tehuacan,1,1,False,False
dawu,2,2,False,False
hatun_kanar,1,1,False,False
bautzen,1,1,False,False
kananaskis,1,1,False,False
tlazazalca,1,1,False,False
tayoltita,1,1,False,False
owanburra,1,1,False,False
ipire,5,5,False,False
wangmu,5,5,False,False
derbent,1,1,True,True
cawassiemica,1,1,False,False
paunacussing,2,2,False,False
koptyuga,3,3,False,False
puchacay,5,5,True,True
kakabeka,1,1,False,False
nandeva,1,1,False,False
bareilly,5,5,False,False
cheboksary,4,4,False,True
jembayan,4,4,True,True
ulug,5,5,False,False
cangochamba,1,1,False,False
shahe_bobai,2,2,False,False
mubarakabad,1,1,True,True
babahuyu,2,2,False,True
hymahi,5,5,False,False
tirukoilur,1,1,False,False
lawksawk,2,2,False,False
stendal,3,3,False,True
mong_yawng,5,5,False,False
atitlan,1,1,False,False
kuttawa,4,4,False,True
dudhakunda,1,1,False,False
kadinbola,2,2,False,False
tchokana,1,1,False,False
rajmahal,5,5,False,True
phraek,1,1,False,True
nemasca,5,5,False,False
seohara,1,1,False,False
yangshan,2,2,False,False
pikunwijimapu,5,5,True,True
panara,2,2,False,False
kadiweu,1,1,False,False
natashquan,2,2,True,True
senapelan,5,5,False,False
tujun,1,1,False,False
ogoki,5,5,False,False
apotaka_hacha,1,1,False,False
panyu,3,3,True,True
mompoj,5,5,False,True
pechenga,5,5,True,True
kahochella,1,1,False,False
qiongshan,2,2,True,True
ashca,1,1,False,False
corpen_aike,3,3,True,True
juni_aiken,1,1,True,True
noris,5,5,False,False
alyanbulag,5,5,False,False
baitan,1,1,False,False
escatawppa,5,5,False,False
kanaskipenaski,5,5,False,False
bahr_salamat,5,5,False,False
jarrakan,2,2,False,False
arjeplog,3,3,False,False
mebengokre,1,1,False,False
wabaseemong,5,5,False,False
naupahuasi,1,1,False,False
thawe,3,3,False,False
osijek,3,3,False,True
verkhoshizhemye,3,3,False,False
julau,5,5,False,False
kallamuckee,1,1,False,False
k_omoks,1,1,True,True
yitha_yitha,1,1,False,False
acanti,4,4,True,True
yukta,1,1,False,False
tucupita,1,1,True,True
rembo,2,2,True,True
qiqihar,2,2,False,False
yingli,3,3,False,False
wabezi,2,2,False,False
katugino,1,1,False,False
gorodovikovsk,1,1,False,False
melnikovo,5,5,False,True
kemoimenahan,5,5,False,True
pampahuaylla,4,4,False,False
mollyhuajeck,1,1,True,True
yihuang,1,1,False,False
rong_damrel,2,2,False,False
luokong,1,1,False,False
caopacho,5,5,False,False
wailulu,1,1,False,False
pagaruyung,5,5,False,False
shukjung,1,1,False,False
tohickon,5,5,False,False
waaninaawangang,2,2,False,False
natuak,5,5,False,False
luzhou,5,5,False,False
aruni,1,1,False,False
qingaaluk,2,2,True,True
omuskira,1,1,False,False
mong_hpayak,4,4,False,False
humadea,5,5,False,False
bur_nepa,1,1,False,False
hulu_barito,5,5,False,False
xingan_linjiang,5,5,False,True
lakhsar,1,1,False,False
ikalis,1,1,False,False
mnisaton,5,5,False,False
aurland,1,1,True,True
tchikunga,5,5,False,False
challwanqa,1,1,False,False
guiping,5,5,False,False
khachimcher,3,3,False,False
nyonoksa,3,3,True,True
assorodus,2,2,True,True
tereshka,5,5,False,True
camana,1,1,True,True
kuujjuarapik,3,3,True,True
rudrapur_kumaon,3,3,False,False
chyorny_yar,5,5,False,False
urupampa,2,2,False,False
naumkeag,2,2,True,True
nakshaparvat,5,5,False,False
waahukaahaanu,5,5,False,False
spithota,1,1,False,False
satoraljaujhely,5,5,False,False
yeropol,1,1,False,False
koman,2,2,False,False
ni_haunchi_to,1,1,False,False
whaypaw,1,1,False,False
payacullo,1,1,False,False
dayong,1,1,False,False
tawakoni,2,2,False,False
ogoowe_kongo,5,5,True,True
trakai,1,1,False,False
nagatinong,5,5,False,False
kunshan,2,2,True,True
pljevlja,5,5,False,False
wihlink,3,3,False,True
kaya_paha,3,3,False,False
bolekhiv,1,1,False,False
rongmei_naga,5,5,False,False
picanoc,2,2,False,False
mariame,1,1,True,True
andika,2,2,False,False
passumpsic,1,1,False,False
guanay,5,5,False,False
silkari,3,3,False,False
adixoodagoorahareesh,3,3,False,False
toling,2,2,False,False
lysva,1,1,False,False
buzhskyi,1,1,False,False
ahkwesasne_ny,5,5,False,True
lipnic,2,2,False,False
tunica,5,5,False,True
beryozovo,5,5,False,True
ningyuan_gongchang,1,1,False,False
beteta,1,1,False,False
chitanda,2,2,False,False
edea,5,5,False,False
etiwan,3,3,True,True
nanan_quanzhou,1,1,True,True
hoveyzeh,5,5,False,True
quy_chau,1,1,False,False
tobolsk,5,5,False,True
moanunts,5,5,False,False
uintah,5,5,False,False
panchagarh,1,1,False,False
kofan,2,2,False,False
tajpur,2,2,False,False
juniata,5,5,False,False
kendawangan,1,1,True,True
ycuamandiyu,5,5,False,False
chengzhou,1,1,False,False
constantina,1,1,False,True
guantao,1,1,False,False
onandagoa,1,1,False,False
monocacy,2,2,False,True
kuvshinovo,1,1,False,False
boruca,2,2,True,True
yinggarda,1,1,True,True
kashagawigamog,1,1,False,False
nuchiu,2,2,False,False
kichwa,5,5,False,False
sangay,5,5,False,False
alamance,1,1,False,False
chaira,5,5,False,False
wasatch,2,2,False,False
iswa,1,1,False,False
cauroma,3,3,False,False
suamprabon,5,5,False,False
koop_ticutta,1,1,False,False
kaaguy_jehasapa,1,1,False,False
mastigon,1,1,False,False
kizel,3,3,False,True
tayxlama,5,5,False,False
mbaba,2,2,False,False
bosobolo,5,5,False,False
pahva_nits,1,1,False,False
kiskissink,1,1,False,False
mitsogo_kongo,5,5,False,False
umatilla,4,4,False,False
xiajin,1,1,False,True
mississinewa,1,1,False,False
ngarla,1,1,True,True
shuryshkar,5,5,False,True
pantlan,1,1,True,True
acham,5,5,False,False
wahzhazhe,2,2,False,False
ngalkbun,1,1,False,False
payubre,1,1,False,False
nanzewaspe,1,1,False,False
napo,5,5,False,False
nyalam,1,1,False,False
xochiapa,1,1,False,False
kahinga,5,5,False,False
cariboo,1,1,False,False
yukpa,1,1,True,True
jebba,5,5,False,False
mixtlan,2,2,False,False
santeh,1,1,False,False
lviv,1,1,False,False
bathinda,1,1,False,False
derby,1,1,False,False
mauganj,2,2,False,False
dasu,3,3,False,False
kasur,3,3,False,False
trincomalee,2,2,True,True
rajamahendry,4,4,False,False
kupwara,2,2,False,False
palampur,2,2,False,False
mandi,2,2,False,False
gilgit,1,1,False,False
pulawama,1,1,False,False
piran_i_kaliyar,3,3,False,False
chichawatni,2,2,False,True
bunratty,2,2,True,True
raikot,3,3,False,False
harrow,1,1,False,True
bhojpur,3,3,False,False
singorgarh,1,1,False,False
mulkhow,1,1,False,False
dubbi,4,4,False,True
inverary,1,1,True,True
keylong,5,5,False,False
kot_lalu,3,3,False,False
london,1,1,True,True
sharda,1,1,False,False
kanauj,3,3,False,False
kurnool,2,2,False,False
rander,3,3,True,True
rahatgarh,1,1,False,False
montgomery,1,1,False,False
dina,3,3,False,False
khammamet,1,1,False,False
surat,3,3,True,True
pathankot,2,2,False,False
bajaur,2,2,False,False
lhasa,1,1,False,False
neva,4,4,True,True
drama,1,1,False,False
ilomantsi,2,2,False,False
nembe,2,2,True,True
rio_grande,2,2,True,True
socksjock,2,2,False,False
ngokro,5,5,False,False
kautokeino,1,1,False,False
koknese,5,5,False,True
sveg,1,1,False,False
bopolu,5,5,False,False
elverum,2,2,False,False
kymi_fi,2,2,True,True
iasi,2,2,False,False
hienatiemi,3,3,False,False
ivalo,1,1,False,False
skien,2,2,True,True
bazin,2,2,False,False
kabul,1,1,False,False
debra_warq,2,2,False,False
jibat,5,5,False,False
liban,1,1,False,False
amli,1,1,False,False
maldarede,3,3,False,False
kuusamo,1,1,False,False
birnin_gwari,1,1,False,False
stensele,3,3,False,False
lillehammer,2,2,False,False
monforte_de_lemos,1,1,False,False
kongsberg,1,1,False,False
falun,2,2,False,False
burgo_de_osma,1,1,False,False
ciudad_real,1,1,False,False
guimaraes,1,1,False,False
gambaga,2,2,False,False
alfta,2,2,False,False
fosna,1,1,True,True
orsa,1,1,False,False
massenya,1,1,False,False
solatunum,5,5,False,False
raunala,1,1,False,False
guelengdeng,3,3,False,False
soderbarke,1,1,False,False
kraslava,2,2,False,True
aro,5,5,False,False
kemijarvi,3,3,False,False
muan,1,1,True,True
gellivaara,5,5,False,False
heinjoki,3,3,False,False
turukhansk,5,5,False,False
mostaganem,1,1,True,True
skaun,1,1,True,True
tuyen_hoa,1,1,False,False
kalabsha,4,4,False,False
shanyang_huaian,5,5,False,True
jianping,1,1,False,False
yixian,1,1,False,False
wangjiang,5,5,False,True
flesberg,1,1,False,False
haiyan,2,2,True,True
linan,1,1,False,False
yinxian,2,2,True,True
minghe,1,1,False,False
anggamudi,1,1,True,True
shangjing,5,5,False,False
zoe,5,5,False,True
longyou,2,2,False,False
velizh,1,1,False,False
achava,2,2,True,True
melenudo,1,1,False,False
njoko,3,3,False,False
mii,1,1,True,True
suordakh,1,1,False,False
guarico,3,3,False,False
thrissur,1,1,True,True
igiugig,2,2,True,True
barinas,5,5,False,False
balyktyg,5,5,False,False
jinan,1,1,False,False
ygyatta,3,3,False,False
quigate,5,5,False,True
andryushkino,1,1,False,False
katima,3,3,False,False
katyn,1,1,False,False
semidesyatnoye,5,5,False,True
lalek_cotaa,5,5,False,True
patay,1,1,False,False
pivn_man_antu,1,1,False,False
alvsby,1,1,False,False
xoko,4,4,False,False
torbat_e_jam,1,1,False,False
satsuma,1,1,True,True
mardankuyik,3,3,False,False
kiemi,3,3,True,True
cherven,5,5,False,True
xiaodong,1,1,False,False
offerdal,5,5,False,False
nueltin,1,1,False,False
litang,1,1,False,False
porsanger,1,1,True,True
yakyu_ki,1,1,False,False
karawala,5,5,True,True
talak_burma,2,2,True,True
tynset,1,1,False,False
atuel,5,5,False,False
tala,1,1,False,False
qingfeng,1,1,False,False
vienna,3,3,False,True
zizhou,5,5,False,False
rejang,5,5,False,False
luodian,5,5,False,False
carcassonne,1,1,False,False
jinshajiang,3,3,False,False
sangvor,5,5,False,False
gueme_sangan,5,5,False,False
hapcheon,2,2,False,False
moscow,1,1,False,True
ningpu,3,3,False,False
kazari,3,3,False,True
markovo,3,3,False,True
qar_ka_la,2,2,False,False
vokhma,1,1,False,False
amoyescheck,2,2,False,False
yingshui,2,2,False,False
umea,5,5,True,True
kedu,1,1,False,False
andong,1,1,False,False
cahama,2,2,False,False
enare,1,1,False,False
tsay_iona,5,5,False,False
tantan,2,2,True,True
kirkenes,3,3,True,True
shushenskoye,3,3,False,False
zongyang,5,5,False,True
ilok,4,4,False,True
yama,1,1,False,False
sintang,5,5,False,False
itaporanga,2,2,False,False
mataram,1,1,True,True
angouleme,1,1,False,True
jaskis,3,3,False,False
neufchateau_des_vosges,1,1,False,False
gildeskal,2,2,True,True
dejiang,3,3,False,False
tandil,1,1,True,True
baleh,5,5,False,False
veliky_porog,1,1,False,False
unnao,3,3,False,False
qingliu,1,1,False,False
anxi,1,1,False,False
heqing,3,3,False,False
tubarao,1,1,False,False
brskovo,1,1,False,False
kursk,1,1,False,False
banana_islands,1,1,True,True
eswawpuddenah,1,1,False,False
tchafolonguta,3,3,False,False
vinnytsia,1,1,False,False
atanagunypacam,1,1,True,True
opawica,1,1,False,False
bacuma,1,1,False,False
jiaxian,1,1,False,False
tongan_lijiang,3,3,False,False
piltene,1,1,False,False
gheorgheni,1,1,False,False
sengel,5,5,False,False
idensalmi,1,1,False,False
jefferson,5,5,False,False
kwila,2,2,False,False
iaremappo,2,2,True,True
ust_kabyrza,1,1,False,False
bongju,2,2,False,False
otonabee,1,1,False,False
verkola,1,1,False,False
segah,2,2,False,False
chirowe,3,3,False,False
chestowee,3,3,False,False
eisenberg,1,1,False,False
zhending,1,1,False,False
muene_ndinga,2,2,False,False
cania,1,1,False,False
yeongwon,1,1,False,False
kassali,3,3,False,False
polevskoy,1,1,False,False
gaeju,1,1,False,False
artyk_ata,3,3,False,False
xinyi,1,1,False,True
bibirevo,1,1,False,False
tuzdysor,3,3,False,False
rouyuan,3,3,False,False
volkona,2,2,False,False
cundi,3,3,False,False
nekokiaw,1,1,True,True
rakitnya,1,1,False,False
eagle,1,1,False,False
argaxtaax,4,4,False,False
csanad,2,2,False,False
srednekolymsk,1,1,False,False
gegou,1,1,False,False
kenogamissi,1,1,False,False
nenlhet,5,5,False,False
ngarigo,1,1,False,False
awka_etiti,4,4,False,False
riwoche,1,1,False,False
akhaltsikhe,1,1,False,False
longwy,1,1,False,False
bergerac,2,2,False,True
aznakayevo,1,1,False,False
tsurphu,1,1,False,False
lwena,1,1,False,False
baoji,1,1,False,False
tugumlepen,2,2,True,True
walyalup,1,1,True,True
durjaya,5,5,False,True
nistam,2,2,False,False
mae_hong_son,1,1,False,False
nizhny_tagil,1,1,False,False
kiestinki,1,1,False,False
shey,2,2,False,False
sybaatayy,1,1,False,False
naga_bikol,2,2,True,True
bumi_ayu,2,2,False,False
fez,1,1,False,False
amomegosode,1,1,False,False
tengchong,1,1,False,False
hvamstangi,1,1,True,True
stil_qw,5,5,False,False
guaxenicos,1,1,True,True
paanajarvi,5,5,False,False
fisque_menuco,3,3,False,False
ilibalyk,1,1,False,False
mutsisooni_yohe,1,1,False,False
pilda,5,5,False,False
hinai,1,1,False,False
tul_kichan,1,1,False,False
agdez,1,1,False,False
szolnok,3,3,False,False
soltobe,1,1,False,False
ravno,2,2,False,False
guana,4,4,False,False
shipastouk,2,2,False,False
luquan,4,4,False,False
kusu_mangbetu,5,5,False,False
minaminakagawa,2,2,True,True
alhambra_location,1,1,False,False
vrhbosna,1,1,False,False
kuje,5,5,False,False
juris,5,5,False,True
eampepaigosode,1,1,False,False
uhtuo,1,1,False,False
areia,5,5,False,False
tora,5,5,False,False
iwai,2,2,False,False
gradiski_brod,5,5,False,True
kosalu,1,1,False,False
tlokyhan,1,1,True,True
tome,2,2,False,False
kausseskait,1,1,False,False
licheng_luan,1,1,False,False
ingariko,3,3,False,False
quincu,1,1,False,False
zagreb,2,2,False,True
phyu,3,3,False,False
sha_ia_nde,1,1,False,False
arroyo,2,2,False,False
pattani,1,1,True,True
mikhaylovka,1,1,False,False
olohose,1,1,False,False
wuyang,1,1,False,False
kavar,1,1,False,False
loeme,3,3,False,False
pixipixi,1,1,True,True
amundava,5,5,False,False
bratsk,2,2,False,False
liroema,1,1,False,False
charang,4,4,False,False
meixian,1,1,False,False
beregovo,1,1,False,False
dangyang,1,1,False,False
ziyang_zizhong,2,2,False,False
tonami,1,1,False,False
dubawnt,1,1,False,False
nitra,1,1,False,False
pulasari,1,1,False,False
tupran,1,1,False,False
rio_pardo,1,1,False,False
saitama,1,1,False,False
onguday,2,2,False,False
takuru_puku,5,5,False,False
bolshoy_uluy,2,2,False,False
mogas,1,1,False,False
dimishk,2,2,False,False
steinkjer,1,1,True,True
mapa,2,2,True,True
ndembo,1,1,False,False
tone,1,1,False,False
inarigda,2,2,False,False
xiuwu,1,1,False,False
hashatjin,2,2,False,False
amarbayas_galang,1,1,False,False
begho,2,2,False,False
raivke,1,1,True,True
kholm,1,1,False,False
voznesenye,3,3,False,False
guaiana,1,1,False,False
smolenskoye,5,5,False,False
spaxomin,1,1,False,False
rassawek,2,2,False,False
ciwat,1,1,True,True
ihara,1,1,True,True
tsukama,1,1,False,False
kufstein,2,2,False,False
jinxi,2,2,False,False
chemal,1,1,False,False
donge,1,1,False,True
boguchany,2,2,False,False
loimola,1,1,False,False
quechula,2,2,False,False
santa_luzia,1,1,False,False
kalala,2,2,False,False
ust_vym,5,5,False,False
damba,1,1,False,False
tabory,2,2,False,False
lobuya,1,1,False,False
yukhta,5,5,False,False
zimnyatsky,3,3,False,True
cheplak,1,1,False,False
kologriv,1,1,False,False
luhansk,2,2,False,False
lakhva,2,2,False,False
nakaigetergehe,5,5,False,True
korocha,1,1,False,False
gucheng_zhending,1,1,False,False
kuskatan,2,2,True,True
chongshan,3,3,False,False
liupu,2,2,False,False
nechakot_en,1,1,False,False
cayuvava,2,2,False,False
yot_ou,1,1,False,False
awastara,1,1,True,True
bugulma,1,1,False,False
sakkyryr,1,1,False,False
zelterijin,2,2,False,False
nurabad,1,1,False,False
hereti,1,1,False,False
vithold_hammami,2,2,True,True
samarginka,1,1,True,True
umbu,5,5,False,False
ileza,1,1,False,False
nanpi,1,1,False,True
caru,1,1,False,False
suledal,1,1,True,True
macuxi,5,5,False,False
zwolen,3,3,False,True
ibicui,5,5,False,False
conecuh,2,2,False,False
bekes,1,1,False,False
ratchaburi,3,3,True,True
fraga,1,1,False,True
buor_yuryakh,1,1,False,False
javaes,1,1,False,False
tanalyk,1,1,False,False
barylas,1,1,False,False
macauba,1,1,False,False
uktus,1,1,False,False
beroun,5,5,False,False
baniachang,5,5,False,False
chelm,1,1,False,False
dikhu,5,5,False,False
napinaica,2,2,False,False
tumanskaya,1,1,True,True
roros,1,1,False,False
ust_kut,5,5,False,False
abdulino,1,1,False,False
movima,5,5,False,False
manjung,5,5,True,True
qufu,1,1,False,False
pashino,5,5,False,False
borun,3,3,False,False
zenica,1,1,False,False
chivitkino,1,1,True,True
sansepolcro,1,1,False,False
reyshahr,1,1,True,True
ulakhan_kyuyol,3,3,False,False
khondab,1,1,False,False
tinainu,1,1,False,False
kabishi,1,1,False,False
cofaqui,1,1,False,False
nonot_daxinic,1,1,False,False
bershad,1,1,False,False
pennyrile,1,1,False,False
jacui,4,4,True,True
yurginskoye,5,5,False,True
khukhragarh,1,1,False,False
zarate,5,5,False,True
pacaca,1,1,True,True
bisert,1,1,False,False
kaxarari,5,5,False,False
staraya_kulatka,1,1,False,False
jhao,1,1,False,False
menglei,3,3,False,False
mingan,2,2,True,True
worimi,1,1,True,True
pisa,1,1,True,True
galinhas,3,3,True,True
samiram,1,1,False,False
itarap,5,5,False,False
zhuxi,1,1,False,False
dolakha,1,1,False,False
dungu,5,5,False,False
calcasieu,5,5,False,True
caraja,5,5,False,False
taant_a,1,1,True,True
opocopa,1,1,False,False
arachan,5,5,True,True
yshyr,5,5,False,False
hopatcong,2,2,False,False
kwapa,5,5,True,True
malalis,3,3,False,False
tuzara,1,1,False,False
haerhhana,1,1,False,False
harbuzynka,1,1,False,False
gucheng_jingzhou,1,1,False,False
tixchel,1,1,True,True
saadatshahr,1,1,False,False
prasat_don_kau,2,2,False,False
aduma,5,5,False,False
timkino,1,1,False,False
mohyliv_podilskyi,1,1,False,False
leh,5,5,False,False
kuukucyn,1,1,False,False
kumba,5,5,False,False
jiyuan,3,3,False,False
sabanozu,1,1,False,False
nobel,1,1,False,False
nubzur,1,1,False,False
kuogastakh,3,3,False,False
boe,2,2,False,False
kuruminaka,1,1,False,False
jurm,1,1,False,False
volodimerets,1,1,False,False
ust_kalmanka,2,2,False,False
zhengjiatun,1,1,False,False
bujang,2,2,True,True
yarkino,5,5,False,False
karasuu,2,2,False,False
cercy,1,1,False,False
gharm,5,5,False,False
dapiguemlec,2,2,False,False
perija,1,1,True,True
kinja,5,5,False,False
bagdarin,1,1,False,False
huichang,5,5,False,False
boi,2,2,False,False
muromtsevo,5,5,False,False
good_hope,5,5,False,False
ougen,1,1,False,False
namjan,1,1,False,False
linyi,1,1,False,False
tachira,2,2,False,False
king_hill,2,2,False,False
higashiusuki,1,1,True,True
stuttgart,1,1,False,False
tawalimni,1,1,False,False
hongyuan,1,1,False,False
nizhneudinsk,2,2,False,False
songzhou_songpan,1,1,False,False
avesta,3,3,False,False
waldshut,1,1,False,False
rossosh,2,2,False,True
ukyulyakh,1,1,False,False
kuhikugu,5,5,False,False
mergen,2,2,False,False
kaiwa,5,5,False,False
loree,1,1,False,False
tsikahiotsisto,5,5,False,False
valenca,2,2,False,False
pantepec,1,1,False,False
minungo,5,5,False,False
k_enakatnu,3,3,True,True
catawba,2,2,False,False
sumampa,2,2,False,False
viluco,1,1,False,False
chit,1,1,False,False
huichuan,1,1,False,True
longjing,1,1,False,False
sukhorukova,1,1,False,False
sartigan,1,1,False,False
hulu_padas,5,5,False,False
sao_leopoldo,4,4,False,False
hanle,1,1,False,False
tawehash,5,5,False,False
bamberg,1,1,False,False
dzerzhinskoye,5,5,False,False
taigong,1,1,False,False
mashhad_rizeh,1,1,False,False
streshyn,2,2,False,False
kawenote,1,1,False,False
kherlen,1,1,False,False
nyachukha,3,3,False,False
kalatay,1,1,False,False
jerichow,3,3,False,True
binalbagan,1,1,True,True
yax_mutal,1,1,False,False
wichi,2,2,False,False
mukah,2,2,True,True
para,5,5,False,False
wuqiao,1,1,False,True
nkambe,5,5,False,False
mezen,2,2,False,False
pasukhdin,2,2,False,False
rangxian,1,1,False,False
hinsepu,5,5,False,False
kuchugur,5,5,False,True
angoram,5,5,True,True
chateaubriant,3,3,False,True
guarasugwa,5,5,False,False
tsel_tatli_dsha,1,1,False,False
qom_toba,1,1,False,False
buren_khem,2,2,False,False
calfuleufu,1,1,False,False
gaiman,5,5,False,False
apalachee,5,5,False,False
yendyr,5,5,False,True
araguaia,1,1,False,False
snasa,1,1,False,False
satere_mawe,5,5,False,False
yurakar,2,2,False,False
julfa,1,1,False,False
andastoerrhonon,5,5,False,False
cherkasy,5,5,False,True
heidelberg,3,3,False,True
romanovsky_khutor,1,1,False,False
seuhubeogoi,1,1,False,False
melk,3,3,False,True
tse_bitai,1,1,False,False
toedokado,1,1,False,False
byerazino,1,1,False,False
pecatonica_wi,2,2,False,False
tocantis,4,4,False,False
gdansk,3,3,True,True
iaguarauna,1,1,True,True
konkow,1,1,False,False
fufeng,1,1,False,False
vaihingen,1,1,False,False
lubue,2,2,False,False
borobudur,1,1,False,False
wuchang,5,5,False,True
trento,2,2,False,False
bronnitsy,1,1,False,True
meizhou,3,3,False,False
ndom,1,1,True,True
kittaning,5,5,False,False
mstow,1,1,False,False
kitungula,1,1,False,False
berdsk,3,3,False,False
anping,1,1,False,False
rikbaktsa,3,3,False,False
sonthofen,1,1,False,False
braslaw,1,1,False,True
agai_ticutta,1,1,False,False
cootcla,3,3,False,False
logrono,2,2,False,False
minenga,3,3,False,False
itaberaba,1,1,False,False
peschiera,2,2,False,False
comana,1,1,False,False
ouasimesca,1,1,False,False
apolda,1,1,False,False
legnago,2,2,False,True
djeoromitxi,5,5,False,False
timbiqui,2,2,True,True
mani_kinsomba,5,5,False,False
jumgal,1,1,False,False
walnaypek,1,1,True,True
qingchi,1,1,False,True
thuan_binh,5,5,False,False
korusi,1,1,False,False
usa_reka,5,5,False,False
wanzhou,5,5,False,True
minii_yohe,1,1,False,False
kulembe,2,2,False,False
ikom,5,5,False,False
yuancheng,5,5,False,False
aashise,2,2,False,False
berchtesgaden,1,1,False,False
karasor,3,3,False,False
stefanesti,1,1,False,False
luoshan_qujing,1,1,False,False
pechora,5,5,False,False
nigitai,1,1,False,False
feltre,1,1,False,False
ya_kti_ki,1,1,False,False
kirira,3,3,False,False
kamimbe,3,3,False,False
oneniote,1,1,False,False
huichuan_dechang,4,4,False,False
jhenaidah,1,1,False,False
hulu_sambas,5,5,False,False
dongguang,1,1,False,True
omsk,5,5,False,False
awatixa,3,3,False,False
russky_kameshkir,1,1,False,False
pingyu,1,1,False,False
toquegua,2,2,True,True
nenana,1,1,False,False
sadak,1,1,False,False
bitki,5,5,False,False
jiparana,5,5,False,False
sabarabucu,5,5,False,False
dharug,1,1,True,True
adony,4,4,False,True
biysk,3,3,False,False
tsunthang,1,1,False,False
tamiang,2,2,True,True
vartsikhe,5,5,False,False
pichinamei,2,2,False,False
wuchuan_huazhou,2,2,True,True
tyonek,2,2,True,True
mende,1,1,False,False
pinjarup,1,1,True,True
inga,5,5,False,False
pyras,5,5,False,False
piquiri,2,2,False,False
waiwai,5,5,False,False
baldan_bereeven,1,1,False,False
muang_sua,4,4,False,False
jiribatuba,1,1,True,True
tours,2,2,False,True
alexandria,1,1,True,True
cairo,3,3,False,True
akhmim,4,4,False,True
tidah,1,1,False,False
south_meetto,1,1,False,False
mahilaka,1,1,True,True
lihula,1,1,True,True
ambatondrazaka,5,5,False,False
marovoay,3,3,False,False
sahadia,2,2,True,True
antananarivo,2,2,False,False
tsimanandrafozana,3,3,True,True
ranohira,1,1,False,False
manahoro,5,5,True,True
tsiveri,1,1,False,False
west_lomwe,5,5,False,False
joigny,1,1,False,True
buganda,4,4,False,False
machame,1,1,False,False
north_dahalo,5,5,False,False
gerede,1,1,False,False
east_yao,5,5,False,False
north_kimbu,1,1,False,False
mbunga,5,5,False,False
joluo,1,1,False,False
terme,2,2,True,True
panaskerti,1,1,False,False
karakilise,1,1,False,False
dluk,3,3,False,False
adana,2,2,True,True
anomansah,2,2,True,True
akyazi,2,2,False,False
gumus,5,5,False,False
siverek,3,3,False,False
lindjarvi,1,1,False,False
sungurlu,2,2,False,False
bozok,1,1,False,False
kirsehir,1,1,False,False
caxud,1,1,False,False
sultanonu,1,1,False,False
celtik,1,1,False,False
balikesir,1,1,False,False
mihalic,5,5,False,False
bigadic,1,1,False,False
aslanapa,1,1,False,False
pertek,1,1,False,False
manisa,1,1,False,False
la_rochelle,1,1,True,True
yenicepazari,1,1,False,False
sariyahsi,1,1,False,False
varto,1,1,False,False
qaladiza,1,1,False,False
al_anbar,3,3,False,False
tikrit,3,3,False,False
badra,1,1,False,False
al_qatr,3,3,False,False
dondykar,1,1,False,False
okladnikova_sloboda,5,5,True,True
uxarraci,5,5,True,True
surabaya,2,2,True,True
nohmul,1,1,True,True
nikolsk,1,1,False,False
harlau,2,2,False,False
peranap,5,5,False,False
yongming,1,1,False,False
kol_papua,1,1,True,True
akana,1,1,False,False
vikulovo,2,2,False,False
kabambare,1,1,False,False
lower_pinda,2,2,True,True
tl_azt_en,1,1,False,False
monashee,1,1,False,False
soissons,1,1,False,False
alymdya,1,1,False,False
guishun,1,1,False,False
qollaxalec,5,5,False,True
tionaga,1,1,False,False
nemag,1,1,False,False
bosa_colombia,1,1,False,False
saygatsky,5,5,False,True
mawlen,5,5,True,True
kharom_vosh,5,5,False,True
rumu,3,3,False,False
beeskow,1,1,False,False
balagansk,4,4,False,False
slyudyanka,1,1,False,False
jaguarao,3,3,False,False
pasapkedjinawong,1,1,False,False
iyesyak,2,2,False,False
yermolovo,1,1,False,False
sloviansk,5,5,False,False
initao,1,1,True,True
taovaya,1,1,False,False
dudinka,5,5,False,False
iguamuco,1,1,False,False
guarapuava,3,3,False,False
kokand,2,2,False,False
taviwac,1,1,False,False
katen,5,5,False,False
louviers,5,5,False,True
janakpur_nepal,1,1,False,False
tavan,3,3,False,True
sra_luang,2,2,False,True
kazan,4,4,False,True
thubun,4,4,False,False
juchatengo,1,1,False,False
kimra,2,2,False,True
czestochowa,1,1,False,False
kiamika,1,1,False,False
ostroh,1,1,False,False
budejovice,1,1,False,False
xalapan,1,1,False,False
srem,1,1,False,False
shabash,4,4,False,False
kamoro,2,2,True,True
oskemen,3,3,False,False
benfeld,3,3,False,True
kuindumba,2,2,False,False
semalembue,3,3,False,False
pinanaca,1,1,False,False
kolchawwe,5,5,True,True
bardak,5,5,False,True
solomoydokh,1,1,False,False
shish,5,5,False,False
kamenskoie,5,5,False,False
orlovka,1,1,False,False
peewareewa,4,4,False,False
ofaie,5,5,False,False
borisoglebsk,1,1,False,False
kwa_chavira,1,1,False,False
ahvaz,3,3,False,False
egegik,1,1,True,True
manitoulin,2,2,True,True
singingi,1,1,False,False
kyzylzhar,1,1,False,False
tiaoxian,1,1,False,False
golmin_salggiyan,1,1,False,False
wabash,5,5,False,False
melekess,1,1,False,False
presnowka,1,1,False,False
namau,3,3,True,True
ottauquechee,2,2,False,False
thuan_chau,5,5,False,False
xinjian,5,5,False,True
elcui,1,1,False,False
madi,1,1,False,False
rejaf,4,4,False,False
yangchun,1,1,False,False
ess,1,1,False,False
bayyu,5,5,False,False
dolo,5,5,False,False
gode,2,2,False,False
taweisha,1,1,False,False
said_bundas,1,1,False,False
tapuios,5,5,True,True
kunto,5,5,False,False
kokpekty,3,3,False,False
zenzevatka,5,5,False,True
towa_panka,3,3,False,False
qingzhou_mongol,3,3,False,False
pingdian,2,2,False,False
nemaha,5,5,False,False
riom,1,1,False,False
mahock,1,1,False,False
noanama,5,5,False,False
sroda_wielkopolska,1,1,False,False
coyame,1,1,False,False
pakana,1,1,False,False
kapova_pesera,1,1,False,False
oklan,2,2,False,False
karo,2,2,False,False
entraigues,1,1,False,False
xakriaba,1,1,False,False
argyrokastro,1,1,True,True
uzachile,1,1,False,False
porazava,1,1,False,False
firabr,5,5,False,False
eexiwa,4,4,False,False
jaen,1,1,False,False
ducheng,5,5,False,True
havero,1,1,False,False
toyal,1,1,True,True
mbanza_mpangu,2,2,False,False
kandysu,2,2,False,False
irtysh,5,5,False,True
mamull_mapu,5,5,False,False
saribas,2,2,True,True
wagiman,1,1,False,False
mughan,3,3,False,False
hawaastatkiicu,1,1,False,False
ia,5,5,False,False
atikum,1,1,False,False
chiriqui,1,1,True,True
karasjok,1,1,False,False
kailashahar,1,1,False,False
orthez,5,5,False,False
hammerdal,2,2,False,False
nanliu,1,1,False,False
gunung_sugih,5,5,False,False
colhue_huapi,2,2,False,False
phutthaisong,1,1,False,False
antwerp,2,2,True,True
vijaya,1,1,True,True
ndawe_qoha,1,1,False,False
nuxalc,1,1,True,True
opole,1,1,False,False
ishpiialawaache,1,1,False,False
mirecourt,1,1,False,False
pacaha,5,5,False,True
kanum,2,2,True,True
poti,2,2,False,False
zhetykol,1,1,False,False
salylyk,1,1,False,False
xilin,5,5,False,False
has,2,2,False,False
jiayu,5,5,False,True
conemaugh,1,1,False,False
baghlan,1,1,False,False
takawng,4,4,False,True
yangikent,2,2,False,False
olonets,3,3,False,False
makhabn,1,1,False,False
cengtai,1,1,False,False
niugtaq,1,1,True,True
lukuga,5,5,False,False
jongkong,5,5,False,False
buriti,4,4,False,False
pykopcateje,1,1,False,False
aimore,1,1,True,True
aroas,1,1,False,False
causapscal,1,1,False,False
salamat,1,1,False,False
anoixi,3,3,False,False
vasilyeva_sloboda,3,3,False,True
zyryan,5,5,False,False
zhelezin,3,3,False,False
ohoopee,1,1,False,False
aquidauana,2,2,False,False
utajarvi,2,2,False,False
tuxa,5,5,False,False
nirgua,1,1,True,True
fuzhou_guangnan,1,1,False,False
cuetlaxtlan,1,1,False,False
yohualtepec,2,2,False,False
bafq,1,1,False,False
tamaulipeco,1,1,True,True
yautepec,1,1,False,False
angamacutiro,1,1,False,False
saransk,1,1,False,False
katende,1,1,False,False
manangoora,1,1,True,True
wembo,1,1,False,False
chilapa,1,1,False,False
irkutsk,5,5,False,False
huayacocotla,1,1,False,False
surui_paiter,1,1,False,False
gugu_badhun,1,1,False,False
guaduas,1,1,False,False
luchaze,2,2,False,False
ichera,5,5,False,False
tlalpujahua,1,1,False,False
malung,1,1,False,False
ghent,5,5,False,True
zinapecuaro,1,1,False,False
kombai,5,5,False,False
xacona,1,1,False,False
jaguarari,4,4,False,False
longping_pingle,3,3,False,False
obdorsk,1,1,False,True
gashowu,1,1,False,False
upper_angara,4,4,False,False
saura,1,1,False,False
thai_binh,4,4,False,True
vang_vieng,5,5,False,False
vaka,2,2,False,False
yifeng,1,1,False,False
arvidsjaur,3,3,False,False
shybyndy,1,1,False,False
mashgalende,1,1,False,False
iranmranhre,5,5,False,False
teluk_melano,2,2,True,True
marlew,1,1,True,True
sabangau,1,1,False,False
yamaska,1,1,False,False
nelemney,5,5,False,False
liangxian_ruzhou,1,1,False,False
halle_an_der_saale,1,1,False,False
lierne,1,1,False,False
woccon,1,1,False,False
ais,1,1,True,True
kozuchow,2,2,False,True
tionesta,2,2,False,False
cutzamala,5,5,False,False
millcayac,1,1,False,False
kanishushteu,2,2,False,False
itzocan,1,1,False,False
kavanga,1,1,False,False
azile,2,2,True,True
yucucui,1,1,False,False
wujing,3,3,False,False
mtskheta,1,1,False,False
vizinga,1,1,False,False
balangir,2,2,False,False
bikrampur,5,5,False,True
iichiilikaaashaashe,2,2,False,False
belekes,5,5,False,False
kutema_museya,5,5,False,False
pebuenmapu,1,1,False,False
meli_pillan,2,2,True,True
camapua,1,1,False,False
kungara,2,2,False,False
abun,1,1,True,True
poughkeepsie,1,1,False,True
cam_hoa,1,1,False,False
xupu,5,5,False,False
mako,3,3,False,False
mansaka,1,1,True,True
loyalsock,2,2,False,False
djabuganjdji,1,1,True,True
dve_viski,2,2,False,False
dubno,1,1,False,False
an_nibaj,2,2,False,False
oropesa,1,1,False,False
ometepec,5,5,True,True
yugan,3,3,False,False
ouning,5,5,False,False
auwe,5,5,False,False
neriungri,5,5,False,False
charkamak,1,1,False,False
sarai_al_jadid,5,5,False,False
lackawaxen,1,1,False,False
sekadau,5,5,False,False
krasnaya_gorka,2,2,False,False
mecumba,2,2,False,False
quisquisacate,1,1,False,False
zalaegerszeg,1,1,False,False
boryeong,1,1,True,True
geldern,1,1,False,False
tavayveem,2,2,True,True
tchitogama,3,3,False,False
amoltepec,5,5,False,False
khatas,4,4,False,False
pairindi,1,1,False,True
seydisfjordur,1,1,True,True
jintan,1,1,False,False
sarcham,1,1,False,False
gongshan,3,3,False,False
talas,1,1,False,False
lyngngam,1,1,False,False
luujarvi,1,1,False,False
nghe_ann,3,3,True,True
molodoi_tud,1,1,False,False
oril,5,5,False,False
boanawari,2,2,False,False
namakan,1,1,False,False
meraker,1,1,False,False
caurakawin,5,5,True,True
yaakwdaat,3,3,True,True
parkateje,4,4,False,False
atanari,5,5,False,False
weotowe,1,1,False,False
guchuntikka,1,1,False,False
mindu,2,2,False,False
theakeiki,2,2,False,False
kehaukee,2,2,False,True
kotabumi,5,5,False,False
naco,5,5,True,True
qizhou,1,1,False,False
tha_anne,2,2,True,True
timbu,5,5,False,True
latunde,1,1,False,False
xavante,5,5,False,False
beami,5,5,False,False
laaxaayik,5,5,True,True
xiabancheng,1,1,False,False
kasevo,5,5,False,True
muskiki,1,1,False,False
duyang,3,3,False,False
sarlat,2,2,False,False
mtsensk,1,1,False,False
kunow,2,2,False,True
houma,2,2,False,False
guajara,2,2,False,False
yjxa,5,5,False,False
chiswell,1,1,False,False
nguyi,4,4,True,True
darkylakh,2,2,False,False
dexing,1,1,False,False
atarque,1,1,False,False
niarada,2,2,False,False
nuuriileng,2,2,False,False
hede,1,1,False,False
orinucu,5,5,True,True
paraibuna,1,1,False,False
manouanis,1,1,False,False
comitlan,1,1,False,False
gyama,1,1,False,False
itihumma,5,5,False,True
patom,5,5,False,False
potyguara,3,3,False,False
prabumulih,5,5,False,False
aragua,1,1,True,True
shoptikol,1,1,False,False
mosco,2,2,False,False
yutuwichan,5,5,False,False
arua,5,5,False,False
coosaw,1,1,False,False
kanisianas,5,5,False,False
kwetabohigan,5,5,False,False
gayiri,1,1,False,False
zhijin,2,2,False,False
sosnytsia,2,2,False,False
tovisq_ol,5,5,False,False
aslanduz,2,2,False,False
onon,1,1,False,False
nicalaax,3,3,False,False
captina,3,3,False,True
khargytyr,3,3,False,False
guaritico,3,3,False,False
aekyom,5,5,False,False
maia_papua,5,5,False,False
monsol,5,5,False,False
maumee,2,2,True,True
kuito,2,2,False,False
tuvicha_mini,3,3,True,True
mah_hom,1,1,False,False
kupuri,1,1,False,False
patawomeck,1,1,True,True
karamergen,2,2,False,False
viswema,2,2,False,False
sumsky_posad,1,1,True,True
bolshoy_ik,1,1,False,False
saulgau,1,1,False,False
gangtok,1,1,False,False
wuping_daning,3,3,False,False
ts_il_kaz_koh,1,1,False,False
atnatuu,5,5,False,False
liannan,1,1,False,False
waranka,1,1,False,False
ypoa,1,1,False,False
tado_colombia,1,1,False,False
kirkjubaejar,1,1,True,True
tuasi,2,2,False,False
guenoa,5,5,False,False
lebyazhye,3,3,False,False
kikamba,1,1,False,False
mictlan,1,1,False,False
mancha_khiri,1,1,False,False
quivira,1,1,False,False
kapuskasing,1,1,False,False
daule,5,5,False,True
matupi,5,5,False,False
katingan,3,3,False,False
arboga,1,1,False,False
choquerecuay,1,1,False,False
shake_kongo,5,5,False,False
urka,3,3,False,False
tarankol,1,1,False,False
munchique,1,1,False,False
changsha,5,5,False,True
pirca_pirca,3,3,False,False
or_keo,1,1,True,True
tygde,3,3,False,False
huangpi,5,5,False,True
sutara,4,4,False,False
bateke_kongo,2,2,False,False
imaapik,3,3,False,False
ulibahali,5,5,False,False
koktal,1,1,False,False
tahe,1,1,False,False
tarmatambo,1,1,False,False
minxian,5,5,True,True
orland,1,1,True,True
kikonteku,5,5,True,True
klahoose,1,1,True,True
jeguakava,4,4,False,False
trang,1,1,True,True
eufaula,2,2,False,False
urda,1,1,False,False
tuoydakh,1,1,False,False
awajun,5,5,False,False
batang_tebo,5,5,False,True
ocotepec,1,1,False,False
mueng_bang_yom,2,2,False,False
bungi,2,2,True,True
banua_lawas,5,5,False,True
urasalakh,1,1,False,False
plock,3,3,False,True
kehek_aike,1,1,False,False
raucha,1,1,False,False
medininkai,1,1,False,False
akbarpur,4,4,False,False
tillantonco,1,1,False,False
nonualco,2,2,True,True
beaver,1,1,False,False
rukahe,1,1,False,False
jenipaboacu,1,1,True,True
yans,3,3,False,False
wardaman,1,1,False,False
potsdam,1,1,False,True
zambesia_katongo,3,3,False,False
zaachila,1,1,False,False
kosi,3,3,False,False
kham_bahar,3,3,False,False
pagashi,3,3,False,False
ribadavia,1,1,False,False
malongtalang,2,2,False,False
kokomini,5,5,False,False
kafr_saqr,1,1,False,True
kisakaba,1,1,False,False
tuolba,1,1,False,False
nanboa_angonga,1,1,False,False
japallan,2,2,False,False
shalskii,1,1,False,False
tondo,2,2,True,True
poctlan,1,1,False,False
peoria,3,3,False,False
miramichi,5,5,True,True
mityakinskaya,2,2,False,False
canadaigua,1,1,False,False
hajnowka,1,1,False,False
tewaukon,1,1,False,False
yeonsan,2,2,False,False
kawachisakau,1,1,False,False
chequamegon,1,1,True,True
koh_ker,2,2,False,False
xucheng,3,3,False,True
attaock,3,3,False,False
moyobamba,2,2,False,False
sangha,5,5,False,False
hogdal,1,1,False,False
xilotlan,1,1,False,False
rongshui,3,3,False,False
yoniveem,1,1,True,True
shixing,1,1,False,False
pemigewasset,1,1,False,False
birpara,1,1,False,False
paucartambo,2,2,False,False
allegheny,5,5,False,True
yiling,5,5,False,True
chumbivilcas,2,2,False,False
gorodishna,1,1,False,False
qusqu,1,1,False,False
wahin_wakpa,1,1,False,False
dagett,1,1,False,False
caupolican,1,1,False,False
aulnay,1,1,False,False
enhua,1,1,False,False
baskatong,1,1,False,False
wasakin,1,1,False,False
montlaur,1,1,False,False
josse,1,1,False,False
yukkuman,1,1,False,False
msire_zambia,2,2,False,False
longzhou_longzhou,5,5,False,False
katha,4,4,False,True
bhanpura,2,2,False,False
bhimber,3,3,False,False
dungarvan,1,1,True,True
bhera,3,3,False,False
pasrur,2,2,False,False
ostrov,1,1,False,False
kamalia,2,2,False,True
mirat,3,3,False,False
vardal,1,1,False,False
magherafelt,1,1,False,False
rohri,4,4,False,True
mansura,3,3,False,False
derry,1,1,True,True
gutti,1,1,False,False
mathura,2,2,False,False
alta,1,1,True,True
channan_pir,3,3,False,False
handia,3,3,False,False
zwolle,1,1,False,True
kuldiga,1,1,False,False
thingvellir,5,5,False,False
eidsvoll,3,3,False,False
selby,2,2,False,True
brussels,5,5,False,True
