from,to,state,cost_profile,shore
pp_nav_00001,pp_nav_00004,navigable,navigable,False
pp_nav_00001,ob,navigable,navigable,True
pp_nav_00002,pp_nav_00004,navigable,navigable,False
pp_nav_00002,pp_nav_00005,navigable,navigable,False
pp_nav_00002,shchuchya,navigable,navigable,True
pp_nav_00002,obdorsk,navigable,navigable,True
pp_nav_00003,pp_nav_00005,navigable,navigable,False
pp_nav_00003,pp_nav_00006,navigable,navigable,False
pp_nav_00003,pp_nav_00007,navigable,navigable,False
pp_nav_00003,shchuchya,navigable,navigable,True
pp_nav_00003,shuryshkar,navigable,navigable,True
pp_nav_00003,obdorsk,navigable,navigable,True
pp_nav_00004,ob,navigable,navigable,True
pp_nav_00004,shchuchya,navigable,navigable,True
pp_nav_00004,obdorsk,navigable,navigable,True
pp_nav_00005,shchuchya,navigable,navigable,True
pp_nav_00005,obdorsk,navigable,navigable,True
pp_nav_00006,pp_nav_00008,navigable,navigable,False
pp_nav_00006,obdorsk,navigable,navigable,True
pp_nav_00007,pp_nav_00009,navigable,navigable,False
pp_nav_00007,shuryshkar,navigable,navigable,True
pp_nav_00007,obdorsk,navigable,navigable,True
pp_nav_00008,obdorsk,navigable,navigable,True
pp_nav_00009,pp_nav_00010,navigable,navigable,False
pp_nav_00009,pitlyar,navigable,navigable,True
pp_nav_00009,shuryshkar,navigable,navigable,True
pp_nav_00009,obdorsk,navigable,navigable,True
pp_nav_00010,pp_nav_00011,navigable,navigable,False
pp_nav_00010,voikar,navigable,navigable,True
pp_nav_00010,pitlyar,navigable,navigable,True
pp_nav_00010,kunovat,navigable,navigable,True
pp_nav_00011,pp_nav_00012,navigable,navigable,False
pp_nav_00011,voikar,navigable,navigable,True
pp_nav_00011,zazhimchar,navigable,navigable,True
pp_nav_00011,kunovat,navigable,navigable,True
pp_nav_00012,pp_nav_00015,navigable,navigable,False
pp_nav_00012,zazhimchar,navigable,navigable,True
pp_nav_00013,intsi_cape,navigable,navigable,False
pp_nav_00013,arkhangelsk,navigable,navigable,True
pp_nav_00014,pp_nav_00016,navigable,navigable,False
pp_nav_00014,intsi_cape,navigable,navigable,False
pp_nav_00014,kholmogory,navigable,navigable,True
pp_nav_00014,pomorye,navigable,navigable,True
pp_nav_00014,arkhangelsk,navigable,navigable,True
pp_nav_00015,pp_nav_00017,navigable,navigable,False
pp_nav_00015,zazhimchar,navigable,navigable,True
pp_nav_00015,beryozovo,navigable,navigable,True
pp_nav_00016,pp_nav_00018,navigable,navigable,False
pp_nav_00016,ust_pinega,navigable,navigable,True
pp_nav_00016,kholmogory,navigable,navigable,True
pp_nav_00016,arkhangelsk,navigable,navigable,True
pp_nav_00017,pp_nav_00020,navigable,navigable,False
pp_nav_00017,sumgut_vosh,navigable,navigable,True
pp_nav_00017,beryozovo,navigable,navigable,True
pp_nav_00018,pp_nav_00019,navigable,navigable,False
pp_nav_00018,kholmogory,navigable,navigable,True
pp_nav_00018,siya,navigable,navigable,True
pp_nav_00019,pp_nav_00021,navigable,navigable,False
pp_nav_00019,kholmogory,navigable,navigable,True
pp_nav_00019,siya,navigable,navigable,True
pp_nav_00020,pp_nav_00022,navigable,navigable,False
pp_nav_00020,sumgut_vosh,navigable,navigable,True
pp_nav_00020,kazym,navigable,navigable,True
pp_nav_00020,vezhakary,navigable,navigable,True
pp_nav_00020,beryozovo,navigable,navigable,True
pp_nav_00021,pp_nav_00023,navigable,navigable,False
pp_nav_00021,siya,navigable,navigable,True
pp_nav_00021,ust_vayenga,navigable,navigable,True
pp_nav_00022,pp_nav_00024,navigable,navigable,False
pp_nav_00022,sumgut_vosh,navigable,navigable,True
pp_nav_00022,kaltysyany,navigable,navigable,True
pp_nav_00022,vezhakary,navigable,navigable,True
pp_nav_00023,pp_nav_00025,navigable,navigable,False
pp_nav_00023,ust_vayenga,navigable,navigable,True
pp_nav_00023,sogra,navigable,navigable,True
pp_nav_00024,pp_nav_00026,navigable,navigable,False
pp_nav_00024,karymkary,navigable,navigable,True
pp_nav_00024,kaltysyany,navigable,navigable,True
pp_nav_00024,vezhakary,navigable,navigable,True
pp_nav_00025,pp_nav_00028,navigable,navigable,False
pp_nav_00025,bereznik,navigable,navigable,True
pp_nav_00025,zaostrovskoye,navigable,navigable,True
pp_nav_00025,sogra,navigable,navigable,True
pp_nav_00026,pp_nav_00027,navigable,navigable,False
pp_nav_00026,nazym,navigable,navigable,True
pp_nav_00026,karymkary,navigable,navigable,True
pp_nav_00027,pp_nav_00030,navigable,navigable,False
pp_nav_00027,nazym,navigable,navigable,True
pp_nav_00028,pp_nav_00029,navigable,navigable,False
pp_nav_00028,voznesenskoye,navigable,navigable,True
pp_nav_00028,nizhnyaya_toyma,navigable,navigable,True
pp_nav_00028,zaostrovskoye,navigable,navigable,True
pp_nav_00028,sogra,navigable,navigable,True
pp_nav_00029,pp_nav_00031,navigable,navigable,False
pp_nav_00029,voznesenskoye,navigable,navigable,True
pp_nav_00029,nizhnyaya_toyma,navigable,navigable,True
pp_nav_00030,pp_nav_00032,navigable,navigable,False
pp_nav_00030,nazym,navigable,navigable,True
pp_nav_00030,kharom_vosh,navigable,navigable,True
pp_nav_00030,bardak,navigable,navigable,True
pp_nav_00031,krasny_bor,navigable,navigable,True
pp_nav_00031,pp_nav_00033,navigable,navigable,False
pp_nav_00031,voznesenskoye,navigable,navigable,True
pp_nav_00031,verkhnyaya_toyma,navigable,navigable,True
pp_nav_00031,nizhnyaya_toyma,navigable,navigable,True
pp_nav_00032,pp_nav_00034,navigable,navigable,False
pp_nav_00032,yendyr,navigable,navigable,True
pp_nav_00032,kharom_vosh,navigable,navigable,True
pp_nav_00032,bardak,navigable,navigable,True
pp_nav_00033,krasny_bor,navigable,navigable,True
pp_nav_00033,pp_nav_00035,navigable,navigable,False
pp_nav_00033,verkhnyaya_toyma,navigable,navigable,True
pp_nav_00033,uftyuga,navigable,navigable,True
pp_nav_00034,pp_nav_00036,navigable,navigable,False
pp_nav_00034,yendyr,navigable,navigable,True
pp_nav_00035,krasny_bor,navigable,navigable,True
pp_nav_00035,pp_nav_00037,navigable,navigable,False
pp_nav_00035,koryazhma,navigable,navigable,True
pp_nav_00035,uftyuga,navigable,navigable,True
pp_nav_00036,pp_nav_00038,navigable,navigable,False
pp_nav_00036,pp_nav_00047,navigable,navigable,False
pp_nav_00036,yendyr,navigable,navigable,True
pp_nav_00037,krasny_bor,navigable,navigable,True
pp_nav_00037,pp_nav_00051,navigable,navigable,False
pp_nav_00037,veliky_ustyug,navigable,navigable,True
pp_nav_00037,koryazhma,navigable,navigable,True
pp_nav_00038,pp_nav_00040,navigable,navigable,False
pp_nav_00038,yendyr,navigable,navigable,True
pp_nav_00038,irtysh,navigable,navigable,True
pp_nav_00039,pp_nav_00041,navigable,navigable,False
pp_nav_00039,pp_nav_00043,navigable,navigable,False
pp_nav_00039,irtysh,navigable,navigable,True
pp_nav_00040,pp_nav_00041,navigable,navigable,False
pp_nav_00040,irtysh,navigable,navigable,True
pp_nav_00041,irtysh,navigable,navigable,True
pp_nav_00042,pp_nav_00043,navigable,navigable,False
pp_nav_00042,pp_nav_00044,navigable,navigable,False
pp_nav_00042,surgut,navigable,navigable,True
pp_nav_00042,bolshoy_balyk,navigable,navigable,True
pp_nav_00043,surgut,navigable,navigable,True
pp_nav_00043,bolshoy_balyk,navigable,navigable,True
pp_nav_00043,irtysh,navigable,navigable,True
pp_nav_00044,pp_nav_00045,navigable,navigable,False
pp_nav_00044,surgut,navigable,navigable,True
pp_nav_00044,bolshoy_balyk,navigable,navigable,True
pp_nav_00045,pp_nav_00046,navigable,navigable,False
pp_nav_00045,surgut,navigable,navigable,True
pp_nav_00045,bolshoy_balyk,navigable,navigable,True
pp_nav_00046,pp_nav_00048,navigable,navigable,False
pp_nav_00046,surgut,navigable,navigable,True
pp_nav_00046,megion,navigable,navigable,True
pp_nav_00046,bolshoy_balyk,navigable,navigable,True
pp_nav_00047,pp_nav_00050,navigable,navigable,False
pp_nav_00047,yendyr,navigable,navigable,True
pp_nav_00047,irtysh,navigable,navigable,True
pp_nav_00048,pp_nav_00049,navigable,navigable,False
pp_nav_00048,megion,navigable,navigable,True
pp_nav_00048,bolshoy_yugan,navigable,navigable,True
pp_nav_00048,bolshoy_balyk,navigable,navigable,True
pp_nav_00049,pp_nav_00052,navigable,navigable,False
pp_nav_00049,megion,navigable,navigable,True
pp_nav_00049,bolshoy_yugan,navigable,navigable,True
pp_nav_00050,pp_nav_00053,navigable,navigable,False
pp_nav_00050,irtysh,navigable,navigable,True
pp_nav_00051,pp_nav_00054,navigable,navigable,False
pp_nav_00051,veliky_ustyug,navigable,navigable,True
pp_nav_00052,pp_nav_00055,navigable,navigable,False
pp_nav_00052,upper_ob,navigable,navigable,True
pp_nav_00052,megion,navigable,navigable,True
pp_nav_00052,bolshoy_yugan,navigable,navigable,True
pp_nav_00053,pp_nav_00061,navigable,navigable,False
pp_nav_00053,yukonda,navigable,navigable,True
pp_nav_00053,irtysh,navigable,navigable,True
pp_nav_00054,pp_nav_00056,navigable,navigable,False
pp_nav_00054,nyuksenitsa,navigable,navigable,True
pp_nav_00054,veliky_ustyug,navigable,navigable,True
pp_nav_00055,pp_nav_00060,navigable,navigable,False
pp_nav_00055,upper_ob,navigable,navigable,True
pp_nav_00056,pp_nav_00062,navigable,navigable,False
pp_nav_00056,nyuksenitsa,navigable,navigable,True
pp_nav_00057,pp_nav_00058,improvable,improvable,False
pp_nav_00057,pp_nav_00059,navigable,navigable,False
pp_nav_00058,staraya_ladoga,improvable,improvable,True
pp_nav_00058,pp_nav_00069,improvable,improvable,False
pp_nav_00058,mezhutka,improvable,improvable,True
pp_nav_00059,pp_nav_00067,navigable,navigable,False
pp_nav_00060,pp_nav_00063,navigable,navigable,False
pp_nav_00060,upper_ob,navigable,navigable,True
pp_nav_00061,pp_nav_00065,navigable,navigable,False
pp_nav_00061,yukonda,navigable,navigable,True
pp_nav_00061,irtysh,navigable,navigable,True
pp_nav_00062,pp_nav_00064,navigable,navigable,False
pp_nav_00062,totma,navigable,navigable,True
pp_nav_00062,tarnogsky_gorodok,navigable,navigable,True
pp_nav_00062,nyuksenitsa,navigable,navigable,True
pp_nav_00063,pp_nav_00066,navigable,navigable,False
pp_nav_00063,upper_ob,navigable,navigable,True
pp_nav_00064,pp_nav_00068,navigable,navigable,False
pp_nav_00064,totma,navigable,navigable,True
pp_nav_00065,pp_nav_00072,navigable,navigable,False
pp_nav_00065,yukonda,navigable,navigable,True
pp_nav_00065,irtysh,navigable,navigable,True
pp_nav_00066,pp_nav_00073,navigable,navigable,False
pp_nav_00066,upper_ob,navigable,navigable,True
pp_nav_00067,pp_nav_00070,navigable,navigable,False
pp_nav_00067,oreshek,navigable,navigable,True
pp_nav_00067,lisino,navigable,navigable,True
pp_nav_00067,markovo,navigable,navigable,True
pp_nav_00068,pp_nav_00074,navigable,navigable,False
pp_nav_00068,totma,navigable,navigable,True
pp_nav_00069,staraya_ladoga,improvable,improvable,True
pp_nav_00069,pp_nav_00076,improvable,improvable,False
pp_nav_00069,mezhutka,improvable,improvable,True
pp_nav_00069,soltsy_kirishi,improvable,improvable,True
pp_nav_00070,east_gulf_of_finland,navigable,navigable,False
pp_nav_00070,oreshek,navigable,navigable,True
pp_nav_00070,lisino,navigable,navigable,True
pp_nav_00070,neva,navigable,navigable,True
pp_nav_00071,pp_nav_00080,navigable,navigable,False
pp_nav_00071,solikamsk,navigable,navigable,True
pp_nav_00071,usolye,navigable,navigable,True
pp_nav_00071,cherdyn,navigable,navigable,True
pp_nav_00071,kizel,navigable,navigable,True
pp_nav_00072,pp_nav_00075,navigable,navigable,False
pp_nav_00072,turtas,navigable,navigable,True
pp_nav_00072,yukonda,navigable,navigable,True
pp_nav_00072,irtysh,navigable,navigable,True
pp_nav_00073,pp_nav_00081,navigable,navigable,False
pp_nav_00073,upper_ob,navigable,navigable,True
pp_nav_00074,pp_nav_00079,navigable,navigable,False
pp_nav_00074,totma,navigable,navigable,True
pp_nav_00074,vekshenga,navigable,navigable,True
pp_nav_00075,pp_nav_00078,navigable,navigable,False
pp_nav_00075,turtas,navigable,navigable,True
pp_nav_00076,staraya_ladoga,navigable,navigable,True
pp_nav_00076,pp_nav_00087,navigable,navigable,False
pp_nav_00076,lyuban,navigable,navigable,True
pp_nav_00076,chudovo,navigable,navigable,True
pp_nav_00076,soltsy_kirishi,navigable,navigable,True
pp_nav_00076,gruzino,navigable,navigable,True
pp_nav_00077,pp_nav_00079,navigable,navigable,False
pp_nav_00077,pp_nav_00082,navigable,navigable,False
pp_nav_00077,shuyskoye,navigable,navigable,True
pp_nav_00077,arkhangelskoye_vologda,navigable,navigable,True
pp_nav_00077,vologda,navigable,navigable,True
pp_nav_00078,pp_nav_00084,navigable,navigable,False
pp_nav_00078,turtas,navigable,navigable,True
pp_nav_00079,shuyskoye,navigable,navigable,True
pp_nav_00079,vekshenga,navigable,navigable,True
pp_nav_00080,pp_nav_00086,navigable,navigable,False
pp_nav_00080,yusva,navigable,navigable,True
pp_nav_00080,usolye,navigable,navigable,True
pp_nav_00080,dobryanka,navigable,navigable,True
pp_nav_00080,kizel,navigable,navigable,True
pp_nav_00081,pp_nav_00083,navigable,navigable,False
pp_nav_00081,upper_ob,navigable,navigable,True
pp_nav_00082,kubenskoye,navigable,navigable,True
pp_nav_00082,vologda,navigable,navigable,True
pp_nav_00083,pp_nav_00085,navigable,navigable,False
pp_nav_00083,upper_ob,navigable,navigable,True
pp_nav_00084,pp_nav_00090,navigable,navigable,False
pp_nav_00084,turtas,navigable,navigable,True
pp_nav_00084,qashliq,navigable,navigable,True
pp_nav_00085,pp_nav_00088,navigable,navigable,False
pp_nav_00085,kargasok,navigable,navigable,True
pp_nav_00085,vasyugan,navigable,navigable,True
pp_nav_00085,upper_ob,navigable,navigable,True
pp_nav_00086,pp_nav_00093,navigable,navigable,False
pp_nav_00086,chyormoz,navigable,navigable,True
pp_nav_00086,yusva,navigable,navigable,True
pp_nav_00086,dobryanka,navigable,navigable,True
pp_nav_00087,pp_nav_00091,navigable,navigable,False
pp_nav_00087,novgorod,navigable,navigable,True
pp_nav_00087,chudovo,navigable,navigable,True
pp_nav_00087,gruzino,navigable,navigable,True
pp_nav_00088,pp_nav_00089,navigable,navigable,False
pp_nav_00088,kargasok,navigable,navigable,True
pp_nav_00088,upper_ob,navigable,navigable,True
pp_nav_00089,pp_nav_00092,navigable,navigable,False
pp_nav_00090,pp_nav_00094,navigable,navigable,False
pp_nav_00090,qashliq,navigable,navigable,True
pp_nav_00091,novgorod,navigable,navigable,True
pp_nav_00091,chudovo,navigable,navigable,True
pp_nav_00092,pp_nav_00095,navigable,navigable,False
pp_nav_00092,kolpashevo,navigable,navigable,True
pp_nav_00093,pp_nav_00096,navigable,navigable,False
pp_nav_00093,chyormoz,navigable,navigable,True
pp_nav_00093,dobryanka,navigable,navigable,True
pp_nav_00094,pp_nav_00102,navigable,navigable,False
pp_nav_00094,qashliq,navigable,navigable,True
pp_nav_00094,tobolsk,navigable,navigable,True
pp_nav_00095,pp_nav_00097,navigable,navigable,False
pp_nav_00095,pp_nav_00098,navigable,navigable,False
pp_nav_00095,kolpashevo,navigable,navigable,True
pp_nav_00096,perm,navigable,navigable,True
pp_nav_00096,pp_nav_00101,navigable,navigable,False
pp_nav_00096,nytva,navigable,navigable,True
pp_nav_00096,chyormoz,navigable,navigable,True
pp_nav_00096,dobryanka,navigable,navigable,True
pp_nav_00097,pp_nav_00108,navigable,navigable,False
pp_nav_00097,kolpashevo,navigable,navigable,True
pp_nav_00098,kolpashevo,navigable,navigable,True
pp_nav_00099,bolshoye_selo,navigable,navigable,True
pp_nav_00099,pp_nav_00100,navigable,navigable,False
pp_nav_00099,pp_nav_00103,navigable,navigable,False
pp_nav_00099,ust_sheksna,navigable,navigable,True
pp_nav_00099,mologa,navigable,navigable,True
pp_nav_00100,bolshoye_selo,navigable,navigable,True
pp_nav_00100,pp_nav_00105,navigable,navigable,False
pp_nav_00100,ust_sheksna,navigable,navigable,True
pp_nav_00100,kurba,navigable,navigable,True
pp_nav_00100,romanov,navigable,navigable,True
pp_nav_00101,perm,navigable,navigable,True
pp_nav_00101,pp_nav_00109,navigable,navigable,False
pp_nav_00101,nytva,navigable,navigable,True
pp_nav_00102,pp_nav_00104,navigable,navigable,False
pp_nav_00102,pp_nav_00106,navigable,navigable,False
pp_nav_00102,tobolsk,navigable,navigable,True
pp_nav_00103,bolshoye_selo,navigable,navigable,True
pp_nav_00103,pp_nav_00116,navigable,navigable,False
pp_nav_00103,mologa,navigable,navigable,True
pp_nav_00103,uglich,navigable,navigable,True
pp_nav_00104,pp_nav_00110,navigable,navigable,False
pp_nav_00104,tavdinsky_sloboda,navigable,navigable,True
pp_nav_00104,tobolsk,navigable,navigable,True
pp_nav_00105,pp_nav_00112,navigable,navigable,False
pp_nav_00105,yaroslavl,navigable,navigable,True
pp_nav_00105,kurba,navigable,navigable,True
pp_nav_00105,romanov,navigable,navigable,True
pp_nav_00106,tobolsk,navigable,navigable,True
pp_nav_00107,pp_nav_00111,navigable,navigable,False
pp_nav_00107,pp_nav_00112,navigable,navigable,False
pp_nav_00107,yaroslavl,navigable,navigable,True
pp_nav_00107,nerekhta,navigable,navigable,True
pp_nav_00107,kostroma,navigable,navigable,True
pp_nav_00107,danilov,navigable,navigable,True
pp_nav_00108,pp_nav_00113,navigable,difficult,False
pp_nav_00108,molchanovo,navigable,navigable,True
pp_nav_00108,kolpashevo,navigable,navigable,True
pp_nav_00109,perm,navigable,navigable,True
pp_nav_00109,pp_nav_00117,navigable,navigable,False
pp_nav_00109,kungur,navigable,navigable,True
pp_nav_00109,okhannoye,navigable,navigable,True
pp_nav_00110,pp_nav_00118,navigable,navigable,False
pp_nav_00110,tavdinsky_sloboda,navigable,navigable,True
pp_nav_00110,tobolsk,navigable,navigable,True
pp_nav_00110,yurginskoye,navigable,navigable,True
pp_nav_00111,pp_nav_00114,navigable,navigable,False
pp_nav_00111,nerekhta,navigable,navigable,True
pp_nav_00111,yakovlevskoye_bolshoye,navigable,navigable,True
pp_nav_00111,kostroma,navigable,navigable,True
pp_nav_00112,yaroslavl,navigable,navigable,True
pp_nav_00113,pp_nav_00120,navigable,difficult,False
pp_nav_00113,tomsk,navigable,difficult,True
pp_nav_00113,molchanovo,navigable,difficult,True
pp_nav_00113,melnikovo,navigable,difficult,True
pp_nav_00114,pp_nav_00115,navigable,navigable,False
pp_nav_00114,kostroma,navigable,navigable,True
pp_nav_00114,ostrovskoye,navigable,navigable,True
pp_nav_00115,pp_nav_00119,navigable,navigable,False
pp_nav_00115,ostrovskoye,navigable,navigable,True
pp_nav_00115,kadyy,navigable,navigable,True
pp_nav_00116,pp_nav_00122,navigable,navigable,False
pp_nav_00116,uglich,navigable,navigable,True
pp_nav_00116,kashin,navigable,navigable,True
pp_nav_00117,pp_nav_00124,navigable,navigable,False
pp_nav_00117,osa,navigable,navigable,True
pp_nav_00117,okhannoye,navigable,navigable,True
pp_nav_00117,chastye,navigable,navigable,True
pp_nav_00118,pp_nav_00121,navigable,navigable,False
pp_nav_00118,tavdinsky_sloboda,navigable,navigable,True
pp_nav_00118,yurginskoye,navigable,navigable,True
pp_nav_00119,pp_nav_00127,navigable,navigable,False
pp_nav_00119,korenevo,navigable,navigable,True
pp_nav_00119,kadyy,navigable,navigable,True
pp_nav_00119,yuryev_povolzhsk,navigable,navigable,True
pp_nav_00119,gorodets,navigable,navigable,True
pp_nav_00119,vasilyeva_sloboda,navigable,navigable,True
pp_nav_00120,pp_nav_00128,navigable,difficult,False
pp_nav_00120,tomsk,navigable,difficult,True
pp_nav_00120,melnikovo,navigable,difficult,True
pp_nav_00121,pp_nav_00123,navigable,navigable,False
pp_nav_00121,chimgi_tura,navigable,navigable,True
pp_nav_00121,tavdinsky_sloboda,navigable,navigable,True
pp_nav_00122,pp_nav_00130,navigable,navigable,False
pp_nav_00122,dubna,navigable,navigable,True
pp_nav_00122,kashin,navigable,navigable,True
pp_nav_00122,kalyazin,navigable,navigable,True
pp_nav_00122,kimra,navigable,navigable,True
pp_nav_00123,chimgi_tura,navigable,navigable,True
pp_nav_00124,pp_nav_00126,navigable,navigable,False
pp_nav_00124,yelovo,navigable,navigable,True
pp_nav_00124,chastye,navigable,navigable,True
pp_nav_00124,votkings,navigable,navigable,True
pp_nav_00125,pp_nav_00131,improvable,improvable,False
pp_nav_00125,gulf_of_riga,navigable,navigable,False
pp_nav_00125,salaspils,navigable,navigable,True
pp_nav_00125,riga,navigable,navigable,True
pp_nav_00125,koknese,navigable,navigable,True
pp_nav_00126,pp_nav_00132,navigable,navigable,False
pp_nav_00126,sarapul,navigable,navigable,True
pp_nav_00126,yelovo,navigable,navigable,True
pp_nav_00126,votkings,navigable,navigable,True
pp_nav_00126,saygatsky,navigable,navigable,True
pp_nav_00127,pp_nav_00135,navigable,navigable,False
pp_nav_00127,rastyapino,navigable,navigable,True
pp_nav_00127,nizhny_novgorod,navigable,navigable,True
pp_nav_00127,gorodets,navigable,navigable,True
pp_nav_00127,vasilyeva_sloboda,navigable,navigable,True
pp_nav_00128,bolotnye,navigable,difficult,True
pp_nav_00128,tomsk,navigable,difficult,True
pp_nav_00128,melnikovo,navigable,difficult,True
pp_nav_00129,pp_nav_00130,navigable,navigable,False
pp_nav_00129,tver,navigable,navigable,True
pp_nav_00129,vertyazin,navigable,navigable,True
pp_nav_00130,dubna,navigable,navigable,True
pp_nav_00130,vertyazin,navigable,navigable,True
pp_nav_00130,kimra,navigable,navigable,True
pp_nav_00131,pp_nav_00133,improvable,improvable,False
pp_nav_00131,salaspils,improvable,improvable,True
pp_nav_00131,aizkraukle,improvable,improvable,True
pp_nav_00131,koknese,improvable,improvable,True
pp_nav_00132,pp_nav_00139,navigable,navigable,False
pp_nav_00132,sarapul,navigable,navigable,True
pp_nav_00132,saygatsky,navigable,navigable,True
pp_nav_00133,pp_nav_00134,improvable,improvable,False
pp_nav_00133,selpils,improvable,improvable,True
pp_nav_00133,aizkraukle,improvable,improvable,True
pp_nav_00133,jekabpils,improvable,improvable,True
pp_nav_00133,koknese,improvable,improvable,True
pp_nav_00134,pp_nav_00145,navigable,navigable,False
pp_nav_00134,selpils,navigable,navigable,True
pp_nav_00134,jekabpils,navigable,navigable,True
pp_nav_00134,daugavpils,navigable,navigable,True
pp_nav_00134,kraslava,navigable,navigable,True
pp_nav_00135,pp_nav_00137,navigable,navigable,False
pp_nav_00135,pp_nav_00138,navigable,navigable,False
pp_nav_00135,rastyapino,navigable,navigable,True
pp_nav_00135,nizhny_novgorod,navigable,navigable,True
pp_nav_00135,meshchersk,navigable,navigable,True
pp_nav_00136,pp_nav_00140,navigable,navigable,False
pp_nav_00136,pp_nav_00141,navigable,navigable,False
pp_nav_00136,voskresenskoye,navigable,navigable,True
pp_nav_00136,raznezhye,navigable,navigable,True
pp_nav_00136,vasilsursk,navigable,navigable,True
pp_nav_00136,kozmodemyansk,navigable,navigable,True
pp_nav_00137,pp_nav_00142,navigable,navigable,False
pp_nav_00137,dalneye_konstantinovo,navigable,navigable,True
pp_nav_00137,nizhny_novgorod,navigable,navigable,True
pp_nav_00137,khakhaly,navigable,navigable,True
pp_nav_00138,pp_nav_00143,navigable,navigable,False
pp_nav_00138,rastyapino,navigable,navigable,True
pp_nav_00138,gorokhovets,navigable,navigable,True
pp_nav_00138,meshchersk,navigable,navigable,True
pp_nav_00139,pp_nav_00146,navigable,navigable,False
pp_nav_00139,sarapul,navigable,navigable,True
pp_nav_00139,saygatsky,navigable,navigable,True
pp_nav_00139,kasevo,navigable,navigable,True
pp_nav_00140,pp_nav_00142,navigable,navigable,False
pp_nav_00140,raznezhye,navigable,navigable,True
pp_nav_00140,vasilsursk,navigable,navigable,True
pp_nav_00140,lyskovo,navigable,navigable,True
pp_nav_00140,kurmysh,navigable,navigable,True
pp_nav_00141,pp_nav_00144,navigable,navigable,False
pp_nav_00141,tsivilsk,navigable,navigable,True
pp_nav_00141,kabachischi,navigable,navigable,True
pp_nav_00141,kozmodemyansk,navigable,navigable,True
pp_nav_00141,cheboksary,navigable,navigable,True
pp_nav_00142,raznezhye,navigable,navigable,True
pp_nav_00142,lyskovo,navigable,navigable,True
pp_nav_00142,khakhaly,navigable,navigable,True
pp_nav_00143,pp_nav_00148,navigable,navigable,False
pp_nav_00143,gorokhovets,navigable,navigable,True
pp_nav_00143,pavlovo,navigable,navigable,True
pp_nav_00143,meshchersk,navigable,navigable,True
pp_nav_00143,starodub_votsky,navigable,navigable,True
pp_nav_00144,pp_nav_00150,navigable,navigable,False
pp_nav_00144,tsivilsk,navigable,navigable,True
pp_nav_00144,atishchevo,navigable,navigable,True
pp_nav_00144,kabachischi,navigable,navigable,True
pp_nav_00145,pp_nav_00149,navigable,navigable,False
pp_nav_00145,daugavpils,navigable,navigable,True
pp_nav_00145,kraslava,navigable,navigable,True
pp_nav_00146,pp_nav_00147,navigable,navigable,False
pp_nav_00146,lower_aktanyshbash,navigable,navigable,True
pp_nav_00146,sarapul,navigable,navigable,True
pp_nav_00146,chalninsky_pochinok,navigable,navigable,True
pp_nav_00146,menzelinsk,navigable,navigable,True
pp_nav_00146,kasevo,navigable,navigable,True
pp_nav_00147,pp_nav_00152,navigable,navigable,False
pp_nav_00147,sarapul,navigable,navigable,True
pp_nav_00147,chalninsky_pochinok,navigable,navigable,True
pp_nav_00147,yelabuga,navigable,navigable,True
pp_nav_00148,pp_nav_00157,navigable,navigable,False
pp_nav_00148,starodub_votsky,navigable,navigable,True
pp_nav_00148,murom,navigable,navigable,True
pp_nav_00149,pp_nav_00151,navigable,navigable,False
pp_nav_00149,asvieja,navigable,navigable,True
pp_nav_00149,miory,navigable,navigable,True
pp_nav_00149,daugavpils,navigable,navigable,True
pp_nav_00149,kraslava,navigable,navigable,True
pp_nav_00149,braslaw,navigable,navigable,True
pp_nav_00150,pp_nav_00154,navigable,navigable,False
pp_nav_00150,dobyaz,navigable,navigable,True
pp_nav_00150,atishchevo,navigable,navigable,True
pp_nav_00150,kabachischi,navigable,navigable,True
pp_nav_00150,sviyazhsk,navigable,navigable,True
pp_nav_00150,kazan,navigable,navigable,True
pp_nav_00151,pp_nav_00156,navigable,navigable,False
pp_nav_00151,dzisna,navigable,navigable,True
pp_nav_00151,ushachy,navigable,navigable,True
pp_nav_00151,asvieja,navigable,navigable,True
pp_nav_00151,miory,navigable,navigable,True
pp_nav_00152,pp_nav_00155,navigable,navigable,False
pp_nav_00152,zainsk,navigable,navigable,True
pp_nav_00152,chalninsky_pochinok,navigable,navigable,True
pp_nav_00152,yelabuga,navigable,navigable,True
pp_nav_00153,pp_nav_00159,navigable,navigable,False
pp_nav_00153,odintsovo,navigable,navigable,True
pp_nav_00153,moscow,navigable,navigable,True
pp_nav_00153,bronnitsy,navigable,navigable,True
pp_nav_00154,pp_nav_00164,navigable,navigable,False
pp_nav_00154,sviyazhsk,navigable,navigable,True
pp_nav_00154,kazan,navigable,navigable,True
pp_nav_00155,pp_nav_00158,navigable,navigable,False
pp_nav_00155,mamadysh,navigable,navigable,True
pp_nav_00155,cukataw,navigable,navigable,True
pp_nav_00155,zainsk,navigable,navigable,True
pp_nav_00155,yelabuga,navigable,navigable,True
pp_nav_00156,pp_nav_00161,navigable,navigable,False
pp_nav_00156,dzisna,navigable,navigable,True
pp_nav_00156,ushachy,navigable,navigable,True
pp_nav_00156,polotsk,navigable,navigable,True
pp_nav_00157,melenki,navigable,navigable,True
pp_nav_00157,pp_nav_00167,navigable,navigable,False
pp_nav_00157,ardatov,navigable,navigable,True
pp_nav_00157,kasimov,navigable,navigable,True
pp_nav_00157,murom,navigable,navigable,True
pp_nav_00158,pp_nav_00162,navigable,navigable,False
pp_nav_00158,mamadysh,navigable,navigable,True
pp_nav_00158,bolghar,navigable,navigable,True
pp_nav_00158,cukataw,navigable,navigable,True
pp_nav_00158,calli,navigable,navigable,True
pp_nav_00159,pp_nav_00169,navigable,navigable,False
pp_nav_00159,kolomna,navigable,navigable,True
pp_nav_00159,vysokoye,navigable,navigable,True
pp_nav_00159,bronnitsy,navigable,navigable,True
pp_nav_00160,pp_nav_00165,navigable,navigable,False
pp_nav_00160,tilsit,navigable,navigable,True
pp_nav_00160,curonian_coast,navigable,navigable,False
pp_nav_00160,memel,navigable,navigable,True
pp_nav_00160,windenburg,navigable,navigable,True
pp_nav_00160,fischhausen,navigable,navigable,True
pp_nav_00161,pp_nav_00166,navigable,navigable,False
pp_nav_00161,ushachy,navigable,navigable,True
pp_nav_00161,bocheikovo,navigable,navigable,True
pp_nav_00161,ulla,navigable,navigable,True
pp_nav_00161,polotsk,navigable,navigable,True
pp_nav_00162,pp_nav_00164,navigable,navigable,False
pp_nav_00162,bolghar,navigable,navigable,True
pp_nav_00162,laish,navigable,navigable,True
pp_nav_00162,calli,navigable,navigable,True
pp_nav_00162,kazan,navigable,navigable,True
pp_nav_00163,pp_nav_00166,navigable,navigable,False
pp_nav_00163,syanno,navigable,navigable,True
pp_nav_00163,ulla,navigable,navigable,True
pp_nav_00163,vitebsk,navigable,navigable,True
pp_nav_00164,pp_nav_00175,navigable,navigable,False
pp_nav_00164,bolghar,navigable,navigable,True
pp_nav_00164,sviyazhsk,navigable,navigable,True
pp_nav_00164,tetyushi,navigable,navigable,True
pp_nav_00164,kazan,navigable,navigable,True
pp_nav_00165,pp_nav_00171,navigable,navigable,False
pp_nav_00165,tilsit,navigable,navigable,True
pp_nav_00165,ragnit,navigable,navigable,True
pp_nav_00166,ulla,navigable,navigable,True
pp_nav_00167,pp_nav_00176,navigable,navigable,False
pp_nav_00167,ardatov,navigable,navigable,True
pp_nav_00167,kasimov,navigable,navigable,True
pp_nav_00167,azeevo,navigable,navigable,True
pp_nav_00168,pp_nav_00170,navigable,navigable,False
pp_nav_00168,pp_nav_00171,navigable,navigable,False
pp_nav_00168,jurbarkas,navigable,navigable,True
pp_nav_00168,panemune,navigable,navigable,True
pp_nav_00168,ragnit,navigable,navigable,True
pp_nav_00169,pp_nav_00174,navigable,navigable,False
pp_nav_00169,kolomna,navigable,navigable,True
pp_nav_00169,lyubichi,navigable,navigable,True
pp_nav_00169,perevitska,navigable,navigable,True
pp_nav_00170,alytus,navigable,navigable,True
pp_nav_00170,kaunas,navigable,navigable,True
pp_nav_00170,panemune,navigable,navigable,True
pp_nav_00170,kedainiai,navigable,navigable,True
pp_nav_00171,ragnit,navigable,navigable,True
pp_nav_00172,northumbrian_coast,navigable,navigable,False
pp_nav_00172,durham,navigable,navigable,True
pp_nav_00172,newcastle,navigable,navigable,True
pp_nav_00173,pp_nav_00176,navigable,navigable,False
pp_nav_00173,pp_nav_00177,navigable,navigable,False
pp_nav_00173,kasimov,navigable,navigable,True
pp_nav_00173,tuma,navigable,navigable,True
pp_nav_00174,pp_nav_00178,navigable,navigable,False
pp_nav_00174,ryazan,navigable,navigable,True
pp_nav_00174,lyubichi,navigable,navigable,True
pp_nav_00174,perevitska,navigable,navigable,True
pp_nav_00174,kazari,navigable,navigable,True
pp_nav_00175,staraya_mayna,navigable,navigable,True
pp_nav_00175,pp_nav_00179,navigable,navigable,False
pp_nav_00175,bolghar,navigable,navigable,True
pp_nav_00175,cherdakly,navigable,navigable,True
pp_nav_00175,tetyushi,navigable,navigable,True
pp_nav_00175,simbirsk,navigable,navigable,True
pp_nav_00176,kasimov,navigable,navigable,True
pp_nav_00177,pp_nav_00183,navigable,navigable,False
pp_nav_00177,shilovo,navigable,navigable,True
pp_nav_00177,kasimov,navigable,navigable,True
pp_nav_00177,putyatino,navigable,navigable,True
pp_nav_00177,koponovo,navigable,navigable,True
pp_nav_00177,tuma,navigable,navigable,True
pp_nav_00178,pp_nav_00180,navigable,navigable,False
pp_nav_00178,ryazan,navigable,navigable,True
pp_nav_00178,staraya_ryazan,navigable,navigable,True
pp_nav_00178,kazari,navigable,navigable,True
pp_nav_00179,pp_nav_00185,navigable,navigable,False
pp_nav_00179,pokrovskoye,navigable,navigable,True
pp_nav_00179,cherdakly,navigable,navigable,True
pp_nav_00179,simbirsk,navigable,navigable,True
pp_nav_00180,pp_nav_00183,navigable,navigable,False
pp_nav_00180,shilovo,navigable,navigable,True
pp_nav_00180,staraya_ryazan,navigable,navigable,True
pp_nav_00180,koponovo,navigable,navigable,True
pp_nav_00180,kazari,navigable,navigable,True
pp_nav_00181,gulf_of_danzig,navigable,navigable,False
pp_nav_00181,gdansk,navigable,navigable,True
pp_nav_00182,gulf_of_danzig,navigable,navigable,False
pp_nav_00182,pp_nav_00186,navigable,navigable,False
pp_nav_00182,malbork,navigable,navigable,True
pp_nav_00182,tczew,navigable,navigable,True
pp_nav_00182,gniew,navigable,navigable,True
pp_nav_00182,gdansk,navigable,navigable,True
pp_nav_00183,shilovo,navigable,navigable,True
pp_nav_00183,koponovo,navigable,navigable,True
pp_nav_00184,pp_nav_00187,improvable,improvable,False
pp_nav_00184,pontefract,improvable,improvable,True
pp_nav_00184,york,improvable,improvable,True
pp_nav_00184,ripon,improvable,improvable,True
pp_nav_00184,selby,improvable,improvable,True
pp_nav_00185,pp_nav_00188,navigable,navigable,False
pp_nav_00185,pokrovskoye,navigable,navigable,True
pp_nav_00185,cherdakly,navigable,navigable,True
pp_nav_00185,shigony,navigable,navigable,True
pp_nav_00185,stavropol_na_volge,navigable,navigable,True
pp_nav_00186,pp_nav_00192,navigable,navigable,False
pp_nav_00186,malbork,navigable,navigable,True
pp_nav_00186,swiecie,navigable,navigable,True
pp_nav_00186,chelmno,navigable,navigable,True
pp_nav_00186,nowe,navigable,navigable,True
pp_nav_00186,grudziadz,navigable,navigable,True
pp_nav_00186,gniew,navigable,navigable,True
pp_nav_00186,kwidzyn,navigable,navigable,True
pp_nav_00187,pp_nav_00190,navigable,navigable,False
pp_nav_00187,humber_estuary,navigable,navigable,False
pp_nav_00187,grimsby,navigable,navigable,True
pp_nav_00187,pontefract,navigable,navigable,True
pp_nav_00187,hull,navigable,navigable,True
pp_nav_00187,retford,navigable,navigable,True
pp_nav_00187,selby,navigable,navigable,True
pp_nav_00188,pp_nav_00191,navigable,navigable,False
pp_nav_00188,morkvash,navigable,navigable,True
pp_nav_00188,shigony,navigable,navigable,True
pp_nav_00188,stavropol_na_volge,navigable,navigable,True
pp_nav_00189,pp_nav_00194,navigable,navigable,False
pp_nav_00189,elbe_estuary,navigable,navigable,False
pp_nav_00189,winsen,navigable,navigable,True
pp_nav_00189,luneburg,navigable,navigable,True
pp_nav_00189,lauenburg,navigable,navigable,True
pp_nav_00189,hamburg,navigable,navigable,True
pp_nav_00189,harburg,navigable,navigable,True
pp_nav_00189,stade,navigable,navigable,True
pp_nav_00190,pp_nav_00202,navigable,navigable,False
pp_nav_00190,lincoln,navigable,navigable,True
pp_nav_00190,grimsby,navigable,navigable,True
pp_nav_00190,retford,navigable,navigable,True
pp_nav_00190,nottingham,navigable,navigable,True
pp_nav_00190,newark,navigable,navigable,True
pp_nav_00191,pp_nav_00196,navigable,navigable,False
pp_nav_00191,morkvash,navigable,navigable,True
pp_nav_00191,kondurcha,navigable,navigable,True
pp_nav_00191,samara,navigable,navigable,True
pp_nav_00191,stavropol_na_volge,navigable,navigable,True
pp_nav_00192,pp_nav_00200,navigable,navigable,False
pp_nav_00192,torun,navigable,navigable,True
pp_nav_00192,swiecie,navigable,navigable,True
pp_nav_00192,chelmno,navigable,navigable,True
pp_nav_00192,bydgoszcz,navigable,navigable,True
pp_nav_00193,stettin_lagoon,navigable,navigable,False
pp_nav_00193,pp_nav_00201,navigable,navigable,False
pp_nav_00193,angermunde,navigable,navigable,True
pp_nav_00193,chojna,navigable,navigable,True
pp_nav_00193,gryfow,navigable,navigable,True
pp_nav_00193,goleniow,navigable,navigable,True
pp_nav_00193,stettin,navigable,navigable,True
pp_nav_00194,pp_nav_00198,navigable,navigable,False
pp_nav_00194,luneburg,navigable,navigable,True
pp_nav_00194,dannenberg,navigable,navigable,True
pp_nav_00194,lauenburg,navigable,navigable,True
pp_nav_00195,pp_nav_00196,navigable,navigable,False
pp_nav_00195,pp_nav_00199,navigable,navigable,False
pp_nav_00195,morkvash,navigable,navigable,True
pp_nav_00195,khvorostyanka,navigable,navigable,True
pp_nav_00195,shigony,navigable,navigable,True
pp_nav_00196,morkvash,navigable,navigable,True
pp_nav_00196,khvorostyanka,navigable,navigable,True
pp_nav_00196,samara,navigable,navigable,True
pp_nav_00197,jade_bay,navigable,navigable,False
pp_nav_00197,verden,navigable,navigable,True
pp_nav_00197,pp_nav_00203,navigable,navigable,False
pp_nav_00197,bremen,navigable,navigable,True
pp_nav_00197,hoya,navigable,navigable,True
pp_nav_00197,delmenhorst,navigable,navigable,True
pp_nav_00197,achim,navigable,navigable,True
pp_nav_00198,pp_nav_00204,navigable,navigable,False
pp_nav_00198,wittenberge,navigable,navigable,True
pp_nav_00198,osterburg,navigable,navigable,True
pp_nav_00198,luchow,navigable,navigable,True
pp_nav_00198,dannenberg,navigable,navigable,True
pp_nav_00198,havelberg,navigable,navigable,True
pp_nav_00199,sosnovy_ostrov,navigable,navigable,True
pp_nav_00199,pp_nav_00207,navigable,navigable,False
pp_nav_00199,solovtsovo,navigable,navigable,True
pp_nav_00199,khvorostyanka,navigable,navigable,True
pp_nav_00199,shigony,navigable,navigable,True
pp_nav_00200,pp_nav_00206,navigable,navigable,False
pp_nav_00200,torun,navigable,navigable,True
pp_nav_00200,lipno,navigable,navigable,True
pp_nav_00200,wloclawek,navigable,navigable,True
pp_nav_00200,inowroclaw,navigable,navigable,True
pp_nav_00200,bydgoszcz,navigable,navigable,True
pp_nav_00201,pp_nav_00214,navigable,navigable,False
pp_nav_00201,lebus,navigable,navigable,True
pp_nav_00201,freienwalde,navigable,navigable,True
pp_nav_00201,angermunde,navigable,navigable,True
pp_nav_00201,chojna,navigable,navigable,True
pp_nav_00202,nottingham,navigable,navigable,True
pp_nav_00203,verden,navigable,navigable,True
pp_nav_00203,pp_nav_00220,improvable,improvable,False
pp_nav_00203,hoya,navigable,navigable,True
pp_nav_00203,nienburg,navigable,navigable,True
pp_nav_00203,minden,navigable,navigable,True
pp_nav_00203,achim,navigable,navigable,True
pp_nav_00204,pp_nav_00208,navigable,navigable,False
pp_nav_00204,pp_nav_00213,navigable,navigable,False
pp_nav_00204,osterburg,navigable,navigable,True
pp_nav_00204,brandenburg,navigable,navigable,True
pp_nav_00204,havelberg,navigable,navigable,True
pp_nav_00204,stendal,navigable,navigable,True
pp_nav_00204,jerichow,navigable,navigable,True
pp_nav_00205,wash,navigable,navigable,False
pp_nav_00205,cambridge,navigable,navigable,True
pp_nav_00205,lynn,navigable,navigable,True
pp_nav_00205,ely,navigable,navigable,True
pp_nav_00206,pp_nav_00216,navigable,navigable,False
pp_nav_00206,lipno,navigable,navigable,True
pp_nav_00206,wloclawek,navigable,navigable,True
pp_nav_00206,gostynin,navigable,navigable,True
pp_nav_00206,dobrzyn,navigable,navigable,True
pp_nav_00206,kowal,navigable,navigable,True
pp_nav_00206,plock,navigable,navigable,True
pp_nav_00207,sosnovy_ostrov,navigable,navigable,True
pp_nav_00207,pp_nav_00223,navigable,navigable,False
pp_nav_00207,dukhovnitskoye,navigable,navigable,True
pp_nav_00207,khvorostyanka,navigable,navigable,True
pp_nav_00208,pp_nav_00218,navigable,navigable,False
pp_nav_00208,treuenbrietzen,navigable,navigable,True
pp_nav_00208,brandenburg,navigable,navigable,True
pp_nav_00208,jerichow,navigable,navigable,True
pp_nav_00209,pp_nav_00211,navigable,navigable,False
pp_nav_00209,pp_nav_00215,navigable,navigable,False
pp_nav_00209,kamieniec,navigable,navigable,True
pp_nav_00209,sokolow,navigable,navigable,True
pp_nav_00209,nur,navigable,navigable,True
pp_nav_00210,zuiderzee,improvable,improvable,False
pp_nav_00210,pp_nav_00222,improvable,improvable,False
pp_nav_00210,deventer,improvable,improvable,True
pp_nav_00210,kampen,improvable,improvable,True
pp_nav_00210,zwolle,improvable,improvable,True
pp_nav_00211,pp_nav_00221,navigable,navigable,False
pp_nav_00211,sokolow,navigable,navigable,True
pp_nav_00211,mielnik,navigable,navigable,True
pp_nav_00211,nur,navigable,navigable,True
pp_nav_00211,drohiczyn,navigable,navigable,True
pp_nav_00212,pp_nav_00227,navigable,navigable,False
pp_nav_00212,worcester,navigable,navigable,True
pp_nav_00212,shrewsbury,navigable,navigable,True
pp_nav_00212,kidderminster,navigable,navigable,True
pp_nav_00213,pp_nav_00225,improvable,improvable,False
pp_nav_00213,burg,navigable,navigable,True
pp_nav_00213,wolmirstedt,navigable,navigable,True
pp_nav_00213,stendal,navigable,navigable,True
pp_nav_00213,jerichow,navigable,navigable,True
pp_nav_00214,guben,navigable,navigable,True
pp_nav_00214,pp_nav_00226,navigable,navigable,False
pp_nav_00214,lebus,navigable,navigable,True
pp_nav_00214,torzym,navigable,navigable,True
pp_nav_00214,chojna,navigable,navigable,True
pp_nav_00215,pp_nav_00219,navigable,navigable,False
pp_nav_00215,kamieniec,navigable,navigable,True
pp_nav_00215,zakroczym,navigable,navigable,True
pp_nav_00215,warsaw,navigable,navigable,True
pp_nav_00216,pp_nav_00219,navigable,navigable,False
pp_nav_00216,sochaczew,navigable,navigable,True
pp_nav_00216,ciechanow,navigable,navigable,True
pp_nav_00216,gostynin,navigable,navigable,True
pp_nav_00216,gabin,navigable,navigable,True
pp_nav_00216,plock,navigable,navigable,True
pp_nav_00217,berlin,navigable,navigable,True
pp_nav_00217,pp_nav_00218,navigable,navigable,False
pp_nav_00217,treuenbrietzen,navigable,navigable,True
pp_nav_00217,teltow,navigable,navigable,True
pp_nav_00217,potsdam,navigable,navigable,True
pp_nav_00218,treuenbrietzen,navigable,navigable,True
pp_nav_00218,brandenburg,navigable,navigable,True
pp_nav_00218,potsdam,navigable,navigable,True
pp_nav_00219,pp_nav_00224,navigable,navigable,False
pp_nav_00219,sochaczew,navigable,navigable,True
pp_nav_00219,zakroczym,navigable,navigable,True
pp_nav_00219,ciechanow,navigable,navigable,True
pp_nav_00219,warsaw,navigable,navigable,True
pp_nav_00220,pp_nav_00228,improvable,improvable,False
pp_nav_00220,buckeburg,improvable,improvable,True
pp_nav_00220,hamelin,improvable,improvable,True
pp_nav_00220,bielefeld,improvable,improvable,True
pp_nav_00220,detmold,improvable,improvable,True
pp_nav_00220,minden,improvable,improvable,True
pp_nav_00221,biala_podlaska,navigable,navigable,True
pp_nav_00221,mielnik,navigable,navigable,True
pp_nav_00221,brest_litowsk,navigable,navigable,True
pp_nav_00221,drohiczyn,navigable,navigable,True
pp_nav_00222,arnhem,navigable,navigable,True
pp_nav_00222,deventer,navigable,navigable,True
pp_nav_00222,apeldoorn,navigable,navigable,True
pp_nav_00222,zutphen,navigable,navigable,True
pp_nav_00223,sosnovy_ostrov,navigable,navigable,True
pp_nav_00223,pp_nav_00230,navigable,navigable,False
pp_nav_00223,balakovo,navigable,navigable,True
pp_nav_00223,malykovka,navigable,navigable,True
pp_nav_00223,dukhovnitskoye,navigable,navigable,True
pp_nav_00224,pp_nav_00237,navigable,navigable,False
pp_nav_00224,czersk,navigable,navigable,True
pp_nav_00224,warsaw,navigable,navigable,True
pp_nav_00225,pp_nav_00235,improvable,improvable,False
pp_nav_00225,magdeburg,improvable,improvable,True
pp_nav_00225,burg,improvable,improvable,True
pp_nav_00225,calbe,improvable,improvable,True
pp_nav_00225,wolmirstedt,improvable,improvable,True
pp_nav_00225,zerbst,improvable,improvable,True
pp_nav_00226,guben,navigable,navigable,True
pp_nav_00226,pp_nav_00229,navigable,navigable,False
pp_nav_00226,zielona_gora,navigable,navigable,True
pp_nav_00226,krosno_odrzanskie,navigable,navigable,True
pp_nav_00226,torzym,navigable,navigable,True
pp_nav_00226,sulechow,navigable,navigable,True
pp_nav_00227,worcester,navigable,navigable,True
pp_nav_00227,severn,navigable,navigable,False
pp_nav_00227,bristol,navigable,navigable,True
pp_nav_00227,cheltenham,navigable,navigable,True
pp_nav_00227,gloucester,navigable,navigable,True
pp_nav_00228,pp_nav_00245,improvable,improvable,False
pp_nav_00228,hoxter,improvable,improvable,True
pp_nav_00228,buckeburg,improvable,improvable,True
pp_nav_00228,hamelin,improvable,improvable,True
pp_nav_00228,einbeck,improvable,improvable,True
pp_nav_00228,hofgeismar,improvable,improvable,True
pp_nav_00228,holzminden,improvable,improvable,True
pp_nav_00229,pp_nav_00241,navigable,navigable,False
pp_nav_00229,glogow,navigable,navigable,True
pp_nav_00229,zielona_gora,navigable,navigable,True
pp_nav_00229,sulechow,navigable,navigable,True
pp_nav_00229,kozuchow,navigable,navigable,True
pp_nav_00230,pp_nav_00239,navigable,navigable,False
pp_nav_00230,balakovo,navigable,navigable,True
pp_nav_00230,malykovka,navigable,navigable,True
pp_nav_00230,baronsk,navigable,navigable,True
pp_nav_00230,tereshka,navigable,navigable,True
pp_nav_00231,pp_nav_00232,navigable,navigable,False
pp_nav_00231,pp_nav_00234,navigable,navigable,False
pp_nav_00231,amersfoort,navigable,navigable,True
pp_nav_00231,tiel,navigable,navigable,True
pp_nav_00231,dordrecht,navigable,navigable,True
pp_nav_00232,pp_nav_00233,navigable,navigable,False
pp_nav_00232,arnhem,navigable,navigable,True
pp_nav_00232,amersfoort,navigable,navigable,True
pp_nav_00232,nijmegen,navigable,navigable,True
pp_nav_00232,tiel,navigable,navigable,True
pp_nav_00233,pp_nav_00242,navigable,navigable,False
pp_nav_00233,arnhem,navigable,navigable,True
pp_nav_00233,kleve,navigable,navigable,True
pp_nav_00233,nijmegen,navigable,navigable,True
pp_nav_00233,doetinchem,navigable,navigable,True
pp_nav_00234,rhine_estuary,navigable,navigable,False
pp_nav_00234,dordrecht,navigable,navigable,True
pp_nav_00235,pp_nav_00240,navigable,navigable,False
pp_nav_00235,schweinitz,navigable,navigable,True
pp_nav_00235,calbe,navigable,navigable,True
pp_nav_00235,wittenberg,navigable,navigable,True
pp_nav_00235,zerbst,navigable,navigable,True
pp_nav_00236,pp_nav_00243,navigable,navigable,False
pp_nav_00236,pp_nav_00244,navigable,navigable,False
pp_nav_00236,hertogenbosch,navigable,navigable,True
pp_nav_00236,geertruidenberg,navigable,navigable,True
pp_nav_00236,tiel,navigable,navigable,True
pp_nav_00236,cuijk,navigable,navigable,True
pp_nav_00237,pp_nav_00250,navigable,navigable,False
pp_nav_00237,radom,navigable,navigable,True
pp_nav_00237,stezyca,navigable,navigable,True
pp_nav_00237,czersk,navigable,navigable,True
pp_nav_00237,zwolen,navigable,navigable,True
pp_nav_00238,pp_nav_00254,navigable,navigable,False
pp_nav_00238,voronezh,navigable,navigable,True
pp_nav_00238,zemlyansk,navigable,navigable,True
pp_nav_00238,semidesyatnoye,navigable,navigable,True
pp_nav_00239,pp_nav_00246,navigable,navigable,False
pp_nav_00239,baronsk,navigable,navigable,True
pp_nav_00239,ukek,navigable,navigable,True
pp_nav_00239,pokrovsk,navigable,navigable,True
pp_nav_00239,tereshka,navigable,navigable,True
pp_nav_00240,pp_nav_00252,navigable,navigable,False
pp_nav_00240,annaburg,navigable,navigable,True
pp_nav_00240,torgau,navigable,navigable,True
pp_nav_00240,schweinitz,navigable,navigable,True
pp_nav_00240,wittenberg,navigable,navigable,True
pp_nav_00241,pp_nav_00249,navigable,navigable,False
pp_nav_00241,glogow,navigable,navigable,True
pp_nav_00241,wolow,navigable,navigable,True
pp_nav_00241,kozuchow,navigable,navigable,True
pp_nav_00242,pp_nav_00251,navigable,navigable,False
pp_nav_00242,wesel,navigable,navigable,True
pp_nav_00242,kleve,navigable,navigable,True
pp_nav_00242,mors,navigable,navigable,True
pp_nav_00243,rhine_estuary,navigable,navigable,False
pp_nav_00243,geertruidenberg,navigable,navigable,True
pp_nav_00243,bergen_zoom,navigable,navigable,True
pp_nav_00244,pp_nav_00253,navigable,navigable,False
pp_nav_00244,roermond,navigable,navigable,True
pp_nav_00244,monchengladbach,navigable,navigable,True
pp_nav_00244,venlo,navigable,navigable,True
pp_nav_00244,cuijk,navigable,navigable,True
pp_nav_00245,gottingen,navigable,navigable,True
pp_nav_00245,hofgeismar,navigable,navigable,True
pp_nav_00246,pp_nav_00257,navigable,navigable,False
pp_nav_00246,ukek,navigable,navigable,True
pp_nav_00246,pokrovsk,navigable,navigable,True
pp_nav_00246,goly_karamysh,navigable,navigable,True
pp_nav_00247,pp_nav_00248,improvable,improvable,False
pp_nav_00247,windsor,navigable,navigable,True
pp_nav_00247,abingdon,navigable,navigable,True
pp_nav_00247,reading,navigable,navigable,True
pp_nav_00247,wycombe,navigable,navigable,True
pp_nav_00247,henley,navigable,navigable,True
pp_nav_00247,harrow,navigable,navigable,True
pp_nav_00248,thames,improvable,improvable,False
pp_nav_00248,woking,improvable,improvable,True
pp_nav_00248,windsor,improvable,improvable,True
pp_nav_00248,kingston,improvable,improvable,True
pp_nav_00248,harrow,improvable,improvable,True
pp_nav_00248,london,improvable,improvable,True
pp_nav_00249,pp_nav_00256,navigable,navigable,False
pp_nav_00249,sroda_slaska,navigable,navigable,True
pp_nav_00249,wroclaw,navigable,navigable,True
pp_nav_00249,wolow,navigable,navigable,True
pp_nav_00249,legnica,navigable,navigable,True
pp_nav_00250,pp_nav_00259,navigable,navigable,False
pp_nav_00250,urzedow,navigable,navigable,True
pp_nav_00250,stezyca,navigable,navigable,True
pp_nav_00250,kazimierz,navigable,navigable,True
pp_nav_00250,zwolen,navigable,navigable,True
pp_nav_00250,kunow,navigable,navigable,True
pp_nav_00251,pp_nav_00258,navigable,navigable,False
pp_nav_00251,wesel,navigable,navigable,True
pp_nav_00251,solingen,navigable,navigable,True
pp_nav_00251,dusseldorf,navigable,navigable,True
pp_nav_00251,mors,navigable,navigable,True
pp_nav_00251,neuss,navigable,navigable,True
pp_nav_00252,meissen,navigable,navigable,True
pp_nav_00252,annaburg,navigable,navigable,True
pp_nav_00252,dresden,navigable,navigable,True
pp_nav_00253,pp_nav_00262,navigable,navigable,False
pp_nav_00253,roermond,navigable,navigable,True
pp_nav_00253,weert,navigable,navigable,True
pp_nav_00253,maastricht,navigable,navigable,True
pp_nav_00253,venlo,navigable,navigable,True
pp_nav_00253,bree,navigable,navigable,True
pp_nav_00253,borgloon,navigable,navigable,True
pp_nav_00254,pp_nav_00261,navigable,navigable,False
pp_nav_00254,voronezh,navigable,navigable,True
pp_nav_00254,ostrogozhsk,navigable,navigable,True
pp_nav_00254,novaya_pokrovka,navigable,navigable,True
pp_nav_00254,semidesyatnoye,navigable,navigable,True
pp_nav_00255,aalst,navigable,navigable,True
pp_nav_00255,pp_nav_00260,navigable,navigable,False
pp_nav_00255,sint_niklaas,navigable,navigable,True
pp_nav_00255,scheldt_estuary,navigable,navigable,False
pp_nav_00255,mechelen,navigable,navigable,True
pp_nav_00255,antwerp,navigable,navigable,True
pp_nav_00255,ghent,navigable,navigable,True
pp_nav_00255,brussels,navigable,navigable,True
pp_nav_00256,sroda_slaska,navigable,navigable,True
pp_nav_00256,wroclaw,navigable,navigable,True
pp_nav_00257,pp_nav_00265,navigable,navigable,False
pp_nav_00257,rovnoye,navigable,navigable,True
pp_nav_00257,pokrovsk,navigable,navigable,True
pp_nav_00257,goly_karamysh,navigable,navigable,True
pp_nav_00258,pp_nav_00264,navigable,navigable,False
pp_nav_00258,siegburg,navigable,navigable,True
pp_nav_00258,solingen,navigable,navigable,True
pp_nav_00258,cologne,navigable,navigable,True
pp_nav_00258,bonn,navigable,navigable,True
pp_nav_00258,neuss,navigable,navigable,True
pp_nav_00259,sandomierz,navigable,navigable,True
pp_nav_00259,pp_nav_00267,navigable,navigable,False
pp_nav_00259,opatow,navigable,navigable,True
pp_nav_00259,urzedow,navigable,navigable,True
pp_nav_00259,kunow,navigable,navigable,True
pp_nav_00260,aalst,navigable,navigable,True
pp_nav_00260,pp_nav_00263,navigable,navigable,False
pp_nav_00260,oudenaarde,navigable,navigable,True
pp_nav_00260,kortriik,navigable,navigable,True
pp_nav_00260,ghent,navigable,navigable,True
pp_nav_00261,pp_nav_00266,navigable,navigable,False
pp_nav_00261,ostrogozhsk,navigable,navigable,True
pp_nav_00261,novaya_pokrovka,navigable,navigable,True
pp_nav_00261,rossosh,navigable,navigable,True
pp_nav_00262,pp_nav_00268,navigable,navigable,False
pp_nav_00262,maastricht,navigable,navigable,True
pp_nav_00262,liege,navigable,navigable,True
pp_nav_00262,limbourg,navigable,navigable,True
pp_nav_00262,borgloon,navigable,navigable,True
pp_nav_00263,aalst,navigable,navigable,True
pp_nav_00263,tournai,navigable,navigable,True
pp_nav_00263,oudenaarde,navigable,navigable,True
pp_nav_00263,ath,navigable,navigable,True
pp_nav_00264,ahrweiler,navigable,navigable,True
pp_nav_00264,pp_nav_00270,improvable,improvable,False
pp_nav_00264,mayen,navigable,navigable,True
pp_nav_00264,siegburg,navigable,navigable,True
pp_nav_00264,coblenz,navigable,navigable,True
pp_nav_00264,wied,navigable,navigable,True
pp_nav_00264,bonn,navigable,navigable,True
pp_nav_00265,pp_nav_00271,navigable,navigable,False
pp_nav_00265,kamyshin,navigable,navigable,True
pp_nav_00265,rovnoye,navigable,navigable,True
pp_nav_00265,goly_karamysh,navigable,navigable,True
pp_nav_00266,pp_nav_00273,navigable,navigable,False
pp_nav_00266,verkhny_mamon,navigable,navigable,True
pp_nav_00266,novaya_pokrovka,navigable,navigable,True
pp_nav_00266,rossosh,navigable,navigable,True
pp_nav_00267,sandomierz,navigable,navigable,True
pp_nav_00267,pp_nav_00272,navigable,navigable,False
pp_nav_00267,opatow,navigable,navigable,True
pp_nav_00267,wislica,navigable,navigable,True
pp_nav_00267,tarnow,navigable,navigable,True
pp_nav_00268,namur,navigable,navigable,True
pp_nav_00268,liege,navigable,navigable,True
pp_nav_00269,kyiv,navigable,navigable,True
pp_nav_00269,kaharlyk,navigable,navigable,True
pp_nav_00269,pp_nav_00279,navigable,navigable,False
pp_nav_00269,desnyanskyi_horodok,navigable,navigable,True
pp_nav_00270,katzenelnbogen,improvable,improvable,True
pp_nav_00270,pp_nav_00274,improvable,improvable,False
pp_nav_00270,pp_nav_00275,improvable,improvable,False
pp_nav_00270,mayen,improvable,improvable,True
pp_nav_00270,castellaun,improvable,improvable,True
pp_nav_00270,simmern,improvable,improvable,True
pp_nav_00270,coblenz,improvable,improvable,True
pp_nav_00270,cochem,improvable,improvable,True
pp_nav_00271,pp_nav_00281,navigable,navigable,False
pp_nav_00271,bykovo,navigable,navigable,True
pp_nav_00271,kamyshin,navigable,navigable,True
pp_nav_00271,berezhnovka,navigable,navigable,True
pp_nav_00271,rovnoye,navigable,navigable,True
pp_nav_00272,proszowice,navigable,navigable,True
pp_nav_00272,pp_nav_00278,navigable,navigable,False
pp_nav_00272,wislica,navigable,navigable,True
pp_nav_00272,tarnow,navigable,navigable,True
pp_nav_00272,wieliczka,navigable,navigable,True
pp_nav_00273,pp_nav_00276,navigable,navigable,False
pp_nav_00273,verkhny_mamon,navigable,navigable,True
pp_nav_00273,boguchar,navigable,navigable,True
pp_nav_00273,rossosh,navigable,navigable,True
pp_nav_00274,pp_nav_00282,navigable,navigable,False
pp_nav_00274,wittlich,navigable,navigable,True
pp_nav_00274,castellaun,navigable,navigable,True
pp_nav_00274,trier,navigable,navigable,True
pp_nav_00274,cochem,navigable,navigable,True
pp_nav_00275,katzenelnbogen,navigable,navigable,True
pp_nav_00275,pp_nav_00277,navigable,navigable,False
pp_nav_00275,pp_nav_00280,navigable,navigable,False
pp_nav_00275,mainz,navigable,navigable,True
pp_nav_00275,wiesbaden,navigable,navigable,True
pp_nav_00275,kreuznach,navigable,navigable,True
pp_nav_00275,simmern,navigable,navigable,True
pp_nav_00276,pp_nav_00283,navigable,navigable,False
pp_nav_00276,verkhny_mamon,navigable,navigable,True
pp_nav_00276,boguchar,navigable,navigable,True
pp_nav_00276,veesky,navigable,navigable,True
pp_nav_00276,kalach,navigable,navigable,True
pp_nav_00277,darmstadt,navigable,navigable,True
pp_nav_00277,mainz,navigable,navigable,True
pp_nav_00277,wiesbaden,navigable,navigable,True
pp_nav_00277,frankfurt,navigable,navigable,True
pp_nav_00278,proszowice,navigable,navigable,True
pp_nav_00278,krakow,navigable,navigable,True
pp_nav_00278,wieliczka,navigable,navigable,True
pp_nav_00279,kaharlyk,navigable,navigable,True
pp_nav_00279,pp_nav_00284,navigable,navigable,False
pp_nav_00279,pereiaslav,navigable,navigable,True
pp_nav_00279,kaniv,navigable,navigable,True
pp_nav_00280,darmstadt,navigable,navigable,True
pp_nav_00280,pp_nav_00289,navigable,navigable,False
pp_nav_00280,pp_nav_00291,navigable,navigable,False
pp_nav_00280,mainz,navigable,navigable,True
pp_nav_00280,bensheim,navigable,navigable,True
pp_nav_00280,oppenheim,navigable,navigable,True
pp_nav_00280,neustadt_an_der_haardt,navigable,navigable,True
pp_nav_00280,worms,navigable,navigable,True
pp_nav_00280,heidelberg,navigable,navigable,True
pp_nav_00281,pp_nav_00294,navigable,navigable,False
pp_nav_00281,bykovo,navigable,navigable,True
pp_nav_00281,kamyshin,navigable,navigable,True
pp_nav_00281,zenzevatka,navigable,navigable,True
pp_nav_00282,trier,navigable,navigable,True
pp_nav_00283,pp_nav_00285,navigable,navigable,False
pp_nav_00283,bokovskaya,navigable,navigable,True
pp_nav_00283,boguchar,navigable,navigable,True
pp_nav_00283,veesky,navigable,navigable,True
pp_nav_00283,chertkovo,navigable,navigable,True
pp_nav_00284,pp_nav_00290,navigable,navigable,False
pp_nav_00284,zolotonosha,navigable,navigable,True
pp_nav_00284,pereiaslav,navigable,navigable,True
pp_nav_00284,kaniv,navigable,navigable,True
pp_nav_00284,korsun,navigable,navigable,True
pp_nav_00284,cherkasy,navigable,navigable,True
pp_nav_00285,pp_nav_00286,navigable,navigable,False
pp_nav_00285,kumylzhenskaya,navigable,navigable,True
pp_nav_00285,ust_medveditskaya,navigable,navigable,True
pp_nav_00285,bokovskaya,navigable,navigable,True
pp_nav_00285,veesky,navigable,navigable,True
pp_nav_00286,pp_nav_00296,navigable,navigable,False
pp_nav_00286,kumylzhenskaya,navigable,navigable,True
pp_nav_00286,ust_medveditskaya,navigable,navigable,True
pp_nav_00286,kletskaya,navigable,navigable,True
pp_nav_00286,zimnyatsky,navigable,navigable,True
pp_nav_00287,pp_nav_00288,improvable,improvable,False
pp_nav_00287,pp_nav_00293,navigable,navigable,False
pp_nav_00287,rouen,navigable,navigable,True
pp_nav_00287,pont_audemer,navigable,navigable,True
pp_nav_00287,tancarville,navigable,navigable,True
pp_nav_00288,pp_nav_00298,improvable,improvable,False
pp_nav_00288,rouen,improvable,improvable,True
pp_nav_00288,pont_audemer,improvable,improvable,True
pp_nav_00288,louviers,improvable,improvable,True
pp_nav_00289,pp_nav_00297,navigable,navigable,False
pp_nav_00289,sinsheim,navigable,navigable,True
pp_nav_00289,mosbach,navigable,navigable,True
pp_nav_00289,heidelberg,navigable,navigable,True
pp_nav_00290,pp_nav_00300,navigable,navigable,False
pp_nav_00290,zolotonosha,navigable,navigable,True
pp_nav_00290,horoshino,navigable,navigable,True
pp_nav_00290,cherkasy,navigable,navigable,True
pp_nav_00291,pp_nav_00304,navigable,navigable,False
pp_nav_00291,durlach,navigable,navigable,True
pp_nav_00291,speyer,navigable,navigable,True
pp_nav_00291,germersheim,navigable,navigable,True
pp_nav_00291,neustadt_an_der_haardt,navigable,navigable,True
pp_nav_00291,bruchsal,navigable,navigable,True
pp_nav_00291,heidelberg,navigable,navigable,True
pp_nav_00292,pp_nav_00296,navigable,navigable,False
pp_nav_00292,pp_nav_00299,navigable,navigable,False
pp_nav_00292,kremenskaya,navigable,navigable,True
pp_nav_00292,ilovlya,navigable,navigable,True
pp_nav_00292,zimnyatsky,navigable,navigable,True
pp_nav_00293,seine_bay,navigable,navigable,False
pp_nav_00293,pont_audemer,navigable,navigable,True
pp_nav_00293,tancarville,navigable,navigable,True
pp_nav_00294,pp_nav_00309,navigable,navigable,False
pp_nav_00294,bykovo,navigable,navigable,True
pp_nav_00294,srednyaya_akhtuba,navigable,navigable,True
pp_nav_00294,beljamen,navigable,navigable,True
pp_nav_00294,zenzevatka,navigable,navigable,True
pp_nav_00295,pp_nav_00301,navigable,navigable,False
pp_nav_00295,senlis,navigable,navigable,True
pp_nav_00295,crepy,navigable,navigable,True
pp_nav_00295,noyon,navigable,navigable,True
pp_nav_00296,kletskaya,navigable,navigable,True
pp_nav_00296,kremenskaya,navigable,navigable,True
pp_nav_00296,zimnyatsky,navigable,navigable,True
pp_nav_00297,backnang,navigable,navigable,True
pp_nav_00297,heilbronn,navigable,navigable,True
pp_nav_00297,sinsheim,navigable,navigable,True
pp_nav_00297,mosbach,navigable,navigable,True
pp_nav_00298,pp_nav_00305,improvable,improvable,False
pp_nav_00298,evreux,improvable,improvable,True
pp_nav_00298,mantes,improvable,improvable,True
pp_nav_00298,gisors,improvable,improvable,True
pp_nav_00298,louviers,improvable,improvable,True
pp_nav_00299,pp_nav_00310,navigable,navigable,False
pp_nav_00299,kremenskaya,navigable,navigable,True
pp_nav_00299,ilovlya,navigable,navigable,True
pp_nav_00299,beljamen,navigable,navigable,True
pp_nav_00299,mechet,navigable,navigable,True
pp_nav_00300,pp_nav_00306,navigable,navigable,False
pp_nav_00300,horoshino,navigable,navigable,True
pp_nav_00300,usivka,navigable,navigable,True
pp_nav_00300,horodyshche,navigable,navigable,True
pp_nav_00300,cherkasy,navigable,navigable,True
pp_nav_00301,pp_nav_00305,navigable,navigable,False
pp_nav_00301,pp_nav_00307,navigable,navigable,False
pp_nav_00301,senlis,navigable,navigable,True
pp_nav_00301,mantes,navigable,navigable,True
pp_nav_00301,chaumont_vexin,navigable,navigable,True
pp_nav_00301,montmorency,navigable,navigable,True
pp_nav_00301,corbeil,navigable,navigable,True
pp_nav_00302,pp_nav_00308,navigable,navigable,False
pp_nav_00302,meaux,navigable,navigable,True
pp_nav_00302,chateau_thierry,navigable,navigable,True
pp_nav_00303,pp_nav_00311,navigable,navigable,False
pp_nav_00303,regensburg,navigable,navigable,True
pp_nav_00303,kelheim,navigable,navigable,True
pp_nav_00303,landau,navigable,navigable,True
pp_nav_00303,bavaria_regen,navigable,navigable,True
pp_nav_00303,straubing,navigable,navigable,True
pp_nav_00304,lichtenberg,navigable,navigable,True
pp_nav_00304,pp_nav_00315,navigable,navigable,False
pp_nav_00304,durlach,navigable,navigable,True
pp_nav_00304,germersheim,navigable,navigable,True
pp_nav_00304,strasbourg,navigable,navigable,True
pp_nav_00304,baden,navigable,navigable,True
pp_nav_00304,offenburg,navigable,navigable,True
pp_nav_00305,mantes,navigable,navigable,True
pp_nav_00306,pp_nav_00313,improvable,improvable,False
pp_nav_00306,myshuryn_rih,navigable,navigable,True
pp_nav_00306,usivka,navigable,navigable,True
pp_nav_00307,paris,navigable,navigable,True
pp_nav_00307,pp_nav_00308,navigable,navigable,False
pp_nav_00307,pp_nav_00312,navigable,navigable,False
pp_nav_00307,brie_comte_robert,navigable,navigable,True
pp_nav_00307,montmorency,navigable,navigable,True
pp_nav_00307,corbeil,navigable,navigable,True
pp_nav_00308,paris,navigable,navigable,True
pp_nav_00308,meaux,navigable,navigable,True
pp_nav_00308,brie_comte_robert,navigable,navigable,True
pp_nav_00308,montmorency,navigable,navigable,True
pp_nav_00309,pp_nav_00314,navigable,navigable,False
pp_nav_00309,srednyaya_akhtuba,navigable,navigable,True
pp_nav_00309,beljamen,navigable,navigable,True
pp_nav_00309,mechet,navigable,navigable,True
pp_nav_00310,pp_nav_00316,navigable,navigable,False
pp_nav_00310,nizhny_chir,navigable,navigable,True
pp_nav_00310,kremenskaya,navigable,navigable,True
pp_nav_00310,stepanevka,navigable,navigable,True
pp_nav_00310,mechet,navigable,navigable,True
pp_nav_00311,pp_nav_00317,navigable,navigable,False
pp_nav_00311,grafenau,navigable,navigable,True
pp_nav_00311,scharding,navigable,navigable,True
pp_nav_00311,landau,navigable,navigable,True
pp_nav_00311,bavaria_regen,navigable,navigable,True
pp_nav_00311,passau,navigable,navigable,True
pp_nav_00312,paris,navigable,navigable,True
pp_nav_00312,pp_nav_00320,navigable,navigable,False
pp_nav_00312,etampes,navigable,navigable,True
pp_nav_00312,brie_comte_robert,navigable,navigable,True
pp_nav_00312,melun,navigable,navigable,True
pp_nav_00312,corbeil,navigable,navigable,True
pp_nav_00313,pp_nav_00319,improvable,improvable,False
pp_nav_00313,myshuryn_rih,improvable,improvable,True
pp_nav_00313,kodak,improvable,improvable,True
pp_nav_00314,pp_nav_00318,navigable,navigable,False
pp_nav_00314,srednyaya_akhtuba,navigable,navigable,True
pp_nav_00314,pologoye_zaymishche,navigable,navigable,True
pp_nav_00315,pp_nav_00327,navigable,navigable,False
pp_nav_00315,strasbourg,navigable,navigable,True
pp_nav_00315,hachberg,navigable,navigable,True
pp_nav_00315,offenburg,navigable,navigable,True
pp_nav_00315,benfeld,navigable,navigable,True
pp_nav_00316,pp_nav_00328,navigable,navigable,False
pp_nav_00316,nizhny_chir,navigable,navigable,True
pp_nav_00316,aksay,navigable,navigable,True
pp_nav_00316,stepanevka,navigable,navigable,True
pp_nav_00316,tormosin,navigable,navigable,True
pp_nav_00317,pp_nav_00323,improvable,improvable,False
pp_nav_00317,linz,navigable,navigable,True
pp_nav_00317,scharding,navigable,navigable,True
pp_nav_00317,rohrbach,navigable,navigable,True
pp_nav_00318,pp_nav_00330,navigable,navigable,False
pp_nav_00318,bolkhuny,navigable,navigable,True
pp_nav_00318,pologoye_zaymishche,navigable,navigable,True
pp_nav_00319,rozdory,improvable,improvable,True
pp_nav_00319,pp_nav_00329,improvable,improvable,False
pp_nav_00319,kichkas,improvable,improvable,True
pp_nav_00319,kodak,improvable,improvable,True
pp_nav_00320,pp_nav_00331,navigable,navigable,False
pp_nav_00320,sens,navigable,navigable,True
pp_nav_00320,nogent_sur_seine,navigable,navigable,True
pp_nav_00320,melun,navigable,navigable,True
pp_nav_00320,nemours,navigable,navigable,True
pp_nav_00320,joigny,navigable,navigable,True
pp_nav_00321,pp_nav_00322,navigable,navigable,False
pp_nav_00321,pp_nav_00324,navigable,navigable,False
pp_nav_00321,krems,navigable,navigable,True
pp_nav_00321,tulln,navigable,navigable,True
pp_nav_00321,melk,navigable,navigable,True
pp_nav_00322,pp_nav_00326,navigable,navigable,False
pp_nav_00322,korneuburg,navigable,navigable,True
pp_nav_00322,bruck_leitha,navigable,navigable,True
pp_nav_00322,tulln,navigable,navigable,True
pp_nav_00322,vienna,navigable,navigable,True
pp_nav_00323,pp_nav_00324,improvable,improvable,False
pp_nav_00323,linz,improvable,improvable,True
pp_nav_00323,perg,improvable,improvable,True
pp_nav_00323,wels,improvable,improvable,True
pp_nav_00323,amstetten,improvable,improvable,True
pp_nav_00323,freistadt,improvable,improvable,True
pp_nav_00323,rohrbach,improvable,improvable,True
pp_nav_00324,krems,navigable,navigable,True
pp_nav_00324,perg,navigable,navigable,True
pp_nav_00324,amstetten,navigable,navigable,True
pp_nav_00324,melk,navigable,navigable,True
pp_nav_00325,pp_nav_00326,navigable,navigable,False
pp_nav_00325,pp_nav_00332,navigable,navigable,False
pp_nav_00325,bratislava,navigable,navigable,True
pp_nav_00325,samorin,navigable,navigable,True
pp_nav_00325,bruck_leitha,navigable,navigable,True
pp_nav_00325,magyarovar,navigable,navigable,True
pp_nav_00325,ganserndorf,navigable,navigable,True
pp_nav_00326,korneuburg,navigable,navigable,True
pp_nav_00326,bruck_leitha,navigable,navigable,True
pp_nav_00326,ganserndorf,navigable,navigable,True
pp_nav_00327,mullheim,navigable,navigable,True
pp_nav_00327,ensisheim,navigable,navigable,True
pp_nav_00327,basel,navigable,navigable,True
pp_nav_00327,hachberg,navigable,navigable,True
pp_nav_00327,freiburg,navigable,navigable,True
pp_nav_00327,mulhouse,navigable,navigable,True
pp_nav_00327,benfeld,navigable,navigable,True
pp_nav_00328,pp_nav_00338,navigable,navigable,False
pp_nav_00328,ust_tsimla,navigable,navigable,True
pp_nav_00328,aksay,navigable,navigable,True
pp_nav_00328,tormosin,navigable,navigable,True
pp_nav_00328,nagavskaya,navigable,navigable,True
pp_nav_00328,dubovskoye,navigable,navigable,True
pp_nav_00329,pp_nav_00340,improvable,improvable,False
pp_nav_00329,kichkas,improvable,improvable,True
pp_nav_00329,tomakivka,improvable,improvable,True
pp_nav_00329,konski_vody,improvable,improvable,True
pp_nav_00329,kodak,improvable,improvable,True
pp_nav_00329,kuchugur,improvable,improvable,True
pp_nav_00330,pp_nav_00336,navigable,navigable,False
pp_nav_00330,mikhaylovka_pontic,navigable,navigable,True
pp_nav_00330,bolkhuny,navigable,navigable,True
pp_nav_00331,auxerre,navigable,navigable,True
pp_nav_00331,joigny,navigable,navigable,True
pp_nav_00332,pp_nav_00335,navigable,navigable,False
pp_nav_00332,komarom,navigable,navigable,True
pp_nav_00332,tata,navigable,navigable,True
pp_nav_00332,samorin,navigable,navigable,True
pp_nav_00332,magyarovar,navigable,navigable,True
pp_nav_00332,gyor,navigable,navigable,True
pp_nav_00333,pp_nav_00339,improvable,improvable,False
pp_nav_00333,beaugency,navigable,navigable,True
pp_nav_00333,blois,navigable,navigable,True
pp_nav_00333,orleans,navigable,navigable,True
pp_nav_00334,pp_nav_00335,navigable,navigable,False
pp_nav_00334,pp_nav_00337,navigable,navigable,False
pp_nav_00334,komarom,navigable,navigable,True
pp_nav_00334,tata,navigable,navigable,True
pp_nav_00334,buda,navigable,navigable,True
pp_nav_00334,esztergom,navigable,navigable,True
pp_nav_00334,hont,navigable,navigable,True
pp_nav_00334,nograd,navigable,navigable,True
pp_nav_00335,komarom,navigable,navigable,True
pp_nav_00335,tata,navigable,navigable,True
pp_nav_00336,pp_nav_00348,navigable,navigable,False
pp_nav_00336,yenotayevka,navigable,navigable,True
pp_nav_00336,rechnoye,navigable,navigable,True
pp_nav_00336,mikhaylovka_pontic,navigable,navigable,True
pp_nav_00337,pp_nav_00352,navigable,navigable,False
pp_nav_00337,fehervar,navigable,navigable,True
pp_nav_00337,buda,navigable,navigable,True
pp_nav_00337,abrahamtelke,navigable,navigable,True
pp_nav_00337,pest,navigable,navigable,True
pp_nav_00337,nograd,navigable,navigable,True
pp_nav_00338,pp_nav_00342,navigable,navigable,False
pp_nav_00338,ust_tsimla,navigable,navigable,True
pp_nav_00338,bol_shaya_martynovka,navigable,navigable,True
pp_nav_00338,dubovskoye,navigable,navigable,True
pp_nav_00339,pp_nav_00346,improvable,improvable,False
pp_nav_00339,blois,improvable,improvable,True
pp_nav_00339,amboise,improvable,improvable,True
pp_nav_00339,tours,improvable,improvable,True
pp_nav_00340,pp_nav_00344,navigable,navigable,False
pp_nav_00340,tomakivka,navigable,navigable,True
pp_nav_00340,velyka_lepetykha,navigable,navigable,True
pp_nav_00340,mykytyn_rih,navigable,navigable,True
pp_nav_00340,kuchugur,navigable,navigable,True
pp_nav_00341,pp_nav_00342,navigable,navigable,False
pp_nav_00341,pp_nav_00343,navigable,navigable,False
pp_nav_00341,shakhty,navigable,navigable,True
pp_nav_00341,bol_shaya_martynovka,navigable,navigable,True
pp_nav_00341,konstantinovsk,navigable,navigable,True
pp_nav_00341,semikarakorsk,navigable,navigable,True
pp_nav_00342,bol_shaya_martynovka,navigable,navigable,True
pp_nav_00342,konstantinovsk,navigable,navigable,True
pp_nav_00343,pp_nav_00350,navigable,navigable,False
pp_nav_00343,shakhty,navigable,navigable,True
pp_nav_00343,bagayevskaya,navigable,navigable,True
pp_nav_00343,tana,navigable,navigable,True
pp_nav_00343,semikarakorsk,navigable,navigable,True
pp_nav_00344,pp_nav_00353,navigable,navigable,False
pp_nav_00344,velyka_oleksandrivka,navigable,navigable,True
pp_nav_00344,velyka_lepetykha,navigable,navigable,True
pp_nav_00344,mykytyn_rih,navigable,navigable,True
pp_nav_00345,beaupreau,navigable,navigable,True
pp_nav_00345,pp_nav_00347,navigable,navigable,False
pp_nav_00345,pp_nav_00349,navigable,navigable,False
pp_nav_00345,bauge,navigable,navigable,True
pp_nav_00345,angers,navigable,navigable,True
pp_nav_00345,saumur,navigable,navigable,True
pp_nav_00345,passavant,navigable,navigable,True
pp_nav_00345,chateaubriant,navigable,navigable,True
pp_nav_00346,pp_nav_00349,improvable,improvable,False
pp_nav_00346,chinon,improvable,improvable,True
pp_nav_00346,saumur,improvable,improvable,True
pp_nav_00346,tours,improvable,improvable,True
pp_nav_00347,beaupreau,navigable,navigable,True
pp_nav_00347,pp_nav_00351,navigable,navigable,False
pp_nav_00347,machecoul,navigable,navigable,True
pp_nav_00347,nantes,navigable,navigable,True
pp_nav_00347,chateaubriant,navigable,navigable,True
pp_nav_00348,pp_nav_00354,navigable,navigable,False
pp_nav_00348,rechnoye,navigable,navigable,True
pp_nav_00348,khosheutovo,navigable,navigable,True
pp_nav_00349,bauge,navigable,navigable,True
pp_nav_00349,saumur,navigable,navigable,True
pp_nav_00350,taganrog_gulf,navigable,navigable,False
pp_nav_00350,bagayevskaya,navigable,navigable,True
pp_nav_00350,azok,navigable,navigable,True
pp_nav_00350,tana,navigable,navigable,True
pp_nav_00351,quiberon_bay,navigable,navigable,False
pp_nav_00351,machecoul,navigable,navigable,True
pp_nav_00351,nantes,navigable,navigable,True
pp_nav_00352,pp_nav_00358,navigable,navigable,False
pp_nav_00352,solt,navigable,navigable,True
pp_nav_00352,fehervar,navigable,navigable,True
pp_nav_00352,abrahamtelke,navigable,navigable,True
pp_nav_00352,tolna,navigable,navigable,True
pp_nav_00352,adony,navigable,navigable,True
pp_nav_00353,pp_nav_00357,navigable,navigable,False
pp_nav_00353,velyka_oleksandrivka,navigable,navigable,True
pp_nav_00353,rohat_kermen,navigable,navigable,True
pp_nav_00353,aslan_horod,navigable,navigable,True
pp_nav_00353,velyka_lepetykha,navigable,navigable,True
pp_nav_00353,tavan,navigable,navigable,True
pp_nav_00354,pp_nav_00359,navigable,navigable,False
pp_nav_00354,khosheutovo,navigable,navigable,True
pp_nav_00355,pp_nav_00360,navigable,navigable,False
pp_nav_00355,andawaohie,navigable,navigable,True
pp_nav_00355,mouth_of_saint_lawrence,navigable,navigable,False
pp_nav_00355,wachilmezi,navigable,navigable,True
pp_nav_00355,stadacona,navigable,navigable,True
pp_nav_00355,kikonteku,navigable,navigable,True
pp_nav_00356,pp_nav_00363,navigable,navigable,False
pp_nav_00356,macon,navigable,navigable,True
pp_nav_00356,bage,navigable,navigable,True
pp_nav_00356,chalon_sur_saone,navigable,navigable,True
pp_nav_00356,louhans,navigable,navigable,True
pp_nav_00357,pp_nav_00361,navigable,navigable,False
pp_nav_00357,ordu_bazar,navigable,navigable,True
pp_nav_00357,oleshia,navigable,navigable,True
pp_nav_00357,aslan_horod,navigable,navigable,True
pp_nav_00358,pp_nav_00365,navigable,navigable,False
pp_nav_00358,solt,navigable,navigable,True
pp_nav_00358,baja_hungary,navigable,navigable,True
pp_nav_00358,tolna,navigable,navigable,True
pp_nav_00358,kalocsa,navigable,navigable,True
pp_nav_00359,pp_nav_00364,navigable,navigable,False
pp_nav_00359,krasny_yar,navigable,navigable,True
pp_nav_00359,khosheutovo,navigable,navigable,True
pp_nav_00360,pp_nav_00362,navigable,navigable,False
pp_nav_00360,andawaohie,navigable,navigable,True
pp_nav_00360,wachilmezi,navigable,navigable,True
pp_nav_00360,ekwentondie,navigable,navigable,True
pp_nav_00360,wolinak,navigable,navigable,True
pp_nav_00361,dnieper_bug_estuary,navigable,navigable,False
pp_nav_00361,ordu_bazar,navigable,navigable,True
pp_nav_00361,oleshia,navigable,navigable,True
pp_nav_00362,pp_nav_00366,improvable,improvable,False
pp_nav_00362,nebesek,navigable,navigable,True
pp_nav_00362,masolian,navigable,navigable,True
pp_nav_00362,ekwentondie,navigable,navigable,True
pp_nav_00362,loigan_sibo,navigable,navigable,True
pp_nav_00362,wolinak,navigable,navigable,True
pp_nav_00363,pp_nav_00372,navigable,navigable,False
pp_nav_00363,macon,navigable,navigable,True
pp_nav_00363,trevoux,navigable,navigable,True
pp_nav_00363,beaujeu,navigable,navigable,True
pp_nav_00363,bage,navigable,navigable,True
pp_nav_00363,villars,navigable,navigable,True
pp_nav_00363,lyon,navigable,navigable,True
pp_nav_00364,caspian_sea16,navigable,navigable,False
pp_nav_00364,krasny_yar,navigable,navigable,True
pp_nav_00365,pp_nav_00374,navigable,navigable,False
pp_nav_00365,mohacs,navigable,navigable,True
pp_nav_00365,baja_hungary,navigable,navigable,True
pp_nav_00365,tolna,navigable,navigable,True
pp_nav_00365,bodrog,navigable,navigable,True
pp_nav_00366,makigotekw,improvable,improvable,True
pp_nav_00366,pp_nav_00375,improvable,improvable,False
pp_nav_00366,masolian,improvable,improvable,True
pp_nav_00366,loigan_sibo,improvable,improvable,True
pp_nav_00366,hochelaga,improvable,improvable,True
pp_nav_00366,kemoimenahan,improvable,improvable,True
pp_nav_00367,rochefort,navigable,navigable,True
pp_nav_00367,ile_de_re,navigable,navigable,False
pp_nav_00367,la_rochelle,navigable,navigable,True
pp_nav_00368,rochefort,navigable,navigable,True
pp_nav_00368,pp_nav_00373,navigable,navigable,False
pp_nav_00368,ile_de_re,navigable,navigable,False
pp_nav_00368,saintes,navigable,navigable,True
pp_nav_00368,st_jean_dangely,navigable,navigable,True
pp_nav_00369,pp_nav_00373,navigable,navigable,False
pp_nav_00369,cognac,navigable,navigable,True
pp_nav_00369,angouleme,navigable,navigable,True
pp_nav_00370,kutina,navigable,navigable,True
pp_nav_00370,pp_nav_00377,navigable,navigable,False
pp_nav_00370,petrinja,navigable,navigable,True
pp_nav_00370,dubica,navigable,navigable,True
pp_nav_00370,sisak,navigable,navigable,True
pp_nav_00370,bjelovar,navigable,navigable,True
pp_nav_00370,zagreb,navigable,navigable,True
pp_nav_00371,caspian_sea16,navigable,navigable,False
pp_nav_00371,krasny_yar,navigable,navigable,True
pp_nav_00371,astrakhan,navigable,navigable,True
pp_nav_00372,pp_nav_00383,navigable,navigable,False
pp_nav_00372,romans,navigable,navigable,True
pp_nav_00372,tournon,navigable,navigable,True
pp_nav_00372,riverie,navigable,navigable,True
pp_nav_00372,vienne,navigable,navigable,True
pp_nav_00372,lyon,navigable,navigable,True
pp_nav_00372,saint_etienne,navigable,navigable,True
pp_nav_00373,saintes,navigable,navigable,True
pp_nav_00373,cognac,navigable,navigable,True
pp_nav_00374,pp_nav_00379,navigable,navigable,False
pp_nav_00374,vukovar,navigable,navigable,True
pp_nav_00374,mohacs,navigable,navigable,True
pp_nav_00374,bacs,navigable,navigable,True
pp_nav_00374,bodrog,navigable,navigable,True
pp_nav_00374,osijek,navigable,navigable,True
pp_nav_00374,ilok,navigable,navigable,True
pp_nav_00375,pp_nav_00381,improvable,improvable,False
pp_nav_00375,ahkwesasne,improvable,improvable,True
pp_nav_00375,otennienontant,improvable,improvable,True
pp_nav_00375,hochelaga,improvable,improvable,True
pp_nav_00375,kemoimenahan,improvable,improvable,True
pp_nav_00376,pp_nav_00387,navigable,navigable,False
pp_nav_00376,rovigo,navigable,navigable,True
pp_nav_00376,verona,navigable,navigable,True
pp_nav_00376,este,navigable,navigable,True
pp_nav_00376,legnago,navigable,navigable,True
pp_nav_00377,kutina,navigable,navigable,True
pp_nav_00377,pp_nav_00384,navigable,navigable,False
pp_nav_00377,pakrac,navigable,navigable,True
pp_nav_00377,dubica,navigable,navigable,True
pp_nav_00377,gradiski_brod,navigable,navigable,True
pp_nav_00378,pp_nav_00380,navigable,navigable,False
pp_nav_00378,pp_nav_00382,navigable,navigable,False
pp_nav_00378,braila,navigable,navigable,True
pp_nav_00378,isaccea,navigable,navigable,True
pp_nav_00378,galati,navigable,navigable,True
pp_nav_00378,reni,navigable,navigable,True
pp_nav_00379,pp_nav_00386,navigable,navigable,False
pp_nav_00379,bacs,navigable,navigable,True
pp_nav_00379,titel,navigable,navigable,True
pp_nav_00379,petrovaradin,navigable,navigable,True
pp_nav_00379,sremska_mitrovica,navigable,navigable,True
pp_nav_00379,ilok,navigable,navigable,True
pp_nav_00380,pp_nav_00385,navigable,navigable,False
pp_nav_00380,isaccea,navigable,navigable,True
pp_nav_00380,enisala,navigable,navigable,True
pp_nav_00380,tulcea,navigable,navigable,True
pp_nav_00380,reni,navigable,navigable,True
pp_nav_00381,pp_nav_00397,improvable,improvable,False
pp_nav_00381,ahkwesasne,improvable,improvable,True
pp_nav_00381,otennienontant,improvable,improvable,True
pp_nav_00381,kahwenoke,improvable,improvable,True
pp_nav_00381,ahkwesasne_ny,improvable,improvable,True
pp_nav_00382,pp_nav_00406,navigable,navigable,False
pp_nav_00382,harsova,navigable,navigable,True
pp_nav_00382,braila,navigable,navigable,True
pp_nav_00382,orasul_de_floci,navigable,navigable,True
pp_nav_00382,viziru,navigable,navigable,True
pp_nav_00383,pp_nav_00408,improvable,improvable,False
pp_nav_00383,romans,navigable,navigable,True
pp_nav_00383,tournon,navigable,navigable,True
pp_nav_00383,privas,navigable,navigable,True
pp_nav_00383,valence,navigable,navigable,True
pp_nav_00384,pp_nav_00390,navigable,navigable,False
pp_nav_00384,pakrac,navigable,navigable,True
pp_nav_00384,pozega,navigable,navigable,True
pp_nav_00384,glaz,navigable,navigable,True
pp_nav_00384,gradiski_brod,navigable,navigable,True
pp_nav_00385,north_danube_delta,navigable,navigable,False
pp_nav_00385,enisala,navigable,navigable,True
pp_nav_00385,tulcea,navigable,navigable,True
pp_nav_00386,pp_nav_00403,navigable,navigable,False
pp_nav_00386,petrovaradin,navigable,navigable,True
pp_nav_00386,sremska_mitrovica,navigable,navigable,True
pp_nav_00386,pancevo,navigable,navigable,True
pp_nav_00387,monselice,navigable,navigable,True
pp_nav_00387,rovigo,navigable,navigable,True
pp_nav_00387,gulf_venice,navigable,navigable,False
pp_nav_00387,chioggia,navigable,navigable,True
pp_nav_00387,este,navigable,navigable,True
pp_nav_00388,pp_nav_00389,navigable,navigable,False
pp_nav_00388,pp_nav_00394,navigable,navigable,False
pp_nav_00388,fiorenzuola,navigable,navigable,True
pp_nav_00388,pavia,navigable,navigable,True
pp_nav_00388,lodi,navigable,navigable,True
pp_nav_00388,piacenza,navigable,navigable,True
pp_nav_00388,sandonnino,navigable,navigable,True
pp_nav_00388,cremona,navigable,navigable,True
pp_nav_00389,pavia,navigable,navigable,True
pp_nav_00389,voghera,navigable,navigable,True
pp_nav_00389,piacenza,navigable,navigable,True
pp_nav_00390,pp_nav_00396,navigable,navigable,False
pp_nav_00390,vukovar,navigable,navigable,True
pp_nav_00390,doboj,navigable,navigable,True
pp_nav_00390,srebrenik,navigable,navigable,True
pp_nav_00390,pozega,navigable,navigable,True
pp_nav_00390,glaz,navigable,navigable,True
pp_nav_00391,pp_nav_00399,navigable,navigable,False
pp_nav_00391,comacchio,navigable,navigable,True
pp_nav_00391,rovigo,navigable,navigable,True
pp_nav_00391,ferrara,navigable,navigable,True
pp_nav_00391,gulf_venice,navigable,navigable,False
pp_nav_00391,chioggia,navigable,navigable,True
pp_nav_00392,pp_nav_00399,navigable,navigable,False
pp_nav_00392,ostiglia,navigable,navigable,True
pp_nav_00392,ficarolo,navigable,navigable,True
pp_nav_00392,guastalla,navigable,navigable,True
pp_nav_00392,mantova,navigable,navigable,True
pp_nav_00392,ferrara,navigable,navigable,True
pp_nav_00393,pp_nav_00400,navigable,navigable,False
pp_nav_00393,pp_nav_00404,navigable,navigable,False
pp_nav_00393,libourne,navigable,navigable,True
pp_nav_00393,gironde,navigable,navigable,False
pp_nav_00393,bordeaux,navigable,navigable,True
pp_nav_00393,benauges,navigable,navigable,True
pp_nav_00394,pp_nav_00395,navigable,navigable,False
pp_nav_00394,guastalla,navigable,navigable,True
pp_nav_00394,casalmaggiore,navigable,navigable,True
pp_nav_00394,mantova,navigable,navigable,True
pp_nav_00394,sandonnino,navigable,navigable,True
pp_nav_00394,cremona,navigable,navigable,True
pp_nav_00394,parma,navigable,navigable,True
pp_nav_00395,pp_nav_00401,navigable,navigable,False
pp_nav_00395,mirandola,navigable,navigable,True
pp_nav_00395,nonantola,navigable,navigable,True
pp_nav_00395,ficarolo,navigable,navigable,True
pp_nav_00395,guastalla,navigable,navigable,True
pp_nav_00395,ferrara,navigable,navigable,True
pp_nav_00396,teocak,navigable,navigable,True
pp_nav_00396,pp_nav_00398,navigable,navigable,False
pp_nav_00396,srebrenik,navigable,navigable,True
pp_nav_00396,ilok,navigable,navigable,True
pp_nav_00397,pp_nav_00407,improvable,improvable,False
pp_nav_00397,toniato,improvable,improvable,True
pp_nav_00397,kaniatarahontsi,improvable,improvable,True
pp_nav_00397,kahwenoke,improvable,improvable,True
pp_nav_00397,ahkwesasne_ny,improvable,improvable,True
pp_nav_00398,teocak,navigable,navigable,True
pp_nav_00398,pp_nav_00402,navigable,navigable,False
pp_nav_00398,sabac,navigable,navigable,True
pp_nav_00398,sremska_mitrovica,navigable,navigable,True
pp_nav_00398,ilok,navigable,navigable,True
pp_nav_00399,ficarolo,navigable,navigable,True
pp_nav_00399,rovigo,navigable,navigable,True
pp_nav_00399,ferrara,navigable,navigable,True
pp_nav_00400,marmande,navigable,navigable,True
pp_nav_00400,libourne,navigable,navigable,True
pp_nav_00400,benauges,navigable,navigable,True
pp_nav_00400,sauveterre_de_guyenne,navigable,navigable,True
pp_nav_00400,bergerac,navigable,navigable,True
pp_nav_00401,po_delta,navigable,navigable,False
pp_nav_00401,comacchio,navigable,navigable,True
pp_nav_00401,ferrara,navigable,navigable,True
pp_nav_00402,pp_nav_00403,navigable,navigable,False
pp_nav_00402,belgrad,navigable,navigable,True
pp_nav_00402,sabac,navigable,navigable,True
pp_nav_00402,petrovaradin,navigable,navigable,True
pp_nav_00402,sremska_mitrovica,navigable,navigable,True
pp_nav_00402,debrc,navigable,navigable,True
pp_nav_00403,pp_nav_00409,navigable,navigable,False
pp_nav_00403,belgrad,navigable,navigable,True
pp_nav_00403,petrovaradin,navigable,navigable,True
pp_nav_00403,smederevo,navigable,navigable,True
pp_nav_00403,pancevo,navigable,navigable,True
pp_nav_00404,pp_nav_00412,navigable,navigable,False
pp_nav_00404,bazas,navigable,navigable,True
pp_nav_00404,bordeaux,navigable,navigable,True
pp_nav_00404,benauges,navigable,navigable,True
pp_nav_00404,sauveterre_de_guyenne,navigable,navigable,True
pp_nav_00404,belin,navigable,navigable,True
pp_nav_00405,pp_nav_00409,navigable,navigable,False
pp_nav_00405,pp_nav_00411,navigable,navigable,False
pp_nav_00405,branicevo,navigable,navigable,True
pp_nav_00405,kovin,navigable,navigable,True
pp_nav_00405,smederevo,navigable,navigable,True
pp_nav_00406,pp_nav_00415,navigable,navigable,False
pp_nav_00406,cernavoda,navigable,navigable,True
pp_nav_00406,cegani,navigable,navigable,True
pp_nav_00406,harsova,navigable,navigable,True
pp_nav_00406,orasul_de_floci,navigable,navigable,True
pp_nav_00407,bay_of_quinte,navigable,navigable,False
pp_nav_00407,nikahionhwakowa,navigable,navigable,True
pp_nav_00407,gananoque,navigable,navigable,True
pp_nav_00407,toniato,navigable,navigable,True
pp_nav_00407,kaniatarahontsi,navigable,navigable,True
pp_nav_00408,st_ambroix,improvable,improvable,True
pp_nav_00408,pp_nav_00419,improvable,improvable,False
pp_nav_00408,viviers,improvable,improvable,True
pp_nav_00408,orange,improvable,improvable,True
pp_nav_00408,privas,improvable,improvable,True
pp_nav_00408,uzes,improvable,improvable,True
pp_nav_00408,valence,improvable,improvable,True
pp_nav_00409,kovin,navigable,navigable,True
pp_nav_00409,smederevo,navigable,navigable,True
pp_nav_00409,pancevo,navigable,navigable,True
pp_nav_00410,pp_nav_00411,navigable,navigable,False
pp_nav_00410,pp_nav_00414,navigable,navigable,False
pp_nav_00410,visesav,navigable,navigable,True
pp_nav_00410,kucevo,navigable,navigable,True
pp_nav_00410,mihalt,navigable,navigable,True
pp_nav_00410,plenita,navigable,navigable,True
pp_nav_00411,branicevo,navigable,navigable,True
pp_nav_00411,kucevo,navigable,navigable,True
pp_nav_00411,mihalt,navigable,navigable,True
pp_nav_00412,pp_nav_00413,navigable,navigable,False
pp_nav_00412,pp_nav_00416,navigable,navigable,False
pp_nav_00412,marmande,navigable,navigable,True
pp_nav_00412,bazas,navigable,navigable,True
pp_nav_00412,agen,navigable,navigable,True
pp_nav_00412,lectoure,navigable,navigable,True
pp_nav_00413,cahors,navigable,navigable,True
pp_nav_00413,montflanquin,navigable,navigable,True
pp_nav_00413,agen,navigable,navigable,True
pp_nav_00414,pp_nav_00420,navigable,navigable,False
pp_nav_00414,visesav,navigable,navigable,True
pp_nav_00414,plenita,navigable,navigable,True
pp_nav_00414,vidin,navigable,navigable,True
pp_nav_00415,pp_nav_00417,navigable,navigable,False
pp_nav_00415,cernavoda,navigable,navigable,True
pp_nav_00415,cegani,navigable,navigable,True
pp_nav_00415,lichiresti,navigable,navigable,True
pp_nav_00415,drastar,navigable,navigable,True
pp_nav_00416,pp_nav_00418,navigable,navigable,False
pp_nav_00416,pp_nav_00421,improvable,improvable,False
pp_nav_00416,villemur,navigable,navigable,True
pp_nav_00416,agen,navigable,navigable,True
pp_nav_00416,montauban,navigable,navigable,True
pp_nav_00416,lectoure,navigable,navigable,True
pp_nav_00417,pp_nav_00422,navigable,navigable,False
pp_nav_00417,tutrakan,navigable,navigable,True
pp_nav_00417,giurgiu,navigable,navigable,True
pp_nav_00417,lichiresti,navigable,navigable,True
pp_nav_00417,drastar,navigable,navigable,True
pp_nav_00417,ruse,navigable,navigable,True
pp_nav_00418,villemur,navigable,navigable,True
pp_nav_00418,montauban,navigable,navigable,True
pp_nav_00419,pp_nav_00429,improvable,improvable,False
pp_nav_00419,avignon,improvable,improvable,True
pp_nav_00419,orange,improvable,improvable,True
pp_nav_00419,nimes,improvable,improvable,True
pp_nav_00419,tarascon,improvable,improvable,True
pp_nav_00419,arles,improvable,improvable,True
pp_nav_00419,uzes,improvable,improvable,True
pp_nav_00420,pp_nav_00423,navigable,navigable,False
pp_nav_00420,lom,navigable,navigable,True
pp_nav_00420,calafat,navigable,navigable,True
pp_nav_00420,archar,navigable,navigable,True
pp_nav_00420,vidin,navigable,navigable,True
pp_nav_00421,villemur,improvable,improvable,True
pp_nav_00421,verdun_sur_garonne,improvable,improvable,True
pp_nav_00421,toulouse,improvable,improvable,True
pp_nav_00422,pp_nav_00427,navigable,navigable,False
pp_nav_00422,zimnicea,navigable,navigable,True
pp_nav_00422,giurgiu,navigable,navigable,True
pp_nav_00422,ruse,navigable,navigable,True
pp_nav_00422,cherven,navigable,navigable,True
pp_nav_00423,pp_nav_00425,navigable,navigable,False
pp_nav_00423,radovanu,navigable,navigable,True
pp_nav_00423,corabia,navigable,navigable,True
pp_nav_00423,lom,navigable,navigable,True
pp_nav_00423,calafat,navigable,navigable,True
pp_nav_00423,oryahovo,navigable,navigable,True
pp_nav_00424,pp_nav_00426,navigable,navigable,False
pp_nav_00424,pp_nav_00428,navigable,navigable,False
pp_nav_00424,poggibonsi,navigable,navigable,True
pp_nav_00424,sanlorenzo,navigable,navigable,True
pp_nav_00424,pescia,navigable,navigable,True
pp_nav_00424,pontedera,navigable,navigable,True
pp_nav_00424,florence,navigable,navigable,True
pp_nav_00424,prato,navigable,navigable,True
pp_nav_00425,pp_nav_00427,navigable,navigable,False
pp_nav_00425,nikopol,navigable,navigable,True
pp_nav_00425,corabia,navigable,navigable,True
pp_nav_00425,gigen,navigable,navigable,True
pp_nav_00425,turnu_magurele,navigable,navigable,True
pp_nav_00425,oryahovo,navigable,navigable,True
pp_nav_00426,pescia,navigable,navigable,True
pp_nav_00426,riviera_levante,navigable,navigable,False
pp_nav_00426,pontedera,navigable,navigable,True
pp_nav_00426,pisa,navigable,navigable,True
pp_nav_00427,nikopol,navigable,navigable,True
pp_nav_00427,zimnicea,navigable,navigable,True
pp_nav_00427,turnu_magurele,navigable,navigable,True
pp_nav_00427,cherven,navigable,navigable,True
pp_nav_00428,sanlorenzo,navigable,navigable,True
pp_nav_00428,florence,navigable,navigable,True
pp_nav_00429,mouths_rhone,improvable,improvable,False
pp_nav_00429,arles,improvable,improvable,True
pp_nav_00430,pp_nav_00432,navigable,navigable,False
pp_nav_00430,ponkhockie,navigable,navigable,True
pp_nav_00430,esquatak,navigable,navigable,True
pp_nav_00430,mahicannituck,navigable,navigable,True
pp_nav_00431,pp_nav_00433,navigable,navigable,False
pp_nav_00431,sabina,navigable,navigable,True
pp_nav_00431,rome,navigable,navigable,True
pp_nav_00431,bracciano,navigable,navigable,True
pp_nav_00431,orte,navigable,navigable,True
pp_nav_00432,pp_nav_00436,navigable,navigable,False
pp_nav_00432,nochpeem,navigable,navigable,True
pp_nav_00432,ponkhockie,navigable,navigable,True
pp_nav_00432,kitchawanc,navigable,navigable,True
pp_nav_00432,tappan,navigable,navigable,True
pp_nav_00432,poughkeepsie,navigable,navigable,True
pp_nav_00433,coast_lazio,navigable,navigable,False
pp_nav_00433,rome,navigable,navigable,True
pp_nav_00433,bracciano,navigable,navigable,True
pp_nav_00434,long_island_sound,navigable,navigable,False
pp_nav_00434,saukiog,navigable,navigable,True
pp_nav_00434,nehantuck,navigable,navigable,True
pp_nav_00435,pp_nav_00437,improvable,improvable,False
pp_nav_00435,zuera,navigable,navigable,True
pp_nav_00435,belchite,navigable,navigable,True
pp_nav_00435,zaragoza,navigable,navigable,True
pp_nav_00435,pina_de_ebro,navigable,navigable,True
pp_nav_00436,nochpeem,navigable,navigable,True
pp_nav_00436,raritan_bay,navigable,navigable,False
pp_nav_00436,hackensack,navigable,navigable,True
pp_nav_00436,manhattan,navigable,navigable,True
pp_nav_00436,tappan,navigable,navigable,True
pp_nav_00437,pp_nav_00438,improvable,improvable,False
pp_nav_00437,flix,improvable,improvable,True
pp_nav_00437,belchite,improvable,improvable,True
pp_nav_00437,pina_de_ebro,improvable,improvable,True
pp_nav_00437,caspe,improvable,improvable,True
pp_nav_00437,fraga,improvable,improvable,True
pp_nav_00438,pp_nav_00441,improvable,improvable,False
pp_nav_00438,flix,improvable,improvable,True
pp_nav_00438,montblanc,improvable,improvable,True
pp_nav_00438,tortosa,improvable,improvable,True
pp_nav_00439,porto,navigable,navigable,True
pp_nav_00439,cape_mondego,navigable,navigable,False
pp_nav_00440,porto,improvable,improvable,True
pp_nav_00440,cape_mondego,improvable,improvable,False
pp_nav_00440,lamego,improvable,improvable,True
pp_nav_00440,feira,improvable,improvable,True
pp_nav_00441,ebro_delta,navigable,navigable,False
pp_nav_00441,tortosa,navigable,navigable,True
pp_nav_00442,mahoning_oh,navigable,navigable,True
pp_nav_00442,pp_nav_00443,navigable,navigable,False
pp_nav_00442,pp_nav_00444,navigable,navigable,False
pp_nav_00442,saucunk,navigable,navigable,True
pp_nav_00442,wihlink,navigable,navigable,True
pp_nav_00442,allegheny,navigable,navigable,True
pp_nav_00443,pp_nav_00446,navigable,navigable,False
pp_nav_00443,wihlink,navigable,navigable,True
pp_nav_00443,captina,navigable,navigable,True
pp_nav_00444,saucunk,navigable,navigable,True
pp_nav_00444,allegheny,navigable,navigable,True
pp_nav_00445,delaware_bay,navigable,navigable,False
pp_nav_00445,tetamekanch,navigable,navigable,True
pp_nav_00445,assunpink,navigable,navigable,True
pp_nav_00445,shackamaxon,navigable,navigable,True
pp_nav_00446,pp_nav_00449,navigable,navigable,False
pp_nav_00446,muskingum,navigable,navigable,True
pp_nav_00446,onimgohow,navigable,navigable,True
pp_nav_00446,wihlink,navigable,navigable,True
pp_nav_00446,captina,navigable,navigable,True
pp_nav_00447,pp_nav_00448,navigable,navigable,False
pp_nav_00447,dadu,navigable,navigable,True
pp_nav_00447,wuqing,navigable,navigable,True
pp_nav_00447,luxian,navigable,navigable,True
pp_nav_00448,pp_nav_00461,navigable,navigable,False
pp_nav_00448,zhigu,navigable,navigable,True
pp_nav_00448,wuqing,navigable,navigable,True
pp_nav_00449,pp_nav_00453,navigable,navigable,False
pp_nav_00449,muskingum,navigable,navigable,True
pp_nav_00449,onimgohow,navigable,navigable,True
pp_nav_00450,pp_nav_00452,navigable,navigable,False
pp_nav_00450,pp_nav_00455,navigable,navigable,False
pp_nav_00450,nudarcha,navigable,navigable,True
pp_nav_00451,santarem,navigable,navigable,True
pp_nav_00451,setubal,navigable,navigable,True
pp_nav_00451,mora_portugal,navigable,navigable,True
pp_nav_00451,lisbon,navigable,navigable,True
pp_nav_00451,bay_setubal,navigable,navigable,False
pp_nav_00451,salvaterra,navigable,navigable,True
pp_nav_00451,torres_novas,navigable,navigable,True
pp_nav_00452,pp_nav_00454,navigable,navigable,False
pp_nav_00452,nudarcha,navigable,navigable,True
pp_nav_00453,pp_nav_00462,navigable,navigable,False
pp_nav_00453,muskingum,navigable,navigable,True
pp_nav_00453,onimgohow,navigable,navigable,True
pp_nav_00453,ethapetha,navigable,navigable,True
pp_nav_00453,kanawha,navigable,navigable,True
pp_nav_00454,pp_nav_00459,navigable,navigable,False
pp_nav_00454,nudarcha,navigable,navigable,True
pp_nav_00454,kansas,navigable,navigable,True
pp_nav_00455,pp_nav_00463,navigable,navigable,False
pp_nav_00455,emasulia,navigable,navigable,True
pp_nav_00455,nudarcha,navigable,navigable,True
pp_nav_00456,pp_nav_00457,navigable,navigable,False
pp_nav_00456,pp_nav_00464,navigable,navigable,False
pp_nav_00456,cuttawba,navigable,navigable,True
pp_nav_00456,assereniet,navigable,navigable,True
pp_nav_00456,oheyandewa,navigable,navigable,True
pp_nav_00457,pp_nav_00466,navigable,navigable,False
pp_nav_00457,cuttawba,navigable,navigable,True
pp_nav_00457,assereniet,navigable,navigable,True
pp_nav_00457,eskalapia,navigable,navigable,True
pp_nav_00458,pp_nav_00459,navigable,navigable,False
pp_nav_00458,kansas,navigable,navigable,True
pp_nav_00459,kansas,navigable,navigable,True
pp_nav_00460,pp_nav_00467,navigable,navigable,False
pp_nav_00460,doeg,navigable,navigable,True
pp_nav_00460,anacostia,navigable,navigable,True
pp_nav_00460,monocacy,navigable,navigable,True
pp_nav_00461,pp_nav_00475,navigable,navigable,False
pp_nav_00461,zhigu,navigable,navigable,True
pp_nav_00461,jinghai,navigable,navigable,True
pp_nav_00461,huichuan,navigable,navigable,True
pp_nav_00461,qingchi,navigable,navigable,True
pp_nav_00462,pp_nav_00474,navigable,navigable,False
pp_nav_00462,ethapetha,navigable,navigable,True
pp_nav_00462,kanawha,navigable,navigable,True
pp_nav_00463,pp_nav_00472,navigable,navigable,False
pp_nav_00463,emasulia,navigable,navigable,True
pp_nav_00464,pp_nav_00469,improvable,improvable,False
pp_nav_00464,cuttawba,navigable,navigable,True
pp_nav_00464,oheyandewa,navigable,navigable,True
pp_nav_00465,pp_nav_00471,navigable,navigable,False
pp_nav_00465,pp_nav_00473,navigable,navigable,False
pp_nav_00465,cahokia,navigable,navigable,True
pp_nav_00465,tamaroa,navigable,navigable,True
pp_nav_00465,kaskaskia,navigable,navigable,True
pp_nav_00466,pp_nav_00470,navigable,navigable,False
pp_nav_00466,scioto,navigable,navigable,True
pp_nav_00466,assereniet,navigable,navigable,True
pp_nav_00466,eskalapia,navigable,navigable,True
pp_nav_00467,upper_chesapeake_bay,navigable,navigable,False
pp_nav_00467,potapoco,navigable,navigable,True
pp_nav_00467,doeg,navigable,navigable,True
pp_nav_00467,patawomeck,navigable,navigable,True
pp_nav_00468,pp_nav_00471,navigable,navigable,False
pp_nav_00468,pp_nav_00472,navigable,navigable,False
pp_nav_00468,emasulia,navigable,navigable,True
pp_nav_00468,tamaroa,navigable,navigable,True
pp_nav_00469,pp_nav_00476,improvable,improvable,False
pp_nav_00469,cuttawba,improvable,improvable,True
pp_nav_00469,lewekeomi,improvable,improvable,True
pp_nav_00469,oheyandewa,improvable,improvable,True
pp_nav_00470,pp_nav_00474,navigable,navigable,False
pp_nav_00470,scioto,navigable,navigable,True
pp_nav_00470,eskalapia,navigable,navigable,True
pp_nav_00471,tamaroa,navigable,navigable,True
pp_nav_00472,emasulia,navigable,navigable,True
pp_nav_00473,pp_nav_00478,navigable,navigable,False
pp_nav_00473,chepoussa,navigable,navigable,True
pp_nav_00473,tamaroa,navigable,navigable,True
pp_nav_00473,kaskaskia,navigable,navigable,True
pp_nav_00474,ouasioto,navigable,navigable,True
pp_nav_00474,ethapetha,navigable,navigable,True
pp_nav_00474,kanawha,navigable,navigable,True
pp_nav_00474,eskalapia,navigable,navigable,True
pp_nav_00475,pp_nav_00485,navigable,navigable,False
pp_nav_00475,ningjin,navigable,navigable,True
pp_nav_00475,nanpi,navigable,navigable,True
pp_nav_00475,huichuan,navigable,navigable,True
pp_nav_00475,qingchi,navigable,navigable,True
pp_nav_00475,dongguang,navigable,navigable,True
pp_nav_00476,pp_nav_00477,improvable,improvable,False
pp_nav_00476,gichthanne,improvable,improvable,True
pp_nav_00476,tywhapita,improvable,improvable,True
pp_nav_00476,lewekeomi,improvable,improvable,True
pp_nav_00476,oheyandewa,improvable,improvable,True
pp_nav_00477,pp_nav_00481,navigable,navigable,False
pp_nav_00477,gichthanne,navigable,navigable,True
pp_nav_00477,tywhapita,navigable,navigable,True
pp_nav_00478,pp_nav_00486,navigable,navigable,False
pp_nav_00478,chepoussa,navigable,navigable,True
pp_nav_00478,kaskaskia,navigable,navigable,True
pp_nav_00479,pp_nav_00480,navigable,navigable,False
pp_nav_00479,pp_nav_00481,navigable,navigable,False
pp_nav_00479,aaboukingon,navigable,navigable,True
pp_nav_00479,gichthanne,navigable,navigable,True
pp_nav_00479,tywhapita,navigable,navigable,True
pp_nav_00480,pp_nav_00483,navigable,navigable,False
pp_nav_00480,aaboukingon,navigable,navigable,True
pp_nav_00480,gichthanne,navigable,navigable,True
pp_nav_00480,patoka,navigable,navigable,True
pp_nav_00481,gichthanne,navigable,navigable,True
pp_nav_00481,tywhapita,navigable,navigable,True
pp_nav_00482,pp_nav_00487,improvable,improvable,False
pp_nav_00482,cordoba,improvable,improvable,True
pp_nav_00482,carmona,improvable,improvable,True
pp_nav_00482,palma_del_rio,improvable,improvable,True
pp_nav_00482,constantina,improvable,improvable,True
pp_nav_00483,pp_nav_00489,navigable,navigable,False
pp_nav_00483,aaboukingon,navigable,navigable,True
pp_nav_00483,patoka,navigable,navigable,True
pp_nav_00483,mitchigamea,navigable,navigable,True
pp_nav_00483,kuttawa,navigable,navigable,True
pp_nav_00484,pp_nav_00488,navigable,navigable,False
pp_nav_00484,kanghwa_bay,navigable,navigable,False
pp_nav_00484,namgyeong,navigable,navigable,True
pp_nav_00484,kaesong,navigable,navigable,True
pp_nav_00484,papyeong,navigable,navigable,True
pp_nav_00484,inju,navigable,navigable,True
pp_nav_00485,pp_nav_00493,navigable,navigable,False
pp_nav_00485,pingyuan_jinan,navigable,navigable,True
pp_nav_00485,lingzhou_dezhou,navigable,navigable,True
pp_nav_00485,deping,navigable,navigable,True
pp_nav_00485,ande,navigable,navigable,True
pp_nav_00485,ningjin,navigable,navigable,True
pp_nav_00485,wuqiao,navigable,navigable,True
pp_nav_00485,dongguang,navigable,navigable,True
pp_nav_00486,pp_nav_00495,navigable,navigable,False
pp_nav_00486,chepoussa,navigable,navigable,True
pp_nav_00486,towosaghy,navigable,navigable,True
pp_nav_00486,mitchigamea,navigable,navigable,True
pp_nav_00487,pp_nav_00491,improvable,improvable,False
pp_nav_00487,sanlucar_la_mayor,navigable,difficult,True
pp_nav_00487,carmona,navigable,difficult,True
pp_nav_00487,sevilla,navigable,difficult,True
pp_nav_00487,constantina,navigable,difficult,True
pp_nav_00488,pp_nav_00492,navigable,navigable,False
pp_nav_00488,namgyeong,navigable,navigable,True
pp_nav_00488,yangju,navigable,navigable,True
pp_nav_00488,gwangju,navigable,navigable,True
pp_nav_00488,jipyeong,navigable,navigable,True
pp_nav_00488,icheon,navigable,navigable,True
pp_nav_00489,pp_nav_00494,navigable,navigable,False
pp_nav_00489,charquis,navigable,navigable,True
pp_nav_00489,mitchigamea,navigable,navigable,True
pp_nav_00489,kuttawa,navigable,navigable,True
pp_nav_00490,weyanock,barrier,barrier,True
pp_nav_00490,lower_chesapeake_bay,barrier,barrier,False
pp_nav_00490,kiskiack,barrier,barrier,True
pp_nav_00490,powhatan,barrier,barrier,True
pp_nav_00491,coria_del_rio,improvable,improvable,True
pp_nav_00491,bay_of_cadiz,improvable,improvable,False
pp_nav_00491,sanlucar_la_mayor,improvable,improvable,True
pp_nav_00491,sevilla,improvable,improvable,True
pp_nav_00492,wonju,navigable,navigable,True
pp_nav_00492,chungju,navigable,navigable,True
pp_nav_00492,icheon,navigable,navigable,True
pp_nav_00493,pp_nav_00499,navigable,navigable,False
pp_nav_00493,pingyuan_jinan,navigable,navigable,True
pp_nav_00493,lingzhou_dezhou,navigable,navigable,True
pp_nav_00493,linqing,navigable,navigable,True
pp_nav_00493,enzhou,navigable,navigable,True
pp_nav_00493,xiajin,navigable,navigable,True
pp_nav_00494,pp_nav_00495,navigable,navigable,False
pp_nav_00494,pp_nav_00498,navigable,navigable,False
pp_nav_00494,charquis,navigable,navigable,True
pp_nav_00494,mitchigamea,navigable,navigable,True
pp_nav_00495,charquis,navigable,navigable,True
pp_nav_00495,towosaghy,navigable,navigable,True
pp_nav_00495,mitchigamea,navigable,navigable,True
pp_nav_00496,pp_nav_00497,navigable,navigable,False
pp_nav_00496,saponi,navigable,navigable,True
pp_nav_00496,occaneechi,navigable,navigable,True
pp_nav_00496,nessoneick,navigable,navigable,True
pp_nav_00497,pp_nav_00500,navigable,navigable,False
pp_nav_00497,adshusheer,navigable,navigable,True
pp_nav_00497,meherrin,navigable,navigable,True
pp_nav_00497,occaneechi,navigable,navigable,True
pp_nav_00497,nessoneick,navigable,navigable,True
pp_nav_00498,pp_nav_00502,navigable,navigable,False
pp_nav_00498,charquis,navigable,navigable,True
pp_nav_00498,towosaghy,navigable,navigable,True
pp_nav_00498,obion,navigable,navigable,True
pp_nav_00499,pp_nav_00503,improvable,improvable,False
pp_nav_00499,liaocheng,navigable,navigable,True
pp_nav_00499,linqing,navigable,navigable,True
pp_nav_00499,yanggu_yanzhou,navigable,navigable,True
pp_nav_00500,pp_nav_00501,navigable,navigable,False
pp_nav_00500,adshusheer,navigable,navigable,True
pp_nav_00500,meherrin,navigable,navigable,True
pp_nav_00500,cherohenaka_nc,navigable,navigable,True
pp_nav_00500,pamticough,navigable,navigable,True
pp_nav_00500,waqua,navigable,navigable,True
pp_nav_00501,pp_nav_00504,navigable,navigable,False
pp_nav_00501,wiccacon,navigable,navigable,True
pp_nav_00501,chowanoke,navigable,navigable,True
pp_nav_00501,cherohenaka_nc,navigable,navigable,True
pp_nav_00501,waqua,navigable,navigable,True
pp_nav_00501,kehaukee,navigable,navigable,True
pp_nav_00502,pp_nav_00505,navigable,navigable,False
pp_nav_00502,casqui,navigable,navigable,True
pp_nav_00502,hatchie,navigable,navigable,True
pp_nav_00502,towosaghy,navigable,navigable,True
pp_nav_00502,obion,navigable,navigable,True
pp_nav_00503,pp_nav_00507,improvable,improvable,False
pp_nav_00503,liaocheng,improvable,improvable,True
pp_nav_00503,wenshang,improvable,improvable,True
pp_nav_00503,shouzhang,improvable,improvable,True
pp_nav_00503,yanggu_yanzhou,improvable,improvable,True
pp_nav_00503,donge,improvable,improvable,True
pp_nav_00503,xucheng,improvable,improvable,True
pp_nav_00504,pp_nav_00506,navigable,navigable,False
pp_nav_00504,pocosin,navigable,navigable,True
pp_nav_00504,chowanoke,navigable,navigable,True
pp_nav_00504,kehaukee,navigable,navigable,True
pp_nav_00505,pp_nav_00508,navigable,navigable,False
pp_nav_00505,casqui,navigable,navigable,True
pp_nav_00505,hatchie,navigable,navigable,True
pp_nav_00505,chucalissa,navigable,navigable,True
pp_nav_00506,pocosin,navigable,navigable,True
pp_nav_00506,albemarle_sound,navigable,navigable,False
pp_nav_00506,chowanoke,navigable,navigable,True
pp_nav_00507,pp_nav_00510,improvable,improvable,False
pp_nav_00507,wenshang,improvable,improvable,True
pp_nav_00507,shouzhang,improvable,improvable,True
pp_nav_00507,rencheng,improvable,improvable,True
pp_nav_00507,jiaxiang,improvable,improvable,True
pp_nav_00508,pp_nav_00511,navigable,navigable,False
pp_nav_00508,casqui,navigable,navigable,True
pp_nav_00508,chucalissa,navigable,navigable,True
pp_nav_00508,pacaha,navigable,navigable,True
pp_nav_00509,ise_bay,navigable,navigable,False
pp_nav_00509,fuwa_mino,navigable,navigable,True
pp_nav_00509,nakajima,navigable,navigable,True
pp_nav_00509,mie,navigable,navigable,True
pp_nav_00510,pp_nav_00513,navigable,navigable,False
pp_nav_00510,peixian,navigable,navigable,True
pp_nav_00510,yutai,navigable,navigable,True
pp_nav_00510,tengxian,navigable,navigable,True
pp_nav_00511,taposa,navigable,navigable,True
pp_nav_00511,pp_nav_00512,navigable,navigable,False
pp_nav_00511,chucalissa,navigable,navigable,True
pp_nav_00511,quizquiz,navigable,navigable,True
pp_nav_00511,quigate,navigable,navigable,True
pp_nav_00511,pacaha,navigable,navigable,True
pp_nav_00512,taposa,navigable,navigable,True
pp_nav_00512,pp_nav_00516,navigable,navigable,False
pp_nav_00512,anilco,navigable,navigable,True
pp_nav_00512,quigate,navigable,navigable,True
pp_nav_00513,pp_nav_00514,navigable,navigable,False
pp_nav_00513,peixian,navigable,navigable,True
pp_nav_00513,xuzhou,navigable,navigable,True
pp_nav_00514,pp_nav_00517,navigable,navigable,False
pp_nav_00514,xiapi,navigable,navigable,True
pp_nav_00514,xuzhou,navigable,navigable,True
pp_nav_00514,suqian,navigable,navigable,True
pp_nav_00514,xinyi,navigable,navigable,True
pp_nav_00515,east_seto_sea,navigable,navigable,False
pp_nav_00515,kaisou,navigable,navigable,True
pp_nav_00515,naga,navigable,navigable,True
pp_nav_00516,taposa,navigable,navigable,True
pp_nav_00516,pp_nav_00518,navigable,navigable,False
pp_nav_00516,quigualtam,navigable,navigable,True
pp_nav_00516,anilco,navigable,navigable,True
pp_nav_00517,pp_nav_00519,improvable,improvable,False
pp_nav_00517,taoyuan_huaian,navigable,navigable,True
pp_nav_00517,suqian,navigable,navigable,True
pp_nav_00518,pp_nav_00522,navigable,navigable,False
pp_nav_00518,quigualtam,navigable,navigable,True
pp_nav_00518,anilco,navigable,navigable,True
pp_nav_00518,guachoyo,navigable,navigable,True
pp_nav_00519,pp_nav_00520,improvable,improvable,False
pp_nav_00519,taoyuan_huaian,improvable,improvable,True
pp_nav_00519,qinghe_huaian,improvable,improvable,True
pp_nav_00519,shanyang_huaian,improvable,improvable,True
pp_nav_00520,pp_nav_00526,improvable,improvable,False
pp_nav_00520,gaoyou,navigable,navigable,True
pp_nav_00520,baoying,navigable,navigable,True
pp_nav_00520,shanyang_huaian,navigable,navigable,True
pp_nav_00521,pp_nav_00524,navigable,navigable,False
pp_nav_00521,selkehatchie,navigable,navigable,True
pp_nav_00521,ogeechee,navigable,navigable,True
pp_nav_00521,kiokee,navigable,navigable,True
pp_nav_00522,pp_nav_00527,navigable,navigable,False
pp_nav_00522,guachoyo,navigable,navigable,True
pp_nav_00522,tunica,navigable,navigable,True
pp_nav_00523,pp_nav_00525,navigable,difficult,False
pp_nav_00523,baghdad,navigable,difficult,True
pp_nav_00523,dayr_aqul,navigable,difficult,True
pp_nav_00523,an_nil,navigable,difficult,True
pp_nav_00524,pp_nav_00531,navigable,navigable,False
pp_nav_00524,selkehatchie,navigable,navigable,True
pp_nav_00524,wimbee,navigable,navigable,True
pp_nav_00524,tybee,navigable,navigable,True
pp_nav_00524,ogeechee,navigable,navigable,True
pp_nav_00525,pp_nav_00529,navigable,difficult,False
pp_nav_00525,dayr_aqul,navigable,difficult,True
pp_nav_00525,an_nil,navigable,difficult,True
pp_nav_00525,numaniyyah,navigable,difficult,True
pp_nav_00526,pp_nav_00532,improvable,improvable,False
pp_nav_00526,gaoyou,improvable,improvable,True
pp_nav_00526,jiangdu,improvable,improvable,True
pp_nav_00527,pp_nav_00536,navigable,navigable,False
pp_nav_00527,tensas,navigable,navigable,True
pp_nav_00527,tunica,navigable,navigable,True
pp_nav_00528,pp_nav_00529,navigable,difficult,False
pp_nav_00528,pp_nav_00530,navigable,difficult,False
pp_nav_00528,dayr_aqul,navigable,difficult,True
pp_nav_00528,numaniyyah,navigable,difficult,True
pp_nav_00528,bakusaya,navigable,difficult,True
pp_nav_00528,wasit,navigable,difficult,True
pp_nav_00529,dayr_aqul,navigable,difficult,True
pp_nav_00529,numaniyyah,navigable,difficult,True
pp_nav_00530,pp_nav_00538,navigable,difficult,False
pp_nav_00530,bakusaya,navigable,difficult,True
pp_nav_00530,al_tib,navigable,difficult,True
pp_nav_00530,wasit,navigable,difficult,True
pp_nav_00531,wimbee,navigable,navigable,True
pp_nav_00531,ossabaw_sound,navigable,navigable,False
pp_nav_00531,tybee,navigable,navigable,True
pp_nav_00532,pp_nav_00533,improvable,improvable,False
pp_nav_00532,pp_nav_00537,improvable,improvable,False
pp_nav_00532,pp_nav_00540,improvable,improvable,False
pp_nav_00532,taixing,improvable,improvable,True
pp_nav_00532,dantu,improvable,improvable,True
pp_nav_00532,jiangdu,improvable,improvable,True
pp_nav_00533,pp_nav_00539,navigable,navigable,False
pp_nav_00533,jurong,navigable,navigable,True
pp_nav_00533,shangyuan,navigable,navigable,True
pp_nav_00533,luhe,navigable,navigable,True
pp_nav_00533,dantu,navigable,navigable,True
pp_nav_00533,yangzi,navigable,navigable,True
pp_nav_00533,jiangdu,navigable,navigable,True
pp_nav_00534,ossabaw_sound,navigable,navigable,False
pp_nav_00534,tybee,navigable,navigable,True
pp_nav_00534,ossabaw,navigable,navigable,True
pp_nav_00535,yicheng,navigable,navigable,True
pp_nav_00535,pp_nav_00541,navigable,navigable,False
pp_nav_00535,xiangyang,navigable,navigable,True
pp_nav_00535,fancheng,navigable,navigable,True
pp_nav_00535,gucheng,navigable,navigable,True
pp_nav_00536,pp_nav_00545,navigable,navigable,False
pp_nav_00536,tensas,navigable,navigable,True
pp_nav_00536,catahoula,navigable,navigable,True
pp_nav_00537,pp_nav_00542,improvable,improvable,False
pp_nav_00537,danyang,improvable,improvable,True
pp_nav_00537,dantu,improvable,improvable,True
pp_nav_00537,wujin,improvable,improvable,True
pp_nav_00538,pp_nav_00543,navigable,difficult,False
pp_nav_00538,abdas,navigable,difficult,True
pp_nav_00538,al_madar,navigable,difficult,True
pp_nav_00538,al_tib,navigable,difficult,True
pp_nav_00538,wasit,navigable,difficult,True
pp_nav_00539,pp_nav_00546,navigable,navigable,False
pp_nav_00539,wujiang_yingtian,navigable,navigable,True
pp_nav_00539,shangyuan,navigable,navigable,True
pp_nav_00539,jiangning,navigable,navigable,True
pp_nav_00539,hezhou_he,navigable,navigable,True
pp_nav_00539,dangtu,navigable,navigable,True
pp_nav_00540,taixing,navigable,navigable,True
pp_nav_00540,yantze_estuary,navigable,navigable,False
pp_nav_00540,dantu,navigable,navigable,True
pp_nav_00540,jiangyin,navigable,navigable,True
pp_nav_00540,wujin,navigable,navigable,True
pp_nav_00541,yicheng,navigable,navigable,True
pp_nav_00541,pp_nav_00550,navigable,navigable,False
pp_nav_00541,xiangyang,navigable,navigable,True
pp_nav_00541,fengle,navigable,navigable,True
pp_nav_00542,pp_nav_00552,navigable,navigable,False
pp_nav_00542,wuxian,navigable,navigable,True
pp_nav_00542,wuxi,navigable,navigable,True
pp_nav_00542,wujin,navigable,navigable,True
pp_nav_00543,pp_nav_00554,navigable,difficult,False
pp_nav_00543,abdas,navigable,difficult,True
pp_nav_00543,al_madar,navigable,difficult,True
pp_nav_00544,pp_nav_00551,navigable,navigable,False
pp_nav_00544,kisatchie,navigable,navigable,True
pp_nav_00544,calcasieu,navigable,navigable,True
pp_nav_00545,pp_nav_00551,navigable,navigable,False
pp_nav_00545,pp_nav_00555,navigable,navigable,False
pp_nav_00545,opelousa,navigable,navigable,True
pp_nav_00545,catahoula,navigable,navigable,True
pp_nav_00546,pp_nav_00557,navigable,navigable,False
pp_nav_00546,tongling,navigable,navigable,True
pp_nav_00546,hezhou_he,navigable,navigable,True
pp_nav_00546,fanchang,navigable,navigable,True
pp_nav_00546,wuwei,navigable,navigable,True
pp_nav_00546,wuhu,navigable,navigable,True
pp_nav_00546,dangtu,navigable,navigable,True
pp_nav_00547,pp_nav_00556,navigable,difficult,False
pp_nav_00547,gugera,navigable,difficult,True
pp_nav_00547,virkgarh,navigable,difficult,True
pp_nav_00547,talwandi,navigable,difficult,True
pp_nav_00547,lahore,navigable,difficult,True
pp_nav_00548,rosetta_mouth,navigable,navigable,False
pp_nav_00548,pp_nav_00561,navigable,navigable,False
pp_nav_00548,rashid,navigable,navigable,True
pp_nav_00548,damanhur,navigable,navigable,True
pp_nav_00548,el_burullus,navigable,navigable,True
pp_nav_00548,el_mahalla,navigable,navigable,True
pp_nav_00548,menouf,navigable,navigable,True
pp_nav_00548,fuwa,navigable,navigable,True
pp_nav_00549,pp_nav_00563,navigable,navigable,False
pp_nav_00549,damietta,navigable,navigable,True
pp_nav_00549,mansoura,navigable,navigable,True
pp_nav_00549,samanoud,navigable,navigable,True
pp_nav_00549,dakahla,navigable,navigable,True
pp_nav_00550,pp_nav_00567,navigable,navigable,False
pp_nav_00550,jingling,navigable,navigable,True
pp_nav_00550,shayang,navigable,navigable,True
pp_nav_00550,fengle,navigable,navigable,True
pp_nav_00550,zhongxiang,navigable,navigable,True
pp_nav_00550,shipai,navigable,navigable,True
pp_nav_00551,kisatchie,navigable,navigable,True
pp_nav_00551,opelousa,navigable,navigable,True
pp_nav_00551,catahoula,navigable,navigable,True
pp_nav_00552,pp_nav_00569,navigable,navigable,False
pp_nav_00552,wuxian,navigable,navigable,True
pp_nav_00552,jiaxing,navigable,navigable,True
pp_nav_00552,wujiang,navigable,navigable,True
pp_nav_00553,pp_nav_00561,navigable,navigable,False
pp_nav_00553,rashid,navigable,navigable,True
pp_nav_00553,damanhur,navigable,navigable,True
pp_nav_00553,ramsis,navigable,navigable,True
pp_nav_00553,alexandria,navigable,navigable,True
pp_nav_00554,pp_nav_00572,navigable,navigable,False
pp_nav_00554,abdas,navigable,navigable,True
pp_nav_00554,al_madar,navigable,navigable,True
pp_nav_00554,basra,navigable,navigable,True
pp_nav_00554,muhammerah,navigable,navigable,True
pp_nav_00554,hoveyzeh,navigable,navigable,True
pp_nav_00555,pp_nav_00566,navigable,navigable,False
pp_nav_00555,opelousa,navigable,navigable,True
pp_nav_00555,itihumma,navigable,navigable,True
pp_nav_00556,pp_nav_00565,navigable,navigable,False
pp_nav_00556,gugera,navigable,navigable,True
pp_nav_00556,dijkot,navigable,navigable,True
pp_nav_00556,jaranwala,navigable,navigable,True
pp_nav_00556,talwandi,navigable,navigable,True
pp_nav_00556,chichawatni,navigable,navigable,True
pp_nav_00557,pp_nav_00568,navigable,navigable,False
pp_nav_00557,guichi,navigable,navigable,True
pp_nav_00557,tongling,navigable,navigable,True
pp_nav_00557,wuwei,navigable,navigable,True
pp_nav_00557,zongyang,navigable,navigable,True
pp_nav_00558,pp_nav_00559,improvable,improvable,False
pp_nav_00558,pp_nav_00560,improvable,improvable,False
pp_nav_00558,wushan,improvable,improvable,True
pp_nav_00558,badong,improvable,improvable,True
pp_nav_00558,fengjie,improvable,improvable,True
pp_nav_00559,pp_nav_00564,improvable,improvable,False
pp_nav_00559,badong,improvable,improvable,True
pp_nav_00559,zigui,improvable,improvable,True
pp_nav_00559,yiling,improvable,improvable,True
pp_nav_00560,pp_nav_00562,improvable,improvable,False
pp_nav_00560,fengjie,improvable,improvable,True
pp_nav_00560,yunyang,improvable,improvable,True
pp_nav_00561,pp_nav_00576,navigable,navigable,False
pp_nav_00561,damanhur,navigable,navigable,True
pp_nav_00561,tarrana,navigable,navigable,True
pp_nav_00561,ramsis,navigable,navigable,True
pp_nav_00561,menouf,navigable,navigable,True
pp_nav_00561,kharibta,navigable,navigable,True
pp_nav_00562,pp_nav_00577,navigable,navigable,False
pp_nav_00562,yunyang,navigable,navigable,True
pp_nav_00562,wanzhou,navigable,navigable,True
pp_nav_00563,pp_nav_00576,navigable,navigable,False
pp_nav_00563,mansoura,navigable,navigable,True
pp_nav_00563,qalyub,navigable,navigable,True
pp_nav_00563,menouf,navigable,navigable,True
pp_nav_00563,samanoud,navigable,navigable,True
pp_nav_00563,kafr_saqr,navigable,navigable,True
pp_nav_00564,pp_nav_00581,navigable,navigable,False
pp_nav_00564,songzi,navigable,navigable,True
pp_nav_00564,yidu,navigable,navigable,True
pp_nav_00564,yiling,navigable,navigable,True
pp_nav_00565,pp_nav_00575,navigable,navigable,False
pp_nav_00565,tulamba,navigable,navigable,True
pp_nav_00565,dijkot,navigable,navigable,True
pp_nav_00565,chichawatni,navigable,navigable,True
pp_nav_00565,kamalia,navigable,navigable,True
pp_nav_00566,pp_nav_00585,navigable,navigable,False
pp_nav_00566,atchafalaya,navigable,navigable,True
pp_nav_00566,opelousa,navigable,navigable,True
pp_nav_00566,itihumma,navigable,navigable,True
pp_nav_00567,pp_nav_00578,navigable,navigable,False
pp_nav_00567,qianjiang,navigable,navigable,True
pp_nav_00567,yusha,navigable,navigable,True
pp_nav_00567,jingling,navigable,navigable,True
pp_nav_00567,shayang,navigable,navigable,True
pp_nav_00568,pp_nav_00583,navigable,navigable,False
pp_nav_00568,huaining,navigable,navigable,True
pp_nav_00568,guichi,navigable,navigable,True
pp_nav_00568,dongliu,navigable,navigable,True
pp_nav_00568,wangjiang,navigable,navigable,True
pp_nav_00568,zongyang,navigable,navigable,True
pp_nav_00569,haining,navigable,navigable,True
pp_nav_00569,jiaxing,navigable,navigable,True
pp_nav_00569,hangzhou,navigable,navigable,True
pp_nav_00569,chongde,navigable,navigable,True
pp_nav_00570,pp_nav_00571,navigable,navigable,False
pp_nav_00570,pp_nav_00574,navigable,navigable,False
pp_nav_00570,pp_nav_00579,navigable,navigable,False
pp_nav_00570,hanyang,navigable,navigable,True
pp_nav_00570,huanggang,navigable,navigable,True
pp_nav_00570,jiangxia,navigable,navigable,True
pp_nav_00570,wuchang,navigable,navigable,True
pp_nav_00570,huangpi,navigable,navigable,True
pp_nav_00571,pp_nav_00578,navigable,navigable,False
pp_nav_00571,hanyang,navigable,navigable,True
pp_nav_00571,yusha,navigable,navigable,True
pp_nav_00571,jiangxia,navigable,navigable,True
pp_nav_00571,hanchuan,navigable,navigable,True
pp_nav_00572,pp_nav_00584,navigable,difficult,False
pp_nav_00572,basra,navigable,navigable,True
pp_nav_00572,abadan,navigable,navigable,True
pp_nav_00572,zuwayr,navigable,navigable,True
pp_nav_00572,muhammerah,navigable,navigable,True
pp_nav_00573,pp_nav_00575,navigable,navigable,False
pp_nav_00573,pp_nav_00580,navigable,navigable,False
pp_nav_00573,tulamba,navigable,navigable,True
pp_nav_00573,shorkot,navigable,navigable,True
pp_nav_00573,multan,navigable,navigable,True
pp_nav_00573,kamalia,navigable,navigable,True
pp_nav_00574,pp_nav_00587,navigable,navigable,False
pp_nav_00574,daye,navigable,navigable,True
pp_nav_00574,huanggang,navigable,navigable,True
pp_nav_00574,qishui,navigable,navigable,True
pp_nav_00574,wuchang,navigable,navigable,True
pp_nav_00575,tulamba,navigable,navigable,True
pp_nav_00575,kamalia,navigable,navigable,True
pp_nav_00576,pp_nav_00588,navigable,navigable,False
pp_nav_00576,giza,navigable,navigable,True
pp_nav_00576,tarrana,navigable,navigable,True
pp_nav_00576,qalyub,navigable,navigable,True
pp_nav_00576,menouf,navigable,navigable,True
pp_nav_00577,pp_nav_00590,navigable,navigable,False
pp_nav_00577,shizhu,navigable,navigable,True
pp_nav_00577,fengdu,navigable,navigable,True
pp_nav_00577,linjiang,navigable,navigable,True
pp_nav_00577,wanzhou,navigable,navigable,True
pp_nav_00578,yusha,navigable,navigable,True
pp_nav_00578,jingling,navigable,navigable,True
pp_nav_00578,hanchuan,navigable,navigable,True
pp_nav_00579,pp_nav_00589,navigable,navigable,False
pp_nav_00579,hanyang,navigable,navigable,True
pp_nav_00579,xindi,navigable,navigable,True
pp_nav_00579,jiangxia,navigable,navigable,True
pp_nav_00579,jinkou,navigable,navigable,True
pp_nav_00579,jiayu,navigable,navigable,True
pp_nav_00580,pp_nav_00594,navigable,navigable,False
pp_nav_00580,kot_addu,navigable,navigable,True
pp_nav_00580,multan,navigable,navigable,True
pp_nav_00581,pp_nav_00582,navigable,navigable,False
pp_nav_00581,jiangling,navigable,navigable,True
pp_nav_00581,songzi,navigable,navigable,True
pp_nav_00581,zhijiang,navigable,navigable,True
pp_nav_00581,yidu,navigable,navigable,True
pp_nav_00582,pp_nav_00592,navigable,navigable,False
pp_nav_00582,gongan,navigable,navigable,True
pp_nav_00582,jiangling,navigable,navigable,True
pp_nav_00582,zhijiang,navigable,navigable,True
pp_nav_00583,pp_nav_00596,navigable,navigable,False
pp_nav_00583,pengze,navigable,navigable,True
pp_nav_00583,dongliu,navigable,navigable,True
pp_nav_00583,susong,navigable,navigable,True
pp_nav_00583,wangjiang,navigable,navigable,True
pp_nav_00584,kuwait_bay,navigable,difficult,False
pp_nav_00584,abadan,navigable,difficult,True
pp_nav_00585,pp_nav_00591,navigable,navigable,False
pp_nav_00585,bulbancha,navigable,navigable,True
pp_nav_00585,atchafalaya,navigable,navigable,True
pp_nav_00585,itihumma,navigable,navigable,True
pp_nav_00586,pp_nav_00595,navigable,navigable,False
pp_nav_00586,qiantang_estuary,navigable,navigable,False
pp_nav_00586,xiaoshan,navigable,navigable,True
pp_nav_00586,fuyang_hangzhou,navigable,navigable,True
pp_nav_00586,hangzhou,navigable,navigable,True
pp_nav_00586,tonglu,navigable,navigable,True
pp_nav_00587,pp_nav_00597,navigable,navigable,False
pp_nav_00587,daye,navigable,navigable,True
pp_nav_00587,guangji,navigable,navigable,True
pp_nav_00587,qichun,navigable,navigable,True
pp_nav_00587,ruichang,navigable,navigable,True
pp_nav_00587,qishui,navigable,navigable,True
pp_nav_00587,yongxing_xingguo,navigable,navigable,True
pp_nav_00588,pp_nav_00603,navigable,difficult,False
pp_nav_00588,giza,navigable,navigable,True
pp_nav_00588,atfih,navigable,navigable,True
pp_nav_00588,beni_suef,navigable,navigable,True
pp_nav_00588,qalyub,navigable,navigable,True
pp_nav_00588,cairo,navigable,navigable,True
pp_nav_00589,pp_nav_00601,navigable,navigable,False
pp_nav_00589,linxiang,navigable,navigable,True
pp_nav_00589,xindi,navigable,navigable,True
pp_nav_00589,puqi,navigable,navigable,True
pp_nav_00589,jiayu,navigable,navigable,True
pp_nav_00590,pp_nav_00599,navigable,navigable,False
pp_nav_00590,fengdu,navigable,navigable,True
pp_nav_00590,fuzhou_sichuan,navigable,navigable,True
pp_nav_00591,pp_nav_00593,navigable,navigable,False
pp_nav_00591,bulbancha,navigable,navigable,True
pp_nav_00592,pp_nav_00600,navigable,navigable,False
pp_nav_00592,gongan,navigable,navigable,True
pp_nav_00592,jiangling,navigable,navigable,True
pp_nav_00592,shishou,navigable,navigable,True
pp_nav_00592,huarong,navigable,navigable,True
pp_nav_00592,jianli,navigable,navigable,True
pp_nav_00593,biloxi_bay,navigable,navigable,False
pp_nav_00593,bulbancha,navigable,navigable,True
pp_nav_00594,pp_nav_00605,navigable,navigable,False
pp_nav_00594,kot_addu,navigable,navigable,True
pp_nav_00594,uch,navigable,navigable,True
pp_nav_00594,sitpur,navigable,navigable,True
pp_nav_00594,multan,navigable,navigable,True
pp_nav_00594,jalalpur_pirwala,navigable,navigable,True
pp_nav_00595,lanxi,navigable,navigable,True
pp_nav_00595,jiande,navigable,navigable,True
pp_nav_00595,fuyang_hangzhou,navigable,navigable,True
pp_nav_00595,tonglu,navigable,navigable,True
pp_nav_00596,pp_nav_00597,navigable,navigable,False
pp_nav_00596,pp_nav_00602,navigable,navigable,False
pp_nav_00596,dehua_jiujiang,navigable,navigable,True
pp_nav_00596,huangmei,navigable,navigable,True
pp_nav_00596,hukou,navigable,navigable,True
pp_nav_00596,pengze,navigable,navigable,True
pp_nav_00596,susong,navigable,navigable,True
pp_nav_00597,dehua_jiujiang,navigable,navigable,True
pp_nav_00597,huangmei,navigable,navigable,True
pp_nav_00597,guangji,navigable,navigable,True
pp_nav_00597,ruichang,navigable,navigable,True
pp_nav_00598,pp_nav_00599,navigable,navigable,False
pp_nav_00598,banan,navigable,navigable,True
pp_nav_00598,bishan,navigable,navigable,True
pp_nav_00598,baxian,navigable,navigable,True
pp_nav_00599,banan,navigable,navigable,True
pp_nav_00599,changshou_changshou,navigable,navigable,True
pp_nav_00599,baxian,navigable,navigable,True
pp_nav_00599,fuzhou_sichuan,navigable,navigable,True
pp_nav_00600,pp_nav_00601,navigable,navigable,False
pp_nav_00600,pp_nav_00604,navigable,navigable,False
pp_nav_00600,baling,navigable,navigable,True
pp_nav_00600,huarong,navigable,navigable,True
pp_nav_00600,jianli,navigable,navigable,True
pp_nav_00601,baling,navigable,navigable,True
pp_nav_00601,linxiang,navigable,navigable,True
pp_nav_00601,xindi,navigable,navigable,True
pp_nav_00601,jianli,navigable,navigable,True
pp_nav_00602,pp_nav_00608,navigable,navigable,False
pp_nav_00602,duchang,navigable,navigable,True
pp_nav_00602,xinjian,navigable,navigable,True
pp_nav_00602,xingzi,navigable,navigable,True
pp_nav_00603,pp_nav_00607,navigable,difficult,False
pp_nav_00603,atfih,navigable,difficult,True
pp_nav_00603,beni_suef,navigable,difficult,True
pp_nav_00603,sharuna,navigable,difficult,True
pp_nav_00603,el_bahnasa,navigable,difficult,True
pp_nav_00604,pp_nav_00609,navigable,navigable,False
pp_nav_00604,baling,navigable,navigable,True
pp_nav_00604,xiangyin,navigable,navigable,True
pp_nav_00604,jianli,navigable,navigable,True
pp_nav_00605,pp_nav_00606,navigable,navigable,False
pp_nav_00605,derawar,navigable,navigable,True
pp_nav_00605,uch,navigable,navigable,True
pp_nav_00605,mithankot,navigable,navigable,True
pp_nav_00605,sitpur,navigable,navigable,True
pp_nav_00605,aror,navigable,navigable,True
pp_nav_00606,pp_nav_00610,navigable,navigable,False
pp_nav_00606,omerkot,navigable,navigable,True
pp_nav_00606,mithankot,navigable,navigable,True
pp_nav_00606,aror,navigable,navigable,True
pp_nav_00607,pp_nav_00613,navigable,difficult,False
pp_nav_00607,minya,navigable,difficult,True
pp_nav_00607,sharuna,navigable,difficult,True
pp_nav_00607,el_bahnasa,navigable,difficult,True
pp_nav_00607,tahna,navigable,difficult,True
pp_nav_00608,pp_nav_00612,navigable,navigable,False
pp_nav_00608,nanchang,navigable,navigable,True
pp_nav_00608,fengcheng_fengcheng,navigable,navigable,True
pp_nav_00608,xinjian,navigable,navigable,True
pp_nav_00609,pp_nav_00611,navigable,navigable,False
pp_nav_00609,xiangyin,navigable,navigable,True
pp_nav_00609,qiaokou,navigable,navigable,True
pp_nav_00610,pp_nav_00614,navigable,navigable,False
pp_nav_00610,omerkot,navigable,navigable,True
pp_nav_00610,kashmore,navigable,navigable,True
pp_nav_00610,ghotki,navigable,navigable,True
pp_nav_00610,aror,navigable,navigable,True
pp_nav_00611,xiangtan,navigable,navigable,True
pp_nav_00611,qiaokou,navigable,navigable,True
pp_nav_00611,changsha,navigable,navigable,True
pp_nav_00612,pp_nav_00615,navigable,navigable,False
pp_nav_00612,qingjiang,navigable,navigable,True
pp_nav_00612,fengcheng_fengcheng,navigable,navigable,True
pp_nav_00612,xingan_linjiang,navigable,navigable,True
pp_nav_00613,pp_nav_00618,navigable,difficult,False
pp_nav_00613,minya,navigable,difficult,True
pp_nav_00613,ashmunayn,navigable,difficult,True
pp_nav_00613,el_buwit,navigable,difficult,True
pp_nav_00613,tahna,navigable,difficult,True
pp_nav_00614,pp_nav_00616,navigable,navigable,False
pp_nav_00614,kashmore,navigable,navigable,True
pp_nav_00614,ghotki,navigable,navigable,True
pp_nav_00614,sukkur,navigable,navigable,True
pp_nav_00614,rohri,navigable,navigable,True
pp_nav_00615,pp_nav_00619,navigable,navigable,False
pp_nav_00615,jishui,navigable,navigable,True
pp_nav_00615,xingan_linjiang,navigable,navigable,True
pp_nav_00616,pp_nav_00617,navigable,navigable,False
pp_nav_00616,sukkur,navigable,navigable,True
pp_nav_00616,dubbi,navigable,navigable,True
pp_nav_00616,rohri,navigable,navigable,True
pp_nav_00617,pp_nav_00621,navigable,navigable,False
pp_nav_00617,kandiaro,navigable,navigable,True
pp_nav_00617,shadodkot,navigable,navigable,True
pp_nav_00617,sukkur,navigable,navigable,True
pp_nav_00617,dubbi,navigable,navigable,True
pp_nav_00618,pp_nav_00620,navigable,difficult,False
pp_nav_00618,manfalut,navigable,difficult,True
pp_nav_00618,ashmunayn,navigable,difficult,True
pp_nav_00618,el_buwit,navigable,difficult,True
pp_nav_00618,asyut,navigable,difficult,True
pp_nav_00619,luling,navigable,navigable,True
pp_nav_00619,pp_nav_00624,improvable,improvable,False
pp_nav_00619,taihe_taihe,navigable,navigable,True
pp_nav_00619,futian,navigable,navigable,True
pp_nav_00619,jishui,navigable,navigable,True
pp_nav_00620,pp_nav_00625,navigable,difficult,False
pp_nav_00620,el_balyana,navigable,difficult,True
pp_nav_00620,el_buwit,navigable,difficult,True
pp_nav_00620,asyut,navigable,difficult,True
pp_nav_00620,akhmim,navigable,difficult,True
pp_nav_00621,pp_nav_00626,navigable,navigable,False
pp_nav_00621,kandiaro,navigable,navigable,True
pp_nav_00621,sehwan,navigable,navigable,True
pp_nav_00621,paat,navigable,navigable,True
pp_nav_00622,pp_nav_00623,navigable,navigable,False
pp_nav_00622,agra,navigable,navigable,True
pp_nav_00622,etawah,navigable,navigable,True
pp_nav_00622,chandwar,navigable,navigable,True
pp_nav_00623,pp_nav_00628,navigable,navigable,False
pp_nav_00623,etawah,navigable,navigable,True
pp_nav_00623,konch,navigable,navigable,True
pp_nav_00624,pp_nav_00629,improvable,improvable,False
pp_nav_00624,taihe_taihe,improvable,improvable,True
pp_nav_00624,wanan,improvable,improvable,True
pp_nav_00625,pp_nav_00634,navigable,difficult,False
pp_nav_00625,qena,navigable,difficult,True
pp_nav_00625,hiw,navigable,difficult,True
pp_nav_00625,el_balyana,navigable,difficult,True
pp_nav_00625,akhmim,navigable,difficult,True
pp_nav_00626,pp_nav_00636,navigable,navigable,False
pp_nav_00626,kandiaro,navigable,navigable,True
pp_nav_00626,ranikot,navigable,navigable,True
pp_nav_00626,sehwan,navigable,navigable,True
pp_nav_00626,moro_sindh,navigable,navigable,True
pp_nav_00627,minqing,improvable,improvable,True
pp_nav_00627,pp_nav_00630,improvable,improvable,False
pp_nav_00627,nanping,improvable,improvable,True
pp_nav_00627,youxi,improvable,improvable,True
pp_nav_00627,gutian,improvable,improvable,True
pp_nav_00628,pp_nav_00635,navigable,difficult,False
pp_nav_00628,kalpi,navigable,navigable,True
pp_nav_00628,makanpur,navigable,navigable,True
pp_nav_00628,etawah,navigable,navigable,True
pp_nav_00628,konch,navigable,navigable,True
pp_nav_00628,korra,navigable,navigable,True
pp_nav_00629,ganxian,improvable,improvable,True
pp_nav_00629,wanan,improvable,improvable,True
pp_nav_00630,minqing,navigable,navigable,True
pp_nav_00630,pp_nav_00638,navigable,navigable,False
pp_nav_00630,changle_fujian,navigable,navigable,True
pp_nav_00630,houguan,navigable,navigable,True
pp_nav_00630,minxian,navigable,navigable,True
pp_nav_00631,pp_nav_00632,navigable,navigable,False
pp_nav_00631,pp_nav_00637,navigable,navigable,False
pp_nav_00631,dhubri,navigable,navigable,True
pp_nav_00631,barpeta,navigable,navigable,True
pp_nav_00631,goalpara,navigable,navigable,True
pp_nav_00631,bijni,navigable,navigable,True
pp_nav_00632,guwahati,navigable,navigable,True
pp_nav_00632,barpeta,navigable,navigable,True
pp_nav_00632,goalpara,navigable,navigable,True
pp_nav_00632,hajo,navigable,navigable,True
pp_nav_00632,durjaya,navigable,navigable,True
pp_nav_00633,pp_nav_00634,navigable,difficult,False
pp_nav_00633,pp_nav_00639,navigable,difficult,False
pp_nav_00633,qus,navigable,difficult,True
pp_nav_00633,qena,navigable,difficult,True
pp_nav_00633,hiw,navigable,difficult,True
pp_nav_00634,qena,navigable,difficult,True
pp_nav_00634,hiw,navigable,difficult,True
pp_nav_00635,pp_nav_00640,navigable,difficult,False
pp_nav_00635,kalpi,navigable,difficult,True
pp_nav_00635,rath,navigable,difficult,True
pp_nav_00635,asni,navigable,difficult,True
pp_nav_00635,korra,navigable,difficult,True
pp_nav_00635,banda,navigable,difficult,True
pp_nav_00636,pp_nav_00646,navigable,navigable,False
pp_nav_00636,naserpur,navigable,navigable,True
pp_nav_00636,hala,navigable,navigable,True
pp_nav_00636,kotri,navigable,navigable,True
pp_nav_00636,ranikot,navigable,navigable,True
pp_nav_00636,moro_sindh,navigable,navigable,True
pp_nav_00637,pp_nav_00645,navigable,navigable,False
pp_nav_00637,dhubri,navigable,navigable,True
pp_nav_00637,rangpur_bengal,navigable,navigable,True
pp_nav_00637,dura,navigable,navigable,True
pp_nav_00637,kamatapur,navigable,navigable,True
pp_nav_00637,goalpara,navigable,navigable,True
pp_nav_00638,sansha_bay,navigable,navigable,False
pp_nav_00638,changle_fujian,navigable,navigable,True
pp_nav_00638,minxian,navigable,navigable,True
pp_nav_00639,pp_nav_00652,navigable,difficult,False
pp_nav_00639,qus,navigable,difficult,True
pp_nav_00639,hiw,navigable,difficult,True
pp_nav_00639,esna,navigable,difficult,True
pp_nav_00640,pp_nav_00651,navigable,difficult,False
pp_nav_00640,kara,navigable,difficult,True
pp_nav_00640,prayag,navigable,difficult,True
pp_nav_00640,asni,navigable,difficult,True
pp_nav_00640,chitrakuta,navigable,difficult,True
pp_nav_00640,banda,navigable,difficult,True
pp_nav_00641,pp_nav_00642,navigable,difficult,False
pp_nav_00641,pp_nav_00643,navigable,difficult,False
pp_nav_00641,arrah,navigable,difficult,True
pp_nav_00641,ballia,navigable,difficult,True
pp_nav_00641,ghazipur,navigable,difficult,True
pp_nav_00641,buxar,navigable,difficult,True
pp_nav_00642,pp_nav_00644,navigable,difficult,False
pp_nav_00642,arrah,navigable,difficult,True
pp_nav_00642,sonepur_bihar,navigable,difficult,True
pp_nav_00642,patna,navigable,difficult,True
pp_nav_00642,hajipur,navigable,difficult,True
pp_nav_00643,pp_nav_00648,navigable,difficult,False
pp_nav_00643,chunar,navigable,difficult,True
pp_nav_00643,ghazipur,navigable,difficult,True
pp_nav_00643,buxar,navigable,difficult,True
pp_nav_00644,pp_nav_00649,navigable,difficult,False
pp_nav_00644,samastipur,navigable,difficult,True
pp_nav_00644,bihar_sharif,navigable,difficult,True
pp_nav_00644,patna,navigable,difficult,True
pp_nav_00644,hajipur,navigable,difficult,True
pp_nav_00645,pp_nav_00658,navigable,navigable,False
pp_nav_00645,muktagacha,navigable,navigable,True
pp_nav_00645,rangpur_bengal,navigable,navigable,True
pp_nav_00645,dura,navigable,navigable,True
pp_nav_00646,pp_nav_00657,navigable,navigable,False
pp_nav_00646,naserpur,navigable,navigable,True
pp_nav_00646,thatta,navigable,navigable,True
pp_nav_00646,kotri,navigable,navigable,True
pp_nav_00646,sonda,navigable,navigable,True
pp_nav_00647,pp_nav_00651,navigable,difficult,False
pp_nav_00647,pp_nav_00653,navigable,difficult,False
pp_nav_00647,prayag,navigable,difficult,True
pp_nav_00647,shankargah,navigable,difficult,True
pp_nav_00647,bhadohi,navigable,difficult,True
pp_nav_00648,pp_nav_00656,navigable,difficult,False
pp_nav_00648,chunar,navigable,difficult,True
pp_nav_00648,varanasi,navigable,difficult,True
pp_nav_00648,ghazipur,navigable,difficult,True
pp_nav_00648,jaunpur,navigable,difficult,True
pp_nav_00649,khagaria,navigable,difficult,True
pp_nav_00649,pp_nav_00654,navigable,difficult,False
pp_nav_00649,samastipur,navigable,difficult,True
pp_nav_00649,monghyr,navigable,difficult,True
pp_nav_00649,bihar_sharif,navigable,difficult,True
pp_nav_00650,khagaria,navigable,navigable,True
pp_nav_00650,pp_nav_00654,navigable,difficult,False
pp_nav_00650,pp_nav_00655,navigable,navigable,False
pp_nav_00650,bhagalpur,navigable,navigable,True
pp_nav_00650,purnia,navigable,navigable,True
pp_nav_00650,katihar,navigable,navigable,True
pp_nav_00650,teliagarhi,navigable,navigable,True
pp_nav_00651,prayag,navigable,difficult,True
pp_nav_00651,shankargah,navigable,difficult,True
pp_nav_00651,chitrakuta,navigable,difficult,True
pp_nav_00652,pp_nav_00660,navigable,difficult,False
pp_nav_00652,esna,navigable,difficult,True
pp_nav_00652,edfu,navigable,difficult,True
pp_nav_00653,pp_nav_00656,navigable,difficult,False
pp_nav_00653,varanasi,navigable,difficult,True
pp_nav_00653,kantit,navigable,difficult,True
pp_nav_00653,shankargah,navigable,difficult,True
pp_nav_00653,bhadohi,navigable,difficult,True
pp_nav_00654,khagaria,navigable,difficult,True
pp_nav_00654,bhagalpur,navigable,difficult,True
pp_nav_00654,monghyr,navigable,difficult,True
pp_nav_00655,pp_nav_00661,navigable,difficult,False
pp_nav_00655,jangipur,navigable,navigable,True
pp_nav_00655,gaur,navigable,navigable,True
pp_nav_00655,katihar,navigable,navigable,True
pp_nav_00655,teliagarhi,navigable,navigable,True
pp_nav_00655,rajmahal,navigable,navigable,True
pp_nav_00656,chunar,navigable,difficult,True
pp_nav_00656,varanasi,navigable,difficult,True
pp_nav_00656,kantit,navigable,difficult,True
pp_nav_00657,pp_nav_00662,navigable,navigable,False
pp_nav_00657,muhammad_tur,navigable,navigable,True
pp_nav_00657,thatta,navigable,navigable,True
pp_nav_00657,laribandar,navigable,navigable,True
pp_nav_00657,sonda,navigable,navigable,True
pp_nav_00658,pp_nav_00666,navigable,navigable,False
pp_nav_00658,atiya,navigable,navigable,True
pp_nav_00658,muktagacha,navigable,navigable,True
pp_nav_00658,shahjadpur,navigable,navigable,True
pp_nav_00658,bogra,navigable,navigable,True
pp_nav_00659,pp_nav_00665,navigable,navigable,False
pp_nav_00659,mengli,navigable,navigable,True
pp_nav_00659,yingde,navigable,navigable,True
pp_nav_00659,qujiang,navigable,navigable,True
pp_nav_00660,pp_nav_00668,navigable,difficult,False
pp_nav_00660,aswan,navigable,difficult,True
pp_nav_00660,kom_ombo,navigable,difficult,True
pp_nav_00660,edfu,navigable,difficult,True
pp_nav_00661,pp_nav_00667,navigable,difficult,False
pp_nav_00661,jangipur,navigable,difficult,True
pp_nav_00661,chandrabad,navigable,difficult,True
pp_nav_00661,gaur,navigable,difficult,True
pp_nav_00662,muhammad_tur,navigable,navigable,True
pp_nav_00662,indian_coast7,navigable,navigable,False
pp_nav_00662,laribandar,navigable,navigable,True
pp_nav_00663,pp_nav_00664,navigable,difficult,False
pp_nav_00663,mongyang,navigable,difficult,True
pp_nav_00663,shwegu,navigable,difficult,True
pp_nav_00663,manmaw,navigable,difficult,True
pp_nav_00664,pp_nav_00669,navigable,difficult,False
pp_nav_00664,mongyang,navigable,difficult,True
pp_nav_00664,shwegu,navigable,difficult,True
pp_nav_00664,htigyaing,navigable,difficult,True
pp_nav_00664,katha,navigable,difficult,True
pp_nav_00665,pp_nav_00671,navigable,navigable,False
pp_nav_00665,hanguang,navigable,navigable,True
pp_nav_00665,yingde,navigable,navigable,True
pp_nav_00665,qingyuan,navigable,navigable,True
pp_nav_00666,pp_nav_00672,navigable,navigable,False
pp_nav_00666,atiya,navigable,navigable,True
pp_nav_00666,pabna,navigable,navigable,True
pp_nav_00666,fathabad,navigable,navigable,True
pp_nav_00666,shahjadpur,navigable,navigable,True
pp_nav_00666,savar,navigable,navigable,True
pp_nav_00666,bikrampur,navigable,navigable,True
pp_nav_00667,pp_nav_00673,navigable,difficult,False
pp_nav_00667,dubrajpur,navigable,difficult,True
pp_nav_00667,chandrabad,navigable,difficult,True
pp_nav_00667,baragram,navigable,difficult,True
pp_nav_00667,ilambazar,navigable,difficult,True
pp_nav_00667,nadia,navigable,difficult,True
pp_nav_00668,aswan,navigable,difficult,True
pp_nav_00669,pp_nav_00674,navigable,difficult,False
pp_nav_00669,shwegu,navigable,navigable,True
pp_nav_00669,htigyaing,navigable,navigable,True
pp_nav_00669,wuntho,navigable,navigable,True
pp_nav_00669,takawng,navigable,navigable,True
pp_nav_00670,pp_nav_00672,navigable,difficult,False
pp_nav_00670,indian_coast63,navigable,difficult,False
pp_nav_00670,chandpur,navigable,difficult,True
pp_nav_00670,qasba,navigable,difficult,True
pp_nav_00670,sonargaon,navigable,difficult,True
pp_nav_00670,bikrampur,navigable,difficult,True
pp_nav_00671,pp_nav_00676,improvable,improvable,False
pp_nav_00671,sanshui,navigable,navigable,True
pp_nav_00671,qingyuan,navigable,navigable,True
pp_nav_00671,sihui,navigable,navigable,True
pp_nav_00672,qasba,navigable,navigable,True
pp_nav_00672,fathabad,navigable,navigable,True
pp_nav_00672,bikrampur,navigable,navigable,True
pp_nav_00673,pp_nav_00678,navigable,difficult,False
pp_nav_00673,pandua,navigable,difficult,True
pp_nav_00673,nadia,navigable,difficult,True
pp_nav_00674,pp_nav_00681,navigable,difficult,False
pp_nav_00674,moksobo,navigable,difficult,True
pp_nav_00674,ngasingu,navigable,difficult,True
pp_nav_00674,myedu,navigable,difficult,True
pp_nav_00674,wuntho,navigable,difficult,True
pp_nav_00674,takawng,navigable,difficult,True
pp_nav_00675,duanxi,navigable,difficult,True
pp_nav_00675,cangwu,navigable,difficult,True
pp_nav_00675,pp_nav_00677,improvable,improvable,False
pp_nav_00675,rongcheng,navigable,difficult,True
pp_nav_00675,fengchuan,navigable,difficult,True
pp_nav_00675,ducheng,navigable,difficult,True
pp_nav_00676,pp_nav_00677,improvable,improvable,False
pp_nav_00676,pp_nav_00679,improvable,improvable,False
pp_nav_00676,gaoyao,improvable,improvable,True
pp_nav_00676,nanhai,improvable,improvable,True
pp_nav_00676,sanshui,improvable,improvable,True
pp_nav_00676,sihui,improvable,improvable,True
pp_nav_00677,duanxi,improvable,improvable,True
pp_nav_00677,gaoyao,improvable,improvable,True
pp_nav_00677,jinkang,improvable,improvable,True
pp_nav_00677,ducheng,improvable,improvable,True
pp_nav_00678,pp_nav_00682,navigable,difficult,False
pp_nav_00678,pandua,navigable,difficult,True
pp_nav_00678,satgaon,navigable,difficult,True
pp_nav_00678,husaynabad,navigable,difficult,True
pp_nav_00679,pearl_river_delta,navigable,difficult,False
pp_nav_00679,nanhai,navigable,difficult,True
pp_nav_00679,shunde,navigable,difficult,True
pp_nav_00679,panyu,navigable,difficult,True
pp_nav_00680,indian_coast60,navigable,difficult,False
pp_nav_00680,tamluk,navigable,difficult,True
pp_nav_00680,satgaon,navigable,difficult,True
pp_nav_00681,pp_nav_00683,navigable,difficult,False
pp_nav_00681,moksobo,navigable,difficult,True
pp_nav_00681,sagaing,navigable,difficult,True
pp_nav_00681,ngasingu,navigable,difficult,True
pp_nav_00681,wetwin,navigable,difficult,True
pp_nav_00682,indian_coast60,navigable,difficult,False
pp_nav_00682,satgaon,navigable,difficult,True
pp_nav_00682,kulpi,navigable,difficult,True
pp_nav_00682,husaynabad,navigable,difficult,True
pp_nav_00683,pp_nav_00684,navigable,difficult,False
pp_nav_00683,sagaing,navigable,difficult,True
pp_nav_00683,amyint,navigable,difficult,True
pp_nav_00683,wetwin,navigable,difficult,True
pp_nav_00683,pinya,navigable,difficult,True
pp_nav_00684,pagan,navigable,difficult,True
pp_nav_00684,saw,navigable,difficult,True
pp_nav_00684,pp_nav_00685,navigable,difficult,False
pp_nav_00684,amyint,navigable,difficult,True
pp_nav_00684,pakokku,navigable,difficult,True
pp_nav_00684,talok,navigable,difficult,True
pp_nav_00684,pinya,navigable,difficult,True
pp_nav_00685,pagan,navigable,difficult,True
pp_nav_00685,saw,navigable,difficult,True
pp_nav_00685,pp_nav_00687,navigable,difficult,False
pp_nav_00685,salay,navigable,difficult,True
pp_nav_00685,salin,navigable,difficult,True
pp_nav_00686,pp_nav_00688,navigable,difficult,False
pp_nav_00686,thien_truong,navigable,difficult,True
pp_nav_00686,thang_long,navigable,difficult,True
pp_nav_00686,khoai_chau,navigable,difficult,True
pp_nav_00686,vu_ninh,navigable,difficult,True
pp_nav_00686,bo_hai_khau,navigable,difficult,True
pp_nav_00686,thai_binh,navigable,difficult,True
pp_nav_00687,pp_nav_00689,navigable,difficult,False
pp_nav_00687,salay,navigable,difficult,True
pp_nav_00687,sagu,navigable,difficult,True
pp_nav_00687,salin,navigable,difficult,True
pp_nav_00687,magway,navigable,difficult,True
pp_nav_00688,red_river_delta,navigable,difficult,False
pp_nav_00688,thien_truong,navigable,difficult,True
pp_nav_00688,bo_hai_khau,navigable,difficult,True
pp_nav_00689,thayet,navigable,difficult,True
pp_nav_00689,pp_nav_00690,navigable,difficult,False
pp_nav_00689,sagu,navigable,difficult,True
pp_nav_00689,taungdwingyi,navigable,difficult,True
pp_nav_00689,myede,navigable,difficult,True
pp_nav_00689,magway,navigable,difficult,True
pp_nav_00690,thayet,navigable,difficult,True
pp_nav_00690,pp_nav_00691,navigable,difficult,False
pp_nav_00690,pyay,navigable,difficult,True
pp_nav_00690,mindon,navigable,difficult,True
pp_nav_00690,myede,navigable,difficult,True
pp_nav_00691,pp_nav_00692,navigable,difficult,False
pp_nav_00691,myanaung,navigable,difficult,True
pp_nav_00691,paungde,navigable,difficult,True
pp_nav_00691,pyay,navigable,difficult,True
pp_nav_00691,mindon,navigable,difficult,True
pp_nav_00692,pp_nav_00693,navigable,difficult,False
pp_nav_00692,myanaung,navigable,difficult,True
pp_nav_00692,paungde,navigable,difficult,True
pp_nav_00692,tharrawaddy,navigable,difficult,True
pp_nav_00693,pp_nav_00694,navigable,difficult,False
pp_nav_00693,hmawbi,navigable,difficult,True
pp_nav_00693,tharrawaddy,navigable,difficult,True
pp_nav_00694,hmawbi,navigable,difficult,True
pp_nav_00694,dala,navigable,difficult,True
pp_nav_00694,dagon,navigable,difficult,True
pp_nav_00694,gulf_martaban,navigable,difficult,False
pp_nav_00694,twante,navigable,difficult,True
pp_nav_00694,thanlyin,navigable,difficult,True
pp_nav_00695,pp_nav_00696,navigable,difficult,False
pp_nav_00695,pp_nav_00697,navigable,difficult,False
pp_nav_00695,bamba,navigable,difficult,True
pp_nav_00695,bourem,navigable,difficult,True
pp_nav_00696,pp_nav_00699,navigable,difficult,False
pp_nav_00696,bourem,navigable,difficult,True
pp_nav_00696,tondibi,navigable,difficult,True
pp_nav_00697,pp_nav_00698,navigable,difficult,False
pp_nav_00697,bamba,navigable,difficult,True
pp_nav_00697,gourma_rharous,navigable,difficult,True
pp_nav_00698,pp_nav_00704,navigable,difficult,False
pp_nav_00698,goundam,navigable,difficult,True
pp_nav_00698,kabara,navigable,difficult,True
pp_nav_00698,timbuktu,navigable,difficult,True
pp_nav_00698,gourma_rharous,navigable,difficult,True
pp_nav_00699,gao,navigable,difficult,True
pp_nav_00699,tondibi,navigable,difficult,True
pp_nav_00700,pp_nav_00701,navigable,difficult,False
pp_nav_00700,pp_nav_00702,navigable,difficult,False
pp_nav_00700,walalde,navigable,difficult,True
pp_nav_00700,podor,navigable,difficult,True
pp_nav_00701,pp_nav_00706,navigable,difficult,False
pp_nav_00701,walalde,navigable,difficult,True
pp_nav_00701,golere,navigable,difficult,True
pp_nav_00701,sioure,navigable,difficult,True
pp_nav_00702,pp_nav_00703,navigable,difficult,False
pp_nav_00702,dagana,navigable,difficult,True
pp_nav_00702,podor,navigable,difficult,True
pp_nav_00702,rosso,navigable,difficult,True
pp_nav_00703,senegal_river_mouth,navigable,difficult,False
pp_nav_00703,dagana,navigable,difficult,True
pp_nav_00703,ndar,navigable,difficult,True
pp_nav_00703,rosso,navigable,difficult,True
pp_nav_00704,pp_nav_00707,navigable,difficult,False
pp_nav_00704,arlal,navigable,difficult,True
pp_nav_00704,goundam,navigable,difficult,True
pp_nav_00704,tindirma,navigable,difficult,True
pp_nav_00704,kabara,navigable,difficult,True
pp_nav_00705,pp_nav_00709,navigable,difficult,False
pp_nav_00705,chakangrao,navigable,difficult,True
pp_nav_00705,phayuhakhiri,navigable,difficult,True
pp_nav_00705,song_khwae,navigable,difficult,True
pp_nav_00705,sra_luang,navigable,difficult,True
pp_nav_00706,pp_nav_00708,navigable,difficult,False
pp_nav_00706,kaedi,navigable,difficult,True
pp_nav_00706,golere,navigable,difficult,True
pp_nav_00706,salde,navigable,difficult,True
pp_nav_00707,pp_nav_00710,navigable,difficult,False
pp_nav_00707,tindirma,navigable,difficult,True
pp_nav_00707,safare,navigable,difficult,True
pp_nav_00708,pp_nav_00711,navigable,difficult,False
pp_nav_00708,nguidjilone,navigable,difficult,True
pp_nav_00708,kaedi,navigable,difficult,True
pp_nav_00708,kanel,navigable,difficult,True
pp_nav_00708,matam,navigable,difficult,True
pp_nav_00708,salde,navigable,difficult,True
pp_nav_00709,pp_nav_00713,navigable,difficult,False
pp_nav_00709,chakangrao,navigable,difficult,True
pp_nav_00709,phayuhakhiri,navigable,difficult,True
pp_nav_00709,nakhon_sawan,navigable,difficult,True
pp_nav_00709,phraek,navigable,difficult,True
pp_nav_00710,pp_nav_00712,navigable,difficult,False
pp_nav_00710,dogo,navigable,difficult,True
pp_nav_00710,korientze,navigable,difficult,True
pp_nav_00710,safare,navigable,difficult,True
pp_nav_00711,pp_nav_00714,navigable,difficult,False
pp_nav_00711,maghana,navigable,difficult,True
pp_nav_00711,kanel,navigable,difficult,True
pp_nav_00711,matam,navigable,difficult,True
pp_nav_00711,waounde,navigable,difficult,True
pp_nav_00711,moudery,navigable,difficult,True
pp_nav_00712,pp_nav_00715,navigable,difficult,False
pp_nav_00712,pp_nav_00716,navigable,difficult,False
pp_nav_00712,sanga,navigable,difficult,True
pp_nav_00712,korientze,navigable,difficult,True
pp_nav_00713,pp_nav_00717,navigable,difficult,False
pp_nav_00713,phayuhakhiri,navigable,difficult,True
pp_nav_00713,lopburi,navigable,difficult,True
pp_nav_00713,chai_nat,navigable,difficult,True
pp_nav_00713,phraek,navigable,difficult,True
pp_nav_00714,maghana,navigable,difficult,True
pp_nav_00714,moudery,navigable,difficult,True
pp_nav_00714,bakel,navigable,difficult,True
pp_nav_00715,pp_nav_00716,navigable,difficult,False
pp_nav_00715,pp_nav_00718,navigable,difficult,False
pp_nav_00715,pp_nav_00719,navigable,difficult,False
pp_nav_00715,sanga,navigable,difficult,True
pp_nav_00716,sanga,navigable,difficult,True
pp_nav_00717,pp_nav_00721,navigable,difficult,False
pp_nav_00717,lopburi,navigable,difficult,True
pp_nav_00717,ayodhya,navigable,difficult,True
pp_nav_00718,pp_nav_00720,navigable,difficult,False
pp_nav_00718,dia,navigable,difficult,True
pp_nav_00718,sanga,navigable,difficult,True
pp_nav_00719,pp_nav_00723,navigable,difficult,False
pp_nav_00719,djenne,navigable,difficult,True
pp_nav_00719,dia,navigable,difficult,True
pp_nav_00719,sanga,navigable,difficult,True
pp_nav_00720,pp_nav_00722,navigable,difficult,False
pp_nav_00720,dia,navigable,difficult,True
pp_nav_00720,macina,navigable,difficult,True
pp_nav_00721,bight_ayodhya,navigable,difficult,False
pp_nav_00721,ayodhya,navigable,difficult,True
pp_nav_00722,pp_nav_00726,navigable,difficult,False
pp_nav_00722,segou,navigable,difficult,True
pp_nav_00722,macina,navigable,difficult,True
pp_nav_00722,sansanding,navigable,difficult,True
pp_nav_00723,djenne,navigable,difficult,True
pp_nav_00724,pp_nav_00727,navigable,difficult,False
pp_nav_00724,pp_nav_00728,navigable,difficult,False
pp_nav_00724,wanar,navigable,difficult,True
pp_nav_00724,sine_ngayene,navigable,difficult,True
pp_nav_00724,wassu,navigable,difficult,True
pp_nav_00725,pp_nav_00732,barrier,barrier,False
pp_nav_00725,sampheak_borak,barrier,barrier,True
pp_nav_00725,sandan,barrier,barrier,True
pp_nav_00725,stung_treng,barrier,barrier,True
pp_nav_00725,preah_ko,barrier,barrier,True
pp_nav_00726,segou,navigable,difficult,True
pp_nav_00727,gambia_river_mouth,navigable,difficult,False
pp_nav_00727,tankular,navigable,difficult,True
pp_nav_00727,sine_ngayene,navigable,difficult,True
pp_nav_00728,pp_nav_00729,navigable,difficult,False
pp_nav_00728,kabakama,navigable,difficult,True
pp_nav_00728,wassu,navigable,difficult,True
pp_nav_00729,pp_nav_00730,navigable,difficult,False
pp_nav_00729,sutuko,navigable,difficult,True
pp_nav_00729,kabakama,navigable,difficult,True
pp_nav_00730,sutuko,navigable,difficult,True
pp_nav_00731,pp_nav_00733,navigable,difficult,False
pp_nav_00731,pursat,navigable,difficult,True
pp_nav_00731,battambang,navigable,difficult,True
pp_nav_00731,angkor,navigable,difficult,True
pp_nav_00732,pp_nav_00735,improvable,improvable,False
pp_nav_00732,phnom_santuk,improvable,improvable,True
pp_nav_00732,sampheak_borak,improvable,improvable,True
pp_nav_00732,sandan,improvable,improvable,True
pp_nav_00732,kracheh,improvable,improvable,True
pp_nav_00733,pp_nav_00734,navigable,difficult,False
pp_nav_00733,longvek,navigable,difficult,True
pp_nav_00733,prasat_andet,navigable,difficult,True
pp_nav_00734,pp_nav_00737,navigable,difficult,False
pp_nav_00734,longvek,navigable,difficult,True
pp_nav_00734,phnom_penh,navigable,difficult,True
pp_nav_00734,indrapura_khmer,navigable,difficult,True
pp_nav_00734,prasat_andet,navigable,difficult,True
pp_nav_00735,pp_nav_00736,navigable,difficult,False
pp_nav_00735,srey_sarchhor,navigable,difficult,True
pp_nav_00735,phnom_santuk,navigable,difficult,True
pp_nav_00735,tboung_khmum,navigable,difficult,True
pp_nav_00735,indrapura_khmer,navigable,difficult,True
pp_nav_00735,kracheh,navigable,difficult,True
pp_nav_00736,pp_nav_00737,navigable,difficult,False
pp_nav_00736,srey_sarchhor,navigable,difficult,True
pp_nav_00736,indrapura_khmer,navigable,difficult,True
pp_nav_00737,pp_nav_00738,navigable,difficult,False
pp_nav_00737,srey_sarchhor,navigable,difficult,True
pp_nav_00737,phnom_penh,navigable,difficult,True
pp_nav_00737,indrapura_khmer,navigable,difficult,True
pp_nav_00738,pp_nav_00740,navigable,difficult,False
pp_nav_00738,srey_sarchhor,navigable,difficult,True
pp_nav_00738,vyadhapura,navigable,difficult,True
pp_nav_00738,phnom_penh,navigable,difficult,True
pp_nav_00739,santa_maria_bay,navigable,difficult,False
pp_nav_00739,pp_nav_00741,navigable,difficult,False
pp_nav_00739,mocana,navigable,difficult,True
pp_nav_00739,mahates,navigable,difficult,True
pp_nav_00739,kamach,navigable,difficult,True
pp_nav_00740,pp_nav_00742,navigable,difficult,False
pp_nav_00740,vyadhapura,navigable,difficult,True
pp_nav_00740,phsar_dek,navigable,difficult,True
pp_nav_00740,or_keo,navigable,difficult,True
pp_nav_00741,pp_nav_00743,navigable,difficult,False
pp_nav_00741,mahates,navigable,difficult,True
pp_nav_00741,kamach,navigable,difficult,True
pp_nav_00741,one,navigable,difficult,True
pp_nav_00741,zarate,navigable,difficult,True
pp_nav_00742,pp_nav_00744,navigable,difficult,False
pp_nav_00742,srok_khleang,navigable,difficult,True
pp_nav_00742,phsar_dek,navigable,difficult,True
pp_nav_00742,or_keo,navigable,difficult,True
pp_nav_00743,pp_nav_00745,navigable,difficult,False
pp_nav_00743,one,navigable,difficult,True
pp_nav_00743,mompoj,navigable,difficult,True
pp_nav_00743,zarate,navigable,difficult,True
pp_nav_00744,north_mekong_delta,navigable,difficult,False
pp_nav_00744,srok_khleang,navigable,difficult,True
pp_nav_00744,phsar_dek,navigable,difficult,True
pp_nav_00745,pp_nav_00746,navigable,difficult,False
pp_nav_00745,norosi,navigable,difficult,True
pp_nav_00745,mompoj,navigable,difficult,True
pp_nav_00746,pp_nav_00748,navigable,difficult,False
pp_nav_00746,tamalameque,navigable,difficult,True
pp_nav_00746,curumanao,navigable,difficult,True
pp_nav_00746,simiti,navigable,difficult,True
pp_nav_00746,norosi,navigable,difficult,True
pp_nav_00746,mompoj,navigable,difficult,True
pp_nav_00747,pp_nav_00749,navigable,difficult,False
pp_nav_00747,pp_nav_00750,navigable,difficult,False
pp_nav_00747,uyapari,navigable,difficult,True
pp_nav_00747,orinucu,navigable,difficult,True
pp_nav_00748,pp_nav_00753,navigable,difficult,False
pp_nav_00748,simiti,navigable,difficult,True
pp_nav_00748,norosi,navigable,difficult,True
pp_nav_00749,pp_nav_00751,navigable,difficult,False
pp_nav_00749,caroni,navigable,difficult,True
pp_nav_00749,cachamay,navigable,difficult,True
pp_nav_00749,uyapari,navigable,difficult,True
pp_nav_00749,guanipa,navigable,difficult,True
pp_nav_00750,grande_mouth,navigable,difficult,False
pp_nav_00750,orinucu,navigable,difficult,True
pp_nav_00751,caroni,navigable,difficult,True
pp_nav_00751,cachamay,navigable,difficult,True
pp_nav_00752,pp_nav_00754,navigable,difficult,False
pp_nav_00752,idah,navigable,difficult,True
pp_nav_00752,lokoja,navigable,difficult,True
pp_nav_00753,pp_nav_00755,navigable,difficult,False
pp_nav_00753,macaregua,navigable,difficult,True
pp_nav_00753,simiti,navigable,difficult,True
pp_nav_00753,yolombo,navigable,difficult,True
pp_nav_00754,pp_nav_00757,navigable,difficult,False
pp_nav_00754,ugbodu,navigable,difficult,True
pp_nav_00754,idah,navigable,difficult,True
pp_nav_00754,ukunzu,navigable,difficult,True
pp_nav_00755,chipata,navigable,difficult,True
pp_nav_00755,pp_nav_00756,navigable,difficult,False
pp_nav_00755,yolombo,navigable,difficult,True
pp_nav_00756,chipata,navigable,difficult,True
pp_nav_00756,pp_nav_00758,navigable,difficult,False
pp_nav_00756,yacupipizote,navigable,difficult,True
pp_nav_00756,pantagoras,navigable,difficult,True
pp_nav_00756,ondaimas,navigable,difficult,True
pp_nav_00756,yolombo,navigable,difficult,True
pp_nav_00757,pp_nav_00759,navigable,difficult,False
pp_nav_00757,nnewi,navigable,difficult,True
pp_nav_00757,ugbodu,navigable,difficult,True
pp_nav_00757,ozoro,navigable,difficult,True
pp_nav_00757,ukunzu,navigable,difficult,True
pp_nav_00757,onitsha,navigable,difficult,True
pp_nav_00758,yacupipizote,navigable,difficult,True
pp_nav_00758,ondaimas,navigable,difficult,True
pp_nav_00759,pp_nav_00760,navigable,difficult,False
pp_nav_00759,azia,navigable,difficult,True
pp_nav_00759,nnewi,navigable,difficult,True
pp_nav_00759,warri,navigable,difficult,True
pp_nav_00759,ozoro,navigable,difficult,True
pp_nav_00760,pp_nav_00761,navigable,difficult,False
pp_nav_00760,warri,navigable,difficult,True
pp_nav_00760,cabo_formoso,navigable,difficult,True
pp_nav_00760,brass,navigable,difficult,True
pp_nav_00761,west_niger_mouth,navigable,difficult,False
pp_nav_00761,cabo_formoso,navigable,difficult,True
pp_nav_00761,brass,navigable,difficult,True
pp_nav_00762,pp_nav_00764,navigable,difficult,False
pp_nav_00762,dharmasraya,navigable,difficult,True
pp_nav_00763,jambi,navigable,difficult,True
pp_nav_00763,pp_nav_00766,navigable,difficult,False
pp_nav_00763,kaya_bay,navigable,difficult,False
pp_nav_00763,muara_sabak,navigable,difficult,True
pp_nav_00764,pp_nav_00765,navigable,difficult,False
pp_nav_00764,sungai_jujuhan,navigable,difficult,True
pp_nav_00764,dharmasraya,navigable,difficult,True
pp_nav_00764,batang_tebo,navigable,difficult,True
pp_nav_00765,pp_nav_00769,navigable,difficult,False
pp_nav_00765,sungai_jujuhan,navigable,difficult,True
pp_nav_00765,batang_tabir,navigable,difficult,True
pp_nav_00765,batang_tembesi,navigable,difficult,True
pp_nav_00765,batang_tebo,navigable,difficult,True
pp_nav_00766,jambi,navigable,difficult,True
pp_nav_00766,pp_nav_00769,navigable,difficult,False
pp_nav_00766,batang_tembesi,navigable,difficult,True
pp_nav_00767,pp_nav_00770,navigable,difficult,False
pp_nav_00767,fura_dos_araiolos,navigable,difficult,False
pp_nav_00767,paru,navigable,difficult,True
pp_nav_00767,prainha,navigable,difficult,True
pp_nav_00767,kuruaya,navigable,difficult,True
pp_nav_00768,marajo_bay,navigable,difficult,False
pp_nav_00768,samauma,navigable,difficult,True
pp_nav_00768,mairi,navigable,difficult,True
pp_nav_00769,batang_tembesi,navigable,difficult,True
pp_nav_00770,pp_nav_00775,navigable,difficult,False
pp_nav_00770,gurupatuba,navigable,difficult,True
pp_nav_00770,prainha,navigable,difficult,True
pp_nav_00771,huancavilca_gulf,navigable,difficult,False
pp_nav_00771,guayaquil,navigable,difficult,True
pp_nav_00771,yaguachi,navigable,difficult,True
pp_nav_00771,babahuyu,navigable,difficult,True
pp_nav_00771,daule,navigable,difficult,True
pp_nav_00772,pp_nav_00773,navigable,difficult,False
pp_nav_00772,pp_nav_00774,navigable,difficult,False
pp_nav_00772,curuai,navigable,difficult,True
pp_nav_00772,obidos,navigable,difficult,True
pp_nav_00772,zoe,navigable,difficult,True
pp_nav_00773,pp_nav_00779,navigable,difficult,False
pp_nav_00773,curuai,navigable,difficult,True
pp_nav_00773,tapajo,navigable,difficult,True
pp_nav_00773,zoe,navigable,difficult,True
pp_nav_00774,pp_nav_00775,navigable,difficult,False
pp_nav_00774,curuai,navigable,difficult,True
pp_nav_00774,ukarangma,navigable,difficult,True
pp_nav_00774,obidos,navigable,difficult,True
pp_nav_00774,surubiu,navigable,difficult,True
pp_nav_00774,tupulicus,navigable,difficult,True
pp_nav_00775,gurupatuba,navigable,difficult,True
pp_nav_00775,prainha,navigable,difficult,True
pp_nav_00775,ukarangma,navigable,difficult,True
pp_nav_00776,huancavilca_gulf,navigable,difficult,False
pp_nav_00776,guayaquil,navigable,difficult,True
pp_nav_00777,pp_nav_00783,navigable,difficult,False
pp_nav_00777,musi_hilir,navigable,difficult,True
pp_nav_00777,bangka_strait,navigable,difficult,False
pp_nav_00777,palembang,navigable,difficult,True
pp_nav_00778,pp_nav_00779,navigable,difficult,False
pp_nav_00778,pp_nav_00781,navigable,difficult,False
pp_nav_00778,tapajo,navigable,difficult,True
pp_nav_00778,urucurituba,navigable,difficult,True
pp_nav_00778,uatuma,navigable,difficult,True
pp_nav_00778,tupinambarana,navigable,difficult,True
pp_nav_00779,curuai,navigable,difficult,True
pp_nav_00779,tapajo,navigable,difficult,True
pp_nav_00779,tupinambarana,navigable,difficult,True
pp_nav_00780,pp_nav_00784,navigable,difficult,False
pp_nav_00780,nagara_borneo,navigable,difficult,True
pp_nav_00780,muara_bahan,navigable,difficult,True
pp_nav_00780,banua_lawas,navigable,difficult,True
pp_nav_00781,pp_nav_00786,navigable,difficult,False
pp_nav_00781,urucurituba,navigable,difficult,True
pp_nav_00781,uatuma,navigable,difficult,True
pp_nav_00781,juris,navigable,difficult,True
pp_nav_00782,pp_nav_00783,navigable,difficult,False
pp_nav_00782,leko,navigable,difficult,True
pp_nav_00782,palembang,navigable,difficult,True
pp_nav_00782,musi,navigable,difficult,True
pp_nav_00783,palembang,navigable,difficult,True
pp_nav_00784,banjar,navigable,difficult,True
pp_nav_00784,cape_selatan,navigable,difficult,False
pp_nav_00784,muara_bahan,navigable,difficult,True
pp_nav_00785,pp_nav_00787,navigable,difficult,False
pp_nav_00785,manaos,navigable,difficult,True
pp_nav_00785,maues,navigable,difficult,True
pp_nav_00786,pp_nav_00787,navigable,difficult,False
pp_nav_00786,munduruku,navigable,difficult,True
pp_nav_00786,juris,navigable,difficult,True
pp_nav_00787,maues,navigable,difficult,True
pp_nav_00787,munduruku,navigable,difficult,True
pp_nav_00788,pp_nav_00789,navigable,difficult,False
pp_nav_00788,cape_ledo_coast,navigable,difficult,False
pp_nav_00788,luanda,navigable,difficult,True
pp_nav_00788,calumbo,navigable,difficult,True
pp_nav_00788,ambaca,navigable,difficult,True
pp_nav_00789,pp_nav_00790,navigable,difficult,False
pp_nav_00789,dondo,navigable,difficult,True
pp_nav_00789,muxima,navigable,difficult,True
pp_nav_00789,calumbo,navigable,difficult,True
pp_nav_00789,ambaca,navigable,difficult,True
pp_nav_00790,ndalatando,navigable,difficult,True
pp_nav_00790,dondo,navigable,difficult,True
pp_nav_00790,ambaca,navigable,difficult,True
pp_nav_00791,pp_nav_00792,navigable,difficult,False
pp_nav_00791,tete,navigable,difficult,True
pp_nav_00791,massanza,navigable,difficult,True
pp_nav_00791,massangano,navigable,difficult,True
pp_nav_00791,ancuase,navigable,difficult,True
pp_nav_00792,pp_nav_00793,navigable,difficult,False
pp_nav_00792,chiramba,navigable,difficult,True
pp_nav_00792,massangano,navigable,difficult,True
pp_nav_00792,ancuase,navigable,difficult,True
pp_nav_00793,pp_nav_00794,navigable,difficult,False
pp_nav_00793,chiramba,navigable,difficult,True
pp_nav_00793,ancuase,navigable,difficult,True
pp_nav_00794,pp_nav_00795,navigable,difficult,False
pp_nav_00794,sena,navigable,difficult,True
pp_nav_00794,chiramba,navigable,difficult,True
pp_nav_00794,chamo,navigable,difficult,True
pp_nav_00794,ancuase,navigable,difficult,True
pp_nav_00795,pp_nav_00797,navigable,difficult,False
pp_nav_00795,sena,navigable,difficult,True
pp_nav_00795,chupanga,navigable,difficult,True
pp_nav_00795,mopeia,navigable,difficult,True
pp_nav_00795,chamo,navigable,difficult,True
pp_nav_00796,quelimane,navigable,difficult,True
pp_nav_00796,quelimane_river,navigable,difficult,False
pp_nav_00796,chindre,navigable,difficult,True
pp_nav_00797,pp_nav_00798,navigable,difficult,False
pp_nav_00797,cuama,navigable,difficult,True
pp_nav_00797,chupanga,navigable,difficult,True
pp_nav_00797,mopeia,navigable,difficult,True
pp_nav_00797,chindre,navigable,difficult,True
pp_nav_00798,mouth_zambezi,navigable,difficult,False
pp_nav_00798,cuama,navigable,difficult,True
pp_nav_00798,chindre,navigable,difficult,True
pp_nav_00799,pp_nav_00800,navigable,navigable,False
pp_nav_00799,ipholhhelhlhup,navigable,navigable,True
pp_nav_00799,nemby,navigable,navigable,True
pp_nav_00799,tacshic,navigable,navigable,True
pp_nav_00800,pp_nav_00801,navigable,navigable,False
pp_nav_00800,kyyindy,navigable,navigable,True
pp_nav_00800,nemby,navigable,navigable,True
pp_nav_00800,tacshic,navigable,navigable,True
pp_nav_00801,pp_nav_00802,navigable,navigable,False
pp_nav_00801,kyyindy,navigable,navigable,True
pp_nav_00801,agaes,navigable,navigable,True
pp_nav_00801,tacshic,navigable,navigable,True
pp_nav_00801,lanagashec,navigable,navigable,True
pp_nav_00802,pp_nav_00803,navigable,navigable,False
pp_nav_00802,avaes,navigable,navigable,True
pp_nav_00802,agaes,navigable,navigable,True
pp_nav_00802,lanagashec,navigable,navigable,True
pp_nav_00803,pp_nav_00804,navigable,navigable,False
pp_nav_00803,avaes,navigable,navigable,True
pp_nav_00803,lanagashec,navigable,navigable,True
pp_nav_00803,mepenes,navigable,navigable,True
pp_nav_00803,qollaxalec,navigable,navigable,True
pp_nav_00804,pp_nav_00805,navigable,navigable,False
pp_nav_00804,taragui,navigable,navigable,True
pp_nav_00804,mepenes,navigable,navigable,True
pp_nav_00804,qompi,navigable,navigable,True
pp_nav_00804,qollaxalec,navigable,navigable,True
pp_nav_00805,pp_nav_00806,navigable,navigable,False
pp_nav_00805,taragui,navigable,navigable,True
pp_nav_00805,qompi,navigable,navigable,True
pp_nav_00806,pp_nav_00807,navigable,navigable,False
pp_nav_00806,taragui,navigable,navigable,True
pp_nav_00806,qompi,navigable,navigable,True
pp_nav_00806,nakaigetergehe,navigable,navigable,True
pp_nav_00807,pp_nav_00808,navigable,navigable,False
pp_nav_00807,romang,navigable,navigable,True
pp_nav_00807,taragui,navigable,navigable,True
pp_nav_00807,nakaigetergehe,navigable,navigable,True
pp_nav_00808,pp_nav_00809,navigable,navigable,False
pp_nav_00808,romang,navigable,navigable,True
pp_nav_00808,qom_caia,navigable,navigable,True
pp_nav_00809,pp_nav_00812,navigable,navigable,False
pp_nav_00809,qom_caia,navigable,navigable,True
pp_nav_00810,pp_nav_00811,navigable,navigable,False
pp_nav_00810,mandisobi,navigable,navigable,True
pp_nav_00811,pp_nav_00814,navigable,navigable,False
pp_nav_00811,gualeguay,navigable,navigable,True
pp_nav_00811,mandisobi,navigable,navigable,True
pp_nav_00811,yaguari_guazu,navigable,navigable,True
pp_nav_00811,pairindi,navigable,navigable,True
pp_nav_00812,pp_nav_00813,navigable,navigable,False
pp_nav_00812,qom_caia,navigable,navigable,True
pp_nav_00813,pp_nav_00815,navigable,navigable,False
pp_nav_00813,karendo,navigable,navigable,True
pp_nav_00813,qom_caia,navigable,navigable,True
pp_nav_00814,pp_nav_00816,navigable,navigable,False
pp_nav_00814,gualeguay,navigable,navigable,True
pp_nav_00814,yaguari_guazu,navigable,navigable,True
pp_nav_00815,pp_nav_00817,navigable,navigable,False
pp_nav_00815,nogoya,navigable,navigable,True
pp_nav_00815,karendo,navigable,navigable,True
pp_nav_00815,mbegua,navigable,navigable,True
pp_nav_00815,lalek_cotaa,navigable,navigable,True
pp_nav_00816,pp_nav_00819,navigable,navigable,False
pp_nav_00816,gualeguay,navigable,navigable,True
pp_nav_00816,carapachay,navigable,navigable,True
pp_nav_00816,yaguari_guazu,navigable,navigable,True
pp_nav_00817,pp_nav_00818,navigable,navigable,False
pp_nav_00817,mbegua,navigable,navigable,True
pp_nav_00817,lalek_cotaa,navigable,navigable,True
pp_nav_00818,pp_nav_00819,navigable,navigable,False
pp_nav_00818,pp_nav_00820,navigable,navigable,False
pp_nav_00818,carapachay,navigable,navigable,True
pp_nav_00818,mbegua,navigable,navigable,True
pp_nav_00818,timbu,navigable,navigable,True
pp_nav_00819,gualeguay,navigable,navigable,True
pp_nav_00819,carapachay,navigable,navigable,True
pp_nav_00819,mbegua,navigable,navigable,True
pp_nav_00820,pp_nav_00821,navigable,navigable,False
pp_nav_00820,carapachay,navigable,navigable,True
pp_nav_00820,timbu,navigable,navigable,True
pp_nav_00821,pp_nav_00822,navigable,navigable,False
pp_nav_00821,carapachay,navigable,navigable,True
pp_nav_00821,ituzaingo,navigable,navigable,True
pp_nav_00822,la_plata_river_mouth,navigable,navigable,False
pp_nav_00822,carapachay,navigable,navigable,True
pp_nav_00822,ituzaingo,navigable,navigable,True
